#     BLOCK:   ACTUAL_KE:    KE_AVE:      ERROR:
           1        3.06        3.06           0
           2     3.05989     3.05994 3.89358e-05
           3     3.05956     3.05982 0.000107969
           4     3.05901     3.05961 0.000192441
           5     3.05824     3.05934 0.000290104
           6     3.05725     3.05899  0.00039957
           7     3.05603     3.05857  0.00051993
           8     3.05459     3.05807 0.000650573
           9     3.05292      3.0575 0.000791088
          10     3.05101     3.05685 0.000941211
          11     3.04886     3.05612  0.00110079
          12     3.04646     3.05532  0.00126975
          13     3.04381     3.05443  0.00144805
          14      3.0409     3.05347   0.0016357
          15     3.03772     3.05242  0.00183282
          16     3.03426     3.05128  0.00203959
          17     3.03051     3.05006  0.00225614
          18     3.02646     3.04875  0.00248266
          19      3.0221     3.04735  0.00271943
          20     3.01742     3.04585   0.0029668
          21     3.01239     3.04426  0.00322513
          22     3.00701     3.04256  0.00349477
          23     3.00126     3.04077  0.00377612
          24     2.99513     3.03887  0.00406961
          25     2.98859     3.03686  0.00437568
          26     2.98162     3.03473  0.00469479
          27     2.97422     3.03249  0.00502741
          28     2.96636     3.03013  0.00537405
          29     2.95802     3.02764  0.00573521
          30     2.94918     3.02503  0.00611137
          31     2.93982     3.02228  0.00650306
          32     2.92991     3.01939  0.00691081
          33     2.91944     3.01636   0.0073352
          34     2.90837     3.01319  0.00777679
          35     2.89669     3.00986  0.00823618
          36     2.88436     3.00637  0.00871392
          37     2.87138     3.00272  0.00921054
          38     2.85772     2.99891  0.00972654
          39     2.84335     2.99492   0.0102624
          40     2.82827     2.99075   0.0108185
          41     2.81244      2.9864   0.0113954
          42     2.79584     2.98187   0.0119934
          43     2.77847     2.97714   0.0126127
          44     2.76032     2.97221   0.0132538
          45     2.74136     2.96708   0.0139167
          46      2.7216     2.96174   0.0146015
          47     2.70102     2.95619   0.0153084
          48     2.67963     2.95043   0.0160371
          49     2.65745     2.94445   0.0167876
          50     2.63447     2.93825   0.0175593
          51     2.61072     2.93183   0.0183519
          52     2.58621     2.92519   0.0191649
          53     2.56097     2.91831   0.0199974
          54     2.53504     2.91122   0.0208486
          55     2.50846     2.90389   0.0217175
          56     2.48127     2.89635    0.022603
          57     2.45351     2.88858   0.0235037
          58     2.42525     2.88059   0.0244183
          59     2.39655     2.87238   0.0253452
          60     2.36746     2.86397   0.0262828
          61     2.33805     2.85535   0.0272293
          62     2.30839     2.84653   0.0281831
          63     2.27854     2.83751   0.0291421
          64     2.24859     2.82831   0.0301045
          65     2.21859     2.81893   0.0310684
          66     2.18862     2.80938   0.0320318
          67     2.15875     2.79967   0.0329929
          68     2.12905      2.7898   0.0339497
          69     2.09957      2.7798   0.0349003
          70     2.07038     2.76967    0.035843
          71     2.04155     2.75941    0.036776
          72     2.01313     2.74905   0.0376976
          73     1.98519     2.73858   0.0386061
          74     1.95777     2.72803   0.0395001
          75     1.93093      2.7174   0.0403779
          76     1.90473     2.70671   0.0412382
          77     1.87923     2.69596   0.0420796
          78     1.85446     2.68517   0.0429008
          79     1.83049     2.67436   0.0437006
          80     1.80737     2.66352   0.0444779
          81     1.78513     2.65267   0.0452314
          82     1.76385     2.64184   0.0459602
          83     1.74355     2.63101   0.0466634
          84     1.72428     2.62022   0.0473399
          85      1.7061     2.60946    0.047989
          86     1.68903     2.59876   0.0486098
          87     1.67313     2.58812   0.0492017
          88     1.65841     2.57756   0.0497639
          89      1.6449     2.56708    0.050296
          90     1.63264     2.55669   0.0507975
          91     1.62163     2.54642   0.0512681
          92     1.61188     2.53626   0.0517073
          93     1.60339     2.52623   0.0521152
          94     1.59616     2.51634   0.0524917
          95     1.59015     2.50659   0.0528367
          96     1.58534     2.49699   0.0531507
          97     1.58169     2.48755   0.0534338
          98     1.57914     2.47828   0.0536865
          99     1.57764     2.46919   0.0539095
         100     1.57712     2.46027   0.0541035
         101     1.57751     2.45153   0.0542692
         102     1.57872     2.44297   0.0544076
         103     1.58066      2.4346   0.0545196
         104     1.58326     2.42641   0.0546065
         105     1.58642     2.41841   0.0546693
         106     1.59004      2.4106   0.0547092
         107     1.59405     2.40297   0.0547276
         108     1.59836     2.39552   0.0547256
         109     1.60289     2.38824   0.0547045
         110     1.60755     2.38115   0.0546656
         111     1.61229     2.37422   0.0546102
         112     1.61705     2.36746   0.0545395
         113     1.62176     2.36086   0.0544546
         114     1.62637     2.35442   0.0543567
         115     1.63086     2.34813    0.054247
         116     1.63519     2.34198   0.0541264
         117     1.63933     2.33597   0.0539959
         118     1.64327      2.3301   0.0538565
         119     1.64698     2.32436    0.053709
         120     1.65048     2.31875   0.0535542
         121     1.65374     2.31325   0.0533929
         122     1.65678     2.30787   0.0532257
         123     1.65961      2.3026   0.0530532
         124     1.66222     2.29744   0.0528761
         125     1.66465     2.29237   0.0526949
         126     1.66689     2.28741     0.05251
         127     1.66897     2.28254   0.0523218
         128      1.6709     2.27776   0.0521308
         129     1.67271     2.27307   0.0519373
         130      1.6744     2.26847   0.0517415
         131     1.67599     2.26394   0.0515438
         132     1.67751      2.2595   0.0513444
         133     1.67897     2.25514   0.0511436
         134     1.68037     2.25085   0.0509415
         135     1.68174     2.24663   0.0507383
         136     1.68308     2.24249   0.0505341
         137     1.68439     2.23841   0.0503292
         138     1.68568     2.23441   0.0501236
         139     1.68695     2.23047   0.0499175
         140      1.6882      2.2266    0.049711
         141     1.68944     2.22279   0.0495042
         142     1.69066     2.21904   0.0492972
         143     1.69185     2.21535   0.0490901
         144     1.69302     2.21173    0.048883
         145     1.69415     2.20816   0.0486761
         146     1.69525     2.20464   0.0484693
         147     1.69631     2.20118   0.0482628
         148     1.69732     2.19778   0.0480566
         149     1.69828     2.19443   0.0478508
         150     1.69919     2.19113   0.0476456
         151     1.70005     2.18787   0.0474409
         152     1.70086     2.18467   0.0472369
         153     1.70163     2.18151   0.0470335
         154     1.70237      2.1784   0.0468309
         155     1.70307     2.17533   0.0466291
         156     1.70376     2.17231   0.0464281
         157     1.70444     2.16933   0.0462279
         158     1.70513     2.16639   0.0460286
         159     1.70584      2.1635   0.0458301
         160     1.70658     2.16064   0.0456326
         161     1.70738     2.15783   0.0454359
         162     1.70823     2.15505   0.0452401
         163     1.70916     2.15232   0.0450452
         164     1.71016     2.14962   0.0448511
         165     1.71125     2.14696   0.0446579
         166     1.71241     2.14434   0.0444656
         167     1.71366     2.14177    0.044274
         168     1.71498     2.13923   0.0440833
         169     1.71635     2.13672   0.0438934
         170     1.71776     2.13426   0.0437044
         171      1.7192     2.13183   0.0435161
         172     1.72064     2.12944   0.0433288
         173     1.72205     2.12709   0.0431422
         174      1.7234     2.12477   0.0429566
         175     1.72467     2.12248    0.042772
         176     1.72584     2.12023   0.0425883
         177     1.72686       2.118   0.0424056
         178     1.72772     2.11581    0.042224
         179      1.7284     2.11365   0.0420436
         180     1.72888     2.11151   0.0418643
         181     1.72913      2.1094   0.0416863
         182     1.72916     2.10731   0.0415095
         183     1.72895     2.10524   0.0413342
         184     1.72849     2.10319   0.0411602
         185      1.7278     2.10116   0.0409877
         186     1.72688     2.09915   0.0408167
         187     1.72573     2.09715   0.0406473
         188     1.72438     2.09517   0.0404794
         189     1.72284      2.0932   0.0403131
         190     1.72112     2.09124   0.0401485
         191     1.71926      2.0893   0.0399855
         192     1.71726     2.08736   0.0398242
         193     1.71517     2.08543   0.0396645
         194       1.713     2.08351   0.0395065
         195     1.71077      2.0816   0.0393501
         196     1.70852     2.07969   0.0391953
         197     1.70626      2.0778   0.0390422
         198     1.70403     2.07591   0.0388906
         199     1.70183     2.07403   0.0387406
         200      1.6997     2.07216    0.038592
         201     1.69764      2.0703    0.038445
         202     1.69568     2.06844   0.0382994
         203     1.69384      2.0666   0.0381551
         204     1.69212     2.06476   0.0380122
         205     1.69055     2.06294   0.0378706
         206     1.68913     2.06112   0.0377302
         207     1.68788     2.05932    0.037591
         208      1.6868     2.05753   0.0374529
         209      1.6859     2.05575   0.0373159
         210     1.68519     2.05398   0.0371799
         211     1.68469     2.05223   0.0370449
         212      1.6844      2.0505   0.0369108
         213     1.68433     2.04878   0.0367775
         214      1.6845     2.04708    0.036645
         215     1.68492     2.04539   0.0365132
         216     1.68559     2.04373   0.0363822
         217     1.68653     2.04208   0.0362517
         218     1.68776     2.04046   0.0361219
         219     1.68929     2.03885   0.0359925
         220     1.69112     2.03727   0.0358636
         221     1.69327     2.03572   0.0357351
         222     1.69575     2.03418   0.0356069
         223     1.69855     2.03268    0.035479
         224     1.70169      2.0312   0.0353514
         225     1.70516     2.02975    0.035224
         226     1.70895     2.02833   0.0350967
         227     1.71305     2.02694   0.0349695
         228     1.71744     2.02559   0.0348425
         229     1.72211     2.02426   0.0347156
         230     1.72703     2.02297   0.0345887
         231     1.73217     2.02171   0.0344618
         232     1.73749     2.02048   0.0343351
         233     1.74296     2.01929   0.0342083
         234     1.74854     2.01814   0.0340817
         235     1.75419     2.01701   0.0339552
         236     1.75986     2.01592   0.0338288
         237     1.76552     2.01487   0.0337026
         238     1.77112     2.01384   0.0335765
         239     1.77662     2.01285   0.0334507
         240       1.782     2.01189   0.0333251
         241     1.78721     2.01096   0.0331999
         242     1.79223     2.01005    0.033075
         243     1.79703     2.00918   0.0329505
         244     1.80159     2.00832   0.0328264
         245     1.80589      2.0075   0.0327029
         246     1.80992      2.0067   0.0325798
         247     1.81367     2.00591   0.0324572
         248     1.81713     2.00515   0.0323353
         249      1.8203     2.00441    0.032214
         250     1.82319     2.00369   0.0320933
         251     1.82579     2.00298   0.0319732
         252     1.82812     2.00228   0.0318539
         253     1.83019      2.0016   0.0317352
         254     1.83199     2.00093   0.0316173
         255     1.83356     2.00028   0.0315001
         256     1.83489     1.99963   0.0313837
         257     1.83599       1.999   0.0312681
         258      1.8369     1.99837   0.0311532
         259     1.83761     1.99775   0.0310391
         260     1.83814     1.99713   0.0309258
         261     1.83851     1.99653   0.0308132
         262     1.83872     1.99592   0.0307015
         263      1.8388     1.99533   0.0305906
         264     1.83875     1.99473   0.0304805
         265     1.83859     1.99414   0.0303711
         266     1.83832     1.99356   0.0302626
         267     1.83796     1.99297   0.0301549
         268     1.83752     1.99239   0.0300479
         269       1.837     1.99182   0.0299418
         270     1.83642     1.99124   0.0298364
         271     1.83577     1.99067   0.0297318
         272     1.83506      1.9901    0.029628
         273      1.8343     1.98952    0.029525
         274     1.83349     1.98896   0.0294227
         275     1.83264     1.98839   0.0293212
         276     1.83174     1.98782   0.0292205
         277     1.83079     1.98725   0.0291205
         278      1.8298     1.98669   0.0290213
         279     1.82877     1.98612   0.0289228
         280     1.82768     1.98555    0.028825
         281     1.82655     1.98499    0.028728
         282     1.82536     1.98442   0.0286317
         283     1.82412     1.98386   0.0285361
         284     1.82281     1.98329   0.0284413
         285     1.82143     1.98272   0.0283471
         286     1.81999     1.98215   0.0282537
         287     1.81846     1.98158   0.0281611
         288     1.81685     1.98101   0.0280691
         289     1.81515     1.98044   0.0279778
         290     1.81335     1.97986   0.0278873
         291     1.81145     1.97928   0.0277974
         292     1.80944      1.9787   0.0277083
         293     1.80732     1.97811   0.0276199
         294     1.80509     1.97753   0.0275323
         295     1.80274     1.97693   0.0274453
         296     1.80026     1.97634   0.0273591
         297     1.79767     1.97573   0.0272736
         298     1.79496     1.97513   0.0271888
         299     1.79213     1.97452   0.0271048
         300     1.78919      1.9739   0.0270214
         301     1.78614     1.97327   0.0269389
         302     1.78299     1.97264    0.026857
         303     1.77974     1.97201   0.0267759
         304     1.77641     1.97136   0.0266956
         305       1.773     1.97071    0.026616
         306     1.76952     1.97006   0.0265371
         307     1.76599     1.96939    0.026459
         308     1.76241     1.96872   0.0263816
         309      1.7588     1.96804    0.026305
         310     1.75516     1.96735   0.0262291
         311      1.7515     1.96666    0.026154
         312     1.74783     1.96596   0.0260795
         313     1.74416     1.96525   0.0260058
         314     1.74049     1.96453   0.0259329
         315     1.73682     1.96381   0.0258606
         316     1.73315     1.96308   0.0257891
         317      1.7295     1.96234   0.0257182
         318     1.72585      1.9616   0.0256481
         319      1.7222     1.96085   0.0255787
         320     1.71855     1.96009     0.02551
         321      1.7149     1.95933   0.0254419
         322     1.71124     1.95856   0.0253746
         323     1.70757     1.95778   0.0253079
         324     1.70388       1.957   0.0252419
         325     1.70018     1.95621   0.0251766
         326     1.69646     1.95541    0.025112
         327     1.69273     1.95461   0.0250481
         328     1.68898      1.9538   0.0249848
         329     1.68522     1.95298   0.0249222
         330     1.68145     1.95216   0.0248602
         331     1.67769     1.95133    0.024799
         332     1.67395     1.95049   0.0247383
         333     1.67023     1.94965   0.0246784
         334     1.66655      1.9488    0.024619
         335     1.66294     1.94795   0.0245603
         336     1.65941     1.94709   0.0245022
         337     1.65597     1.94623   0.0244447
         338     1.65266     1.94536   0.0243878
         339     1.64949     1.94449   0.0243315
         340     1.64649     1.94361   0.0242757
         341     1.64367     1.94273   0.0242205
         342     1.64106     1.94185   0.0241657
         343     1.63867     1.94097   0.0241114
         344     1.63654     1.94008   0.0240576
         345     1.63466     1.93919   0.0240041
         346     1.63305     1.93831    0.023951
         347     1.63173     1.93743   0.0238983
         348     1.63071     1.93655   0.0238459
         349     1.62999     1.93567   0.0237937
         350     1.62958     1.93479   0.0237418
         351     1.62947     1.93392   0.0236901
         352     1.62968     1.93306   0.0236386
         353     1.63019      1.9322   0.0235872
         354     1.63101     1.93135   0.0235359
         355     1.63213     1.93051   0.0234847
         356     1.63353     1.92967   0.0234335
         357     1.63522     1.92885   0.0233824
         358     1.63716     1.92803   0.0233312
         359     1.63936     1.92723   0.0232801
         360      1.6418     1.92644   0.0232289
         361     1.64445     1.92565   0.0231777
         362     1.64731     1.92489   0.0231264
         363     1.65035     1.92413   0.0230751
         364     1.65356     1.92339   0.0230237
         365     1.65691     1.92266   0.0229722
         366     1.66038     1.92194   0.0229206
         367     1.66396     1.92124   0.0228689
         368     1.66761     1.92055   0.0228171
         369     1.67133     1.91987   0.0227653
         370     1.67509     1.91921   0.0227134
         371     1.67887     1.91856   0.0226614
         372     1.68265     1.91793   0.0226094
         373     1.68642     1.91731   0.0225573
         374     1.69017      1.9167   0.0225051
         375     1.69386     1.91611   0.0224529
         376      1.6975     1.91552   0.0224008
         377     1.70107     1.91496   0.0223486
         378     1.70456      1.9144   0.0222964
         379     1.70796     1.91385   0.0222442
         380     1.71124     1.91332    0.022192
         381     1.71442      1.9128   0.0221399
         382     1.71747     1.91229   0.0220879
         383     1.72039     1.91179   0.0220359
         384     1.72318      1.9113    0.021984
         385     1.72582     1.91081   0.0219322
         386      1.7283     1.91034   0.0218804
         387     1.73062     1.90988   0.0218288
         388     1.73276     1.90942   0.0217773
         389     1.73473     1.90897    0.021726
         390      1.7365     1.90853   0.0216748
         391     1.73807     1.90809   0.0216237
         392     1.73942     1.90766   0.0215728
         393     1.74055     1.90724   0.0215221
         394     1.74145     1.90682   0.0214716
         395      1.7421      1.9064   0.0214213
         396     1.74249     1.90599   0.0213712
         397     1.74261     1.90557   0.0213214
         398     1.74245     1.90516   0.0212717
         399     1.74201     1.90476   0.0212223
         400     1.74129     1.90435   0.0211732
         401     1.74027     1.90394   0.0211244
         402     1.73897     1.90353   0.0210758
         403      1.7374     1.90312   0.0210275
         404     1.73555      1.9027   0.0209796
         405     1.73345     1.90228   0.0209319
         406     1.73112     1.90186   0.0208846
         407     1.72859     1.90144   0.0208377
         408     1.72588       1.901    0.020791
         409     1.72304     1.90057   0.0207447
         410     1.72009     1.90013   0.0206988
         411      1.7171     1.89968   0.0206532
         412     1.71409     1.89923    0.020608
         413     1.71112     1.89878   0.0205632
         414     1.70822     1.89832   0.0205186
         415     1.70545     1.89785   0.0204745
         416     1.70283     1.89738   0.0204306
         417     1.70041     1.89691   0.0203871
         418     1.69821     1.89644   0.0203438
         419     1.69625     1.89596   0.0203009
         420     1.69454     1.89548   0.0202582
         421     1.69309       1.895   0.0202158
         422     1.69189     1.89452   0.0201736
         423     1.69092     1.89404   0.0201317
         424     1.69017     1.89356   0.0200899
         425      1.6896     1.89308   0.0200484
         426     1.68918      1.8926   0.0200071
         427     1.68889     1.89212   0.0199659
         428     1.68867     1.89164   0.0199249
         429      1.6885     1.89117   0.0198841
         430     1.68833      1.8907   0.0198434
         431     1.68813     1.89023    0.019803
         432     1.68787     1.88976   0.0197627
         433     1.68751     1.88929   0.0197225
         434     1.68704     1.88883   0.0196826
         435     1.68644     1.88836   0.0196428
         436      1.6857      1.8879   0.0196033
         437      1.6848     1.88743   0.0195639
         438     1.68376     1.88697   0.0195248
         439     1.68256      1.8865   0.0194859
         440     1.68122     1.88604   0.0194472
         441     1.67975     1.88557   0.0194087
         442     1.67817      1.8851   0.0193705
         443     1.67647     1.88463   0.0193325
         444      1.6747     1.88415   0.0192947
         445     1.67285     1.88368   0.0192572
         446     1.67096      1.8832   0.0192199
         447     1.66904     1.88272   0.0191829
         448     1.66711     1.88224   0.0191461
         449     1.66518     1.88176   0.0191096
         450     1.66327     1.88127   0.0190733
         451     1.66139     1.88079   0.0190372
         452     1.65955      1.8803   0.0190014
         453     1.65776     1.87981   0.0189658
         454     1.65602     1.87931   0.0189304
         455     1.65434     1.87882   0.0188953
         456     1.65271     1.87832   0.0188603
         457     1.65114     1.87783   0.0188256
         458     1.64963     1.87733   0.0187911
         459     1.64817     1.87683   0.0187568
         460     1.64676     1.87633   0.0187227
         461     1.64539     1.87583   0.0186888
         462     1.64408     1.87532    0.018655
         463     1.64281     1.87482   0.0186215
         464     1.64158     1.87432   0.0185882
         465     1.64041     1.87382    0.018555
         466     1.63929     1.87331    0.018522
         467     1.63823     1.87281   0.0184892
         468     1.63723     1.87231   0.0184565
         469     1.63631      1.8718    0.018424
         470     1.63548      1.8713   0.0183917
         471     1.63474      1.8708   0.0183595
         472     1.63411      1.8703   0.0183274
         473     1.63359      1.8698   0.0182955
         474      1.6332      1.8693   0.0182637
         475     1.63294      1.8688   0.0182321
         476      1.6328      1.8683   0.0182005
         477      1.6328     1.86781    0.018169
         478     1.63292     1.86732   0.0181377
         479     1.63316     1.86683   0.0181064
         480      1.6335     1.86634   0.0180752
         481     1.63394     1.86586   0.0180441
         482     1.63444     1.86538    0.018013
         483     1.63499      1.8649    0.017982
         484     1.63556     1.86443   0.0179511
         485     1.63613     1.86396   0.0179203
         486     1.63668     1.86349   0.0178895
         487     1.63717     1.86303   0.0178588
         488     1.63759     1.86256   0.0178282
         489     1.63792     1.86211   0.0177977
         490     1.63812     1.86165   0.0177672
         491     1.63818     1.86119   0.0177369
         492     1.63809     1.86074   0.0177066
         493     1.63781     1.86029   0.0176765
         494     1.63734     1.85984   0.0176464
         495     1.63667     1.85939   0.0176165
         496     1.63579     1.85893   0.0175868
         497     1.63468     1.85848   0.0175572
         498     1.63335     1.85803   0.0175278
         499     1.63179     1.85758   0.0174985
         500     1.62999     1.85712   0.0174694
         501     1.62796     1.85667   0.0174405
         502      1.6257     1.85621   0.0174119
         503     1.62322     1.85574   0.0173834
         504     1.62053     1.85528   0.0173552
         505     1.61762      1.8548   0.0173272
         506     1.61453     1.85433   0.0172995
         507     1.61126     1.85385    0.017272
         508     1.60784     1.85337   0.0172448
         509     1.60428     1.85288   0.0172178
         510      1.6006     1.85238   0.0171912
         511     1.59684     1.85188   0.0171648
         512     1.59301     1.85138   0.0171387
         513     1.58915     1.85087   0.0171129
         514     1.58528     1.85035   0.0170874
         515     1.58143     1.84983   0.0170622
         516     1.57762      1.8493   0.0170373
         517     1.57387     1.84877   0.0170127
         518      1.5702     1.84823   0.0169883
         519     1.56663     1.84769   0.0169643
         520     1.56318     1.84714   0.0169405
         521     1.55984     1.84659   0.0169169
         522     1.55662     1.84603   0.0168936
         523     1.55353     1.84547   0.0168706
         524     1.55057     1.84491   0.0168478
         525     1.54772     1.84434   0.0168252
         526     1.54499     1.84377   0.0168028
         527     1.54237      1.8432   0.0167807
         528     1.53985     1.84263   0.0167587
         529     1.53742     1.84205    0.016737
         530     1.53508     1.84147   0.0167154
         531     1.53282     1.84089    0.016694
         532     1.53066     1.84031   0.0166728
         533     1.52858     1.83972   0.0166518
         534     1.52659     1.83914    0.016631
         535      1.5247     1.83855   0.0166103
         536     1.52292     1.83796   0.0165897
         537     1.52127     1.83737   0.0165693
         538     1.51976     1.83678    0.016549
         539      1.5184     1.83619   0.0165288
         540     1.51722      1.8356   0.0165088
         541     1.51623     1.83501   0.0164888
         542     1.51546     1.83442   0.0164689
         543     1.51492     1.83383   0.0164491
         544     1.51464     1.83324   0.0164293
         545     1.51462     1.83266   0.0164096
         546     1.51489     1.83208   0.0163898
         547     1.51545      1.8315   0.0163701
         548     1.51631     1.83092   0.0163503
         549      1.5175     1.83035   0.0163305
         550       1.519     1.82979   0.0163106
         551     1.52083     1.82922   0.0162907
         552     1.52298     1.82867   0.0162706
         553     1.52545     1.82812   0.0162504
         554     1.52823     1.82758   0.0162301
         555     1.53131     1.82705   0.0162096
         556     1.53469     1.82652    0.016189
         557     1.53836       1.826   0.0161682
         558     1.54228      1.8255   0.0161472
         559     1.54646       1.825    0.016126
         560     1.55088     1.82451   0.0161047
         561      1.5555     1.82403   0.0160831
         562     1.56033     1.82356   0.0160613
         563     1.56533      1.8231   0.0160393
         564     1.57049     1.82265   0.0160172
         565     1.57579     1.82221   0.0159948
         566     1.58121     1.82179   0.0159722
         567     1.58673     1.82137   0.0159494
         568     1.59233     1.82097   0.0159264
         569     1.59799     1.82058   0.0159032
         570      1.6037      1.8202   0.0158799
         571     1.60944     1.81983   0.0158564
         572      1.6152     1.81947   0.0158327
         573     1.62096     1.81912   0.0158088
         574     1.62671     1.81879   0.0157848
         575     1.63245     1.81847   0.0157607
         576     1.63816     1.81815   0.0157365
         577     1.64385     1.81785   0.0157121
         578      1.6495     1.81756   0.0156876
         579     1.65511     1.81728    0.015663
         580     1.66067     1.81701   0.0156383
         581      1.6662     1.81675   0.0156136
         582     1.67168      1.8165   0.0155887
         583     1.67712     1.81626   0.0155638
         584     1.68251     1.81603   0.0155389
         585     1.68786     1.81581   0.0155139
         586     1.69317      1.8156   0.0154888
         587     1.69843      1.8154   0.0154637
         588     1.70365     1.81521   0.0154386
         589     1.70881     1.81503   0.0154134
         590     1.71391     1.81486   0.0153882
         591     1.71895      1.8147   0.0153631
         592     1.72391     1.81455   0.0153379
         593     1.72879      1.8144   0.0153127
         594     1.73357     1.81427   0.0152875
         595     1.73824     1.81414   0.0152623
         596     1.74279     1.81402   0.0152372
         597     1.74719     1.81391   0.0152121
         598     1.75145      1.8138    0.015187
         599     1.75554      1.8137    0.015162
         600     1.75945     1.81361    0.015137
         601     1.76318     1.81353    0.015112
         602     1.76671     1.81345   0.0150871
         603     1.77005     1.81338   0.0150623
         604     1.77318     1.81331   0.0150375
         605     1.77611     1.81325   0.0150128
         606     1.77883      1.8132   0.0149881
         607     1.78135     1.81314   0.0149635
         608     1.78368     1.81309    0.014939
         609     1.78583     1.81305   0.0149145
         610      1.7878     1.81301   0.0148901
         611     1.78961     1.81297   0.0148658
         612     1.79127     1.81293   0.0148415
         613     1.79281      1.8129   0.0148174
         614     1.79423     1.81287   0.0147933
         615     1.79554     1.81284   0.0147692
         616     1.79678     1.81282   0.0147453
         617     1.79795     1.81279   0.0147214
         618     1.79906     1.81277   0.0146976
         619     1.80012     1.81275   0.0146739
         620     1.80115     1.81273   0.0146502
         621     1.80215     1.81271   0.0146266
         622     1.80313      1.8127   0.0146031
         623     1.80408     1.81269   0.0145797
         624     1.80501     1.81267   0.0145563
         625     1.80591     1.81266    0.014533
         626     1.80678     1.81265   0.0145098
         627     1.80762     1.81264   0.0144867
         628     1.80841     1.81264   0.0144636
         629     1.80915     1.81263   0.0144406
         630     1.80983     1.81263   0.0144177
         631     1.81044     1.81262   0.0143949
         632     1.81096     1.81262   0.0143721
         633     1.81138     1.81262   0.0143494
         634      1.8117     1.81262   0.0143267
         635     1.81191     1.81262   0.0143042
         636       1.812     1.81262   0.0142817
         637     1.81197     1.81262   0.0142593
         638     1.81181     1.81261   0.0142369
         639     1.81152     1.81261   0.0142146
         640     1.81111     1.81261   0.0141924
         641     1.81058     1.81261   0.0141703
         642     1.80993      1.8126   0.0141482
         643     1.80917      1.8126   0.0141262
         644     1.80831     1.81259   0.0141043
         645     1.80735     1.81258   0.0140824
         646     1.80632     1.81257   0.0140606
         647     1.80523     1.81256   0.0140389
         648     1.80409     1.81255   0.0140172
         649     1.80292     1.81253   0.0139956
         650     1.80173     1.81252   0.0139741
         651     1.80054      1.8125   0.0139527
         652     1.79935     1.81248   0.0139313
         653     1.79818     1.81246     0.01391
         654     1.79703     1.81243   0.0138887
         655     1.79592     1.81241   0.0138675
         656     1.79484     1.81238   0.0138464
         657      1.7938     1.81235   0.0138254
         658      1.7928     1.81232   0.0138044
         659     1.79184     1.81229   0.0137835
         660     1.79091     1.81226   0.0137626
         661        1.79     1.81223   0.0137419
         662     1.78912     1.81219   0.0137211
         663     1.78826     1.81215   0.0137005
         664      1.7874     1.81212   0.0136799
         665     1.78655     1.81208   0.0136594
         666      1.7857     1.81204   0.0136389
         667     1.78485       1.812   0.0136186
         668     1.78399     1.81196   0.0135982
         669     1.78313     1.81191    0.013578
         670     1.78226     1.81187   0.0135578
         671     1.78139     1.81182   0.0135377
         672     1.78053     1.81178   0.0135176
         673     1.77968     1.81173   0.0134976
         674     1.77886     1.81168   0.0134776
         675     1.77808     1.81163   0.0134578
         676     1.77735     1.81158    0.013438
         677     1.77669     1.81153   0.0134182
         678     1.77612     1.81148   0.0133985
         679     1.77565     1.81142   0.0133789
         680      1.7753     1.81137   0.0133593
         681     1.77509     1.81132   0.0133398
         682     1.77504     1.81126   0.0133204
         683     1.77517     1.81121    0.013301
         684     1.77548     1.81116   0.0132816
         685       1.776     1.81111   0.0132623
         686     1.77672     1.81106   0.0132431
         687     1.77767     1.81101   0.0132239
         688     1.77885     1.81096   0.0132048
         689     1.78025     1.81092   0.0131857
         690     1.78189     1.81088   0.0131666
         691     1.78376     1.81084   0.0131476
         692     1.78586      1.8108   0.0131287
         693     1.78817     1.81077   0.0131098
         694     1.79068     1.81074   0.0130909
         695     1.79338     1.81071   0.0130721
         696     1.79625     1.81069   0.0130533
         697     1.79927     1.81068   0.0130346
         698      1.8024     1.81066    0.013016
         699     1.80564     1.81066   0.0129973
         700     1.80895     1.81066   0.0129788
         701      1.8123     1.81066   0.0129603
         702     1.81567     1.81066   0.0129418
         703     1.81903     1.81068   0.0129234
         704     1.82235     1.81069    0.012905
         705     1.82559     1.81071   0.0128868
         706     1.82872     1.81074   0.0128685
         707     1.83173     1.81077   0.0128504
         708     1.83457      1.8108   0.0128323
         709     1.83723     1.81084   0.0128142
         710     1.83968     1.81088   0.0127962
         711     1.84191     1.81092   0.0127783
         712     1.84388     1.81097   0.0127604
         713     1.84557     1.81102   0.0127426
         714     1.84699     1.81107   0.0127249
         715      1.8481     1.81112   0.0127072
         716      1.8489     1.81117   0.0126896
         717     1.84939     1.81123    0.012672
         718     1.84956     1.81128   0.0126544
         719      1.8494     1.81133   0.0126369
         720     1.84893     1.81139   0.0126195
         721     1.84814     1.81144   0.0126021
         722     1.84703     1.81149   0.0125847
         723     1.84563     1.81153   0.0125674
         724     1.84393     1.81158   0.0125502
         725     1.84197     1.81162   0.0125329
         726     1.83975     1.81166   0.0125157
         727     1.83729     1.81169   0.0124985
         728     1.83462     1.81173   0.0124814
         729     1.83176     1.81175   0.0124643
         730     1.82873     1.81178   0.0124473
         731     1.82555      1.8118   0.0124303
         732     1.82226     1.81181   0.0124133
         733     1.81888     1.81182   0.0123964
         734     1.81543     1.81182   0.0123795
         735     1.81194     1.81182   0.0123626
         736     1.80844     1.81182   0.0123458
         737     1.80495     1.81181   0.0123291
         738     1.80149      1.8118   0.0123124
         739     1.79808     1.81178   0.0122957
         740     1.79475     1.81176   0.0122791
         741     1.79153     1.81173   0.0122626
         742     1.78842      1.8117   0.0122461
         743     1.78545     1.81166   0.0122297
         744     1.78262     1.81162   0.0122133
         745     1.77996     1.81158    0.012197
         746     1.77746     1.81153   0.0121807
         747     1.77515     1.81149   0.0121645
         748     1.77303     1.81143   0.0121484
         749     1.77111     1.81138   0.0121323
         750     1.76938     1.81132   0.0121162
         751     1.76785     1.81127   0.0121002
         752     1.76652     1.81121   0.0120843
         753     1.76539     1.81115   0.0120684
         754     1.76447     1.81108   0.0120525
         755     1.76375     1.81102   0.0120367
         756     1.76323     1.81096    0.012021
         757     1.76289     1.81089   0.0120053
         758     1.76274     1.81083   0.0119896
         759     1.76278     1.81077    0.011974
         760     1.76299      1.8107   0.0119584
         761     1.76336     1.81064   0.0119428
         762      1.7639     1.81058   0.0119273
         763     1.76459     1.81052   0.0119118
         764     1.76543     1.81046   0.0118964
         765      1.7664      1.8104    0.011881
         766      1.7675     1.81035   0.0118656
         767      1.7687     1.81029   0.0118502
         768     1.77001     1.81024   0.0118349
         769      1.7714     1.81019   0.0118196
         770     1.77285     1.81014   0.0118044
         771     1.77436      1.8101   0.0117892
         772      1.7759     1.81005    0.011774
         773     1.77745     1.81001   0.0117588
         774     1.77899     1.80997   0.0117437
         775     1.78052     1.80993   0.0117286
         776     1.78201      1.8099   0.0117136
         777     1.78344     1.80986   0.0116985
         778      1.7848     1.80983   0.0116835
         779     1.78608      1.8098   0.0116686
         780     1.78726     1.80977   0.0116537
         781     1.78834     1.80974   0.0116388
         782     1.78931     1.80972   0.0116239
         783     1.79016     1.80969   0.0116091
         784      1.7909     1.80967   0.0115943
         785     1.79152     1.80964   0.0115796
         786     1.79203     1.80962   0.0115649
         787     1.79244      1.8096   0.0115502
         788     1.79276     1.80958   0.0115355
         789     1.79299     1.80956   0.0115209
         790     1.79316     1.80954   0.0115064
         791     1.79328     1.80952   0.0114918
         792     1.79336      1.8095   0.0114774
         793     1.79342     1.80948   0.0114629
         794     1.79349     1.80946   0.0114485
         795     1.79357     1.80944   0.0114341
         796     1.79369     1.80942   0.0114198
         797     1.79386      1.8094   0.0114054
         798     1.79409     1.80938   0.0113912
         799     1.79439     1.80936   0.0113769
         800     1.79477     1.80934   0.0113627
         801     1.79523     1.80932   0.0113485
         802     1.79578     1.80931   0.0113344
         803     1.79641     1.80929   0.0113203
         804     1.79711     1.80927   0.0113062
         805      1.7979     1.80926   0.0112922
         806     1.79874     1.80925   0.0112782
         807     1.79963     1.80924   0.0112642
         808     1.80055     1.80922   0.0112503
         809      1.8015     1.80921   0.0112364
         810     1.80245     1.80921   0.0112225
         811     1.80339      1.8092   0.0112087
         812     1.80429     1.80919   0.0111949
         813     1.80514     1.80919   0.0111811
         814     1.80592     1.80918   0.0111674
         815     1.80661     1.80918   0.0111537
         816      1.8072     1.80918     0.01114
         817     1.80767     1.80918   0.0111264
         818     1.80801     1.80918   0.0111128
         819      1.8082     1.80917   0.0110992
         820     1.80825     1.80917   0.0110857
         821     1.80814     1.80917   0.0110722
         822     1.80787     1.80917   0.0110587
         823     1.80744     1.80917   0.0110453
         824     1.80685     1.80917   0.0110319
         825     1.80609     1.80916   0.0110185
         826     1.80518     1.80916   0.0110051
         827     1.80413     1.80915   0.0109918
         828     1.80294     1.80914   0.0109786
         829     1.80162     1.80913   0.0109653
         830      1.8002     1.80912   0.0109521
         831     1.79867     1.80911   0.0109389
         832     1.79707      1.8091   0.0109258
         833     1.79541     1.80908   0.0109127
         834     1.79371     1.80906   0.0108996
         835     1.79199     1.80904   0.0108866
         836     1.79027     1.80902   0.0108736
         837     1.78857     1.80899   0.0108606
         838     1.78692     1.80897   0.0108477
         839     1.78533     1.80894   0.0108348
         840     1.78383     1.80891    0.010822
         841     1.78245     1.80888   0.0108091
         842      1.7812     1.80885   0.0107963
         843     1.78011     1.80881   0.0107836
         844      1.7792     1.80878   0.0107709
         845     1.77848     1.80874   0.0107582
         846     1.77797      1.8087   0.0107455
         847     1.77769     1.80867   0.0107329
         848     1.77764     1.80863   0.0107203
         849     1.77784     1.80859   0.0107078
         850     1.77829     1.80856   0.0106952
         851     1.77899     1.80852   0.0106827
         852     1.77995     1.80849   0.0106702
         853     1.78116     1.80846   0.0106578
         854     1.78261     1.80843   0.0106453
         855     1.78431      1.8084   0.0106329
         856     1.78623     1.80837   0.0106205
         857     1.78836     1.80835   0.0106081
         858     1.79069     1.80833   0.0105958
         859     1.79319     1.80831   0.0105835
         860     1.79585      1.8083   0.0105712
         861     1.79864     1.80829   0.0105589
         862     1.80153     1.80828   0.0105467
         863      1.8045     1.80827   0.0105344
         864     1.80753     1.80827   0.0105223
         865     1.81057     1.80828   0.0105101
         866     1.81362     1.80828    0.010498
         867     1.81663     1.80829   0.0104859
         868     1.81959     1.80831   0.0104738
         869     1.82247     1.80832   0.0104617
         870     1.82524     1.80834   0.0104497
         871     1.82788     1.80836   0.0104378
         872     1.83038     1.80839   0.0104258
         873     1.83271     1.80842   0.0104139
         874     1.83485     1.80845    0.010402
         875     1.83679     1.80848   0.0103902
         876     1.83853     1.80851   0.0103784
         877     1.84004     1.80855   0.0103666
         878     1.84133     1.80859   0.0103549
         879     1.84238     1.80863   0.0103432
         880      1.8432     1.80866   0.0103315
         881     1.84379      1.8087   0.0103199
         882     1.84415     1.80874   0.0103082
         883     1.84428     1.80878   0.0102966
         884     1.84419     1.80882   0.0102851
         885     1.84389     1.80886   0.0102735
         886     1.84339      1.8089    0.010262
         887     1.84269     1.80894   0.0102505
         888      1.8418     1.80898    0.010239
         889     1.84074     1.80901   0.0102276
         890     1.83951     1.80905   0.0102161
         891     1.83812     1.80908   0.0102047
         892     1.83658     1.80911   0.0101933
         893      1.8349     1.80914    0.010182
         894     1.83307     1.80917   0.0101706
         895     1.83111     1.80919   0.0101593
         896     1.82902     1.80921   0.0101479
         897     1.82679     1.80923   0.0101367
         898     1.82443     1.80925   0.0101254
         899     1.82194     1.80927   0.0101141
         900     1.81931     1.80928   0.0101029
         901     1.81654     1.80928   0.0100917
         902     1.81362     1.80929   0.0100805
         903     1.81054     1.80929   0.0100693
         904      1.8073     1.80929   0.0100582
         905      1.8039     1.80928   0.0100471
         906     1.80032     1.80927    0.010036
         907     1.79657     1.80926   0.0100249
         908     1.79262     1.80924   0.0100139
         909     1.78849     1.80922   0.0100029
         910     1.78416     1.80919  0.00999198
         911     1.77962     1.80916  0.00998106
         912     1.77488     1.80912  0.00997019
         913     1.76993     1.80908  0.00995936
         914     1.76478     1.80903  0.00994858
         915     1.75942     1.80897  0.00993786
         916     1.75385     1.80891  0.00992719
         917     1.74809     1.80885  0.00991659
         918     1.74213     1.80877  0.00990605
         919     1.73599      1.8087  0.00989559
         920     1.72966     1.80861   0.0098852
         921     1.72317     1.80852  0.00987491
         922     1.71651     1.80842   0.0098647
         923     1.70971     1.80831  0.00985459
         924     1.70278      1.8082  0.00984459
         925     1.69572     1.80807   0.0098347
         926     1.68857     1.80795  0.00982492
         927     1.68132     1.80781  0.00981527
         928     1.67401     1.80766  0.00980576
         929     1.66664     1.80751  0.00979638
         930     1.65925     1.80735  0.00978714
         931     1.65186     1.80719  0.00977805
         932     1.64448     1.80701  0.00976912
         933     1.63713     1.80683  0.00976034
         934     1.62985     1.80664  0.00975173
         935     1.62266     1.80644  0.00974329
         936     1.61558     1.80624  0.00973501
         937     1.60865     1.80603  0.00972691
         938     1.60189     1.80581  0.00971897
         939     1.59533     1.80559  0.00971121
         940       1.589     1.80536  0.00970361
         941     1.58293     1.80512  0.00969617
         942     1.57716     1.80488   0.0096889
         943      1.5717     1.80463  0.00968178
         944     1.56659     1.80438  0.00967481
         945     1.56186     1.80412  0.00966797
         946     1.55753     1.80386  0.00966127
         947     1.55363      1.8036  0.00965468
         948     1.55018     1.80333  0.00964819
         949     1.54719     1.80306   0.0096418
         950      1.5447     1.80279  0.00963549
         951     1.54271     1.80251  0.00962924
         952     1.54124     1.80224  0.00962303
         953     1.54031     1.80197  0.00961686
         954     1.53992     1.80169   0.0096107
         955     1.54008     1.80142  0.00960454
         956      1.5408     1.80114  0.00959836
         957     1.54208     1.80087  0.00959215
         958     1.54392     1.80061  0.00958588
         959     1.54631     1.80034  0.00957955
         960     1.54925     1.80008  0.00957315
         961     1.55273     1.79982  0.00956664
         962     1.55673     1.79957  0.00956004
         963     1.56125     1.79932  0.00955331
         964     1.56625     1.79908  0.00954646
         965     1.57171     1.79884  0.00953947
         966     1.57761     1.79861  0.00953235
         967     1.58391     1.79839  0.00952508
         968     1.59057     1.79818  0.00951765
         969     1.59755     1.79797  0.00951008
         970     1.60482     1.79777  0.00950236
         971     1.61233     1.79758   0.0094945
         972     1.62003      1.7974  0.00948649
         973     1.62788     1.79722  0.00947834
         974     1.63583     1.79706  0.00947005
         975     1.64384      1.7969  0.00946164
         976     1.65187     1.79675  0.00945312
         977     1.65986     1.79661  0.00944448
         978     1.66778     1.79648  0.00943574
         979      1.6756     1.79636  0.00942691
         980     1.68326     1.79624    0.009418
         981     1.69075     1.79613  0.00940901
         982     1.69803     1.79603  0.00939996
         983     1.70508     1.79594  0.00939085
         984     1.71186     1.79586   0.0093817
         985     1.71836     1.79578   0.0093725
         986     1.72456     1.79571  0.00936328
         987     1.73043     1.79564  0.00935402
         988     1.73597     1.79558  0.00934475
         989     1.74117     1.79552  0.00933546
         990       1.746     1.79547  0.00932617
         991     1.75048     1.79543  0.00931687
         992     1.75458     1.79539  0.00930757
         993     1.75831     1.79535  0.00929827
         994     1.76165     1.79532  0.00928898
         995     1.76462     1.79528  0.00927969
         996     1.76721     1.79526  0.00927042
         997     1.76943     1.79523  0.00926116
         998     1.77127     1.79521  0.00925191
         999     1.77275     1.79518  0.00924267
        1000     1.77388     1.79516  0.00923345
        1001     1.77466     1.79514  0.00922425
        1002     1.77511     1.79512  0.00921507
        1003     1.77523      1.7951   0.0092059
        1004     1.77505     1.79508  0.00919676
        1005     1.77458     1.79506  0.00918763
        1006     1.77384     1.79504  0.00917852
        1007     1.77285     1.79502  0.00916943
        1008     1.77163       1.795  0.00916036
        1009     1.77019     1.79497  0.00915132
        1010     1.76857     1.79495  0.00914229
        1011     1.76678     1.79492  0.00913329
        1012     1.76484     1.79489  0.00912432
        1013     1.76278     1.79486  0.00911536
        1014      1.7606     1.79482  0.00910644
        1015     1.75834     1.79479  0.00909754
        1016       1.756     1.79475  0.00908866
        1017     1.75361     1.79471  0.00907982
        1018     1.75117     1.79466    0.009071
        1019     1.74871     1.79462  0.00906221
        1020     1.74624     1.79457  0.00905345
        1021     1.74376     1.79452  0.00904472
        1022     1.74129     1.79447  0.00903602
        1023     1.73883     1.79442  0.00902735
        1024      1.7364     1.79436  0.00901871
        1025     1.73399      1.7943   0.0090101
        1026     1.73161     1.79424  0.00900153
        1027     1.72928     1.79418  0.00899299
        1028     1.72699     1.79411  0.00898448
        1029     1.72475     1.79404    0.008976
        1030     1.72257     1.79397  0.00896755
        1031     1.72045      1.7939  0.00895914
        1032      1.7184     1.79383  0.00895075
        1033     1.71643     1.79375   0.0089424
        1034     1.71455     1.79368  0.00893408
        1035     1.71275      1.7936  0.00892579
        1036     1.71106     1.79352  0.00891753
        1037     1.70947     1.79344   0.0089093
        1038       1.708     1.79336   0.0089011
        1039     1.70666     1.79327  0.00889292
        1040     1.70544     1.79319  0.00888477
        1041     1.70437      1.7931  0.00887665
        1042     1.70344     1.79302  0.00886855
        1043     1.70266     1.79293  0.00886047
        1044     1.70204     1.79284  0.00885241
        1045     1.70158     1.79276  0.00884437
        1046     1.70129     1.79267  0.00883634
        1047     1.70116     1.79258  0.00882834
        1048      1.7012     1.79249  0.00882034
        1049      1.7014     1.79241  0.00881236
        1050     1.70177     1.79232  0.00880439
        1051     1.70229     1.79224  0.00879643
        1052     1.70297     1.79215  0.00878848
        1053      1.7038     1.79207  0.00878053
        1054     1.70477     1.79198  0.00877259
        1055     1.70588      1.7919  0.00876466
        1056     1.70712     1.79182  0.00875672
        1057     1.70849     1.79174   0.0087488
        1058     1.70996     1.79167  0.00874087
        1059     1.71154     1.79159  0.00873294
        1060     1.71321     1.79152  0.00872502
        1061     1.71495     1.79144  0.00871709
        1062     1.71676     1.79137  0.00870917
        1063     1.71862     1.79131  0.00870124
        1064     1.72051     1.79124  0.00869332
        1065     1.72243     1.79117   0.0086854
        1066     1.72435     1.79111  0.00867747
        1067     1.72627     1.79105  0.00866955
        1068     1.72815     1.79099  0.00866164
        1069        1.73     1.79093  0.00865372
        1070     1.73177     1.79088  0.00864581
        1071     1.73347     1.79083   0.0086379
        1072     1.73507     1.79077     0.00863
        1073     1.73655     1.79072  0.00862211
        1074      1.7379     1.79067  0.00861422
        1075      1.7391     1.79063  0.00860634
        1076     1.74013     1.79058  0.00859847
        1077     1.74098     1.79053  0.00859061
        1078     1.74164     1.79049  0.00858276
        1079      1.7421     1.79044  0.00857492
        1080     1.74233      1.7904   0.0085671
        1081     1.74234     1.79035  0.00855929
        1082     1.74211     1.79031   0.0085515
        1083     1.74164     1.79026  0.00854372
        1084     1.74092     1.79022  0.00853596
        1085     1.73996     1.79017  0.00852822
        1086     1.73874     1.79013  0.00852049
        1087     1.73728     1.79008  0.00851279
        1088     1.73558     1.79003  0.00850512
        1089     1.73365     1.78997  0.00849747
        1090      1.7315     1.78992  0.00848984
        1091     1.72914     1.78987  0.00848224
        1092     1.72659     1.78981  0.00847467
        1093     1.72386     1.78975  0.00846713
        1094     1.72098     1.78968  0.00845962
        1095     1.71796     1.78962  0.00845215
        1096     1.71483     1.78955  0.00844472
        1097     1.71162     1.78948  0.00843732
        1098     1.70835     1.78941  0.00842996
        1099     1.70504     1.78933  0.00842264
        1100     1.70174     1.78925  0.00841535
        1101     1.69846     1.78917  0.00840812
        1102     1.69525     1.78908  0.00840092
        1103     1.69211     1.78899  0.00839376
        1104      1.6891      1.7889  0.00838665
        1105     1.68622     1.78881  0.00837957
        1106     1.68351     1.78872  0.00837254
        1107     1.68099     1.78862  0.00836554
        1108     1.67868     1.78852  0.00835858
        1109     1.67661     1.78842  0.00835165
        1110     1.67478     1.78832  0.00834475
        1111     1.67321     1.78821  0.00833788
        1112     1.67191     1.78811  0.00833104
        1113      1.6709       1.788  0.00832422
        1114     1.67016      1.7879  0.00831742
        1115     1.66971     1.78779  0.00831064
        1116     1.66954     1.78768  0.00830387
        1117     1.66965     1.78758   0.0082971
        1118     1.67002     1.78747  0.00829035
        1119     1.67065     1.78737   0.0082836
        1120     1.67152     1.78727  0.00827685
        1121     1.67263     1.78716   0.0082701
        1122     1.67395     1.78706  0.00826334
        1123     1.67548     1.78696  0.00825658
        1124     1.67718     1.78687  0.00824981
        1125     1.67905     1.78677  0.00824303
        1126     1.68106     1.78668  0.00823625
        1127     1.68319     1.78658  0.00822945
        1128     1.68542     1.78649  0.00822265
        1129     1.68774     1.78641  0.00821583
        1130     1.69012     1.78632    0.008209
        1131     1.69255     1.78624  0.00820216
        1132       1.695     1.78616  0.00819531
        1133     1.69746     1.78608  0.00818845
        1134     1.69991       1.786  0.00818158
        1135     1.70233     1.78593  0.00817471
        1136     1.70472     1.78586  0.00816782
        1137     1.70704     1.78579  0.00816093
        1138     1.70929     1.78572  0.00815404
        1139     1.71145     1.78566  0.00814714
        1140     1.71351     1.78559  0.00814024
        1141     1.71547     1.78553  0.00813334
        1142     1.71731     1.78547  0.00812643
        1143     1.71902     1.78541  0.00811953
        1144      1.7206     1.78536  0.00811263
        1145     1.72205      1.7853  0.00810574
        1146     1.72336     1.78525  0.00809884
        1147     1.72453      1.7852  0.00809196
        1148     1.72555     1.78514  0.00808507
        1149     1.72643     1.78509   0.0080782
        1150     1.72718     1.78504  0.00807133
        1151     1.72779     1.78499  0.00806447
        1152     1.72828     1.78494  0.00805762
        1153     1.72864     1.78489  0.00805078
        1154     1.72889     1.78485  0.00804395
        1155     1.72903      1.7848  0.00803713
        1156     1.72908     1.78475  0.00803032
        1157     1.72904      1.7847  0.00802353
        1158     1.72892     1.78465  0.00801674
        1159     1.72874      1.7846  0.00800997
        1160      1.7285     1.78456  0.00800321
        1161     1.72821     1.78451  0.00799647
        1162     1.72789     1.78446  0.00798973
        1163     1.72753     1.78441  0.00798301
        1164     1.72715     1.78436  0.00797631
        1165     1.72675     1.78431  0.00796961
        1166     1.72634     1.78426  0.00796293
        1167     1.72592     1.78421  0.00795627
        1168     1.72549     1.78416  0.00794961
        1169     1.72505     1.78411  0.00794297
        1170     1.72461     1.78406  0.00793635
        1171     1.72416     1.78401  0.00792973
        1172     1.72369     1.78396  0.00792314
        1173     1.72322     1.78391  0.00791655
        1174     1.72272     1.78385  0.00790998
        1175     1.72221      1.7838  0.00790342
        1176     1.72167     1.78375  0.00789688
        1177      1.7211     1.78369  0.00789035
        1178     1.72049     1.78364  0.00788383
        1179     1.71984     1.78359  0.00787733
        1180     1.71916     1.78353  0.00787084
        1181     1.71842     1.78348  0.00786437
        1182     1.71762     1.78342  0.00785792
        1183     1.71676     1.78336  0.00785148
        1184     1.71584     1.78331  0.00784505
        1185     1.71484     1.78325  0.00783864
        1186     1.71376     1.78319  0.00783225
        1187     1.71259     1.78313  0.00782588
        1188     1.71134     1.78307  0.00781953
        1189     1.70999     1.78301  0.00781319
        1190     1.70854     1.78295  0.00780688
        1191     1.70698     1.78288  0.00780058
        1192     1.70531     1.78282  0.00779431
        1193     1.70353     1.78275  0.00778806
        1194     1.70163     1.78268  0.00778183
        1195     1.69961     1.78261  0.00777563
        1196     1.69747     1.78254  0.00776946
        1197     1.69521     1.78247  0.00776331
        1198     1.69284      1.7824  0.00775719
        1199     1.69034     1.78232   0.0077511
        1200     1.68773     1.78224  0.00774504
        1201     1.68502     1.78216  0.00773901
        1202      1.6822     1.78208  0.00773302
        1203     1.67929     1.78199  0.00772707
        1204      1.6763      1.7819  0.00772115
        1205     1.67324     1.78181  0.00771527
        1206     1.67013     1.78172  0.00770942
        1207     1.66697     1.78163  0.00770362
        1208     1.66378     1.78153  0.00769786
        1209     1.66058     1.78143  0.00769215
        1210     1.65737     1.78132  0.00768647
        1211     1.65419     1.78122  0.00768084
        1212     1.65103     1.78111  0.00767526
        1213     1.64792       1.781  0.00766971
        1214     1.64487     1.78089  0.00766422
        1215     1.64189     1.78078  0.00765876
        1216     1.63899     1.78066  0.00765335
        1217     1.63618     1.78054  0.00764798
        1218     1.63348     1.78042  0.00764266
        1219     1.63087      1.7803  0.00763737
        1220     1.62838     1.78017  0.00763213
        1221       1.626     1.78005  0.00762692
        1222     1.62373     1.77992  0.00762175
        1223     1.62158     1.77979  0.00761662
        1224     1.61954     1.77966  0.00761152
        1225     1.61761     1.77953  0.00760646
        1226     1.61579     1.77939  0.00760143
        1227     1.61407     1.77926  0.00759643
        1228     1.61246     1.77912  0.00759145
        1229     1.61095     1.77899  0.00758651
        1230     1.60953     1.77885  0.00758159
        1231      1.6082     1.77871   0.0075767
        1232     1.60696     1.77857  0.00757183
        1233     1.60581     1.77843  0.00756699
        1234     1.60474     1.77829  0.00756217
        1235     1.60375     1.77815  0.00755736
        1236     1.60286     1.77801  0.00755258
        1237     1.60205     1.77786  0.00754781
        1238     1.60133     1.77772  0.00754306
        1239     1.60072     1.77758  0.00753833
        1240     1.60021     1.77743  0.00753361
        1241     1.59981     1.77729  0.00752889
        1242     1.59953     1.77715  0.00752419
        1243     1.59938     1.77701   0.0075195
        1244     1.59937     1.77686  0.00751481
        1245     1.59949     1.77672  0.00751012
        1246     1.59977     1.77658  0.00750544
        1247      1.6002     1.77644  0.00750075
        1248     1.60078      1.7763  0.00749606
        1249     1.60152     1.77616  0.00749137
        1250     1.60241     1.77602  0.00748666
        1251     1.60345     1.77588  0.00748195
        1252     1.60464     1.77574  0.00747722
        1253     1.60596     1.77561  0.00747248
        1254      1.6074     1.77547  0.00746773
        1255     1.60896     1.77534  0.00746296
        1256     1.61061     1.77521  0.00745817
        1257     1.61234     1.77508  0.00745336
        1258     1.61413     1.77495  0.00744853
        1259     1.61596     1.77482  0.00744369
        1260     1.61782      1.7747  0.00743882
        1261     1.61967     1.77458  0.00743394
        1262     1.62151     1.77446  0.00742904
        1263     1.62331     1.77434  0.00742412
        1264     1.62506     1.77422  0.00741919
        1265     1.62673      1.7741  0.00741424
        1266     1.62833     1.77399  0.00740927
        1267     1.62982     1.77387   0.0074043
        1268     1.63121     1.77376  0.00739932
        1269     1.63249     1.77365  0.00739432
        1270     1.63366     1.77354  0.00738932
        1271      1.6347     1.77343  0.00738431
        1272     1.63562     1.77332   0.0073793
        1273     1.63642     1.77321  0.00737429
        1274      1.6371     1.77311  0.00736928
        1275     1.63767       1.773  0.00736426
        1276     1.63813     1.77289  0.00735925
        1277     1.63849     1.77279  0.00735424
        1278     1.63877     1.77268  0.00734923
        1279     1.63898     1.77258  0.00734423
        1280     1.63912     1.77248  0.00733923
        1281     1.63921     1.77237  0.00733424
        1282     1.63926     1.77227  0.00732925
        1283     1.63928     1.77216  0.00732427
        1284     1.63929     1.77206   0.0073193
        1285      1.6393     1.77196  0.00731433
        1286     1.63933     1.77185  0.00730937
        1287     1.63938     1.77175  0.00730442
        1288     1.63947     1.77165  0.00729947
        1289     1.63961     1.77155  0.00729453
        1290      1.6398     1.77144  0.00728959
        1291     1.64006     1.77134  0.00728465
        1292      1.6404     1.77124  0.00727972
        1293     1.64082     1.77114  0.00727479
        1294     1.64134     1.77104  0.00726986
        1295     1.64194     1.77094  0.00726492
        1296     1.64265     1.77084  0.00725999
        1297     1.64345     1.77074  0.00725506
        1298     1.64435     1.77065  0.00725012
        1299     1.64536     1.77055  0.00724518
        1300     1.64647     1.77045  0.00724024
        1301     1.64767     1.77036  0.00723529
        1302     1.64897     1.77027  0.00723033
        1303     1.65037     1.77017  0.00722537
        1304     1.65187     1.77008   0.0072204
        1305     1.65344     1.76999  0.00721542
        1306      1.6551     1.76991  0.00721043
        1307     1.65685     1.76982  0.00720543
        1308     1.65866     1.76973  0.00720042
        1309     1.66055     1.76965  0.00719541
        1310     1.66249     1.76957  0.00719038
        1311      1.6645     1.76949  0.00718534
        1312     1.66656     1.76941  0.00718029
        1313     1.66867     1.76933  0.00717523
        1314     1.67083     1.76926  0.00717017
        1315     1.67302     1.76919  0.00716509
        1316     1.67524     1.76911     0.00716
        1317      1.6775     1.76905   0.0071549
        1318     1.67977     1.76898  0.00714979
        1319     1.68205     1.76891  0.00714467
        1320     1.68435     1.76885  0.00713955
        1321     1.68664     1.76879  0.00713441
        1322     1.68893     1.76872  0.00712927
        1323     1.69121     1.76867  0.00712413
        1324     1.69347     1.76861  0.00711897
        1325     1.69571     1.76855  0.00711381
        1326     1.69791      1.7685  0.00710865
        1327     1.70007     1.76845  0.00710348
        1328      1.7022      1.7684   0.0070983
        1329     1.70427     1.76835  0.00709313
        1330      1.7063      1.7683  0.00708795
        1331     1.70827     1.76826  0.00708276
        1332     1.71019     1.76822  0.00707758
        1333     1.71205     1.76817   0.0070724
        1334     1.71387     1.76813  0.00706721
        1335     1.71564     1.76809  0.00706203
        1336     1.71738     1.76806  0.00705684
        1337     1.71909     1.76802  0.00705166
        1338     1.72079     1.76798  0.00704648
        1339     1.72249     1.76795   0.0070413
        1340     1.72421     1.76792  0.00703612
        1341     1.72598     1.76789  0.00703094
        1342      1.7278     1.76786  0.00702577
        1343     1.72971     1.76783  0.00702059
        1344     1.73172      1.7678  0.00701542
        1345     1.73386     1.76778  0.00701025
        1346     1.73616     1.76775  0.00700508
        1347     1.73862     1.76773  0.00699991
        1348     1.74129     1.76771  0.00699475
        1349     1.74415     1.76769  0.00698958
        1350     1.74724     1.76768  0.00698442
        1351     1.75056     1.76767  0.00697926
        1352     1.75412     1.76766  0.00697411
        1353      1.7579     1.76765  0.00696896
        1354     1.76191     1.76764  0.00696381
        1355     1.76613     1.76764  0.00695867
        1356     1.77055     1.76765  0.00695354
        1357     1.77515     1.76765  0.00694842
        1358      1.7799     1.76766  0.00694331
        1359     1.78478     1.76767  0.00693821
        1360     1.78975     1.76769  0.00693313
        1361     1.79478     1.76771  0.00692806
        1362     1.79984     1.76773  0.00692302
        1363     1.80489     1.76776  0.00691799
        1364     1.80989     1.76779  0.00691299
        1365     1.81481     1.76782  0.00690801
        1366     1.81962     1.76786  0.00690306
        1367     1.82427      1.7679  0.00689813
        1368     1.82875     1.76795  0.00689323
        1369     1.83302       1.768  0.00688836
        1370     1.83706     1.76805  0.00688352
        1371     1.84083      1.7681   0.0068787
        1372     1.84433     1.76815  0.00687391
        1373     1.84753     1.76821  0.00686915
        1374     1.85041     1.76827  0.00686441
        1375     1.85295     1.76833  0.00685969
        1376     1.85515      1.7684    0.006855
        1377     1.85697     1.76846  0.00685032
        1378     1.85843     1.76853  0.00684566
        1379      1.8595     1.76859  0.00684102
        1380     1.86017     1.76866  0.00683638
        1381     1.86043     1.76873  0.00683175
        1382     1.86028     1.76879  0.00682713
        1383     1.85972     1.76886  0.00682251
        1384     1.85872     1.76892  0.00681789
        1385      1.8573     1.76899  0.00681327
        1386     1.85545     1.76905  0.00680864
        1387     1.85315     1.76911    0.006804
        1388     1.85042     1.76917  0.00679935
        1389     1.84725     1.76922  0.00679468
        1390     1.84365     1.76928  0.00679001
        1391      1.8396     1.76933  0.00678531
        1392     1.83513     1.76938   0.0067806
        1393     1.83023     1.76942  0.00677588
        1394     1.82492     1.76946  0.00677113
        1395     1.81921     1.76949  0.00676637
        1396      1.8131     1.76953   0.0067616
        1397     1.80662     1.76955  0.00675681
        1398     1.79978     1.76957  0.00675201
        1399      1.7926     1.76959  0.00674721
        1400     1.78512      1.7696   0.0067424
        1401     1.77735     1.76961  0.00673759
        1402     1.76933     1.76961  0.00673278
        1403      1.7611      1.7696  0.00672798
        1404     1.75268     1.76959   0.0067232
        1405     1.74412     1.76957  0.00671844
        1406     1.73547     1.76955  0.00671371
        1407     1.72677     1.76952    0.006709
        1408     1.71808     1.76948  0.00670434
        1409     1.70945     1.76944  0.00669972
        1410     1.70095     1.76939  0.00669514
        1411     1.69263     1.76933  0.00669062
        1412     1.68457     1.76927  0.00668615
        1413     1.67682     1.76921  0.00668174
        1414     1.66945     1.76914  0.00667738
        1415     1.66253     1.76906  0.00667309
        1416     1.65612     1.76898  0.00666885
        1417     1.65029      1.7689  0.00666467
        1418     1.64507     1.76881  0.00666054
        1419     1.64052     1.76872  0.00665646
        1420     1.63669     1.76863  0.00665243
        1421     1.63361     1.76853  0.00664842
        1422     1.63129     1.76844  0.00664445
        1423     1.62976     1.76834  0.00664049
        1424     1.62901     1.76824  0.00663655
        1425     1.62904     1.76814  0.00663261
        1426     1.62984     1.76805  0.00662867
        1427     1.63138     1.76795  0.00662472
        1428     1.63363     1.76786  0.00662075
        1429     1.63654     1.76777  0.00661675
        1430     1.64007     1.76768  0.00661273
        1431     1.64416     1.76759  0.00660867
        1432     1.64877     1.76751  0.00660457
        1433     1.65382     1.76743  0.00660044
        1434     1.65927     1.76735  0.00659627
        1435     1.66505     1.76728  0.00659206
        1436      1.6711     1.76721  0.00658781
        1437     1.67736     1.76715  0.00658352
        1438     1.68377     1.76709   0.0065792
        1439     1.69028     1.76704  0.00657484
        1440     1.69683     1.76699  0.00657046
        1441     1.70338     1.76695  0.00656604
        1442     1.70988     1.76691  0.00656161
        1443     1.71628     1.76687  0.00655716
        1444     1.72253     1.76684  0.00655269
        1445      1.7286     1.76681  0.00654821
        1446     1.73445     1.76679  0.00654372
        1447     1.74004     1.76677  0.00653922
        1448     1.74533     1.76676  0.00653472
        1449      1.7503     1.76675  0.00653022
        1450     1.75492     1.76674  0.00652572
        1451     1.75915     1.76673  0.00652123
        1452     1.76298     1.76673  0.00651674
        1453     1.76639     1.76673  0.00651225
        1454     1.76936     1.76673  0.00650777
        1455     1.77188     1.76674   0.0065033
        1456     1.77393     1.76674  0.00649884
        1457     1.77552     1.76675  0.00649438
        1458     1.77664     1.76675  0.00648993
        1459     1.77729     1.76676  0.00648548
        1460     1.77748     1.76677  0.00648105
        1461     1.77721     1.76678  0.00647661
        1462     1.77649     1.76678  0.00647219
        1463     1.77535     1.76679  0.00646777
        1464     1.77379     1.76679  0.00646335
        1465     1.77183      1.7668  0.00645894
        1466     1.76951      1.7668  0.00645453
        1467     1.76683      1.7668  0.00645013
        1468     1.76383      1.7668  0.00644574
        1469     1.76053     1.76679  0.00644135
        1470     1.75696     1.76679  0.00643698
        1471     1.75313     1.76678  0.00643261
        1472     1.74909     1.76676  0.00642825
        1473     1.74485     1.76675   0.0064239
        1474     1.74043     1.76673  0.00641957
        1475     1.73587     1.76671  0.00641525
        1476     1.73117     1.76669  0.00641095
        1477     1.72636     1.76666  0.00640667
        1478     1.72146     1.76663   0.0064024
        1479     1.71648      1.7666  0.00639816
        1480     1.71145     1.76656  0.00639395
        1481     1.70636     1.76652  0.00638976
        1482     1.70123     1.76647   0.0063856
        1483     1.69606     1.76643  0.00638147
        1484     1.69088     1.76637  0.00637738
        1485     1.68568     1.76632  0.00637331
        1486     1.68048     1.76626  0.00636929
        1487     1.67527      1.7662   0.0063653
        1488     1.67008     1.76614  0.00636135
        1489      1.6649     1.76607  0.00635744
        1490     1.65975       1.766  0.00635357
        1491     1.65462     1.76592  0.00634975
        1492     1.64955     1.76584  0.00634597
        1493     1.64453     1.76576  0.00634224
        1494     1.63957     1.76568  0.00633856
        1495      1.6347     1.76559  0.00633492
        1496     1.62992      1.7655  0.00633134
        1497     1.62525     1.76541   0.0063278
        1498     1.62071     1.76531  0.00632432
        1499      1.6163     1.76521  0.00632088
        1500     1.61205     1.76511  0.00631749
        1501     1.60798       1.765  0.00631415
        1502     1.60409      1.7649  0.00631085
        1503      1.6004     1.76479   0.0063076
        1504     1.59693     1.76468   0.0063044
        1505     1.59368     1.76456  0.00630123
        1506     1.59067     1.76445   0.0062981
        1507     1.58789     1.76433  0.00629501
        1508     1.58536     1.76421  0.00629196
        1509     1.58308     1.76409  0.00628893
        1510     1.58106     1.76397  0.00628594
        1511     1.57929     1.76385  0.00628297
        1512     1.57777     1.76372  0.00628002
        1513     1.57648      1.7636  0.00627708
        1514     1.57544     1.76348  0.00627417
        1515     1.57462     1.76335  0.00627126
        1516     1.57402     1.76323  0.00626837
        1517     1.57362      1.7631  0.00626549
        1518     1.57341     1.76298   0.0062626
        1519     1.57338     1.76285  0.00625972
        1520     1.57351     1.76273  0.00625685
        1521     1.57379      1.7626  0.00625397
        1522     1.57418     1.76248  0.00625108
        1523     1.57468     1.76236  0.00624819
        1524     1.57527     1.76223   0.0062453
        1525     1.57592     1.76211   0.0062424
        1526     1.57661     1.76199  0.00623949
        1527     1.57732     1.76187  0.00623658
        1528     1.57804     1.76175  0.00623366
        1529     1.57874     1.76163  0.00623073
        1530     1.57939     1.76151  0.00622779
        1531     1.57998     1.76139  0.00622485
        1532     1.58049     1.76127  0.00622191
        1533      1.5809     1.76116  0.00621897
        1534      1.5812     1.76104  0.00621602
        1535     1.58137     1.76092  0.00621307
        1536      1.5814      1.7608  0.00621012
        1537     1.58129     1.76069  0.00620718
        1538     1.58103     1.76057  0.00620424
        1539     1.58063     1.76045  0.00620132
        1540     1.58008     1.76034  0.00619839
        1541     1.57942     1.76022  0.00619548
        1542     1.57863      1.7601  0.00619259
        1543     1.57776     1.75998   0.0061897
        1544     1.57682     1.75986  0.00618683
        1545     1.57583     1.75975  0.00618397
        1546     1.57483     1.75963  0.00618113
        1547     1.57385     1.75951   0.0061783
        1548     1.57293     1.75939  0.00617548
        1549     1.57209     1.75926  0.00617268
        1550     1.57139     1.75914  0.00616989
        1551     1.57084     1.75902   0.0061671
        1552     1.57048      1.7589  0.00616432
        1553     1.57033     1.75878  0.00616155
        1554     1.57042     1.75866  0.00615878
        1555     1.57076     1.75854    0.006156
        1556     1.57137     1.75842  0.00615322
        1557     1.57225      1.7583  0.00615043
        1558     1.57338     1.75818  0.00614763
        1559     1.57478     1.75806  0.00614481
        1560     1.57641     1.75794  0.00614198
        1561     1.57826     1.75783  0.00613912
        1562     1.58031     1.75772  0.00613624
        1563     1.58254      1.7576  0.00613334
        1564      1.5849     1.75749  0.00613041
        1565     1.58738     1.75738  0.00612746
        1566     1.58994     1.75728  0.00612448
        1567     1.59255     1.75717  0.00612147
        1568     1.59519     1.75707  0.00611844
        1569     1.59784     1.75697  0.00611538
        1570     1.60047     1.75687   0.0061123
        1571     1.60306     1.75677  0.00610919
        1572     1.60561     1.75667  0.00610606
        1573     1.60811     1.75658  0.00610291
        1574     1.61055     1.75649  0.00609974
        1575     1.61292      1.7564  0.00609655
        1576     1.61523     1.75631  0.00609334
        1577     1.61747     1.75622  0.00609011
        1578     1.61966     1.75613  0.00608686
        1579     1.62178     1.75605   0.0060836
        1580     1.62385     1.75596  0.00608033
        1581     1.62587     1.75588  0.00607704
        1582     1.62785      1.7558  0.00607374
        1583     1.62977     1.75572  0.00607042
        1584     1.63166     1.75564  0.00606709
        1585     1.63349     1.75556  0.00606376
        1586     1.63528     1.75549  0.00606041
        1587     1.63701     1.75541  0.00605705
        1588     1.63869     1.75534  0.00605368
        1589     1.64029     1.75527   0.0060503
        1590     1.64182      1.7552  0.00604692
        1591     1.64326     1.75513  0.00604353
        1592      1.6446     1.75506  0.00604013
        1593     1.64585     1.75499  0.00603673
        1594     1.64698     1.75492  0.00603332
        1595     1.64799     1.75485  0.00602991
        1596     1.64887     1.75479   0.0060265
        1597     1.64961     1.75472  0.00602308
        1598     1.65021     1.75466  0.00601967
        1599     1.65066     1.75459  0.00601626
        1600     1.65097     1.75453  0.00601284
        1601     1.65113     1.75446  0.00600944
        1602     1.65115      1.7544  0.00600603
        1603     1.65104     1.75433  0.00600263
        1604      1.6508     1.75427  0.00599923
        1605     1.65045      1.7542  0.00599585
        1606     1.64999     1.75414  0.00599246
        1607     1.64944     1.75407  0.00598909
        1608     1.64881     1.75401  0.00598572
        1609     1.64812     1.75394  0.00598236
        1610     1.64738     1.75388  0.00597901
        1611     1.64661     1.75381  0.00597567
        1612     1.64582     1.75374  0.00597234
        1613     1.64503     1.75367  0.00596902
        1614     1.64425     1.75361  0.00596571
        1615      1.6435     1.75354   0.0059624
        1616     1.64278     1.75347  0.00595911
        1617     1.64211      1.7534  0.00595582
        1618     1.64149     1.75333  0.00595254
        1619     1.64093     1.75326  0.00594927
        1620     1.64043     1.75319    0.005946
        1621        1.64     1.75312  0.00594274
        1622     1.63963     1.75305  0.00593949
        1623     1.63933     1.75298  0.00593625
        1624     1.63908     1.75291  0.00593301
        1625      1.6389     1.75284  0.00592977
        1626     1.63876     1.75277  0.00592654
        1627     1.63867      1.7527  0.00592331
        1628     1.63862     1.75263  0.00592009
        1629      1.6386     1.75256  0.00591687
        1630      1.6386     1.75249  0.00591365
        1631     1.63862     1.75242  0.00591043
        1632     1.63865     1.75235  0.00590722
        1633     1.63869     1.75228  0.00590402
        1634     1.63873     1.75221  0.00590081
        1635     1.63876     1.75214  0.00589761
        1636     1.63879     1.75208  0.00589441
        1637     1.63882     1.75201  0.00589122
        1638     1.63884     1.75194  0.00588803
        1639     1.63885     1.75187  0.00588484
        1640     1.63885      1.7518  0.00588165
        1641     1.63886     1.75173  0.00587847
        1642     1.63886     1.75166  0.00587529
        1643     1.63888     1.75159  0.00587212
        1644      1.6389     1.75152  0.00586895
        1645     1.63895     1.75146  0.00586578
        1646     1.63902     1.75139  0.00586261
        1647     1.63912     1.75132  0.00585945
        1648     1.63925     1.75125  0.00585629
        1649     1.63943     1.75118  0.00585313
        1650     1.63965     1.75112  0.00584997
        1651     1.63993     1.75105  0.00584682
        1652     1.64026     1.75098  0.00584366
        1653     1.64066     1.75091  0.00584051
        1654     1.64113     1.75085  0.00583735
        1655     1.64167     1.75078   0.0058342
        1656     1.64229     1.75072  0.00583105
        1657     1.64299     1.75065  0.00582789
        1658     1.64378     1.75059  0.00582473
        1659     1.64466     1.75052  0.00582157
        1660     1.64563     1.75046   0.0058184
        1661      1.6467      1.7504  0.00581524
        1662     1.64787     1.75034  0.00581207
        1663     1.64915     1.75028  0.00580889
        1664     1.65054     1.75022  0.00580571
        1665     1.65206     1.75016  0.00580252
        1666      1.6537      1.7501  0.00579933
        1667     1.65546     1.75004  0.00579612
        1668     1.65737     1.74999  0.00579292
        1669     1.65941     1.74993   0.0057897
        1670      1.6616     1.74988  0.00578647
        1671     1.66394     1.74983  0.00578324
        1672     1.66644     1.74978     0.00578
        1673     1.66909     1.74973  0.00577674
        1674      1.6719     1.74968  0.00577348
        1675     1.67487     1.74964   0.0057702
        1676     1.67799      1.7496  0.00576692
        1677     1.68127     1.74956  0.00576363
        1678     1.68469     1.74952  0.00576032
        1679     1.68825     1.74948    0.005757
        1680     1.69195     1.74945  0.00575368
        1681     1.69576     1.74941  0.00575035
        1682     1.69968     1.74938    0.005747
        1683     1.70368     1.74936  0.00574365
        1684     1.70775     1.74933  0.00574029
        1685     1.71187     1.74931  0.00573693
        1686     1.71602     1.74929  0.00573356
        1687     1.72016     1.74927  0.00573019
        1688     1.72429     1.74926  0.00572681
        1689     1.72836     1.74925  0.00572344
        1690     1.73236     1.74924  0.00572006
        1691     1.73625     1.74923  0.00571668
        1692     1.74001     1.74922  0.00571331
        1693     1.74361     1.74922  0.00570993
        1694     1.74702     1.74922  0.00570656
        1695     1.75023     1.74922  0.00570319
        1696     1.75319     1.74922  0.00569983
        1697      1.7559     1.74923  0.00569647
        1698     1.75833     1.74923  0.00569312
        1699     1.76047     1.74924  0.00568978
        1700     1.76229     1.74924  0.00568643
        1701     1.76378     1.74925   0.0056831
        1702     1.76493     1.74926  0.00567977
        1703     1.76573     1.74927  0.00567644
        1704     1.76617     1.74928  0.00567312
        1705     1.76626     1.74929   0.0056698
        1706     1.76599      1.7493  0.00566648
        1707     1.76536     1.74931  0.00566317
        1708     1.76437     1.74932  0.00565986
        1709     1.76304     1.74933  0.00565656
        1710     1.76136     1.74934  0.00565325
        1711     1.75936     1.74934  0.00564995
        1712     1.75704     1.74935  0.00564665
        1713     1.75442     1.74935  0.00564336
        1714     1.75151     1.74935  0.00564006
        1715     1.74834     1.74935  0.00563678
        1716     1.74493     1.74935  0.00563349
        1717     1.74129     1.74934  0.00563021
        1718     1.73746     1.74933  0.00562694
        1719     1.73345     1.74933  0.00562367
        1720      1.7293     1.74931  0.00562042
        1721     1.72502      1.7493  0.00561717
        1722     1.72064     1.74928  0.00561393
        1723     1.71619     1.74926  0.00561071
        1724     1.71169     1.74924  0.00560749
        1725     1.70718     1.74922   0.0056043
        1726     1.70266     1.74919  0.00560111
        1727     1.69817     1.74916  0.00559795
        1728     1.69372     1.74913   0.0055948
        1729     1.68934     1.74909  0.00559167
        1730     1.68505     1.74906  0.00558856
        1731     1.68087     1.74902  0.00558547
        1732     1.67681     1.74898   0.0055824
        1733     1.67289     1.74893  0.00557935
        1734     1.66914     1.74889  0.00557633
        1735     1.66555     1.74884  0.00557332
        1736     1.66216     1.74879  0.00557033
        1737     1.65898     1.74874  0.00556737
        1738     1.65603     1.74868  0.00556442
        1739     1.65332     1.74863  0.00556149
        1740     1.65088     1.74857  0.00555858
        1741     1.64873     1.74852  0.00555568
        1742     1.64689     1.74846   0.0055528
        1743     1.64536      1.7484  0.00554993
        1744     1.64418     1.74834  0.00554707
        1745     1.64335     1.74828  0.00554421
        1746     1.64289     1.74822  0.00554137
        1747      1.6428     1.74816  0.00553852
        1748      1.6431      1.7481  0.00553568
        1749     1.64378     1.74804  0.00553284
        1750     1.64483     1.74798  0.00552999
        1751     1.64625     1.74792  0.00552714
        1752     1.64802     1.74786  0.00552428
        1753     1.65012     1.74781  0.00552141
        1754     1.65252     1.74775  0.00551852
        1755      1.6552      1.7477  0.00551563
        1756     1.65812     1.74765  0.00551273
        1757     1.66124      1.7476  0.00550981
        1758     1.66452     1.74755  0.00550688
        1759     1.66792     1.74751  0.00550393
        1760     1.67139     1.74746  0.00550098
        1761     1.67489     1.74742  0.00549801
        1762     1.67838     1.74738  0.00549503
        1763     1.68182     1.74735  0.00549203
        1764     1.68517     1.74731  0.00548903
        1765     1.68841     1.74728  0.00548603
        1766      1.6915     1.74725  0.00548301
        1767     1.69441     1.74722  0.00547999
        1768     1.69713     1.74719  0.00547696
        1769     1.69965     1.74716  0.00547393
        1770     1.70195     1.74714   0.0054709
        1771     1.70403     1.74711  0.00546786
        1772     1.70589     1.74709  0.00546483
        1773     1.70753     1.74707  0.00546179
        1774     1.70897     1.74704  0.00545875
        1775     1.71021     1.74702  0.00545572
        1776     1.71127       1.747  0.00545268
        1777     1.71217     1.74698  0.00544965
        1778     1.71293     1.74697  0.00544662
        1779     1.71358     1.74695  0.00544359
        1780     1.71413     1.74693  0.00544056
        1781     1.71461     1.74691  0.00543754
        1782     1.71504     1.74689  0.00543452
        1783     1.71545     1.74687   0.0054315
        1784     1.71585     1.74686  0.00542848
        1785     1.71626     1.74684  0.00542547
        1786      1.7167     1.74682  0.00542245
        1787     1.71719     1.74681  0.00541945
        1788     1.71774     1.74679  0.00541644
        1789     1.71836     1.74677  0.00541343
        1790     1.71906     1.74676  0.00541043
        1791     1.71984     1.74674  0.00540743
        1792     1.72071     1.74673  0.00540443
        1793     1.72168     1.74672  0.00540144
        1794     1.72275      1.7467  0.00539844
        1795     1.72393     1.74669  0.00539545
        1796     1.72521     1.74668  0.00539246
        1797     1.72661     1.74667  0.00538947
        1798     1.72811     1.74666  0.00538648
        1799     1.72973     1.74665   0.0053835
        1800     1.73146     1.74664  0.00538051
        1801     1.73331     1.74663  0.00537753
        1802     1.73527     1.74662  0.00537455
        1803     1.73735     1.74662  0.00537157
        1804     1.73956     1.74662   0.0053686
        1805     1.74188     1.74661  0.00536562
        1806     1.74433     1.74661  0.00536265
        1807     1.74689     1.74661  0.00535968
        1808     1.74957     1.74661  0.00535672
        1809     1.75237     1.74662  0.00535376
        1810     1.75528     1.74662   0.0053508
        1811      1.7583     1.74663  0.00534785
        1812     1.76142     1.74664  0.00534491
        1813     1.76462     1.74665  0.00534197
        1814     1.76791     1.74666  0.00533904
        1815     1.77127     1.74667  0.00533611
        1816     1.77468     1.74669   0.0053332
        1817     1.77812      1.7467  0.00533029
        1818     1.78159     1.74672  0.00532739
        1819     1.78505     1.74674   0.0053245
        1820      1.7885     1.74677  0.00532163
        1821      1.7919     1.74679  0.00531876
        1822     1.79522     1.74682  0.00531591
        1823     1.79845     1.74685  0.00531307
        1824     1.80156     1.74688  0.00531024
        1825     1.80451     1.74691  0.00530743
        1826     1.80727     1.74694  0.00530462
        1827     1.80983     1.74698  0.00530183
        1828     1.81214     1.74701  0.00529905
        1829     1.81418     1.74705  0.00529628
        1830     1.81591     1.74709  0.00529352
        1831     1.81731     1.74712  0.00529077
        1832     1.81835     1.74716  0.00528802
        1833       1.819      1.7472  0.00528528
        1834     1.81924     1.74724  0.00528255
        1835     1.81905     1.74728  0.00527981
        1836      1.8184     1.74732  0.00527708
        1837     1.81729     1.74736  0.00527435
        1838     1.81569     1.74739  0.00527161
        1839      1.8136     1.74743  0.00526886
        1840     1.81101     1.74746  0.00526611
        1841     1.80792      1.7475  0.00526335
        1842     1.80433     1.74753  0.00526059
        1843     1.80024     1.74756  0.00525781
        1844     1.79567     1.74758  0.00525502
        1845     1.79064     1.74761  0.00525223
        1846     1.78515     1.74763  0.00524942
        1847     1.77922     1.74764  0.00524661
        1848      1.7729     1.74766  0.00524379
        1849     1.76619     1.74767  0.00524096
        1850     1.75913     1.74767  0.00523813
        1851     1.75176     1.74768   0.0052353
        1852      1.7441     1.74767  0.00523247
        1853     1.73621     1.74767  0.00522965
        1854     1.72811     1.74766  0.00522684
        1855     1.71985     1.74764  0.00522405
        1856     1.71147     1.74762  0.00522127
        1857     1.70301      1.7476  0.00521851
        1858     1.69451     1.74757  0.00521578
        1859       1.686     1.74754  0.00521308
        1860     1.67754      1.7475  0.00521042
        1861     1.66916     1.74746  0.00520779
        1862     1.66089     1.74741   0.0052052
        1863     1.65278     1.74736  0.00520265
        1864     1.64486     1.74731  0.00520015
        1865     1.63716     1.74725   0.0051977
        1866     1.62972     1.74718  0.00519529
        1867     1.62257     1.74712  0.00519294
        1868     1.61573     1.74705  0.00519064
        1869     1.60923     1.74697  0.00518838
        1870      1.6031      1.7469  0.00518618
        1871     1.59736     1.74682  0.00518402
        1872     1.59203     1.74673  0.00518191
        1873     1.58713     1.74665  0.00517985
        1874     1.58267     1.74656  0.00517782
        1875     1.57867     1.74647  0.00517583
        1876     1.57514     1.74638  0.00517388
        1877     1.57209     1.74629  0.00517196
        1878     1.56953     1.74619  0.00517006
        1879     1.56747      1.7461  0.00516818
        1880     1.56592       1.746  0.00516632
        1881     1.56487      1.7459  0.00516447
        1882     1.56434     1.74581  0.00516263
        1883     1.56431     1.74571  0.00516079
        1884      1.5648     1.74562  0.00515894
        1885      1.5658     1.74552  0.00515709
        1886      1.5673     1.74543  0.00515522
        1887      1.5693     1.74533  0.00515333
        1888     1.57179     1.74524  0.00515142
        1889     1.57476     1.74515  0.00514948
        1890     1.57819     1.74506  0.00514752
        1891     1.58207     1.74498  0.00514552
        1892     1.58638     1.74489  0.00514348
        1893      1.5911     1.74481   0.0051414
        1894      1.5962     1.74473  0.00513929
        1895     1.60167     1.74466  0.00513713
        1896     1.60747     1.74458  0.00513493
        1897     1.61359     1.74452  0.00513269
        1898     1.61997     1.74445   0.0051304
        1899      1.6266     1.74439  0.00512808
        1900     1.63344     1.74433  0.00512571
        1901     1.64047     1.74427  0.00512331
        1902     1.64764     1.74422  0.00512086
        1903     1.65492     1.74418  0.00511839
        1904     1.66228     1.74413  0.00511588
        1905     1.66968      1.7441  0.00511334
        1906      1.6771     1.74406  0.00511078
        1907      1.6845     1.74403   0.0051082
        1908     1.69185       1.744  0.00510559
        1909     1.69912     1.74398  0.00510297
        1910     1.70628     1.74396  0.00510034
        1911     1.71332     1.74394   0.0050977
        1912      1.7202     1.74393  0.00509505
        1913     1.72689     1.74392  0.00509239
        1914     1.73338     1.74392  0.00508973
        1915     1.73964     1.74391  0.00508708
        1916     1.74565     1.74391  0.00508442
        1917      1.7514     1.74392  0.00508177
        1918     1.75686     1.74392  0.00507912
        1919     1.76202     1.74393  0.00507649
        1920     1.76686     1.74395  0.00507386
        1921     1.77137     1.74396  0.00507124
        1922     1.77553     1.74398  0.00506862
        1923     1.77932       1.744  0.00506602
        1924     1.78274     1.74402  0.00506343
        1925     1.78577     1.74404  0.00506084
        1926     1.78839     1.74406  0.00505827
        1927      1.7906     1.74408   0.0050557
        1928     1.79239     1.74411  0.00505314
        1929     1.79374     1.74413  0.00505059
        1930     1.79464     1.74416  0.00504804
        1931     1.79508     1.74419  0.00504549
        1932     1.79506     1.74421  0.00504295
        1933     1.79457     1.74424  0.00504041
        1934     1.79361     1.74427  0.00503787
        1935     1.79216     1.74429  0.00503532
        1936     1.79024     1.74431  0.00503278
        1937     1.78784     1.74434  0.00503023
        1938     1.78496     1.74436  0.00502768
        1939     1.78161     1.74438  0.00502512
        1940     1.77781     1.74439  0.00502256
        1941     1.77355     1.74441     0.00502
        1942     1.76886     1.74442  0.00501743
        1943     1.76374     1.74443  0.00501486
        1944     1.75823     1.74444  0.00501228
        1945     1.75234     1.74444  0.00500971
        1946      1.7461     1.74444  0.00500713
        1947     1.73954     1.74444  0.00500456
        1948     1.73268     1.74443  0.00500199
        1949     1.72556     1.74443  0.00499944
        1950     1.71822     1.74441  0.00499689
        1951     1.71068     1.74439  0.00499436
        1952     1.70299     1.74437  0.00499185
        1953     1.69518     1.74435  0.00498935
        1954      1.6873     1.74432  0.00498689
        1955     1.67938     1.74429  0.00498445
        1956     1.67146     1.74425  0.00498204
        1957     1.66359     1.74421  0.00497966
        1958      1.6558     1.74416  0.00497732
        1959     1.64813     1.74411  0.00497502
        1960     1.64063     1.74406  0.00497277
        1961     1.63333       1.744  0.00497055
        1962     1.62627     1.74394  0.00496838
        1963     1.61949     1.74388  0.00496625
        1964     1.61301     1.74381  0.00496417
        1965     1.60687     1.74374  0.00496213
        1966      1.6011     1.74367  0.00496014
        1967     1.59571      1.7436  0.00495819
        1968     1.59073     1.74352  0.00495628
        1969     1.58618     1.74344   0.0049544
        1970     1.58207     1.74336  0.00495257
        1971      1.5784     1.74327  0.00495076
        1972     1.57517     1.74319  0.00494898
        1973     1.57239      1.7431  0.00494723
        1974     1.57004     1.74301   0.0049455
        1975     1.56812     1.74292  0.00494379
        1976     1.56661     1.74284   0.0049421
        1977     1.56549     1.74275  0.00494041
        1978     1.56474     1.74266  0.00493873
        1979     1.56434     1.74257  0.00493706
        1980     1.56425     1.74248  0.00493539
        1981     1.56446     1.74239  0.00493371
        1982     1.56494      1.7423  0.00493204
        1983     1.56565     1.74221  0.00493035
        1984     1.56656     1.74212  0.00492866
        1985     1.56766     1.74203  0.00492696
        1986      1.5689     1.74194  0.00492525
        1987     1.57028     1.74186  0.00492353
        1988     1.57175     1.74177   0.0049218
        1989      1.5733     1.74169  0.00492005
        1990     1.57491      1.7416   0.0049183
        1991     1.57656     1.74152  0.00491652
        1992     1.57822     1.74144  0.00491474
        1993     1.57989     1.74136  0.00491294
        1994     1.58155     1.74128  0.00491113
        1995     1.58317      1.7412  0.00490931
        1996     1.58477     1.74112  0.00490747
        1997      1.5863     1.74104  0.00490563
        1998     1.58778     1.74097  0.00490377
        1999     1.58918     1.74089  0.00490191
        2000     1.59049     1.74081  0.00490003
        2001     1.59169     1.74074  0.00489815
        2002     1.59279     1.74067  0.00489626
        2003     1.59376     1.74059  0.00489437
        2004     1.59459     1.74052  0.00489247
        2005     1.59526     1.74045  0.00489056
        2006     1.59577     1.74037  0.00488866
        2007      1.5961      1.7403  0.00488675
        2008     1.59623     1.74023  0.00488484
        2009     1.59616     1.74016  0.00488294
        2010     1.59587     1.74009  0.00488104
        2011     1.59536     1.74002  0.00487914
        2012     1.59463     1.73994  0.00487725
        2013     1.59367     1.73987  0.00487537
        2014     1.59249      1.7398   0.0048735
        2015      1.5911     1.73972  0.00487164
        2016     1.58952     1.73965  0.00486979
        2017     1.58775     1.73957  0.00486796
        2018     1.58583      1.7395  0.00486614
        2019     1.58379     1.73942  0.00486434
        2020     1.58167     1.73934  0.00486256
        2021     1.57951     1.73926   0.0048608
        2022     1.57737     1.73918  0.00485905
        2023     1.57529      1.7391  0.00485733
        2024     1.57333     1.73902  0.00485562
        2025     1.57156     1.73894  0.00485392
        2026     1.57003     1.73885  0.00485224
        2027     1.56879     1.73877  0.00485058
        2028      1.5679     1.73869  0.00484892
        2029     1.56741      1.7386  0.00484726
        2030     1.56735     1.73852  0.00484561
        2031     1.56775     1.73843  0.00484395
        2032     1.56865     1.73835  0.00484229
        2033     1.57004     1.73827  0.00484061
        2034     1.57193     1.73819  0.00483892
        2035      1.5743      1.7381  0.00483722
        2036     1.57714     1.73803  0.00483549
        2037      1.5804     1.73795  0.00483373
        2038     1.58406     1.73787  0.00483195
        2039     1.58807      1.7378  0.00483014
        2040     1.59236     1.73773   0.0048283
        2041      1.5969     1.73766  0.00482642
        2042     1.60161     1.73759  0.00482452
        2043     1.60644     1.73753  0.00482259
        2044     1.61134     1.73747  0.00482062
        2045     1.61625     1.73741  0.00481863
        2046     1.62112     1.73735  0.00481661
        2047     1.62591      1.7373  0.00481456
        2048     1.63056     1.73724   0.0048125
        2049     1.63506     1.73719  0.00481041
        2050     1.63937     1.73715   0.0048083
        2051     1.64347      1.7371  0.00480617
        2052     1.64733     1.73706  0.00480402
        2053     1.65095     1.73702  0.00480187
        2054     1.65432     1.73697   0.0047997
        2055     1.65744     1.73694  0.00479752
        2056      1.6603      1.7369  0.00479533
        2057     1.66291     1.73686  0.00479313
        2058     1.66528     1.73683  0.00479093
        2059     1.66741     1.73679  0.00478872
        2060     1.66932     1.73676  0.00478651
        2061     1.67102     1.73673  0.00478429
        2062     1.67253      1.7367  0.00478208
        2063     1.67386     1.73667  0.00477985
        2064     1.67504     1.73664  0.00477763
        2065     1.67607     1.73661  0.00477541
        2066     1.67697     1.73658  0.00477318
        2067     1.67778     1.73655  0.00477096
        2068      1.6785     1.73652  0.00476874
        2069     1.67917      1.7365  0.00476651
        2070     1.67979     1.73647  0.00476429
        2071     1.68041     1.73644  0.00476206
        2072     1.68103     1.73641  0.00475984
        2073     1.68168     1.73639  0.00475762
        2074     1.68238     1.73636  0.00475539
        2075     1.68316     1.73634  0.00475317
        2076     1.68403     1.73631  0.00475095
        2077       1.685     1.73629  0.00474873
        2078      1.6861     1.73626   0.0047465
        2079     1.68732     1.73624  0.00474428
        2080     1.68869     1.73622  0.00474205
        2081      1.6902     1.73619  0.00473982
        2082     1.69185     1.73617   0.0047376
        2083     1.69363     1.73615  0.00473537
        2084     1.69553     1.73613  0.00473313
        2085     1.69754     1.73611   0.0047309
        2086     1.69964      1.7361  0.00472866
        2087      1.7018     1.73608  0.00472643
        2088     1.70401     1.73606  0.00472419
        2089     1.70623     1.73605  0.00472195
        2090     1.70844     1.73604  0.00471971
        2091     1.71061     1.73603  0.00471747
        2092     1.71271     1.73601  0.00471522
        2093     1.71472       1.736  0.00471298
        2094      1.7166     1.73599  0.00471074
        2095     1.71833     1.73599   0.0047085
        2096     1.71991     1.73598  0.00470626
        2097      1.7213     1.73597  0.00470402
        2098     1.72249     1.73597  0.00470178
        2099     1.72348     1.73596  0.00469955
        2100     1.72425     1.73595  0.00469731
        2101     1.72481     1.73595  0.00469508
        2102     1.72515     1.73594  0.00469285
        2103     1.72527     1.73594  0.00469062
        2104     1.72518     1.73593  0.00468839
        2105     1.72489     1.73593  0.00468617
        2106     1.72441     1.73592  0.00468395
        2107     1.72374     1.73592  0.00468173
        2108     1.72289     1.73591  0.00467951
        2109     1.72187      1.7359   0.0046773
        2110     1.72069      1.7359  0.00467508
        2111     1.71935     1.73589  0.00467288
        2112     1.71786     1.73588  0.00467067
        2113     1.71621     1.73587  0.00466847
        2114     1.71442     1.73586  0.00466627
        2115     1.71247     1.73585  0.00466408
        2116     1.71036     1.73584  0.00466189
        2117     1.70808     1.73582  0.00465971
        2118     1.70564     1.73581  0.00465753
        2119     1.70302     1.73579  0.00465536
        2120     1.70023     1.73578  0.00465319
        2121     1.69728     1.73576  0.00465103
        2122     1.69416     1.73574  0.00464888
        2123     1.69089     1.73572  0.00464674
        2124     1.68749      1.7357  0.00464461
        2125     1.68398     1.73567  0.00464249
        2126      1.6804     1.73565  0.00464038
        2127     1.67676     1.73562  0.00463828
        2128     1.67312     1.73559  0.00463619
        2129     1.66952     1.73556  0.00463412
        2130     1.66599     1.73553  0.00463206
        2131     1.66258     1.73549  0.00463001
        2132     1.65933     1.73546  0.00462797
        2133      1.6563     1.73542  0.00462595
        2134     1.65352     1.73538  0.00462395
        2135     1.65101     1.73534  0.00462195
        2136     1.64881      1.7353  0.00461996
        2137     1.64695     1.73526  0.00461799
        2138     1.64544     1.73522  0.00461602
        2139     1.64429     1.73517  0.00461405
        2140      1.6435     1.73513   0.0046121
        2141     1.64308     1.73509  0.00461014
        2142     1.64302     1.73505  0.00460819
        2143     1.64332       1.735  0.00460624
        2144     1.64396     1.73496  0.00460429
        2145     1.64492     1.73492  0.00460233
        2146      1.6462     1.73488  0.00460037
        2147     1.64776     1.73484  0.00459841
        2148     1.64959      1.7348  0.00459644
        2149     1.65167     1.73476  0.00459446
        2150     1.65395     1.73472  0.00459248
        2151     1.65642     1.73468  0.00459049
        2152     1.65905     1.73465  0.00458849
        2153      1.6618     1.73461  0.00458648
        2154     1.66463     1.73458  0.00458447
        2155     1.66751     1.73455  0.00458245
        2156     1.67041     1.73452  0.00458042
        2157     1.67328     1.73449  0.00457838
        2158     1.67609     1.73447  0.00457634
        2159      1.6788     1.73444   0.0045743
        2160     1.68138     1.73442  0.00457224
        2161     1.68379     1.73439  0.00457019
        2162       1.686     1.73437  0.00456813
        2163     1.68799     1.73435  0.00456607
        2164     1.68974     1.73433    0.004564
        2165     1.69123     1.73431  0.00456194
        2166     1.69244     1.73429  0.00455987
        2167     1.69336     1.73427  0.00455781
        2168       1.694     1.73425  0.00455574
        2169     1.69436     1.73423  0.00455368
        2170     1.69445     1.73421  0.00455162
        2171     1.69429      1.7342  0.00454956
        2172     1.69388     1.73418   0.0045475
        2173     1.69326     1.73416  0.00454545
        2174     1.69245     1.73414   0.0045434
        2175     1.69148     1.73412  0.00454135
        2176     1.69039      1.7341  0.00453931
        2177     1.68921     1.73408  0.00453727
        2178     1.68797     1.73406  0.00453524
        2179      1.6867     1.73404  0.00453321
        2180     1.68545     1.73401  0.00453118
        2181     1.68423     1.73399  0.00452916
        2182     1.68307     1.73397  0.00452715
        2183       1.682     1.73394  0.00452514
        2184     1.68103     1.73392  0.00452313
        2185     1.68017     1.73389  0.00452113
        2186     1.67942     1.73387  0.00451913
        2187      1.6788     1.73384  0.00451713
        2188     1.67828     1.73382  0.00451514
        2189     1.67786     1.73379  0.00451315
        2190     1.67752     1.73377  0.00451116
        2191     1.67725     1.73374  0.00450917
        2192     1.67702     1.73372  0.00450719
        2193     1.67679     1.73369  0.00450521
        2194     1.67656     1.73366  0.00450323
        2195     1.67627     1.73364  0.00450126
        2196      1.6759     1.73361  0.00449928
        2197     1.67543     1.73359  0.00449731
        2198     1.67482     1.73356  0.00449535
        2199     1.67404     1.73353  0.00449339
        2200     1.67307      1.7335  0.00449143
        2201     1.67189     1.73348  0.00448947
        2202     1.67049     1.73345  0.00448753
        2203     1.66885     1.73342  0.00448558
        2204     1.66697     1.73339  0.00448365
        2205     1.66485     1.73336  0.00448173
        2206      1.6625     1.73332  0.00447981
        2207     1.65994     1.73329   0.0044779
        2208     1.65719     1.73326  0.00447601
        2209     1.65428     1.73322  0.00447412
        2210     1.65123     1.73318  0.00447225
        2211     1.64808     1.73315   0.0044704
        2212     1.64488     1.73311  0.00446855
        2213     1.64166     1.73306  0.00446672
        2214     1.63847     1.73302  0.00446491
        2215     1.63534     1.73298  0.00446311
        2216     1.63232     1.73293  0.00446133
        2217     1.62944     1.73289  0.00445956
        2218     1.62674     1.73284  0.00445781
        2219     1.62423     1.73279  0.00445607
        2220     1.62195     1.73274  0.00445434
        2221     1.61989     1.73269  0.00445262
        2222     1.61808     1.73264  0.00445092
        2223      1.6165     1.73258  0.00444922
        2224     1.61516     1.73253  0.00444754
        2225     1.61405     1.73248  0.00444586
        2226     1.61314     1.73242  0.00444418
        2227     1.61243     1.73237  0.00444251
        2228     1.61189     1.73232  0.00444085
        2229      1.6115     1.73226  0.00443919
        2230     1.61125     1.73221  0.00443753
        2231     1.61111     1.73215  0.00443587
        2232     1.61106      1.7321  0.00443422
        2233     1.61109     1.73205  0.00443256
        2234     1.61117     1.73199  0.00443091
        2235      1.6113     1.73194  0.00442925
        2236     1.61146     1.73188   0.0044276
        2237     1.61163     1.73183  0.00442595
        2238     1.61181     1.73178  0.00442429
        2239     1.61199     1.73172  0.00442264
        2240     1.61217     1.73167  0.00442099
        2241     1.61233     1.73162  0.00441934
        2242     1.61249     1.73156  0.00441769
        2243     1.61262     1.73151  0.00441603
        2244     1.61274     1.73146  0.00441438
        2245     1.61283      1.7314  0.00441273
        2246      1.6129     1.73135  0.00441108
        2247     1.61295      1.7313  0.00440944
        2248     1.61298     1.73125  0.00440779
        2249     1.61298     1.73119  0.00440614
        2250     1.61295     1.73114   0.0044045
        2251      1.6129     1.73109  0.00440285
        2252     1.61282     1.73104  0.00440121
        2253     1.61272     1.73098  0.00439957
        2254      1.6126     1.73093  0.00439793
        2255     1.61245     1.73088   0.0043963
        2256     1.61228     1.73083  0.00439466
        2257     1.61209     1.73077  0.00439303
        2258     1.61189     1.73072   0.0043914
        2259     1.61167     1.73067  0.00438977
        2260     1.61145     1.73062  0.00438815
        2261     1.61124     1.73056  0.00438652
        2262     1.61102     1.73051   0.0043849
        2263     1.61083     1.73046  0.00438328
        2264     1.61065      1.7304  0.00438167
        2265     1.61051     1.73035  0.00438005
        2266     1.61042      1.7303  0.00437844
        2267     1.61039     1.73024  0.00437683
        2268     1.61042     1.73019  0.00437522
        2269     1.61054     1.73014  0.00437361
        2270     1.61076     1.73009    0.004372
        2271     1.61109     1.73003  0.00437038
        2272     1.61156     1.72998  0.00436877
        2273     1.61217     1.72993  0.00436716
        2274     1.61296     1.72988  0.00436554
        2275     1.61395     1.72983  0.00436392
        2276     1.61514     1.72978  0.00436229
        2277     1.61656     1.72973  0.00436066
        2278     1.61823     1.72968  0.00435902
        2279     1.62017     1.72963  0.00435737
        2280     1.62238     1.72958  0.00435572
        2281     1.62489     1.72954  0.00435405
        2282     1.62769     1.72949  0.00435237
        2283     1.63079     1.72945  0.00435068
        2284      1.6342     1.72941  0.00434897
        2285      1.6379     1.72937  0.00434725
        2286     1.64189     1.72933  0.00434552
        2287     1.64615     1.72929  0.00434377
        2288     1.65066     1.72926  0.00434201
        2289      1.6554     1.72923  0.00434023
        2290     1.66033      1.7292  0.00433844
        2291     1.66543     1.72917  0.00433664
        2292     1.67065     1.72914  0.00433482
        2293     1.67596     1.72912  0.00433299
        2294     1.68133      1.7291  0.00433115
        2295      1.6867     1.72908   0.0043293
        2296     1.69204     1.72906  0.00432745
        2297     1.69731     1.72905  0.00432559
        2298     1.70248     1.72904  0.00432372
        2299     1.70751     1.72903  0.00432185
        2300     1.71235     1.72902  0.00431998
        2301     1.71699     1.72902   0.0043181
        2302     1.72139     1.72901  0.00431623
        2303     1.72552     1.72901  0.00431435
        2304     1.72936     1.72901  0.00431248
        2305     1.73288     1.72901  0.00431061
        2306     1.73608     1.72902  0.00430874
        2307     1.73893     1.72902  0.00430688
        2308     1.74141     1.72903  0.00430501
        2309     1.74353     1.72903  0.00430315
        2310     1.74526     1.72904   0.0043013
        2311      1.7466     1.72905  0.00429944
        2312     1.74756     1.72906  0.00429759
        2313     1.74812     1.72906  0.00429574
        2314     1.74828     1.72907  0.00429389
        2315     1.74805     1.72908  0.00429205
        2316     1.74744     1.72909   0.0042902
        2317     1.74644      1.7291  0.00428835
        2318     1.74508      1.7291  0.00428651
        2319     1.74335     1.72911  0.00428467
        2320     1.74128     1.72911  0.00428282
        2321     1.73887     1.72912  0.00428098
        2322     1.73614     1.72912  0.00427914
        2323     1.73311     1.72912  0.00427729
        2324      1.7298     1.72912  0.00427545
        2325     1.72623     1.72912  0.00427362
        2326     1.72242     1.72912  0.00427178
        2327     1.71839     1.72912  0.00426995
        2328     1.71418     1.72911  0.00426812
        2329     1.70981      1.7291  0.00426629
        2330      1.7053     1.72909  0.00426447
        2331     1.70068     1.72908  0.00426266
        2332     1.69599     1.72906  0.00426086
        2333     1.69124     1.72905  0.00425906
        2334     1.68647     1.72903  0.00425728
        2335     1.68172     1.72901   0.0042555
        2336       1.677     1.72899  0.00425374
        2337     1.67236     1.72896  0.00425199
        2338     1.66781     1.72894  0.00425025
        2339      1.6634     1.72891  0.00424852
        2340     1.65915     1.72888  0.00424681
        2341     1.65509     1.72885  0.00424511
        2342     1.65125     1.72881  0.00424343
        2343     1.64766     1.72878  0.00424176
        2344     1.64434     1.72874  0.00424011
        2345     1.64133     1.72871  0.00423846
        2346     1.63865     1.72867  0.00423683
        2347     1.63632     1.72863  0.00423521
        2348     1.63436     1.72859  0.00423359
        2349      1.6328     1.72855  0.00423199
        2350     1.63166     1.72851  0.00423039
        2351     1.63095     1.72846  0.00422879
        2352     1.63068     1.72842   0.0042272
        2353     1.63086     1.72838   0.0042256
        2354     1.63151     1.72834  0.00422401
        2355     1.63262      1.7283  0.00422241
        2356     1.63419     1.72826  0.00422081
        2357     1.63623     1.72822   0.0042192
        2358     1.63872     1.72818  0.00421758
        2359     1.64167     1.72815  0.00421595
        2360     1.64505     1.72811  0.00421431
        2361     1.64884     1.72808  0.00421266
        2362     1.65304     1.72805    0.004211
        2363     1.65761     1.72802  0.00420932
        2364     1.66254     1.72799  0.00420763
        2365     1.66779     1.72796  0.00420593
        2366     1.67333     1.72794  0.00420421
        2367     1.67913     1.72792  0.00420249
        2368     1.68516      1.7279  0.00420075
        2369     1.69137     1.72789  0.00419901
        2370     1.69772     1.72787  0.00419725
        2371     1.70418     1.72786   0.0041955
        2372      1.7107     1.72786  0.00419373
        2373     1.71723     1.72785  0.00419197
        2374     1.72374     1.72785   0.0041902
        2375     1.73017     1.72785  0.00418844
        2376     1.73648     1.72785  0.00418668
        2377     1.74263     1.72786  0.00418492
        2378     1.74857     1.72787  0.00418317
        2379     1.75427     1.72788  0.00418143
        2380     1.75967     1.72789  0.00417969
        2381     1.76474     1.72791  0.00417796
        2382     1.76945     1.72793  0.00417625
        2383     1.77376     1.72795  0.00417454
        2384     1.77764     1.72797  0.00417284
        2385     1.78107     1.72799  0.00417115
        2386     1.78402     1.72801  0.00416947
        2387     1.78647     1.72804  0.00416779
        2388     1.78841     1.72806  0.00416612
        2389     1.78982     1.72809  0.00416446
        2390     1.79069     1.72811   0.0041628
        2391     1.79102     1.72814  0.00416114
        2392     1.79081     1.72817  0.00415949
        2393     1.79006     1.72819  0.00415783
        2394     1.78877     1.72822  0.00415617
        2395     1.78696     1.72824   0.0041545
        2396     1.78462     1.72827  0.00415284
        2397     1.78177     1.72829  0.00415116
        2398     1.77843     1.72831  0.00414949
        2399      1.7746     1.72833   0.0041478
        2400      1.7703     1.72835  0.00414611
        2401     1.76555     1.72836  0.00414441
        2402     1.76036     1.72837  0.00414271
        2403     1.75475     1.72839    0.004141
        2404     1.74874     1.72839  0.00413929
        2405     1.74235      1.7284  0.00413757
        2406     1.73559      1.7284  0.00413585
        2407      1.7285      1.7284  0.00413413
        2408     1.72109      1.7284  0.00413242
        2409     1.71339     1.72839   0.0041307
        2410     1.70541     1.72838    0.004129
        2411     1.69718     1.72837  0.00412731
        2412     1.68873     1.72835  0.00412563
        2413     1.68009     1.72833  0.00412397
        2414     1.67127     1.72831  0.00412233
        2415     1.66232     1.72828  0.00412071
        2416     1.65325     1.72825  0.00411912
        2417     1.64411     1.72822  0.00411757
        2418     1.63491     1.72818  0.00411604
        2419      1.6257     1.72814  0.00411456
        2420     1.61649     1.72809  0.00411312
        2421     1.60734     1.72804  0.00411172
        2422     1.59825     1.72799  0.00411037
        2423     1.58928     1.72793  0.00410908
        2424     1.58044     1.72787  0.00410783
        2425     1.57177      1.7278  0.00410664
        2426     1.56331     1.72774  0.00410551
        2427     1.55508     1.72767  0.00410443
        2428     1.54711     1.72759  0.00410342
        2429     1.53944     1.72751  0.00410246
        2430     1.53209     1.72743  0.00410156
        2431     1.52509     1.72735  0.00410072
        2432     1.51848     1.72726  0.00409993
        2433     1.51228     1.72718   0.0040992
        2434     1.50652     1.72709  0.00409851
        2435     1.50123     1.72699  0.00409788
        2436     1.49645      1.7269  0.00409729
        2437     1.49218      1.7268  0.00409674
        2438     1.48847      1.7267  0.00409623
        2439     1.48533     1.72661  0.00409574
        2440     1.48279     1.72651  0.00409528
        2441     1.48087      1.7264  0.00409484
        2442     1.47959      1.7263  0.00409441
        2443     1.47895      1.7262  0.00409399
        2444     1.47896      1.7261  0.00409356
        2445     1.47964       1.726  0.00409313
        2446     1.48098      1.7259  0.00409268
        2447     1.48298      1.7258  0.00409221
        2448     1.48562      1.7257  0.00409172
        2449      1.4889     1.72561  0.00409119
        2450     1.49278     1.72551  0.00409062
        2451     1.49724     1.72542  0.00409001
        2452     1.50227     1.72533  0.00408936
        2453     1.50781     1.72524  0.00408865
        2454     1.51383     1.72515  0.00408789
        2455      1.5203     1.72507  0.00408708
        2456     1.52718     1.72499  0.00408621
        2457     1.53441     1.72491  0.00408528
        2458     1.54197     1.72484   0.0040843
        2459     1.54981     1.72476  0.00408326
        2460     1.55789      1.7247  0.00408216
        2461     1.56616     1.72463  0.00408101
        2462     1.57459     1.72457  0.00407981
        2463     1.58315     1.72451  0.00407856
        2464      1.5918     1.72446  0.00407726
        2465     1.60052     1.72441  0.00407591
        2466     1.60928     1.72436  0.00407453
        2467     1.61804     1.72432   0.0040731
        2468      1.6268     1.72428  0.00407164
        2469     1.63552     1.72424  0.00407015
        2470      1.6442     1.72421  0.00406864
        2471     1.65282     1.72418  0.00406709
        2472     1.66136     1.72416  0.00406553
        2473     1.66981     1.72414  0.00406394
        2474     1.67817     1.72412  0.00406234
        2475     1.68641      1.7241  0.00406073
        2476     1.69454     1.72409  0.00405911
        2477     1.70254     1.72408  0.00405748
        2478      1.7104     1.72408  0.00405584
        2479     1.71812     1.72407  0.00405421
        2480     1.72567     1.72407  0.00405257
        2481     1.73306     1.72408  0.00405094
        2482     1.74027     1.72408  0.00404931
        2483     1.74729     1.72409  0.00404769
        2484     1.75411     1.72411  0.00404608
        2485     1.76072     1.72412  0.00404448
        2486     1.76711     1.72414  0.00404289
        2487     1.77325     1.72416  0.00404131
        2488     1.77914     1.72418  0.00403975
        2489     1.78477      1.7242   0.0040382
        2490     1.79012     1.72423  0.00403666
        2491     1.79517     1.72426  0.00403514
        2492      1.7999     1.72429  0.00403364
        2493     1.80432     1.72432  0.00403215
        2494     1.80839     1.72436  0.00403067
        2495     1.81212     1.72439  0.00402921
        2496     1.81547     1.72443  0.00402776
        2497     1.81846     1.72446  0.00402633
        2498     1.82105      1.7245   0.0040249
        2499     1.82325     1.72454  0.00402348
        2500     1.82504     1.72458  0.00402207
        2501     1.82642     1.72462  0.00402067
        2502     1.82738     1.72466  0.00401927
        2503     1.82792     1.72471  0.00401788
        2504     1.82803     1.72475  0.00401649
        2505     1.82772     1.72479   0.0040151
        2506     1.82698     1.72483   0.0040137
        2507     1.82583     1.72487   0.0040123
        2508     1.82425     1.72491   0.0040109
        2509     1.82228     1.72495  0.00400949
        2510      1.8199     1.72499  0.00400807
        2511     1.81714     1.72502  0.00400664
        2512     1.81401     1.72506   0.0040052
        2513     1.81052     1.72509  0.00400375
        2514     1.80669     1.72512  0.00400229
        2515     1.80254     1.72516  0.00400082
        2516      1.7981     1.72518  0.00399933
        2517     1.79338     1.72521  0.00399783
        2518      1.7884     1.72524  0.00399633
        2519      1.7832     1.72526  0.00399481
        2520      1.7778     1.72528  0.00399327
        2521     1.77222      1.7253  0.00399173
        2522      1.7665     1.72532  0.00399019
        2523     1.76066     1.72533  0.00398863
        2524     1.75474     1.72534  0.00398706
        2525     1.74877     1.72535   0.0039855
        2526     1.74278     1.72536  0.00398392
        2527     1.73681     1.72536  0.00398235
        2528     1.73089     1.72536  0.00398078
        2529     1.72505     1.72536   0.0039792
        2530     1.71933     1.72536  0.00397763
        2531     1.71376     1.72536  0.00397606
        2532     1.70838     1.72535   0.0039745
        2533     1.70323     1.72534  0.00397294
        2534     1.69833     1.72533  0.00397138
        2535     1.69372     1.72532  0.00396984
        2536     1.68942      1.7253   0.0039683
        2537     1.68547     1.72529  0.00396676
        2538      1.6819     1.72527  0.00396524
        2539     1.67871     1.72525  0.00396372
        2540     1.67594     1.72523   0.0039622
        2541     1.67358     1.72521   0.0039607
        2542     1.67165     1.72519   0.0039592
        2543     1.67016     1.72517   0.0039577
        2544     1.66908     1.72515   0.0039562
        2545     1.66843     1.72513  0.00395471
        2546     1.66819      1.7251  0.00395322
        2547     1.66833     1.72508  0.00395173
        2548     1.66883     1.72506  0.00395024
        2549     1.66966     1.72504  0.00394875
        2550      1.6708     1.72502  0.00394726
        2551     1.67221       1.725  0.00394577
        2552     1.67385     1.72498  0.00394427
        2553     1.67569     1.72496  0.00394278
        2554     1.67769     1.72494  0.00394128
        2555     1.67981     1.72492  0.00393977
        2556     1.68202      1.7249  0.00393827
        2557     1.68429     1.72489  0.00393676
        2558     1.68658     1.72487  0.00393525
        2559     1.68888     1.72486  0.00393374
        2560     1.69114     1.72485  0.00393222
        2561     1.69336     1.72483   0.0039307
        2562     1.69551     1.72482  0.00392919
        2563     1.69758     1.72481  0.00392767
        2564     1.69956      1.7248  0.00392615
        2565     1.70144     1.72479  0.00392463
        2566     1.70322     1.72478  0.00392311
        2567     1.70488     1.72478  0.00392159
        2568     1.70643     1.72477  0.00392007
        2569     1.70788     1.72476  0.00391855
        2570     1.70922     1.72476  0.00391703
        2571     1.71046     1.72475  0.00391551
        2572      1.7116     1.72475  0.00391399
        2573     1.71265     1.72474  0.00391247
        2574     1.71362     1.72474  0.00391095
        2575      1.7145     1.72473  0.00390944
        2576     1.71531     1.72473  0.00390792
        2577     1.71605     1.72473   0.0039064
        2578     1.71672     1.72472  0.00390489
        2579     1.71732     1.72472  0.00390338
        2580     1.71785     1.72472  0.00390187
        2581     1.71833     1.72471  0.00390035
        2582     1.71874     1.72471  0.00389884
        2583      1.7191     1.72471  0.00389734
        2584     1.71939     1.72471  0.00389583
        2585     1.71963     1.72471  0.00389432
        2586      1.7198      1.7247  0.00389282
        2587     1.71991      1.7247  0.00389131
        2588     1.71996      1.7247  0.00388981
        2589     1.71995      1.7247  0.00388831
        2590     1.71987      1.7247  0.00388681
        2591     1.71974     1.72469  0.00388531
        2592     1.71954     1.72469  0.00388381
        2593     1.71928     1.72469  0.00388231
        2594     1.71895     1.72469  0.00388081
        2595     1.71856     1.72469  0.00387932
        2596     1.71809     1.72468  0.00387783
        2597     1.71756     1.72468  0.00387633
        2598     1.71695     1.72468  0.00387484
        2599     1.71626     1.72467  0.00387335
        2600     1.71549     1.72467  0.00387187
        2601     1.71463     1.72467  0.00387038
        2602     1.71367     1.72466  0.00386889
        2603      1.7126     1.72466  0.00386741
        2604     1.71143     1.72465  0.00386593
        2605     1.71014     1.72465  0.00386445
        2606     1.70872     1.72464  0.00386297
        2607     1.70717     1.72463  0.00386149
        2608     1.70549     1.72463  0.00386002
        2609     1.70366     1.72462  0.00385855
        2610     1.70169     1.72461  0.00385708
        2611     1.69958      1.7246  0.00385562
        2612     1.69733     1.72459  0.00385415
        2613     1.69495     1.72458  0.00385269
        2614     1.69244     1.72457  0.00385124
        2615     1.68983     1.72455  0.00384979
        2616     1.68713     1.72454  0.00384835
        2617     1.68434     1.72452  0.00384691
        2618     1.68151     1.72451  0.00384547
        2619     1.67864     1.72449  0.00384404
        2620     1.67576     1.72447  0.00384262
        2621     1.67291     1.72445  0.00384121
        2622     1.67011     1.72443   0.0038398
        2623     1.66738     1.72441  0.00383839
        2624     1.66477     1.72439    0.003837
        2625      1.6623     1.72436  0.00383561
        2626        1.66     1.72434  0.00383423
        2627      1.6579     1.72431  0.00383285
        2628     1.65601     1.72429  0.00383148
        2629     1.65437     1.72426  0.00383012
        2630     1.65299     1.72423  0.00382876
        2631     1.65189     1.72421   0.0038274
        2632     1.65107     1.72418  0.00382605
        2633     1.65055     1.72415  0.00382469
        2634     1.65033     1.72412  0.00382335
        2635      1.6504     1.72409    0.003822
        2636     1.65076     1.72407  0.00382065
        2637     1.65139     1.72404   0.0038193
        2638     1.65228     1.72401  0.00381795
        2639      1.6534     1.72398  0.00381659
        2640     1.65474     1.72396  0.00381524
        2641     1.65626     1.72393  0.00381388
        2642     1.65793     1.72391  0.00381252
        2643     1.65972     1.72388  0.00381115
        2644      1.6616     1.72386  0.00380978
        2645     1.66353     1.72384  0.00380841
        2646     1.66547     1.72381  0.00380704
        2647     1.66739     1.72379  0.00380566
        2648     1.66925     1.72377  0.00380428
        2649     1.67102     1.72375  0.00380289
        2650     1.67266     1.72373  0.00380151
        2651     1.67415     1.72372  0.00380012
        2652     1.67545      1.7237  0.00379873
        2653     1.67654     1.72368  0.00379734
        2654      1.6774     1.72366  0.00379595
        2655     1.67801     1.72364  0.00379456
        2656     1.67835     1.72363  0.00379317
        2657     1.67842     1.72361  0.00379178
        2658     1.67819     1.72359  0.00379039
        2659     1.67766     1.72358    0.003789
        2660     1.67684     1.72356  0.00378762
        2661     1.67571     1.72354  0.00378624
        2662     1.67429     1.72352  0.00378486
        2663     1.67257      1.7235  0.00378349
        2664     1.67056     1.72348  0.00378212
        2665     1.66828     1.72346  0.00378076
        2666     1.66574     1.72344   0.0037794
        2667     1.66294     1.72342  0.00377805
        2668     1.65991     1.72339  0.00377671
        2669     1.65667     1.72337  0.00377538
        2670     1.65323     1.72334  0.00377406
        2671     1.64961     1.72332  0.00377275
        2672     1.64584     1.72329  0.00377145
        2673     1.64194     1.72326  0.00377016
        2674     1.63793     1.72322  0.00376888
        2675     1.63385     1.72319  0.00376762
        2676     1.62971     1.72316  0.00376638
        2677     1.62556     1.72312  0.00376515
        2678     1.62141     1.72308  0.00376393
        2679      1.6173     1.72304  0.00376273
        2680     1.61325       1.723  0.00376155
        2681      1.6093     1.72296  0.00376039
        2682     1.60547     1.72291  0.00375924
        2683      1.6018     1.72287  0.00375811
        2684     1.59831     1.72282    0.003757
        2685     1.59505     1.72278   0.0037559
        2686     1.59203     1.72273  0.00375482
        2687     1.58928     1.72268  0.00375375
        2688     1.58683     1.72263  0.00375269
        2689     1.58471     1.72258  0.00375165
        2690     1.58295     1.72252  0.00375061
        2691     1.58156     1.72247  0.00374958
        2692     1.58058     1.72242  0.00374856
        2693     1.58001     1.72237  0.00374754
        2694     1.57987     1.72231  0.00374652
        2695     1.58018     1.72226   0.0037455
        2696     1.58096     1.72221  0.00374448
        2697      1.5822     1.72216  0.00374345
        2698     1.58392      1.7221  0.00374242
        2699     1.58611     1.72205  0.00374137
        2700     1.58878       1.722  0.00374031
        2701      1.5919     1.72196  0.00373923
        2702     1.59547     1.72191  0.00373814
        2703     1.59947     1.72186  0.00373703
        2704     1.60389     1.72182  0.00373591
        2705     1.60869     1.72178  0.00373476
        2706     1.61386     1.72174  0.00373359
        2707     1.61935      1.7217  0.00373241
        2708     1.62514     1.72167   0.0037312
        2709      1.6312     1.72163  0.00372997
        2710     1.63749      1.7216  0.00372872
        2711     1.64396     1.72157  0.00372746
        2712     1.65059     1.72155  0.00372617
        2713     1.65733     1.72152  0.00372488
        2714     1.66416      1.7215  0.00372356
        2715     1.67102     1.72148  0.00372224
        2716     1.67789     1.72147   0.0037209
        2717     1.68474     1.72145  0.00371956
        2718     1.69152     1.72144  0.00371821
        2719     1.69821     1.72143  0.00371685
        2720     1.70479     1.72143  0.00371549
        2721     1.71122     1.72142  0.00371412
        2722     1.71749     1.72142  0.00371276
        2723     1.72356     1.72142   0.0037114
        2724     1.72943     1.72143  0.00371003
        2725     1.73507     1.72143  0.00370868
        2726     1.74046     1.72144  0.00370732
        2727     1.74559     1.72145  0.00370597
        2728     1.75045     1.72146  0.00370463
        2729     1.75502     1.72147  0.00370329
        2730     1.75928     1.72148  0.00370196
        2731     1.76324      1.7215  0.00370064
        2732     1.76689     1.72152  0.00369932
        2733      1.7702     1.72153  0.00369801
        2734     1.77319     1.72155  0.00369671
        2735     1.77583     1.72157  0.00369541
        2736     1.77813     1.72159  0.00369411
        2737     1.78007     1.72161  0.00369283
        2738     1.78167     1.72164  0.00369154
        2739     1.78291     1.72166  0.00369026
        2740     1.78381     1.72168  0.00368899
        2741     1.78435      1.7217  0.00368771
        2742     1.78455     1.72173  0.00368644
        2743     1.78442     1.72175  0.00368516
        2744     1.78395     1.72177  0.00368389
        2745     1.78317     1.72179  0.00368262
        2746     1.78208     1.72182  0.00368134
        2747     1.78071     1.72184  0.00368006
        2748     1.77908     1.72186  0.00367878
        2749     1.77721     1.72188   0.0036775
        2750     1.77512      1.7219  0.00367621
        2751     1.77285     1.72192  0.00367492
        2752     1.77041     1.72193  0.00367363
        2753     1.76785     1.72195  0.00367233
        2754     1.76519     1.72197  0.00367103
        2755     1.76246     1.72198  0.00366973
        2756      1.7597       1.722  0.00366843
        2757     1.75693     1.72201  0.00366712
        2758     1.75418     1.72202  0.00366581
        2759     1.75148     1.72203  0.00366449
        2760     1.74884     1.72204  0.00366318
        2761      1.7463     1.72205  0.00366186
        2762     1.74388     1.72206  0.00366054
        2763     1.74158     1.72206  0.00365923
        2764     1.73942     1.72207  0.00365791
        2765     1.73741     1.72208  0.00365659
        2766     1.73555     1.72208  0.00365527
        2767     1.73384     1.72208  0.00365395
        2768     1.73229     1.72209  0.00365263
        2769      1.7309     1.72209  0.00365132
        2770     1.72966     1.72209     0.00365
        2771     1.72856      1.7221  0.00364868
        2772     1.72761      1.7221  0.00364737
        2773     1.72678      1.7221  0.00364605
        2774     1.72606      1.7221  0.00364474
        2775     1.72546      1.7221  0.00364342
        2776     1.72495      1.7221  0.00364211
        2777     1.72452      1.7221   0.0036408
        2778     1.72417     1.72211  0.00363949
        2779     1.72386     1.72211  0.00363818
        2780     1.72361     1.72211  0.00363687
        2781     1.72338     1.72211  0.00363556
        2782     1.72316     1.72211  0.00363426
        2783     1.72295     1.72211  0.00363295
        2784     1.72273     1.72211  0.00363165
        2785     1.72247     1.72211  0.00363034
        2786     1.72218     1.72211  0.00362904
        2787     1.72182     1.72211  0.00362774
        2788      1.7214     1.72211  0.00362644
        2789     1.72089     1.72211  0.00362514
        2790     1.72028     1.72211  0.00362384
        2791     1.71957     1.72211  0.00362254
        2792     1.71873      1.7221  0.00362124
        2793     1.71777      1.7221  0.00361994
        2794     1.71667      1.7221  0.00361865
        2795     1.71544      1.7221  0.00361736
        2796     1.71407      1.7221  0.00361606
        2797     1.71256     1.72209  0.00361477
        2798     1.71091     1.72209  0.00361348
        2799     1.70914     1.72208  0.00361219
        2800     1.70725     1.72208  0.00361091
        2801     1.70525     1.72207  0.00360962
        2802     1.70315     1.72207  0.00360834
        2803     1.70099     1.72206  0.00360706
        2804     1.69877     1.72205  0.00360579
        2805     1.69651     1.72204  0.00360451
        2806     1.69425     1.72203  0.00360324
        2807       1.692     1.72202  0.00360197
        2808      1.6898     1.72201  0.00360071
        2809     1.68766       1.722  0.00359945
        2810     1.68562     1.72198  0.00359819
        2811     1.68371     1.72197  0.00359694
        2812     1.68195     1.72196  0.00359568
        2813     1.68037     1.72194  0.00359444
        2814     1.67898     1.72193  0.00359319
        2815     1.67781     1.72191  0.00359195
        2816     1.67688     1.72189  0.00359071
        2817     1.67621     1.72188  0.00358947
        2818      1.6758     1.72186  0.00358823
        2819     1.67567     1.72185    0.003587
        2820     1.67583     1.72183  0.00358576
        2821     1.67626     1.72181  0.00358453
        2822     1.67698      1.7218  0.00358329
        2823     1.67798     1.72178  0.00358206
        2824     1.67924     1.72177  0.00358082
        2825     1.68077     1.72175  0.00357958
        2826     1.68254     1.72174  0.00357834
        2827     1.68455     1.72172   0.0035771
        2828     1.68677     1.72171  0.00357586
        2829     1.68917      1.7217  0.00357461
        2830     1.69175     1.72169  0.00357337
        2831     1.69446     1.72168  0.00357212
        2832     1.69729     1.72167  0.00357087
        2833      1.7002     1.72166  0.00356961
        2834     1.70317     1.72166  0.00356836
        2835     1.70616     1.72165  0.00356711
        2836     1.70916     1.72165  0.00356585
        2837     1.71211     1.72164   0.0035646
        2838       1.715     1.72164  0.00356334
        2839     1.71779     1.72164  0.00356208
        2840     1.72045     1.72164  0.00356083
        2841     1.72296     1.72164  0.00355958
        2842     1.72528     1.72164  0.00355833
        2843     1.72739     1.72164  0.00355707
        2844     1.72927     1.72165  0.00355582
        2845     1.73089     1.72165  0.00355458
        2846     1.73224     1.72165  0.00355333
        2847     1.73331     1.72166  0.00355208
        2848     1.73409     1.72166  0.00355084
        2849     1.73457     1.72167   0.0035496
        2850     1.73474     1.72167  0.00354835
        2851     1.73462     1.72168  0.00354711
        2852     1.73422     1.72168  0.00354587
        2853     1.73354     1.72168  0.00354463
        2854      1.7326     1.72169  0.00354339
        2855     1.73143     1.72169  0.00354215
        2856     1.73006     1.72169  0.00354091
        2857     1.72851      1.7217  0.00353967
        2858     1.72684      1.7217  0.00353843
        2859     1.72507      1.7217   0.0035372
        2860     1.72324      1.7217  0.00353596
        2861      1.7214      1.7217  0.00353472
        2862     1.71958      1.7217  0.00353349
        2863     1.71784      1.7217  0.00353226
        2864      1.7162      1.7217  0.00353102
        2865     1.71471     1.72169  0.00352979
        2866     1.71341     1.72169  0.00352856
        2867      1.7123     1.72169  0.00352733
        2868     1.71143     1.72168   0.0035261
        2869      1.7108     1.72168  0.00352488
        2870     1.71044     1.72168  0.00352365
        2871     1.71034     1.72167  0.00352243
        2872      1.7105     1.72167   0.0035212
        2873     1.71093     1.72167  0.00351998
        2874     1.71162     1.72166  0.00351875
        2875     1.71254     1.72166  0.00351753
        2876     1.71368     1.72166  0.00351631
        2877     1.71502     1.72165  0.00351509
        2878     1.71654     1.72165  0.00351387
        2879     1.71821     1.72165  0.00351265
        2880     1.71999     1.72165  0.00351143
        2881     1.72186     1.72165  0.00351021
        2882     1.72378     1.72165  0.00350899
        2883     1.72573     1.72165  0.00350777
        2884     1.72766     1.72165  0.00350656
        2885     1.72955     1.72166  0.00350534
        2886     1.73136     1.72166  0.00350413
        2887     1.73306     1.72166  0.00350292
        2888     1.73461     1.72167  0.00350171
        2889     1.73599     1.72167   0.0035005
        2890     1.73716     1.72168  0.00349929
        2891      1.7381     1.72168  0.00349809
        2892     1.73878     1.72169  0.00349688
        2893     1.73916      1.7217  0.00349568
        2894     1.73924      1.7217  0.00349448
        2895     1.73898     1.72171  0.00349328
        2896     1.73836     1.72171  0.00349207
        2897     1.73739     1.72172  0.00349087
        2898     1.73603     1.72172  0.00348967
        2899      1.7343     1.72173  0.00348847
        2900     1.73217     1.72173  0.00348727
        2901     1.72967     1.72174  0.00348607
        2902     1.72678     1.72174  0.00348487
        2903     1.72352     1.72174  0.00348367
        2904     1.71991     1.72174  0.00348247
        2905     1.71596     1.72174  0.00348127
        2906      1.7117     1.72173  0.00348007
        2907     1.70715     1.72173  0.00347888
        2908     1.70234     1.72172  0.00347769
        2909      1.6973     1.72171   0.0034765
        2910     1.69209      1.7217  0.00347532
        2911     1.68672     1.72169  0.00347415
        2912     1.68126     1.72168  0.00347299
        2913     1.67575     1.72166  0.00347183
        2914     1.67023     1.72164  0.00347068
        2915     1.66475     1.72162  0.00346955
        2916     1.65936      1.7216  0.00346842
        2917     1.65411     1.72158  0.00346731
        2918     1.64904     1.72155  0.00346621
        2919      1.6442     1.72153  0.00346513
        2920     1.63963      1.7215  0.00346405
        2921     1.63537     1.72147  0.00346299
        2922     1.63145     1.72144  0.00346194
        2923     1.62791     1.72141  0.00346091
        2924     1.62477     1.72137  0.00345988
        2925     1.62205     1.72134  0.00345887
        2926     1.61977      1.7213  0.00345786
        2927     1.61792     1.72127  0.00345686
        2928      1.6165     1.72123  0.00345586
        2929     1.61551      1.7212  0.00345487
        2930     1.61494     1.72116  0.00345388
        2931     1.61475     1.72112  0.00345289
        2932     1.61493     1.72109  0.00345191
        2933     1.61544     1.72105  0.00345092
        2934     1.61625     1.72102  0.00344993
        2935     1.61733     1.72098  0.00344893
        2936     1.61864     1.72095  0.00344793
        2937     1.62015     1.72091  0.00344693
        2938     1.62181     1.72088  0.00344592
        2939     1.62359     1.72085  0.00344491
        2940     1.62547     1.72081  0.00344389
        2941     1.62743     1.72078  0.00344286
        2942     1.62943     1.72075  0.00344183
        2943     1.63148     1.72072   0.0034408
        2944     1.63356     1.72069  0.00343976
        2945     1.63566     1.72066  0.00343871
        2946      1.6378     1.72063  0.00343766
        2947     1.63997     1.72061   0.0034366
        2948      1.6422     1.72058  0.00343554
        2949     1.64449     1.72055  0.00343447
        2950     1.64687     1.72053   0.0034334
        2951     1.64936      1.7205  0.00343232
        2952     1.65197     1.72048  0.00343123
        2953     1.65473     1.72046  0.00343014
        2954     1.65766     1.72044  0.00342905
        2955     1.66077     1.72042  0.00342795
        2956     1.66408      1.7204  0.00342684
        2957      1.6676     1.72038  0.00342573
        2958     1.67133     1.72036  0.00342461
        2959     1.67528     1.72035  0.00342349
        2960     1.67945     1.72034  0.00342236
        2961     1.68382     1.72032  0.00342122
        2962     1.68839     1.72031  0.00342009
        2963     1.69315      1.7203  0.00341894
        2964     1.69807      1.7203   0.0034178
        2965     1.70313     1.72029  0.00341665
        2966     1.70832     1.72029   0.0034155
        2967     1.71361     1.72028  0.00341435
        2968     1.71897     1.72028   0.0034132
        2969     1.72439     1.72028  0.00341205
        2970     1.72984     1.72029   0.0034109
        2971     1.73529     1.72029  0.00340976
        2972     1.74073      1.7203  0.00340862
        2973     1.74614     1.72031  0.00340748
        2974     1.75148     1.72032  0.00340635
        2975     1.75676     1.72033  0.00340523
        2976     1.76194     1.72034  0.00340412
        2977     1.76702     1.72036  0.00340301
        2978     1.77199     1.72038  0.00340191
        2979     1.77684      1.7204  0.00340082
        2980     1.78156     1.72042  0.00339974
        2981     1.78615     1.72044  0.00339867
        2982      1.7906     1.72046  0.00339761
        2983     1.79492     1.72049  0.00339657
        2984     1.79909     1.72051  0.00339553
        2985     1.80314     1.72054  0.00339451
        2986     1.80706     1.72057  0.00339349
        2987     1.81086      1.7206  0.00339249
        2988     1.81454     1.72063   0.0033915
        2989     1.81812     1.72067  0.00339052
        2990     1.82161      1.7207  0.00338956
        2991     1.82503     1.72073   0.0033886
        2992     1.82837     1.72077  0.00338766
        2993     1.83166     1.72081  0.00338673
        2994     1.83492     1.72084  0.00338582
        2995     1.83814     1.72088  0.00338491
        2996     1.84136     1.72092  0.00338402
        2997     1.84457     1.72097  0.00338314
        2998      1.8478     1.72101  0.00338228
        2999     1.85104     1.72105  0.00338143
        3000      1.8543      1.7211  0.00338059
        3001     1.85758     1.72114  0.00337977
        3002     1.86089     1.72119  0.00337897
        3003     1.86421     1.72124  0.00337818
        3004     1.86755     1.72128  0.00337741
        3005     1.87088     1.72133  0.00337665
        3006     1.87419     1.72138  0.00337591
        3007     1.87747     1.72144  0.00337518
        3008     1.88069     1.72149  0.00337448
        3009     1.88383     1.72154  0.00337379
        3010     1.88686      1.7216  0.00337311
        3011     1.88975     1.72165  0.00337246
        3012     1.89247     1.72171  0.00337181
        3013     1.89499     1.72177  0.00337118
        3014     1.89728     1.72183  0.00337057
        3015      1.8993     1.72189  0.00336996
        3016     1.90103     1.72194  0.00336937
        3017     1.90243       1.722  0.00336878
        3018     1.90348     1.72206  0.00336821
        3019     1.90416     1.72213  0.00336763
        3020     1.90444     1.72219  0.00336706
        3021      1.9043     1.72225  0.00336648
        3022     1.90374     1.72231   0.0033659
        3023     1.90274     1.72237  0.00336532
        3024     1.90129     1.72242  0.00336473
        3025      1.8994     1.72248  0.00336412
        3026     1.89706     1.72254   0.0033635
        3027     1.89428      1.7226  0.00336287
        3028     1.89107     1.72265  0.00336222
        3029     1.88745     1.72271  0.00336155
        3030     1.88343     1.72276  0.00336086
        3031     1.87905     1.72281  0.00336015
        3032     1.87431     1.72286  0.00335941
        3033     1.86926     1.72291  0.00335865
        3034     1.86393     1.72296  0.00335786
        3035     1.85834       1.723  0.00335705
        3036     1.85254     1.72304  0.00335622
        3037     1.84657     1.72308  0.00335536
        3038     1.84045     1.72312  0.00335448
        3039     1.83426     1.72316  0.00335357
        3040     1.82801     1.72319  0.00335265
        3041     1.82175     1.72323   0.0033517
        3042     1.81553     1.72326  0.00335074
        3043     1.80939     1.72329  0.00334976
        3044     1.80337     1.72331  0.00334876
        3045      1.7975     1.72334  0.00334775
        3046     1.79184     1.72336  0.00334672
        3047      1.7864     1.72338  0.00334569
        3048     1.78124      1.7234  0.00334465
        3049     1.77638     1.72342  0.00334359
        3050     1.77185     1.72343  0.00334254
        3051     1.76767     1.72345  0.00334147
        3052     1.76387     1.72346   0.0033404
        3053     1.76046     1.72347  0.00333933
        3054     1.75746     1.72348  0.00333826
        3055     1.75488     1.72349  0.00333718
        3056     1.75271      1.7235   0.0033361
        3057     1.75096     1.72351  0.00333502
        3058     1.74963     1.72352  0.00333394
        3059      1.7487     1.72353  0.00333286
        3060     1.74816     1.72354  0.00333178
        3061     1.74798     1.72354   0.0033307
        3062     1.74815     1.72355  0.00332963
        3063     1.74863     1.72356  0.00332855
        3064     1.74939     1.72357  0.00332747
        3065      1.7504     1.72358   0.0033264
        3066     1.75161     1.72359  0.00332533
        3067     1.75298      1.7236  0.00332426
        3068     1.75447     1.72361  0.00332319
        3069     1.75604     1.72362  0.00332212
        3070     1.75764     1.72363  0.00332106
        3071     1.75923     1.72364     0.00332
        3072     1.76077     1.72365  0.00331894
        3073     1.76221     1.72366  0.00331788
        3074     1.76351     1.72368  0.00331683
        3075     1.76464     1.72369  0.00331578
        3076     1.76557      1.7237  0.00331473
        3077     1.76626     1.72372  0.00331368
        3078     1.76669     1.72373  0.00331263
        3079     1.76683     1.72375  0.00331158
        3080     1.76666     1.72376  0.00331054
        3081     1.76617     1.72377  0.00330949
        3082     1.76534     1.72379  0.00330845
        3083     1.76417      1.7238   0.0033074
        3084     1.76265     1.72381  0.00330635
        3085     1.76078     1.72383   0.0033053
        3086     1.75856     1.72384  0.00330425
        3087     1.75601     1.72385   0.0033032
        3088     1.75314     1.72386  0.00330214
        3089     1.74995     1.72386  0.00330108
        3090     1.74646     1.72387  0.00330002
        3091     1.74269     1.72388  0.00329896
        3092     1.73866     1.72388   0.0032979
        3093     1.73439     1.72389  0.00329683
        3094      1.7299     1.72389  0.00329577
        3095     1.72522     1.72389   0.0032947
        3096     1.72037     1.72389  0.00329364
        3097     1.71538     1.72388  0.00329257
        3098     1.71026     1.72388  0.00329151
        3099     1.70505     1.72387  0.00329046
        3100     1.69976     1.72387  0.00328941
        3101     1.69443     1.72386  0.00328836
        3102     1.68908     1.72385  0.00328732
        3103     1.68372     1.72383  0.00328628
        3104      1.6784     1.72382  0.00328526
        3105     1.67312      1.7238  0.00328424
        3106     1.66792     1.72378  0.00328323
        3107     1.66282     1.72376  0.00328223
        3108     1.65785     1.72374  0.00328125
        3109     1.65302     1.72372  0.00328027
        3110     1.64837      1.7237   0.0032793
        3111     1.64391     1.72367  0.00327835
        3112     1.63967     1.72364  0.00327741
        3113     1.63568     1.72362  0.00327648
        3114     1.63196     1.72359  0.00327556
        3115     1.62853     1.72356  0.00327465
        3116     1.62543     1.72352  0.00327375
        3117     1.62267     1.72349  0.00327286
        3118     1.62028     1.72346  0.00327198
        3119     1.61827     1.72342   0.0032711
        3120     1.61668     1.72339  0.00327023
        3121      1.6155     1.72336  0.00326937
        3122     1.61476     1.72332   0.0032685
        3123     1.61445     1.72329  0.00326764
        3124     1.61458     1.72325  0.00326678
        3125     1.61513     1.72322  0.00326592
        3126     1.61609     1.72318  0.00326506
        3127     1.61743     1.72315  0.00326419
        3128     1.61912     1.72312  0.00326331
        3129     1.62113     1.72308  0.00326243
        3130     1.62341     1.72305  0.00326155
        3131      1.6259     1.72302  0.00326065
        3132     1.62856     1.72299  0.00325975
        3133     1.63134     1.72296  0.00325884
        3134     1.63418     1.72293  0.00325792
        3135     1.63702      1.7229    0.003257
        3136     1.63982     1.72288  0.00325607
        3137     1.64253     1.72285  0.00325513
        3138     1.64512     1.72283  0.00325419
        3139     1.64755      1.7228  0.00325324
        3140     1.64979     1.72278  0.00325229
        3141     1.65182     1.72276  0.00325133
        3142     1.65363     1.72274  0.00325037
        3143     1.65522     1.72271  0.00324941
        3144     1.65657     1.72269  0.00324844
        3145     1.65771     1.72267  0.00324747
        3146     1.65865     1.72265  0.00324651
        3147     1.65939     1.72263  0.00324554
        3148     1.65995     1.72261  0.00324457
        3149     1.66037     1.72259   0.0032436
        3150     1.66067     1.72257  0.00324263
        3151     1.66087     1.72255  0.00324166
        3152       1.661     1.72253  0.00324069
        3153     1.66108     1.72251  0.00323972
        3154     1.66115      1.7225  0.00323875
        3155     1.66124     1.72248  0.00323778
        3156     1.66136     1.72246  0.00323681
        3157     1.66155     1.72244  0.00323584
        3158     1.66183     1.72242  0.00323488
        3159     1.66223      1.7224  0.00323391
        3160     1.66278     1.72238  0.00323294
        3161     1.66349     1.72236  0.00323197
        3162     1.66439     1.72234    0.003231
        3163      1.6655     1.72232  0.00323003
        3164     1.66683     1.72231  0.00322906
        3165     1.66842     1.72229  0.00322808
        3166     1.67027     1.72227   0.0032271
        3167     1.67239     1.72226  0.00322612
        3168      1.6748     1.72224  0.00322514
        3169     1.67751     1.72223  0.00322415
        3170     1.68052     1.72222  0.00322316
        3171     1.68382      1.7222  0.00322217
        3172     1.68743     1.72219  0.00322117
        3173     1.69132     1.72218  0.00322017
        3174     1.69549     1.72217  0.00321917
        3175     1.69991     1.72217  0.00321816
        3176     1.70456     1.72216  0.00321715
        3177     1.70941     1.72216  0.00321614
        3178     1.71444     1.72216  0.00321513
        3179     1.71959     1.72215  0.00321412
        3180     1.72484     1.72216  0.00321311
        3181     1.73015     1.72216   0.0032121
        3182     1.73545     1.72216  0.00321109
        3183     1.74073     1.72217  0.00321009
        3184     1.74591     1.72218  0.00320909
        3185     1.75097     1.72218   0.0032081
        3186     1.75586      1.7222  0.00320711
        3187     1.76055     1.72221  0.00320612
        3188     1.76499     1.72222  0.00320514
        3189     1.76916     1.72224  0.00320417
        3190     1.77302     1.72225  0.00320321
        3191     1.77656     1.72227  0.00320225
        3192     1.77975     1.72229   0.0032013
        3193     1.78259     1.72231  0.00320035
        3194     1.78506     1.72233  0.00319941
        3195     1.78716     1.72235  0.00319847
        3196      1.7889     1.72237  0.00319754
        3197     1.79028     1.72239  0.00319661
        3198      1.7913     1.72241  0.00319568
        3199     1.79198     1.72243  0.00319476
        3200     1.79234     1.72245  0.00319383
        3201      1.7924     1.72247  0.00319291
        3202     1.79218      1.7225  0.00319199
        3203      1.7917     1.72252  0.00319106
        3204     1.79098     1.72254  0.00319014
        3205     1.79006     1.72256  0.00318921
        3206     1.78896     1.72258  0.00318829
        3207      1.7877      1.7226  0.00318736
        3208     1.78631     1.72262  0.00318643
        3209     1.78482     1.72264  0.00318549
        3210     1.78324     1.72266  0.00318455
        3211      1.7816     1.72268  0.00318362
        3212     1.77993      1.7227  0.00318267
        3213     1.77824     1.72271  0.00318173
        3214     1.77654     1.72273  0.00318079
        3215     1.77487     1.72275  0.00317984
        3216     1.77322     1.72276  0.00317889
        3217      1.7716     1.72278  0.00317794
        3218     1.77005     1.72279  0.00317698
        3219     1.76854     1.72281  0.00317603
        3220      1.7671     1.72282  0.00317507
        3221     1.76573     1.72283  0.00317411
        3222     1.76442     1.72285  0.00317315
        3223     1.76318     1.72286  0.00317219
        3224     1.76201     1.72287  0.00317123
        3225     1.76091     1.72288  0.00317027
        3226     1.75988     1.72289  0.00316931
        3227     1.75892      1.7229  0.00316835
        3228     1.75802     1.72292  0.00316738
        3229     1.75719     1.72293  0.00316642
        3230     1.75642     1.72294  0.00316546
        3231     1.75572     1.72295  0.00316449
        3232     1.75507     1.72296  0.00316353
        3233     1.75449     1.72297  0.00316257
        3234     1.75396     1.72298   0.0031616
        3235     1.75348     1.72299  0.00316064
        3236     1.75305     1.72299  0.00315968
        3237     1.75267       1.723  0.00315871
        3238     1.75232     1.72301  0.00315775
        3239     1.75201     1.72302  0.00315679
        3240     1.75172     1.72303  0.00315583
        3241     1.75145     1.72304  0.00315487
        3242     1.75118     1.72305  0.00315391
        3243      1.7509     1.72306  0.00315294
        3244     1.75059     1.72307  0.00315198
        3245     1.75026     1.72307  0.00315102
        3246     1.74987     1.72308  0.00315006
        3247     1.74942     1.72309   0.0031491
        3248     1.74888      1.7231  0.00314814
        3249     1.74825     1.72311  0.00314719
        3250      1.7475     1.72311  0.00314623
        3251     1.74662     1.72312  0.00314527
        3252      1.7456     1.72313  0.00314431
        3253     1.74442     1.72313  0.00314335
        3254     1.74308     1.72314  0.00314239
        3255     1.74157     1.72315  0.00314143
        3256     1.73988     1.72315  0.00314047
        3257     1.73801     1.72316  0.00313951
        3258     1.73595     1.72316  0.00313854
        3259     1.73371     1.72316  0.00313758
        3260     1.73128     1.72316  0.00313662
        3261     1.72867     1.72317  0.00313566
        3262     1.72588     1.72317   0.0031347
        3263     1.72293     1.72317  0.00313374
        3264     1.71981     1.72317  0.00313278
        3265     1.71654     1.72316  0.00313182
        3266     1.71312     1.72316  0.00313086
        3267     1.70956     1.72316  0.00312991
        3268     1.70589     1.72315  0.00312895
        3269     1.70211     1.72315    0.003128
        3270     1.69823     1.72314  0.00312706
        3271     1.69428     1.72313  0.00312611
        3272     1.69026     1.72312  0.00312517
        3273     1.68619     1.72311  0.00312424
        3274      1.6821      1.7231  0.00312331
        3275       1.678     1.72308  0.00312239
        3276      1.6739     1.72307  0.00312147
        3277     1.66983     1.72305  0.00312056
        3278      1.6658     1.72303  0.00311965
        3279     1.66184     1.72301  0.00311876
        3280     1.65796     1.72299  0.00311787
        3281     1.65418     1.72297  0.00311699
        3282     1.65053     1.72295  0.00311612
        3283     1.64701     1.72293  0.00311526
        3284     1.64366      1.7229   0.0031144
        3285     1.64049     1.72288  0.00311355
        3286      1.6375     1.72285  0.00311272
        3287     1.63473     1.72283  0.00311188
        3288     1.63218      1.7228  0.00311106
        3289     1.62986     1.72277  0.00311024
        3290      1.6278     1.72274  0.00310943
        3291     1.62598     1.72271  0.00310863
        3292     1.62444     1.72268  0.00310782
        3293     1.62316     1.72265  0.00310703
        3294     1.62215     1.72262  0.00310623
        3295     1.62142     1.72259  0.00310544
        3296     1.62097     1.72256  0.00310465
        3297     1.62078     1.72253  0.00310387
        3298     1.62086      1.7225  0.00310308
        3299     1.62119     1.72247  0.00310229
        3300     1.62177     1.72244   0.0031015
        3301     1.62258     1.72241  0.00310071
        3302     1.62362     1.72238  0.00309991
        3303     1.62486     1.72235  0.00309911
        3304     1.62628     1.72232  0.00309831
        3305     1.62788     1.72229  0.00309751
        3306     1.62962     1.72226   0.0030967
        3307      1.6315     1.72223  0.00309588
        3308     1.63348     1.72221  0.00309506
        3309     1.63555     1.72218  0.00309424
        3310     1.63769     1.72216  0.00309341
        3311     1.63987     1.72213  0.00309257
        3312     1.64209     1.72211  0.00309173
        3313      1.6443     1.72208  0.00309089
        3314     1.64651     1.72206  0.00309004
        3315     1.64868     1.72204  0.00308919
        3316     1.65081     1.72202  0.00308833
        3317     1.65287       1.722  0.00308747
        3318     1.65486     1.72198  0.00308661
        3319     1.65675     1.72196  0.00308574
        3320     1.65854     1.72194  0.00308487
        3321     1.66021     1.72192    0.003084
        3322     1.66175      1.7219  0.00308312
        3323     1.66315     1.72188  0.00308224
        3324      1.6644     1.72186  0.00308137
        3325     1.66549     1.72185  0.00308049
        3326     1.66641     1.72183   0.0030796
        3327     1.66715     1.72181  0.00307872
        3328     1.66772      1.7218  0.00307784
        3329      1.6681     1.72178  0.00307696
        3330     1.66828     1.72177  0.00307608
        3331     1.66827     1.72175  0.00307519
        3332     1.66807     1.72173  0.00307431
        3333     1.66766     1.72172  0.00307343
        3334     1.66706      1.7217  0.00307256
        3335     1.66626     1.72169  0.00307168
        3336     1.66528     1.72167  0.00307081
        3337     1.66411     1.72165  0.00306993
        3338     1.66276     1.72163  0.00306906
        3339     1.66124     1.72162   0.0030682
        3340     1.65956      1.7216  0.00306734
        3341     1.65774     1.72158  0.00306648
        3342     1.65578     1.72156  0.00306562
        3343     1.65372     1.72154  0.00306477
        3344     1.65156     1.72152  0.00306393
        3345     1.64934     1.72149  0.00306309
        3346     1.64706     1.72147  0.00306225
        3347     1.64475     1.72145  0.00306142
        3348     1.64244     1.72143   0.0030606
        3349     1.64015      1.7214  0.00305978
        3350     1.63791     1.72138  0.00305897
        3351     1.63575     1.72135  0.00305817
        3352     1.63368     1.72133  0.00305737
        3353     1.63174      1.7213  0.00305657
        3354     1.62995     1.72127  0.00305578
        3355     1.62832     1.72124    0.003055
        3356     1.62688     1.72122  0.00305421
        3357     1.62566     1.72119  0.00305344
        3358     1.62465     1.72116  0.00305266
        3359     1.62389     1.72113  0.00305189
        3360     1.62337      1.7211  0.00305112
        3361     1.62311     1.72107  0.00305035
        3362     1.62311     1.72104  0.00304959
        3363     1.62337     1.72101  0.00304882
        3364     1.62389     1.72098  0.00304805
        3365     1.62466     1.72096  0.00304728
        3366     1.62568     1.72093   0.0030465
        3367     1.62692      1.7209  0.00304573
        3368     1.62837     1.72087  0.00304494
        3369     1.63002     1.72084  0.00304416
        3370     1.63184     1.72082  0.00304337
        3371     1.63381     1.72079  0.00304258
        3372     1.63591     1.72077  0.00304178
        3373      1.6381     1.72074  0.00304098
        3374     1.64036     1.72072  0.00304017
        3375     1.64266      1.7207  0.00303936
        3376     1.64497     1.72067  0.00303854
        3377     1.64725     1.72065  0.00303772
        3378     1.64949     1.72063  0.00303689
        3379     1.65165     1.72061  0.00303606
        3380      1.6537     1.72059  0.00303523
        3381     1.65562     1.72057  0.00303439
        3382     1.65738     1.72055  0.00303355
        3383     1.65896     1.72053  0.00303271
        3384     1.66035     1.72052  0.00303186
        3385     1.66153      1.7205  0.00303102
        3386     1.66249     1.72048  0.00303017
        3387     1.66321     1.72047  0.00302932
        3388      1.6637     1.72045  0.00302848
        3389     1.66396     1.72043  0.00302763
        3390     1.66399     1.72042  0.00302678
        3391     1.66381      1.7204  0.00302593
        3392     1.66343     1.72038  0.00302509
        3393     1.66286     1.72036  0.00302425
        3394     1.66213     1.72035   0.0030234
        3395     1.66127     1.72033  0.00302256
        3396      1.6603     1.72031  0.00302172
        3397     1.65925     1.72029  0.00302089
        3398     1.65815     1.72028  0.00302005
        3399     1.65704     1.72026  0.00301922
        3400     1.65594     1.72024  0.00301839
        3401     1.65488     1.72022  0.00301757
        3402     1.65389      1.7202  0.00301674
        3403       1.653     1.72018  0.00301592
        3404     1.65223     1.72016   0.0030151
        3405     1.65159     1.72014  0.00301428
        3406     1.65112     1.72012  0.00301347
        3407     1.65082      1.7201  0.00301265
        3408      1.6507     1.72008  0.00301184
        3409     1.65077     1.72006  0.00301102
        3410     1.65105     1.72004  0.00301021
        3411     1.65152     1.72002  0.00300939
        3412      1.6522        1.72  0.00300857
        3413     1.65307     1.71998  0.00300776
        3414     1.65415     1.71996  0.00300694
        3415     1.65543     1.71994  0.00300612
        3416     1.65689     1.71992  0.00300529
        3417     1.65854      1.7199  0.00300447
        3418     1.66036     1.71989  0.00300364
        3419     1.66236     1.71987  0.00300281
        3420      1.6645     1.71985  0.00300197
        3421      1.6668     1.71984  0.00300114
        3422     1.66923     1.71982  0.00300029
        3423     1.67178     1.71981  0.00299945
        3424     1.67445      1.7198   0.0029986
        3425      1.6772     1.71978  0.00299775
        3426     1.68003     1.71977   0.0029969
        3427     1.68292     1.71976  0.00299605
        3428     1.68585     1.71975  0.00299519
        3429     1.68881     1.71974  0.00299433
        3430     1.69177     1.71973  0.00299347
        3431     1.69474     1.71973   0.0029926
        3432     1.69769     1.71972  0.00299174
        3433      1.7006     1.71972  0.00299087
        3434     1.70347     1.71971  0.00299001
        3435     1.70628     1.71971  0.00298914
        3436     1.70903      1.7197  0.00298827
        3437     1.71171      1.7197   0.0029874
        3438     1.71431      1.7197  0.00298653
        3439     1.71682      1.7197  0.00298566
        3440     1.71925      1.7197   0.0029848
        3441     1.72158      1.7197  0.00298393
        3442     1.72383      1.7197  0.00298306
        3443     1.72598      1.7197   0.0029822
        3444     1.72804      1.7197  0.00298133
        3445     1.73001     1.71971  0.00298047
        3446     1.73188     1.71971   0.0029796
        3447     1.73367     1.71972  0.00297874
        3448     1.73537     1.71972  0.00297788
        3449     1.73697     1.71972  0.00297702
        3450     1.73849     1.71973  0.00297617
        3451     1.73993     1.71974  0.00297531
        3452     1.74128     1.71974  0.00297445
        3453     1.74255     1.71975   0.0029736
        3454     1.74374     1.71976  0.00297275
        3455     1.74485     1.71976  0.00297189
        3456     1.74588     1.71977  0.00297104
        3457     1.74683     1.71978   0.0029702
        3458     1.74771     1.71979  0.00296935
        3459     1.74852     1.71979   0.0029685
        3460     1.74926      1.7198  0.00296765
        3461     1.74993     1.71981  0.00296681
        3462     1.75054     1.71982  0.00296597
        3463     1.75109     1.71983  0.00296512
        3464     1.75159     1.71984  0.00296428
        3465     1.75204     1.71985  0.00296344
        3466     1.75244     1.71986   0.0029626
        3467      1.7528     1.71987  0.00296176
        3468     1.75312     1.71988  0.00296092
        3469      1.7534     1.71989  0.00296009
        3470     1.75366      1.7199  0.00295925
        3471     1.75388     1.71991  0.00295841
        3472     1.75407     1.71992  0.00295758
        3473     1.75423     1.71993  0.00295674
        3474     1.75436     1.71994  0.00295591
        3475     1.75447     1.71995  0.00295507
        3476     1.75454     1.71996  0.00295424
        3477     1.75458     1.71997  0.00295341
        3478     1.75458     1.71998  0.00295257
        3479     1.75454     1.71999  0.00295174
        3480     1.75445        1.72  0.00295091
        3481     1.75432     1.72001  0.00295008
        3482     1.75414     1.72001  0.00294925
        3483      1.7539     1.72002  0.00294842
        3484     1.75361     1.72003  0.00294759
        3485     1.75325     1.72004  0.00294676
        3486     1.75284     1.72005  0.00294593
        3487     1.75237     1.72006   0.0029451
        3488     1.75185     1.72007  0.00294427
        3489     1.75127     1.72008  0.00294344
        3490     1.75065     1.72009  0.00294261
        3491     1.74999      1.7201  0.00294177
        3492      1.7493     1.72011  0.00294094
        3493     1.74859     1.72011  0.00294011
        3494     1.74787     1.72012  0.00293928
        3495     1.74715     1.72013  0.00293845
        3496     1.74644     1.72014  0.00293762
        3497     1.74575     1.72014  0.00293679
        3498     1.74511     1.72015  0.00293596
        3499     1.74452     1.72016  0.00293513
        3500     1.74398     1.72017   0.0029343
        3501     1.74352     1.72017  0.00293347
        3502     1.74314     1.72018  0.00293264
        3503     1.74285     1.72019  0.00293181
        3504     1.74265     1.72019  0.00293098
        3505     1.74256      1.7202  0.00293015
        3506     1.74256      1.7202  0.00292932
        3507     1.74267     1.72021  0.00292849
        3508     1.74289     1.72022  0.00292766
        3509     1.74321     1.72022  0.00292684
        3510     1.74364     1.72023  0.00292601
        3511     1.74417     1.72024  0.00292518
        3512     1.74479     1.72024  0.00292436
        3513     1.74552     1.72025  0.00292354
        3514     1.74634     1.72026  0.00292271
        3515     1.74726     1.72027  0.00292189
        3516     1.74827     1.72027  0.00292107
        3517     1.74938     1.72028  0.00292025
        3518     1.75059     1.72029  0.00291944
        3519      1.7519      1.7203  0.00291862
        3520      1.7533     1.72031  0.00291781
        3521     1.75481     1.72032  0.00291699
        3522     1.75641     1.72033  0.00291618
        3523     1.75811     1.72034  0.00291538
        3524      1.7599     1.72035  0.00291457
        3525     1.76178     1.72036  0.00291377
        3526     1.76372     1.72038  0.00291297
        3527     1.76573     1.72039  0.00291217
        3528     1.76777      1.7204  0.00291137
        3529     1.76983     1.72042  0.00291058
        3530     1.77189     1.72043  0.00290979
        3531     1.77392     1.72045  0.00290901
        3532     1.77589     1.72046  0.00290823
        3533     1.77776     1.72048  0.00290745
        3534     1.77952     1.72049  0.00290668
        3535     1.78112     1.72051   0.0029059
        3536     1.78254     1.72053  0.00290514
        3537     1.78375     1.72055  0.00290437
        3538     1.78473     1.72057  0.00290361
        3539     1.78546     1.72058  0.00290284
        3540     1.78593      1.7206  0.00290208
        3541     1.78612     1.72062  0.00290132
        3542     1.78603     1.72064  0.00290056
        3543     1.78567     1.72066   0.0028998
        3544     1.78505     1.72068  0.00289904
        3545     1.78417     1.72069  0.00289828
        3546     1.78306     1.72071  0.00289751
        3547     1.78174     1.72073  0.00289675
        3548     1.78024     1.72075  0.00289598
        3549     1.77859     1.72076  0.00289521
        3550     1.77682     1.72078  0.00289444
        3551     1.77497     1.72079  0.00289366
        3552     1.77308     1.72081  0.00289288
        3553     1.77118     1.72082   0.0028921
        3554     1.76931     1.72084  0.00289132
        3555     1.76751     1.72085  0.00289054
        3556      1.7658     1.72086  0.00288975
        3557     1.76422     1.72087  0.00288897
        3558     1.76278     1.72088  0.00288818
        3559     1.76151      1.7209  0.00288739
        3560     1.76043     1.72091   0.0028866
        3561     1.75953     1.72092  0.00288581
        3562     1.75882     1.72093  0.00288502
        3563     1.75831     1.72094  0.00288423
        3564     1.75798     1.72095  0.00288344
        3565     1.75783     1.72096  0.00288265
        3566     1.75782     1.72097  0.00288186
        3567     1.75794     1.72098  0.00288107
        3568     1.75817     1.72099  0.00288028
        3569     1.75847       1.721  0.00287949
        3570      1.7588     1.72101  0.00287871
        3571     1.75915     1.72102  0.00287792
        3572     1.75945     1.72103  0.00287713
        3573     1.75969     1.72104  0.00287635
        3574     1.75983     1.72106  0.00287556
        3575     1.75982     1.72107  0.00287478
        3576     1.75964     1.72108    0.002874
        3577     1.75926     1.72109  0.00287321
        3578     1.75864      1.7211  0.00287243
        3579     1.75777     1.72111  0.00287165
        3580     1.75661     1.72112  0.00287086
        3581     1.75515     1.72113  0.00287007
        3582     1.75338     1.72114  0.00286929
        3583     1.75129     1.72115   0.0028685
        3584     1.74888     1.72115  0.00286771
        3585     1.74616     1.72116  0.00286692
        3586     1.74313     1.72117  0.00286612
        3587     1.73981     1.72117  0.00286533
        3588     1.73622     1.72118  0.00286453
        3589     1.73241     1.72118  0.00286374
        3590     1.72839     1.72118  0.00286294
        3591     1.72422     1.72118  0.00286214
        3592     1.71994     1.72118  0.00286135
        3593     1.71562     1.72118  0.00286055
        3594     1.71131     1.72118  0.00285976
        3595     1.70707     1.72117  0.00285896
        3596     1.70298     1.72117  0.00285817
        3597      1.6991     1.72116  0.00285739
        3598      1.6955     1.72115   0.0028566
        3599     1.69224     1.72115  0.00285582
        3600     1.68939     1.72114  0.00285504
        3601     1.68698     1.72113  0.00285426
        3602     1.68508     1.72112  0.00285349
        3603      1.6837     1.72111  0.00285271
        3604     1.68287      1.7211  0.00285194
        3605      1.6826     1.72109  0.00285117
        3606     1.68288     1.72108   0.0028504
        3607     1.68371     1.72107  0.00284963
        3608     1.68505     1.72106  0.00284886
        3609     1.68688     1.72105  0.00284808
        3610     1.68914     1.72104  0.00284731
        3611     1.69177     1.72103  0.00284653
        3612     1.69474     1.72102  0.00284575
        3613     1.69798     1.72102  0.00284497
        3614     1.70143     1.72101  0.00284419
        3615     1.70503     1.72101   0.0028434
        3616     1.70875       1.721  0.00284262
        3617     1.71252       1.721  0.00284184
        3618     1.71631       1.721  0.00284105
        3619     1.72009       1.721  0.00284027
        3620     1.72381       1.721  0.00283948
        3621     1.72746       1.721   0.0028387
        3622     1.73102       1.721  0.00283791
        3623     1.73447     1.72101  0.00283713
        3624     1.73782     1.72101  0.00283635
        3625     1.74105     1.72102  0.00283558
        3626     1.74415     1.72102   0.0028348
        3627     1.74714     1.72103  0.00283403
        3628     1.75002     1.72104  0.00283326
        3629     1.75277     1.72105  0.00283249
        3630     1.75542     1.72106  0.00283173
        3631     1.75797     1.72107  0.00283097
        3632     1.76041     1.72108  0.00283021
        3633     1.76275     1.72109  0.00282945
        3634     1.76499      1.7211   0.0028287
        3635     1.76712     1.72111  0.00282795
        3636     1.76915     1.72113   0.0028272
        3637     1.77106     1.72114  0.00282646
        3638     1.77285     1.72116  0.00282572
        3639      1.7745     1.72117  0.00282498
        3640     1.77601     1.72119  0.00282424
        3641     1.77736      1.7212  0.00282351
        3642     1.77852     1.72122  0.00282278
        3643     1.77949     1.72123  0.00282205
        3644     1.78024     1.72125  0.00282132
        3645     1.78074     1.72127  0.00282059
        3646     1.78097     1.72128  0.00281987
        3647     1.78091      1.7213  0.00281914
        3648     1.78053     1.72131  0.00281842
        3649      1.7798     1.72133  0.00281769
        3650     1.77871     1.72135  0.00281696
        3651     1.77721     1.72136  0.00281623
        3652     1.77528     1.72138   0.0028155
        3653     1.77291     1.72139  0.00281476
        3654     1.77006      1.7214  0.00281402
        3655     1.76672     1.72142  0.00281328
        3656     1.76287     1.72143  0.00281254
        3657      1.7585     1.72144  0.00281178
        3658      1.7536     1.72145  0.00281103
        3659     1.74817     1.72145  0.00281027
        3660      1.7422     1.72146  0.00280951
        3661     1.73571     1.72146  0.00280874
        3662      1.7287     1.72147  0.00280798
        3663      1.7212     1.72146  0.00280721
        3664     1.71324     1.72146  0.00280645
        3665     1.70485     1.72146  0.00280568
        3666     1.69607     1.72145  0.00280493
        3667     1.68696     1.72144  0.00280418
        3668     1.67757     1.72143  0.00280344
        3669     1.66796     1.72142  0.00280271
        3670     1.65822      1.7214    0.002802
        3671     1.64842     1.72138  0.00280131
        3672     1.63864     1.72136  0.00280064
        3673     1.62897     1.72133  0.00279999
        3674      1.6195      1.7213  0.00279936
        3675     1.61032     1.72127  0.00279876
        3676     1.60151     1.72124  0.00279819
        3677     1.59317     1.72121  0.00279765
        3678     1.58536     1.72117  0.00279713
        3679     1.57816     1.72113  0.00279664
        3680     1.57162     1.72109  0.00279618
        3681     1.56581     1.72105  0.00279573
        3682     1.56076       1.721  0.00279531
        3683      1.5565     1.72096  0.00279491
        3684     1.55304     1.72091  0.00279452
        3685     1.55039     1.72087  0.00279415
        3686     1.54853     1.72082  0.00279378
        3687     1.54745     1.72077  0.00279342
        3688     1.54712     1.72073  0.00279306
        3689     1.54748     1.72068   0.0027927
        3690     1.54851     1.72063  0.00279233
        3691     1.55013     1.72059  0.00279196
        3692      1.5523     1.72054  0.00279157
        3693     1.55495      1.7205  0.00279118
        3694       1.558     1.72045  0.00279077
        3695     1.56141     1.72041  0.00279034
        3696     1.56509     1.72037  0.00278991
        3697     1.56898     1.72033  0.00278945
        3698     1.57302     1.72029  0.00278898
        3699     1.57716     1.72025   0.0027885
        3700     1.58133     1.72021  0.00278799
        3701     1.58548     1.72017  0.00278748
        3702     1.58958     1.72014  0.00278695
        3703     1.59359      1.7201  0.00278641
        3704     1.59748     1.72007  0.00278585
        3705     1.60123     1.72004  0.00278528
        3706     1.60482     1.72001  0.00278471
        3707     1.60826     1.71998  0.00278412
        3708     1.61154     1.71995  0.00278352
        3709     1.61467     1.71992  0.00278291
        3710     1.61767     1.71989   0.0027823
        3711     1.62056     1.71987  0.00278168
        3712     1.62337     1.71984  0.00278105
        3713     1.62612     1.71981  0.00278042
        3714     1.62884     1.71979  0.00277978
        3715     1.63158     1.71977  0.00277913
        3716     1.63436     1.71974  0.00277848
        3717     1.63722     1.71972  0.00277782
        3718     1.64018      1.7197  0.00277715
        3719     1.64329     1.71968  0.00277648
        3720     1.64656     1.71966  0.00277581
        3721        1.65     1.71964  0.00277512
        3722     1.65364     1.71962  0.00277443
        3723     1.65749     1.71961  0.00277374
        3724     1.66154     1.71959  0.00277304
        3725      1.6658     1.71958  0.00277233
        3726     1.67026     1.71956  0.00277162
        3727     1.67491     1.71955   0.0027709
        3728     1.67972     1.71954  0.00277018
        3729     1.68468     1.71953  0.00276945
        3730     1.68977     1.71952  0.00276872
        3731     1.69495     1.71952  0.00276799
        3732      1.7002     1.71951  0.00276725
        3733     1.70548     1.71951  0.00276651
        3734     1.71076      1.7195  0.00276577
        3735     1.71601      1.7195  0.00276503
        3736     1.72118      1.7195  0.00276429
        3737     1.72626     1.71951  0.00276355
        3738     1.73121     1.71951  0.00276281
        3739       1.736     1.71951  0.00276208
        3740     1.74059     1.71952  0.00276134
        3741     1.74497     1.71953  0.00276062
        3742     1.74911     1.71953  0.00275989
        3743     1.75298     1.71954  0.00275917
        3744     1.75657     1.71955  0.00275845
        3745     1.75987     1.71956  0.00275773
        3746     1.76287     1.71957  0.00275702
        3747     1.76555     1.71959  0.00275631
        3748     1.76791      1.7196  0.00275561
        3749     1.76996     1.71961   0.0027549
        3750      1.7717     1.71963   0.0027542
        3751     1.77312     1.71964  0.00275351
        3752     1.77425     1.71966  0.00275281
        3753     1.77508     1.71967  0.00275212
        3754     1.77564     1.71969  0.00275142
        3755     1.77594      1.7197  0.00275073
        3756     1.77599     1.71972  0.00275004
        3757     1.77582     1.71973  0.00274935
        3758     1.77543     1.71975  0.00274866
        3759     1.77486     1.71976  0.00274797
        3760     1.77412     1.71977  0.00274727
        3761     1.77324     1.71979  0.00274658
        3762     1.77224      1.7198  0.00274588
        3763     1.77113     1.71982  0.00274519
        3764     1.76995     1.71983  0.00274449
        3765      1.7687     1.71984  0.00274379
        3766     1.76741     1.71986  0.00274309
        3767     1.76609     1.71987  0.00274239
        3768     1.76477     1.71988  0.00274169
        3769     1.76347     1.71989  0.00274099
        3770     1.76219      1.7199  0.00274028
        3771     1.76094     1.71991  0.00273958
        3772     1.75973     1.71992  0.00273887
        3773     1.75857     1.71993  0.00273817
        3774     1.75745     1.71994  0.00273746
        3775     1.75639     1.71995  0.00273675
        3776     1.75536     1.71996  0.00273604
        3777     1.75438     1.71997  0.00273533
        3778     1.75342     1.71998  0.00273462
        3779     1.75247     1.71999  0.00273391
        3780     1.75152        1.72   0.0027332
        3781     1.75056     1.72001  0.00273249
        3782     1.74955     1.72001  0.00273178
        3783     1.74849     1.72002  0.00273107
        3784     1.74735     1.72003  0.00273036
        3785     1.74611     1.72004  0.00272964
        3786     1.74475     1.72004  0.00272893
        3787     1.74326     1.72005  0.00272822
        3788     1.74163     1.72005   0.0027275
        3789     1.73984     1.72006  0.00272679
        3790     1.73788     1.72006  0.00272607
        3791     1.73575     1.72007  0.00272536
        3792     1.73345     1.72007  0.00272464
        3793     1.73099     1.72007  0.00272392
        3794     1.72839     1.72008  0.00272321
        3795     1.72567     1.72008  0.00272249
        3796     1.72286     1.72008  0.00272177
        3797     1.71998     1.72008  0.00272105
        3798     1.71709     1.72008  0.00272034
        3799     1.71423     1.72008  0.00271962
        3800     1.71144     1.72007  0.00271891
        3801     1.70877     1.72007  0.00271819
        3802     1.70627     1.72007  0.00271748
        3803     1.70398     1.72006  0.00271677
        3804     1.70195     1.72006  0.00271606
        3805      1.7002     1.72005  0.00271535
        3806     1.69877     1.72005  0.00271464
        3807     1.69766     1.72004  0.00271394
        3808     1.69688     1.72004  0.00271323
        3809     1.69642     1.72003  0.00271253
        3810     1.69627     1.72002  0.00271182
        3811      1.6964     1.72002  0.00271112
        3812     1.69679     1.72001  0.00271041
        3813     1.69739     1.72001  0.00270971
        3814     1.69817        1.72    0.002709
        3815      1.6991     1.71999   0.0027083
        3816     1.70014     1.71999  0.00270759
        3817     1.70126     1.71998  0.00270689
        3818     1.70243     1.71998  0.00270618
        3819     1.70364     1.71997  0.00270548
        3820     1.70485     1.71997  0.00270477
        3821     1.70608     1.71997  0.00270407
        3822     1.70731     1.71996  0.00270336
        3823     1.70854     1.71996  0.00270266
        3824     1.70978     1.71996  0.00270195
        3825     1.71105     1.71996  0.00270125
        3826     1.71234     1.71995  0.00270054
        3827     1.71368     1.71995  0.00269984
        3828     1.71507     1.71995  0.00269913
        3829     1.71652     1.71995  0.00269843
        3830     1.71804     1.71995  0.00269772
        3831     1.71964     1.71995  0.00269702
        3832      1.7213     1.71995  0.00269631
        3833     1.72303     1.71995  0.00269561
        3834     1.72482     1.71995  0.00269491
        3835     1.72665     1.71995  0.00269421
        3836     1.72851     1.71996   0.0026935
        3837     1.73037     1.71996   0.0026928
        3838     1.73221     1.71996   0.0026921
        3839     1.73401     1.71997  0.00269141
        3840     1.73572     1.71997  0.00269071
        3841     1.73733     1.71997  0.00269001
        3842     1.73879     1.71998  0.00268931
        3843      1.7401     1.71998  0.00268862
        3844      1.7412     1.71999  0.00268793
        3845     1.74209        1.72  0.00268723
        3846     1.74274        1.72  0.00268654
        3847     1.74313     1.72001  0.00268585
        3848     1.74323     1.72001  0.00268516
        3849     1.74305     1.72002  0.00268447
        3850     1.74256     1.72003  0.00268378
        3851     1.74177     1.72003  0.00268309
        3852     1.74067     1.72004  0.00268239
        3853     1.73927     1.72004   0.0026817
        3854     1.73756     1.72005  0.00268101
        3855     1.73557     1.72005  0.00268032
        3856     1.73329     1.72005  0.00267963
        3857     1.73075     1.72006  0.00267893
        3858     1.72796     1.72006  0.00267824
        3859     1.72495     1.72006  0.00267754
        3860     1.72174     1.72006  0.00267685
        3861     1.71834     1.72006  0.00267616
        3862      1.7148     1.72006  0.00267547
        3863     1.71112     1.72006  0.00267477
        3864     1.70735     1.72005  0.00267408
        3865     1.70351     1.72005   0.0026734
        3866     1.69963     1.72004  0.00267271
        3867     1.69573     1.72004  0.00267203
        3868     1.69185     1.72003  0.00267134
        3869     1.68801     1.72002  0.00267067
        3870     1.68424     1.72001  0.00266999
        3871     1.68055        1.72  0.00266932
        3872     1.67697     1.71999  0.00266866
        3873     1.67351     1.71998  0.00266799
        3874     1.67019     1.71997  0.00266734
        3875     1.66703     1.71995  0.00266668
        3876     1.66402     1.71994  0.00266603
        3877     1.66119     1.71992  0.00266539
        3878     1.65854     1.71991  0.00266475
        3879     1.65606     1.71989  0.00266411
        3880     1.65377     1.71987  0.00266348
        3881     1.65165     1.71986  0.00266285
        3882     1.64972     1.71984  0.00266223
        3883     1.64795     1.71982  0.00266161
        3884     1.64636      1.7198  0.00266099
        3885     1.64493     1.71978  0.00266037
        3886     1.64367     1.71976  0.00265976
        3887     1.64255     1.71974  0.00265915
        3888     1.64158     1.71972  0.00265854
        3889     1.64075      1.7197  0.00265794
        3890     1.64004     1.71968  0.00265733
        3891     1.63946     1.71966  0.00265673
        3892       1.639     1.71964  0.00265613
        3893     1.63865     1.71962  0.00265553
        3894      1.6384      1.7196  0.00265493
        3895     1.63826     1.71958  0.00265433
        3896     1.63822     1.71956  0.00265373
        3897     1.63829     1.71953  0.00265313
        3898     1.63845     1.71951  0.00265253
        3899     1.63873     1.71949  0.00265193
        3900     1.63911     1.71947  0.00265133
        3901      1.6396     1.71945  0.00265073
        3902     1.64021     1.71943  0.00265013
        3903     1.64095     1.71941  0.00264953
        3904     1.64183     1.71939  0.00264892
        3905     1.64284     1.71937  0.00264832
        3906     1.64402     1.71935  0.00264771
        3907     1.64535     1.71933   0.0026471
        3908     1.64685     1.71932  0.00264649
        3909     1.64852      1.7193  0.00264587
        3910     1.65037     1.71928  0.00264525
        3911      1.6524     1.71926  0.00264463
        3912     1.65459     1.71925  0.00264401
        3913     1.65696     1.71923  0.00264338
        3914     1.65948     1.71922  0.00264275
        3915     1.66215      1.7192  0.00264211
        3916     1.66494     1.71919  0.00264148
        3917     1.66784     1.71917  0.00264083
        3918     1.67082     1.71916  0.00264019
        3919     1.67385     1.71915  0.00263954
        3920     1.67691     1.71914  0.00263889
        3921     1.67997     1.71913  0.00263823
        3922     1.68301     1.71912  0.00263758
        3923     1.68599     1.71911  0.00263692
        3924     1.68891      1.7191  0.00263626
        3925     1.69172      1.7191   0.0026356
        3926     1.69441     1.71909  0.00263493
        3927     1.69697     1.71908  0.00263427
        3928     1.69938     1.71908   0.0026336
        3929     1.70163     1.71908  0.00263293
        3930      1.7037     1.71907  0.00263227
        3931     1.70561     1.71907   0.0026316
        3932     1.70736     1.71906  0.00263093
        3933     1.70894     1.71906  0.00263026
        3934     1.71038     1.71906   0.0026296
        3935     1.71169     1.71906  0.00262893
        3936     1.71289     1.71906  0.00262826
        3937     1.71401     1.71906  0.00262759
        3938     1.71507     1.71905  0.00262693
        3939     1.71611     1.71905  0.00262626
        3940     1.71717     1.71905  0.00262559
        3941     1.71827     1.71905  0.00262493
        3942     1.71947     1.71905  0.00262426
        3943      1.7208     1.71905   0.0026236
        3944      1.7223     1.71905  0.00262293
        3945     1.72401     1.71906  0.00262227
        3946     1.72598     1.71906   0.0026216
        3947     1.72823     1.71906  0.00262094
        3948     1.73081     1.71906  0.00262028
        3949     1.73374     1.71907  0.00261962
        3950     1.73706     1.71907  0.00261896
        3951     1.74077     1.71908   0.0026183
        3952      1.7449     1.71908  0.00261765
        3953     1.74944     1.71909    0.002617
        3954     1.75441      1.7191  0.00261635
        3955     1.75977     1.71911  0.00261571
        3956     1.76553     1.71912  0.00261507
        3957     1.77165     1.71913  0.00261445
        3958      1.7781     1.71915  0.00261383
        3959     1.78484     1.71917  0.00261322
        3960     1.79182     1.71918  0.00261262
        3961       1.799      1.7192  0.00261204
        3962     1.80631     1.71923  0.00261148
        3963     1.81369     1.71925  0.00261093
        3964     1.82109     1.71928  0.00261039
        3965     1.82844      1.7193  0.00260988
        3966     1.83569     1.71933  0.00260939
        3967     1.84277     1.71936  0.00260891
        3968     1.84962      1.7194  0.00260846
        3969     1.85619     1.71943  0.00260803
        3970     1.86244     1.71947  0.00260763
        3971     1.86832     1.71951  0.00260724
        3972      1.8738     1.71954  0.00260687
        3973     1.87883     1.71958  0.00260652
        3974      1.8834     1.71963  0.00260619
        3975     1.88748     1.71967  0.00260588
        3976     1.89105     1.71971  0.00260558
        3977     1.89412     1.71975   0.0026053
        3978     1.89666      1.7198  0.00260502
        3979     1.89869     1.71984  0.00260475
        3980      1.9002     1.71989  0.00260449
        3981     1.90121     1.71993  0.00260424
        3982     1.90173     1.71998  0.00260398
        3983     1.90177     1.72003  0.00260373
        3984     1.90136     1.72007  0.00260347
        3985     1.90052     1.72012  0.00260321
        3986     1.89927     1.72016  0.00260295
        3987     1.89766     1.72021  0.00260268
        3988     1.89571     1.72025   0.0026024
        3989     1.89346     1.72029  0.00260211
        3990     1.89095     1.72034  0.00260181
        3991     1.88822     1.72038  0.00260149
        3992     1.88532     1.72042  0.00260117
        3993      1.8823     1.72046  0.00260083
        3994     1.87921      1.7205  0.00260049
        3995     1.87608     1.72054  0.00260013
        3996     1.87297     1.72058  0.00259976
        3997     1.86993     1.72061  0.00259937
        3998     1.86699     1.72065  0.00259898
        3999     1.86421     1.72069  0.00259858
        4000     1.86161     1.72072  0.00259817
        4001     1.85922     1.72076  0.00259775
        4002     1.85709     1.72079  0.00259732
        4003     1.85523     1.72082  0.00259689
        4004     1.85364     1.72086  0.00259646
        4005     1.85235     1.72089  0.00259602
        4006     1.85136     1.72092  0.00259557
        4007     1.85064     1.72096  0.00259513
        4008     1.85021     1.72099  0.00259468
        4009     1.85003     1.72102  0.00259423
        4010     1.85008     1.72105  0.00259378
        4011     1.85034     1.72108  0.00259334
        4012     1.85076     1.72112  0.00259289
        4013     1.85132     1.72115  0.00259245
        4014     1.85196     1.72118  0.00259201
        4015     1.85265     1.72121  0.00259157
        4016     1.85335     1.72125  0.00259113
        4017     1.85401     1.72128   0.0025907
        4018     1.85458     1.72131  0.00259027
        4019     1.85503     1.72135  0.00258984
        4020     1.85532     1.72138  0.00258941
        4021     1.85541     1.72141  0.00258898
        4022     1.85526     1.72145  0.00258855
        4023     1.85485     1.72148  0.00258812
        4024     1.85414     1.72151  0.00258768
        4025     1.85312     1.72155  0.00258725
        4026     1.85176     1.72158  0.00258681
        4027     1.85006     1.72161  0.00258636
        4028     1.84799     1.72164  0.00258591
        4029     1.84556     1.72167  0.00258545
        4030     1.84276      1.7217  0.00258498
        4031     1.83959     1.72173  0.00258451
        4032     1.83607     1.72176  0.00258402
        4033      1.8322     1.72179  0.00258353
        4034       1.828     1.72181  0.00258302
        4035     1.82349     1.72184   0.0025825
        4036      1.8187     1.72186  0.00258197
        4037     1.81366     1.72189  0.00258143
        4038     1.80838     1.72191  0.00258088
        4039     1.80292     1.72193  0.00258032
        4040     1.79732     1.72195  0.00257975
        4041      1.7916     1.72196  0.00257917
        4042     1.78582     1.72198  0.00257858
        4043     1.78002     1.72199  0.00257798
        4044     1.77425     1.72201  0.00257738
        4045     1.76855     1.72202  0.00257677
        4046     1.76298     1.72203  0.00257615
        4047     1.75756     1.72204  0.00257553
        4048     1.75236     1.72204   0.0025749
        4049      1.7474     1.72205  0.00257427
        4050     1.74274     1.72206  0.00257364
        4051      1.7384     1.72206  0.00257301
        4052      1.7344     1.72206  0.00257238
        4053     1.73078     1.72206  0.00257174
        4054     1.72755     1.72207  0.00257111
        4055     1.72473     1.72207  0.00257048
        4056     1.72232     1.72207  0.00256984
        4057     1.72032     1.72207  0.00256921
        4058     1.71873     1.72207  0.00256858
        4059     1.71755     1.72206  0.00256794
        4060     1.71675     1.72206  0.00256731
        4061     1.71631     1.72206  0.00256668
        4062     1.71623     1.72206  0.00256605
        4063     1.71647     1.72206  0.00256542
        4064       1.717     1.72206  0.00256479
        4065      1.7178     1.72206  0.00256416
        4066     1.71884     1.72206  0.00256352
        4067     1.72009     1.72205  0.00256289
        4068     1.72152     1.72205  0.00256226
        4069     1.72309     1.72206  0.00256164
        4070     1.72479     1.72206  0.00256101
        4071     1.72658     1.72206  0.00256038
        4072     1.72844     1.72206  0.00255975
        4073     1.73034     1.72206  0.00255912
        4074     1.73226     1.72206  0.00255849
        4075     1.73418     1.72207  0.00255787
        4076     1.73609     1.72207  0.00255724
        4077     1.73796     1.72207  0.00255662
        4078     1.73978     1.72208    0.002556
        4079     1.74153     1.72208  0.00255537
        4080      1.7432     1.72209  0.00255475
        4081     1.74478     1.72209  0.00255413
        4082     1.74625      1.7221  0.00255351
        4083      1.7476     1.72211   0.0025529
        4084     1.74882     1.72211  0.00255228
        4085      1.7499     1.72212  0.00255166
        4086     1.75082     1.72213  0.00255105
        4087     1.75158     1.72213  0.00255043
        4088     1.75216     1.72214  0.00254982
        4089     1.75255     1.72215  0.00254921
        4090     1.75276     1.72216   0.0025486
        4091     1.75276     1.72216  0.00254798
        4092     1.75256     1.72217  0.00254737
        4093     1.75216     1.72218  0.00254676
        4094     1.75155     1.72218  0.00254615
        4095     1.75073     1.72219  0.00254554
        4096     1.74971      1.7222  0.00254492
        4097     1.74851      1.7222  0.00254431
        4098     1.74711     1.72221   0.0025437
        4099     1.74555     1.72222  0.00254308
        4100     1.74383     1.72222  0.00254247
        4101     1.74198     1.72223  0.00254185
        4102     1.74001     1.72223  0.00254124
        4103     1.73795     1.72223  0.00254062
        4104      1.7358     1.72224     0.00254
        4105     1.73361     1.72224  0.00253939
        4106     1.73139     1.72224  0.00253877
        4107     1.72916     1.72224  0.00253815
        4108     1.72694     1.72225  0.00253753
        4109     1.72476     1.72225  0.00253692
        4110     1.72263     1.72225   0.0025363
        4111     1.72057     1.72225  0.00253568
        4112      1.7186     1.72225  0.00253506
        4113     1.71673     1.72224  0.00253445
        4114     1.71496     1.72224  0.00253383
        4115     1.71331     1.72224  0.00253322
        4116     1.71179     1.72224   0.0025326
        4117     1.71039     1.72223  0.00253199
        4118     1.70913     1.72223  0.00253138
        4119       1.708     1.72223  0.00253077
        4120     1.70701     1.72222  0.00253015
        4121     1.70617     1.72222  0.00252954
        4122     1.70548     1.72222  0.00252893
        4123     1.70493     1.72221  0.00252832
        4124     1.70454     1.72221  0.00252771
        4125     1.70431      1.7222   0.0025271
        4126     1.70426      1.7222   0.0025265
        4127     1.70438     1.72219  0.00252589
        4128     1.70469     1.72219  0.00252528
        4129      1.7052     1.72219  0.00252467
        4130     1.70592     1.72218  0.00252406
        4131     1.70686     1.72218  0.00252345
        4132     1.70803     1.72218  0.00252285
        4133     1.70943     1.72217  0.00252224
        4134     1.71107     1.72217  0.00252163
        4135     1.71294     1.72217  0.00252102
        4136     1.71506     1.72217  0.00252041
        4137     1.71742     1.72216   0.0025198
        4138        1.72     1.72216  0.00251919
        4139     1.72279     1.72216  0.00251858
        4140     1.72578     1.72216  0.00251798
        4141     1.72893     1.72217  0.00251737
        4142     1.73224     1.72217  0.00251676
        4143     1.73566     1.72217  0.00251616
        4144     1.73918     1.72218  0.00251555
        4145     1.74275     1.72218  0.00251495
        4146     1.74634     1.72219  0.00251435
        4147     1.74992     1.72219  0.00251375
        4148     1.75344      1.7222  0.00251316
        4149     1.75687     1.72221  0.00251257
        4150     1.76019     1.72222  0.00251198
        4151     1.76335     1.72223  0.00251139
        4152     1.76632     1.72224  0.00251081
        4153     1.76907     1.72225  0.00251023
        4154     1.77159     1.72226  0.00250965
        4155     1.77384     1.72227  0.00250908
        4156      1.7758     1.72229  0.00250851
        4157     1.77746      1.7223  0.00250794
        4158     1.77881     1.72231  0.00250738
        4159     1.77982     1.72233  0.00250681
        4160     1.78051     1.72234  0.00250625
        4161     1.78086     1.72236  0.00250568
        4162     1.78086     1.72237  0.00250512
        4163     1.78053     1.72238  0.00250456
        4164     1.77986      1.7224    0.002504
        4165     1.77886     1.72241  0.00250343
        4166     1.77754     1.72243  0.00250287
        4167      1.7759     1.72244   0.0025023
        4168     1.77397     1.72245  0.00250173
        4169     1.77175     1.72246  0.00250116
        4170     1.76926     1.72247  0.00250058
        4171     1.76651     1.72248      0.0025
        4172     1.76353     1.72249  0.00249942
        4173     1.76034      1.7225  0.00249884
        4174     1.75694     1.72251  0.00249826
        4175     1.75337     1.72252  0.00249767
        4176     1.74964     1.72253  0.00249708
        4177     1.74577     1.72253  0.00249649
        4178     1.74179     1.72254  0.00249589
        4179     1.73771     1.72254   0.0024953
        4180     1.73356     1.72254   0.0024947
        4181     1.72936     1.72254  0.00249411
        4182     1.72512     1.72254  0.00249351
        4183     1.72087     1.72254  0.00249292
        4184     1.71663     1.72254  0.00249232
        4185     1.71241     1.72254  0.00249173
        4186     1.70824     1.72254  0.00249113
        4187     1.70414     1.72253  0.00249054
        4188     1.70011     1.72253  0.00248995
        4189     1.69619     1.72252  0.00248937
        4190     1.69238     1.72251  0.00248878
        4191      1.6887      1.7225   0.0024882
        4192     1.68517      1.7225  0.00248762
        4193     1.68181     1.72249  0.00248705
        4194     1.67862     1.72248  0.00248648
        4195     1.67562     1.72246  0.00248591
        4196     1.67283     1.72245  0.00248535
        4197     1.67024     1.72244  0.00248479
        4198     1.66787     1.72243  0.00248423
        4199     1.66573     1.72241  0.00248367
        4200     1.66382      1.7224  0.00248312
        4201     1.66215     1.72239  0.00248257
        4202     1.66073     1.72237  0.00248202
        4203     1.65956     1.72236  0.00248148
        4204     1.65863     1.72234  0.00248093
        4205     1.65796     1.72233  0.00248039
        4206     1.65753     1.72231  0.00247985
        4207     1.65735     1.72229  0.00247931
        4208      1.6574     1.72228  0.00247877
        4209     1.65769     1.72226  0.00247823
        4210      1.6582     1.72225  0.00247768
        4211     1.65892     1.72223  0.00247714
        4212     1.65985     1.72222   0.0024766
        4213     1.66098      1.7222  0.00247605
        4214     1.66228     1.72219  0.00247551
        4215     1.66376     1.72218  0.00247496
        4216     1.66539     1.72216  0.00247441
        4217     1.66717     1.72215  0.00247385
        4218     1.66909     1.72214   0.0024733
        4219     1.67112     1.72212  0.00247274
        4220     1.67327     1.72211  0.00247218
        4221     1.67552      1.7221  0.00247162
        4222     1.67785     1.72209  0.00247106
        4223     1.68028     1.72208  0.00247049
        4224     1.68278     1.72207  0.00246993
        4225     1.68535     1.72206  0.00246936
        4226     1.68798     1.72206  0.00246879
        4227     1.69069     1.72205  0.00246821
        4228     1.69345     1.72204  0.00246764
        4229     1.69628     1.72204  0.00246706
        4230     1.69917     1.72203  0.00246649
        4231     1.70212     1.72203  0.00246591
        4232     1.70514     1.72202  0.00246533
        4233     1.70822     1.72202  0.00246475
        4234     1.71138     1.72202  0.00246417
        4235      1.7146     1.72201  0.00246359
        4236     1.71789     1.72201    0.002463
        4237     1.72125     1.72201  0.00246242
        4238     1.72469     1.72201  0.00246184
        4239     1.72819     1.72201  0.00246126
        4240     1.73175     1.72202  0.00246068
        4241     1.73538     1.72202   0.0024601
        4242     1.73906     1.72202  0.00245953
        4243     1.74279     1.72203  0.00245895
        4244     1.74656     1.72204  0.00245838
        4245     1.75036     1.72204  0.00245781
        4246     1.75419     1.72205  0.00245724
        4247     1.75804     1.72206  0.00245668
        4248      1.7619     1.72207  0.00245612
        4249     1.76576     1.72208  0.00245556
        4250     1.76961     1.72209  0.00245501
        4251     1.77344      1.7221  0.00245446
        4252     1.77725     1.72211  0.00245392
        4253     1.78103     1.72213  0.00245338
        4254     1.78477     1.72214  0.00245285
        4255     1.78846     1.72216  0.00245232
        4256     1.79209     1.72217   0.0024518
        4257     1.79566     1.72219  0.00245129
        4258     1.79916     1.72221  0.00245078
        4259      1.8026     1.72223  0.00245027
        4260     1.80595     1.72225  0.00244978
        4261     1.80921     1.72227  0.00244929
        4262     1.81239     1.72229   0.0024488
        4263     1.81547     1.72231  0.00244833
        4264     1.81846     1.72233  0.00244786
        4265     1.82134     1.72236  0.00244739
        4266     1.82411     1.72238  0.00244694
        4267     1.82677     1.72241  0.00244648
        4268     1.82932     1.72243  0.00244604
        4269     1.83174     1.72246   0.0024456
        4270     1.83403     1.72248  0.00244517
        4271     1.83618     1.72251  0.00244474
        4272      1.8382     1.72254  0.00244432
        4273     1.84006     1.72256   0.0024439
        4274     1.84177     1.72259  0.00244349
        4275     1.84333     1.72262  0.00244308
        4276     1.84471     1.72265  0.00244267
        4277     1.84592     1.72268  0.00244227
        4278     1.84695     1.72271  0.00244187
        4279     1.84779     1.72274  0.00244148
        4280     1.84843     1.72276  0.00244109
        4281     1.84887     1.72279  0.00244069
        4282     1.84909     1.72282   0.0024403
        4283     1.84909     1.72285  0.00243991
        4284     1.84887     1.72288  0.00243952
        4285     1.84841     1.72291  0.00243912
        4286     1.84771     1.72294  0.00243873
        4287     1.84677     1.72297  0.00243833
        4288     1.84558       1.723  0.00243793
        4289     1.84413     1.72303  0.00243752
        4290     1.84242     1.72305  0.00243712
        4291     1.84046     1.72308   0.0024367
        4292     1.83822     1.72311  0.00243628
        4293     1.83572     1.72313  0.00243585
        4294     1.83294     1.72316  0.00243542
        4295     1.82989     1.72319  0.00243498
        4296     1.82657     1.72321  0.00243453
        4297     1.82298     1.72323  0.00243408
        4298     1.81912     1.72325  0.00243361
        4299     1.81498     1.72328  0.00243314
        4300     1.81056      1.7233  0.00243266
        4301     1.80588     1.72332  0.00243217
        4302     1.80093     1.72333  0.00243167
        4303     1.79571     1.72335  0.00243116
        4304     1.79022     1.72337  0.00243065
        4305     1.78447     1.72338  0.00243013
        4306     1.77846     1.72339   0.0024296
        4307     1.77219      1.7234  0.00242906
        4308     1.76567     1.72341  0.00242851
        4309      1.7589     1.72342  0.00242796
        4310      1.7519     1.72343  0.00242741
        4311     1.74467     1.72343  0.00242685
        4312     1.73722     1.72344  0.00242629
        4313     1.72957     1.72344  0.00242573
        4314     1.72173     1.72344  0.00242517
        4315     1.71373     1.72344  0.00242461
        4316     1.70559     1.72343  0.00242405
        4317     1.69733     1.72343  0.00242349
        4318       1.689     1.72342  0.00242295
        4319     1.68061     1.72341   0.0024224
        4320     1.67222      1.7234  0.00242187
        4321     1.66386     1.72338  0.00242135
        4322     1.65558     1.72337  0.00242084
        4323     1.64744     1.72335  0.00242035
        4324     1.63947     1.72333  0.00241986
        4325     1.63175     1.72331   0.0024194
        4326     1.62432     1.72329  0.00241895
        4327     1.61725     1.72326  0.00241851
        4328     1.61058     1.72324  0.00241809
        4329     1.60437     1.72321  0.00241769
        4330     1.59867     1.72318   0.0024173
        4331     1.59353     1.72315  0.00241693
        4332     1.58898     1.72312  0.00241657
        4333     1.58506     1.72309  0.00241622
        4334     1.58179     1.72305  0.00241588
        4335      1.5792     1.72302  0.00241556
        4336     1.57729     1.72299  0.00241523
        4337     1.57606     1.72295  0.00241491
        4338      1.5755     1.72292   0.0024146
        4339      1.5756     1.72288  0.00241428
        4340     1.57634     1.72285  0.00241396
        4341     1.57768     1.72282  0.00241363
        4342     1.57959     1.72278   0.0024133
        4343     1.58202     1.72275  0.00241296
        4344     1.58494     1.72272  0.00241262
        4345     1.58828     1.72269  0.00241226
        4346     1.59201     1.72266  0.00241189
        4347     1.59607     1.72263  0.00241151
        4348     1.60041      1.7226  0.00241112
        4349     1.60497     1.72258  0.00241072
        4350     1.60972     1.72255  0.00241031
        4351     1.61461     1.72252  0.00240988
        4352     1.61959      1.7225  0.00240944
        4353     1.62463     1.72248  0.00240899
        4354     1.62969     1.72246  0.00240853
        4355     1.63474     1.72244  0.00240807
        4356     1.63976     1.72242  0.00240759
        4357     1.64472      1.7224   0.0024071
        4358     1.64959     1.72238  0.00240661
        4359     1.65436     1.72237   0.0024061
        4360     1.65902     1.72235   0.0024056
        4361     1.66355     1.72234  0.00240508
        4362     1.66793     1.72233  0.00240456
        4363     1.67217     1.72232  0.00240404
        4364     1.67626     1.72231  0.00240351
        4365     1.68018      1.7223  0.00240298
        4366     1.68395     1.72229  0.00240245
        4367     1.68756     1.72228  0.00240191
        4368     1.69101     1.72227  0.00240137
        4369      1.6943     1.72227  0.00240083
        4370     1.69742     1.72226  0.00240029
        4371     1.70039     1.72225  0.00239974
        4372     1.70321     1.72225   0.0023992
        4373     1.70588     1.72225  0.00239865
        4374     1.70841     1.72224  0.00239811
        4375     1.71079     1.72224  0.00239756
        4376     1.71305     1.72224  0.00239701
        4377     1.71519     1.72224  0.00239647
        4378     1.71722     1.72224  0.00239592
        4379     1.71915     1.72224  0.00239537
        4380     1.72099     1.72223  0.00239482
        4381     1.72275     1.72224  0.00239428
        4382     1.72445     1.72224  0.00239373
        4383     1.72609     1.72224  0.00239319
        4384     1.72769     1.72224  0.00239264
        4385     1.72926     1.72224  0.00239209
        4386     1.73081     1.72224  0.00239155
        4387     1.73235     1.72224  0.00239101
        4388     1.73388     1.72225  0.00239046
        4389     1.73543     1.72225  0.00238992
        4390     1.73698     1.72225  0.00238938
        4391     1.73855     1.72226  0.00238884
        4392     1.74013     1.72226   0.0023883
        4393     1.74172     1.72226  0.00238776
        4394     1.74331     1.72227  0.00238722
        4395     1.74491     1.72227  0.00238668
        4396     1.74649     1.72228  0.00238614
        4397     1.74806     1.72229  0.00238561
        4398     1.74959     1.72229  0.00238507
        4399     1.75107      1.7223  0.00238454
        4400     1.75249     1.72231  0.00238401
        4401     1.75383     1.72231  0.00238348
        4402     1.75506     1.72232  0.00238295
        4403     1.75617     1.72233  0.00238242
        4404     1.75714     1.72234  0.00238189
        4405     1.75796     1.72234  0.00238136
        4406      1.7586     1.72235  0.00238084
        4407     1.75904     1.72236  0.00238031
        4408     1.75928     1.72237  0.00237979
        4409     1.75929     1.72238  0.00237926
        4410     1.75907     1.72239  0.00237874
        4411      1.7586     1.72239  0.00237821
        4412     1.75788      1.7224  0.00237769
        4413     1.75691     1.72241  0.00237716
        4414     1.75568     1.72242  0.00237663
        4415      1.7542     1.72242  0.00237611
        4416     1.75246     1.72243  0.00237558
        4417     1.75047     1.72244  0.00237505
        4418     1.74824     1.72244  0.00237452
        4419     1.74578     1.72245  0.00237399
        4420      1.7431     1.72245  0.00237345
        4421     1.74021     1.72246  0.00237292
        4422     1.73714     1.72246  0.00237239
        4423     1.73389     1.72246  0.00237185
        4424     1.73049     1.72247  0.00237132
        4425     1.72695     1.72247  0.00237078
        4426     1.72329     1.72247  0.00237025
        4427     1.71952     1.72247  0.00236971
        4428     1.71567     1.72246  0.00236918
        4429     1.71175     1.72246  0.00236864
        4430     1.70778     1.72246  0.00236811
        4431     1.70378     1.72245  0.00236758
        4432     1.69976     1.72245  0.00236705
        4433     1.69574     1.72244  0.00236652
        4434     1.69173     1.72244    0.002366
        4435     1.68775     1.72243  0.00236548
        4436      1.6838     1.72242  0.00236496
        4437     1.67989     1.72241  0.00236445
        4438     1.67604      1.7224  0.00236394
        4439     1.67225     1.72239  0.00236343
        4440     1.66853     1.72238  0.00236293
        4441     1.66489     1.72236  0.00236244
        4442     1.66133     1.72235  0.00236194
        4443     1.65785     1.72233  0.00236146
        4444     1.65447     1.72232  0.00236097
        4445     1.65117      1.7223   0.0023605
        4446     1.64797     1.72229  0.00236003
        4447     1.64488     1.72227  0.00235956
        4448     1.64188     1.72225   0.0023591
        4449     1.63898     1.72223  0.00235864
        4450      1.6362     1.72221  0.00235819
        4451     1.63354     1.72219  0.00235775
        4452       1.631     1.72217  0.00235731
        4453     1.62859     1.72215  0.00235687
        4454     1.62632     1.72213  0.00235644
        4455      1.6242     1.72211  0.00235601
        4456     1.62224     1.72209  0.00235559
        4457     1.62047     1.72206  0.00235517
        4458      1.6189     1.72204  0.00235476
        4459     1.61755     1.72202  0.00235435
        4460     1.61643     1.72199  0.00235394
        4461     1.61556     1.72197  0.00235353
        4462     1.61495     1.72195  0.00235312
        4463     1.61463     1.72192  0.00235272
        4464      1.6146      1.7219  0.00235232
        4465     1.61488     1.72187  0.00235191
        4466     1.61546     1.72185  0.00235151
        4467     1.61634     1.72183   0.0023511
        4468     1.61752      1.7218  0.00235069
        4469     1.61898     1.72178  0.00235027
        4470      1.6207     1.72176  0.00234986
        4471     1.62267     1.72173  0.00234944
        4472     1.62484     1.72171  0.00234901
        4473     1.62719     1.72169  0.00234858
        4474     1.62968     1.72167  0.00234815
        4475     1.63227     1.72165  0.00234771
        4476     1.63492     1.72163  0.00234726
        4477      1.6376     1.72161  0.00234681
        4478     1.64025     1.72159  0.00234636
        4479     1.64286     1.72158   0.0023459
        4480     1.64537     1.72156  0.00234544
        4481     1.64777     1.72154  0.00234497
        4482     1.65004     1.72153   0.0023445
        4483     1.65216     1.72151  0.00234403
        4484     1.65412      1.7215  0.00234356
        4485     1.65591     1.72148  0.00234308
        4486     1.65754     1.72147   0.0023426
        4487     1.65903     1.72145  0.00234212
        4488     1.66037     1.72144  0.00234164
        4489     1.66159     1.72143  0.00234115
        4490     1.66271     1.72141  0.00234067
        4491     1.66376      1.7214  0.00234018
        4492     1.66476     1.72139   0.0023397
        4493     1.66572     1.72138  0.00233921
        4494     1.66668     1.72136  0.00233872
        4495     1.66767     1.72135  0.00233823
        4496      1.6687     1.72134  0.00233774
        4497     1.66979     1.72133  0.00233725
        4498     1.67097     1.72132  0.00233675
        4499     1.67225     1.72131  0.00233626
        4500     1.67364      1.7213  0.00233577
        4501     1.67515     1.72129  0.00233527
        4502      1.6768     1.72128  0.00233477
        4503     1.67859     1.72127  0.00233427
        4504     1.68053     1.72126  0.00233377
        4505     1.68263     1.72125  0.00233327
        4506     1.68489     1.72124  0.00233277
        4507     1.68733     1.72123  0.00233226
        4508     1.68994     1.72123  0.00233175
        4509     1.69274     1.72122  0.00233124
        4510     1.69573     1.72121  0.00233073
        4511     1.69893     1.72121  0.00233022
        4512     1.70235     1.72121  0.00232971
        4513     1.70598      1.7212   0.0023292
        4514     1.70985      1.7212  0.00232868
        4515     1.71395      1.7212  0.00232817
        4516      1.7183      1.7212  0.00232765
        4517      1.7229      1.7212  0.00232714
        4518     1.72774      1.7212  0.00232662
        4519     1.73283      1.7212  0.00232611
        4520     1.73815     1.72121   0.0023256
        4521      1.7437     1.72121  0.00232509
        4522     1.74946     1.72122  0.00232458
        4523      1.7554     1.72122  0.00232408
        4524     1.76152     1.72123  0.00232358
        4525     1.76778     1.72124  0.00232309
        4526     1.77414     1.72126  0.00232261
        4527     1.78059     1.72127  0.00232213
        4528     1.78708     1.72128  0.00232167
        4529     1.79357      1.7213  0.00232121
        4530     1.80004     1.72132  0.00232076
        4531     1.80644     1.72134  0.00232032
        4532     1.81273     1.72136   0.0023199
        4533     1.81889     1.72138  0.00231949
        4534     1.82486      1.7214  0.00231909
        4535     1.83063     1.72142   0.0023187
        4536     1.83614     1.72145  0.00231833
        4537     1.84138     1.72148  0.00231797
        4538      1.8463      1.7215  0.00231762
        4539     1.85089     1.72153  0.00231729
        4540     1.85512     1.72156  0.00231696
        4541     1.85897     1.72159  0.00231665
        4542      1.8624     1.72162  0.00231635
        4543      1.8654     1.72165  0.00231605
        4544     1.86795     1.72169  0.00231577
        4545     1.87005     1.72172  0.00231549
        4546     1.87167     1.72175  0.00231521
        4547      1.8728     1.72179  0.00231494
        4548     1.87345     1.72182  0.00231467
        4549      1.8736     1.72185  0.00231441
        4550     1.87326     1.72189  0.00231414
        4551     1.87241     1.72192  0.00231386
        4552     1.87107     1.72195  0.00231359
        4553     1.86924     1.72198  0.00231331
        4554     1.86693     1.72202  0.00231302
        4555     1.86416     1.72205  0.00231272
        4556     1.86094     1.72208  0.00231241
        4557      1.8573     1.72211   0.0023121
        4558     1.85326     1.72214  0.00231177
        4559     1.84884     1.72216  0.00231143
        4560     1.84408     1.72219  0.00231107
        4561     1.83903     1.72222  0.00231071
        4562      1.8337     1.72224  0.00231033
        4563     1.82817     1.72226  0.00230994
        4564     1.82246     1.72228  0.00230954
        4565     1.81664     1.72231  0.00230913
        4566     1.81076     1.72232   0.0023087
        4567     1.80487     1.72234  0.00230827
        4568     1.79904     1.72236  0.00230782
        4569      1.7933     1.72238  0.00230737
        4570     1.78772     1.72239  0.00230691
        4571     1.78235      1.7224  0.00230644
        4572     1.77724     1.72241  0.00230597
        4573     1.77243     1.72243  0.00230549
        4574     1.76795     1.72244  0.00230501
        4575     1.76384     1.72244  0.00230452
        4576      1.7601     1.72245  0.00230403
        4577     1.75676     1.72246  0.00230354
        4578     1.75382     1.72247  0.00230305
        4579     1.75127     1.72247  0.00230256
        4580     1.74909     1.72248  0.00230206
        4581     1.74729     1.72248  0.00230156
        4582     1.74582     1.72249  0.00230107
        4583     1.74465     1.72249  0.00230057
        4584     1.74376      1.7225  0.00230007
        4585      1.7431      1.7225  0.00229958
        4586     1.74263     1.72251  0.00229908
        4587     1.74231     1.72251  0.00229858
        4588     1.74211     1.72252  0.00229808
        4589     1.74198     1.72252  0.00229759
        4590     1.74188     1.72253  0.00229709
        4591     1.74178     1.72253  0.00229659
        4592     1.74164     1.72253   0.0022961
        4593     1.74143     1.72254   0.0022956
        4594     1.74113     1.72254  0.00229511
        4595      1.7407     1.72255  0.00229461
        4596     1.74013     1.72255  0.00229411
        4597      1.7394     1.72255  0.00229362
        4598     1.73848     1.72256  0.00229312
        4599     1.73736     1.72256  0.00229262
        4600     1.73603     1.72256  0.00229213
        4601     1.73448     1.72257  0.00229163
        4602     1.73269     1.72257  0.00229113
        4603     1.73067     1.72257  0.00229064
        4604     1.72842     1.72257  0.00229014
        4605     1.72593     1.72257  0.00228964
        4606     1.72321     1.72257  0.00228915
        4607     1.72027     1.72257  0.00228865
        4608     1.71712     1.72257  0.00228815
        4609     1.71377     1.72257  0.00228766
        4610     1.71025     1.72257  0.00228716
        4611     1.70657     1.72256  0.00228667
        4612     1.70276     1.72256  0.00228618
        4613     1.69886     1.72255  0.00228569
        4614     1.69488     1.72255   0.0022852
        4615     1.69086     1.72254  0.00228472
        4616     1.68683     1.72253  0.00228423
        4617     1.68284     1.72252  0.00228375
        4618      1.6789     1.72251  0.00228328
        4619     1.67506      1.7225  0.00228281
        4620     1.67134     1.72249  0.00228234
        4621     1.66778     1.72248  0.00228188
        4622      1.6644     1.72247  0.00228142
        4623     1.66122     1.72245  0.00228096
        4624     1.65827     1.72244  0.00228051
        4625     1.65556     1.72243  0.00228007
        4626     1.65311     1.72241  0.00227962
        4627     1.65091      1.7224  0.00227918
        4628     1.64897     1.72238  0.00227874
        4629     1.64729     1.72236  0.00227831
        4630     1.64587     1.72235  0.00227788
        4631     1.64468     1.72233  0.00227745
        4632     1.64372     1.72231  0.00227702
        4633     1.64296      1.7223  0.00227659
        4634      1.6424     1.72228  0.00227617
        4635     1.64199     1.72226  0.00227574
        4636     1.64173     1.72224  0.00227532
        4637     1.64158     1.72223  0.00227489
        4638     1.64152     1.72221  0.00227447
        4639     1.64152     1.72219  0.00227404
        4640     1.64155     1.72217  0.00227362
        4641     1.64159     1.72216   0.0022732
        4642     1.64161     1.72214  0.00227277
        4643     1.64158     1.72212  0.00227235
        4644     1.64148     1.72211  0.00227193
        4645      1.6413     1.72209   0.0022715
        4646     1.64101     1.72207  0.00227108
        4647     1.64061     1.72205  0.00227066
        4648     1.64007     1.72204  0.00227024
        4649      1.6394     1.72202  0.00226982
        4650     1.63858       1.722  0.00226941
        4651     1.63762     1.72198  0.00226899
        4652     1.63653     1.72196  0.00226858
        4653      1.6353     1.72194  0.00226817
        4654     1.63395     1.72193  0.00226776
        4655     1.63249     1.72191  0.00226735
        4656     1.63094     1.72189  0.00226695
        4657     1.62933     1.72187  0.00226655
        4658     1.62767     1.72185  0.00226615
        4659       1.626     1.72183  0.00226576
        4660     1.62434     1.72181  0.00226537
        4661     1.62273     1.72178  0.00226498
        4662     1.62119     1.72176   0.0022646
        4663     1.61975     1.72174  0.00226422
        4664     1.61845     1.72172  0.00226384
        4665     1.61732      1.7217  0.00226347
        4666     1.61638     1.72167   0.0022631
        4667     1.61566     1.72165  0.00226273
        4668     1.61518     1.72163  0.00226236
        4669     1.61497     1.72161  0.00226199
        4670     1.61506     1.72158  0.00226162
        4671     1.61544     1.72156  0.00226125
        4672     1.61615     1.72154  0.00226088
        4673      1.6172     1.72151   0.0022605
        4674     1.61859     1.72149  0.00226013
        4675     1.62033     1.72147  0.00225975
        4676     1.62244     1.72145  0.00225936
        4677     1.62491     1.72143  0.00225897
        4678     1.62774     1.72141  0.00225858
        4679     1.63093     1.72139  0.00225818
        4680     1.63448     1.72137  0.00225777
        4681     1.63839     1.72135  0.00225736
        4682     1.64263     1.72134  0.00225694
        4683     1.64721     1.72132  0.00225651
        4684     1.65211     1.72131  0.00225608
        4685     1.65732     1.72129  0.00225564
        4686     1.66282     1.72128  0.00225519
        4687     1.66859     1.72127  0.00225474
        4688     1.67462     1.72126  0.00225428
        4689     1.68088     1.72125  0.00225382
        4690     1.68735     1.72124  0.00225335
        4691     1.69402     1.72124  0.00225288
        4692     1.70086     1.72123   0.0022524
        4693     1.70785     1.72123  0.00225192
        4694     1.71497     1.72123  0.00225144
        4695      1.7222     1.72123  0.00225096
        4696     1.72952     1.72123  0.00225048
        4697      1.7369     1.72123  0.00225001
        4698     1.74432     1.72124  0.00224953
        4699     1.75177     1.72125  0.00224906
        4700     1.75922     1.72125   0.0022486
        4701     1.76664     1.72126  0.00224814
        4702     1.77403     1.72127  0.00224769
        4703     1.78136     1.72129  0.00224725
        4704      1.7886      1.7213  0.00224682
        4705     1.79573     1.72132   0.0022464
        4706     1.80274     1.72133  0.00224599
        4707     1.80959     1.72135  0.00224559
        4708     1.81627     1.72137   0.0022452
        4709     1.82276      1.7214  0.00224483
        4710     1.82902     1.72142  0.00224447
        4711     1.83504     1.72144  0.00224412
        4712      1.8408     1.72147  0.00224379
        4713     1.84627     1.72149  0.00224347
        4714     1.85143     1.72152  0.00224316
        4715     1.85625     1.72155  0.00224287
        4716     1.86072     1.72158  0.00224259
        4717     1.86481     1.72161  0.00224232
        4718     1.86849     1.72164  0.00224206
        4719     1.87176     1.72167  0.00224181
        4720     1.87458     1.72171  0.00224157
        4721     1.87695     1.72174  0.00224133
        4722     1.87885     1.72177   0.0022411
        4723     1.88026      1.7218  0.00224088
        4724     1.88117     1.72184  0.00224066
        4725     1.88157     1.72187  0.00224044
        4726     1.88146     1.72191  0.00224022
        4727     1.88082     1.72194     0.00224
        4728     1.87967     1.72197  0.00223978
        4729     1.87799     1.72201  0.00223954
        4730     1.87579     1.72204  0.00223931
        4731     1.87309     1.72207  0.00223906
        4732     1.86989      1.7221  0.00223881
        4733     1.86621     1.72213  0.00223854
        4734     1.86206     1.72216  0.00223826
        4735     1.85747     1.72219  0.00223797
        4736     1.85247     1.72222  0.00223767
        4737     1.84709     1.72224  0.00223735
        4738     1.84136     1.72227  0.00223702
        4739     1.83532     1.72229  0.00223668
        4740       1.829     1.72232  0.00223632
        4741     1.82247     1.72234  0.00223594
        4742     1.81575     1.72236  0.00223556
        4743     1.80889     1.72237  0.00223516
        4744     1.80196     1.72239  0.00223476
        4745     1.79498     1.72241  0.00223434
        4746     1.78802     1.72242  0.00223391
        4747     1.78111     1.72243  0.00223347
        4748     1.77431     1.72244  0.00223303
        4749     1.76766     1.72245  0.00223258
        4750      1.7612     1.72246  0.00223212
        4751     1.75497     1.72247  0.00223166
        4752       1.749     1.72247   0.0022312
        4753     1.74332     1.72248  0.00223074
        4754     1.73795     1.72248  0.00223027
        4755     1.73293     1.72248   0.0022298
        4756     1.72826     1.72249  0.00222933
        4757     1.72395     1.72249  0.00222886
        4758     1.72002     1.72249   0.0022284
        4759     1.71647     1.72248  0.00222793
        4760      1.7133     1.72248  0.00222746
        4761      1.7105     1.72248  0.00222699
        4762     1.70807     1.72248  0.00222653
        4763       1.706     1.72247  0.00222606
        4764     1.70429     1.72247   0.0022256
        4765     1.70291     1.72246  0.00222514
        4766     1.70186     1.72246  0.00222467
        4767     1.70113     1.72246  0.00222421
        4768     1.70069     1.72245  0.00222375
        4769     1.70052     1.72245  0.00222329
        4770     1.70062     1.72244  0.00222283
        4771     1.70096     1.72244  0.00222237
        4772     1.70153     1.72243   0.0022219
        4773     1.70231     1.72243  0.00222144
        4774     1.70329     1.72243  0.00222098
        4775     1.70443     1.72242  0.00222052
        4776     1.70573     1.72242  0.00222006
        4777     1.70717     1.72241  0.00221959
        4778     1.70872     1.72241  0.00221913
        4779     1.71038     1.72241  0.00221867
        4780      1.7121     1.72241  0.00221821
        4781     1.71389     1.72241  0.00221774
        4782     1.71571      1.7224  0.00221728
        4783     1.71755      1.7224  0.00221682
        4784      1.7194      1.7224  0.00221635
        4785     1.72122      1.7224  0.00221589
        4786       1.723      1.7224  0.00221543
        4787     1.72471      1.7224  0.00221496
        4788     1.72636      1.7224   0.0022145
        4789      1.7279      1.7224  0.00221404
        4790     1.72933     1.72241  0.00221358
        4791     1.73063     1.72241  0.00221312
        4792     1.73179     1.72241  0.00221266
        4793     1.73279     1.72241  0.00221219
        4794     1.73362     1.72241  0.00221173
        4795     1.73426     1.72242  0.00221127
        4796     1.73472     1.72242  0.00221081
        4797     1.73497     1.72242  0.00221036
        4798     1.73501     1.72242   0.0022099
        4799     1.73485     1.72243  0.00220944
        4800     1.73446     1.72243  0.00220898
        4801     1.73386     1.72243  0.00220852
        4802     1.73303     1.72243  0.00220806
        4803     1.73199     1.72244   0.0022076
        4804     1.73073     1.72244  0.00220714
        4805     1.72926     1.72244  0.00220668
        4806     1.72757     1.72244  0.00220623
        4807     1.72569     1.72244  0.00220577
        4808      1.7236     1.72244  0.00220531
        4809     1.72133     1.72244  0.00220485
        4810     1.71889     1.72244  0.00220439
        4811     1.71627     1.72244  0.00220393
        4812      1.7135     1.72244  0.00220348
        4813     1.71058     1.72243  0.00220302
        4814     1.70754     1.72243  0.00220256
        4815     1.70438     1.72243  0.00220211
        4816     1.70111     1.72242  0.00220166
        4817     1.69775     1.72242  0.00220121
        4818     1.69431     1.72241  0.00220076
        4819     1.69081     1.72241  0.00220031
        4820     1.68727      1.7224  0.00219987
        4821     1.68368     1.72239  0.00219942
        4822     1.68008     1.72238  0.00219899
        4823     1.67647     1.72237  0.00219855
        4824     1.67287     1.72236  0.00219812
        4825      1.6693     1.72235  0.00219769
        4826     1.66577     1.72234  0.00219727
        4827      1.6623     1.72233  0.00219685
        4828     1.65891     1.72231  0.00219643
        4829      1.6556      1.7223  0.00219602
        4830     1.65239     1.72229  0.00219561
        4831     1.64931     1.72227  0.00219521
        4832     1.64636     1.72225  0.00219481
        4833     1.64356     1.72224  0.00219442
        4834     1.64093     1.72222  0.00219403
        4835     1.63847      1.7222  0.00219364
        4836     1.63621     1.72219  0.00219326
        4837     1.63416     1.72217  0.00219288
        4838     1.63234     1.72215  0.00219251
        4839     1.63076     1.72213  0.00219214
        4840     1.62943     1.72211  0.00219177
        4841     1.62836     1.72209   0.0021914
        4842     1.62758     1.72207  0.00219103
        4843     1.62709     1.72205  0.00219067
        4844     1.62691     1.72203  0.00219031
        4845     1.62704     1.72201  0.00218994
        4846     1.62751     1.72199  0.00218958
        4847     1.62831     1.72198  0.00218921
        4848     1.62946     1.72196  0.00218884
        4849     1.63096     1.72194  0.00218847
        4850     1.63283     1.72192   0.0021881
        4851     1.63506      1.7219  0.00218772
        4852     1.63766     1.72188  0.00218734
        4853     1.64062     1.72187  0.00218695
        4854     1.64395     1.72185  0.00218656
        4855     1.64762     1.72184  0.00218616
        4856     1.65164     1.72182  0.00218576
        4857     1.65599     1.72181  0.00218535
        4858     1.66065      1.7218  0.00218494
        4859     1.66561     1.72178  0.00218452
        4860     1.67084     1.72177  0.00218409
        4861     1.67633     1.72176  0.00218366
        4862     1.68204     1.72176  0.00218323
        4863     1.68795     1.72175  0.00218279
        4864     1.69402     1.72174  0.00218235
        4865     1.70023     1.72174  0.00218191
        4866     1.70655     1.72174  0.00218146
        4867     1.71293     1.72173  0.00218101
        4868     1.71934     1.72173  0.00218057
        4869     1.72576     1.72173  0.00218012
        4870     1.73215     1.72174  0.00217967
        4871     1.73849     1.72174  0.00217923
        4872     1.74473     1.72174  0.00217878
        4873     1.75087     1.72175  0.00217835
        4874     1.75687     1.72176  0.00217791
        4875      1.7627     1.72177  0.00217748
        4876     1.76836     1.72178  0.00217705
        4877     1.77381     1.72179  0.00217663
        4878     1.77905      1.7218  0.00217622
        4879     1.78406     1.72181  0.00217581
        4880     1.78883     1.72182  0.00217541
        4881     1.79336     1.72184  0.00217501
        4882     1.79764     1.72185  0.00217462
        4883     1.80167     1.72187  0.00217424
        4884     1.80545     1.72189  0.00217386
        4885     1.80898     1.72191  0.00217349
        4886     1.81227     1.72192  0.00217312
        4887     1.81533     1.72194  0.00217276
        4888     1.81815     1.72196  0.00217241
        4889     1.82075     1.72198  0.00217206
        4890     1.82314       1.722  0.00217171
        4891     1.82534     1.72202  0.00217137
        4892     1.82735     1.72205  0.00217103
        4893     1.82918     1.72207   0.0021707
        4894     1.83085     1.72209  0.00217037
        4895     1.83237     1.72211  0.00217004
        4896     1.83376     1.72214  0.00216972
        4897     1.83501     1.72216   0.0021694
        4898     1.83615     1.72218  0.00216908
        4899     1.83718     1.72221  0.00216876
        4900      1.8381     1.72223  0.00216845
        4901     1.83892     1.72225  0.00216814
        4902     1.83964     1.72228  0.00216783
        4903     1.84026      1.7223  0.00216752
        4904     1.84079     1.72233  0.00216721
        4905     1.84122     1.72235  0.00216691
        4906     1.84154     1.72237   0.0021666
        4907     1.84175      1.7224   0.0021663
        4908     1.84184     1.72242  0.00216599
        4909     1.84182     1.72245  0.00216569
        4910     1.84166     1.72247  0.00216538
        4911     1.84136      1.7225  0.00216508
        4912      1.8409     1.72252  0.00216477
        4913     1.84028     1.72254  0.00216446
        4914     1.83949     1.72257  0.00216415
        4915     1.83851     1.72259  0.00216384
        4916     1.83733     1.72261  0.00216353
        4917     1.83595     1.72264  0.00216321
        4918     1.83435     1.72266  0.00216289
        4919     1.83252     1.72268  0.00216256
        4920     1.83046      1.7227  0.00216224
        4921     1.82816     1.72273   0.0021619
        4922     1.82561     1.72275  0.00216156
        4923     1.82282     1.72277  0.00216122
        4924     1.81978     1.72279  0.00216087
        4925      1.8165     1.72281  0.00216052
        4926     1.81297     1.72282  0.00216016
        4927      1.8092     1.72284  0.00215979
        4928      1.8052     1.72286  0.00215941
        4929     1.80096     1.72287  0.00215903
        4930     1.79651     1.72289  0.00215865
        4931     1.79184      1.7229  0.00215826
        4932     1.78698     1.72292  0.00215786
        4933     1.78193     1.72293  0.00215745
        4934     1.77671     1.72294  0.00215704
        4935     1.77135     1.72295  0.00215663
        4936     1.76585     1.72296  0.00215621
        4937     1.76025     1.72296  0.00215579
        4938     1.75456     1.72297  0.00215536
        4939     1.74881     1.72298  0.00215493
        4940     1.74303     1.72298   0.0021545
        4941     1.73726     1.72298  0.00215406
        4942     1.73151     1.72299  0.00215363
        4943     1.72583     1.72299  0.00215319
        4944     1.72025     1.72299  0.00215276
        4945     1.71481     1.72298  0.00215232
        4946     1.70955     1.72298  0.00215189
        4947      1.7045     1.72298  0.00215146
        4948     1.69971     1.72297  0.00215103
        4949     1.69522     1.72297   0.0021506
        4950     1.69107     1.72296  0.00215017
        4951     1.68728     1.72295  0.00214975
        4952     1.68391     1.72295  0.00214933
        4953     1.68097     1.72294  0.00214892
        4954      1.6785     1.72293   0.0021485
        4955     1.67652     1.72292  0.00214809
        4956     1.67504     1.72291  0.00214768
        4957     1.67408      1.7229  0.00214726
        4958     1.67363     1.72289  0.00214685
        4959     1.67371     1.72288  0.00214644
        4960     1.67428     1.72287  0.00214603
        4961     1.67535     1.72286  0.00214562
        4962     1.67688     1.72285  0.00214521
        4963     1.67885     1.72284   0.0021448
        4964     1.68122     1.72283  0.00214438
        4965     1.68395     1.72283  0.00214396
        4966       1.687     1.72282  0.00214354
        4967     1.69031     1.72281  0.00214312
        4968     1.69385     1.72281   0.0021427
        4969     1.69756      1.7228  0.00214227
        4970     1.70139      1.7228  0.00214185
        4971      1.7053     1.72279  0.00214142
        4972     1.70923     1.72279  0.00214099
        4973     1.71314     1.72279  0.00214056
        4974     1.71697     1.72279  0.00214013
        4975      1.7207     1.72279   0.0021397
        4976     1.72427     1.72279  0.00213927
        4977     1.72767     1.72279  0.00213884
        4978     1.73084     1.72279  0.00213841
        4979     1.73377     1.72279  0.00213798
        4980     1.73643     1.72279  0.00213756
        4981      1.7388      1.7228  0.00213713
        4982     1.74085      1.7228   0.0021367
        4983     1.74259     1.72281  0.00213628
        4984     1.74399     1.72281  0.00213585
        4985     1.74506     1.72281  0.00213543
        4986     1.74579     1.72282  0.00213501
        4987     1.74619     1.72282  0.00213458
        4988     1.74626     1.72283  0.00213416
        4989     1.74601     1.72283  0.00213374
        4990     1.74546     1.72284  0.00213331
        4991     1.74461     1.72284  0.00213289
        4992      1.7435     1.72285  0.00213247
        4993     1.74213     1.72285  0.00213205
        4994     1.74054     1.72285  0.00213162
        4995     1.73876     1.72286   0.0021312
        4996      1.7368     1.72286  0.00213077
        4997      1.7347     1.72286  0.00213035
        4998      1.7325     1.72286  0.00212992
        4999     1.73023     1.72286   0.0021295
        5000     1.72791     1.72287  0.00212907
