# mu		sigma		energy		error
1	0.974697	1.01444	0.540258	0.0973541
2	1.00514	1.05664	0.811873	0.104266
3	0.960779	1.05634	0.706439	0.105922
4	0.994186	1.09594	1.2988	0.14922
5	1.0151	1.1015	1.07475	0.129186
6	0.977126	1.05203	0.692736	0.0835932
7	1.02604	1.06713	1.1334	0.147455
8	0.981057	1.03188	0.901842	0.13436
9	0.972786	1.02853	0.626708	0.10392
10	0.979131	1.0048	0.657245	0.114641
11	0.988883	1.0536	0.980558	0.111718
12	0.988624	1.0156	0.571975	0.118258
13	1.02175	0.995868	0.892874	0.147262
14	0.980305	0.974454	0.486377	0.0812197
15	0.992283	0.961333	0.611986	0.0995075
16	1.01912	0.98906	0.835171	0.126273
17	1.00388	0.945764	0.464994	0.0874499
18	1.0028	0.937232	0.605717	0.0914029
19	1.02451	0.887426	0.313198	0.0706541
20	0.999197	0.939968	0.501869	0.101174
21	0.946281	0.990697	0.545305	0.12227
22	0.995612	1.04336	1.03844	0.154617
23	1.03487	1.09242	1.16904	0.137008
24	1.05595	1.07741	1.19618	0.116498
25	1.06041	1.08576	1.22169	0.145873
26	1.03037	1.12678	1.4831	0.149461
27	0.98083	1.1032	1.13117	0.171518
28	0.988938	1.09389	1.14485	0.157648
29	0.989079	1.06676	0.82626	0.119205
30	0.976418	1.06722	1.00509	0.153555
31	0.983066	1.07164	1.15389	0.163324
32	0.933806	1.06096	0.686564	0.122633
33	0.894919	1.07699	0.460157	0.0852469
34	0.92451	1.04444	0.391426	0.0913599
35	0.959694	1.01908	0.627807	0.10122
36	0.940973	0.981853	0.352305	0.0703981
37	0.954633	0.947667	0.333867	0.0769452
38	0.987428	0.942572	0.591211	0.10071
39	0.956301	0.938244	0.36274	0.066058
40	0.947864	0.879538	0.11625	0.0572229
41	0.910915	0.895084	0.239841	0.0765643
42	0.952426	0.900663	0.146225	0.0778418
43	0.988795	0.882307	0.208213	0.0603964
44	0.979131	0.867483	0.217913	0.0667607
45	1.01308	0.876911	0.296671	0.0637718
46	0.969328	0.905822	0.205287	0.0619101
47	1.00101	0.846006	0.172895	0.0574396
48	1.03407	0.812587	0.121092	0.0520055
49	1.0235	0.804313	0.0671823	0.0467093
50	1.04425	0.762983	0.0422154	0.0450928
51	1.03052	0.756253	0.0474436	0.0511248
52	1.0073	0.769652	-0.0647501	0.0521843
53	0.978528	0.74064	-0.140407	0.0317162
54	0.994294	0.715981	-0.146794	0.0505539
55	0.95786	0.667022	-0.315078	0.0266618
56	0.895865	0.647818	-0.365299	0.0208341
57	0.844363	0.6349	-0.42748	0.0107483
58	0.907863	0.630522	-0.37443	0.0160271
59	0.947252	0.677759	-0.33409	0.018104
60	0.947192	0.655997	-0.339414	0.0180831
61	0.990546	0.621152	-0.298014	0.0184879
62	0.964964	0.68542	-0.277534	0.0298713
63	0.941755	0.647085	-0.363708	0.0154875
64	1.00298	0.688296	-0.166126	0.0372649
65	1.00427	0.647229	-0.292203	0.0173358
66	0.942497	0.621407	-0.389258	0.0122008
67	0.989893	0.640055	-0.302484	0.0179603
68	0.925016	0.649041	-0.351392	0.0165202
69	0.964133	0.607	-0.355844	0.0145177
70	0.948423	0.592228	-0.366986	0.0120891
71	0.990312	0.613655	-0.297561	0.0191264
72	0.953128	0.549275	-0.315171	0.0143997
73	0.940338	0.547873	-0.309246	0.0171519
74	0.872139	0.496431	-0.252073	0.0236549
75	0.942866	0.525466	-0.282907	0.0177675
76	0.963954	0.562022	-0.307242	0.0127398
77	0.957726	0.531048	-0.270065	0.0172991
78	0.974684	0.552423	-0.303391	0.0160187
79	0.980049	0.581189	-0.322271	0.0124908
80	0.942153	0.536705	-0.28163	0.0149713
81	0.916367	0.568963	-0.36373	0.0105967
82	0.951881	0.619871	-0.362554	0.0126569
83	0.915489	0.67162	-0.340008	0.0215993
84	0.879901	0.659489	-0.418204	0.0127242
85	0.887626	0.731529	-0.338097	0.0222677
86	0.876831	0.77848	-0.239589	0.0325817
87	0.830752	0.749456	-0.30778	0.0267878
88	0.829327	0.744347	-0.324127	0.0349421
89	0.822951	0.750626	-0.358226	0.0209926
90	0.871713	0.828673	-0.155574	0.0355938
91	0.939309	0.825109	-0.0958535	0.0459921
92	0.916559	0.792161	-0.114059	0.048948
93	0.853114	0.859147	-0.178859	0.0322913
94	0.879853	0.817434	-0.215287	0.0334029
95	0.860704	0.840534	-0.160118	0.0381593
96	0.910428	0.883016	0.00640098	0.0460116
97	0.831743	0.855664	-0.0751557	0.0596444
98	0.789934	0.812025	-0.290812	0.0242103
99	0.804182	0.802439	-0.215714	0.0669802
100	0.787116	0.752413	-0.350288	0.0171904
101	0.843003	0.743554	-0.305732	0.0268816
102	0.775084	0.672665	-0.423164	0.0102223
103	0.752235	0.637182	-0.419777	0.0110512
104	0.675886	0.630648	-0.37826	0.00961425
105	0.728967	0.674133	-0.433926	0.00843948
106	0.686454	0.672406	-0.413397	0.00864024
107	0.659538	0.607855	-0.37569	0.00989249
108	0.720816	0.594731	-0.408572	0.00839204
109	0.742296	0.581504	-0.402284	0.00974277
110	0.758623	0.608506	-0.4221	0.0106529
111	0.810369	0.59433	-0.427577	0.0097573
112	0.854307	0.609861	-0.436432	0.0100299
113	0.864122	0.669644	-0.4193	0.0134165
114	0.857512	0.628236	-0.433072	0.0108088
115	0.924617	0.566534	-0.359724	0.0109054
116	0.858904	0.501145	-0.252323	0.0221455
117	0.803457	0.502171	-0.308942	0.0234697
118	0.733478	0.482976	-0.252816	0.0251643
119	0.674629	0.522538	-0.365429	0.0153947
120	0.705603	0.598127	-0.400026	0.00885387
121	0.767905	0.596547	-0.434432	0.00792864
122	0.855633	0.618236	-0.436926	0.00931089
123	0.769781	0.541542	-0.391884	0.0131424
124	0.795919	0.518959	-0.361002	0.0193389
125	0.851179	0.56661	-0.414709	0.0119064
126	0.796679	0.554615	-0.404907	0.0118527
127	0.80349	0.580307	-0.426252	0.00886256
128	0.807935	0.659165	-0.419245	0.0173086
129	0.729652	0.68337	-0.427909	0.00987099
130	0.707073	0.7185	-0.390452	0.0100505
131	0.790912	0.761437	-0.343732	0.0218878
132	0.734848	0.732541	-0.36979	0.021872
133	0.762647	0.803223	-0.274519	0.0280848
134	0.795743	0.714448	-0.401066	0.0160857
135	0.698945	0.676935	-0.3895	0.010508
136	0.723331	0.671161	-0.414189	0.00897998
137	0.786345	0.600638	-0.435201	0.00813202
138	0.725226	0.581124	-0.400226	0.00864872
139	0.674385	0.613537	-0.398169	0.00932364
140	0.659779	0.610986	-0.402396	0.0106554
141	0.755105	0.698213	-0.413382	0.0142446
142	0.818577	0.665273	-0.424638	0.0128461
143	0.749168	0.633219	-0.432323	0.00855917
144	0.782846	0.692862	-0.415298	0.0124082
145	0.766145	0.658334	-0.414825	0.0104227
146	0.82063	0.662421	-0.443992	0.0118512
147	0.816271	0.577773	-0.432486	0.0108912
148	0.792976	0.674758	-0.421459	0.0100776
149	0.883769	0.590046	-0.411639	0.0118424
150	0.926299	0.639241	-0.366628	0.0144965
151	0.946498	0.554305	-0.322644	0.0147775
152	0.894284	0.602431	-0.396969	0.0102584
153	0.847603	0.663674	-0.390713	0.0194264
154	0.872331	0.57161	-0.395962	0.00941127
155	0.862415	0.508298	-0.293931	0.0212512
156	0.967928	0.612128	-0.309568	0.0153265
157	0.967394	0.644807	-0.287527	0.0195016
158	0.885379	0.653271	-0.403641	0.0155029
159	0.805451	0.561967	-0.442201	0.0106827
160	0.753007	0.570937	-0.434812	0.0119067
161	0.665197	0.61624	-0.36458	0.0103629
162	0.764054	0.584403	-0.431172	0.00904944
163	0.731417	0.624158	-0.41553	0.0112117
164	0.679244	0.653839	-0.388661	0.00967395
165	0.771382	0.574599	-0.428363	0.0100689
166	0.839261	0.596145	-0.435359	0.0090338
167	0.755072	0.68733	-0.431463	0.0137071
168	0.714562	0.69099	-0.380022	0.0167961
169	0.795769	0.576914	-0.43692	0.0112328
170	0.812859	0.694387	-0.402654	0.0152961
171	0.83363	0.612636	-0.458789	0.00780582
172	0.868526	0.677546	-0.369715	0.0189609
173	0.800336	0.667683	-0.431499	0.0116395
174	0.797585	0.75126	-0.314025	0.0245931
175	0.86562	0.68718	-0.415808	0.0175684
176	0.824027	0.752232	-0.347861	0.0244565
177	0.827862	0.738276	-0.371858	0.0202125
178	0.826117	0.637158	-0.444963	0.00736953
179	0.762339	0.58354	-0.421893	0.00818552
180	0.746958	0.689904	-0.421883	0.0100267
181	0.702904	0.740817	-0.34689	0.015637
182	0.682407	0.695515	-0.393698	0.0113176
183	0.657719	0.680939	-0.361751	0.0119124
184	0.651806	0.742848	-0.335859	0.0134959
185	0.540835	0.69961	-0.278015	0.0151428
186	0.623461	0.764994	-0.31697	0.0151509
187	0.633739	0.710786	-0.366185	0.0130042
188	0.675576	0.683068	-0.393234	0.0110009
189	0.74494	0.760348	-0.361103	0.0158247
190	0.745017	0.710113	-0.379563	0.0147149
191	0.69629	0.611489	-0.404163	0.00886577
192	0.751861	0.61073	-0.446485	0.00725948
193	0.810553	0.716327	-0.385409	0.0185192
194	0.820193	0.607409	-0.447704	0.00903122
195	0.7118	0.563114	-0.39394	0.0107024
196	0.816495	0.484791	-0.267804	0.0281119
197	0.922239	0.485626	-0.204514	0.0222887
198	0.938819	0.502413	-0.211494	0.0221746
199	0.845403	0.505018	-0.294812	0.0210644
200	0.930306	0.545828	-0.308045	0.0127791
201	0.878363	0.639853	-0.39565	0.0160295
202	0.785781	0.681934	-0.414027	0.0184396
203	0.766165	0.718638	-0.373135	0.0155437
204	0.8193	0.686661	-0.429099	0.00991784
205	0.819241	0.636786	-0.431625	0.0125423
206	0.793315	0.648543	-0.431472	0.0102608
207	0.744824	0.687444	-0.40583	0.0162333
208	0.836229	0.710749	-0.410824	0.0136129
209	0.849768	0.672988	-0.39448	0.0144664
210	0.874865	0.62788	-0.420646	0.0120647
211	0.812177	0.683883	-0.41143	0.0140226
212	0.778392	0.789033	-0.304522	0.0294545
213	0.719609	0.794073	-0.319056	0.0216885
214	0.774131	0.723118	-0.377333	0.0171965
215	0.65888	0.664317	-0.389481	0.0105603
216	0.671525	0.626862	-0.393019	0.00801884
217	0.65293	0.633578	-0.361549	0.0104594
218	0.73955	0.682878	-0.427886	0.00826019
219	0.627911	0.619784	-0.3355	0.010777
220	0.65962	0.595947	-0.355655	0.00948477
221	0.671182	0.580567	-0.366189	0.0103267
222	0.713393	0.565411	-0.418411	0.012538
223	0.828089	0.568272	-0.422993	0.0106536
224	0.814638	0.536771	-0.375993	0.0154782
225	0.855182	0.574324	-0.413674	0.0107078
226	0.826605	0.57587	-0.425191	0.0119543
227	0.814242	0.647004	-0.421626	0.0133733
228	0.783415	0.611225	-0.44225	0.00935273
229	0.707495	0.616788	-0.422337	0.0108412
230	0.705108	0.593942	-0.416845	0.00863801
231	0.774071	0.683197	-0.411675	0.0104785
232	0.730839	0.72219	-0.364192	0.0228201
233	0.748587	0.718989	-0.400403	0.0140212
234	0.718068	0.672068	-0.411744	0.0102257
235	0.784118	0.600646	-0.445662	0.00762494
236	0.756264	0.533368	-0.354805	0.0172632
237	0.739459	0.626983	-0.436974	0.00778213
238	0.717814	0.604352	-0.41194	0.00884499
239	0.774156	0.592702	-0.43436	0.00862356
240	0.866566	0.578639	-0.403922	0.00932731
241	0.831686	0.664802	-0.417316	0.0143164
242	0.741945	0.624446	-0.434332	0.00780697
243	0.757634	0.713219	-0.374756	0.0142349
244	0.683414	0.673086	-0.380748	0.00978035
245	0.715314	0.638491	-0.429489	0.00923628
246	0.648667	0.643537	-0.369883	0.00970391
247	0.698776	0.57297	-0.390531	0.0114682
248	0.775553	0.625464	-0.455992	0.00659011
249	0.689986	0.599287	-0.406789	0.00972431
250	0.710401	0.679253	-0.393431	0.0108671
251	0.648001	0.605735	-0.361071	0.0109551
252	0.640484	0.6642	-0.370181	0.0111818
253	0.68615	0.623815	-0.38774	0.00757988
254	0.761485	0.664681	-0.429716	0.00788734
255	0.787998	0.65753	-0.438271	0.00835527
256	0.798425	0.660535	-0.432995	0.00894471
257	0.750154	0.725549	-0.392988	0.016353
258	0.737095	0.716432	-0.385528	0.0132064
259	0.741558	0.740586	-0.392108	0.0149012
260	0.821932	0.706503	-0.390902	0.0210951
261	0.898929	0.642226	-0.413754	0.0105406
262	0.827367	0.656302	-0.429155	0.0112321
263	0.824147	0.586187	-0.430017	0.0101217
264	0.791509	0.678936	-0.414641	0.0119697
265	0.885549	0.652026	-0.405633	0.0124362
266	0.843933	0.561313	-0.416644	0.013048
267	0.804274	0.649483	-0.445342	0.00867654
268	0.878537	0.633972	-0.425627	0.0105026
269	0.822091	0.667108	-0.4377	0.009394
270	0.819642	0.66269	-0.426347	0.0114636
271	0.821773	0.647423	-0.43992	0.0092605
272	0.808237	0.576093	-0.448651	0.0100283
273	0.809609	0.651483	-0.440669	0.00977809
274	0.816091	0.613306	-0.457917	0.00643532
275	0.74229	0.634707	-0.441796	0.00658678
276	0.818813	0.645673	-0.447616	0.00854775
277	0.767822	0.655596	-0.420429	0.0101748
278	0.70195	0.703268	-0.372777	0.0162265
279	0.789702	0.728764	-0.365949	0.0200364
280	0.756802	0.637188	-0.433169	0.00747268
281	0.697024	0.623103	-0.401211	0.00856452
282	0.780903	0.594583	-0.432875	0.0089361
283	0.830161	0.631689	-0.444494	0.0107409
284	0.766968	0.664265	-0.429315	0.010676
285	0.782767	0.652986	-0.438118	0.00804992
286	0.873925	0.668892	-0.391195	0.0144182
287	0.827791	0.743958	-0.330511	0.0289901
288	0.91214	0.716596	-0.270021	0.0686654
289	0.955402	0.6592	-0.339417	0.0179086
290	0.857881	0.678175	-0.399107	0.0152513
291	0.793476	0.580952	-0.421235	0.0104144
292	0.767355	0.632691	-0.445362	0.00673885
293	0.74245	0.673636	-0.434179	0.00959537
294	0.795068	0.683256	-0.381566	0.0183096
295	0.758696	0.631713	-0.431603	0.0121356
296	0.767913	0.541351	-0.388834	0.0141251
297	0.673385	0.612756	-0.397974	0.00894344
298	0.660164	0.590434	-0.380586	0.0101304
299	0.622205	0.670044	-0.351395	0.0119587
300	0.599613	0.659902	-0.319551	0.0133934
301	0.668252	0.773523	-0.292117	0.0218039
302	0.618791	0.732416	-0.3272	0.0129892
303	0.716745	0.703085	-0.389924	0.0166384
304	0.684858	0.734678	-0.373038	0.0139329
305	0.693426	0.745408	-0.370381	0.0137422
306	0.718937	0.774005	-0.323742	0.0270648
307	0.626964	0.842672	-0.294995	0.0253517
308	0.514039	0.779756	-0.242149	0.0176428
309	0.594958	0.734287	-0.324468	0.0177569
310	0.700347	0.788716	-0.321609	0.0214489
311	0.682035	0.739085	-0.369315	0.0141062
312	0.719527	0.667469	-0.401539	0.0110624
313	0.782412	0.60952	-0.437843	0.00809547
314	0.813812	0.582223	-0.424872	0.00900858
315	0.846492	0.582017	-0.43195	0.0100575
316	0.844258	0.546564	-0.414137	0.0138596
317	0.734498	0.520464	-0.340142	0.0160458
318	0.83824	0.544021	-0.377849	0.013276
319	0.814639	0.540828	-0.391396	0.0167293
320	0.851876	0.538115	-0.405827	0.0181152
321	0.864076	0.625194	-0.411669	0.0149688
322	0.830791	0.622746	-0.436768	0.00992645
323	0.788046	0.660648	-0.419975	0.0127509
324	0.701246	0.584485	-0.410149	0.00971624
325	0.751438	0.651317	-0.427532	0.0081595
326	0.813304	0.650118	-0.43469	0.0105718
327	0.840343	0.576575	-0.417752	0.00992145
328	0.752043	0.561699	-0.404944	0.0125365
329	0.770436	0.616485	-0.439689	0.00719127
330	0.844529	0.628985	-0.450572	0.00764985
331	0.834905	0.661292	-0.431378	0.0116058
332	0.83535	0.568796	-0.433011	0.0115313
333	0.804202	0.624106	-0.440912	0.00858499
334	0.801544	0.640774	-0.43623	0.00849957
335	0.81477	0.596896	-0.440836	0.00735648
336	0.739101	0.654642	-0.424833	0.00897239
337	0.645114	0.615008	-0.383111	0.00984352
338	0.616295	0.619001	-0.335246	0.0109589
339	0.666113	0.651012	-0.39518	0.00934925
340	0.727141	0.640589	-0.402537	0.0100396
341	0.780729	0.589345	-0.432742	0.00939464
342	0.77236	0.606787	-0.448877	0.00712593
343	0.851032	0.636373	-0.434537	0.011726
344	0.776663	0.572204	-0.416115	0.0114596
345	0.861827	0.552774	-0.398574	0.0139523
346	0.805027	0.54792	-0.398648	0.0140957
347	0.755435	0.623679	-0.429501	0.00853571
348	0.739196	0.680512	-0.409529	0.0125294
349	0.755267	0.643374	-0.430831	0.0069777
350	0.835299	0.597638	-0.439543	0.0087507
351	0.818303	0.638928	-0.420468	0.00897066
352	0.78556	0.6814	-0.431357	0.012687
353	0.738332	0.715708	-0.404389	0.0151572
354	0.642676	0.652538	-0.36404	0.012018
355	0.606246	0.706423	-0.326737	0.0148934
356	0.667712	0.731173	-0.357733	0.0136326
357	0.720901	0.659827	-0.40302	0.00895257
358	0.800091	0.568838	-0.42396	0.0108595
359	0.725244	0.566279	-0.392293	0.0108116
360	0.707728	0.655524	-0.40171	0.0106188
361	0.805048	0.679776	-0.419298	0.0120238
362	0.737881	0.610494	-0.420837	0.00847964
363	0.742911	0.631543	-0.421682	0.00848262
364	0.83386	0.573936	-0.416855	0.0104927
365	0.82002	0.660561	-0.415572	0.0116792
366	0.818853	0.624896	-0.452034	0.00899372
367	0.777438	0.551887	-0.414206	0.0141532
368	0.773656	0.580531	-0.433859	0.00983901
369	0.685551	0.567485	-0.394931	0.00927215
370	0.747078	0.529542	-0.349485	0.0159347
371	0.828746	0.605064	-0.447833	0.00997247
372	0.882026	0.617525	-0.421304	0.0133854
373	0.784322	0.61383	-0.450966	0.0100468
374	0.764948	0.653013	-0.435389	0.00935478
375	0.846671	0.611611	-0.445114	0.00799623
376	0.753437	0.596488	-0.443974	0.00871934
377	0.838252	0.66725	-0.425012	0.0119225
378	0.901644	0.621474	-0.412161	0.0097596
379	0.836004	0.543461	-0.409622	0.015763
380	0.924783	0.631773	-0.386047	0.0142423
381	0.832125	0.621978	-0.452238	0.00887615
382	0.740088	0.625472	-0.423389	0.00697889
383	0.764804	0.642092	-0.442284	0.00646981
384	0.770682	0.58355	-0.436035	0.00838178
385	0.83886	0.668959	-0.400751	0.0215057
386	0.829049	0.595072	-0.434835	0.0082525
387	0.778648	0.58752	-0.441797	0.00865207
388	0.773391	0.679233	-0.418124	0.0136067
389	0.729206	0.640554	-0.42936	0.00994107
390	0.715364	0.690718	-0.414382	0.0158196
391	0.755431	0.712028	-0.430678	0.00950856
392	0.803899	0.64267	-0.450142	0.00642851
393	0.859402	0.652995	-0.411216	0.0122968
394	0.773313	0.601487	-0.431605	0.00928857
395	0.830313	0.641627	-0.44611	0.00803823
396	0.852215	0.659694	-0.406056	0.0181372
397	0.79792	0.637272	-0.443572	0.00837701
398	0.785516	0.633274	-0.437063	0.00855648
399	0.81233	0.65967	-0.438163	0.0134948
400	0.812557	0.650363	-0.425736	0.0105347
401	0.80498	0.656422	-0.421716	0.00907105
402	0.769345	0.616343	-0.437666	0.00715785
403	0.744645	0.67532	-0.424479	0.00935398
404	0.744504	0.723975	-0.382297	0.0154346
405	0.738197	0.642337	-0.440145	0.00663287
406	0.776204	0.587772	-0.439481	0.00868956
407	0.778047	0.578807	-0.42007	0.00833016
408	0.77302	0.595151	-0.438498	0.00772015
409	0.755336	0.61915	-0.428032	0.00603001
410	0.834487	0.577414	-0.429576	0.0101347
411	0.756978	0.648764	-0.43695	0.00902035
412	0.689695	0.577612	-0.383918	0.0108703
413	0.715533	0.566943	-0.405619	0.0114462
414	0.731442	0.557478	-0.390584	0.0121872
415	0.771069	0.569494	-0.40344	0.0109398
416	0.704741	0.595184	-0.401767	0.00859529
417	0.729864	0.666277	-0.417374	0.0101824
418	0.802923	0.641139	-0.433152	0.0101183
419	0.856253	0.612963	-0.42658	0.0115244
420	0.857323	0.603695	-0.430803	0.0091012
421	0.898001	0.642004	-0.370992	0.0161124
422	0.90404	0.58767	-0.378878	0.0120705
423	0.849589	0.552957	-0.394037	0.0122292
424	0.803286	0.599121	-0.464665	0.00786406
425	0.802006	0.645259	-0.425112	0.00913245
426	0.796764	0.666564	-0.451052	0.00836888
427	0.828275	0.64022	-0.413484	0.015415
428	0.899924	0.603199	-0.405616	0.0106134
429	0.826844	0.672372	-0.434384	0.0119321
430	0.839019	0.651684	-0.432675	0.0100049
431	0.791735	0.670661	-0.418999	0.0130204
432	0.79346	0.601966	-0.427926	0.00812657
433	0.782535	0.662675	-0.438667	0.010615
434	0.729765	0.604604	-0.42937	0.007831
435	0.74425	0.639054	-0.426603	0.00705225
436	0.719275	0.632971	-0.424788	0.00667633
437	0.755777	0.624986	-0.432622	0.00693466
438	0.799576	0.656551	-0.448002	0.00864412
439	0.75013	0.595257	-0.426109	0.0075496
440	0.73507	0.581808	-0.416459	0.00833185
441	0.741601	0.575202	-0.434853	0.00969285
442	0.701494	0.590398	-0.423637	0.00953779
443	0.775537	0.588789	-0.439042	0.00880775
444	0.745058	0.574569	-0.413964	0.0102186
445	0.760636	0.613116	-0.440158	0.00809078
446	0.793039	0.633304	-0.432616	0.00953707
447	0.810541	0.654243	-0.441199	0.00964386
448	0.823658	0.674258	-0.397225	0.024745
449	0.823743	0.679256	-0.42764	0.015901
450	0.825139	0.62974	-0.426995	0.0106388
451	0.835795	0.574056	-0.428468	0.0117122
452	0.834051	0.609385	-0.443404	0.00874695
453	0.832611	0.619741	-0.435179	0.00771707
454	0.769498	0.604642	-0.439106	0.00666825
455	0.800562	0.665728	-0.442677	0.0084764
456	0.742843	0.666869	-0.421819	0.0102934
457	0.728771	0.683715	-0.427142	0.00866141
458	0.799103	0.633579	-0.436664	0.0102406
459	0.835338	0.619625	-0.420445	0.0107367
460	0.858831	0.670119	-0.406405	0.0134789
461	0.920286	0.618534	-0.394083	0.0125344
462	0.937231	0.650076	-0.354524	0.0161919
463	0.945255	0.592052	-0.316058	0.0174211
464	0.901211	0.630692	-0.412012	0.012067
465	0.897558	0.635671	-0.397736	0.0107049
466	0.940873	0.631313	-0.370831	0.0123728
467	0.88006	0.561693	-0.401771	0.0137603
468	0.910786	0.586981	-0.371521	0.01189
469	0.85555	0.560323	-0.426423	0.015149
470	0.786276	0.584015	-0.433867	0.0081167
471	0.769558	0.612162	-0.440805	0.00810417
472	0.817726	0.585679	-0.439299	0.00949883
473	0.85871	0.631715	-0.425456	0.0127466
474	0.801318	0.581494	-0.41498	0.00906999
475	0.739017	0.6489	-0.428743	0.00811084
476	0.744636	0.608862	-0.429842	0.00652109
477	0.735751	0.623559	-0.41488	0.0113726
478	0.757576	0.611029	-0.428233	0.00701282
479	0.769858	0.586552	-0.431306	0.00880648
480	0.840843	0.61807	-0.437695	0.00908568
481	0.808675	0.640238	-0.456372	0.0066714
482	0.815137	0.608264	-0.441762	0.00754691
483	0.832676	0.630826	-0.441062	0.00832978
484	0.77141	0.589863	-0.426356	0.00922471
485	0.780097	0.591135	-0.442562	0.00947765
486	0.774113	0.664107	-0.434715	0.00777817
487	0.806874	0.645991	-0.447703	0.00805354
488	0.789654	0.636803	-0.439217	0.00899684
489	0.759678	0.593496	-0.434618	0.00945071
490	0.809564	0.65266	-0.418288	0.0190581
491	0.763989	0.640197	-0.439566	0.00873486
492	0.730592	0.59679	-0.414889	0.0083389
493	0.783402	0.595946	-0.429914	0.00822958
494	0.757818	0.579742	-0.432392	0.0100266
495	0.788642	0.578439	-0.4267	0.0124608
496	0.743879	0.611645	-0.436069	0.00717228
497	0.724936	0.676182	-0.416362	0.0102524
498	0.720045	0.679643	-0.403623	0.0125976
499	0.763199	0.68106	-0.416072	0.012154
500	0.80133	0.658001	-0.423617	0.0112642
501	0.773004	0.612151	-0.435264	0.00794515
502	0.810916	0.665439	-0.424819	0.0110627
503	0.819669	0.616564	-0.443726	0.00751359
504	0.803237	0.635781	-0.444616	0.00841936
505	0.849489	0.646949	-0.418108	0.0112285
506	0.807464	0.699257	-0.388323	0.0156851
507	0.748962	0.749168	-0.354857	0.0203893
508	0.742942	0.678175	-0.423162	0.0084337
509	0.729632	0.711823	-0.390619	0.0104978
510	0.745345	0.639083	-0.432731	0.00831233
511	0.797862	0.690178	-0.40448	0.0168665
512	0.862718	0.616673	-0.428399	0.0105765
513	0.826362	0.658009	-0.439974	0.00794997
514	0.799203	0.614247	-0.452172	0.0104435
515	0.730406	0.604904	-0.418908	0.00901637
516	0.76962	0.563534	-0.428953	0.0112372
517	0.788853	0.56259	-0.41431	0.0124006
518	0.769891	0.634897	-0.43607	0.00733107
519	0.760804	0.588949	-0.437888	0.00820617
520	0.797434	0.622952	-0.430011	0.00963424
521	0.762447	0.631686	-0.414618	0.0095808
522	0.774266	0.691113	-0.397477	0.0175465
523	0.805283	0.681356	-0.399325	0.0127269
524	0.806725	0.676404	-0.438569	0.00995981
525	0.841356	0.658827	-0.416658	0.0126319
526	0.879489	0.586418	-0.39973	0.0113535
527	0.850091	0.594604	-0.430858	0.00920047
528	0.842279	0.644203	-0.441804	0.0140759
529	0.852351	0.581579	-0.445188	0.00962057
530	0.787838	0.565118	-0.388239	0.0107367
531	0.76388	0.616756	-0.44357	0.0068108
532	0.816577	0.582482	-0.42021	0.00910713
533	0.841414	0.605201	-0.440065	0.00836275
534	0.876491	0.594714	-0.41381	0.00897751
535	0.891087	0.571243	-0.38807	0.0112228
536	0.871849	0.606755	-0.431523	0.00909629
537	0.879459	0.608579	-0.417416	0.0119636
538	0.88411	0.668733	-0.399573	0.0145683
539	0.846681	0.643341	-0.444938	0.00916908
540	0.871217	0.70055	-0.344005	0.0219795
541	0.830971	0.747438	-0.34747	0.0205865
542	0.782093	0.699715	-0.399891	0.0128508
543	0.727705	0.66858	-0.397123	0.0123724
544	0.77868	0.674791	-0.420712	0.0187575
545	0.7457	0.676386	-0.433315	0.00920691
546	0.748137	0.678363	-0.403366	0.0130051
547	0.74966	0.67233	-0.420627	0.00989586
548	0.794904	0.662062	-0.416297	0.0121169
549	0.762106	0.607522	-0.439462	0.00893566
550	0.757467	0.561082	-0.389921	0.0114027
551	0.776904	0.595273	-0.435811	0.00785631
552	0.731795	0.559996	-0.414432	0.0101418
553	0.801814	0.541151	-0.389944	0.0156502
554	0.784711	0.578123	-0.43419	0.00982604
555	0.850835	0.611793	-0.439716	0.00865491
556	0.791078	0.590285	-0.430807	0.0103752
557	0.758453	0.619493	-0.438134	0.00727954
558	0.813863	0.58294	-0.448013	0.0104804
559	0.830091	0.612003	-0.440008	0.00908983
560	0.776439	0.668562	-0.427655	0.00851762
561	0.77818	0.596207	-0.443502	0.00731764
562	0.751823	0.623703	-0.440772	0.00709928
563	0.739936	0.612348	-0.436586	0.00749891
564	0.727875	0.625522	-0.43371	0.00748544
565	0.785271	0.604969	-0.437968	0.00714694
566	0.747934	0.596173	-0.44144	0.00739352
567	0.748065	0.589174	-0.4218	0.0102693
568	0.718108	0.589706	-0.421058	0.0095156
569	0.769103	0.551512	-0.411246	0.0123929
570	0.726686	0.612265	-0.418845	0.00835546
571	0.772639	0.654458	-0.445892	0.00949122
572	0.738603	0.590444	-0.431665	0.00929026
573	0.743692	0.633292	-0.43594	0.00775977
574	0.670531	0.597545	-0.384597	0.0103591
575	0.654487	0.631249	-0.383815	0.0083404
576	0.641869	0.613245	-0.35731	0.00953798
577	0.686473	0.604801	-0.404226	0.00854585
578	0.697583	0.579589	-0.388549	0.010121
579	0.730926	0.614437	-0.427968	0.0070774
580	0.803633	0.608252	-0.437718	0.00741239
581	0.812197	0.599353	-0.438452	0.00918077
582	0.796141	0.6292	-0.455705	0.00804106
583	0.835401	0.610156	-0.435121	0.00938441
584	0.840225	0.580998	-0.417944	0.010217
585	0.855724	0.582793	-0.429373	0.00931602
586	0.800987	0.553239	-0.43156	0.0147408
587	0.794341	0.586036	-0.438337	0.0101512
588	0.819981	0.612425	-0.443627	0.00667699
589	0.750137	0.664027	-0.434924	0.00953924
590	0.743512	0.642277	-0.424812	0.00834179
591	0.756928	0.651106	-0.424753	0.00756774
592	0.804569	0.586197	-0.433266	0.00851809
593	0.771509	0.654517	-0.428715	0.00780096
594	0.822682	0.592611	-0.432175	0.0117316
595	0.856133	0.611663	-0.427123	0.00759263
596	0.879725	0.627798	-0.427128	0.0107308
597	0.816247	0.584993	-0.453414	0.00786751
598	0.823045	0.59961	-0.442441	0.00818471
599	0.759804	0.637478	-0.445201	0.00732361
600	0.818833	0.658309	-0.427431	0.00977776
601	0.763921	0.652934	-0.443547	0.00688584
602	0.749926	0.646122	-0.433278	0.00794185
603	0.768385	0.626605	-0.429888	0.00918629
604	0.775996	0.583666	-0.438953	0.010123
605	0.769397	0.623805	-0.434594	0.00888884
606	0.750204	0.600282	-0.422107	0.0079496
607	0.746347	0.649112	-0.426848	0.00766822
608	0.773301	0.674668	-0.425041	0.0077475
609	0.716663	0.638113	-0.410513	0.0161097
610	0.785833	0.666816	-0.43509	0.0100185
611	0.798288	0.649099	-0.444814	0.00682215
612	0.795434	0.596667	-0.444979	0.0087116
613	0.768823	0.580954	-0.440915	0.00985498
614	0.784203	0.545714	-0.394183	0.015167
615	0.845726	0.610444	-0.438534	0.00878032
616	0.822325	0.588818	-0.426393	0.0109808
617	0.847451	0.656486	-0.423361	0.012951
618	0.841346	0.615173	-0.439074	0.0102991
619	0.806099	0.597713	-0.429225	0.0105112
620	0.788542	0.666124	-0.427295	0.0111022
621	0.781426	0.64126	-0.446448	0.00744805
622	0.744153	0.658406	-0.436711	0.00788248
623	0.761407	0.607218	-0.439445	0.00755398
624	0.723648	0.606148	-0.413832	0.00739535
625	0.758866	0.568541	-0.410745	0.00990046
626	0.780715	0.592534	-0.434262	0.00841917
627	0.790147	0.660999	-0.424829	0.0109253
628	0.765621	0.64654	-0.435308	0.00646577
629	0.789562	0.628702	-0.447025	0.00902185
630	0.785023	0.674739	-0.440604	0.00779771
631	0.758024	0.672284	-0.412859	0.0110335
632	0.753564	0.67625	-0.419881	0.0109017
633	0.768479	0.671595	-0.423008	0.00926638
634	0.808068	0.651749	-0.445008	0.00792886
635	0.750074	0.647892	-0.435444	0.00923429
636	0.767774	0.595409	-0.445114	0.00802381
637	0.734613	0.608188	-0.435069	0.00640918
638	0.785269	0.587955	-0.445136	0.00932534
639	0.850036	0.635116	-0.423189	0.0122764
640	0.839655	0.631	-0.439278	0.00957317
641	0.823719	0.583743	-0.45079	0.00940871
642	0.879044	0.606937	-0.430346	0.0107153
643	0.848019	0.576731	-0.431597	0.0104597
644	0.79483	0.564647	-0.411257	0.0106686
645	0.842479	0.593869	-0.428075	0.0105193
646	0.811841	0.605656	-0.443107	0.00765121
647	0.778993	0.591736	-0.429068	0.00827375
648	0.775643	0.606709	-0.449387	0.00802472
649	0.753903	0.644528	-0.423149	0.0074744
650	0.744323	0.648381	-0.429594	0.00868653
651	0.805649	0.589436	-0.436073	0.00842786
652	0.834121	0.596274	-0.438539	0.00981563
653	0.790875	0.63773	-0.448654	0.00579652
654	0.760971	0.587828	-0.421357	0.00877482
655	0.803347	0.595375	-0.452238	0.0096797
656	0.769925	0.625787	-0.440549	0.00788784
657	0.761176	0.646416	-0.449568	0.00722914
658	0.786515	0.619793	-0.46924	0.00587072
659	0.804069	0.556807	-0.402534	0.012949
660	0.747015	0.569375	-0.426533	0.0101588
661	0.759872	0.570224	-0.416154	0.0109466
662	0.809696	0.627956	-0.437463	0.0172763
663	0.810679	0.584816	-0.4258	0.00942944
664	0.851454	0.617375	-0.446417	0.00796873
665	0.842128	0.59525	-0.432364	0.0129273
666	0.780935	0.569339	-0.424012	0.0108197
667	0.822334	0.587071	-0.432321	0.0109686
668	0.763701	0.58023	-0.425724	0.00836209
669	0.745856	0.638746	-0.423639	0.00678225
670	0.786918	0.603359	-0.445001	0.00856019
671	0.824677	0.642278	-0.444986	0.00966434
672	0.820287	0.646107	-0.442984	0.00855281
673	0.797861	0.62044	-0.454236	0.00842287
674	0.839863	0.656616	-0.412695	0.0109679
675	0.812319	0.669166	-0.428612	0.0102402
676	0.7634	0.64071	-0.427166	0.0123978
677	0.814912	0.653932	-0.439621	0.0124999
678	0.783947	0.655279	-0.442673	0.010484
679	0.77521	0.627253	-0.43626	0.00895143
680	0.790467	0.63843	-0.432119	0.0088105
681	0.842844	0.603797	-0.447902	0.00888607
682	0.81167	0.611263	-0.442027	0.00691229
683	0.814952	0.580071	-0.44166	0.0107523
684	0.792103	0.603352	-0.450245	0.00825775
685	0.763276	0.595547	-0.440566	0.00774701
686	0.757061	0.6396	-0.423341	0.0130853
687	0.771665	0.62614	-0.451555	0.00637362
688	0.776194	0.604458	-0.432092	0.00832651
689	0.826897	0.633251	-0.432172	0.0107014
690	0.849248	0.586543	-0.410791	0.00972059
691	0.8139	0.583715	-0.423429	0.00936769
692	0.855896	0.57902	-0.427946	0.00993634
693	0.866269	0.613214	-0.421006	0.00934522
694	0.868101	0.621708	-0.437393	0.00943583
695	0.821146	0.624816	-0.431514	0.012439
696	0.801536	0.614167	-0.433821	0.00895087
697	0.830971	0.627023	-0.445684	0.00713628
698	0.842528	0.618257	-0.43241	0.00938167
699	0.836648	0.578887	-0.411706	0.0113591
700	0.8238	0.608859	-0.439325	0.00951435
701	0.80057	0.652856	-0.42469	0.0114419
702	0.797797	0.663387	-0.438706	0.00966381
703	0.776162	0.625629	-0.423478	0.0104583
704	0.793706	0.664628	-0.435088	0.00861712
705	0.794801	0.65372	-0.448052	0.00747413
706	0.822713	0.649338	-0.427344	0.00988082
707	0.807002	0.634922	-0.446007	0.00727782
708	0.763857	0.60423	-0.443405	0.00763866
709	0.762678	0.633123	-0.436731	0.0071711
710	0.758788	0.618987	-0.438972	0.00688164
711	0.799634	0.603612	-0.428417	0.00925107
712	0.813814	0.641258	-0.443425	0.00672738
713	0.774174	0.598417	-0.419907	0.00865047
714	0.817931	0.606203	-0.443081	0.00966198
715	0.808744	0.605087	-0.446259	0.00749873
716	0.798992	0.646115	-0.446656	0.00730486
717	0.76172	0.637841	-0.437116	0.00752891
718	0.771095	0.634227	-0.431772	0.0140036
719	0.725651	0.629091	-0.434936	0.00667676
720	0.72176	0.64138	-0.425661	0.0104039
721	0.71926	0.672077	-0.406094	0.0117667
722	0.765864	0.66442	-0.422817	0.010091
723	0.807114	0.66556	-0.447524	0.0106011
724	0.825774	0.632689	-0.41397	0.012699
725	0.786557	0.594411	-0.437079	0.00850329
726	0.753374	0.596067	-0.434818	0.00785673
727	0.798221	0.634208	-0.433595	0.0102127
728	0.76366	0.600203	-0.427307	0.00890974
729	0.808486	0.634046	-0.460401	0.00615196
730	0.79844	0.614709	-0.437077	0.00763644
731	0.80345	0.628198	-0.441903	0.00988563
732	0.817488	0.6171	-0.44487	0.00773002
733	0.804429	0.640408	-0.449301	0.00723651
734	0.76577	0.639767	-0.442362	0.00768916
735	0.77106	0.670876	-0.411662	0.0102668
736	0.793797	0.637066	-0.446721	0.00844966
737	0.759671	0.615545	-0.435534	0.00674145
738	0.724604	0.614253	-0.425864	0.00784942
739	0.757901	0.618883	-0.439285	0.00814939
740	0.757526	0.642682	-0.42382	0.00878162
741	0.758373	0.597824	-0.429709	0.00765656
742	0.782359	0.626176	-0.448237	0.0074836
743	0.766538	0.618142	-0.441604	0.00733322
744	0.778045	0.599302	-0.452713	0.00811335
745	0.748473	0.647091	-0.438216	0.00927038
746	0.748966	0.610049	-0.444833	0.00780195
747	0.784034	0.619594	-0.449345	0.00660364
748	0.799937	0.600699	-0.440042	0.00815719
749	0.823307	0.62317	-0.429974	0.0141305
750	0.780295	0.641109	-0.436251	0.00903255
751	0.760681	0.602128	-0.436566	0.00824598
752	0.79179	0.58961	-0.425004	0.00851898
753	0.814712	0.634142	-0.423621	0.00930033
754	0.798666	0.636294	-0.45566	0.00629651
755	0.81879	0.634409	-0.440491	0.0107168
756	0.78981	0.65	-0.425253	0.00948382
757	0.770705	0.668871	-0.424096	0.0089785
758	0.761324	0.617634	-0.450253	0.00698337
759	0.757977	0.627912	-0.439182	0.00758559
760	0.711285	0.633461	-0.400653	0.0170192
761	0.75281	0.631528	-0.44052	0.00654536
762	0.773956	0.607067	-0.431639	0.0107354
763	0.78421	0.624969	-0.444914	0.00728996
764	0.810944	0.588944	-0.452919	0.0090779
765	0.760751	0.617789	-0.433483	0.00721442
766	0.742931	0.592037	-0.445304	0.00849482
767	0.761882	0.593989	-0.434625	0.00846016
768	0.723693	0.622674	-0.424333	0.00839769
769	0.761918	0.671403	-0.430056	0.00902879
770	0.751552	0.675631	-0.407535	0.0168855
771	0.709543	0.634755	-0.407209	0.00880184
772	0.728814	0.678225	-0.398049	0.0104654
773	0.759403	0.658999	-0.435922	0.00694999
774	0.741538	0.631939	-0.429632	0.00700724
775	0.788068	0.608414	-0.441519	0.00699963
776	0.828366	0.658498	-0.419015	0.0134849
777	0.820789	0.637068	-0.433213	0.0073297
778	0.80044	0.631638	-0.451733	0.00642838
779	0.765747	0.659432	-0.426001	0.011343
780	0.761611	0.611838	-0.444005	0.00745526
781	0.76534	0.569366	-0.414058	0.00952527
782	0.771747	0.594644	-0.439196	0.00801915
783	0.803831	0.584144	-0.418542	0.0111432
784	0.756178	0.620805	-0.432009	0.00776608
785	0.802144	0.599916	-0.439004	0.00755427
786	0.798776	0.630894	-0.456811	0.00660322
787	0.80851	0.584393	-0.455696	0.00863931
788	0.849562	0.559354	-0.405597	0.0114834
789	0.890631	0.570492	-0.393868	0.0112973
790	0.858608	0.587712	-0.426822	0.00917082
791	0.852211	0.621375	-0.419949	0.0115159
792	0.865699	0.60902	-0.442984	0.0103435
793	0.822819	0.620469	-0.440137	0.00944767
794	0.867189	0.617998	-0.425269	0.0105904
795	0.812303	0.582416	-0.442216	0.00966446
796	0.818185	0.597398	-0.441724	0.0090339
797	0.822844	0.626227	-0.431302	0.00942316
798	0.833848	0.585043	-0.444824	0.0094676
799	0.835555	0.635581	-0.428483	0.0111964
800	0.845951	0.637017	-0.425037	0.0102829
801	0.84971	0.604435	-0.437826	0.010914
802	0.811633	0.632782	-0.42346	0.0105861
803	0.787709	0.625008	-0.453066	0.00677973
804	0.815825	0.588083	-0.425119	0.00830158
805	0.786342	0.573056	-0.409096	0.0101281
806	0.766785	0.572778	-0.405023	0.010011
807	0.823674	0.570486	-0.451989	0.0113697
808	0.804211	0.577813	-0.439447	0.0100506
809	0.820121	0.63083	-0.453328	0.00721952
810	0.836158	0.627116	-0.457696	0.006728
811	0.793977	0.592952	-0.458487	0.00739669
812	0.799756	0.637771	-0.42393	0.0203781
813	0.795199	0.612425	-0.433717	0.0064398
814	0.796495	0.610731	-0.448509	0.00811207
815	0.806341	0.593682	-0.447934	0.00962074
816	0.778946	0.589242	-0.421058	0.00910774
817	0.730896	0.593073	-0.421584	0.00847727
818	0.753072	0.58813	-0.423812	0.00955959
819	0.730993	0.587137	-0.42003	0.00855913
820	0.75867	0.625636	-0.432125	0.00871501
821	0.811456	0.656636	-0.428327	0.0103108
822	0.816193	0.658104	-0.429306	0.013562
823	0.832955	0.601104	-0.439854	0.00846788
824	0.814853	0.657745	-0.435253	0.00950749
825	0.790804	0.648034	-0.440688	0.00779898
826	0.799381	0.634998	-0.440169	0.00750063
827	0.818477	0.618618	-0.462005	0.00683837
828	0.80263	0.633976	-0.438216	0.00843402
829	0.825141	0.582597	-0.436677	0.00896768
830	0.842857	0.633789	-0.430848	0.0109732
831	0.807223	0.614922	-0.438968	0.00763812
832	0.787015	0.588748	-0.450938	0.0109021
833	0.829995	0.58233	-0.439112	0.0101383
834	0.860147	0.620839	-0.44621	0.00728405
835	0.814188	0.647307	-0.448568	0.00838792
836	0.829501	0.607615	-0.445819	0.00802573
837	0.830056	0.613121	-0.451575	0.00678016
838	0.836942	0.592564	-0.421685	0.0101394
839	0.825069	0.559649	-0.427072	0.013038
840	0.856975	0.584092	-0.422623	0.00986665
841	0.829353	0.568056	-0.424665	0.00932584
842	0.802676	0.5958	-0.429798	0.00857558
843	0.782797	0.632116	-0.430435	0.00652322
844	0.815203	0.589602	-0.437713	0.00990263
845	0.771489	0.577927	-0.429111	0.0110856
846	0.734325	0.610826	-0.434705	0.006784
847	0.737407	0.59484	-0.428663	0.00778167
848	0.746148	0.636387	-0.430772	0.00601087
849	0.740205	0.639138	-0.417562	0.0075319
850	0.7841	0.655867	-0.431314	0.0123192
851	0.751077	0.604721	-0.423472	0.0077036
852	0.775027	0.608532	-0.450905	0.00799981
853	0.742288	0.601345	-0.428033	0.00874707
854	0.737965	0.600921	-0.431011	0.00888667
855	0.709025	0.600392	-0.424581	0.00969301
856	0.725299	0.549525	-0.365061	0.012909
857	0.703675	0.56146	-0.372429	0.0100644
858	0.677086	0.583021	-0.391964	0.0108027
859	0.724475	0.595825	-0.409854	0.00882382
860	0.758378	0.645934	-0.41098	0.0151848
861	0.741134	0.601957	-0.441669	0.00798275
862	0.785601	0.607856	-0.429362	0.00909302
863	0.776096	0.611102	-0.43827	0.00787959
864	0.752081	0.639022	-0.430743	0.0106078
865	0.77195	0.632461	-0.443164	0.00862176
866	0.816507	0.638341	-0.436383	0.0131967
867	0.806183	0.592953	-0.441287	0.00874935
868	0.779857	0.620595	-0.444061	0.00807329
869	0.77617	0.641192	-0.435421	0.00861642
870	0.754727	0.625621	-0.445023	0.0073344
871	0.786567	0.612225	-0.431892	0.0100112
872	0.77761	0.645658	-0.448616	0.0059058
873	0.789416	0.650402	-0.444689	0.00871584
874	0.796561	0.62813	-0.445137	0.00903149
875	0.759338	0.600936	-0.420869	0.007361
876	0.803995	0.637632	-0.447735	0.00722161
877	0.852711	0.624811	-0.40457	0.0136585
878	0.8047	0.59895	-0.430128	0.00853184
879	0.839027	0.594896	-0.438171	0.0094718
880	0.787731	0.624493	-0.455635	0.0065192
881	0.807732	0.638863	-0.432641	0.0125705
882	0.781048	0.614766	-0.432773	0.0110491
883	0.784974	0.647826	-0.445696	0.00771993
884	0.767484	0.602403	-0.4337	0.00752466
885	0.771351	0.640558	-0.435857	0.00775034
886	0.775902	0.669222	-0.430738	0.0124535
887	0.763911	0.623293	-0.444518	0.00676169
888	0.7353	0.645608	-0.42907	0.00897569
889	0.776794	0.605447	-0.435392	0.00730056
890	0.770873	0.649076	-0.438305	0.00599899
891	0.796565	0.622863	-0.431839	0.0122422
892	0.819018	0.617674	-0.448922	0.00768992
893	0.829981	0.624449	-0.454994	0.00601457
894	0.835083	0.625682	-0.450568	0.00745974
895	0.866326	0.617726	-0.417943	0.011433
896	0.832727	0.606011	-0.443729	0.00664795
897	0.855593	0.60821	-0.441153	0.0095477
898	0.80662	0.644193	-0.434144	0.0117803
899	0.80654	0.622607	-0.454399	0.00598165
900	0.822453	0.669247	-0.430241	0.0105843
901	0.805096	0.649017	-0.441088	0.00962155
902	0.848607	0.597337	-0.437381	0.00813292
903	0.814984	0.638308	-0.463507	0.00727818
904	0.856323	0.609267	-0.449249	0.00866231
905	0.856672	0.639667	-0.425086	0.0104355
906	0.865251	0.61874	-0.428471	0.00927289
907	0.856428	0.586386	-0.439686	0.0108681
908	0.86803	0.619117	-0.435624	0.0096318
909	0.863022	0.599796	-0.413166	0.0119168
910	0.819103	0.575503	-0.425525	0.00872239
911	0.813062	0.621366	-0.449587	0.00864902
912	0.813697	0.588847	-0.430276	0.00850826
913	0.844354	0.615483	-0.430026	0.00988334
914	0.806305	0.618746	-0.429817	0.00855176
915	0.828996	0.60097	-0.447394	0.00990879
916	0.821241	0.606646	-0.440272	0.00903005
917	0.793472	0.596734	-0.437007	0.00754639
918	0.805646	0.598447	-0.440924	0.0100805
919	0.832645	0.614859	-0.456415	0.00709635
920	0.857618	0.601752	-0.418675	0.00968878
921	0.83707	0.62195	-0.446365	0.00921793
922	0.826174	0.594457	-0.453326	0.010321
923	0.833858	0.640261	-0.439438	0.00904106
924	0.811978	0.645181	-0.443729	0.00841795
925	0.762671	0.599488	-0.436099	0.00712198
926	0.806567	0.610804	-0.42614	0.0125019
927	0.833381	0.632397	-0.419849	0.0126445
928	0.785646	0.603611	-0.427672	0.0109948
929	0.821794	0.634936	-0.435903	0.010604
930	0.795203	0.607341	-0.437455	0.00873427
931	0.775236	0.63102	-0.448682	0.00684347
932	0.7985	0.636293	-0.448828	0.00870243
933	0.784014	0.624154	-0.43056	0.00918377
934	0.792543	0.633756	-0.444575	0.00665752
935	0.803546	0.618087	-0.453083	0.00703967
936	0.802712	0.585988	-0.428839	0.00943684
937	0.847868	0.603871	-0.447427	0.00974762
938	0.796876	0.584054	-0.444317	0.00968949
939	0.773797	0.569971	-0.413424	0.0121209
940	0.783165	0.552154	-0.419254	0.0142244
941	0.745793	0.568919	-0.405128	0.0106322
942	0.757555	0.573984	-0.423993	0.00961842
943	0.809549	0.566878	-0.427693	0.0127348
944	0.859333	0.596093	-0.421889	0.0110972
945	0.889937	0.607217	-0.432158	0.00989944
946	0.862197	0.611814	-0.431952	0.00765673
947	0.867536	0.633429	-0.419849	0.00990202
948	0.889636	0.640269	-0.410409	0.0114802
949	0.891002	0.630364	-0.421562	0.0104013
950	0.858857	0.664492	-0.404804	0.0155524
951	0.844874	0.638699	-0.419664	0.0134135
952	0.858782	0.612137	-0.445275	0.00797803
953	0.870716	0.606918	-0.410482	0.0122754
954	0.838371	0.631409	-0.441105	0.00648347
955	0.816153	0.621752	-0.444103	0.0106096
956	0.803205	0.621364	-0.442036	0.010763
957	0.853857	0.590127	-0.444036	0.0104418
958	0.836108	0.628614	-0.449038	0.00944772
959	0.809852	0.584109	-0.44176	0.00891703
960	0.763411	0.632192	-0.433191	0.00712939
961	0.773305	0.612287	-0.428008	0.00944981
962	0.769852	0.583377	-0.438851	0.00832378
963	0.743121	0.610426	-0.416189	0.00767607
964	0.761089	0.640194	-0.437719	0.0100265
965	0.794328	0.621577	-0.448428	0.00630674
966	0.752502	0.584501	-0.427421	0.00933554
967	0.782632	0.609338	-0.43128	0.00689151
968	0.763478	0.617127	-0.439255	0.00680274
969	0.769991	0.636279	-0.430926	0.0107049
970	0.794276	0.597555	-0.458692	0.00766453
971	0.771751	0.58556	-0.441479	0.00995778
972	0.761061	0.6022	-0.44813	0.00760611
973	0.744547	0.619043	-0.42137	0.00994612
974	0.774291	0.608626	-0.444798	0.00835267
975	0.796992	0.61597	-0.446264	0.00720406
976	0.760627	0.659374	-0.437305	0.00789671
977	0.761143	0.623898	-0.434819	0.00735532
978	0.74428	0.628788	-0.43487	0.00712761
979	0.768576	0.605687	-0.439853	0.00731653
980	0.798299	0.60563	-0.445245	0.00815971
981	0.777443	0.593389	-0.431886	0.0100443
982	0.816365	0.594141	-0.43736	0.00914878
983	0.77286	0.579049	-0.427379	0.0101751
984	0.774178	0.592251	-0.425275	0.00778973
985	0.786135	0.629105	-0.43854	0.00630643
986	0.794028	0.59735	-0.431382	0.00839729
987	0.819746	0.609907	-0.432891	0.00881341
988	0.802194	0.637827	-0.42863	0.0113653
989	0.813856	0.623571	-0.42689	0.00755321
990	0.82144	0.609937	-0.435126	0.00912324
991	0.859305	0.632477	-0.416134	0.0213285
992	0.829783	0.614141	-0.437474	0.0109861
993	0.80682	0.623524	-0.453684	0.006419
994	0.776295	0.580463	-0.428345	0.0100887
995	0.824955	0.568926	-0.435751	0.0102181
996	0.80953	0.612025	-0.443158	0.00651183
997	0.803125	0.591037	-0.436869	0.00877663
998	0.846851	0.583892	-0.412698	0.00975146
999	0.85706	0.603773	-0.432826	0.00876859
1000	0.869923	0.608486	-0.431953	0.00848928
1001	0.827012	0.590976	-0.431698	0.00777008
1002	0.787497	0.63323	-0.449148	0.00603596
1003	0.799242	0.594019	-0.436083	0.0105695
1004	0.769396	0.637424	-0.444765	0.00684513
1005	0.752096	0.655035	-0.424568	0.0091927
1006	0.756145	0.623796	-0.438582	0.00765574
1007	0.762743	0.600214	-0.4359	0.00902238
1008	0.760498	0.605957	-0.44602	0.00652683
1009	0.793726	0.620529	-0.440271	0.0100438
1010	0.769764	0.639157	-0.437406	0.00915427
1011	0.794569	0.615167	-0.445038	0.00671309
1012	0.785675	0.642768	-0.433123	0.0105521
1013	0.751037	0.642987	-0.447525	0.00736274
1014	0.795277	0.628941	-0.431244	0.009281
1015	0.786658	0.627253	-0.441164	0.00943699
1016	0.832759	0.590673	-0.421664	0.00930326
1017	0.826236	0.616124	-0.456447	0.00743967
1018	0.793515	0.60592	-0.448642	0.00631067
1019	0.753172	0.577588	-0.414647	0.00943621
1020	0.797469	0.621428	-0.455215	0.00633221
1021	0.787459	0.627717	-0.447886	0.00827389
1022	0.834097	0.634131	-0.448381	0.01044
1023	0.826738	0.628607	-0.433987	0.00893221
1024	0.800522	0.655051	-0.428402	0.011963
1025	0.789708	0.645571	-0.442981	0.0102215
1026	0.752041	0.63742	-0.416863	0.00808255
1027	0.767534	0.634531	-0.432941	0.00723048
1028	0.813444	0.614674	-0.425189	0.00955442
1029	0.796667	0.607735	-0.438445	0.0103915
1030	0.798942	0.600379	-0.437571	0.00802342
1031	0.825341	0.637176	-0.457467	0.00668913
1032	0.82485	0.654273	-0.4364	0.0109431
1033	0.786359	0.63426	-0.437877	0.00837247
1034	0.769728	0.660223	-0.418965	0.00876743
1035	0.781554	0.626946	-0.454535	0.00652073
1036	0.771517	0.586808	-0.444709	0.00818242
1037	0.748188	0.623079	-0.43105	0.00599443
1038	0.759094	0.586139	-0.4395	0.00830195
1039	0.746128	0.584396	-0.433883	0.00960208
1040	0.78416	0.568795	-0.411962	0.0111066
1041	0.794802	0.578928	-0.427901	0.0095327
1042	0.773699	0.605213	-0.436073	0.00800281
1043	0.766882	0.60119	-0.446694	0.00650751
1044	0.805836	0.612329	-0.4496	0.00803353
1045	0.766192	0.620865	-0.452278	0.0067625
1046	0.752135	0.616361	-0.431554	0.00823163
1047	0.783289	0.619383	-0.438867	0.0070139
1048	0.782287	0.614945	-0.450297	0.00823711
1049	0.753291	0.600784	-0.435459	0.00670488
1050	0.772982	0.636866	-0.418606	0.015639
1051	0.793558	0.602083	-0.444753	0.0081432
1052	0.77625	0.590466	-0.448989	0.0086136
1053	0.78445	0.594911	-0.451498	0.00934124
1054	0.803927	0.60805	-0.449415	0.00778522
1055	0.819097	0.611645	-0.449161	0.0121628
1056	0.830066	0.587456	-0.419172	0.0087112
1057	0.836239	0.614715	-0.447165	0.0092672
1058	0.791376	0.603982	-0.440479	0.00754819
1059	0.812957	0.581355	-0.435864	0.00996356
1060	0.819864	0.594803	-0.452091	0.0089599
1061	0.80524	0.596279	-0.435621	0.00801706
1062	0.77418	0.608975	-0.425889	0.00871587
1063	0.782707	0.578998	-0.442805	0.00948378
1064	0.794457	0.566718	-0.415474	0.0121537
1065	0.79379	0.573742	-0.411944	0.00923909
1066	0.820934	0.58639	-0.44916	0.00864698
1067	0.802573	0.623859	-0.439023	0.00732821
1068	0.797004	0.624084	-0.447983	0.00688922
1069	0.765376	0.612217	-0.446188	0.00703701
1070	0.760196	0.593802	-0.423998	0.00772033
1071	0.790777	0.620758	-0.437063	0.0110832
1072	0.788092	0.614324	-0.439956	0.00797049
1073	0.813972	0.638418	-0.434756	0.0100418
1074	0.810406	0.617612	-0.446567	0.00829488
1075	0.792246	0.63307	-0.44385	0.00807987
1076	0.784858	0.620725	-0.434398	0.013059
1077	0.812308	0.5836	-0.426008	0.0118846
1078	0.820737	0.593085	-0.432914	0.00864379
1079	0.845899	0.608541	-0.446194	0.0109483
1080	0.848737	0.617764	-0.436218	0.0155215
1081	0.847135	0.659043	-0.40632	0.0127963
1082	0.864486	0.622449	-0.424903	0.0132223
1083	0.889848	0.627781	-0.415258	0.0112404
1084	0.866481	0.655779	-0.426997	0.010244
1085	0.854586	0.623249	-0.435225	0.00682339
1086	0.837137	0.623831	-0.423241	0.0162619
1087	0.80418	0.64145	-0.433328	0.00901172
1088	0.820843	0.605493	-0.432156	0.0084091
1089	0.782001	0.620539	-0.421429	0.0123549
1090	0.804828	0.62315	-0.443398	0.00920366
1091	0.768658	0.598899	-0.434824	0.0083728
1092	0.801812	0.583875	-0.437286	0.010126
1093	0.815942	0.619047	-0.448755	0.00735699
1094	0.783587	0.635578	-0.439451	0.00899221
1095	0.767782	0.656984	-0.441254	0.00688625
1096	0.782657	0.655035	-0.435771	0.0107108
1097	0.764578	0.642763	-0.440951	0.00749095
1098	0.754202	0.615562	-0.427697	0.00700391
1099	0.784694	0.579026	-0.43612	0.00856734
1100	0.780428	0.577365	-0.433181	0.00977614
1101	0.751711	0.576248	-0.415745	0.0103858
1102	0.750225	0.571249	-0.421621	0.0099892
1103	0.74891	0.573791	-0.426532	0.00962428
1104	0.749615	0.570494	-0.417139	0.0108977
1105	0.747407	0.59681	-0.430337	0.00852993
1106	0.776073	0.625538	-0.456292	0.00648493
1107	0.773765	0.645052	-0.424026	0.00810442
1108	0.796911	0.64221	-0.443827	0.00840153
1109	0.801481	0.60992	-0.455478	0.00856104
1110	0.817146	0.628959	-0.439114	0.00804735
1111	0.819067	0.616684	-0.44194	0.00805611
1112	0.817868	0.598966	-0.440664	0.00756925
1113	0.827036	0.596054	-0.429714	0.00885671
1114	0.856349	0.614941	-0.41791	0.0110193
1115	0.862246	0.626352	-0.43135	0.010494
1116	0.859161	0.630609	-0.435203	0.00876567
1117	0.845039	0.620464	-0.453535	0.00650122
1118	0.836851	0.605137	-0.454789	0.00801328
1119	0.814844	0.601997	-0.451425	0.008347
1120	0.795137	0.622089	-0.444349	0.00812428
1121	0.8223	0.608855	-0.440565	0.00907669
1122	0.813258	0.59112	-0.451045	0.00928613
1123	0.801381	0.618907	-0.444374	0.00554702
1124	0.827635	0.604013	-0.434395	0.0109529
1125	0.829573	0.597567	-0.450123	0.00845405
1126	0.827712	0.604282	-0.433637	0.0101452
1127	0.821844	0.620484	-0.452447	0.00984126
1128	0.800278	0.611734	-0.447933	0.00706124
1129	0.813425	0.619185	-0.430209	0.0103792
1130	0.836258	0.613464	-0.441039	0.0082268
1131	0.810526	0.593238	-0.451496	0.0088349
1132	0.789964	0.587793	-0.441136	0.00826727
1133	0.790921	0.61076	-0.4525	0.00722542
1134	0.817278	0.59802	-0.433497	0.0141177
1135	0.814177	0.581347	-0.440838	0.00982814
1136	0.827442	0.60893	-0.448622	0.00811684
1137	0.856114	0.612381	-0.448094	0.00879361
1138	0.840866	0.590951	-0.434781	0.00913933
1139	0.817973	0.580299	-0.422103	0.0131589
1140	0.789131	0.582667	-0.436446	0.00881125
1141	0.790325	0.599738	-0.449873	0.00748007
1142	0.794304	0.626284	-0.444937	0.00714374
1143	0.76819	0.61334	-0.437542	0.00751198
1144	0.782996	0.639048	-0.448474	0.00748567
1145	0.783802	0.653906	-0.430547	0.0129384
1146	0.762646	0.653125	-0.4328	0.0111622
1147	0.77724	0.677329	-0.426728	0.010728
1148	0.788761	0.664731	-0.412134	0.00952195
1149	0.802057	0.638193	-0.451172	0.00639953
1150	0.787666	0.626526	-0.450928	0.00665621
1151	0.762068	0.637414	-0.427939	0.0135194
1152	0.776712	0.624782	-0.431439	0.00641094
1153	0.787497	0.640527	-0.432893	0.0093647
1154	0.762124	0.643292	-0.430521	0.0097771
1155	0.785035	0.634194	-0.44099	0.00768168
1156	0.762279	0.624296	-0.427688	0.0144189
1157	0.774116	0.638187	-0.420324	0.0156226
1158	0.786979	0.638052	-0.436809	0.00933911
1159	0.803854	0.63176	-0.455013	0.00778531
1160	0.786219	0.609693	-0.441813	0.00740899
1161	0.781241	0.623761	-0.455855	0.00820706
1162	0.76483	0.623331	-0.440131	0.00792715
1163	0.781418	0.641797	-0.429983	0.0117993
1164	0.793441	0.615237	-0.4477	0.00898737
1165	0.781486	0.602125	-0.444656	0.00851795
1166	0.79562	0.588771	-0.435349	0.00828777
1167	0.766977	0.586026	-0.441044	0.00968584
1168	0.746456	0.613375	-0.443358	0.00738198
1169	0.773055	0.613061	-0.4573	0.00730219
1170	0.784202	0.607833	-0.460756	0.00625748
1171	0.767284	0.597137	-0.45099	0.00936822
1172	0.784194	0.607332	-0.439513	0.00635685
1173	0.786169	0.598292	-0.439418	0.00900547
1174	0.754401	0.620738	-0.439947	0.00758653
1175	0.783066	0.644589	-0.44109	0.00810903
1176	0.814571	0.634551	-0.434539	0.00887359
1177	0.803778	0.619471	-0.452646	0.00653645
1178	0.825291	0.625069	-0.435278	0.0114953
1179	0.811309	0.635378	-0.451846	0.00608115
1180	0.800612	0.626586	-0.450992	0.00698553
1181	0.826997	0.643079	-0.447403	0.00783232
1182	0.797092	0.621656	-0.440131	0.0070222
1183	0.821434	0.632783	-0.444731	0.0104751
1184	0.811866	0.631908	-0.438233	0.00986907
1185	0.841852	0.625485	-0.439636	0.00876206
1186	0.828906	0.603182	-0.427353	0.00846352
1187	0.831398	0.620114	-0.439473	0.0133002
1188	0.815535	0.606983	-0.446733	0.00739736
1189	0.844643	0.595217	-0.433038	0.0100592
1190	0.81185	0.619945	-0.43475	0.0104939
1191	0.804851	0.642875	-0.444921	0.00871964
1192	0.809893	0.626029	-0.445429	0.00852562
1193	0.821936	0.632741	-0.431015	0.008683
1194	0.807803	0.630991	-0.431497	0.00884619
1195	0.829906	0.611748	-0.456872	0.00801259
1196	0.798487	0.621601	-0.457311	0.00905793
1197	0.785164	0.613683	-0.432444	0.00810524
1198	0.805911	0.620375	-0.446911	0.0109588
1199	0.779015	0.596638	-0.443053	0.00803199
1200	0.806983	0.598648	-0.432299	0.00852117
1201	0.773574	0.610703	-0.435295	0.00817645
1202	0.803732	0.617919	-0.434575	0.00895011
1203	0.818083	0.616991	-0.441141	0.00766556
1204	0.796541	0.600198	-0.444311	0.00798572
1205	0.798716	0.613128	-0.450319	0.00711318
1206	0.768543	0.636816	-0.431901	0.00654741
1207	0.76805	0.621191	-0.441656	0.00705422
1208	0.787151	0.618479	-0.427789	0.0138757
1209	0.789477	0.643436	-0.436781	0.011008
1210	0.77967	0.613332	-0.445394	0.00660209
1211	0.783008	0.615396	-0.448521	0.00714566
1212	0.818658	0.587816	-0.426002	0.00881158
1213	0.843683	0.607249	-0.447863	0.010309
1214	0.8255	0.625469	-0.442241	0.00775778
1215	0.807567	0.627915	-0.446408	0.0087347
1216	0.82236	0.603593	-0.447792	0.009887
1217	0.847157	0.600964	-0.435353	0.00857461
1218	0.857179	0.584843	-0.428216	0.00998822
1219	0.86707	0.596543	-0.421119	0.0087875
1220	0.840057	0.607678	-0.429461	0.00900495
1221	0.856855	0.609762	-0.435924	0.0103864
1222	0.851511	0.580448	-0.431927	0.0106603
1223	0.838079	0.605588	-0.43825	0.0110192
1224	0.824611	0.598702	-0.437033	0.0146472
1225	0.812652	0.624103	-0.456523	0.00855207
1226	0.800682	0.622561	-0.432615	0.00821868
1227	0.790703	0.607118	-0.428247	0.0153666
1228	0.758999	0.607219	-0.43616	0.00759386
1229	0.787768	0.576706	-0.44191	0.00980558
1230	0.80417	0.606768	-0.442611	0.00796822
1231	0.778443	0.637922	-0.446203	0.00958101
1232	0.809102	0.629257	-0.445359	0.00840143
1233	0.786449	0.632192	-0.43375	0.0088049
1234	0.796998	0.605505	-0.456066	0.00703597
1235	0.819933	0.603339	-0.445174	0.00830951
1236	0.833558	0.620847	-0.454925	0.0081714
1237	0.837865	0.602283	-0.43243	0.00817994
1238	0.811117	0.614989	-0.452505	0.00870149
1239	0.815898	0.638111	-0.42258	0.012127
1240	0.795419	0.608241	-0.440829	0.0112337
1241	0.790238	0.622674	-0.44656	0.00865616
1242	0.7635	0.613116	-0.431605	0.00763692
1243	0.788032	0.628664	-0.443582	0.00721556
1244	0.801013	0.603128	-0.44846	0.00802685
1245	0.768579	0.616926	-0.439946	0.00839021
1246	0.772181	0.597545	-0.442872	0.00864328
1247	0.753089	0.603385	-0.43149	0.00661836
1248	0.783978	0.590315	-0.445806	0.00899595
1249	0.788406	0.593193	-0.429052	0.0203895
1250	0.791193	0.58255	-0.430312	0.0096662
1251	0.789628	0.601268	-0.453012	0.00900424
1252	0.768215	0.580835	-0.444341	0.0077971
1253	0.76696	0.606104	-0.42915	0.00833222
1254	0.736741	0.583493	-0.41302	0.00923782
1255	0.718156	0.61508	-0.421729	0.00838716
1256	0.735081	0.647086	-0.428832	0.00738567
1257	0.760868	0.657438	-0.424038	0.00917663
1258	0.778788	0.642031	-0.446976	0.00687715
1259	0.748937	0.638847	-0.436064	0.0076186
1260	0.756794	0.633382	-0.454686	0.0053368
1261	0.748374	0.634012	-0.43588	0.00848783
1262	0.769544	0.665362	-0.413097	0.0100947
1263	0.739991	0.633496	-0.432767	0.00608211
1264	0.760883	0.657364	-0.431689	0.0116541
1265	0.765232	0.64702	-0.430969	0.0108419
1266	0.785764	0.65533	-0.432242	0.0100731
1267	0.811488	0.643668	-0.428998	0.0116459
1268	0.779471	0.624398	-0.447673	0.00731333
1269	0.766052	0.643509	-0.419095	0.0129537
1270	0.787296	0.634266	-0.441353	0.0087957
1271	0.799218	0.651182	-0.439901	0.0106885
1272	0.766923	0.650506	-0.444268	0.00727272
1273	0.752453	0.641363	-0.422862	0.00966019
1274	0.783694	0.642884	-0.44522	0.00971177
1275	0.803366	0.650208	-0.443743	0.0077323
1276	0.832559	0.650365	-0.441322	0.00862622
1277	0.814243	0.680667	-0.410351	0.0133168
1278	0.784185	0.668961	-0.412118	0.0125755
1279	0.763798	0.684252	-0.402256	0.0115153
1280	0.733625	0.680366	-0.418887	0.00909098
1281	0.741638	0.656855	-0.407445	0.0081946
1282	0.762571	0.625888	-0.440814	0.00691768
1283	0.774855	0.62844	-0.462893	0.00573213
1284	0.757792	0.646074	-0.443466	0.00750099
1285	0.757253	0.636325	-0.433257	0.00994119
1286	0.748772	0.604452	-0.4329	0.00723102
1287	0.74865	0.629357	-0.435561	0.0076933
1288	0.745152	0.62411	-0.4356	0.00681671
1289	0.750402	0.602001	-0.4439	0.00771129
1290	0.783485	0.613184	-0.449288	0.00725019
1291	0.757567	0.617571	-0.44698	0.00783418
1292	0.737226	0.630442	-0.430939	0.00756441
1293	0.767506	0.640888	-0.42549	0.010894
1294	0.749675	0.62147	-0.430195	0.00784207
1295	0.757062	0.586505	-0.441612	0.00998938
1296	0.778641	0.57296	-0.430162	0.00977363
1297	0.799072	0.577652	-0.441564	0.0103939
1298	0.767156	0.569849	-0.416675	0.0098303
1299	0.770684	0.580805	-0.426481	0.00937468
1300	0.745136	0.606783	-0.444954	0.00707971
1301	0.760121	0.624502	-0.444499	0.00782599
1302	0.788483	0.618006	-0.44669	0.00819158
1303	0.805518	0.627581	-0.427917	0.00892084
1304	0.790032	0.620602	-0.447387	0.00949093
1305	0.775412	0.63073	-0.447457	0.00626051
1306	0.789646	0.606615	-0.452758	0.00811137
1307	0.813866	0.613184	-0.446246	0.00934249
1308	0.792855	0.61532	-0.448424	0.00730543
1309	0.806928	0.601245	-0.44673	0.00743024
1310	0.794363	0.624907	-0.447905	0.00666874
1311	0.777308	0.651865	-0.44699	0.00712735
1312	0.804009	0.631238	-0.443088	0.00829255
1313	0.787561	0.630249	-0.436854	0.0113728
1314	0.775459	0.606729	-0.44562	0.00800418
1315	0.781652	0.594321	-0.445559	0.00761625
1316	0.790181	0.612089	-0.443384	0.00714196
1317	0.81387	0.647483	-0.446974	0.00756878
1318	0.829824	0.63781	-0.449951	0.00919548
1319	0.815456	0.610577	-0.439097	0.00957596
1320	0.796386	0.626867	-0.434659	0.0099483
1321	0.790624	0.635762	-0.433232	0.0158355
1322	0.799668	0.641862	-0.42536	0.00942695
1323	0.794081	0.618021	-0.450958	0.00634882
1324	0.828787	0.596891	-0.434531	0.00889792
1325	0.808894	0.634662	-0.449869	0.00732026
1326	0.805617	0.658762	-0.421119	0.0102163
1327	0.819696	0.647982	-0.428449	0.00980821
1328	0.791152	0.613574	-0.439136	0.00819466
1329	0.820831	0.617402	-0.442333	0.00910444
1330	0.841704	0.608393	-0.435148	0.00875485
1331	0.820449	0.610601	-0.451052	0.00758004
1332	0.846093	0.610806	-0.443471	0.00711481
1333	0.823837	0.625895	-0.442443	0.0091242
1334	0.827882	0.64281	-0.441545	0.00893516
1335	0.826456	0.635464	-0.445694	0.00849749
1336	0.845905	0.631658	-0.438592	0.00857692
1337	0.820808	0.613147	-0.436098	0.00839687
1338	0.835492	0.632329	-0.426298	0.0195741
1339	0.832732	0.635326	-0.437315	0.00941301
1340	0.813631	0.638735	-0.448711	0.00815255
1341	0.813681	0.659708	-0.41655	0.00872575
1342	0.797934	0.650158	-0.43119	0.00995034
1343	0.828082	0.625728	-0.439781	0.0109392
1344	0.80123	0.612539	-0.451789	0.00761046
1345	0.806041	0.586013	-0.44058	0.00982819
1346	0.830843	0.605945	-0.430751	0.0105158
1347	0.847165	0.61519	-0.428584	0.0117201
1348	0.850418	0.614692	-0.448459	0.00691958
1349	0.842854	0.60408	-0.437248	0.00812713
1350	0.825934	0.605533	-0.430904	0.00954322
1351	0.796359	0.605218	-0.423421	0.00665328
1352	0.780706	0.600683	-0.432074	0.0073116
1353	0.764626	0.604634	-0.437405	0.00766747
1354	0.797448	0.634062	-0.450649	0.00722565
1355	0.782636	0.63544	-0.444706	0.00660863
1356	0.802019	0.607587	-0.440634	0.00762622
1357	0.792901	0.580574	-0.445465	0.010679
1358	0.795622	0.616218	-0.444152	0.00736682
1359	0.828463	0.612605	-0.440685	0.00829001
1360	0.812334	0.604382	-0.437751	0.00859682
1361	0.779137	0.610549	-0.450055	0.00738323
1362	0.805043	0.612044	-0.444206	0.00764448
1363	0.820712	0.60257	-0.425111	0.00960245
1364	0.818208	0.618043	-0.445128	0.00669311
1365	0.828991	0.614464	-0.432667	0.0102227
1366	0.791411	0.603518	-0.44892	0.00825845
1367	0.824186	0.622424	-0.444691	0.00804849
1368	0.831284	0.626589	-0.434845	0.00775932
1369	0.851304	0.58891	-0.426963	0.0101434
1370	0.857666	0.621325	-0.440819	0.00782567
1371	0.828732	0.614363	-0.445972	0.00829787
1372	0.855302	0.629673	-0.433602	0.0119478
1373	0.841405	0.630289	-0.437829	0.0103609
1374	0.837097	0.620239	-0.438471	0.0076643
1375	0.840928	0.592911	-0.444335	0.00842452
1376	0.82132	0.603962	-0.444453	0.0101315
1377	0.799459	0.592829	-0.43326	0.00860786
1378	0.818006	0.596982	-0.431238	0.00800212
1379	0.819951	0.61517	-0.438677	0.00781419
1380	0.819124	0.604323	-0.440462	0.00780098
1381	0.802364	0.626642	-0.431353	0.0104965
1382	0.808227	0.613864	-0.447152	0.00893614
1383	0.807262	0.647796	-0.421746	0.0129508
1384	0.824022	0.642214	-0.445856	0.00848232
1385	0.8318	0.633102	-0.435651	0.00690902
1386	0.823115	0.632722	-0.436336	0.0116297
1387	0.8159	0.639452	-0.435077	0.0130274
1388	0.823066	0.643762	-0.449375	0.00800235
1389	0.804523	0.627527	-0.448704	0.00778006
1390	0.831799	0.617334	-0.438854	0.00819407
1391	0.820039	0.62436	-0.446251	0.0105983
1392	0.820468	0.627904	-0.445699	0.00903602
1393	0.816841	0.656002	-0.439754	0.00841609
1394	0.80901	0.641336	-0.436457	0.00843205
1395	0.786414	0.632799	-0.452964	0.00839776
1396	0.797874	0.606513	-0.452293	0.00788595
1397	0.770369	0.609536	-0.430855	0.00712417
1398	0.790864	0.603024	-0.439377	0.00798403
1399	0.784724	0.607721	-0.43695	0.0087455
1400	0.786617	0.628464	-0.441416	0.00970138
1401	0.783269	0.630569	-0.428999	0.0130908
1402	0.77159	0.639583	-0.441636	0.00915962
1403	0.762762	0.607345	-0.434707	0.00717346
1404	0.766127	0.642034	-0.440251	0.00694736
1405	0.784761	0.643063	-0.455003	0.00774587
1406	0.790998	0.633638	-0.427805	0.00779548
1407	0.765155	0.621599	-0.439924	0.00718976
1408	0.801855	0.642144	-0.445936	0.00673818
1409	0.785512	0.671993	-0.432106	0.0102684
1410	0.810647	0.6357	-0.451612	0.00717751
1411	0.848055	0.654269	-0.399526	0.01977
1412	0.882518	0.62983	-0.393615	0.0137026
1413	0.857957	0.626416	-0.424989	0.0137666
1414	0.838429	0.614002	-0.446546	0.00834599
1415	0.816194	0.656129	-0.426528	0.0129581
1416	0.834651	0.624895	-0.437537	0.00847364
1417	0.805158	0.643455	-0.458032	0.00896342
1418	0.797729	0.604469	-0.437098	0.00753592
1419	0.824895	0.583901	-0.427399	0.00833431
1420	0.809458	0.576666	-0.434664	0.0106177
1421	0.769794	0.593196	-0.451828	0.00807435
1422	0.729211	0.600379	-0.414314	0.00772246
1423	0.728894	0.624754	-0.436438	0.00763228
1424	0.752662	0.611375	-0.447089	0.00762117
1425	0.75503	0.607176	-0.435976	0.00762255
1426	0.795756	0.644816	-0.430364	0.013196
1427	0.790788	0.60577	-0.453907	0.00810318
1428	0.778506	0.625881	-0.439908	0.0111159
1429	0.78594	0.588868	-0.456174	0.00882275
1430	0.765809	0.60651	-0.438923	0.00798987
1431	0.7389	0.611499	-0.428102	0.0090615
1432	0.725305	0.624776	-0.425241	0.0079217
1433	0.728288	0.594917	-0.418522	0.00762873
1434	0.765964	0.601182	-0.432259	0.0090685
1435	0.763349	0.62801	-0.433353	0.00749766
1436	0.798398	0.588659	-0.457659	0.00884904
1437	0.789876	0.591611	-0.428964	0.0083819
1438	0.8296	0.601116	-0.438063	0.00802413
1439	0.830226	0.606628	-0.437323	0.00855085
1440	0.821668	0.641111	-0.438926	0.0108138
1441	0.806125	0.663505	-0.409487	0.0141789
1442	0.790957	0.644097	-0.43096	0.0113662
1443	0.796229	0.64446	-0.43498	0.0108239
1444	0.80345	0.609231	-0.455207	0.00615137
1445	0.818211	0.650164	-0.434521	0.014256
1446	0.807434	0.665241	-0.407716	0.0238435
1447	0.837675	0.629844	-0.455066	0.00830769
1448	0.803918	0.590856	-0.442792	0.0083661
1449	0.786061	0.632594	-0.443194	0.00815491
1450	0.81521	0.629926	-0.439165	0.00896388
1451	0.792729	0.638906	-0.443936	0.0113833
1452	0.769227	0.610269	-0.446757	0.00659853
1453	0.795055	0.597286	-0.447897	0.00762205
1454	0.784658	0.604606	-0.431339	0.00828508
1455	0.78098	0.642839	-0.431267	0.0122464
1456	0.815929	0.625755	-0.43988	0.00974074
1457	0.774564	0.658728	-0.435136	0.0093739
1458	0.785825	0.630969	-0.444914	0.011838
1459	0.783608	0.622009	-0.44348	0.00679983
1460	0.791689	0.625358	-0.454538	0.00744842
1461	0.82043	0.618415	-0.446681	0.00745996
1462	0.819663	0.612621	-0.434747	0.00970408
1463	0.783301	0.63707	-0.446077	0.0130341
1464	0.818372	0.623961	-0.437588	0.00856609
1465	0.781882	0.645102	-0.461502	0.00723203
1466	0.775601	0.62496	-0.45033	0.00693406
1467	0.771348	0.665212	-0.438197	0.00894211
1468	0.79748	0.635034	-0.432781	0.00730053
1469	0.800009	0.66364	-0.440186	0.00816449
1470	0.821485	0.670718	-0.397471	0.0185804
1471	0.838613	0.633748	-0.420487	0.0184414
1472	0.813102	0.620145	-0.453822	0.00657682
1473	0.839819	0.611017	-0.438197	0.00944388
1474	0.810078	0.605599	-0.446971	0.00711935
1475	0.790401	0.621452	-0.440945	0.00749526
1476	0.810444	0.648495	-0.443868	0.00849883
1477	0.840946	0.623904	-0.432611	0.00852679
1478	0.825723	0.62349	-0.458242	0.00623514
1479	0.783795	0.641391	-0.413352	0.0138156
1480	0.815062	0.638784	-0.439295	0.0122534
1481	0.846554	0.628617	-0.403172	0.012794
1482	0.839522	0.590587	-0.433968	0.00929196
1483	0.824554	0.629185	-0.456763	0.00780468
1484	0.783399	0.601622	-0.423814	0.00938408
1485	0.755287	0.62257	-0.441896	0.00764642
1486	0.745548	0.621533	-0.438146	0.00818355
1487	0.745274	0.586437	-0.416007	0.00837996
1488	0.754004	0.604824	-0.446892	0.00652776
1489	0.775198	0.627468	-0.434629	0.00805016
1490	0.786495	0.633719	-0.433405	0.0085169
1491	0.80673	0.59681	-0.423304	0.00860344
1492	0.797706	0.615443	-0.451085	0.00670633
1493	0.811523	0.596962	-0.449867	0.00881677
1494	0.801324	0.587055	-0.431481	0.00865004
1495	0.814152	0.589156	-0.446998	0.00917323
1496	0.79191	0.601688	-0.432309	0.00926027
1497	0.796175	0.630148	-0.441185	0.00759352
1498	0.791456	0.605857	-0.44498	0.0071642
1499	0.810527	0.613512	-0.44481	0.0066924
1500	0.831877	0.624724	-0.441114	0.00737183
1501	0.81949	0.604148	-0.438389	0.0089926
1502	0.84984	0.610322	-0.429264	0.00907021
1503	0.820224	0.598836	-0.445669	0.00880476
1504	0.806785	0.578397	-0.423937	0.0112405
1505	0.841784	0.607456	-0.444332	0.0094397
1506	0.823802	0.608548	-0.446396	0.00744053
1507	0.817366	0.623808	-0.438201	0.0101019
1508	0.823213	0.603154	-0.421771	0.0107519
1509	0.846541	0.615214	-0.405253	0.0106579
1510	0.818969	0.642346	-0.41875	0.0121347
1511	0.783465	0.614699	-0.423869	0.00951802
1512	0.790534	0.620014	-0.452426	0.00814512
1513	0.757102	0.62427	-0.440629	0.00807409
1514	0.745853	0.622059	-0.433077	0.00705746
1515	0.735049	0.629059	-0.432185	0.00780761
1516	0.723958	0.621334	-0.417197	0.00872273
1517	0.708961	0.613995	-0.407234	0.00792819
1518	0.702342	0.610724	-0.425511	0.00880952
1519	0.72875	0.591777	-0.414581	0.00852332
1520	0.737916	0.620053	-0.419859	0.015925
1521	0.778843	0.591027	-0.432574	0.00864128
1522	0.781254	0.610235	-0.439541	0.007446
1523	0.797617	0.601922	-0.451998	0.00856761
1524	0.830431	0.594988	-0.419966	0.011493
1525	0.846803	0.618229	-0.429828	0.00999912
1526	0.840552	0.590106	-0.422261	0.00997587
1527	0.804979	0.627019	-0.445886	0.0121291
1528	0.777347	0.615432	-0.43196	0.00750318
1529	0.753342	0.615018	-0.440758	0.00689796
1530	0.765477	0.634455	-0.448957	0.00693494
1531	0.772156	0.643308	-0.433775	0.00723193
1532	0.794832	0.660204	-0.428139	0.00866847
1533	0.82046	0.635852	-0.436923	0.00951961
1534	0.849618	0.666711	-0.412159	0.0132236
1535	0.847545	0.629359	-0.432345	0.00865195
1536	0.876323	0.61711	-0.444244	0.0101074
1537	0.880212	0.624546	-0.430246	0.00859735
1538	0.89943	0.598216	-0.406023	0.00919292
1539	0.90047	0.591671	-0.408914	0.010349
1540	0.898526	0.609395	-0.391436	0.0106639
1541	0.900642	0.616917	-0.392328	0.0128538
1542	0.866164	0.628623	-0.429602	0.00914771
1543	0.848403	0.59452	-0.439432	0.0111922
1544	0.865471	0.613353	-0.433853	0.0083661
1545	0.849343	0.63121	-0.437407	0.00880788
1546	0.826896	0.646723	-0.431143	0.0103957
1547	0.818802	0.62099	-0.45462	0.00716214
1548	0.803788	0.636657	-0.45607	0.00719911
1549	0.771516	0.631684	-0.446701	0.00606699
1550	0.783492	0.618661	-0.438352	0.00893243
1551	0.788888	0.610928	-0.443558	0.0092803
1552	0.783687	0.640236	-0.441152	0.00989803
1553	0.776986	0.612403	-0.436095	0.0075872
1554	0.77805	0.627522	-0.435048	0.0113454
1555	0.752645	0.644895	-0.434977	0.00737262
1556	0.770971	0.64364	-0.424038	0.0076401
1557	0.800061	0.630267	-0.447583	0.00815824
1558	0.821789	0.644511	-0.437207	0.00968185
1559	0.788757	0.638603	-0.443797	0.00756739
1560	0.767298	0.625271	-0.447263	0.00737425
1561	0.765024	0.624067	-0.423954	0.0100781
1562	0.775525	0.602562	-0.455153	0.00745007
1563	0.755974	0.606515	-0.437501	0.00686428
1564	0.775439	0.635227	-0.440514	0.00725006
1565	0.780995	0.637166	-0.426571	0.00945055
1566	0.774116	0.663582	-0.428659	0.0128361
1567	0.744211	0.658563	-0.417539	0.0114107
1568	0.75178	0.628444	-0.431285	0.00909742
1569	0.777938	0.639303	-0.448941	0.00875989
1570	0.80379	0.621634	-0.448724	0.00749518
1571	0.799342	0.640856	-0.43385	0.00912146
1572	0.821653	0.612314	-0.456299	0.00831336
1573	0.792059	0.594967	-0.454579	0.00746609
1574	0.80935	0.606564	-0.44509	0.00914626
1575	0.817871	0.618734	-0.425421	0.0122243
1576	0.827124	0.60885	-0.429349	0.0098517
1577	0.809491	0.604644	-0.447569	0.0086531
1578	0.78577	0.599535	-0.432694	0.0108155
1579	0.774514	0.610652	-0.466133	0.00591781
1580	0.781113	0.636861	-0.448695	0.0088963
1581	0.771291	0.62294	-0.446977	0.00578377
1582	0.790913	0.647543	-0.432856	0.007808
1583	0.805295	0.631192	-0.446639	0.008959
1584	0.819684	0.61242	-0.453653	0.0080146
1585	0.79505	0.591253	-0.422088	0.0129911
1586	0.815288	0.60289	-0.448142	0.00748451
1587	0.802145	0.610327	-0.447549	0.00691941
1588	0.775934	0.586519	-0.413512	0.00901925
1589	0.788821	0.577626	-0.428951	0.0100557
1590	0.810274	0.581406	-0.437419	0.00818453
1591	0.81919	0.581582	-0.450364	0.00957376
1592	0.825153	0.592065	-0.437954	0.00880897
1593	0.800681	0.616219	-0.452315	0.00644735
1594	0.788973	0.624035	-0.425782	0.0145804
1595	0.769182	0.614396	-0.438274	0.00883436
1596	0.789153	0.616925	-0.446854	0.00980582
1597	0.80553	0.598711	-0.446912	0.00853252
1598	0.803147	0.611923	-0.437029	0.0076239
1599	0.802419	0.587231	-0.438293	0.00914557
1600	0.781229	0.613213	-0.423924	0.00940164
1601	0.774118	0.621234	-0.442574	0.00872336
1602	0.759559	0.608222	-0.428646	0.00755345
1603	0.774592	0.615239	-0.427331	0.00834083
1604	0.785004	0.600535	-0.444537	0.0110936
1605	0.774113	0.602329	-0.43997	0.00883103
1606	0.751297	0.622026	-0.435824	0.00732336
1607	0.758634	0.642715	-0.41545	0.0159309
1608	0.777325	0.661209	-0.426552	0.00914173
1609	0.753509	0.641038	-0.431178	0.00663018
1610	0.782287	0.631804	-0.4429	0.00632469
1611	0.777858	0.642441	-0.440193	0.00624893
1612	0.798049	0.63963	-0.433312	0.0101244
1613	0.799263	0.641494	-0.428789	0.011702
1614	0.772985	0.635566	-0.439794	0.00715014
1615	0.774493	0.658221	-0.438751	0.00786262
1616	0.796187	0.655286	-0.440107	0.00809293
1617	0.786738	0.632558	-0.436786	0.00707626
1618	0.778325	0.625333	-0.450403	0.00775709
1619	0.754986	0.62793	-0.418618	0.00939324
1620	0.741825	0.612815	-0.429468	0.00763814
1621	0.761855	0.605929	-0.439909	0.00821393
1622	0.785826	0.626817	-0.43025	0.00895646
1623	0.80074	0.636872	-0.446794	0.00891455
1624	0.792037	0.611452	-0.439929	0.00928683
1625	0.802216	0.588858	-0.424125	0.0089517
1626	0.780057	0.616128	-0.460396	0.00718385
1627	0.801283	0.599867	-0.43889	0.00846074
1628	0.800486	0.611552	-0.461608	0.00721749
1629	0.773282	0.595917	-0.435328	0.0075181
1630	0.757813	0.592031	-0.444742	0.00757094
1631	0.75023	0.575363	-0.395945	0.00898714
1632	0.770094	0.602054	-0.43374	0.00894061
1633	0.755486	0.616975	-0.42965	0.00708303
1634	0.783453	0.644194	-0.443361	0.00747546
1635	0.794844	0.65231	-0.440637	0.00871187
1636	0.785059	0.630645	-0.435271	0.00827673
1637	0.791265	0.608569	-0.442985	0.00737306
1638	0.777173	0.595799	-0.43435	0.00812606
1639	0.799653	0.621159	-0.435646	0.00904187
1640	0.796926	0.617436	-0.454426	0.00743176
1641	0.793296	0.609138	-0.443597	0.00727132
1642	0.797219	0.602706	-0.430518	0.0090658
1643	0.793359	0.612225	-0.459598	0.00765755
1644	0.782192	0.610913	-0.432406	0.00878251
1645	0.781379	0.622801	-0.426761	0.0113055
1646	0.757256	0.612264	-0.427397	0.00675729
1647	0.764897	0.597129	-0.425338	0.00887089
1648	0.754252	0.614881	-0.427736	0.00920307
1649	0.782786	0.642056	-0.443587	0.00797893
1650	0.785927	0.627238	-0.444864	0.00764393
1651	0.760002	0.618688	-0.418989	0.00767107
1652	0.744996	0.619225	-0.43305	0.00803951
1653	0.762142	0.625979	-0.444066	0.00682245
1654	0.782289	0.604772	-0.450212	0.0069161
1655	0.804144	0.599229	-0.429629	0.0116436
1656	0.83269	0.580166	-0.415055	0.00975531
1657	0.811902	0.570218	-0.425119	0.0108974
1658	0.804301	0.588733	-0.447357	0.00904712
1659	0.787542	0.611354	-0.437225	0.0081802
1660	0.789312	0.606405	-0.447454	0.00768759
1661	0.782336	0.5951	-0.449355	0.00782718
1662	0.811371	0.619265	-0.443649	0.0120396
1663	0.828204	0.633589	-0.448997	0.0082573
1664	0.830229	0.645265	-0.42312	0.0146746
1665	0.816046	0.636853	-0.451176	0.00977303
1666	0.806104	0.617458	-0.452117	0.00676651
1667	0.810173	0.6161	-0.457611	0.0065904
1668	0.82385	0.634662	-0.444312	0.00716046
1669	0.833152	0.639267	-0.449423	0.00871358
1670	0.808751	0.655934	-0.429297	0.0102017
1671	0.782399	0.660476	-0.441698	0.00742942
1672	0.786749	0.636734	-0.452579	0.00757278
1673	0.775686	0.646799	-0.427394	0.0160191
1674	0.777376	0.641664	-0.434814	0.00907339
1675	0.755936	0.622584	-0.441246	0.00693352
1676	0.758321	0.620605	-0.433619	0.00667744
1677	0.780011	0.637533	-0.444355	0.00738586
1678	0.800385	0.633039	-0.440104	0.00903478
1679	0.785503	0.64695	-0.424186	0.0098404
1680	0.775792	0.62866	-0.459906	0.00619132
1681	0.793066	0.624034	-0.45416	0.00726487
1682	0.788592	0.609645	-0.443346	0.00718132
1683	0.80066	0.622451	-0.44359	0.00814533
1684	0.813262	0.607668	-0.445993	0.00878533
1685	0.820961	0.615747	-0.445151	0.00771668
1686	0.806092	0.590511	-0.451982	0.00854927
1687	0.79227	0.605043	-0.456561	0.00723864
1688	0.782057	0.616979	-0.444671	0.00749406
1689	0.790912	0.615886	-0.43993	0.00966103
1690	0.773087	0.622971	-0.439159	0.00785346
1691	0.796718	0.635181	-0.433997	0.00999239
1692	0.767852	0.606763	-0.448351	0.00736556
1693	0.783866	0.612937	-0.44463	0.00774384
1694	0.801341	0.617116	-0.451224	0.00870654
1695	0.826992	0.60116	-0.429716	0.00863272
1696	0.831998	0.607523	-0.442875	0.00729982
1697	0.844983	0.606156	-0.444117	0.00805379
1698	0.835736	0.588374	-0.431804	0.00893201
1699	0.813944	0.605543	-0.442524	0.0081999
1700	0.789713	0.626606	-0.451094	0.00741836
1701	0.773493	0.62213	-0.438677	0.0058866
1702	0.767702	0.630421	-0.439859	0.00609122
1703	0.793523	0.617533	-0.442019	0.00716148
1704	0.817017	0.608859	-0.445464	0.00946256
1705	0.830665	0.627523	-0.442813	0.00947411
1706	0.805801	0.602248	-0.455395	0.00729698
1707	0.794256	0.624898	-0.447742	0.00876277
1708	0.799824	0.637013	-0.4207	0.00829352
1709	0.789786	0.652726	-0.44617	0.00765958
1710	0.807271	0.629561	-0.454418	0.00821696
1711	0.783298	0.604729	-0.446522	0.00829112
1712	0.809527	0.607067	-0.443641	0.00829278
1713	0.829378	0.595459	-0.451651	0.00942425
1714	0.806815	0.581766	-0.445194	0.00914694
1715	0.814502	0.5729	-0.426361	0.0115784
1716	0.79917	0.573629	-0.431277	0.0101937
1717	0.799936	0.570665	-0.439292	0.00981845
1718	0.808511	0.576237	-0.431617	0.0101247
1719	0.812682	0.588785	-0.444847	0.00886458
1720	0.791445	0.597668	-0.430062	0.0104113
1721	0.808803	0.586	-0.434203	0.00827314
1722	0.789568	0.579459	-0.449558	0.00894108
1723	0.789444	0.574061	-0.41726	0.0129406
1724	0.796079	0.579245	-0.440306	0.0100202
1725	0.786427	0.58632	-0.450142	0.0090435
1726	0.781711	0.594922	-0.43273	0.0080252
1727	0.783959	0.613218	-0.447437	0.00706163
1728	0.784914	0.605228	-0.441093	0.00734994
1729	0.776997	0.626507	-0.448234	0.00610998
1730	0.781194	0.62365	-0.443871	0.00875854
1731	0.777909	0.61513	-0.443294	0.00883622
1732	0.789629	0.617422	-0.437805	0.0105743
1733	0.787405	0.616192	-0.447131	0.00667283
1734	0.781697	0.619396	-0.429892	0.0105148
1735	0.80437	0.604808	-0.430538	0.00817227
1736	0.793851	0.618093	-0.434192	0.00678886
1737	0.799752	0.61149	-0.444646	0.00715473
1738	0.808681	0.593249	-0.443693	0.0099829
1739	0.824755	0.618307	-0.426646	0.011337
1740	0.833716	0.622881	-0.45159	0.00701997
1741	0.824649	0.611951	-0.447165	0.0074096
1742	0.826901	0.595066	-0.430752	0.00894045
1743	0.810266	0.59019	-0.425567	0.00886377
1744	0.804502	0.605875	-0.440233	0.00764145
1745	0.793429	0.601458	-0.440248	0.00760688
1746	0.81066	0.621442	-0.45248	0.00591274
1747	0.787376	0.630001	-0.444318	0.00721177
1748	0.805731	0.618655	-0.449256	0.00644246
1749	0.802085	0.611579	-0.453952	0.00801857
1750	0.812742	0.626472	-0.459385	0.0073438
1751	0.81427	0.613055	-0.438469	0.00822316
1752	0.810846	0.615519	-0.446923	0.00741972
1753	0.799214	0.606121	-0.447015	0.00805505
1754	0.786817	0.624338	-0.447615	0.00969196
1755	0.790872	0.60209	-0.423539	0.0106814
1756	0.786484	0.613987	-0.450728	0.00745541
1757	0.774778	0.600281	-0.438332	0.00781203
1758	0.791325	0.594312	-0.440197	0.00792018
1759	0.815916	0.591398	-0.440836	0.00918225
1760	0.827291	0.596951	-0.427216	0.00984973
1761	0.808403	0.612834	-0.45092	0.00727379
1762	0.830056	0.620684	-0.452925	0.0077922
1763	0.834499	0.623427	-0.435846	0.0108771
1764	0.846989	0.607048	-0.444898	0.00717733
1765	0.851117	0.632644	-0.413936	0.0147191
1766	0.858846	0.618543	-0.435584	0.00817896
1767	0.843461	0.603901	-0.438441	0.0109523
1768	0.821189	0.622369	-0.450617	0.00955275
1769	0.81257	0.618708	-0.440092	0.0112642
1770	0.800894	0.613652	-0.456954	0.00716375
1771	0.816011	0.608412	-0.432123	0.0119013
1772	0.807348	0.627924	-0.437246	0.0073975
1773	0.823774	0.638223	-0.435462	0.0105818
1774	0.833911	0.630455	-0.439471	0.00820706
1775	0.846915	0.625462	-0.431587	0.00827226
1776	0.83971	0.64538	-0.445277	0.00769496
1777	0.822707	0.634512	-0.450796	0.0122758
1778	0.808906	0.651109	-0.413107	0.0133289
1779	0.796349	0.644368	-0.414483	0.0285523
1780	0.811684	0.63463	-0.447263	0.00697814
1781	0.797682	0.625757	-0.443338	0.00801424
1782	0.793161	0.631804	-0.434903	0.00890909
1783	0.796843	0.619676	-0.441977	0.00944533
1784	0.808704	0.610106	-0.446947	0.00780645
1785	0.808326	0.627138	-0.441883	0.00723029
1786	0.798855	0.618722	-0.453006	0.0073668
1787	0.801207	0.60845	-0.432961	0.00759021
1788	0.813504	0.627687	-0.443482	0.0105829
1789	0.799978	0.607109	-0.443368	0.00777361
1790	0.819685	0.608758	-0.428295	0.0111942
1791	0.826907	0.611897	-0.441689	0.0100066
1792	0.844974	0.613393	-0.432444	0.0102984
1793	0.855055	0.603304	-0.428426	0.0112756
1794	0.837649	0.61467	-0.444816	0.00875214
1795	0.823346	0.630314	-0.442664	0.00759474
1796	0.841588	0.620614	-0.427926	0.0101583
1797	0.852118	0.632632	-0.441224	0.00812157
1798	0.841178	0.6383	-0.436445	0.0101
1799	0.849832	0.620971	-0.418664	0.0113498
1800	0.840256	0.610269	-0.437282	0.00935962
1801	0.835304	0.615748	-0.429413	0.0120501
1802	0.817726	0.60527	-0.437576	0.00925875
1803	0.832352	0.616542	-0.454792	0.00718628
1804	0.820929	0.624753	-0.449618	0.00772784
1805	0.826208	0.602986	-0.423697	0.0139233
1806	0.817771	0.594613	-0.442303	0.00931605
1807	0.804846	0.592372	-0.430181	0.00990833
1808	0.800317	0.613036	-0.452613	0.00771513
1809	0.781838	0.612064	-0.451928	0.00730802
1810	0.76779	0.590376	-0.427704	0.00902761
1811	0.767808	0.59205	-0.445006	0.00977729
1812	0.764718	0.589494	-0.42768	0.00821192
1813	0.753005	0.587729	-0.437568	0.0075403
1814	0.730703	0.610748	-0.433586	0.00820084
1815	0.733722	0.615595	-0.414991	0.00604138
1816	0.746291	0.631379	-0.431938	0.00905173
1817	0.768336	0.630397	-0.446534	0.00677926
1818	0.779866	0.622595	-0.452182	0.0074002
1819	0.771752	0.637369	-0.442669	0.00723358
1820	0.768271	0.639765	-0.439822	0.00831144
1821	0.758243	0.628646	-0.439898	0.00859546
1822	0.778411	0.644009	-0.433487	0.0100027
1823	0.769474	0.643525	-0.448217	0.009095
1824	0.772677	0.649559	-0.445259	0.00792214
1825	0.757544	0.64454	-0.443835	0.00679756
1826	0.770723	0.637846	-0.436374	0.00899346
1827	0.761812	0.64158	-0.413819	0.00949177
1828	0.764789	0.636186	-0.440129	0.00894801
1829	0.74692	0.626344	-0.42993	0.00771337
1830	0.737456	0.631506	-0.435521	0.00831051
1831	0.747607	0.636612	-0.427217	0.00961516
1832	0.766111	0.645629	-0.433964	0.0091351
1833	0.77753	0.625096	-0.456804	0.00809025
1834	0.789644	0.609482	-0.439713	0.00839435
1835	0.773163	0.606448	-0.430494	0.00709786
1836	0.785044	0.627706	-0.449042	0.00657426
1837	0.770795	0.629973	-0.453052	0.00726864
1838	0.764455	0.62012	-0.442136	0.00733932
1839	0.753947	0.622827	-0.448515	0.00593332
1840	0.75191	0.613927	-0.4288	0.00693155
1841	0.755802	0.631033	-0.432735	0.00747609
1842	0.738844	0.619186	-0.420721	0.00739261
1843	0.760606	0.622675	-0.430957	0.00763633
1844	0.784959	0.609199	-0.436367	0.00737769
1845	0.782087	0.602658	-0.437208	0.00837825
1846	0.784973	0.619858	-0.439472	0.00726465
1847	0.804955	0.630514	-0.455183	0.0103437
1848	0.795598	0.616463	-0.436344	0.00874405
1849	0.785506	0.63988	-0.438243	0.00678945
1850	0.778227	0.641319	-0.4398	0.00768007
1851	0.801328	0.653369	-0.432746	0.0110155
1852	0.792364	0.646909	-0.425213	0.0169743
1853	0.793726	0.621933	-0.454978	0.006419
1854	0.778487	0.622485	-0.440968	0.0114298
1855	0.791469	0.617899	-0.441867	0.00894199
1856	0.776949	0.628047	-0.456326	0.00751416
1857	0.765307	0.62662	-0.433123	0.00734854
1858	0.764773	0.635102	-0.444198	0.00703788
1859	0.773016	0.612336	-0.435539	0.00862828
1860	0.793292	0.611011	-0.435716	0.00691652
1861	0.797372	0.605608	-0.448326	0.00707801
1862	0.773733	0.628868	-0.446433	0.00760197
1863	0.799045	0.619379	-0.450393	0.0077823
1864	0.795618	0.608674	-0.443517	0.00761807
1865	0.799533	0.614765	-0.44364	0.00786322
1866	0.782646	0.607254	-0.440385	0.00640418
1867	0.804821	0.62159	-0.448695	0.00712673
1868	0.787508	0.604986	-0.448165	0.00773799
1869	0.789872	0.604973	-0.45495	0.00756295
1870	0.801707	0.599861	-0.451153	0.00825085
1871	0.804147	0.609916	-0.440877	0.00795241
1872	0.784029	0.58624	-0.449174	0.00909974
1873	0.800761	0.601554	-0.438551	0.00860986
1874	0.784714	0.617661	-0.449286	0.00667371
1875	0.808313	0.601186	-0.443254	0.00890377
1876	0.784393	0.620922	-0.449216	0.00756206
1877	0.799029	0.598944	-0.441802	0.00946184
1878	0.796582	0.597793	-0.424904	0.0126588
1879	0.81766	0.605706	-0.447072	0.00873582
1880	0.812904	0.606914	-0.456413	0.00827617
1881	0.815497	0.612175	-0.460221	0.00709226
1882	0.830122	0.624806	-0.427914	0.0134954
1883	0.851584	0.612195	-0.440068	0.00936832
1884	0.827688	0.604527	-0.432908	0.00918803
1885	0.802792	0.624237	-0.432386	0.00965157
1886	0.820746	0.630742	-0.463095	0.00701161
1887	0.820368	0.651573	-0.419887	0.0122582
1888	0.795191	0.633028	-0.448216	0.00794038
1889	0.819449	0.621601	-0.446651	0.0090342
1890	0.817123	0.617442	-0.447008	0.00796249
1891	0.808206	0.614779	-0.451739	0.00675707
1892	0.807762	0.61254	-0.429051	0.00783125
1893	0.798688	0.604305	-0.454026	0.00724584
1894	0.805105	0.610942	-0.462975	0.00743508
1895	0.827129	0.601808	-0.448086	0.00822487
1896	0.8436	0.617475	-0.432095	0.0108505
1897	0.843001	0.606515	-0.437903	0.00749791
1898	0.822883	0.578976	-0.448947	0.00982052
1899	0.815293	0.591265	-0.452865	0.00718225
1900	0.793194	0.613219	-0.423073	0.0120777
1901	0.78076	0.606178	-0.428461	0.0113433
1902	0.775622	0.615246	-0.451413	0.00642635
1903	0.801214	0.633723	-0.446426	0.00836916
1904	0.790991	0.649409	-0.42604	0.00953154
1905	0.813919	0.624643	-0.4467	0.00753643
1906	0.81268	0.636003	-0.449065	0.00785395
1907	0.813541	0.647346	-0.423333	0.0114708
1908	0.832242	0.633276	-0.436433	0.00955508
1909	0.807955	0.62606	-0.425692	0.00828188
1910	0.799237	0.6392	-0.446284	0.0100698
1911	0.781521	0.622935	-0.440318	0.0086009
1912	0.779437	0.632016	-0.427673	0.00799438
1913	0.781542	0.629513	-0.41272	0.0157068
1914	0.768364	0.62172	-0.433951	0.00811661
1915	0.791704	0.628238	-0.441845	0.0093096
1916	0.76996	0.623159	-0.441916	0.00765819
1917	0.762443	0.638696	-0.437097	0.0109877
1918	0.767758	0.661682	-0.417639	0.00972862
1919	0.763758	0.656075	-0.42102	0.0104189
1920	0.78824	0.625312	-0.437579	0.00838408
1921	0.796141	0.637358	-0.434593	0.0103394
1922	0.821222	0.627352	-0.434147	0.010634
1923	0.793842	0.632334	-0.446536	0.00824387
1924	0.813722	0.6472	-0.431837	0.0103288
1925	0.7941	0.661285	-0.431986	0.00958095
1926	0.786729	0.652216	-0.418797	0.0176015
1927	0.807177	0.651876	-0.455241	0.00635816
1928	0.82056	0.640468	-0.434325	0.00959593
1929	0.794283	0.626193	-0.452365	0.00561171
1930	0.81448	0.604718	-0.440061	0.00681295
1931	0.793663	0.622302	-0.450333	0.010788
1932	0.779206	0.614755	-0.445991	0.00844809
1933	0.79673	0.602596	-0.434362	0.00704987
1934	0.784665	0.612756	-0.444954	0.00700897
1935	0.778584	0.62812	-0.441797	0.00665908
1936	0.781068	0.631854	-0.447112	0.00750566
1937	0.79294	0.622088	-0.450579	0.00685196
1938	0.781596	0.632654	-0.437195	0.00858764
1939	0.762829	0.628889	-0.436521	0.00733656
1940	0.763051	0.61009	-0.449406	0.00680326
1941	0.782046	0.619841	-0.455763	0.00656488
1942	0.791154	0.609557	-0.446857	0.00729012
1943	0.774086	0.619457	-0.438437	0.00647851
1944	0.772845	0.613203	-0.445448	0.00902918
1945	0.792852	0.629449	-0.457639	0.00699906
1946	0.79141	0.628675	-0.443089	0.00767301
1947	0.8028	0.625908	-0.453699	0.00562833
1948	0.773034	0.604128	-0.417411	0.00936758
1949	0.788178	0.630529	-0.445861	0.00930443
1950	0.782442	0.600521	-0.443662	0.00830803
1951	0.796229	0.586281	-0.4381	0.0097268
1952	0.783299	0.586542	-0.447046	0.00980928
1953	0.776605	0.602673	-0.452428	0.00777994
1954	0.77352	0.609843	-0.440128	0.00663194
1955	0.759186	0.612214	-0.437588	0.00745548
1956	0.762022	0.609981	-0.430879	0.00766991
1957	0.785844	0.583732	-0.453003	0.0102876
1958	0.773479	0.578849	-0.439316	0.00770353
1959	0.780405	0.576162	-0.422726	0.008739
1960	0.754143	0.578816	-0.422473	0.00965713
1961	0.755607	0.579414	-0.43876	0.00911589
1962	0.786042	0.578079	-0.427215	0.0102155
1963	0.769127	0.581522	-0.430466	0.00998107
1964	0.756452	0.608715	-0.434233	0.0073584
1965	0.758436	0.609735	-0.440563	0.0084953
1966	0.748695	0.616664	-0.432228	0.00738422
1967	0.76315	0.60781	-0.437945	0.00921192
1968	0.784261	0.619764	-0.447203	0.00764479
1969	0.797947	0.619279	-0.436411	0.00920402
1970	0.79742	0.636921	-0.4295	0.00756535
1971	0.788461	0.607795	-0.44021	0.00895657
1972	0.784314	0.611178	-0.42675	0.00932494
1973	0.811983	0.624546	-0.442631	0.00822313
1974	0.792473	0.620702	-0.454292	0.00701518
1975	0.802246	0.622405	-0.458761	0.00619292
1976	0.780509	0.624255	-0.422012	0.0129202
1977	0.771398	0.618886	-0.447752	0.0100825
1978	0.80191	0.612591	-0.451035	0.00915651
1979	0.825148	0.604795	-0.433901	0.00906998
1980	0.807549	0.604856	-0.444016	0.00708566
1981	0.793877	0.634168	-0.448247	0.00709138
1982	0.813677	0.606902	-0.455127	0.00826991
1983	0.781115	0.615222	-0.437354	0.00831503
1984	0.768586	0.617458	-0.44145	0.0084256
1985	0.79822	0.595509	-0.43836	0.00929707
1986	0.794265	0.603724	-0.452044	0.00696082
1987	0.792033	0.605428	-0.434922	0.00839912
1988	0.802147	0.617355	-0.427972	0.013864
1989	0.813393	0.643033	-0.445563	0.0115786
1990	0.823832	0.650298	-0.424976	0.0118204
1991	0.826893	0.631313	-0.43869	0.0119292
1992	0.834672	0.605302	-0.441166	0.0097635
1993	0.810266	0.634226	-0.455411	0.0067441
1994	0.793608	0.628735	-0.436809	0.00955125
1995	0.793853	0.611888	-0.436196	0.007525
1996	0.781728	0.589146	-0.423597	0.00876064
1997	0.774514	0.598589	-0.430343	0.00688439
1998	0.748153	0.606677	-0.430773	0.00681899
1999	0.760513	0.625213	-0.426467	0.00786042
2000	0.788204	0.626283	-0.451614	0.0062838
2001	0.795635	0.637404	-0.438743	0.00710624
2002	0.776378	0.615626	-0.439151	0.0071503
2003	0.756431	0.62201	-0.433301	0.00900558
2004	0.767776	0.595311	-0.440469	0.00942369
2005	0.773171	0.590722	-0.442016	0.00880713
2006	0.781017	0.618992	-0.437538	0.00683522
2007	0.775832	0.633888	-0.452239	0.00625315
2008	0.755772	0.634894	-0.433368	0.00707071
2009	0.778201	0.622588	-0.455531	0.00806125
2010	0.781149	0.620166	-0.435868	0.00756899
2011	0.782853	0.630999	-0.428176	0.00910857
2012	0.778577	0.624433	-0.447559	0.00695798
2013	0.802714	0.615671	-0.433797	0.00962787
2014	0.800852	0.640574	-0.422378	0.0109818
2015	0.820346	0.615773	-0.451034	0.00687558
2016	0.838547	0.618731	-0.439837	0.00788496
2017	0.825326	0.587999	-0.423831	0.00991221
2018	0.81558	0.611726	-0.442675	0.00728515
2019	0.812806	0.636065	-0.440637	0.0088399
2020	0.824561	0.639985	-0.449997	0.00969402
2021	0.83429	0.629111	-0.440321	0.00990125
2022	0.836535	0.630246	-0.43921	0.00814537
2023	0.837888	0.609699	-0.443116	0.00846993
2024	0.816619	0.586516	-0.428915	0.0106503
2025	0.824246	0.617303	-0.434219	0.0152175
2026	0.842659	0.63264	-0.419541	0.0108515
2027	0.810671	0.635068	-0.453275	0.00862375
2028	0.786479	0.639396	-0.429704	0.00969829
2029	0.811959	0.614843	-0.446003	0.00932504
2030	0.791685	0.598263	-0.44255	0.00685306
2031	0.78956	0.601789	-0.433154	0.00911194
2032	0.809922	0.625391	-0.445524	0.0105019
2033	0.828721	0.624985	-0.439237	0.00978451
2034	0.825466	0.601708	-0.437167	0.00773869
2035	0.815704	0.605227	-0.44752	0.00746696
2036	0.803876	0.611748	-0.440068	0.00770619
2037	0.811653	0.612744	-0.428121	0.0088161
2038	0.782318	0.644127	-0.440644	0.00658832
2039	0.8051	0.63552	-0.435397	0.0121273
2040	0.794025	0.634228	-0.444341	0.0080759
2041	0.764989	0.648707	-0.453893	0.00710064
2042	0.793036	0.667306	-0.430949	0.0119123
2043	0.77572	0.680408	-0.420232	0.0109445
2044	0.778788	0.689851	-0.431194	0.0123508
2045	0.807889	0.678821	-0.386067	0.0173436
2046	0.830007	0.654122	-0.437978	0.00967155
2047	0.807551	0.638758	-0.427047	0.00881471
2048	0.835695	0.631662	-0.448024	0.00826261
2049	0.804053	0.604529	-0.440094	0.00687459
2050	0.796233	0.629006	-0.448692	0.00665093
2051	0.790176	0.611528	-0.433549	0.0095789
2052	0.819682	0.614454	-0.444118	0.00733421
2053	0.817879	0.6077	-0.449566	0.00937336
2054	0.811645	0.594456	-0.425596	0.00994012
2055	0.791166	0.591015	-0.435076	0.00819552
2056	0.809999	0.620196	-0.438911	0.0075283
2057	0.813231	0.624687	-0.444817	0.00787504
2058	0.807785	0.628957	-0.447066	0.00631472
2059	0.803441	0.623728	-0.440298	0.00855185
2060	0.808376	0.647853	-0.440511	0.00897071
2061	0.813306	0.647131	-0.447335	0.00936943
2062	0.838822	0.637826	-0.432679	0.00933895
2063	0.833626	0.622004	-0.434958	0.00784162
2064	0.823766	0.618642	-0.460205	0.00793821
2065	0.834473	0.591925	-0.437643	0.00965898
2066	0.807569	0.582176	-0.430512	0.0102694
2067	0.807389	0.5961	-0.447375	0.00756458
2068	0.792852	0.593348	-0.432717	0.00837648
2069	0.770094	0.613292	-0.43477	0.00726279
2070	0.781412	0.61874	-0.436166	0.00856131
2071	0.783022	0.614377	-0.434292	0.00781259
2072	0.788167	0.587381	-0.440896	0.00829596
2073	0.772745	0.581909	-0.433415	0.00875971
2074	0.769412	0.603852	-0.449035	0.0084127
2075	0.779294	0.622345	-0.44289	0.00757011
2076	0.768209	0.629783	-0.431303	0.00993928
2077	0.77885	0.640006	-0.445869	0.00690657
2078	0.802395	0.636022	-0.43249	0.012997
2079	0.780634	0.616638	-0.440705	0.00753303
2080	0.803711	0.624994	-0.436389	0.00918059
2081	0.780985	0.604628	-0.447833	0.00836502
2082	0.807961	0.622393	-0.448977	0.00782517
2083	0.795241	0.637978	-0.440734	0.00847077
2084	0.798125	0.622464	-0.450616	0.00820577
2085	0.805262	0.639341	-0.430029	0.0161186
2086	0.807039	0.636987	-0.429596	0.00710082
2087	0.811439	0.612961	-0.436775	0.00765004
2088	0.818558	0.595188	-0.441011	0.00861937
2089	0.8246	0.618397	-0.445938	0.00784034
2090	0.820921	0.641026	-0.422457	0.0102069
2091	0.829528	0.652453	-0.438218	0.00779997
2092	0.810996	0.659826	-0.456934	0.00668277
2093	0.798989	0.641083	-0.426606	0.0102766
2094	0.772509	0.622254	-0.449806	0.00604821
2095	0.772789	0.640082	-0.426995	0.0116631
2096	0.787511	0.613434	-0.434097	0.00777382
2097	0.798161	0.602153	-0.448508	0.010326
2098	0.816856	0.605863	-0.43957	0.0133633
2099	0.831246	0.596842	-0.431327	0.0088639
2100	0.804626	0.578636	-0.423978	0.0099961
2101	0.795599	0.571266	-0.413216	0.0105299
2102	0.804042	0.592177	-0.442166	0.009084
2103	0.784284	0.602597	-0.43127	0.00797319
2104	0.808848	0.629166	-0.449155	0.00798163
2105	0.820919	0.602331	-0.429084	0.00960534
2106	0.811596	0.622655	-0.4512	0.00801671
2107	0.791007	0.624916	-0.451619	0.00604418
2108	0.795914	0.608077	-0.44003	0.00805448
2109	0.776244	0.61441	-0.434647	0.00711889
2110	0.760344	0.631848	-0.447072	0.00800202
2111	0.772568	0.610294	-0.440808	0.00650359
2112	0.793369	0.597147	-0.431925	0.00738973
2113	0.777015	0.595618	-0.451621	0.0080709
2114	0.77124	0.619857	-0.450369	0.00838528
2115	0.777763	0.600837	-0.445537	0.00752231
2116	0.770486	0.616446	-0.429784	0.00845751
2117	0.749928	0.612834	-0.450204	0.00722388
2118	0.76617	0.602931	-0.456454	0.0074822
2119	0.757842	0.616371	-0.420276	0.0104713
2120	0.771511	0.636032	-0.429174	0.0081871
2121	0.773037	0.631265	-0.434694	0.00796618
2122	0.786776	0.635013	-0.44501	0.00770034
2123	0.801959	0.628288	-0.442977	0.009998
2124	0.809035	0.635078	-0.44697	0.00745729
2125	0.782807	0.631087	-0.452166	0.00696183
2126	0.801206	0.611003	-0.447233	0.00823729
2127	0.81416	0.621236	-0.45471	0.00692203
2128	0.801707	0.624269	-0.44066	0.00843709
2129	0.779666	0.609777	-0.446848	0.00693952
2130	0.789012	0.587651	-0.436968	0.00900382
2131	0.766151	0.598281	-0.430252	0.00814627
2132	0.779669	0.605571	-0.456433	0.00654498
2133	0.791733	0.583854	-0.448089	0.010357
2134	0.798351	0.60593	-0.441648	0.0086531
2135	0.812867	0.627022	-0.431974	0.0101749
2136	0.79083	0.630945	-0.449211	0.00673409
2137	0.783386	0.632462	-0.439075	0.00817141
2138	0.807426	0.616413	-0.449913	0.00731538
2139	0.800647	0.637486	-0.424655	0.016303
2140	0.81284	0.613501	-0.451189	0.00759627
2141	0.829171	0.634386	-0.438841	0.0102457
2142	0.807649	0.632437	-0.449817	0.00619913
2143	0.787024	0.647925	-0.410358	0.0174399
2144	0.810083	0.638006	-0.437154	0.0112475
2145	0.804015	0.653835	-0.428459	0.00985262
2146	0.803683	0.634691	-0.432647	0.00906729
2147	0.786906	0.627406	-0.457994	0.00717304
2148	0.778424	0.629006	-0.429055	0.0104794
2149	0.783858	0.626047	-0.454107	0.00692759
2150	0.809006	0.623036	-0.437198	0.00713044
2151	0.824802	0.609859	-0.437207	0.00866559
2152	0.824923	0.598309	-0.445576	0.00896823
2153	0.807978	0.61854	-0.441011	0.0100219
2154	0.807031	0.603747	-0.451406	0.00749466
2155	0.821005	0.615342	-0.442902	0.00886055
2156	0.837692	0.603939	-0.453534	0.00798379
2157	0.820943	0.625555	-0.436527	0.00876462
2158	0.830222	0.63269	-0.451207	0.00776223
2159	0.825545	0.617909	-0.441341	0.0085335
2160	0.814065	0.616682	-0.441809	0.00890526
2161	0.797914	0.610633	-0.448767	0.00607679
2162	0.779285	0.611124	-0.43351	0.0069055
2163	0.791565	0.614041	-0.44173	0.00705277
2164	0.812366	0.61025	-0.435676	0.00851797
2165	0.7952	0.618427	-0.443602	0.00885424
2166	0.773638	0.639983	-0.425139	0.0112193
2167	0.795526	0.644219	-0.441082	0.00739401
2168	0.786916	0.630009	-0.438828	0.00842164
2169	0.803223	0.651039	-0.438635	0.00766699
2170	0.796227	0.640667	-0.448258	0.0073482
2171	0.784609	0.654937	-0.429674	0.00992834
2172	0.774411	0.661109	-0.430221	0.010385
2173	0.784835	0.655177	-0.439971	0.00969208
2174	0.798201	0.648465	-0.423353	0.0088906
2175	0.783899	0.636613	-0.442135	0.00726476
2176	0.799219	0.637763	-0.449416	0.0107415
2177	0.803023	0.643712	-0.442715	0.0087678
2178	0.802671	0.643253	-0.438059	0.00982677
2179	0.789172	0.649703	-0.446417	0.00724931
2180	0.786904	0.631255	-0.438509	0.00963324
2181	0.799291	0.630817	-0.445635	0.00701147
2182	0.78948	0.634397	-0.434143	0.00836114
2183	0.767795	0.615107	-0.449845	0.00690517
2184	0.776734	0.631569	-0.44287	0.00719994
2185	0.789863	0.642951	-0.42588	0.0104011
2186	0.804919	0.6447	-0.436716	0.00948938
2187	0.815007	0.631602	-0.460124	0.00650896
2188	0.83474	0.632949	-0.455671	0.0101657
2189	0.814928	0.634181	-0.444098	0.00826261
2190	0.797113	0.628558	-0.43474	0.00745092
2191	0.803909	0.630491	-0.442788	0.00643496
2192	0.788847	0.644358	-0.457899	0.00657889
2193	0.776432	0.625029	-0.423564	0.00761244
2194	0.786836	0.615529	-0.442005	0.00852286
2195	0.793906	0.601837	-0.434691	0.00957604
2196	0.810351	0.615336	-0.431228	0.0116308
2197	0.802868	0.614111	-0.447149	0.00744315
2198	0.808963	0.634692	-0.428303	0.00990357
2199	0.795338	0.63619	-0.456266	0.00600082
2200	0.785656	0.632494	-0.432892	0.0130146
2201	0.777317	0.622276	-0.440502	0.0070778
2202	0.759915	0.617118	-0.447384	0.0075976
2203	0.762734	0.606379	-0.445944	0.0080018
2204	0.741544	0.592709	-0.422208	0.00759967
2205	0.741739	0.602904	-0.418816	0.00738097
2206	0.73995	0.588144	-0.427411	0.0083806
2207	0.736461	0.588301	-0.424009	0.00886568
2208	0.738031	0.598229	-0.434263	0.00816665
2209	0.730894	0.59597	-0.428929	0.00828745
2210	0.75185	0.596297	-0.434508	0.00845449
2211	0.738954	0.613732	-0.43722	0.00744755
2212	0.739025	0.625189	-0.425456	0.00997525
2213	0.740806	0.621787	-0.446918	0.00638204
2214	0.740877	0.632654	-0.431979	0.0073363
2215	0.758116	0.620283	-0.444305	0.00589143
2216	0.770208	0.605715	-0.448254	0.00808638
2217	0.775685	0.591977	-0.42614	0.00888081
2218	0.793091	0.596695	-0.447575	0.00792581
2219	0.803691	0.603226	-0.458867	0.0078939
2220	0.803076	0.624448	-0.45601	0.00709938
2221	0.816128	0.606919	-0.43474	0.00779204
2222	0.801095	0.628735	-0.444767	0.0077798
2223	0.783015	0.613236	-0.450886	0.00820809
2224	0.801249	0.608839	-0.450543	0.00781005
2225	0.784529	0.59689	-0.443831	0.00785633
2226	0.791398	0.615248	-0.440702	0.00893222
2227	0.785478	0.612942	-0.455398	0.00660523
2228	0.786585	0.610804	-0.432226	0.00879159
2229	0.803597	0.620095	-0.434676	0.00952167
2230	0.821546	0.629844	-0.43911	0.00942067
2231	0.821567	0.61798	-0.420792	0.00962944
2232	0.803527	0.606035	-0.43898	0.00692741
2233	0.80829	0.611575	-0.435506	0.00898622
2234	0.796428	0.624056	-0.453509	0.00708385
2235	0.807783	0.610026	-0.444057	0.00661786
2236	0.801378	0.60512	-0.45226	0.00784428
2237	0.803186	0.595871	-0.425733	0.007822
2238	0.813315	0.610854	-0.443207	0.00910609
2239	0.830773	0.619553	-0.448675	0.00793108
2240	0.842365	0.616573	-0.43628	0.00882155
2241	0.823442	0.604937	-0.444604	0.00738426
2242	0.833907	0.604652	-0.432701	0.00967637
2243	0.822647	0.608528	-0.447195	0.00774525
2244	0.838189	0.612897	-0.444416	0.00914659
2245	0.837875	0.604962	-0.429009	0.0098238
2246	0.828597	0.611766	-0.448389	0.00734411
2247	0.812208	0.627311	-0.449477	0.00917922
2248	0.804362	0.615035	-0.439761	0.00884101
2249	0.791786	0.622559	-0.452645	0.00783518
2250	0.785126	0.6101	-0.431249	0.00743907
2251	0.779931	0.626227	-0.450832	0.00653806
2252	0.792388	0.612442	-0.442922	0.00679655
2253	0.802693	0.59972	-0.443989	0.00823032
2254	0.814416	0.607424	-0.44712	0.00915942
2255	0.799947	0.61871	-0.434352	0.00959759
2256	0.794973	0.6195	-0.437882	0.00760327
2257	0.784772	0.635936	-0.42903	0.0101115
2258	0.772046	0.628948	-0.442079	0.0072497
2259	0.774367	0.644861	-0.427832	0.0115565
2260	0.783438	0.639611	-0.429111	0.0141181
2261	0.778173	0.6367	-0.443722	0.0104881
2262	0.792919	0.646252	-0.431719	0.00894401
2263	0.805587	0.646743	-0.436371	0.0115698
2264	0.809284	0.642961	-0.453081	0.00789662
2265	0.815177	0.629128	-0.455526	0.00621051
2266	0.816267	0.630489	-0.427021	0.0201242
2267	0.810809	0.621757	-0.444483	0.00928663
2268	0.821174	0.623908	-0.446032	0.00870286
2269	0.806301	0.62973	-0.435561	0.0102862
2270	0.815093	0.630454	-0.438692	0.0083689
2271	0.800183	0.614748	-0.446292	0.00720973
2272	0.801552	0.615019	-0.443696	0.00649201
2273	0.814229	0.613125	-0.429414	0.0081353
2274	0.807024	0.619488	-0.45168	0.00716304
2275	0.791401	0.621464	-0.449552	0.0080498
2276	0.79008	0.624101	-0.445997	0.00821588
2277	0.803518	0.611671	-0.451992	0.00704056
2278	0.789019	0.594939	-0.448085	0.00799575
2279	0.792586	0.602785	-0.446357	0.00802361
2280	0.798394	0.588862	-0.436063	0.00732982
2281	0.804852	0.595863	-0.446941	0.00871188
2282	0.811894	0.613364	-0.435319	0.00848775
2283	0.823813	0.608886	-0.433996	0.00975958
2284	0.825499	0.613788	-0.448269	0.00932443
2285	0.809141	0.618683	-0.458846	0.00635453
2286	0.816079	0.6288	-0.443236	0.00858748
2287	0.805699	0.634581	-0.436812	0.0123842
2288	0.797054	0.643441	-0.434668	0.0087475
2289	0.788075	0.648292	-0.427875	0.00715277
2290	0.799861	0.655608	-0.410277	0.0134937
2291	0.807052	0.644503	-0.442565	0.00816421
2292	0.792221	0.63452	-0.440914	0.00924335
2293	0.783953	0.622119	-0.438934	0.0082478
2294	0.787701	0.611201	-0.448018	0.00736767
2295	0.778499	0.599689	-0.434969	0.0088947
2296	0.785489	0.598685	-0.449285	0.00823321
2297	0.774381	0.609823	-0.444014	0.00743461
2298	0.786101	0.614873	-0.433882	0.0077359
2299	0.785782	0.621436	-0.449111	0.00682752
2300	0.771328	0.618983	-0.438308	0.00763359
2301	0.776323	0.611454	-0.439221	0.0060841
2302	0.770094	0.600112	-0.441999	0.0085933
2303	0.777483	0.597268	-0.441475	0.00773446
2304	0.767084	0.582675	-0.42907	0.00942435
2305	0.75618	0.592153	-0.415544	0.00786626
2306	0.762674	0.603071	-0.447998	0.00841075
2307	0.764201	0.606099	-0.440882	0.00713086
2308	0.772645	0.622521	-0.446818	0.00788206
2309	0.774463	0.632361	-0.42796	0.0115617
2310	0.765558	0.63403	-0.447596	0.00614423
2311	0.757799	0.620056	-0.430075	0.00676356
2312	0.765663	0.615574	-0.449275	0.00760245
2313	0.771721	0.631077	-0.453573	0.00811857
2314	0.781231	0.631246	-0.442179	0.00703726
2315	0.794235	0.635274	-0.44287	0.00872928
2316	0.782449	0.640562	-0.447109	0.00797994
2317	0.790899	0.632351	-0.434791	0.0131337
2318	0.803167	0.64147	-0.442093	0.00930763
2319	0.819844	0.632399	-0.418798	0.0113766
2320	0.820027	0.625664	-0.445468	0.00797493
2321	0.806214	0.617044	-0.45601	0.0106403
2322	0.820041	0.603535	-0.459149	0.00687044
2323	0.818836	0.613178	-0.437557	0.00908199
2324	0.819071	0.614331	-0.446387	0.00821231
2325	0.822891	0.609454	-0.442203	0.00788356
2326	0.815217	0.621821	-0.440239	0.00785501
2327	0.800358	0.630496	-0.423877	0.00992666
2328	0.802575	0.628313	-0.453352	0.00860096
2329	0.816659	0.618227	-0.442251	0.0083888
2330	0.827249	0.616835	-0.44573	0.00906319
2331	0.823527	0.615086	-0.424019	0.00948173
2332	0.823259	0.623117	-0.449723	0.00771339
2333	0.821349	0.635857	-0.44524	0.00835608
2334	0.813993	0.622084	-0.450541	0.00813828
2335	0.815147	0.633523	-0.439298	0.0100792
2336	0.81804	0.624937	-0.454447	0.00694499
2337	0.824149	0.622772	-0.45729	0.00605901
2338	0.836435	0.612093	-0.441951	0.00794515
2339	0.822202	0.610591	-0.456411	0.00678971
2340	0.80636	0.599787	-0.446425	0.00888131
2341	0.818778	0.606452	-0.440972	0.00976899
2342	0.804336	0.611812	-0.45493	0.00716187
2343	0.801701	0.617103	-0.452872	0.008386
2344	0.816572	0.623955	-0.458505	0.0068619
2345	0.816474	0.613928	-0.448291	0.00649081
2346	0.809945	0.614622	-0.447894	0.00775926
2347	0.798543	0.628836	-0.444678	0.0126471
2348	0.787296	0.636625	-0.443072	0.00837583
2349	0.789836	0.629316	-0.440765	0.00848808
2350	0.775843	0.619264	-0.438015	0.00893396
2351	0.782403	0.616244	-0.445374	0.00651183
2352	0.791371	0.613612	-0.448254	0.00937263
2353	0.804956	0.606537	-0.450751	0.00861684
2354	0.79259	0.620703	-0.468971	0.00608301
2355	0.785234	0.626665	-0.437344	0.00929847
2356	0.798602	0.639278	-0.451664	0.00828648
2357	0.802901	0.647965	-0.447559	0.00647826
2358	0.798281	0.641309	-0.437601	0.0117133
2359	0.798005	0.629121	-0.447934	0.0096969
2360	0.804051	0.625292	-0.43792	0.0077452
2361	0.800322	0.618503	-0.436069	0.00814009
2362	0.802041	0.60466	-0.45308	0.00787296
2363	0.803085	0.601135	-0.443138	0.00825713
2364	0.800342	0.603915	-0.444817	0.00790805
2365	0.808311	0.594586	-0.439459	0.00891151
2366	0.819597	0.603035	-0.445042	0.00812782
2367	0.813696	0.596806	-0.435785	0.00730911
2368	0.824315	0.601528	-0.448484	0.00708568
2369	0.830706	0.609906	-0.441754	0.008317
2370	0.832665	0.614218	-0.450356	0.00726466
2371	0.831746	0.609911	-0.430067	0.00850131
2372	0.819956	0.620452	-0.452284	0.0074211
2373	0.826006	0.617287	-0.429999	0.0116332
2374	0.815413	0.604788	-0.450537	0.00767165
2375	0.814571	0.610003	-0.418981	0.00945901
2376	0.820122	0.608466	-0.443614	0.0085692
2377	0.807305	0.622383	-0.440379	0.00680583
2378	0.815105	0.627395	-0.449476	0.00622633
2379	0.824435	0.621797	-0.441276	0.00855958
2380	0.827705	0.612194	-0.436808	0.0113714
2381	0.824723	0.618794	-0.455577	0.0073315
2382	0.821928	0.633793	-0.450746	0.00778302
2383	0.83714	0.625499	-0.423408	0.00922385
2384	0.831463	0.614077	-0.447231	0.00920718
2385	0.825717	0.627158	-0.443069	0.00728028
2386	0.814223	0.624934	-0.458595	0.00748785
2387	0.8133	0.620523	-0.447936	0.00691318
2388	0.801636	0.620392	-0.447889	0.00663907
2389	0.810364	0.623991	-0.440774	0.00877926
2390	0.80667	0.610496	-0.439711	0.00763075
2391	0.819413	0.624597	-0.438052	0.0114957
2392	0.80501	0.609598	-0.455475	0.00716686
2393	0.803403	0.598082	-0.444287	0.0076508
2394	0.815062	0.599732	-0.459378	0.0078368
2395	0.816219	0.612788	-0.440603	0.00770532
2396	0.809788	0.60431	-0.430861	0.00793784
2397	0.799837	0.617441	-0.447563	0.014507
2398	0.792397	0.622428	-0.440364	0.00835845
2399	0.796209	0.620171	-0.444296	0.00622705
2400	0.810184	0.620967	-0.446307	0.00854753
2401	0.821913	0.612945	-0.45068	0.00900666
2402	0.818666	0.615732	-0.453044	0.00671311
2403	0.832629	0.625452	-0.449063	0.00669472
2404	0.833738	0.635841	-0.429733	0.00939234
2405	0.825385	0.636485	-0.457548	0.00763618
2406	0.825013	0.642247	-0.438597	0.00754236
2407	0.819029	0.629822	-0.436924	0.00858914
2408	0.811418	0.62777	-0.449599	0.00762501
2409	0.797882	0.616673	-0.447835	0.00809675
2410	0.795117	0.609301	-0.449622	0.00912211
2411	0.788729	0.616435	-0.451241	0.00719088
2412	0.79838	0.603767	-0.451535	0.00775232
2413	0.804241	0.613978	-0.439588	0.00814993
2414	0.798904	0.60335	-0.440587	0.00680591
2415	0.788478	0.617747	-0.441184	0.00735862
2416	0.803137	0.606545	-0.437024	0.00847684
2417	0.804695	0.595703	-0.441301	0.00785529
2418	0.801711	0.610081	-0.444745	0.00819175
2419	0.810309	0.615133	-0.449125	0.0071609
2420	0.809609	0.626337	-0.443539	0.00730878
2421	0.820868	0.632169	-0.434965	0.00915247
2422	0.834387	0.621572	-0.433417	0.0101339
2423	0.819598	0.608274	-0.438634	0.00801002
2424	0.804996	0.611811	-0.450352	0.00678672
2425	0.801181	0.619774	-0.454443	0.00617784
2426	0.813864	0.630058	-0.445246	0.00733301
2427	0.812192	0.638932	-0.439448	0.0075724
2428	0.819888	0.645066	-0.445811	0.00813384
2429	0.82071	0.634471	-0.465608	0.00711286
2430	0.80872	0.620166	-0.451932	0.00856568
2431	0.800381	0.610649	-0.441549	0.00742531
2432	0.789383	0.610467	-0.44789	0.00731056
2433	0.789284	0.606844	-0.442199	0.00813554
2434	0.795906	0.621323	-0.453386	0.00579533
2435	0.79899	0.624338	-0.444469	0.00683345
2436	0.788521	0.629	-0.454177	0.00532731
2437	0.793082	0.616278	-0.440323	0.00807803
2438	0.791191	0.625111	-0.452701	0.00923706
2439	0.797888	0.622592	-0.440031	0.00893006
2440	0.79316	0.612812	-0.426974	0.00741678
2441	0.778454	0.617872	-0.430708	0.00611003
2442	0.772452	0.605117	-0.447724	0.00788721
2443	0.76376	0.61984	-0.444886	0.00574683
2444	0.761456	0.627482	-0.444127	0.00734002
2445	0.769475	0.613599	-0.434605	0.00781558
2446	0.757179	0.619362	-0.43649	0.0068465
2447	0.765175	0.621854	-0.432908	0.00790595
2448	0.761289	0.629909	-0.437109	0.00847286
2449	0.772511	0.632167	-0.434675	0.00773891
2450	0.766923	0.622165	-0.427937	0.00994419
2451	0.781641	0.633231	-0.442603	0.00781541
2452	0.780493	0.628089	-0.444676	0.00769612
2453	0.792108	0.614803	-0.44268	0.00677327
2454	0.796415	0.611931	-0.449604	0.00723471
2455	0.792719	0.603192	-0.438228	0.00866441
2456	0.805007	0.611628	-0.452068	0.00675772
2457	0.798896	0.620016	-0.448804	0.00824867
2458	0.78501	0.607978	-0.454473	0.00853542
2459	0.794709	0.620315	-0.449655	0.00870901
2460	0.799351	0.629812	-0.437395	0.00943502
2461	0.787906	0.627313	-0.45135	0.0088594
2462	0.785295	0.620192	-0.445177	0.00845097
2463	0.799105	0.609128	-0.45752	0.00858302
2464	0.802731	0.61778	-0.439058	0.00842459
2465	0.791273	0.608437	-0.447951	0.00755292
2466	0.805559	0.611949	-0.441711	0.00657522
2467	0.791122	0.615337	-0.445351	0.00831612
2468	0.789834	0.608318	-0.448941	0.00859834
2469	0.77973	0.622231	-0.441814	0.00754363
2470	0.789794	0.619427	-0.439613	0.00768905
2471	0.77927	0.619824	-0.439907	0.00659413
2472	0.78152	0.613855	-0.445013	0.00838842
2473	0.775174	0.615602	-0.451085	0.00629278
2474	0.775525	0.615361	-0.451264	0.00658237
2475	0.76981	0.62241	-0.443267	0.0070217
2476	0.754515	0.614424	-0.435039	0.00900994
2477	0.760349	0.616519	-0.43817	0.00720326
2478	0.757092	0.61968	-0.441882	0.00731098
2479	0.767649	0.63323	-0.44093	0.00893766
2480	0.766617	0.619396	-0.436655	0.00738855
2481	0.779702	0.612458	-0.448438	0.00724669
2482	0.787221	0.617766	-0.439819	0.00881838
2483	0.799635	0.632017	-0.445902	0.007107
2484	0.792898	0.627729	-0.438687	0.0109241
2485	0.793919	0.626863	-0.446951	0.00757131
2486	0.793331	0.616936	-0.449079	0.00749631
2487	0.786615	0.608697	-0.448429	0.0101804
2488	0.799309	0.619796	-0.445828	0.00657093
2489	0.811969	0.605742	-0.436117	0.00821368
2490	0.811808	0.606842	-0.440524	0.00904513
2491	0.803796	0.612013	-0.442436	0.00772476
2492	0.794784	0.61797	-0.450981	0.00715781
2493	0.807069	0.613695	-0.450528	0.00847927
2494	0.812644	0.599997	-0.437867	0.00760157
2495	0.814148	0.610233	-0.434864	0.00678038
2496	0.806839	0.606093	-0.435994	0.00961889
2497	0.81216	0.616019	-0.457069	0.00749402
2498	0.821092	0.613666	-0.444149	0.00866915
2499	0.828553	0.616576	-0.43866	0.00839355
2500	0.817479	0.609566	-0.440818	0.0081491
2501	0.809241	0.615958	-0.428903	0.00947283
2502	0.825638	0.603755	-0.437945	0.0133607
2503	0.811534	0.617568	-0.448545	0.00762309
2504	0.802986	0.622873	-0.436064	0.00717136
2505	0.787082	0.607446	-0.427435	0.00871026
2506	0.794929	0.600634	-0.444709	0.00702316
2507	0.79443	0.615907	-0.431383	0.00882281
2508	0.780538	0.598292	-0.428028	0.00813459
2509	0.788314	0.59687	-0.435555	0.00856183
2510	0.772468	0.600562	-0.428747	0.00913157
2511	0.788449	0.611261	-0.439678	0.007502
2512	0.794474	0.623909	-0.441986	0.0124769
2513	0.811644	0.607841	-0.450251	0.00792412
2514	0.817257	0.600232	-0.431749	0.00982395
2515	0.809734	0.608631	-0.460944	0.0062445
2516	0.808311	0.602155	-0.44371	0.00726106
2517	0.80861	0.605931	-0.449383	0.00929241
2518	0.81539	0.615463	-0.434203	0.00969501
2519	0.810867	0.596927	-0.456325	0.00841709
2520	0.812307	0.592999	-0.437651	0.00901409
2521	0.823821	0.583682	-0.443571	0.00895292
2522	0.841515	0.599031	-0.446892	0.00759849
2523	0.841943	0.614163	-0.445165	0.00861152
2524	0.858064	0.621239	-0.424936	0.0107492
2525	0.853733	0.62992	-0.431044	0.0103918
2526	0.845073	0.629212	-0.427917	0.0118878
2527	0.834708	0.624504	-0.449564	0.00870758
2528	0.834964	0.614981	-0.434437	0.00836172
2529	0.844882	0.631306	-0.42765	0.0108107
2530	0.85682	0.618254	-0.432498	0.00908965
2531	0.851462	0.608521	-0.423657	0.00632214
2532	0.840297	0.597229	-0.434825	0.00859473
2533	0.833715	0.58202	-0.422381	0.0100831
2534	0.84813	0.595645	-0.436948	0.0100577
2535	0.834666	0.601295	-0.436062	0.00808236
2536	0.837724	0.617076	-0.439466	0.0134038
2537	0.838514	0.60215	-0.434427	0.00784764
2538	0.849754	0.60979	-0.445098	0.00834531
2539	0.837285	0.620751	-0.444336	0.00951412
2540	0.827498	0.633842	-0.435196	0.0112269
2541	0.837326	0.620636	-0.449143	0.0096027
2542	0.834143	0.635053	-0.440066	0.0104218
2543	0.824596	0.624431	-0.443548	0.00820963
2544	0.811021	0.629037	-0.445498	0.00818035
2545	0.818375	0.614002	-0.436689	0.00715029
2546	0.823451	0.610704	-0.44167	0.00732846
2547	0.837109	0.598846	-0.430378	0.00982575
2548	0.851708	0.603567	-0.432499	0.00773012
2549	0.853412	0.599286	-0.423626	0.0098152
2550	0.857515	0.610696	-0.424316	0.0127981
2551	0.850587	0.600898	-0.43446	0.00757982
2552	0.836075	0.603165	-0.433863	0.00881156
2553	0.831868	0.608092	-0.438675	0.00932937
2554	0.831046	0.615659	-0.455314	0.00733762
2555	0.814721	0.616205	-0.444572	0.00952051
2556	0.821156	0.619737	-0.446409	0.00715542
2557	0.818208	0.606186	-0.444168	0.0091907
2558	0.812167	0.594191	-0.437294	0.00874807
2559	0.815647	0.597916	-0.452187	0.0077464
2560	0.814304	0.616273	-0.428819	0.0104289
2561	0.80898	0.621375	-0.431728	0.00972781
2562	0.801029	0.607316	-0.454698	0.00699732
2563	0.812005	0.597266	-0.444554	0.00877654
2564	0.822975	0.601425	-0.440377	0.00841295
2565	0.807069	0.603521	-0.447697	0.00720304
2566	0.79434	0.617368	-0.435674	0.00890171
2567	0.799653	0.607197	-0.432035	0.00880133
2568	0.786986	0.622184	-0.447405	0.00624707
2569	0.805318	0.624945	-0.437415	0.00824192
2570	0.788669	0.622289	-0.461866	0.00612183
2571	0.782039	0.620107	-0.445314	0.00867311
2572	0.797926	0.604518	-0.445487	0.00750896
2573	0.792487	0.608171	-0.43143	0.00852009
2574	0.788604	0.593778	-0.446185	0.00912964
2575	0.78219	0.612129	-0.442434	0.00862849
2576	0.77817	0.620996	-0.445041	0.00977351
2577	0.779802	0.615079	-0.435205	0.00803949
2578	0.766875	0.600938	-0.440702	0.00784575
2579	0.783805	0.610126	-0.41841	0.0164952
2580	0.784835	0.600951	-0.451249	0.00757496
2581	0.795588	0.589466	-0.414443	0.0183176
2582	0.782829	0.595949	-0.424173	0.0165848
2583	0.783352	0.612687	-0.450598	0.00764613
2584	0.771946	0.624328	-0.447633	0.00643819
2585	0.760126	0.610481	-0.456274	0.00678792
2586	0.774152	0.603809	-0.441368	0.00694852
2587	0.791941	0.607037	-0.448323	0.00820636
2588	0.797622	0.606487	-0.432104	0.00807784
2589	0.784661	0.624382	-0.445196	0.0114174
2590	0.789733	0.614083	-0.447857	0.00565407
2591	0.807099	0.617663	-0.428619	0.0102669
2592	0.789667	0.60617	-0.434796	0.0080645
2593	0.776398	0.613386	-0.436077	0.0114597
2594	0.779973	0.619096	-0.454527	0.00702684
2595	0.791471	0.624698	-0.439481	0.00874289
2596	0.795545	0.608596	-0.428108	0.00873105
2597	0.778744	0.599007	-0.442915	0.00820515
2598	0.792837	0.612454	-0.449246	0.0086187
2599	0.802653	0.606502	-0.450877	0.0067598
2600	0.80428	0.613836	-0.441827	0.00821953
2601	0.807922	0.616705	-0.442289	0.00664286
2602	0.820177	0.601844	-0.431845	0.00756234
2603	0.823673	0.610663	-0.445797	0.00792427
2604	0.831334	0.60213	-0.439342	0.00835291
2605	0.82258	0.60442	-0.444221	0.0113838
2606	0.828842	0.61705	-0.43862	0.00898995
2607	0.832013	0.631218	-0.447942	0.00800614
2608	0.821538	0.612979	-0.451167	0.00865692
2609	0.806447	0.623331	-0.449216	0.00640242
2610	0.810678	0.624326	-0.448106	0.00566056
2611	0.799661	0.639326	-0.432577	0.00812207
2612	0.813266	0.622627	-0.443245	0.00949145
2613	0.818949	0.637561	-0.432163	0.0111365
2614	0.809849	0.626723	-0.435159	0.0117027
2615	0.823215	0.619427	-0.437341	0.0113303
2616	0.811409	0.604017	-0.435929	0.0103805
2617	0.823038	0.599402	-0.437013	0.00805497
2618	0.833042	0.605123	-0.439459	0.00901226
2619	0.81738	0.621098	-0.447215	0.00706649
2620	0.823452	0.609416	-0.449624	0.0077281
2621	0.814307	0.621443	-0.434777	0.008139
2622	0.81343	0.637609	-0.441319	0.0083472
2623	0.815509	0.63997	-0.442441	0.0100104
2624	0.829746	0.646416	-0.427848	0.0117857
2625	0.828239	0.654518	-0.42741	0.00907091
2626	0.833316	0.646904	-0.417666	0.0112291
2627	0.820691	0.647683	-0.440469	0.0107315
2628	0.822953	0.643575	-0.455378	0.00693769
2629	0.827357	0.629348	-0.447188	0.00865824
2630	0.823829	0.618182	-0.443585	0.00910819
2631	0.830969	0.629382	-0.439222	0.0152685
2632	0.818408	0.622181	-0.432894	0.00995991
2633	0.811775	0.63318	-0.451103	0.00736044
2634	0.818024	0.628338	-0.422194	0.0127837
2635	0.804057	0.625416	-0.4242	0.0109648
2636	0.797778	0.615612	-0.434675	0.00726175
2637	0.802305	0.601162	-0.442821	0.00888915
2638	0.79888	0.615013	-0.454063	0.00709283
2639	0.805958	0.601034	-0.441293	0.00758047
2640	0.817352	0.614345	-0.443005	0.00972636
2641	0.807184	0.615812	-0.435509	0.0118365
2642	0.807357	0.604928	-0.457727	0.00739145
2643	0.80639	0.613681	-0.443821	0.00788536
2644	0.795785	0.6039	-0.45427	0.00623416
2645	0.786826	0.604216	-0.441707	0.00924331
2646	0.776674	0.611387	-0.451743	0.00610985
2647	0.781449	0.613208	-0.452662	0.00727101
2648	0.78779	0.61869	-0.453761	0.00698688
2649	0.773247	0.619656	-0.447271	0.00591088
2650	0.759112	0.618043	-0.429278	0.00725529
2651	0.77351	0.612319	-0.44494	0.00660499
2652	0.759949	0.617928	-0.448864	0.00737986
2653	0.762208	0.616186	-0.431433	0.00734648
2654	0.771628	0.604534	-0.438624	0.00816007
2655	0.779683	0.616049	-0.427687	0.00778327
2656	0.781717	0.609898	-0.436841	0.00832516
2657	0.769575	0.619303	-0.439172	0.00768
2658	0.782899	0.614357	-0.439828	0.0100516
2659	0.7845	0.615994	-0.452375	0.00799501
2660	0.79944	0.602729	-0.44339	0.00791986
2661	0.79015	0.605521	-0.436241	0.00770782
2662	0.779928	0.610491	-0.443213	0.00672292
2663	0.781142	0.60874	-0.459471	0.00673299
2664	0.773938	0.616833	-0.438315	0.00732323
2665	0.778984	0.617143	-0.455239	0.00657717
2666	0.792619	0.611089	-0.443561	0.00754799
2667	0.797092	0.626558	-0.441128	0.00948597
2668	0.787311	0.6288	-0.453857	0.00584081
2669	0.799267	0.61634	-0.44906	0.00669315
2670	0.793535	0.626301	-0.446824	0.00687026
2671	0.778638	0.622632	-0.44279	0.00857605
2672	0.774204	0.624105	-0.443754	0.00783401
2673	0.780795	0.62226	-0.442219	0.00787638
2674	0.783893	0.609376	-0.437365	0.00731468
2675	0.794522	0.600812	-0.448474	0.00897835
2676	0.794262	0.594212	-0.460008	0.00770155
2677	0.791809	0.596727	-0.441395	0.00808681
2678	0.780552	0.604454	-0.43123	0.00738972
2679	0.775089	0.597728	-0.446963	0.0098115
2680	0.767842	0.5935	-0.447704	0.00789823
2681	0.765675	0.595736	-0.43805	0.00745061
2682	0.758598	0.592109	-0.430872	0.00813526
2683	0.768333	0.591344	-0.424308	0.00911746
2684	0.779066	0.602245	-0.442429	0.00978034
2685	0.774499	0.597426	-0.437026	0.00796067
2686	0.778253	0.606337	-0.444148	0.0086405
2687	0.787965	0.607321	-0.449372	0.00895456
2688	0.80058	0.616841	-0.448375	0.00726566
2689	0.812342	0.623041	-0.443061	0.00864651
2690	0.827833	0.613678	-0.435786	0.00876183
2691	0.823141	0.616892	-0.43453	0.00929272
2692	0.82057	0.627868	-0.450836	0.00816947
2693	0.823583	0.64189	-0.436728	0.00894858
2694	0.814984	0.635557	-0.430086	0.00882653
2695	0.805545	0.629265	-0.444449	0.0118576
2696	0.811271	0.634698	-0.44817	0.00831237
2697	0.814532	0.631595	-0.446937	0.0109008
2698	0.805534	0.62519	-0.445248	0.00965213
2699	0.797043	0.616397	-0.449625	0.00648168
2700	0.793828	0.617477	-0.437458	0.00713608
2701	0.795742	0.614137	-0.438621	0.00947398
2702	0.799191	0.622343	-0.452163	0.00574568
2703	0.799066	0.618751	-0.437004	0.0088597
2704	0.809804	0.618951	-0.445161	0.00726496
2705	0.820169	0.622137	-0.446439	0.00907624
2706	0.81579	0.614871	-0.43263	0.0093781
2707	0.81064	0.618413	-0.450068	0.00817213
2708	0.820396	0.620111	-0.446548	0.00770717
2709	0.813341	0.624189	-0.454706	0.00721458
2710	0.817702	0.614463	-0.449023	0.00673774
2711	0.821748	0.613362	-0.447537	0.0079291
2712	0.81187	0.621094	-0.450193	0.00703457
2713	0.812759	0.609717	-0.429841	0.00839484
2714	0.801701	0.603411	-0.458144	0.00741021
2715	0.798434	0.610879	-0.455596	0.00689778
2716	0.802103	0.601286	-0.445189	0.00991272
2717	0.795632	0.599062	-0.425863	0.00838465
2718	0.806852	0.607422	-0.445406	0.00815043
2719	0.811346	0.614806	-0.447309	0.0070381
2720	0.812791	0.611532	-0.443528	0.00850854
2721	0.808602	0.615412	-0.45	0.0104246
2722	0.809351	0.626109	-0.437259	0.00795406
2723	0.807524	0.62206	-0.441641	0.00830566
2724	0.803749	0.623506	-0.442105	0.0067858
2725	0.792948	0.622034	-0.441056	0.00795613
2726	0.804125	0.624063	-0.431442	0.00770423
2727	0.814754	0.613024	-0.422631	0.0193764
2728	0.822143	0.608828	-0.44372	0.00991368
2729	0.830423	0.616071	-0.434879	0.0090291
2730	0.822332	0.627399	-0.430326	0.0125126
2731	0.825343	0.630533	-0.441029	0.00995021
2732	0.82336	0.625909	-0.437134	0.00794132
2733	0.81452	0.617875	-0.440572	0.0126448
2734	0.812632	0.611247	-0.431051	0.00908977
2735	0.801503	0.60275	-0.445312	0.00834071
2736	0.811012	0.606427	-0.422696	0.00902174
2737	0.801854	0.612447	-0.432636	0.0085862
2738	0.79786	0.621463	-0.455982	0.00648191
2739	0.793379	0.633863	-0.448879	0.00602261
2740	0.801622	0.630355	-0.442804	0.00803294
2741	0.79286	0.618356	-0.439692	0.00880236
2742	0.7949	0.617123	-0.460914	0.00700633
2743	0.793567	0.624189	-0.438443	0.00872315
2744	0.805955	0.624235	-0.425908	0.013228
2745	0.797239	0.635382	-0.449041	0.007913
2746	0.809742	0.638267	-0.450583	0.00750706
2747	0.814299	0.631058	-0.424601	0.00910375
2748	0.824281	0.61865	-0.435587	0.0105804
2749	0.836737	0.63042	-0.425888	0.0113962
2750	0.835799	0.633292	-0.447985	0.00864779
2751	0.825668	0.643186	-0.437695	0.0100875
2752	0.830131	0.637491	-0.439367	0.0161781
2753	0.84074	0.627788	-0.440117	0.0102491
2754	0.837702	0.639904	-0.437381	0.010898
2755	0.849767	0.634879	-0.41771	0.0115208
2756	0.852295	0.622605	-0.427858	0.00884746
2757	0.858636	0.632016	-0.435642	0.00985606
2758	0.852616	0.627938	-0.418807	0.0110212
2759	0.851443	0.617626	-0.445757	0.00714017
2760	0.842733	0.62773	-0.445268	0.00784286
2761	0.828911	0.627722	-0.433366	0.00856815
2762	0.833851	0.635432	-0.427947	0.00862216
2763	0.839152	0.622016	-0.428563	0.0114383
2764	0.829899	0.612942	-0.438803	0.00869939
2765	0.819169	0.617027	-0.449746	0.0076915
2766	0.808516	0.62163	-0.445508	0.00867233
2767	0.820529	0.626563	-0.438616	0.00741125
2768	0.816184	0.626153	-0.428963	0.0114069
2769	0.808994	0.613283	-0.430027	0.0126606
2770	0.808751	0.615042	-0.44506	0.00769752
2771	0.817719	0.611181	-0.440125	0.00813776
2772	0.829555	0.622063	-0.439016	0.00878152
2773	0.824099	0.61899	-0.419852	0.00972668
2774	0.813737	0.624947	-0.44321	0.00842638
2775	0.824731	0.630184	-0.420542	0.0146656
2776	0.810576	0.630506	-0.438424	0.0151697
2777	0.799074	0.632619	-0.430683	0.00998959
2778	0.795545	0.627167	-0.4437	0.0081438
2779	0.807566	0.621031	-0.447474	0.00704536
2780	0.795607	0.623366	-0.443164	0.0073905
2781	0.806691	0.623899	-0.446771	0.00837972
2782	0.801856	0.626289	-0.436757	0.014571
2783	0.794203	0.613094	-0.430445	0.00906115
2784	0.806929	0.61092	-0.450229	0.00791016
2785	0.801142	0.61213	-0.439992	0.007539
2786	0.807135	0.614949	-0.430885	0.00831056
2787	0.810676	0.621158	-0.439494	0.00823498
2788	0.799947	0.617681	-0.432805	0.00833148
2789	0.803458	0.608365	-0.453748	0.00692123
2790	0.811734	0.595479	-0.428961	0.00954485
2791	0.823556	0.604996	-0.45372	0.00874592
2792	0.813133	0.603895	-0.459986	0.00757674
2793	0.808624	0.614829	-0.428974	0.00764255
2794	0.819744	0.612805	-0.435762	0.0101514
2795	0.824886	0.602808	-0.409402	0.0145421
2796	0.813892	0.592879	-0.440896	0.0082334
2797	0.805282	0.597412	-0.435383	0.00822568
2798	0.813461	0.59993	-0.456233	0.00812139
2799	0.808219	0.594866	-0.449697	0.00813151
2800	0.803661	0.588741	-0.437718	0.0094062
2801	0.795953	0.588173	-0.438893	0.00749144
2802	0.806439	0.581084	-0.433421	0.00957539
2803	0.810883	0.574642	-0.429119	0.0098556
2804	0.815449	0.582181	-0.44805	0.00927247
2805	0.802212	0.577637	-0.438359	0.0106575
2806	0.80687	0.582336	-0.453068	0.00918601
2807	0.794915	0.588222	-0.439065	0.00838403
2808	0.803542	0.600282	-0.419676	0.0119717
2809	0.788495	0.612225	-0.435695	0.00711025
2810	0.800769	0.611573	-0.446134	0.00750948
2811	0.813496	0.598527	-0.448426	0.00695622
2812	0.819012	0.599901	-0.441168	0.00880505
2813	0.829295	0.603773	-0.438381	0.00885986
2814	0.814266	0.606773	-0.437445	0.00910686
2815	0.809813	0.598163	-0.439149	0.00842823
2816	0.802436	0.60675	-0.436665	0.00956426
2817	0.789707	0.614357	-0.457967	0.00652669
2818	0.800835	0.621701	-0.439598	0.0087068
2819	0.792151	0.606069	-0.451477	0.00755235
2820	0.804716	0.598564	-0.44776	0.00800611
2821	0.798355	0.612409	-0.453708	0.00649085
2822	0.788637	0.613713	-0.444281	0.00795485
2823	0.794032	0.60572	-0.436933	0.00779172
2824	0.78627	0.607451	-0.440779	0.00778673
2825	0.791604	0.618511	-0.425553	0.00970304
2826	0.79248	0.629869	-0.456743	0.0077125
2827	0.789779	0.638832	-0.448611	0.00651628
2828	0.790065	0.637427	-0.439001	0.0128585
2829	0.801381	0.630332	-0.443018	0.0100876
2830	0.796049	0.616787	-0.43302	0.00736221
2831	0.788602	0.628226	-0.445128	0.00944544
2832	0.776284	0.614237	-0.452914	0.00645625
2833	0.776199	0.610595	-0.445302	0.00673922
2834	0.776246	0.611606	-0.434323	0.00748008
2835	0.780847	0.606303	-0.425392	0.00793797
2836	0.773758	0.592685	-0.459345	0.00827233
2837	0.782119	0.604433	-0.420728	0.00816701
2838	0.791232	0.598988	-0.446202	0.00738029
2839	0.79941	0.603255	-0.441188	0.00755067
2840	0.789215	0.593333	-0.437387	0.00753644
2841	0.782991	0.594591	-0.438598	0.00875612
2842	0.770189	0.598448	-0.437585	0.00837375
2843	0.7736	0.593542	-0.446481	0.00785181
2844	0.785809	0.588067	-0.448355	0.00894406
2845	0.785147	0.593458	-0.428862	0.00850581
2846	0.786201	0.588981	-0.438469	0.00994447
2847	0.791599	0.600018	-0.44378	0.00723661
2848	0.7839	0.60047	-0.445863	0.00822446
2849	0.772233	0.597843	-0.441459	0.00827123
2850	0.785238	0.611747	-0.451727	0.00649695
2851	0.788946	0.611622	-0.458546	0.0069173
2852	0.783431	0.609596	-0.444471	0.00750112
2853	0.781531	0.60901	-0.436929	0.0129658
2854	0.77407	0.618276	-0.445427	0.00757307
2855	0.774968	0.621583	-0.442937	0.00920958
2856	0.775499	0.624495	-0.445887	0.00707421
2857	0.787086	0.613347	-0.448287	0.00777433
2858	0.787683	0.613381	-0.442549	0.0078961
2859	0.79885	0.617541	-0.460794	0.00691598
2860	0.792597	0.620962	-0.452282	0.00707139
2861	0.78285	0.612644	-0.436289	0.0148463
2862	0.794301	0.613447	-0.447731	0.0065926
2863	0.783558	0.61285	-0.439765	0.00657423
2864	0.783459	0.609657	-0.426342	0.0109338
2865	0.782162	0.606823	-0.432862	0.0083948
2866	0.792756	0.599119	-0.454949	0.00761622
2867	0.786978	0.595344	-0.438272	0.00743333
2868	0.785527	0.591549	-0.448137	0.0098524
2869	0.787869	0.591167	-0.441765	0.00868938
2870	0.798097	0.599081	-0.44433	0.00786964
2871	0.792708	0.607089	-0.426495	0.00872051
2872	0.804003	0.598637	-0.434265	0.0108159
2873	0.801894	0.605459	-0.450167	0.00771831
2874	0.797625	0.594418	-0.443399	0.00959251
2875	0.792936	0.595224	-0.4528	0.00865768
2876	0.789262	0.598693	-0.448929	0.00809947
2877	0.798626	0.592653	-0.426922	0.00907338
2878	0.792102	0.60206	-0.45329	0.00702843
2879	0.802992	0.603612	-0.454493	0.0102918
2880	0.80264	0.602004	-0.446335	0.0092933
2881	0.811795	0.610163	-0.458875	0.00751028
2882	0.80187	0.60846	-0.447521	0.00696275
2883	0.799689	0.618267	-0.440336	0.00888713
2884	0.792446	0.627215	-0.437171	0.00712631
2885	0.78456	0.625097	-0.432777	0.00634903
2886	0.789245	0.631965	-0.440085	0.00778532
2887	0.778202	0.621995	-0.449044	0.00757486
2888	0.773969	0.616907	-0.43356	0.0101016
2889	0.779686	0.62799	-0.439112	0.0117197
2890	0.788286	0.617831	-0.44154	0.00847084
2891	0.794624	0.625744	-0.437467	0.00789985
2892	0.792025	0.623068	-0.448203	0.00780745
2893	0.803136	0.612766	-0.436958	0.0107795
2894	0.806778	0.62204	-0.447464	0.00806209
2895	0.799463	0.631977	-0.445934	0.0090643
2896	0.796986	0.62092	-0.440826	0.010918
2897	0.792764	0.612444	-0.452562	0.00696072
2898	0.797536	0.604319	-0.454665	0.00726407
2899	0.796634	0.592922	-0.447581	0.00720341
2900	0.787903	0.605463	-0.449408	0.00741453
2901	0.799778	0.613116	-0.443916	0.00774596
2902	0.795471	0.624766	-0.452833	0.00765628
2903	0.799665	0.6267	-0.44366	0.00772036
2904	0.810541	0.619398	-0.432141	0.00896575
2905	0.798607	0.612767	-0.44013	0.00708024
2906	0.809109	0.605122	-0.455066	0.00939293
2907	0.798222	0.617631	-0.439605	0.0103641
2908	0.796378	0.610867	-0.45652	0.00711857
2909	0.793771	0.608398	-0.446363	0.00730053
2910	0.797174	0.604609	-0.45597	0.00713808
2911	0.788387	0.614656	-0.454825	0.0070488
2912	0.795371	0.617269	-0.452844	0.00682203
2913	0.791049	0.618426	-0.435395	0.00744367
2914	0.779805	0.609732	-0.438753	0.0078667
2915	0.771165	0.609419	-0.433369	0.00871157
2916	0.777163	0.621777	-0.450738	0.0089045
2917	0.772618	0.61086	-0.45505	0.007256
2918	0.78336	0.610585	-0.446413	0.00646916
2919	0.781577	0.612548	-0.442512	0.00679361
2920	0.788639	0.614134	-0.439393	0.00886301
2921	0.784369	0.62117	-0.44399	0.0082216
2922	0.777139	0.61125	-0.435534	0.00634988
2923	0.783996	0.610775	-0.444564	0.00737698
2924	0.793372	0.612373	-0.447351	0.00818609
2925	0.781282	0.621649	-0.440016	0.0071392
2926	0.784265	0.634097	-0.436636	0.00943429
2927	0.785344	0.630881	-0.44534	0.00788457
2928	0.774546	0.631387	-0.433774	0.010426
2929	0.778758	0.62165	-0.457899	0.00674149
2930	0.782743	0.629391	-0.454947	0.00636405
2931	0.777149	0.623621	-0.448174	0.00793133
2932	0.778888	0.624222	-0.445636	0.00650726
2933	0.770954	0.631533	-0.426646	0.0084007
2934	0.77789	0.633281	-0.431788	0.011457
2935	0.779153	0.635278	-0.441348	0.00952995
2936	0.787075	0.637035	-0.431053	0.00919009
2937	0.79464	0.637088	-0.448536	0.00753217
2938	0.802549	0.625619	-0.441363	0.00628016
2939	0.805038	0.628249	-0.43148	0.00852997
2940	0.809972	0.637834	-0.4443	0.00961346
2941	0.820287	0.625923	-0.449727	0.00780681
2942	0.818398	0.633864	-0.440217	0.00850429
2943	0.827831	0.626242	-0.439438	0.00656229
2944	0.834269	0.627272	-0.434029	0.00898309
2945	0.840254	0.629325	-0.43695	0.00974736
2946	0.829638	0.631693	-0.435565	0.00784579
2947	0.837857	0.622112	-0.443622	0.00901234
2948	0.829307	0.619765	-0.448329	0.00856829
2949	0.821292	0.614624	-0.445602	0.00775788
2950	0.810274	0.61686	-0.437362	0.00779485
2951	0.803727	0.607648	-0.438683	0.00807416
2952	0.806367	0.595827	-0.446523	0.00845909
2953	0.805061	0.597893	-0.413351	0.00767559
2954	0.798321	0.599229	-0.446841	0.00757072
2955	0.798143	0.606853	-0.440814	0.00899698
2956	0.79164	0.608623	-0.435887	0.00799054
2957	0.779973	0.601389	-0.44426	0.00800244
2958	0.781682	0.603168	-0.452207	0.00829918
2959	0.780104	0.611797	-0.445897	0.0071662
2960	0.782193	0.606579	-0.44044	0.00786913
2961	0.791355	0.610016	-0.45362	0.00697031
2962	0.783502	0.619712	-0.446738	0.0077605
2963	0.786539	0.608487	-0.446851	0.0066134
2964	0.78788	0.596616	-0.430787	0.00783469
2965	0.779208	0.599152	-0.444275	0.00893984
2966	0.78521	0.587161	-0.431137	0.00932681
2967	0.792581	0.594362	-0.44098	0.00771286
2968	0.78185	0.601316	-0.445231	0.00702186
2969	0.781096	0.607045	-0.431648	0.0116692
2970	0.784107	0.615563	-0.43678	0.00697967
2971	0.78379	0.605691	-0.441491	0.00809896
2972	0.791756	0.599333	-0.443672	0.00852778
2973	0.803073	0.599647	-0.453984	0.00758705
2974	0.806631	0.603595	-0.441747	0.00758168
2975	0.807509	0.609413	-0.421029	0.00908947
2976	0.809187	0.621679	-0.435731	0.0116478
2977	0.808473	0.615007	-0.437471	0.00749228
2978	0.804479	0.627474	-0.434283	0.00984548
2979	0.812988	0.620147	-0.438562	0.0105518
2980	0.817818	0.622633	-0.448265	0.00937325
2981	0.806354	0.625586	-0.449916	0.00803386
2982	0.804941	0.620109	-0.440122	0.00751356
2983	0.811663	0.613415	-0.418195	0.0122861
2984	0.806986	0.609184	-0.457962	0.00716976
2985	0.812607	0.621694	-0.454155	0.00689405
2986	0.804203	0.616269	-0.451521	0.00709782
2987	0.792039	0.617039	-0.44307	0.00820334
2988	0.789603	0.61096	-0.458538	0.00735593
2989	0.799651	0.611248	-0.444963	0.00725495
2990	0.79123	0.613634	-0.456318	0.00642988
2991	0.799925	0.609658	-0.444896	0.00849387
2992	0.798653	0.614729	-0.456029	0.00842845
2993	0.809446	0.612687	-0.441016	0.00761302
2994	0.804891	0.608607	-0.458623	0.00704035
2995	0.807099	0.599194	-0.441683	0.00939047
2996	0.807554	0.609807	-0.443426	0.00752977
2997	0.809154	0.611686	-0.442751	0.00741503
2998	0.79937	0.614175	-0.441325	0.00801619
2999	0.79462	0.609578	-0.44634	0.00765373
3000	0.800599	0.611614	-0.445682	0.00825802
3001	0.792832	0.610614	-0.451649	0.00685332
3002	0.787021	0.607963	-0.437766	0.00680734
3003	0.794402	0.609283	-0.440474	0.00795811
3004	0.790254	0.615928	-0.447993	0.00712639
3005	0.794162	0.626275	-0.444483	0.00674148
3006	0.799501	0.627407	-0.447636	0.00765029
3007	0.798979	0.621111	-0.451786	0.00832162
3008	0.809782	0.616304	-0.451359	0.0083682
3009	0.806935	0.617238	-0.445255	0.00859385
3010	0.799272	0.620198	-0.446081	0.00933374
3011	0.793314	0.62422	-0.461751	0.00754405
3012	0.804477	0.620635	-0.44137	0.0100384
3013	0.806391	0.623875	-0.444491	0.00799565
3014	0.80437	0.634762	-0.434265	0.00824681
3015	0.80314	0.632416	-0.445294	0.00760882
3016	0.800158	0.632024	-0.423417	0.0150347
3017	0.797059	0.625879	-0.457828	0.00635498
3018	0.793274	0.627429	-0.444942	0.0062654
3019	0.797553	0.636192	-0.433675	0.0109356
3020	0.805335	0.639586	-0.455902	0.00689249
3021	0.815021	0.630541	-0.43705	0.00895067
3022	0.808777	0.634338	-0.442529	0.0107769
3023	0.799929	0.631134	-0.430452	0.0133237
3024	0.795848	0.621465	-0.44777	0.00669982
3025	0.786171	0.629103	-0.445781	0.00811016
3026	0.780387	0.635756	-0.435332	0.00821737
3027	0.775635	0.646497	-0.449613	0.00770401
3028	0.781846	0.636198	-0.444601	0.00717804
3029	0.787393	0.632723	-0.440782	0.00894419
3030	0.785537	0.632834	-0.447222	0.00818841
3031	0.782156	0.631659	-0.443294	0.00851369
3032	0.793353	0.641962	-0.447804	0.00854487
3033	0.784261	0.636243	-0.443315	0.00692548
3034	0.783101	0.638002	-0.437772	0.0068833
3035	0.786405	0.63237	-0.448444	0.00776118
3036	0.786337	0.638813	-0.457062	0.00798257
3037	0.797484	0.637493	-0.438727	0.00813954
3038	0.802733	0.63461	-0.406545	0.0194909
3039	0.792962	0.638334	-0.459845	0.00702078
3040	0.783795	0.631482	-0.443847	0.00727504
3041	0.775821	0.630252	-0.44293	0.00859656
3042	0.778182	0.63578	-0.436474	0.00731505
3043	0.78804	0.634854	-0.426921	0.00847891
3044	0.793848	0.626193	-0.446005	0.00711862
3045	0.790143	0.628173	-0.436075	0.00695697
3046	0.792845	0.62127	-0.45408	0.00747287
3047	0.78658	0.615279	-0.43168	0.00845847
3048	0.784156	0.623435	-0.457608	0.00666585
3049	0.781479	0.616528	-0.44713	0.0109402
3050	0.783266	0.619344	-0.453991	0.00791839
3051	0.774214	0.625056	-0.454201	0.00792494
3052	0.775727	0.631636	-0.433275	0.00718914
3053	0.784585	0.629276	-0.430253	0.00826013
3054	0.781325	0.628428	-0.443092	0.00934994
3055	0.784238	0.621569	-0.444814	0.00839668
3056	0.777379	0.61605	-0.450792	0.00862523
3057	0.774422	0.623839	-0.445252	0.00699896
3058	0.770115	0.625005	-0.448015	0.0071903
3059	0.76627	0.625622	-0.445285	0.00732287
3060	0.771453	0.622639	-0.44976	0.0064312
3061	0.768157	0.619554	-0.441998	0.00634656
3062	0.767332	0.619882	-0.420093	0.0203563
3063	0.774179	0.618188	-0.437333	0.0080975
3064	0.783041	0.62316	-0.446182	0.00793494
3065	0.792079	0.614594	-0.450358	0.00943044
3066	0.784574	0.616679	-0.452432	0.00786961
3067	0.779322	0.614171	-0.448768	0.00751333
3068	0.777426	0.617095	-0.421899	0.00865052
3069	0.776668	0.620572	-0.446876	0.00880515
3070	0.778384	0.623351	-0.441808	0.00778785
3071	0.784341	0.63076	-0.452945	0.00602267
3072	0.783137	0.62884	-0.430541	0.0187193
3073	0.777516	0.620646	-0.452012	0.00731442
3074	0.775155	0.614688	-0.435607	0.00969015
3075	0.78353	0.606105	-0.440926	0.00774645
3076	0.78227	0.612754	-0.447048	0.00760744
3077	0.78139	0.604512	-0.435562	0.00779321
3078	0.773331	0.599741	-0.43084	0.0114007
3079	0.780728	0.598228	-0.435989	0.00694387
3080	0.778467	0.598388	-0.430493	0.00726074
3081	0.785076	0.601324	-0.441654	0.00701643
3082	0.780344	0.605043	-0.436148	0.00776521
3083	0.772877	0.613802	-0.427258	0.00836272
3084	0.777426	0.61804	-0.446026	0.00724605
3085	0.776607	0.619407	-0.45527	0.00631135
3086	0.772875	0.612503	-0.43507	0.00669246
3087	0.771065	0.617459	-0.446668	0.00782302
3088	0.770983	0.611977	-0.44426	0.00713548
3089	0.771571	0.604517	-0.439763	0.00685614
3090	0.777693	0.59659	-0.440283	0.00870121
3091	0.777935	0.603475	-0.449089	0.00845666
3092	0.772947	0.608328	-0.438287	0.00721778
3093	0.775292	0.603365	-0.437886	0.0077239
3094	0.782426	0.604798	-0.450801	0.00894354
3095	0.778501	0.602708	-0.445581	0.00817535
3096	0.78677	0.604827	-0.452727	0.00807644
3097	0.789752	0.609277	-0.449991	0.00707438
3098	0.79345	0.609976	-0.451058	0.00830525
3099	0.794471	0.617568	-0.43337	0.00796728
3100	0.792965	0.626318	-0.452206	0.00670851
3101	0.794947	0.62375	-0.459391	0.00645542
3102	0.802225	0.621387	-0.442585	0.00920945
3103	0.811543	0.61912	-0.424336	0.0195295
3104	0.806704	0.614404	-0.442851	0.00756389
3105	0.796688	0.613056	-0.451065	0.00797039
3106	0.795453	0.605919	-0.447643	0.00830871
3107	0.785532	0.61484	-0.437272	0.00866017
3108	0.776143	0.620515	-0.460771	0.00643871
3109	0.773248	0.612667	-0.43697	0.00720035
3110	0.775801	0.614059	-0.43681	0.00695761
3111	0.785162	0.62362	-0.439406	0.00742159
3112	0.792472	0.621439	-0.452276	0.0061096
3113	0.793481	0.6295	-0.440703	0.0155914
3114	0.788739	0.632526	-0.443186	0.00787464
3115	0.784253	0.631923	-0.431617	0.00987647
3116	0.782065	0.634686	-0.442305	0.00789663
3117	0.789165	0.631013	-0.450346	0.00747746
3118	0.782287	0.63393	-0.445652	0.00801085
3119	0.776395	0.636786	-0.438583	0.00733975
3120	0.776612	0.640401	-0.439299	0.00777671
3121	0.783982	0.639942	-0.431842	0.00993575
3122	0.775866	0.63346	-0.445265	0.00755529
3123	0.770456	0.638467	-0.444773	0.00679625
3124	0.773233	0.646661	-0.430349	0.0113874
3125	0.773998	0.641576	-0.441148	0.00803949
3126	0.768281	0.641183	-0.436429	0.00786472
3127	0.772364	0.633277	-0.454812	0.00554413
3128	0.779055	0.625547	-0.439862	0.00562141
3129	0.784865	0.63122	-0.446298	0.00643607
3130	0.790679	0.623	-0.433547	0.0103426
3131	0.791587	0.623674	-0.443682	0.00782113
3132	0.784546	0.62562	-0.452355	0.00668461
3133	0.784812	0.625449	-0.448759	0.00857964
3134	0.78189	0.626966	-0.44519	0.00762381
3135	0.777308	0.625262	-0.432893	0.00792895
3136	0.783853	0.61874	-0.448835	0.00731999
3137	0.791412	0.611676	-0.439386	0.00883084
3138	0.782704	0.619188	-0.439965	0.00855766
3139	0.784521	0.6238	-0.42877	0.00902836
3140	0.784611	0.628139	-0.454404	0.00635289
3141	0.785891	0.629782	-0.452059	0.00795824
3142	0.782542	0.635465	-0.446892	0.00770611
3143	0.785302	0.63561	-0.42879	0.00863849
3144	0.787946	0.640403	-0.430106	0.00943204
3145	0.782952	0.643873	-0.445592	0.009238
3146	0.782367	0.635702	-0.443202	0.00747302
3147	0.790977	0.628124	-0.447391	0.006289
3148	0.784674	0.629267	-0.438597	0.00856744
3149	0.784913	0.627545	-0.436228	0.0101497
3150	0.792256	0.620738	-0.431396	0.00825823
3151	0.790123	0.610956	-0.443469	0.00831423
3152	0.798292	0.614214	-0.449745	0.00683111
3153	0.789747	0.607727	-0.449064	0.00736789
3154	0.795399	0.606903	-0.443884	0.00762103
3155	0.798515	0.613118	-0.456087	0.00693654
3156	0.799489	0.60581	-0.445637	0.00889727
3157	0.793958	0.611806	-0.434163	0.00911906
3158	0.80023	0.608531	-0.446134	0.00753337
3159	0.794768	0.609987	-0.441397	0.00800659
3160	0.803558	0.615419	-0.438028	0.00754308
3161	0.795525	0.613284	-0.44795	0.00752084
3162	0.800466	0.605962	-0.441945	0.00802966
3163	0.794955	0.613268	-0.440961	0.00766368
3164	0.80023	0.608994	-0.449361	0.00907094
3165	0.803349	0.617585	-0.462939	0.00698115
3166	0.795854	0.6163	-0.446696	0.00799165
3167	0.801654	0.613054	-0.454808	0.00802169
3168	0.795955	0.607104	-0.427203	0.00823684
3169	0.791876	0.607883	-0.445738	0.00773078
3170	0.794449	0.616102	-0.451491	0.00682032
3171	0.789883	0.62134	-0.426704	0.0133596
3172	0.780689	0.612593	-0.441523	0.00782993
3173	0.780403	0.604818	-0.462522	0.00748308
3174	0.77184	0.612783	-0.437226	0.00864912
3175	0.772796	0.618189	-0.451023	0.00701621
3176	0.779177	0.61415	-0.44224	0.00684422
3177	0.781161	0.608627	-0.426018	0.0083436
3178	0.790202	0.607859	-0.446246	0.00670292
3179	0.786358	0.605536	-0.45011	0.00836891
3180	0.789647	0.602132	-0.442495	0.00868881
3181	0.791535	0.603537	-0.435377	0.00843748
3182	0.781937	0.606601	-0.440173	0.00930561
3183	0.787594	0.61322	-0.450904	0.00677606
3184	0.791363	0.606376	-0.436234	0.00823596
3185	0.795884	0.604801	-0.434546	0.0105342
3186	0.801062	0.603096	-0.44564	0.0100621
3187	0.801621	0.598789	-0.444482	0.0102455
3188	0.801947	0.592959	-0.441348	0.00867146
3189	0.792159	0.594449	-0.426273	0.00883313
3190	0.79758	0.595814	-0.445533	0.00775996
3191	0.792235	0.599648	-0.45049	0.00726822
3192	0.801208	0.605725	-0.450432	0.00766742
3193	0.810365	0.596204	-0.432543	0.00926694
3194	0.818484	0.59364	-0.442905	0.00775338
3195	0.809855	0.598122	-0.458683	0.00749172
3196	0.817243	0.597633	-0.444367	0.00720777
3197	0.807595	0.607328	-0.466616	0.00854389
3198	0.79935	0.616606	-0.439479	0.00668744
3199	0.796823	0.614219	-0.437395	0.00790514
3200	0.78693	0.61464	-0.435876	0.00870027
3201	0.780177	0.607472	-0.455809	0.00765795
3202	0.771809	0.615753	-0.449428	0.00915926
3203	0.767716	0.608666	-0.434352	0.00635272
3204	0.758848	0.617741	-0.431139	0.0078903
3205	0.768203	0.614176	-0.443815	0.00935557
3206	0.761067	0.611816	-0.452998	0.00704709
3207	0.767717	0.604871	-0.443475	0.00639586
3208	0.771854	0.610307	-0.442472	0.00685097
3209	0.778734	0.611957	-0.445587	0.00816856
3210	0.776181	0.618535	-0.460586	0.0060837
3211	0.779324	0.626712	-0.42516	0.0102532
3212	0.787142	0.626602	-0.446173	0.0057562
3213	0.784583	0.629009	-0.441956	0.00933267
3214	0.791505	0.637338	-0.431534	0.0130183
3215	0.797384	0.627968	-0.453597	0.00731754
3216	0.798778	0.618841	-0.449731	0.00810711
3217	0.796236	0.61037	-0.443637	0.0073697
3218	0.797251	0.61733	-0.436347	0.00910892
3219	0.78993	0.623704	-0.434187	0.00788289
3220	0.78414	0.623864	-0.428868	0.00919026
3221	0.776336	0.626434	-0.445905	0.0066419
3222	0.781866	0.624819	-0.449089	0.00928562
3223	0.783186	0.629229	-0.445003	0.00873262
3224	0.780175	0.62354	-0.431851	0.00831725
3225	0.785888	0.619766	-0.429703	0.00764078
3226	0.78044	0.625672	-0.439943	0.00927965
3227	0.788291	0.627012	-0.443136	0.0062655
3228	0.780471	0.632854	-0.439032	0.00997628
3229	0.785006	0.636603	-0.434609	0.0081443
3230	0.778875	0.633766	-0.446395	0.00751185
3231	0.77255	0.637375	-0.432472	0.00834549
3232	0.780663	0.635687	-0.434561	0.00768746
3233	0.777838	0.645365	-0.415722	0.0151572
3234	0.775867	0.640294	-0.426899	0.00832519
3235	0.782284	0.63806	-0.437146	0.0109915
3236	0.777884	0.627893	-0.446749	0.00739568
3237	0.77501	0.620306	-0.437727	0.00804694
3238	0.781276	0.62185	-0.451503	0.00707718
3239	0.778845	0.632356	-0.443852	0.00708256
3240	0.771954	0.63472	-0.440811	0.00886884
3241	0.777961	0.64212	-0.434565	0.00977713
3242	0.772814	0.639249	-0.445269	0.00757348
3243	0.783714	0.633085	-0.434369	0.00782873
3244	0.7881	0.627023	-0.444549	0.00817121
3245	0.778211	0.621854	-0.439222	0.00795401
3246	0.77713	0.623366	-0.441463	0.010244
3247	0.777985	0.616642	-0.451314	0.00730935
3248	0.780431	0.623746	-0.445405	0.00940137
3249	0.784728	0.627964	-0.443735	0.00805841
3250	0.792599	0.62193	-0.423787	0.0108498
3251	0.803508	0.620657	-0.446066	0.00843875
3252	0.798673	0.612295	-0.433737	0.00965647
3253	0.793003	0.62192	-0.452547	0.00622426
3254	0.79232	0.630003	-0.447946	0.00706261
3255	0.785675	0.62589	-0.441168	0.00750582
3256	0.775693	0.618207	-0.443384	0.0072651
3257	0.776244	0.625293	-0.439729	0.00876716
3258	0.76901	0.617858	-0.432155	0.00758348
3259	0.774593	0.617484	-0.436282	0.00692129
3260	0.783922	0.615163	-0.438873	0.00827081
3261	0.777459	0.604985	-0.453771	0.00688945
3262	0.778646	0.606689	-0.436112	0.00803213
3263	0.778531	0.604939	-0.415249	0.00901453
3264	0.788617	0.611651	-0.43175	0.00836461
3265	0.781684	0.604793	-0.427113	0.0112589
3266	0.777691	0.604249	-0.43815	0.00683481
3267	0.781838	0.61223	-0.447528	0.00697092
3268	0.789362	0.620004	-0.44757	0.00672678
3269	0.778812	0.621083	-0.444879	0.00681568
3270	0.769266	0.619174	-0.439081	0.0070524
3271	0.772815	0.628212	-0.441294	0.00872267
3272	0.764588	0.634139	-0.437539	0.00752359
3273	0.769184	0.637155	-0.432305	0.00804064
3274	0.775028	0.635223	-0.440186	0.00690434
3275	0.784377	0.628176	-0.434754	0.00996052
3276	0.786988	0.626295	-0.443705	0.0065297
3277	0.789699	0.618715	-0.443198	0.00789749
3278	0.780142	0.626304	-0.430896	0.00916589
3279	0.777003	0.61957	-0.438025	0.00816635
3280	0.767197	0.625847	-0.442836	0.0081748
3281	0.75972	0.6186	-0.44677	0.00909528
3282	0.763583	0.616967	-0.438602	0.00773221
3283	0.7689	0.617708	-0.447204	0.00626503
3284	0.776075	0.620417	-0.440228	0.0112251
3285	0.779927	0.621493	-0.448566	0.00621592
3286	0.783012	0.616538	-0.451042	0.00722199
3287	0.784598	0.614565	-0.442175	0.00972518
3288	0.787592	0.61651	-0.441433	0.00857407
3289	0.797052	0.617133	-0.441167	0.00788879
3290	0.796384	0.612713	-0.454151	0.00652504
3291	0.804167	0.615821	-0.445733	0.00726822
3292	0.799483	0.622435	-0.456517	0.00702942
3293	0.795098	0.616452	-0.445628	0.00915119
3294	0.796036	0.609591	-0.444908	0.00800395
3295	0.791005	0.601765	-0.431292	0.00884801
3296	0.786344	0.593505	-0.447112	0.00781992
3297	0.781675	0.59445	-0.431479	0.0083708
3298	0.781611	0.602365	-0.435249	0.00728191
3299	0.78902	0.604926	-0.446383	0.00698504
3300	0.788947	0.603802	-0.431547	0.00712883
3301	0.796867	0.598004	-0.446315	0.00761857
3302	0.793558	0.600537	-0.424388	0.00921374
3303	0.792799	0.60057	-0.445755	0.00760121
3304	0.788152	0.60811	-0.451032	0.00701867
3305	0.78757	0.615369	-0.44219	0.00715287
3306	0.787821	0.615538	-0.445084	0.00788414
3307	0.788207	0.619149	-0.444961	0.00696195
3308	0.791357	0.618963	-0.452747	0.00839517
3309	0.797872	0.61778	-0.451253	0.00904189
3310	0.795988	0.612185	-0.462552	0.00783755
3311	0.788677	0.612611	-0.445753	0.00770327
3312	0.781617	0.611243	-0.442065	0.00777986
3313	0.785277	0.615576	-0.433571	0.00763931
3314	0.794931	0.605942	-0.439945	0.0088183
3315	0.802837	0.613117	-0.44787	0.00702832
3316	0.812607	0.606713	-0.44907	0.00805215
3317	0.806884	0.611674	-0.447914	0.00944703
3318	0.810369	0.616002	-0.430785	0.0102875
3319	0.803366	0.614603	-0.453756	0.00684
3320	0.796044	0.608698	-0.448739	0.00726526
3321	0.791446	0.614862	-0.442509	0.00704777
3322	0.79647	0.607274	-0.438172	0.00763498
3323	0.790838	0.607486	-0.452264	0.00755174
3324	0.789002	0.606244	-0.443422	0.00878692
3325	0.797252	0.613683	-0.443979	0.00888628
3326	0.795891	0.604243	-0.425787	0.00831483
3327	0.788084	0.603254	-0.43855	0.0111608
3328	0.778808	0.613067	-0.446971	0.00778642
3329	0.775236	0.618993	-0.435467	0.00728777
3330	0.781465	0.61863	-0.452428	0.00750563
3331	0.782463	0.609663	-0.443886	0.00891399
3332	0.783667	0.611966	-0.447371	0.00776869
3333	0.774248	0.610013	-0.444452	0.00760471
3334	0.77102	0.606653	-0.432819	0.00890338
3335	0.7717	0.612002	-0.427159	0.00703117
3336	0.775562	0.617335	-0.457766	0.00652369
3337	0.773293	0.608754	-0.442112	0.00719961
3338	0.765898	0.614299	-0.435503	0.00591443
3339	0.774159	0.607891	-0.469481	0.00734367
3340	0.777416	0.614408	-0.441809	0.00728317
3341	0.770397	0.609395	-0.451029	0.00797957
3342	0.776862	0.61624	-0.449601	0.00765074
3343	0.786559	0.624026	-0.463182	0.0065527
3344	0.775769	0.617982	-0.444705	0.00655129
3345	0.779157	0.62628	-0.448465	0.00742923
3346	0.775563	0.636241	-0.435705	0.00669433
3347	0.777518	0.629566	-0.422615	0.00911383
3348	0.775976	0.619652	-0.434378	0.00913994
3349	0.776726	0.61757	-0.432477	0.00760229
3350	0.779489	0.622009	-0.432088	0.0118168
3351	0.773239	0.617857	-0.446678	0.00553393
3352	0.772708	0.616785	-0.420246	0.0108321
3353	0.779338	0.621679	-0.442025	0.00949772
3354	0.784304	0.61474	-0.455284	0.00753521
3355	0.788069	0.611209	-0.441613	0.0100632
3356	0.796212	0.613875	-0.445538	0.00739448
3357	0.801939	0.622686	-0.444817	0.00861729
3358	0.799169	0.614602	-0.454027	0.00779479
3359	0.804025	0.617341	-0.431979	0.00884588
3360	0.810563	0.61526	-0.454695	0.0092527
3361	0.806388	0.624594	-0.451094	0.00846903
3362	0.799068	0.626316	-0.438698	0.008243
3363	0.795473	0.6197	-0.457818	0.00621923
3364	0.794728	0.621029	-0.44318	0.0081321
3365	0.793946	0.627448	-0.45146	0.00654792
3366	0.795996	0.630884	-0.439059	0.00781257
3367	0.787112	0.622413	-0.446975	0.00799631
3368	0.782204	0.627561	-0.439983	0.00783546
3369	0.789207	0.631023	-0.416595	0.0103196
3370	0.793582	0.625057	-0.454529	0.00692117
3371	0.800742	0.619847	-0.451852	0.00781613
3372	0.796568	0.626223	-0.449676	0.0069459
3373	0.794175	0.619347	-0.446008	0.00840887
3374	0.800615	0.622797	-0.439933	0.00774565
3375	0.791035	0.615931	-0.438894	0.0119939
3376	0.782651	0.623514	-0.445826	0.00808079
3377	0.775098	0.630431	-0.446989	0.00744901
3378	0.778741	0.624592	-0.426109	0.0164708
3379	0.770552	0.623497	-0.449324	0.00816916
3380	0.767923	0.62177	-0.443782	0.00676525
3381	0.770935	0.627157	-0.440437	0.0079584
3382	0.778638	0.622605	-0.428885	0.00889024
3383	0.773289	0.619143	-0.438873	0.00973045
3384	0.779476	0.609953	-0.436553	0.00704617
3385	0.787276	0.605322	-0.446287	0.00867014
3386	0.794239	0.61249	-0.437538	0.00907822
3387	0.799201	0.602888	-0.434617	0.00654036
3388	0.802424	0.611693	-0.436413	0.00751376
3389	0.804016	0.603586	-0.448236	0.00809383
3390	0.795189	0.606722	-0.427051	0.0106262
3391	0.792414	0.60649	-0.433482	0.0075281
3392	0.783342	0.611641	-0.442926	0.00790235
3393	0.777795	0.613623	-0.460651	0.00625624
3394	0.78482	0.622404	-0.451585	0.00885043
3395	0.789773	0.626647	-0.450808	0.00898316
3396	0.790865	0.632587	-0.443035	0.00662104
3397	0.784829	0.632289	-0.454945	0.00660821
3398	0.793018	0.631324	-0.4432	0.00817528
3399	0.799242	0.628817	-0.445642	0.00768783
3400	0.789557	0.620232	-0.436499	0.0073728
3401	0.784867	0.617439	-0.431748	0.0110722
3402	0.785345	0.615792	-0.445372	0.00648756
3403	0.784424	0.620922	-0.445378	0.00700303
3404	0.783219	0.62569	-0.43656	0.00844383
3405	0.788325	0.633464	-0.445337	0.00730212
3406	0.790984	0.627935	-0.438721	0.00836839
3407	0.800028	0.636168	-0.444936	0.00742982
3408	0.795894	0.627114	-0.456715	0.00653936
3409	0.803391	0.630128	-0.445543	0.00842174
3410	0.800212	0.628337	-0.442345	0.00707909
3411	0.808073	0.629971	-0.432668	0.00820382
3412	0.805172	0.630954	-0.451919	0.00849632
3413	0.809077	0.628019	-0.445166	0.0087095
3414	0.807477	0.632608	-0.420827	0.0234687
3415	0.80979	0.625623	-0.457609	0.0110636
3416	0.801247	0.633336	-0.433412	0.00890826
3417	0.806958	0.62525	-0.447515	0.00682883
3418	0.810309	0.626616	-0.438562	0.010925
3419	0.812703	0.623237	-0.448788	0.00670457
3420	0.814314	0.625314	-0.437975	0.00760535
3421	0.810504	0.621755	-0.439393	0.0069672
3422	0.811474	0.631357	-0.443743	0.0085559
3423	0.814121	0.622111	-0.441191	0.00901579
3424	0.819222	0.6261	-0.455603	0.00659776
3425	0.819116	0.62294	-0.441367	0.00922402
3426	0.825757	0.627841	-0.437067	0.00931072
3427	0.829579	0.620895	-0.42929	0.00896787
3428	0.820319	0.628741	-0.433932	0.00813466
3429	0.811623	0.628505	-0.435786	0.00936598
3430	0.814764	0.633277	-0.445121	0.0092871
3431	0.824374	0.624143	-0.447487	0.00779704
3432	0.828991	0.615696	-0.447993	0.00981417
3433	0.821128	0.621569	-0.441114	0.00829731
3434	0.814688	0.619205	-0.450625	0.00807204
3435	0.812195	0.610029	-0.451436	0.00882905
3436	0.804449	0.609443	-0.438134	0.00919381
3437	0.800752	0.617572	-0.444699	0.00734996
3438	0.803878	0.612447	-0.462739	0.0077645
3439	0.806488	0.609246	-0.450772	0.00869942
3440	0.801519	0.607346	-0.449922	0.00769023
3441	0.791822	0.598133	-0.444979	0.00762434
3442	0.801199	0.606523	-0.447057	0.00712506
3443	0.794682	0.600237	-0.438542	0.00812614
3444	0.801918	0.602202	-0.440748	0.0109168
3445	0.806502	0.594177	-0.440216	0.00856891
3446	0.80073	0.600672	-0.451057	0.00884441
3447	0.804526	0.601251	-0.427934	0.0102744
3448	0.801035	0.608469	-0.451561	0.0093331
3449	0.79826	0.607118	-0.452012	0.0074914
3450	0.802401	0.606663	-0.44305	0.00953631
3451	0.811314	0.609803	-0.436637	0.00946416
3452	0.812253	0.605604	-0.424246	0.017815
3453	0.803748	0.60492	-0.455307	0.00733212
3454	0.806823	0.615265	-0.460517	0.00779207
3455	0.799107	0.622364	-0.451352	0.00743515
3456	0.809015	0.617051	-0.455162	0.00635216
3457	0.805508	0.607387	-0.462926	0.00815883
3458	0.802122	0.613905	-0.435628	0.0118078
3459	0.811989	0.622872	-0.445393	0.0090927
3460	0.812299	0.619036	-0.446754	0.00865112
3461	0.80887	0.610909	-0.446116	0.00652339
3462	0.814138	0.613633	-0.439486	0.00898777
3463	0.805982	0.608678	-0.440165	0.0117852
3464	0.802661	0.61528	-0.444381	0.00695913
3465	0.804354	0.615713	-0.441015	0.00703547
3466	0.804404	0.617509	-0.444772	0.00985795
3467	0.793905	0.617318	-0.451466	0.0076731
3468	0.786921	0.613618	-0.434751	0.0107494
3469	0.789168	0.622866	-0.436991	0.00808939
3470	0.785599	0.62771	-0.445846	0.00649951
3471	0.782618	0.621148	-0.448326	0.00684913
3472	0.78503	0.620753	-0.451252	0.00664417
3473	0.788936	0.612118	-0.446005	0.0070663
3474	0.799436	0.610879	-0.429307	0.00964214
3475	0.807787	0.610701	-0.433538	0.00738087
3476	0.804235	0.616232	-0.46531	0.00760071
3477	0.801719	0.611453	-0.429232	0.00891705
3478	0.803831	0.604046	-0.436287	0.00799823
3479	0.802371	0.598116	-0.439271	0.00933599
3480	0.799156	0.607046	-0.435246	0.00905781
3481	0.802087	0.611701	-0.445429	0.00836794
3482	0.793067	0.603671	-0.445609	0.0083397
3483	0.795644	0.607678	-0.448557	0.00728336
3484	0.790915	0.610027	-0.429549	0.0105996
3485	0.79248	0.605939	-0.446483	0.00673762
3486	0.801674	0.597253	-0.437082	0.00766787
3487	0.804968	0.598161	-0.433403	0.00698375
3488	0.796944	0.605941	-0.448319	0.00712916
3489	0.804484	0.606513	-0.446703	0.00733856
3490	0.80302	0.605491	-0.447849	0.00775936
3491	0.796381	0.608744	-0.438993	0.00689305
3492	0.800679	0.609471	-0.464353	0.00704493
3493	0.795983	0.613528	-0.439164	0.00735293
3494	0.792942	0.606571	-0.438113	0.0077248
3495	0.791706	0.601877	-0.446155	0.00787927
3496	0.792391	0.60869	-0.442381	0.00724508
3497	0.789206	0.606631	-0.436869	0.00947873
3498	0.796232	0.60989	-0.442913	0.00837972
3499	0.792159	0.61391	-0.438168	0.00884565
3500	0.802589	0.610543	-0.44333	0.00844229
3501	0.798005	0.613185	-0.457261	0.0076226
3502	0.806747	0.618346	-0.447106	0.00693979
3503	0.816187	0.61845	-0.42188	0.0145473
3504	0.8078	0.609979	-0.432019	0.0111441
3505	0.803782	0.608218	-0.435942	0.00928929
3506	0.805935	0.599974	-0.438454	0.0079681
3507	0.803137	0.59219	-0.429083	0.00907414
3508	0.811067	0.599776	-0.448891	0.00771693
3509	0.804458	0.596908	-0.452356	0.00950049
3510	0.796094	0.593679	-0.439545	0.00905424
3511	0.797633	0.593059	-0.432447	0.00868091
3512	0.80135	0.599249	-0.450804	0.00863884
3513	0.806759	0.607021	-0.444453	0.00672017
3514	0.800724	0.61059	-0.442653	0.00808002
3515	0.796487	0.605983	-0.462652	0.00678113
3516	0.800881	0.610531	-0.446552	0.00694692
3517	0.796148	0.612157	-0.434012	0.0113119
3518	0.801003	0.611629	-0.436436	0.0070398
3519	0.805619	0.612283	-0.445824	0.00736723
3520	0.807125	0.613733	-0.446318	0.00937834
3521	0.807465	0.616464	-0.450041	0.00779138
3522	0.800312	0.611086	-0.423526	0.00883841
3523	0.806636	0.619238	-0.435914	0.00960422
3524	0.805819	0.619904	-0.446318	0.00833132
3525	0.801961	0.627899	-0.437844	0.00868942
3526	0.804344	0.624905	-0.451229	0.00726271
3527	0.799346	0.621173	-0.451447	0.00860646
3528	0.798133	0.617615	-0.445575	0.0068138
3529	0.793901	0.611312	-0.460629	0.00711921
3530	0.789746	0.604898	-0.444131	0.00758939
3531	0.785616	0.59963	-0.449559	0.0069441
3532	0.785791	0.600177	-0.435596	0.0096191
3533	0.789435	0.59484	-0.449608	0.00845384
3534	0.783195	0.59095	-0.440312	0.00830139
3535	0.782088	0.59642	-0.441854	0.00802649
3536	0.772713	0.603807	-0.424267	0.00750622
3537	0.770152	0.600257	-0.449204	0.00957465
3538	0.777633	0.606371	-0.436225	0.00772649
3539	0.775034	0.615898	-0.447366	0.0065551
3540	0.768467	0.620768	-0.454913	0.00703418
3541	0.765853	0.612241	-0.435708	0.0074622
3542	0.77347	0.618086	-0.455023	0.00585857
3543	0.779127	0.625387	-0.453016	0.0080468
3544	0.770918	0.631763	-0.451018	0.00669642
3545	0.778686	0.634694	-0.421398	0.0109774
3546	0.782079	0.626966	-0.468793	0.00591504
3547	0.790395	0.634681	-0.434989	0.0103702
3548	0.788213	0.632505	-0.446284	0.00811747
3549	0.794087	0.638023	-0.45278	0.00668552
3550	0.788716	0.632359	-0.427149	0.00943914
3551	0.787414	0.622901	-0.451392	0.00589563
3552	0.793434	0.614681	-0.448012	0.00749398
3553	0.793979	0.618967	-0.430101	0.0092373
3554	0.790931	0.627972	-0.444006	0.00676926
3555	0.791802	0.622043	-0.436921	0.00901779
3556	0.792581	0.613891	-0.449255	0.0090373
3557	0.791623	0.617113	-0.438782	0.00649234
3558	0.800901	0.612442	-0.436105	0.00807188
3559	0.801944	0.614776	-0.445225	0.00839797
3560	0.79934	0.613024	-0.446097	0.00748305
3561	0.799673	0.619001	-0.445238	0.00582907
3562	0.800304	0.621027	-0.45486	0.00648912
3563	0.792147	0.619	-0.428419	0.0125769
3564	0.801792	0.618913	-0.441732	0.00670564
3565	0.79716	0.614914	-0.439524	0.00734967
3566	0.796957	0.609916	-0.452216	0.00811627
3567	0.78783	0.602163	-0.450479	0.00862406
3568	0.786596	0.602307	-0.434886	0.00862579
3569	0.781516	0.601238	-0.447295	0.00733695
3570	0.778391	0.607957	-0.446017	0.00671277
3571	0.786247	0.59897	-0.442962	0.00747038
3572	0.795168	0.599362	-0.441844	0.00755826
3573	0.792999	0.602471	-0.427731	0.00941617
3574	0.793618	0.61074	-0.439935	0.00731882
3575	0.797544	0.607553	-0.445792	0.00858847
3576	0.794082	0.610115	-0.452935	0.00731709
3577	0.785881	0.615554	-0.438114	0.00687607
3578	0.78635	0.619699	-0.440927	0.00772255
3579	0.787005	0.618048	-0.442954	0.00677913
3580	0.79026	0.61152	-0.441121	0.00842451
3581	0.792443	0.611397	-0.447266	0.00745905
3582	0.796157	0.60854	-0.438105	0.0110753
3583	0.798994	0.612929	-0.452938	0.00694899
3584	0.801482	0.609146	-0.445101	0.00748263
3585	0.799724	0.606709	-0.436894	0.00899758
3586	0.803884	0.613703	-0.454599	0.00986515
3587	0.807119	0.615913	-0.442827	0.00643115
3588	0.799111	0.612692	-0.455809	0.00769974
3589	0.793201	0.617923	-0.446699	0.00767705
3590	0.79044	0.622894	-0.455473	0.00947656
3591	0.792044	0.615534	-0.446828	0.00594916
3592	0.793257	0.606869	-0.433444	0.00763018
3593	0.802217	0.609856	-0.448901	0.00818821
3594	0.799778	0.612323	-0.440657	0.00726486
3595	0.799371	0.614307	-0.438589	0.0110154
3596	0.80007	0.615299	-0.441867	0.00798346
3597	0.804873	0.615412	-0.451467	0.0080334
3598	0.812921	0.608037	-0.461197	0.00813839
3599	0.806039	0.602721	-0.4503	0.00737892
3600	0.812971	0.606999	-0.454715	0.00719279
3601	0.80911	0.612058	-0.439223	0.00821424
3602	0.817687	0.611242	-0.455571	0.00730047
3603	0.81624	0.614249	-0.424393	0.00835331
3604	0.818396	0.618494	-0.444948	0.00729013
3605	0.819623	0.626895	-0.454091	0.00884243
3606	0.818133	0.634408	-0.440942	0.00823827
3607	0.809687	0.633126	-0.437746	0.00881793
3608	0.810042	0.638391	-0.43289	0.00967981
3609	0.81638	0.629217	-0.444368	0.00865167
3610	0.814766	0.637289	-0.448837	0.00700285
3611	0.823917	0.64198	-0.415986	0.0152933
3612	0.82366	0.643777	-0.437193	0.00881614
3613	0.826843	0.64014	-0.432107	0.0102667
3614	0.829473	0.640476	-0.418737	0.0181774
3615	0.822208	0.631998	-0.440958	0.00910464
3616	0.816173	0.629902	-0.429514	0.0124386
3617	0.821747	0.638197	-0.425735	0.0113806
3618	0.828456	0.640211	-0.445671	0.00789205
3619	0.825717	0.634464	-0.442024	0.0119328
3620	0.819123	0.62532	-0.440317	0.00681045
3621	0.823778	0.616282	-0.427875	0.00744689
3622	0.825973	0.615352	-0.454365	0.00732846
3623	0.831966	0.614992	-0.446694	0.00770991
3624	0.830868	0.617493	-0.441618	0.00976834
3625	0.828591	0.61498	-0.442916	0.00737847
3626	0.830394	0.621924	-0.432572	0.00985976
3627	0.826144	0.612674	-0.441283	0.00854461
3628	0.834885	0.617961	-0.458659	0.0059073
3629	0.830817	0.625593	-0.457542	0.00661792
3630	0.821688	0.620431	-0.453995	0.00730665
3631	0.823842	0.616899	-0.436142	0.0122335
3632	0.819498	0.609562	-0.447455	0.00688467
3633	0.821105	0.614614	-0.44749	0.00840235
3634	0.817679	0.617135	-0.442574	0.00900623
3635	0.822403	0.618592	-0.432804	0.00750149
3636	0.814254	0.624184	-0.440966	0.00801548
3637	0.821981	0.6318	-0.455239	0.00814065
3638	0.818318	0.62899	-0.428936	0.0134639
3639	0.823845	0.627279	-0.456473	0.00759014
3640	0.818903	0.618914	-0.441675	0.0110196
3641	0.822287	0.620098	-0.421318	0.0137618
3642	0.815045	0.619034	-0.447117	0.00802377
3643	0.812388	0.610728	-0.43726	0.0136041
3644	0.81228	0.604838	-0.43121	0.010895
3645	0.803652	0.608404	-0.459829	0.00714261
3646	0.808248	0.61624	-0.440769	0.0075611
3647	0.814561	0.624549	-0.444857	0.0105088
3648	0.809751	0.627458	-0.438895	0.00791093
3649	0.811656	0.626089	-0.452195	0.00636727
3650	0.809924	0.618158	-0.445481	0.00822734
3651	0.803872	0.609157	-0.444228	0.00805545
3652	0.800331	0.608901	-0.443374	0.00836823
3653	0.792254	0.603515	-0.4443	0.00848211
3654	0.790263	0.608465	-0.456587	0.00728519
3655	0.782532	0.616799	-0.43561	0.00888467
3656	0.784954	0.609352	-0.436185	0.00867373
3657	0.784544	0.614309	-0.445207	0.00729221
3658	0.780913	0.616412	-0.438351	0.00708124
3659	0.786827	0.612394	-0.438967	0.00762085
3660	0.780087	0.614058	-0.440667	0.00734313
3661	0.781752	0.617655	-0.455128	0.00701775
3662	0.7857	0.622617	-0.450744	0.0082442
3663	0.790384	0.630796	-0.45382	0.00611782
3664	0.795808	0.640087	-0.43508	0.00800881
3665	0.797751	0.633835	-0.443446	0.00731708
3666	0.793221	0.630778	-0.452073	0.0062828
3667	0.788937	0.624446	-0.441879	0.00855486
3668	0.788908	0.6314	-0.457194	0.00670574
3669	0.796948	0.625586	-0.428939	0.0142504
3670	0.792302	0.619692	-0.450723	0.00826244
3671	0.793864	0.623656	-0.44676	0.0084405
3672	0.786766	0.622236	-0.440162	0.00700737
3673	0.789268	0.628733	-0.445244	0.00703137
3674	0.780153	0.622683	-0.441717	0.00742748
3675	0.787126	0.62027	-0.446034	0.00726542
3676	0.792077	0.613798	-0.432037	0.0112323
3677	0.798814	0.621442	-0.446762	0.00674107
3678	0.791346	0.617157	-0.453339	0.00712939
3679	0.792786	0.617277	-0.444854	0.00823761
3680	0.793385	0.623775	-0.452023	0.00774615
3681	0.786836	0.615959	-0.443105	0.00813129
3682	0.790162	0.616843	-0.440857	0.00835326
3683	0.791919	0.610205	-0.439563	0.00808554
3684	0.799221	0.610194	-0.443732	0.00752905
3685	0.803388	0.615223	-0.456758	0.00715409
3686	0.81206	0.614236	-0.448958	0.00761672
3687	0.812418	0.618387	-0.440696	0.00686818
3688	0.820417	0.61678	-0.44896	0.00816221
3689	0.819224	0.607859	-0.441718	0.0079014
3690	0.822325	0.599273	-0.440881	0.01074
3691	0.819529	0.604445	-0.440809	0.00907775
3692	0.82548	0.606214	-0.45647	0.00728466
3693	0.81652	0.610218	-0.448753	0.00851372
3694	0.813115	0.61283	-0.453643	0.00666047
3695	0.816967	0.613685	-0.442896	0.00770926
3696	0.811648	0.618253	-0.448935	0.00873161
3697	0.803086	0.614773	-0.433042	0.0102237
3698	0.800769	0.616969	-0.444486	0.00903468
3699	0.792324	0.613561	-0.451739	0.00712124
3700	0.799339	0.622583	-0.440732	0.00745612
3701	0.792843	0.616451	-0.454121	0.00794294
3702	0.800876	0.616386	-0.448808	0.0113144
3703	0.806546	0.61299	-0.455125	0.00768562
3704	0.812635	0.617818	-0.433183	0.0104803
3705	0.816964	0.619711	-0.43575	0.00976834
3706	0.825666	0.626879	-0.427521	0.0140975
3707	0.818954	0.632945	-0.44949	0.0121622
3708	0.82156	0.6294	-0.419652	0.0113814
3709	0.818569	0.626358	-0.448952	0.00638023
3710	0.82515	0.632263	-0.439897	0.00790529
3711	0.821206	0.632827	-0.445574	0.00934576
3712	0.812996	0.639889	-0.434288	0.0113759
3713	0.819426	0.633759	-0.451579	0.0114304
3714	0.816052	0.633187	-0.424613	0.0108291
3715	0.812782	0.623869	-0.447845	0.00734484
3716	0.810274	0.628981	-0.448974	0.0104727
3717	0.802389	0.635371	-0.415616	0.0149562
3718	0.809533	0.64082	-0.4353	0.00933296
3719	0.814312	0.64329	-0.455223	0.00722906
3720	0.816023	0.638767	-0.430436	0.00861695
3721	0.807806	0.631685	-0.442877	0.00986649
3722	0.811575	0.628176	-0.443473	0.00775504
3723	0.803945	0.633702	-0.436983	0.0107074
3724	0.795181	0.628908	-0.433847	0.00879197
3725	0.791729	0.635309	-0.443943	0.00736717
3726	0.791913	0.626626	-0.450091	0.00845145
3727	0.792184	0.635386	-0.436783	0.0100742
3728	0.790264	0.629838	-0.44436	0.00809595
3729	0.797897	0.622083	-0.4325	0.00985521
3730	0.802903	0.626187	-0.42806	0.0111972
3731	0.808209	0.618536	-0.462852	0.00754096
3732	0.802856	0.620134	-0.435973	0.00836249
3733	0.802663	0.628933	-0.454947	0.00702749
3734	0.8021	0.624628	-0.444595	0.00929937
3735	0.807145	0.624545	-0.45156	0.00730571
3736	0.803902	0.630512	-0.447692	0.0073453
3737	0.806381	0.623517	-0.441646	0.00816355
3738	0.798812	0.626747	-0.445769	0.00692999
3739	0.798914	0.627026	-0.453916	0.00678481
3740	0.804934	0.618833	-0.437242	0.008004
3741	0.800302	0.617128	-0.44684	0.00817978
3742	0.80648	0.608995	-0.458506	0.00710179
3743	0.81268	0.608248	-0.442311	0.00756848
3744	0.806828	0.615452	-0.458527	0.00824808
3745	0.807484	0.612591	-0.425045	0.0091401
3746	0.806563	0.62078	-0.451027	0.00811472
3747	0.810414	0.620956	-0.429995	0.00953908
3748	0.812497	0.627303	-0.45433	0.00750749
3749	0.81169	0.625145	-0.446219	0.00835216
3750	0.803553	0.621976	-0.447017	0.0091098
3751	0.810851	0.623263	-0.446148	0.00851524
3752	0.806345	0.61932	-0.455411	0.00691528
3753	0.802016	0.619219	-0.450439	0.00944967
3754	0.79721	0.616596	-0.444527	0.00579804
3755	0.802822	0.616675	-0.441999	0.00968422
3756	0.80539	0.625339	-0.44454	0.00795319
3757	0.813988	0.616132	-0.453765	0.00822771
3758	0.81438	0.613642	-0.440406	0.00905171
3759	0.805338	0.621983	-0.444448	0.00964078
3760	0.799036	0.613422	-0.453372	0.00748132
3761	0.795854	0.608747	-0.440699	0.00904755
3762	0.799305	0.607621	-0.436469	0.00914642
3763	0.803754	0.603664	-0.435681	0.00829094
3764	0.802573	0.607344	-0.449391	0.0106505
3765	0.799075	0.614088	-0.448036	0.00722522
3766	0.796291	0.606677	-0.433721	0.00759928
3767	0.800856	0.612205	-0.435559	0.00690709
3768	0.801538	0.611553	-0.454606	0.00810515
3769	0.795627	0.606032	-0.439191	0.00827456
3770	0.802708	0.605545	-0.441837	0.00761204
3771	0.796907	0.612464	-0.431374	0.0119738
3772	0.796195	0.615726	-0.451447	0.00669843
3773	0.798693	0.621658	-0.44273	0.00779006
3774	0.802636	0.61928	-0.454917	0.00742246
3775	0.806576	0.615246	-0.440715	0.00742404
3776	0.81507	0.622687	-0.445666	0.0163279
3777	0.817589	0.623632	-0.45185	0.00676189
3778	0.816115	0.631906	-0.432684	0.0140573
3779	0.812999	0.623291	-0.445415	0.00769842
3780	0.817477	0.618591	-0.452906	0.00828535
3781	0.808278	0.620383	-0.441594	0.0109954
3782	0.808269	0.611769	-0.427473	0.00966335
3783	0.799592	0.613035	-0.447617	0.00743627
3784	0.804801	0.616495	-0.460335	0.0062631
3785	0.807591	0.615051	-0.443804	0.00966111
3786	0.802932	0.607646	-0.443889	0.00817848
3787	0.794603	0.613883	-0.441909	0.00774983
3788	0.80222	0.613786	-0.462792	0.00611484
3789	0.809684	0.61838	-0.440906	0.00804592
3790	0.804545	0.620961	-0.445692	0.00704208
3791	0.802488	0.626537	-0.442433	0.00779099
3792	0.806977	0.626271	-0.449983	0.00709422
3793	0.808756	0.618531	-0.44598	0.00647611
3794	0.816002	0.623482	-0.446469	0.0156703
3795	0.807262	0.632001	-0.437857	0.0078519
3796	0.811808	0.632296	-0.4389	0.00784829
3797	0.813982	0.626708	-0.436509	0.0118198
3798	0.808547	0.619512	-0.453711	0.00842974
3799	0.801658	0.61682	-0.44244	0.00899221
3800	0.798389	0.612884	-0.447864	0.00614627
3801	0.800443	0.618558	-0.440017	0.00728783
3802	0.799361	0.613298	-0.448299	0.00688521
3803	0.791876	0.60932	-0.448936	0.00754847
3804	0.785224	0.600683	-0.437638	0.00846757
3805	0.778048	0.596102	-0.448977	0.00840803
3806	0.787358	0.587897	-0.441213	0.00879752
3807	0.793392	0.581228	-0.41923	0.00991242
3808	0.794662	0.588779	-0.445166	0.00991767
3809	0.788927	0.594805	-0.418289	0.00899501
3810	0.795719	0.595742	-0.447383	0.0115726
3811	0.795888	0.593637	-0.433624	0.00803213
3812	0.794138	0.60157	-0.434179	0.00775561
3813	0.798674	0.602487	-0.454922	0.00774469
3814	0.794899	0.598477	-0.449125	0.0078356
3815	0.790342	0.601442	-0.440085	0.00713759
3816	0.7871	0.593639	-0.433739	0.0082836
3817	0.79508	0.60216	-0.441756	0.00745744
3818	0.800151	0.60129	-0.457214	0.00675479
3819	0.792906	0.60834	-0.448983	0.00792257
3820	0.787915	0.613361	-0.43423	0.00711185
3821	0.792339	0.617941	-0.434465	0.00715029
3822	0.784931	0.6095	-0.435561	0.00854707
3823	0.792372	0.613757	-0.435576	0.00800297
3824	0.79845	0.620858	-0.445365	0.00702009
3825	0.802631	0.614094	-0.434635	0.00809731
3826	0.808912	0.617655	-0.450455	0.00788842
3827	0.809781	0.608938	-0.459066	0.00985329
3828	0.799895	0.6042	-0.435684	0.0076786
3829	0.802537	0.60351	-0.441026	0.00657696
3830	0.798193	0.605801	-0.453385	0.00771579
3831	0.802158	0.611086	-0.441868	0.00759044
3832	0.8107	0.616411	-0.447357	0.00829749
3833	0.809551	0.613232	-0.446522	0.00702641
3834	0.817717	0.619547	-0.447046	0.00845789
3835	0.808949	0.624783	-0.45458	0.00819713
3836	0.803436	0.621506	-0.447161	0.00745638
3837	0.800166	0.622002	-0.437069	0.00894399
3838	0.798725	0.613651	-0.434907	0.00773571
3839	0.792024	0.619737	-0.44356	0.00880121
3840	0.786896	0.615667	-0.434718	0.00836037
3841	0.785461	0.620116	-0.440076	0.00675879
3842	0.781836	0.610969	-0.436069	0.00701233
3843	0.78473	0.603883	-0.44205	0.00873508
3844	0.781336	0.610833	-0.442729	0.0079342
3845	0.7757	0.614906	-0.428461	0.00975977
3846	0.772986	0.618749	-0.431145	0.00709551
3847	0.781377	0.60993	-0.440553	0.00801196
3848	0.784829	0.611065	-0.445364	0.00634926
3849	0.788992	0.612087	-0.446129	0.00747368
3850	0.792575	0.609087	-0.422703	0.00883713
3851	0.789296	0.59994	-0.439802	0.00732026
3852	0.792523	0.602492	-0.448377	0.0084493
3853	0.786481	0.608334	-0.453729	0.00779451
3854	0.793898	0.611675	-0.440615	0.00752321
3855	0.788768	0.610311	-0.448127	0.00710093
3856	0.781639	0.608508	-0.444845	0.00796447
3857	0.787853	0.613124	-0.434152	0.0100289
3858	0.794934	0.606639	-0.429935	0.00794305
3859	0.788085	0.611726	-0.443486	0.0062747
3860	0.783183	0.617363	-0.440747	0.00637656
3861	0.779017	0.626474	-0.454534	0.00742308
3862	0.783723	0.63017	-0.441025	0.00875187
3863	0.779589	0.628475	-0.450925	0.00630478
3864	0.77048	0.624518	-0.434662	0.00795704
3865	0.764774	0.620814	-0.446105	0.00685755
3866	0.766515	0.617252	-0.451837	0.00906953
3867	0.766464	0.61521	-0.445705	0.00721013
3868	0.76292	0.617439	-0.441391	0.00570636
3869	0.770264	0.613603	-0.446048	0.00754029
3870	0.769921	0.611361	-0.421317	0.0138313
3871	0.778812	0.608691	-0.438166	0.00902792
3872	0.778817	0.615461	-0.454937	0.00738583
3873	0.786872	0.618261	-0.461302	0.00681437
3874	0.793082	0.624063	-0.446716	0.0072725
3875	0.797281	0.624748	-0.444644	0.00737659
3876	0.794766	0.617651	-0.439196	0.00747215
3877	0.79316	0.62104	-0.431286	0.00987346
3878	0.787704	0.617714	-0.440746	0.00788651
3879	0.786493	0.614861	-0.436507	0.00870411
3880	0.782302	0.617544	-0.436938	0.00926809
3881	0.780275	0.612399	-0.446089	0.00757278
3882	0.778896	0.613184	-0.447799	0.00631687
3883	0.787584	0.620834	-0.437891	0.00925288
3884	0.781151	0.612029	-0.444499	0.0103121
3885	0.779702	0.613665	-0.444957	0.00721384
3886	0.77313	0.612287	-0.44729	0.00720254
3887	0.7742	0.615287	-0.448267	0.00774915
3888	0.779687	0.617887	-0.455029	0.00685176
3889	0.781725	0.60972	-0.44515	0.00757622
3890	0.784024	0.616744	-0.455055	0.00589333
3891	0.790454	0.612242	-0.446527	0.00736614
3892	0.783854	0.614288	-0.427103	0.00861978
3893	0.781492	0.615977	-0.438055	0.00810671
3894	0.790113	0.624221	-0.438784	0.00799787
3895	0.798481	0.626631	-0.442999	0.00681223
3896	0.799768	0.624734	-0.446526	0.00776187
3897	0.794983	0.623618	-0.445453	0.00873134
3898	0.794403	0.614779	-0.451511	0.00673077
3899	0.800684	0.615179	-0.458111	0.0075541
3900	0.801361	0.611262	-0.437154	0.0106313
3901	0.808904	0.6058	-0.438142	0.00762367
3902	0.80476	0.613012	-0.435237	0.0172488
3903	0.801707	0.61751	-0.443329	0.00884608
3904	0.795166	0.608822	-0.431106	0.00927812
3905	0.796784	0.611804	-0.44374	0.00756376
3906	0.80163	0.608473	-0.467938	0.00775523
3907	0.792604	0.601868	-0.439166	0.00761926
3908	0.791438	0.60895	-0.44131	0.0076835
3909	0.794467	0.609008	-0.455397	0.00738055
3910	0.790458	0.610257	-0.443746	0.00829777
3911	0.791193	0.617554	-0.459694	0.00690252
3912	0.793337	0.612834	-0.436821	0.00844204
3913	0.792756	0.610747	-0.445246	0.00696685
3914	0.801427	0.609073	-0.4615	0.00720094
3915	0.7967	0.61423	-0.454796	0.00802159
3916	0.801171	0.616823	-0.441942	0.00639379
3917	0.797837	0.607983	-0.432641	0.0083381
3918	0.79006	0.603162	-0.454108	0.00703549
3919	0.792259	0.599467	-0.447983	0.00799966
3920	0.793752	0.608494	-0.447019	0.00771453
3921	0.79891	0.602524	-0.439138	0.00774319
3922	0.805431	0.601324	-0.439227	0.009764
3923	0.799013	0.605938	-0.445733	0.00782175
3924	0.793446	0.609034	-0.447927	0.00765399
3925	0.785138	0.602274	-0.446289	0.00824871
3926	0.781397	0.608214	-0.435815	0.00662559
3927	0.789789	0.604129	-0.435947	0.00652657
3928	0.787663	0.601103	-0.440173	0.00713733
3929	0.790591	0.601546	-0.431304	0.00941244
3930	0.791395	0.603843	-0.43863	0.00707813
3931	0.78517	0.60242	-0.439467	0.00806199
3932	0.785568	0.594699	-0.443654	0.00880562
3933	0.79167	0.588281	-0.4409	0.0089502
3934	0.796857	0.592746	-0.436526	0.0090595
3935	0.790087	0.591209	-0.438021	0.00843975
3936	0.790568	0.584498	-0.435951	0.00828224
3937	0.790819	0.593056	-0.441893	0.010382
3938	0.793433	0.599357	-0.449928	0.0080618
3939	0.789137	0.608545	-0.463142	0.00800267
3940	0.783494	0.614169	-0.448379	0.00663069
3941	0.779247	0.61646	-0.44105	0.00738478
3942	0.772082	0.613349	-0.451018	0.0082049
3943	0.773824	0.611299	-0.442926	0.0086196
3944	0.769469	0.614589	-0.439541	0.0092407
3945	0.765598	0.606444	-0.446834	0.00660875
3946	0.759037	0.602598	-0.430118	0.00794354
3947	0.76526	0.608668	-0.435923	0.00697425
3948	0.774364	0.615119	-0.456329	0.00710165
3949	0.774683	0.622182	-0.430734	0.0094079
3950	0.781742	0.630789	-0.43659	0.0066427
3951	0.775644	0.631374	-0.426797	0.00936457
3952	0.778962	0.627386	-0.439865	0.00792932
3953	0.785096	0.627562	-0.458227	0.00644068
3954	0.782331	0.618383	-0.439277	0.00721834
3955	0.777413	0.622671	-0.450736	0.00645033
3956	0.773852	0.617875	-0.448792	0.00660903
3957	0.774811	0.617622	-0.442969	0.00781258
3958	0.777819	0.613561	-0.435862	0.00979305
3959	0.782675	0.621493	-0.439598	0.00812481
3960	0.784995	0.613397	-0.45305	0.00783551
3961	0.77808	0.606506	-0.445735	0.00655441
3962	0.775357	0.613866	-0.438585	0.00738997
3963	0.773468	0.620209	-0.454843	0.007077
3964	0.782023	0.623085	-0.44541	0.00796249
3965	0.790321	0.630141	-0.449865	0.00561851
3966	0.794638	0.626844	-0.44698	0.00660085
3967	0.79203	0.630233	-0.448213	0.00770522
3968	0.789987	0.625019	-0.436562	0.00929846
3969	0.790545	0.632096	-0.438335	0.0124023
3970	0.787554	0.624097	-0.441928	0.00824656
3971	0.781498	0.619968	-0.444146	0.00652483
3972	0.782363	0.613521	-0.447448	0.00771034
3973	0.791333	0.617227	-0.440365	0.0117197
3974	0.794953	0.609054	-0.444131	0.00918618
3975	0.787475	0.612983	-0.439308	0.0103749
3976	0.79297	0.620562	-0.427193	0.00884775
3977	0.798201	0.618548	-0.45788	0.00986138
3978	0.793808	0.62542	-0.452717	0.00774551
3979	0.796161	0.625171	-0.448193	0.00737765
3980	0.793247	0.633602	-0.440208	0.00719334
3981	0.786754	0.632639	-0.44846	0.00901218
3982	0.779435	0.634271	-0.455834	0.00622248
3983	0.783995	0.630482	-0.421461	0.00962348
3984	0.789697	0.634223	-0.438574	0.0104353
3985	0.796591	0.627842	-0.440846	0.0127945
3986	0.797458	0.635016	-0.455378	0.00643813
3987	0.788675	0.637329	-0.431736	0.00932783
3988	0.782799	0.639736	-0.437407	0.00742898
3989	0.78946	0.632391	-0.459796	0.00636854
3990	0.78606	0.630669	-0.452583	0.00773547
3991	0.79452	0.637532	-0.440246	0.00704321
3992	0.78814	0.633181	-0.440414	0.00624681
3993	0.790984	0.632532	-0.452891	0.00692642
3994	0.782598	0.640675	-0.415517	0.0161896
3995	0.777735	0.645586	-0.445993	0.00710837
3996	0.772043	0.651989	-0.438421	0.00698586
3997	0.768688	0.656598	-0.427869	0.0106668
3998	0.77249	0.649837	-0.44294	0.0082319
3999	0.77991	0.641693	-0.436338	0.00732724
4000	0.773097	0.645163	-0.435871	0.00863319
4001	0.776643	0.639875	-0.430264	0.00868986
4002	0.767462	0.642663	-0.440641	0.00656847
4003	0.766675	0.636203	-0.430141	0.0101483
4004	0.758469	0.639389	-0.432683	0.006975
4005	0.75607	0.635576	-0.437751	0.00694511
4006	0.752739	0.631367	-0.442299	0.00916866
4007	0.752673	0.637329	-0.428161	0.0120562
4008	0.75899	0.628745	-0.435789	0.00626501
4009	0.758363	0.627636	-0.439314	0.00834493
4010	0.752717	0.635735	-0.431182	0.00580472
4011	0.761412	0.634121	-0.430623	0.00841887
4012	0.768413	0.637031	-0.428692	0.00833373
4013	0.776763	0.629488	-0.455565	0.00713118
4014	0.779685	0.631037	-0.455249	0.00765072
4015	0.786163	0.621907	-0.439748	0.00963303
4016	0.77766	0.624261	-0.450817	0.0078912
4017	0.772731	0.622174	-0.4252	0.0116944
4018	0.780488	0.626199	-0.450501	0.0075504
4019	0.789732	0.626652	-0.44536	0.00782488
4020	0.798037	0.632712	-0.441729	0.010093
4021	0.790459	0.64169	-0.45403	0.00650631
4022	0.787941	0.637766	-0.448058	0.0074561
4023	0.790818	0.63977	-0.429537	0.0104749
4024	0.782758	0.63099	-0.44813	0.00653696
4025	0.776174	0.631498	-0.434217	0.0100063
4026	0.775157	0.62253	-0.437008	0.00847254
4027	0.783103	0.6189	-0.43878	0.00823904
4028	0.783507	0.622729	-0.435836	0.00764023
4029	0.785782	0.627122	-0.455106	0.0068693
4030	0.785153	0.626248	-0.448801	0.00605802
4031	0.780652	0.634647	-0.444328	0.00726153
4032	0.783482	0.631319	-0.435909	0.00848738
4033	0.790877	0.624793	-0.447983	0.0086621
4034	0.795041	0.617401	-0.46023	0.00683406
4035	0.78932	0.608756	-0.43879	0.00760801
4036	0.791909	0.613948	-0.428896	0.00919318
4037	0.799867	0.619436	-0.436378	0.00775606
4038	0.805956	0.617671	-0.445518	0.00736986
4039	0.798333	0.614122	-0.439161	0.00839009
4040	0.796827	0.609628	-0.456555	0.00652875
4041	0.787576	0.60832	-0.444901	0.00608846
4042	0.786267	0.607486	-0.447127	0.00838252
4043	0.784361	0.609304	-0.435301	0.00706513
4044	0.780045	0.609447	-0.443143	0.00654285
4045	0.779836	0.60079	-0.428703	0.00796232
4046	0.781108	0.603685	-0.437875	0.00737285
4047	0.772224	0.601813	-0.434501	0.00762185
4048	0.779998	0.607757	-0.452973	0.00680905
4049	0.781349	0.606686	-0.460008	0.0063534
4050	0.790472	0.602931	-0.450284	0.00723185
4051	0.793038	0.602569	-0.440969	0.00762484
4052	0.801957	0.59376	-0.430867	0.00961632
4053	0.798673	0.602435	-0.438111	0.00737647
4054	0.802418	0.59675	-0.426478	0.00869567
4055	0.798924	0.593725	-0.435021	0.00861598
4056	0.800492	0.599301	-0.453505	0.00650482
4057	0.800269	0.59665	-0.447909	0.00721435
4058	0.795166	0.594059	-0.451931	0.00777691
4059	0.792688	0.593604	-0.427223	0.00834804
4060	0.794327	0.587893	-0.418908	0.00867333
4061	0.791087	0.589192	-0.434672	0.00974317
4062	0.788922	0.59572	-0.453353	0.00861198
4063	0.789462	0.604023	-0.447588	0.00657772
4064	0.790482	0.605568	-0.457091	0.00721989
4065	0.785023	0.600336	-0.447606	0.00736616
4066	0.784119	0.601984	-0.443409	0.0077874
4067	0.790201	0.595269	-0.437281	0.00927892
4068	0.79293	0.594429	-0.429087	0.0086017
4069	0.792838	0.600061	-0.446929	0.00893915
4070	0.792065	0.590896	-0.435716	0.00868385
4071	0.786529	0.592594	-0.449504	0.00844864
4072	0.77745	0.59851	-0.449255	0.00787304
4073	0.773055	0.60307	-0.44353	0.00791847
4074	0.770927	0.607012	-0.441388	0.0094601
4075	0.774028	0.612801	-0.451207	0.00636734
4076	0.778424	0.607034	-0.428167	0.00862906
4077	0.770212	0.613755	-0.438306	0.00717027
4078	0.767463	0.619008	-0.438013	0.00586811
4079	0.765416	0.613245	-0.432451	0.00631544
4080	0.75993	0.618784	-0.427282	0.00835224
4081	0.766414	0.619455	-0.441035	0.00849814
4082	0.773919	0.616881	-0.433098	0.0117115
4083	0.779578	0.624603	-0.446235	0.00850184
4084	0.77887	0.627674	-0.43995	0.00764348
4085	0.775763	0.628449	-0.443718	0.00811458
4086	0.770903	0.621838	-0.437505	0.0074156
4087	0.778387	0.624837	-0.450527	0.00696452
4088	0.784488	0.617935	-0.435916	0.00997211
4089	0.785982	0.626818	-0.445667	0.008946
4090	0.788506	0.624789	-0.436513	0.00876201
4091	0.781242	0.620546	-0.445188	0.00845239
4092	0.778033	0.621066	-0.420621	0.0114548
4093	0.775082	0.616214	-0.436529	0.00726628
4094	0.779329	0.618666	-0.438817	0.00852178
4095	0.774112	0.61376	-0.436564	0.00749635
4096	0.781719	0.610582	-0.440918	0.00864428
4097	0.786745	0.601902	-0.437921	0.00770616
4098	0.789256	0.601545	-0.449201	0.00725383
4099	0.791931	0.60447	-0.430476	0.0104769
4100	0.800033	0.598646	-0.454062	0.00788555
4101	0.793694	0.603495	-0.432762	0.00846116
4102	0.792523	0.603614	-0.462799	0.00804968
4103	0.799909	0.601631	-0.448575	0.00837195
4104	0.806131	0.603323	-0.438699	0.00905532
4105	0.808658	0.608499	-0.446942	0.00747504
4106	0.810233	0.610071	-0.449563	0.00853365
4107	0.808878	0.618769	-0.451671	0.0103086
4108	0.813913	0.613008	-0.449153	0.00706288
4109	0.811494	0.618368	-0.438723	0.00779004
4110	0.815272	0.625387	-0.448299	0.0100153
4111	0.812018	0.631688	-0.453323	0.0111181
4112	0.809039	0.627996	-0.434521	0.0113065
4113	0.800834	0.620982	-0.446995	0.00680945
4114	0.809588	0.620064	-0.446511	0.00813289
4115	0.811189	0.612907	-0.437092	0.0101525
4116	0.816632	0.614575	-0.432145	0.00813394
4117	0.820209	0.605507	-0.444059	0.00716242
4118	0.812226	0.60666	-0.447794	0.00729026
4119	0.820129	0.603703	-0.435625	0.00842793
4120	0.818054	0.612807	-0.441262	0.00716994
4121	0.810906	0.615226	-0.449498	0.00823943
4122	0.816764	0.614893	-0.443755	0.0068909
4123	0.809321	0.620602	-0.443768	0.0110824
4124	0.811757	0.611967	-0.439055	0.00761957
4125	0.815824	0.613036	-0.446432	0.00968238
4126	0.808904	0.613698	-0.467419	0.00862033
4127	0.806491	0.621218	-0.446051	0.00681814
4128	0.813181	0.613321	-0.453756	0.00785808
4129	0.81457	0.605992	-0.45482	0.00911602
4130	0.815518	0.613457	-0.448074	0.00743851
4131	0.818671	0.609935	-0.456516	0.00714788
4132	0.815835	0.602524	-0.433702	0.0105259
4133	0.808276	0.608438	-0.426731	0.0115163
4134	0.806203	0.611669	-0.455331	0.0084744
4135	0.798103	0.616606	-0.448195	0.00741579
4136	0.798064	0.608769	-0.447569	0.00772224
4137	0.788936	0.616011	-0.434647	0.00774286
4138	0.791622	0.610774	-0.44488	0.00729048
4139	0.791907	0.618635	-0.460046	0.0057522
4140	0.801023	0.616916	-0.44463	0.00752997
4141	0.800336	0.622104	-0.436332	0.00759659
4142	0.809245	0.623163	-0.424282	0.0148958
4143	0.807221	0.626234	-0.442179	0.00705145
4144	0.801139	0.632574	-0.440701	0.0109185
4145	0.798203	0.638782	-0.419838	0.0156983
4146	0.797854	0.642535	-0.428429	0.0106662
4147	0.805356	0.640891	-0.433448	0.0156044
4148	0.807148	0.637649	-0.445327	0.00885614
4149	0.811242	0.6334	-0.445119	0.00903208
4150	0.819652	0.635052	-0.430211	0.0121156
4151	0.815776	0.628009	-0.440161	0.00878096
4152	0.811448	0.620685	-0.451393	0.0062971
4153	0.807115	0.621351	-0.437094	0.00946802
4154	0.815142	0.621596	-0.446049	0.00719653
4155	0.812516	0.618196	-0.430817	0.0147043
4156	0.803991	0.626016	-0.44711	0.00704215
4157	0.796432	0.622886	-0.447554	0.00672952
4158	0.795729	0.628584	-0.44446	0.00727555
4159	0.793473	0.622224	-0.412441	0.0129289
4160	0.794618	0.614764	-0.442025	0.00734536
4161	0.792088	0.618347	-0.444087	0.00681097
4162	0.791172	0.621042	-0.452327	0.00697057
4163	0.782321	0.618575	-0.439772	0.00773224
4164	0.783683	0.621801	-0.442946	0.00735107
4165	0.77948	0.623262	-0.432223	0.00992713
4166	0.776366	0.624859	-0.436669	0.00881454
4167	0.778448	0.625696	-0.438324	0.00608725
4168	0.772529	0.632538	-0.44697	0.00828679
4169	0.781692	0.62964	-0.444367	0.0102895
4170	0.781511	0.631753	-0.44276	0.00733253
4171	0.778081	0.637447	-0.425869	0.0109918
4172	0.779284	0.633057	-0.441829	0.0076091
4173	0.771881	0.631654	-0.439715	0.00628031
4174	0.778047	0.63001	-0.44853	0.00759573
4175	0.787044	0.637798	-0.44205	0.00808028
4176	0.795406	0.636052	-0.438724	0.00859498
4177	0.792694	0.641318	-0.440285	0.00966367
4178	0.797711	0.642076	-0.451505	0.00647888
4179	0.795052	0.636166	-0.436675	0.0109068
4180	0.799162	0.629454	-0.444288	0.00650178
4181	0.807813	0.622782	-0.440433	0.00938282
4182	0.812347	0.62081	-0.450712	0.00660413
4183	0.81337	0.629404	-0.44271	0.00855336
4184	0.817261	0.629072	-0.43878	0.00982633
4185	0.809941	0.622034	-0.448796	0.0112972
4186	0.818754	0.631039	-0.429063	0.0104368
4187	0.8192	0.624975	-0.443656	0.00734534
4188	0.816281	0.621331	-0.456856	0.00690512
4189	0.815617	0.620225	-0.455718	0.00665014
4190	0.820675	0.623514	-0.446909	0.0103418
4191	0.819557	0.616516	-0.438129	0.00774891
4192	0.813958	0.612176	-0.42819	0.00919486
4193	0.816003	0.620805	-0.452573	0.00669713
4194	0.808736	0.62665	-0.444834	0.00966944
4195	0.809164	0.624628	-0.440606	0.00955123
4196	0.800546	0.620678	-0.444914	0.00883088
4197	0.807268	0.624357	-0.414138	0.0152392
4198	0.807259	0.620903	-0.446163	0.00706201
4199	0.79814	0.624648	-0.444897	0.00803468
4200	0.799388	0.62111	-0.44113	0.011243
4201	0.79821	0.621016	-0.447548	0.00793879
4202	0.801067	0.613161	-0.442918	0.0100317
4203	0.793581	0.613583	-0.436121	0.00767612
4204	0.785159	0.619418	-0.448707	0.00864685
4205	0.789775	0.617835	-0.436188	0.00819627
4206	0.789197	0.611816	-0.449243	0.00777909
4207	0.786132	0.61955	-0.460366	0.00688313
4208	0.777875	0.625246	-0.440396	0.00673634
4209	0.78226	0.619603	-0.452907	0.00795537
4210	0.788967	0.616741	-0.448101	0.00741612
4211	0.785863	0.614845	-0.446527	0.00758923
4212	0.782416	0.620929	-0.444704	0.00726659
4213	0.783848	0.623275	-0.454073	0.00590551
4214	0.790727	0.614532	-0.440756	0.00802876
4215	0.792862	0.623097	-0.458844	0.00722385
4216	0.789135	0.622547	-0.451752	0.00944928
4217	0.785049	0.628988	-0.435995	0.00816426
4218	0.782071	0.626957	-0.454423	0.00597283
4219	0.783211	0.629499	-0.453162	0.00715682
4220	0.78971	0.622983	-0.443442	0.00816195
4221	0.785267	0.618991	-0.441223	0.00694781
4222	0.791692	0.622019	-0.450573	0.00780831
4223	0.790047	0.627615	-0.4394	0.0073828
4224	0.79508	0.62178	-0.430754	0.00912726
4225	0.791426	0.623482	-0.434211	0.00904613
4226	0.790426	0.622245	-0.451364	0.00814807
4227	0.786149	0.619497	-0.451196	0.00736525
4228	0.786369	0.612306	-0.447478	0.00788084
4229	0.783038	0.616088	-0.442238	0.00779701
4230	0.782215	0.61105	-0.44308	0.00734319
4231	0.789831	0.610044	-0.433751	0.00779692
4232	0.784671	0.602429	-0.439129	0.00740054
4233	0.793263	0.595027	-0.43874	0.00834134
4234	0.794878	0.597574	-0.424474	0.00812739
4235	0.794225	0.592285	-0.433304	0.00900271
4236	0.787618	0.601229	-0.435527	0.00820187
4237	0.781224	0.601808	-0.434652	0.0069695
4238	0.788004	0.601698	-0.416258	0.00930045
4239	0.78143	0.6061	-0.444279	0.00788244
4240	0.781234	0.607296	-0.460566	0.0067586
4241	0.79015	0.599249	-0.449479	0.00801602
4242	0.782801	0.606615	-0.421407	0.00918783
4243	0.781447	0.605447	-0.443807	0.00916331
4244	0.773402	0.60506	-0.448646	0.00842621
4245	0.77024	0.611603	-0.450099	0.00702121
4246	0.776148	0.616841	-0.449427	0.0075742
4247	0.780655	0.620288	-0.428467	0.0133078
4248	0.778598	0.620693	-0.438639	0.00799627
4249	0.779418	0.629587	-0.441179	0.00926302
4250	0.778734	0.622439	-0.445285	0.00645502
4251	0.778287	0.617265	-0.438346	0.00849611
4252	0.778769	0.626223	-0.433269	0.00732827
4253	0.770438	0.620848	-0.4483	0.00655361
4254	0.772841	0.611807	-0.444418	0.00781028
4255	0.772739	0.608021	-0.44	0.00759592
4256	0.779232	0.60679	-0.438196	0.00734227
4257	0.776441	0.615512	-0.427694	0.0101161
4258	0.782389	0.607774	-0.440685	0.0067778
4259	0.776837	0.606069	-0.441958	0.008613
4260	0.769619	0.606217	-0.450406	0.00690095
4261	0.767857	0.612681	-0.449772	0.00746882
4262	0.773884	0.621235	-0.439344	0.00715973
4263	0.769734	0.622511	-0.451051	0.0065879
4264	0.772736	0.618595	-0.457743	0.00635036
4265	0.775837	0.612802	-0.440388	0.00909193
4266	0.776656	0.613552	-0.435702	0.0113367
4267	0.778881	0.613169	-0.438528	0.00899814
4268	0.775157	0.604908	-0.441242	0.00729917
4269	0.774126	0.602292	-0.438027	0.00753064
4270	0.776362	0.603565	-0.433619	0.00839729
4271	0.784515	0.599261	-0.437044	0.00844189
4272	0.784873	0.595412	-0.437631	0.00866812
4273	0.790335	0.598274	-0.449432	0.00794655
4274	0.798378	0.594657	-0.451721	0.00844973
4275	0.79179	0.601633	-0.44185	0.0078154
4276	0.785615	0.606866	-0.44212	0.00754323
4277	0.794352	0.612149	-0.444572	0.00721446
4278	0.789296	0.618973	-0.443887	0.0103875
4279	0.783437	0.624222	-0.432372	0.00911336
4280	0.783186	0.628252	-0.433208	0.00903522
4281	0.78614	0.628128	-0.449688	0.00698234
4282	0.77703	0.624204	-0.450373	0.00703214
4283	0.778366	0.622256	-0.449869	0.00686717
4284	0.783752	0.616666	-0.45743	0.00708499
4285	0.781526	0.61118	-0.43241	0.00798312
4286	0.787763	0.610346	-0.468329	0.00650266
4287	0.790973	0.60387	-0.452391	0.00836729
4288	0.785527	0.610726	-0.432974	0.0079109
4289	0.787344	0.604324	-0.446664	0.00980325
4290	0.783258	0.598695	-0.45437	0.00974544
4291	0.780355	0.595625	-0.45769	0.00829346
4292	0.77664	0.593452	-0.442929	0.00738514
4293	0.778442	0.589264	-0.433074	0.00879625
4294	0.775175	0.589929	-0.426971	0.00913423
4295	0.76979	0.598449	-0.447547	0.00824488
4296	0.769271	0.597925	-0.428172	0.00863027
4297	0.772894	0.600273	-0.454489	0.00877187
4298	0.765144	0.607816	-0.435684	0.00827379
4299	0.772949	0.615174	-0.443615	0.00702743
4300	0.770217	0.617899	-0.434401	0.00600813
4301	0.775189	0.622644	-0.436454	0.00693708
4302	0.773798	0.624222	-0.445588	0.00700411
4303	0.775435	0.61732	-0.446086	0.00735627
4304	0.773561	0.62159	-0.432571	0.00826617
4305	0.775375	0.629248	-0.44487	0.00672682
4306	0.78381	0.630853	-0.465571	0.0077969
4307	0.788639	0.625329	-0.448547	0.00656775
4308	0.793331	0.622091	-0.453345	0.00764231
4309	0.795582	0.616147	-0.454421	0.00852406
4310	0.80139	0.608297	-0.445437	0.00719662
4311	0.800752	0.614946	-0.446976	0.00747167
4312	0.797597	0.617655	-0.426901	0.0107132
4313	0.7958	0.614838	-0.436909	0.00741541
4314	0.790085	0.617612	-0.437043	0.00580946
4315	0.788749	0.619917	-0.449893	0.00706641
4316	0.791136	0.611395	-0.448066	0.00815905
4317	0.785407	0.619286	-0.446117	0.00721712
4318	0.784115	0.627278	-0.447533	0.0090988
4319	0.790893	0.624133	-0.437576	0.00937752
4320	0.798074	0.618061	-0.42649	0.0125246
4321	0.801602	0.613779	-0.445198	0.00743678
4322	0.794823	0.611032	-0.450829	0.00671068
4323	0.796999	0.612807	-0.448136	0.00765732
4324	0.790908	0.617164	-0.432168	0.021154
4325	0.79371	0.621624	-0.431426	0.00965157
4326	0.791933	0.616789	-0.441043	0.00685609
4327	0.786341	0.616508	-0.443351	0.00702143
4328	0.778855	0.608716	-0.441632	0.00798289
4329	0.771174	0.617076	-0.427057	0.0067655
4330	0.780069	0.617349	-0.437626	0.00798998
4331	0.773217	0.622191	-0.446849	0.00758143
4332	0.768126	0.619989	-0.449528	0.00696778
4333	0.773652	0.627078	-0.45092	0.00677342
4334	0.77629	0.626832	-0.444679	0.0070439
4335	0.779422	0.620985	-0.441888	0.00865118
4336	0.777989	0.6252	-0.450713	0.00877772
4337	0.777863	0.616041	-0.444815	0.00775602
4338	0.771242	0.609376	-0.453063	0.00755219
4339	0.772138	0.605042	-0.440492	0.00942197
4340	0.780922	0.609654	-0.447591	0.00728284
4341	0.775933	0.610931	-0.447486	0.00721593
4342	0.783671	0.619361	-0.422393	0.0100427
4343	0.790085	0.627646	-0.43584	0.00706081
4344	0.796176	0.618951	-0.448234	0.00729405
4345	0.805104	0.620964	-0.435459	0.00919338
4346	0.797675	0.627237	-0.431509	0.0108288
4347	0.791487	0.62591	-0.437144	0.00740917
4348	0.785598	0.625688	-0.440567	0.00856646
4349	0.78345	0.630339	-0.43922	0.00696834
4350	0.792041	0.635522	-0.444846	0.00737262
4351	0.791667	0.634345	-0.434196	0.00868234
4352	0.783768	0.632765	-0.442483	0.0111178
4353	0.787946	0.628256	-0.447945	0.00823414
4354	0.783652	0.623904	-0.445751	0.00942487
4355	0.78915	0.626937	-0.449395	0.00781777
4356	0.790325	0.618104	-0.441308	0.00911951
4357	0.796432	0.622265	-0.42266	0.0143779
4358	0.787615	0.617924	-0.45346	0.00797312
4359	0.778515	0.610055	-0.438464	0.00762941
4360	0.776321	0.618585	-0.448617	0.00778701
4361	0.769577	0.623082	-0.43756	0.00804449
4362	0.771875	0.630518	-0.445667	0.00661849
4363	0.763413	0.624554	-0.4405	0.00806953
4364	0.768476	0.62773	-0.4074	0.0127168
4365	0.777556	0.629055	-0.440724	0.00768106
4366	0.768609	0.63092	-0.442915	0.00700224
4367	0.769414	0.636961	-0.43482	0.00744431
4368	0.762055	0.633519	-0.443107	0.00742412
4369	0.767832	0.626734	-0.442063	0.00726541
4370	0.764624	0.631333	-0.449191	0.00711527
4371	0.768645	0.635005	-0.442619	0.00822943
4372	0.763379	0.630389	-0.440096	0.00693684
4373	0.760011	0.63575	-0.447653	0.00786314
4374	0.768593	0.633222	-0.439423	0.00703519
4375	0.771141	0.632168	-0.449079	0.00651497
4376	0.769912	0.639928	-0.432493	0.0102643
4377	0.773073	0.639483	-0.429241	0.011547
4378	0.774483	0.631155	-0.442343	0.00664774
4379	0.778231	0.634642	-0.443559	0.00893841
4380	0.774813	0.626158	-0.435666	0.00679766
4381	0.783113	0.63385	-0.444943	0.00647778
4382	0.791696	0.631292	-0.448318	0.00721591
4383	0.790996	0.622592	-0.436396	0.00837346
4384	0.798272	0.621051	-0.417674	0.0126641
4385	0.797248	0.61713	-0.445802	0.00790386
4386	0.802408	0.615893	-0.442905	0.00816543
4387	0.803443	0.622748	-0.43882	0.00787175
4388	0.798453	0.621488	-0.439584	0.0106072
4389	0.797841	0.61591	-0.43872	0.00747727
4390	0.800572	0.61964	-0.442996	0.0077309
4391	0.797733	0.618279	-0.439748	0.00718291
4392	0.800655	0.619702	-0.441358	0.00862616
4393	0.795028	0.623697	-0.440544	0.00654546
4394	0.787305	0.619185	-0.442326	0.00700153
4395	0.786074	0.621175	-0.440749	0.00789491
4396	0.782457	0.618981	-0.456265	0.00728775
4397	0.77851	0.611231	-0.455188	0.00689502
4398	0.783857	0.607587	-0.430536	0.0079823
4399	0.779839	0.613333	-0.439241	0.00822141
4400	0.787971	0.607348	-0.436906	0.0101116
4401	0.779797	0.608945	-0.429439	0.00796648
4402	0.782545	0.60672	-0.448844	0.00707826
4403	0.786037	0.603739	-0.433849	0.0085472
4404	0.782067	0.60563	-0.436479	0.00745915
4405	0.776743	0.597671	-0.447227	0.008471
4406	0.773432	0.600158	-0.441223	0.00770212
4407	0.76652	0.603679	-0.421377	0.0116908
4408	0.774378	0.607673	-0.449438	0.00685596
4409	0.776176	0.607164	-0.445741	0.00775846
4410	0.768449	0.613984	-0.436936	0.00825579
4411	0.776323	0.605227	-0.432834	0.00743622
4412	0.781031	0.599923	-0.448086	0.00974666
4413	0.789482	0.600932	-0.435519	0.00838392
4414	0.787773	0.606729	-0.433863	0.0083067
4415	0.789354	0.603379	-0.438704	0.00787944
4416	0.793193	0.596496	-0.438965	0.00901851
4417	0.7976	0.597947	-0.438043	0.00846354
4418	0.798848	0.600859	-0.437012	0.00701279
4419	0.800063	0.6002	-0.42895	0.00863864
4420	0.806031	0.604236	-0.45164	0.00830481
4421	0.81113	0.6015	-0.450635	0.00855815
4422	0.807947	0.610313	-0.449285	0.00893162
4423	0.809209	0.618197	-0.434939	0.00776932
4424	0.808704	0.621236	-0.449236	0.00665542
4425	0.807614	0.619573	-0.447011	0.00996614
4426	0.802663	0.618853	-0.443348	0.00653744
4427	0.799171	0.613571	-0.447625	0.00848272
4428	0.795879	0.615404	-0.450801	0.00640124
4429	0.799462	0.608536	-0.447662	0.00752362
4430	0.801486	0.610446	-0.443583	0.0102278
4431	0.798655	0.611471	-0.448849	0.00766281
4432	0.801015	0.609056	-0.448474	0.00716683
4433	0.805215	0.616484	-0.442343	0.00923681
4434	0.81238	0.618332	-0.439224	0.00815793
4435	0.809828	0.61251	-0.439273	0.00666789
4436	0.811915	0.605561	-0.434642	0.0064912
4437	0.819684	0.59893	-0.443994	0.00902658
4438	0.81856	0.596337	-0.441104	0.00749439
4439	0.811723	0.602952	-0.447719	0.00727738
4440	0.810347	0.607083	-0.427752	0.0103271
4441	0.804744	0.608676	-0.449614	0.00793911
4442	0.796177	0.605327	-0.431263	0.00718237
4443	0.793024	0.606684	-0.453293	0.00726771
4444	0.797502	0.612459	-0.454828	0.00724763
4445	0.795917	0.609991	-0.434381	0.00822773
4446	0.789168	0.609623	-0.4499	0.00823743
4447	0.782513	0.61375	-0.437063	0.00922948
4448	0.78446	0.615936	-0.44629	0.00725562
4449	0.783153	0.610681	-0.452626	0.00786927
4450	0.782728	0.610726	-0.443536	0.0106591
4451	0.788525	0.611038	-0.441691	0.00827173
4452	0.796868	0.604905	-0.430742	0.0112436
4453	0.805362	0.607249	-0.437339	0.006742
4454	0.803597	0.602339	-0.439493	0.00809449
4455	0.80498	0.608764	-0.447965	0.00775409
4456	0.80397	0.604548	-0.442045	0.00863012
4457	0.796566	0.597127	-0.442335	0.00811457
4458	0.789368	0.595819	-0.44964	0.00789637
4459	0.785813	0.595397	-0.427118	0.00877813
4460	0.788725	0.598892	-0.4411	0.00984239
4461	0.781375	0.601263	-0.446587	0.00779387
4462	0.780404	0.603938	-0.459654	0.00866648
4463	0.782217	0.612267	-0.449165	0.00689765
4464	0.774198	0.608772	-0.450707	0.00715698
4465	0.765376	0.613287	-0.448982	0.00689715
4466	0.772139	0.618302	-0.437687	0.00788784
4467	0.772555	0.624543	-0.435257	0.00767362
4468	0.775477	0.622113	-0.431349	0.00910423
4469	0.779165	0.61313	-0.44092	0.00728383
4470	0.784829	0.621358	-0.446798	0.00847073
4471	0.779743	0.621848	-0.427372	0.00874306
4472	0.785542	0.628798	-0.434011	0.012005
4473	0.778137	0.622365	-0.445447	0.00695242
4474	0.773739	0.630531	-0.435173	0.00836961
4475	0.768043	0.635054	-0.437747	0.0060994
4476	0.766593	0.626362	-0.428547	0.010232
4477	0.767349	0.620851	-0.439232	0.0071379
4478	0.770252	0.625708	-0.45343	0.00746133
4479	0.775708	0.628573	-0.461925	0.00650209
4480	0.78196	0.631625	-0.443978	0.00654661
4481	0.787904	0.629428	-0.456383	0.00670457
4482	0.786413	0.623188	-0.445725	0.00656029
4483	0.793593	0.616502	-0.422714	0.010574
4484	0.797142	0.621637	-0.442703	0.00742989
4485	0.799822	0.618376	-0.444337	0.00705161
4486	0.804161	0.62243	-0.455188	0.00713107
4487	0.805736	0.616106	-0.447266	0.00868642
4488	0.802821	0.608086	-0.444834	0.00783456
4489	0.794546	0.615947	-0.450219	0.00655434
4490	0.786522	0.60899	-0.437781	0.0086314
4491	0.781105	0.613814	-0.448658	0.0058274
4492	0.780916	0.615779	-0.437706	0.00739569
4493	0.777913	0.612188	-0.435915	0.00873471
4494	0.782879	0.614166	-0.44318	0.0071267
4495	0.786426	0.621624	-0.443395	0.0069881
4496	0.794229	0.617306	-0.443728	0.00877816
4497	0.795672	0.609711	-0.443841	0.00684571
4498	0.794821	0.606687	-0.44045	0.00880169
4499	0.786101	0.614527	-0.439462	0.00795808
4500	0.79197	0.616929	-0.443671	0.00799127
4501	0.792615	0.622828	-0.443121	0.00929752
4502	0.795314	0.628929	-0.448948	0.00794481
4503	0.798385	0.632581	-0.449631	0.00820536
4504	0.7929	0.62704	-0.45612	0.00620103
4505	0.801256	0.630729	-0.451835	0.00944981
4506	0.795035	0.628236	-0.431356	0.00839561
4507	0.797966	0.63463	-0.441649	0.00667532
4508	0.797288	0.626229	-0.445192	0.00821719
4509	0.793875	0.618345	-0.447117	0.00773545
4510	0.801342	0.622838	-0.448401	0.00829188
4511	0.803475	0.617022	-0.442434	0.00753764
4512	0.808085	0.615568	-0.438703	0.00816027
4513	0.805805	0.608687	-0.448459	0.00624953
4514	0.797288	0.60695	-0.450721	0.00849818
4515	0.794976	0.609334	-0.453401	0.00674241
4516	0.803706	0.608156	-0.451958	0.0108996
4517	0.801149	0.608314	-0.434692	0.00744212
4518	0.808581	0.61052	-0.460979	0.00665279
4519	0.803599	0.613415	-0.441483	0.00837244
4520	0.810946	0.610848	-0.451763	0.00923543
4521	0.819077	0.611012	-0.43441	0.00939673
4522	0.815994	0.617921	-0.441018	0.00903643
4523	0.813021	0.617973	-0.439702	0.0072004
4524	0.807479	0.62181	-0.428761	0.0124926
4525	0.808965	0.628013	-0.448624	0.00762522
4526	0.804372	0.626055	-0.442803	0.0115239
4527	0.811095	0.627598	-0.435063	0.00651205
4528	0.802203	0.630895	-0.459175	0.00707442
4529	0.808105	0.629966	-0.4475	0.0102971
4530	0.804903	0.628147	-0.444815	0.00839703
4531	0.803392	0.620682	-0.44789	0.0074084
4532	0.803847	0.621299	-0.446184	0.00646916
4533	0.809608	0.63009	-0.436003	0.00961405
4534	0.803344	0.625717	-0.446987	0.00879624
4535	0.79568	0.631392	-0.447354	0.00718888
4536	0.79019	0.624252	-0.432856	0.00735664
4537	0.793998	0.621253	-0.445055	0.00764359
4538	0.795204	0.616657	-0.457215	0.00671975
4539	0.792028	0.618771	-0.433222	0.00874641
4540	0.795399	0.625965	-0.434925	0.00750192
4541	0.795388	0.621078	-0.452807	0.00724569
4542	0.801187	0.625747	-0.449407	0.0069542
4543	0.798278	0.621643	-0.443204	0.010199
4544	0.794032	0.627631	-0.454228	0.00619813
4545	0.796692	0.633116	-0.454653	0.00698643
4546	0.788825	0.641562	-0.435728	0.00756498
4547	0.793932	0.632584	-0.446199	0.012051
4548	0.792321	0.626761	-0.439763	0.00733751
4549	0.791495	0.629456	-0.447988	0.00707446
4550	0.79924	0.626058	-0.438781	0.0081666
4551	0.793675	0.634214	-0.438264	0.0090151
4552	0.795026	0.637191	-0.433596	0.0147558
4553	0.79804	0.633731	-0.439743	0.00574885
4554	0.798982	0.633899	-0.446141	0.0068606
4555	0.795941	0.627229	-0.451822	0.00566517
4556	0.800878	0.624558	-0.454605	0.00717341
4557	0.796478	0.616127	-0.450431	0.00753463
4558	0.804206	0.616209	-0.445886	0.0083637
4559	0.804546	0.608397	-0.441535	0.00794176
4560	0.805941	0.601751	-0.451866	0.0079494
4561	0.797896	0.59584	-0.439814	0.00885774
4562	0.805587	0.601073	-0.441717	0.00940098
4563	0.809542	0.606625	-0.451872	0.0086922
4564	0.817025	0.602154	-0.437148	0.00888068
4565	0.817677	0.595991	-0.428907	0.00782928
4566	0.816825	0.593266	-0.45277	0.00848956
4567	0.811323	0.598898	-0.452591	0.00698566
4568	0.814177	0.607555	-0.448126	0.00897721
4569	0.818	0.607824	-0.437658	0.0108491
4570	0.814496	0.60775	-0.437442	0.00821405
4571	0.807721	0.616235	-0.422643	0.0261094
4572	0.805693	0.615239	-0.446407	0.0144121
4573	0.812513	0.611166	-0.448087	0.00728997
4574	0.820431	0.612286	-0.448208	0.0071062
4575	0.822484	0.608905	-0.445847	0.0070656
4576	0.81616	0.603612	-0.447376	0.0078006
4577	0.810366	0.605427	-0.455897	0.00747446
4578	0.813714	0.606372	-0.441312	0.00817497
4579	0.812705	0.614426	-0.435432	0.0109366
4580	0.817512	0.620333	-0.436581	0.00837094
4581	0.810704	0.622001	-0.4495	0.0080177
4582	0.814835	0.619756	-0.445563	0.00795341
4583	0.808969	0.624799	-0.439184	0.00841717
4584	0.809123	0.617278	-0.454365	0.0089687
4585	0.807963	0.613044	-0.45294	0.00719355
4586	0.809417	0.618075	-0.443696	0.00777724
4587	0.813308	0.609349	-0.442274	0.00967257
4588	0.821417	0.61519	-0.443255	0.0090358
4589	0.823128	0.608979	-0.454056	0.00807351
4590	0.822	0.613311	-0.446581	0.00888149
4591	0.818939	0.606071	-0.436655	0.00995506
4592	0.81045	0.609453	-0.443834	0.0109707
4593	0.810532	0.614351	-0.426603	0.00995377
4594	0.816571	0.614424	-0.438078	0.0113079
4595	0.819284	0.612528	-0.453301	0.00808982
4596	0.814437	0.614997	-0.435187	0.00821234
4597	0.805371	0.613384	-0.442268	0.0100903
4598	0.803889	0.613591	-0.432806	0.00804169
4599	0.809769	0.61838	-0.44935	0.00788684
4600	0.817176	0.623346	-0.457248	0.00753736
4601	0.813089	0.61465	-0.454708	0.00715817
4602	0.820661	0.622509	-0.449659	0.00739142
4603	0.812973	0.617488	-0.448308	0.00739081
4604	0.813694	0.612709	-0.461108	0.00732323
4605	0.81704	0.610581	-0.442646	0.00917331
4606	0.808519	0.618574	-0.44268	0.00808038
4607	0.808275	0.614439	-0.440242	0.0145549
4608	0.810923	0.611015	-0.437159	0.00890844
4609	0.809928	0.610838	-0.448169	0.00805229
4610	0.817129	0.615385	-0.431264	0.00828385
4611	0.817653	0.606757	-0.439959	0.00829625
4612	0.82043	0.603526	-0.442341	0.00771172
4613	0.814231	0.606454	-0.437136	0.0104778
4614	0.819777	0.615187	-0.452257	0.00917204
4615	0.816107	0.606804	-0.439328	0.0090351
4616	0.809549	0.61372	-0.439217	0.00934307
4617	0.81337	0.61438	-0.436777	0.00983477
4618	0.81707	0.619037	-0.44059	0.00783001
4619	0.817233	0.621727	-0.44492	0.00823034
4620	0.809797	0.626188	-0.445548	0.00798211
4621	0.80754	0.625948	-0.446638	0.0071066
4622	0.799099	0.622748	-0.45073	0.00856115
4623	0.79111	0.621359	-0.429719	0.0123551
4624	0.797968	0.61421	-0.448852	0.00787776
4625	0.790105	0.608036	-0.445796	0.00722066
4626	0.798919	0.611397	-0.426481	0.00861457
4627	0.796279	0.613779	-0.456231	0.00744535
4628	0.7886	0.615556	-0.439555	0.00846994
4629	0.790174	0.624002	-0.440684	0.00696847
4630	0.79659	0.620652	-0.456524	0.0102667
4631	0.804338	0.619713	-0.458892	0.00705711
4632	0.800551	0.623051	-0.44242	0.00668228
4633	0.799282	0.620136	-0.425091	0.01114
4634	0.807428	0.615388	-0.430392	0.00975205
4635	0.798387	0.606825	-0.456239	0.00766422
4636	0.801562	0.61078	-0.452491	0.0074504
4637	0.795827	0.604443	-0.459883	0.00741333
4638	0.792806	0.605395	-0.459475	0.00779279
4639	0.791047	0.612777	-0.445228	0.00984361
4640	0.788708	0.608879	-0.44661	0.00879357
4641	0.784425	0.601282	-0.446189	0.00820783
4642	0.793442	0.601102	-0.438645	0.0082589
4643	0.786611	0.609547	-0.447071	0.00698619
4644	0.794272	0.617041	-0.446773	0.00699107
4645	0.797631	0.619695	-0.449508	0.00659804
4646	0.789857	0.617435	-0.444496	0.00721738
4647	0.791781	0.619177	-0.444651	0.00743726
4648	0.792606	0.61812	-0.424477	0.0105052
4649	0.799702	0.623366	-0.45546	0.00783293
4650	0.791032	0.630875	-0.436636	0.00893002
4651	0.784582	0.626141	-0.435871	0.00829018
4652	0.793426	0.625406	-0.460326	0.0061187
4653	0.795361	0.623276	-0.455706	0.00624188
4654	0.787204	0.626589	-0.442192	0.00962871
4655	0.794862	0.624156	-0.452131	0.00673885
4656	0.802724	0.620692	-0.411362	0.0100712
4657	0.796839	0.620727	-0.442211	0.00719043
4658	0.789736	0.621291	-0.452385	0.00688663
4659	0.796627	0.629262	-0.436987	0.00805786
4660	0.794561	0.625451	-0.439938	0.00760979
4661	0.789154	0.622423	-0.451977	0.00654279
4662	0.788175	0.624851	-0.429752	0.00908244
4663	0.78344	0.625719	-0.448261	0.0073661
4664	0.78118	0.618778	-0.444086	0.00698678
4665	0.775179	0.622179	-0.442962	0.00760029
4666	0.779228	0.62591	-0.443719	0.00764828
4667	0.776377	0.629026	-0.432309	0.0079686
4668	0.78052	0.63434	-0.445588	0.00981144
4669	0.789076	0.632251	-0.423532	0.012325
4670	0.792789	0.624902	-0.443049	0.00656912
4671	0.794593	0.623788	-0.43803	0.00836939
4672	0.794806	0.618278	-0.430734	0.0103076
4673	0.799351	0.617799	-0.45666	0.00638132
4674	0.792927	0.618754	-0.430771	0.00915106
4675	0.801041	0.615878	-0.455461	0.00647671
4676	0.793352	0.621722	-0.43774	0.007737
4677	0.786884	0.617694	-0.446564	0.0085002
4678	0.795531	0.615378	-0.434614	0.00811054
4679	0.801238	0.606957	-0.432252	0.00805254
4680	0.808689	0.604695	-0.440263	0.0067893
4681	0.810639	0.613476	-0.441117	0.00692296
4682	0.805059	0.616769	-0.424199	0.0185438
4683	0.797265	0.611956	-0.435446	0.00829285
4684	0.795204	0.616265	-0.453634	0.00832063
4685	0.786284	0.620214	-0.447125	0.00765799
4686	0.788904	0.615159	-0.439275	0.00738148
4687	0.78711	0.624147	-0.435269	0.00777155
4688	0.784627	0.621143	-0.442926	0.00753921
4689	0.79185	0.629941	-0.441404	0.00701705
4690	0.794988	0.630683	-0.445544	0.00686294
4691	0.798946	0.629201	-0.44448	0.00906031
4692	0.801825	0.622242	-0.446315	0.00887859
4693	0.807627	0.626711	-0.446464	0.00934455
4694	0.81101	0.617959	-0.454195	0.00668343
4695	0.802734	0.615216	-0.433779	0.0104485
4696	0.795684	0.609532	-0.439402	0.00817166
4697	0.804616	0.603154	-0.439229	0.00883531
4698	0.803701	0.608512	-0.441605	0.00949289
4699	0.80748	0.614972	-0.451085	0.00828516
4700	0.80198	0.612238	-0.431937	0.0077695
4701	0.807152	0.619277	-0.421059	0.0116715
4702	0.798722	0.615795	-0.451215	0.00686249
4703	0.795312	0.615236	-0.43872	0.00994414
4704	0.796927	0.621414	-0.444852	0.00713452
4705	0.790819	0.613144	-0.44792	0.00715646
4706	0.787096	0.613229	-0.437991	0.00814561
4707	0.786197	0.612601	-0.444816	0.00786755
4708	0.779478	0.617555	-0.439286	0.00774553
4709	0.772447	0.609605	-0.432833	0.00718723
4710	0.766732	0.603137	-0.440934	0.00784387
4711	0.766998	0.597754	-0.434985	0.00717181
4712	0.775766	0.598394	-0.44888	0.00793225
4713	0.778344	0.600014	-0.430423	0.00733283
4714	0.780862	0.601391	-0.435616	0.00807466
4715	0.781387	0.609685	-0.435168	0.0096657
4716	0.785074	0.615917	-0.438491	0.0100646
4717	0.788786	0.620098	-0.442603	0.0091617
4718	0.785189	0.614588	-0.433431	0.00912178
4719	0.787622	0.622243	-0.451212	0.00713046
4720	0.792926	0.615892	-0.438182	0.00723973
4721	0.797565	0.612056	-0.454151	0.00680741
4722	0.799148	0.615746	-0.445219	0.00802713
4723	0.807146	0.607409	-0.439537	0.00778706
4724	0.800887	0.598619	-0.442807	0.00780259
4725	0.797825	0.601181	-0.435001	0.00768671
4726	0.79444	0.609017	-0.461012	0.00728279
4727	0.797305	0.614536	-0.446141	0.00774856
4728	0.805088	0.621901	-0.446083	0.00786397
4729	0.803838	0.614386	-0.449773	0.0070152
4730	0.811253	0.606572	-0.441014	0.0084177
4731	0.818622	0.611944	-0.455924	0.00852648
4732	0.817814	0.612167	-0.440458	0.0119474
4733	0.825315	0.612249	-0.439686	0.00862944
4734	0.817593	0.615267	-0.450876	0.00883407
4735	0.812904	0.615365	-0.443456	0.00693483
4736	0.805703	0.614027	-0.445794	0.00828545
4737	0.812736	0.608761	-0.444673	0.00958908
4738	0.803894	0.60831	-0.436518	0.0093675
4739	0.812093	0.605655	-0.446625	0.0087561
4740	0.803277	0.60771	-0.451667	0.00797746
4741	0.795441	0.607967	-0.443617	0.00772395
4742	0.790174	0.602719	-0.44039	0.0095252
4743	0.791517	0.605936	-0.447705	0.0084616
4744	0.79704	0.612149	-0.442063	0.00719217
4745	0.797595	0.605429	-0.434538	0.00989157
4746	0.791176	0.601733	-0.439386	0.00728523
4747	0.798615	0.60777	-0.435061	0.00835628
4748	0.804993	0.600141	-0.459116	0.00769196
4749	0.801023	0.603362	-0.44057	0.00993742
4750	0.796536	0.610324	-0.448202	0.00748637
4751	0.792204	0.61271	-0.449614	0.00694091
4752	0.795117	0.619271	-0.459609	0.00776738
4753	0.79429	0.617229	-0.44735	0.00667648
4754	0.797963	0.614647	-0.440045	0.0073402
4755	0.801264	0.618067	-0.46327	0.00674135
4756	0.797263	0.623339	-0.440401	0.00860303
4757	0.789182	0.630952	-0.43258	0.0152169
4758	0.7838	0.629673	-0.434411	0.00872271
4759	0.783818	0.621576	-0.447734	0.00746428
4760	0.78175	0.625439	-0.447123	0.00759429
4761	0.788734	0.616609	-0.446964	0.00730496
4762	0.782704	0.61921	-0.456089	0.00580749
4763	0.785097	0.620314	-0.450026	0.00772477
4764	0.793129	0.612753	-0.439785	0.00894859
4765	0.797935	0.616129	-0.440877	0.00682191
4766	0.790536	0.622493	-0.440459	0.00786148
4767	0.783077	0.625424	-0.442887	0.00714277
4768	0.790942	0.625905	-0.451829	0.00686479
4769	0.798177	0.623028	-0.43246	0.0119019
4770	0.804234	0.629112	-0.428675	0.0125926
4771	0.800112	0.634386	-0.43849	0.00722532
4772	0.802966	0.625485	-0.445541	0.0065824
4773	0.806992	0.625978	-0.442321	0.00748703
4774	0.798158	0.62091	-0.429754	0.0140426
4775	0.805746	0.623451	-0.440676	0.00767918
4776	0.813955	0.62981	-0.437909	0.00851179
4777	0.812272	0.627375	-0.438711	0.00755246
4778	0.81737	0.619011	-0.451827	0.00617407
4779	0.808841	0.61019	-0.438616	0.00827527
4780	0.813043	0.617913	-0.455081	0.00656913
4781	0.810747	0.614887	-0.442024	0.0094348
4782	0.804266	0.621106	-0.459133	0.0082255
4783	0.797211	0.621177	-0.449475	0.00702886
4784	0.801744	0.614227	-0.450349	0.00734937
4785	0.800928	0.620748	-0.444933	0.00785818
4786	0.805055	0.624568	-0.440099	0.0109547
4787	0.806149	0.621396	-0.444095	0.00796465
4788	0.802903	0.630141	-0.434543	0.00781512
4789	0.798873	0.631104	-0.448515	0.00857746
4790	0.799213	0.62633	-0.445021	0.00757688
4791	0.805142	0.624221	-0.441496	0.00812329
4792	0.800327	0.6175	-0.451598	0.00731033
4793	0.803583	0.62592	-0.461386	0.00598949
4794	0.801909	0.618474	-0.437334	0.0101148
4795	0.804179	0.61099	-0.441877	0.00772713
4796	0.809804	0.61129	-0.449192	0.00734701
4797	0.814821	0.615717	-0.449326	0.00659742
4798	0.820947	0.607163	-0.451526	0.00761399
4799	0.813882	0.606897	-0.447285	0.00786348
4800	0.817843	0.602029	-0.431808	0.00840513
4801	0.819006	0.610948	-0.442219	0.00834713
4802	0.82113	0.612127	-0.441432	0.00921307
4803	0.816415	0.621157	-0.438056	0.00905686
4804	0.823481	0.614842	-0.461556	0.00686871
4805	0.821099	0.622752	-0.441395	0.00790986
4806	0.814161	0.616879	-0.429594	0.00791527
4807	0.807904	0.621767	-0.436828	0.00847146
4808	0.805202	0.620956	-0.452062	0.00644624
4809	0.811253	0.621985	-0.452735	0.00702003
4810	0.805583	0.629786	-0.443991	0.0103288
4811	0.804076	0.6365	-0.435444	0.00892297
4812	0.808458	0.635775	-0.433819	0.0103495
4813	0.816516	0.62955	-0.446817	0.0083336
4814	0.809913	0.631573	-0.443083	0.00807023
4815	0.806224	0.624615	-0.450956	0.00579947
4816	0.810454	0.629583	-0.441028	0.00661212
4817	0.808142	0.623663	-0.456053	0.00732141
4818	0.815938	0.625239	-0.430396	0.0123753
4819	0.820992	0.619991	-0.442347	0.00980631
4820	0.820949	0.61439	-0.445997	0.00690433
4821	0.821511	0.61393	-0.451449	0.00657035
4822	0.820877	0.61195	-0.441016	0.0122699
4823	0.813902	0.606205	-0.456114	0.00710621
4824	0.809043	0.608675	-0.425242	0.0156349
4825	0.801689	0.600907	-0.435178	0.00928191
4826	0.798631	0.606336	-0.430472	0.00834675
4827	0.799494	0.612737	-0.437872	0.00694615
4828	0.794315	0.616389	-0.455221	0.00925875
4829	0.800527	0.610497	-0.427348	0.0100299
4830	0.80924	0.608745	-0.446894	0.00691618
4831	0.815471	0.61587	-0.436488	0.0080405
4832	0.816779	0.62445	-0.441219	0.00890234
4833	0.812216	0.620467	-0.440032	0.00925911
4834	0.817167	0.617303	-0.459084	0.0112679
4835	0.81058	0.615272	-0.4445	0.00798691
4836	0.810098	0.608636	-0.440709	0.00796385
4837	0.813392	0.609728	-0.442441	0.00798713
4838	0.811854	0.617596	-0.441771	0.00662328
4839	0.818051	0.614528	-0.43898	0.00943043
4840	0.812184	0.619007	-0.444786	0.010037
4841	0.816686	0.617144	-0.433572	0.00739131
4842	0.811341	0.619626	-0.447375	0.00690854
4843	0.806638	0.614006	-0.433764	0.00937321
4844	0.803421	0.60893	-0.448305	0.00915439
4845	0.803561	0.609334	-0.442682	0.00776002
4846	0.799452	0.616586	-0.444039	0.00906977
4847	0.804499	0.625193	-0.452207	0.00758171
4848	0.809939	0.626725	-0.437371	0.00742717
4849	0.806256	0.633315	-0.447476	0.0105847
4850	0.812026	0.630686	-0.438999	0.00919252
4851	0.817218	0.624636	-0.440064	0.0115581
4852	0.809225	0.618885	-0.45149	0.00715656
4853	0.807066	0.619683	-0.44712	0.00792079
4854	0.807747	0.625429	-0.43467	0.0131761
4855	0.80443	0.62142	-0.444321	0.00874925
4856	0.796348	0.621106	-0.431282	0.0100408
4857	0.790264	0.615621	-0.448709	0.00807618
4858	0.796887	0.609507	-0.426065	0.00769481
4859	0.801389	0.602875	-0.444877	0.00683409
4860	0.801429	0.593982	-0.445477	0.00810413
4861	0.805235	0.591383	-0.441828	0.00909339
4862	0.799076	0.598123	-0.448057	0.00800234
4863	0.791485	0.602372	-0.427681	0.0127246
4864	0.796777	0.60637	-0.446928	0.0078772
4865	0.789152	0.606467	-0.43614	0.00767163
4866	0.792044	0.609083	-0.439608	0.00680764
4867	0.790877	0.606203	-0.438804	0.00843987
4868	0.787061	0.608245	-0.437154	0.00710356
4869	0.784401	0.611166	-0.438971	0.00609256
4870	0.788561	0.605349	-0.451726	0.00889424
4871	0.781252	0.610522	-0.439159	0.010751
4872	0.789492	0.615685	-0.438969	0.00705664
4873	0.790393	0.621348	-0.451566	0.00809775
4874	0.79898	0.628085	-0.437115	0.00820649
4875	0.797652	0.62822	-0.445869	0.00795993
4876	0.791088	0.632265	-0.449311	0.00674743
4877	0.798255	0.628658	-0.450094	0.00622978
4878	0.794665	0.625365	-0.464169	0.00666818
4879	0.797609	0.620346	-0.445816	0.00733874
4880	0.804476	0.623372	-0.425312	0.0128373
4881	0.802956	0.620249	-0.445615	0.00618245
4882	0.800704	0.613158	-0.439819	0.00889605
4883	0.793328	0.621521	-0.437506	0.0101862
4884	0.793026	0.627643	-0.425536	0.00888587
4885	0.784404	0.633808	-0.435261	0.00811828
4886	0.775546	0.640703	-0.453925	0.00669271
4887	0.771018	0.636069	-0.420084	0.016071
4888	0.766176	0.633124	-0.442169	0.00686825
4889	0.771465	0.627283	-0.445838	0.0073914
4890	0.775851	0.630033	-0.424047	0.0174301
4891	0.778509	0.621019	-0.429978	0.0079091
4892	0.783799	0.628429	-0.441926	0.00752673
4893	0.792801	0.625516	-0.439272	0.00879305
4894	0.79757	0.626623	-0.440895	0.00852799
4895	0.799356	0.620442	-0.441668	0.00701108
4896	0.799118	0.613932	-0.435426	0.00767856
4897	0.804302	0.612542	-0.428877	0.00942952
4898	0.811567	0.612283	-0.443489	0.00768369
4899	0.807155	0.610046	-0.447569	0.00694175
4900	0.801543	0.605567	-0.426157	0.0179374
4901	0.800756	0.605623	-0.436646	0.00909228
4902	0.796891	0.602865	-0.422997	0.00902377
4903	0.804207	0.601683	-0.443138	0.00816852
4904	0.802343	0.609549	-0.445636	0.00953918
4905	0.799775	0.615131	-0.438511	0.0074824
4906	0.79544	0.610066	-0.442424	0.00784739
4907	0.801129	0.605536	-0.448101	0.00768247
4908	0.796248	0.60607	-0.445025	0.00876617
4909	0.803336	0.598094	-0.453007	0.00931275
4910	0.805585	0.594833	-0.445395	0.0085089
4911	0.80299	0.601686	-0.452782	0.00768813
4912	0.809663	0.599964	-0.441359	0.00893255
4913	0.817917	0.601364	-0.441691	0.00729808
4914	0.822623	0.607774	-0.446521	0.00825178
4915	0.823639	0.613559	-0.435935	0.00926491
4916	0.829618	0.608402	-0.445398	0.00791539
4917	0.829864	0.608612	-0.444806	0.00732381
4918	0.837419	0.603195	-0.430103	0.00912197
4919	0.833146	0.612154	-0.422793	0.00851659
4920	0.826248	0.614965	-0.452356	0.00732111
4921	0.833079	0.61893	-0.451278	0.00999382
4922	0.835921	0.617352	-0.439157	0.00955151
4923	0.827218	0.626156	-0.416834	0.0219829
4924	0.830514	0.630502	-0.435273	0.0136106
4925	0.829989	0.622083	-0.430406	0.00985525
4926	0.822016	0.613843	-0.43816	0.00766095
4927	0.826576	0.616893	-0.437058	0.00858882
4928	0.818584	0.613802	-0.450891	0.0074548
4929	0.823251	0.614458	-0.449317	0.0074366
4930	0.816264	0.617735	-0.445745	0.00719717
4931	0.816013	0.612068	-0.447647	0.00783097
4932	0.811197	0.609047	-0.450764	0.00952916
4933	0.818291	0.616161	-0.443662	0.00720167
4934	0.815915	0.616856	-0.445633	0.0100542
4935	0.807918	0.624064	-0.438605	0.00857236
4936	0.806201	0.621628	-0.453942	0.00594842
4937	0.812608	0.620849	-0.438331	0.00702828
4938	0.819058	0.615952	-0.431129	0.00710858
4939	0.814478	0.616515	-0.428575	0.0122205
4940	0.82273	0.623108	-0.416548	0.0135003
4941	0.818369	0.620834	-0.447861	0.00851998
4942	0.816917	0.625091	-0.438847	0.0116778
4943	0.821804	0.616135	-0.442743	0.00759587
4944	0.822296	0.613991	-0.448838	0.00907874
4945	0.817976	0.621823	-0.447287	0.0113998
4946	0.814257	0.620491	-0.445803	0.0072247
4947	0.819218	0.617723	-0.456865	0.00761518
4948	0.817969	0.620745	-0.45849	0.00758586
4949	0.8149	0.613244	-0.442499	0.00887146
4950	0.823243	0.616861	-0.447558	0.00742257
4951	0.822538	0.615389	-0.439304	0.00967299
4952	0.819045	0.616042	-0.447393	0.00782601
4953	0.822104	0.609044	-0.430825	0.00828603
4954	0.816777	0.613964	-0.434343	0.0105304
4955	0.808659	0.61783	-0.456869	0.00699418
4956	0.805516	0.617873	-0.453972	0.0068994
4957	0.807942	0.614853	-0.445506	0.00781602
4958	0.809007	0.610362	-0.451206	0.00704041
4959	0.800004	0.61567	-0.436033	0.0077929
4960	0.795209	0.611319	-0.447546	0.00942868
4961	0.796264	0.608342	-0.465285	0.00677585
4962	0.793164	0.616345	-0.44508	0.00891765
4963	0.7852	0.611017	-0.462759	0.00725658
4964	0.790943	0.615728	-0.438874	0.00828113
4965	0.797279	0.611705	-0.451482	0.00860231
4966	0.789942	0.609621	-0.445386	0.00868604
4967	0.791225	0.615831	-0.431483	0.0129934
4968	0.798484	0.611261	-0.442918	0.00758815
4969	0.805556	0.617977	-0.456236	0.00613746
4970	0.802449	0.615254	-0.43612	0.00929959
4971	0.809368	0.614097	-0.445518	0.00618441
4972	0.809932	0.610529	-0.458943	0.0069729
4973	0.803969	0.608959	-0.447974	0.00730497
4974	0.799296	0.615218	-0.454237	0.00668081
4975	0.802835	0.621085	-0.443684	0.00725703
4976	0.795908	0.612313	-0.446463	0.00779825
4977	0.803364	0.618185	-0.441072	0.00797786
4978	0.795952	0.624099	-0.434889	0.00693575
4979	0.79536	0.63074	-0.443193	0.00828178
4980	0.793704	0.6314	-0.448003	0.00671688
4981	0.792503	0.634001	-0.434164	0.0105977
4982	0.788292	0.62714	-0.442614	0.00710225
4983	0.793302	0.632565	-0.441626	0.00837438
4984	0.795856	0.625585	-0.438622	0.00921974
4985	0.797648	0.618425	-0.432835	0.00814042
4986	0.794048	0.611568	-0.437652	0.00776353
4987	0.796334	0.602685	-0.457724	0.00768549
4988	0.791714	0.606395	-0.441522	0.00752072
4989	0.794455	0.611121	-0.437054	0.00934675
4990	0.790763	0.617755	-0.457506	0.00703215
4991	0.789456	0.611064	-0.449521	0.00777483
4992	0.792277	0.609259	-0.447077	0.00765183
4993	0.790537	0.602828	-0.435981	0.0072414
4994	0.787561	0.608954	-0.460379	0.00872108
4995	0.790213	0.615427	-0.443325	0.00724531
4996	0.794196	0.612864	-0.449063	0.00769931
4997	0.786719	0.615782	-0.44179	0.00728391
4998	0.783451	0.623875	-0.439049	0.0125618
4999	0.775164	0.620496	-0.432527	0.0120288
5000	0.782301	0.618791	-0.429469	0.00789142
5001	0.787664	0.615035	-0.454446	0.00734921
5002	0.784143	0.618461	-0.450953	0.00587999
5003	0.790275	0.622983	-0.450962	0.00832778
5004	0.785211	0.627724	-0.43859	0.00756751
5005	0.778603	0.632825	-0.43594	0.00978074
5006	0.776162	0.631817	-0.423333	0.0127009
5007	0.783706	0.631256	-0.451225	0.0064377
5008	0.790091	0.625381	-0.442614	0.00652183
5009	0.781602	0.619546	-0.441613	0.0075691
5010	0.787467	0.626288	-0.422724	0.0129688
5011	0.792747	0.627171	-0.449493	0.00723806
5012	0.794495	0.621899	-0.448907	0.00619575
5013	0.797805	0.628585	-0.449038	0.00729314
5014	0.795494	0.622582	-0.451433	0.0066476
5015	0.79028	0.624766	-0.440652	0.0082218
5016	0.7827	0.631949	-0.446347	0.00789126
5017	0.790842	0.630202	-0.44416	0.00744828
5018	0.786445	0.629673	-0.443164	0.00803138
5019	0.793248	0.637945	-0.443699	0.00987656
5020	0.793179	0.629129	-0.45624	0.00818867
5021	0.801195	0.625333	-0.454742	0.00603538
5022	0.809347	0.627591	-0.440983	0.00718589
5023	0.800961	0.62762	-0.426399	0.0131231
5024	0.799806	0.622121	-0.440202	0.00747643
5025	0.797958	0.626076	-0.448733	0.0068945
5026	0.803361	0.622027	-0.432875	0.00850358
5027	0.807495	0.619368	-0.444063	0.00735219
5028	0.802098	0.617241	-0.450028	0.0064279
5029	0.803953	0.622913	-0.428412	0.0167644
5030	0.801709	0.615133	-0.459731	0.00677745
5031	0.808321	0.614969	-0.45045	0.00634385
5032	0.802436	0.610919	-0.446221	0.00705033
5033	0.796422	0.610628	-0.443697	0.00827021
5034	0.793224	0.604288	-0.444496	0.00948574
5035	0.786254	0.596279	-0.438885	0.00810398
5036	0.792488	0.601926	-0.450858	0.00785786
5037	0.793001	0.601089	-0.446858	0.00834958
5038	0.785202	0.606093	-0.440181	0.00833866
5039	0.785177	0.609388	-0.436521	0.00826445
5040	0.791444	0.614378	-0.442343	0.00739721
5041	0.790724	0.611731	-0.439741	0.00759953
5042	0.795665	0.614077	-0.445833	0.00821358
5043	0.791945	0.620937	-0.44287	0.0100747
5044	0.794369	0.627984	-0.44189	0.0077598
5045	0.799464	0.62427	-0.443274	0.013043
5046	0.793666	0.628451	-0.44521	0.0084394
5047	0.802681	0.635955	-0.438529	0.0178324
5048	0.808612	0.627761	-0.431763	0.00914226
5049	0.81167	0.621063	-0.426671	0.0111286
5050	0.805166	0.625446	-0.457295	0.00632669
5051	0.801674	0.63341	-0.460371	0.00725173
5052	0.795478	0.636017	-0.445806	0.00769632
5053	0.792875	0.628242	-0.452485	0.00628499
5054	0.783974	0.623042	-0.433306	0.00843157
5055	0.782589	0.625885	-0.437974	0.0143632
5056	0.788714	0.624131	-0.447724	0.00771354
5057	0.787464	0.621672	-0.440428	0.00783406
5058	0.791735	0.615483	-0.45219	0.00729382
5059	0.784076	0.609955	-0.455686	0.0063407
5060	0.785809	0.611447	-0.431141	0.00737737
5061	0.791028	0.608185	-0.44704	0.00830968
5062	0.794226	0.609452	-0.450519	0.00760356
5063	0.790255	0.614481	-0.42144	0.0142008
5064	0.799239	0.616666	-0.440566	0.0090538
5065	0.800072	0.618748	-0.433212	0.00971213
5066	0.79225	0.616214	-0.451299	0.00671003
5067	0.798032	0.609442	-0.437202	0.0076781
5068	0.802073	0.60345	-0.442287	0.00765255
5069	0.810308	0.608883	-0.444653	0.00852147
5070	0.80522	0.606821	-0.44945	0.00717934
5071	0.804196	0.601783	-0.448793	0.0079366
5072	0.800184	0.605215	-0.431755	0.00758938
5073	0.794027	0.610401	-0.433767	0.00826817
5074	0.794453	0.609328	-0.447348	0.00769962
5075	0.795668	0.616976	-0.4471	0.00705127
5076	0.80053	0.622109	-0.435742	0.0162927
5077	0.796667	0.616871	-0.43933	0.00810906
5078	0.799332	0.619022	-0.454401	0.00812045
5079	0.791661	0.618665	-0.447708	0.00729204
5080	0.790424	0.611952	-0.444252	0.00665597
5081	0.792168	0.611769	-0.45966	0.0078456
5082	0.795971	0.613919	-0.448965	0.00627175
5083	0.790028	0.622545	-0.451414	0.00714056
5084	0.787959	0.627004	-0.453533	0.00770157
5085	0.792994	0.630476	-0.457336	0.00659446
5086	0.786176	0.622581	-0.438371	0.00866
5087	0.794703	0.621424	-0.451631	0.00717252
5088	0.800299	0.621241	-0.435509	0.0093268
5089	0.808988	0.614849	-0.458582	0.00752856
5090	0.811191	0.605809	-0.441939	0.00764388
5091	0.811443	0.614011	-0.442579	0.00670383
5092	0.805619	0.618488	-0.447341	0.00811543
5093	0.804404	0.614405	-0.449026	0.00796533
5094	0.800064	0.618902	-0.443259	0.00724867
5095	0.804007	0.622952	-0.442987	0.0108763
5096	0.803492	0.623872	-0.453057	0.00863851
5097	0.80011	0.616981	-0.459086	0.00672904
5098	0.80415	0.62579	-0.44302	0.00654401
5099	0.80504	0.617309	-0.439779	0.00778235
5100	0.800622	0.614886	-0.451299	0.00662768
5101	0.803223	0.614593	-0.444525	0.008775
5102	0.800659	0.622307	-0.437075	0.00872063
5103	0.798243	0.627046	-0.445699	0.00684604
5104	0.799926	0.62836	-0.448843	0.0136792
5105	0.805694	0.625036	-0.446275	0.00751033
5106	0.79755	0.627411	-0.448182	0.00814101
5107	0.796545	0.626493	-0.436261	0.00919765
5108	0.804859	0.623053	-0.454529	0.0073739
5109	0.811227	0.625266	-0.437992	0.00866076
5110	0.811052	0.622209	-0.445507	0.00736935
5111	0.812078	0.629552	-0.459074	0.00704365
5112	0.814307	0.629138	-0.462178	0.00602238
5113	0.820264	0.620479	-0.450204	0.00600362
5114	0.812495	0.619285	-0.448536	0.00789071
5115	0.814957	0.616688	-0.455313	0.00691322
5116	0.808009	0.615775	-0.460531	0.00659245
5117	0.815827	0.608467	-0.440605	0.0067008
5118	0.815343	0.603169	-0.458824	0.00849823
5119	0.807173	0.60574	-0.446682	0.00869491
5120	0.801611	0.606046	-0.430966	0.00781289
5121	0.800879	0.604427	-0.434562	0.00836519
5122	0.799678	0.608538	-0.441361	0.00649118
5123	0.794695	0.601801	-0.461278	0.00825712
5124	0.791563	0.594112	-0.442771	0.0092955
5125	0.799816	0.598383	-0.439621	0.00704969
5126	0.791342	0.595245	-0.44711	0.00766578
5127	0.785976	0.601192	-0.445412	0.00813606
5128	0.795003	0.606883	-0.426646	0.0114916
5129	0.787201	0.601126	-0.442696	0.00729039
5130	0.790132	0.604674	-0.434898	0.00812705
5131	0.794493	0.605877	-0.436539	0.00772531
5132	0.79614	0.6077	-0.444236	0.00767903
5133	0.799699	0.606924	-0.446318	0.011762
5134	0.807273	0.598017	-0.432548	0.00944071
5135	0.810954	0.602362	-0.453034	0.0101564
5136	0.812546	0.601253	-0.444919	0.00870623
5137	0.805593	0.600755	-0.442926	0.00846176
5138	0.803908	0.596198	-0.436948	0.00877234
5139	0.802606	0.604245	-0.442684	0.00916163
5140	0.800397	0.598164	-0.425363	0.0084943
5141	0.794087	0.604269	-0.442117	0.0096672
5142	0.794106	0.602761	-0.43778	0.00809938
5143	0.788539	0.604074	-0.446451	0.00733486
5144	0.790512	0.606544	-0.443632	0.0103118
5145	0.799107	0.601036	-0.442787	0.00966764
5146	0.794134	0.606414	-0.449482	0.00858718
5147	0.796189	0.606526	-0.450662	0.00718438
5148	0.787522	0.613654	-0.452254	0.00783869
5149	0.784232	0.617803	-0.44027	0.00819119
5150	0.790984	0.616191	-0.441544	0.00913717
5151	0.784918	0.617459	-0.453104	0.00728842
5152	0.783646	0.618677	-0.454822	0.00825569
5153	0.790228	0.617941	-0.44616	0.00619886
5154	0.783383	0.626477	-0.449225	0.00723843
5155	0.779648	0.618092	-0.454595	0.00741023
5156	0.780306	0.613605	-0.429064	0.00828861
5157	0.787285	0.605251	-0.435702	0.00777593
5158	0.778742	0.609002	-0.43458	0.00729447
5159	0.782577	0.613342	-0.445685	0.00667495
5160	0.775614	0.608788	-0.443711	0.00766715
5161	0.781775	0.609633	-0.452182	0.00698449
5162	0.780132	0.613472	-0.445369	0.0095441
5163	0.776142	0.610056	-0.437558	0.00824647
5164	0.785024	0.617933	-0.452503	0.00725506
5165	0.78909	0.622017	-0.43938	0.00853519
5166	0.794683	0.615514	-0.437225	0.00836903
5167	0.78727	0.61051	-0.431537	0.011865
5168	0.787339	0.613092	-0.450622	0.00706612
5169	0.791544	0.611651	-0.442346	0.00867372
5170	0.787703	0.61343	-0.446771	0.00738124
5171	0.77927	0.612246	-0.444138	0.00800243
5172	0.777078	0.618249	-0.443182	0.00668547
5173	0.769024	0.615108	-0.440388	0.00816777
5174	0.774595	0.61678	-0.450421	0.00697263
5175	0.780934	0.612208	-0.444855	0.00932218
5176	0.783144	0.611677	-0.445614	0.00721509
5177	0.789205	0.611515	-0.440591	0.0069102
5178	0.78043	0.606724	-0.444392	0.00748624
5179	0.773945	0.613758	-0.446222	0.00721612
5180	0.782135	0.606115	-0.443612	0.00903789
5181	0.789159	0.61414	-0.447239	0.00679905
5182	0.789943	0.614476	-0.442177	0.00679412
5183	0.797637	0.615328	-0.44756	0.00596647
5184	0.793313	0.608622	-0.444191	0.00630001
5185	0.802215	0.607328	-0.438418	0.00968633
5186	0.80401	0.612956	-0.445435	0.0078651
5187	0.795166	0.614294	-0.460785	0.00660956
5188	0.79829	0.608316	-0.450163	0.00685588
5189	0.80662	0.614531	-0.456539	0.00766267
5190	0.813202	0.61683	-0.448996	0.00819974
5191	0.804353	0.620357	-0.446077	0.00784021
5192	0.798822	0.614314	-0.442359	0.00673578
5193	0.799563	0.620013	-0.43409	0.00877719
5194	0.798046	0.615473	-0.449416	0.00888935
5195	0.802709	0.615096	-0.445541	0.00689359
5196	0.79381	0.614791	-0.445496	0.00954765
5197	0.802116	0.618992	-0.444384	0.00914096
5198	0.793123	0.624576	-0.456678	0.00664287
5199	0.790226	0.625122	-0.450382	0.0064501
5200	0.782156	0.620844	-0.442979	0.00774123
5201	0.78796	0.613481	-0.440684	0.0067841
5202	0.789078	0.610625	-0.447888	0.00832955
5203	0.795849	0.613242	-0.451009	0.00652681
5204	0.800668	0.606207	-0.450425	0.00695954
5205	0.794557	0.613992	-0.43825	0.0118579
5206	0.799435	0.609561	-0.451943	0.00762505
5207	0.808092	0.607712	-0.44476	0.00877046
5208	0.808014	0.614272	-0.444391	0.00800828
5209	0.806052	0.61773	-0.423114	0.00949896
5210	0.80737	0.618184	-0.442753	0.00995526
5211	0.802392	0.613802	-0.440788	0.006816
5212	0.802146	0.617683	-0.448423	0.00714804
5213	0.806445	0.612728	-0.441663	0.00831528
5214	0.808111	0.620842	-0.462665	0.00833617
5215	0.802651	0.613182	-0.448034	0.00907899
5216	0.804958	0.620801	-0.447245	0.00780192
5217	0.803221	0.618567	-0.442552	0.00868273
