       BLOCK    DISTANCE ACTUAL_GOFR    AVE_GOFR       ERROR
           1   0.0128248           0           0           0
           1   0.0384745           0           0           0
           1   0.0641241           0           0           0
           1   0.0897737           0           0           0
           1    0.115423           0           0           0
           1    0.141073           0           0           0
           1    0.166723           0           0           0
           1    0.192372           0           0           0
           1    0.218022           0           0           0
           1    0.243672           0           0           0
           1    0.269321           0           0           0
           1    0.294971           0           0           0
           1     0.32062           0           0           0
           1     0.34627           0           0           0
           1     0.37192           0           0           0
           1    0.397569           0           0           0
           1    0.423219           0           0           0
           1    0.448869           0           0           0
           1    0.474518           0           0           0
           1    0.500168           0           0           0
           1    0.525818           0           0           0
           1    0.551467           0           0           0
           1    0.577117           0           0           0
           1    0.602767           0           0           0
           1    0.628416           0           0           0
           1    0.654066           0           0           0
           1    0.679715           0           0           0
           1    0.705365           0           0           0
           1    0.731015           0           0           0
           1    0.756664           0           0           0
           1    0.782314           0           0           0
           1    0.807964           0           0           0
           1    0.833613           0           0           0
           1    0.859263           0           0           0
           1    0.884913  0.00227429  0.00227429           0
           1    0.910562   0.0248403   0.0248403           0
           1    0.936212    0.158291    0.158291           0
           1    0.961861    0.557871    0.557871           0
           1    0.987511     1.20355     1.20355           0
           1     1.01316     1.85238     1.85238           0
           1     1.03881     2.34807     2.34807           0
           1     1.06446     2.57079     2.57079           0
           1     1.09011     2.58055     2.58055           0
           1     1.11576     2.38132     2.38132           0
           1     1.14141     2.16215     2.16215           0
           1     1.16706     1.96247     1.96247           0
           1     1.19271     1.72026     1.72026           0
           1     1.21836     1.54187     1.54187           0
           1     1.24401     1.40868     1.40868           0
           1     1.26966     1.24145     1.24145           0
           1     1.29531     1.12643     1.12643           0
           1     1.32096     1.03397     1.03397           0
           1     1.34661    0.934748    0.934748           0
           1     1.37226    0.856846    0.856846           0
           1     1.39791    0.808552    0.808552           0
           1     1.42355    0.769004    0.769004           0
           1      1.4492    0.729352    0.729352           0
           1     1.47485    0.715766    0.715766           0
           1      1.5005    0.704557    0.704557           0
           1     1.52615    0.684417    0.684417           0
           1      1.5518    0.694521    0.694521           0
           1     1.57745    0.689447    0.689447           0
           1      1.6031    0.707768    0.707768           0
           1     1.62875    0.679425    0.679425           0
           1      1.6544    0.715102    0.715102           0
           1     1.68005    0.729848    0.729848           0
           1      1.7057    0.743341    0.743341           0
           1     1.73135    0.769851    0.769851           0
           1       1.757    0.812433    0.812433           0
           1     1.78265    0.835758    0.835758           0
           1      1.8083    0.901173    0.901173           0
           1     1.83395     0.94637     0.94637           0
           1      1.8596    0.976831    0.976831           0
           1     1.88525     1.00193     1.00193           0
           1      1.9109     1.04393     1.04393           0
           1     1.93655     1.08735     1.08735           0
           1      1.9622     1.10904     1.10904           0
           1     1.98785      1.1424      1.1424           0
           1      2.0135      1.1828      1.1828           0
           1     2.03915     1.22118     1.22118           0
           1      2.0648     1.22163     1.22163           0
           1     2.09045     1.23827     1.23827           0
           1      2.1161     1.22418     1.22418           0
           1     2.14174     1.20123     1.20123           0
           1     2.16739     1.17791     1.17791           0
           1     2.19304     1.16602     1.16602           0
           1     2.21869     1.11855     1.11855           0
           1     2.24434     1.08962     1.08962           0
           1     2.26999     1.06266     1.06266           0
           1     2.29564     1.04487     1.04487           0
           1     2.32129     1.01575     1.01575           0
           1     2.34694     0.97541     0.97541           0
           1     2.37259    0.956677    0.956677           0
           1     2.39824    0.937782    0.937782           0
           1     2.42389    0.921188    0.921188           0
           1     2.44954    0.911089    0.911089           0
           1     2.47519    0.900726    0.900726           0
           1     2.50084    0.893097    0.893097           0
           1     2.52649    0.888934    0.888934           0
           1     2.55214    0.895091    0.895091           0
           2   0.0128248           0           0           0
           2   0.0384745           0           0           0
           2   0.0641241           0           0           0
           2   0.0897737           0           0           0
           2    0.115423           0           0           0
           2    0.141073           0           0           0
           2    0.166723           0           0           0
           2    0.192372           0           0           0
           2    0.218022           0           0           0
           2    0.243672           0           0           0
           2    0.269321           0           0           0
           2    0.294971           0           0           0
           2     0.32062           0           0           0
           2     0.34627           0           0           0
           2     0.37192           0           0           0
           2    0.397569           0           0           0
           2    0.423219           0           0           0
           2    0.448869           0           0           0
           2    0.474518           0           0           0
           2    0.500168           0           0           0
           2    0.525818           0           0           0
           2    0.551467           0           0           0
           2    0.577117           0           0           0
           2    0.602767           0           0           0
           2    0.628416           0           0           0
           2    0.654066           0           0           0
           2    0.679715           0           0           0
           2    0.705365           0           0           0
           2    0.731015           0           0           0
           2    0.756664           0           0           0
           2    0.782314           0           0           0
           2    0.807964           0           0           0
           2    0.833613           0           0           0
           2    0.859263  0.00025288  0.00012644 8.94065e-05
           2    0.884913  0.00108212  0.00167821 0.000421495
           2    0.910562   0.0232293   0.0240348 0.000569567
           2    0.936212    0.176152    0.167222  0.00631482
           2    0.961861    0.580055    0.568963  0.00784317
           2    0.987511     1.22122     1.21239   0.0062486
           2     1.01316     1.85858     1.85548  0.00219146
           2     1.03881     2.28094      2.3145   0.0237351
           2     1.06446     2.53901      2.5549   0.0112353
           2     1.09011     2.51588     2.54822   0.0228657
           2     1.11576     2.37677     2.37904  0.00160711
           2     1.14141     2.21042     2.18628   0.0170681
           2     1.16706     1.99773      1.9801   0.0124673
           2     1.19271      1.7518     1.73603   0.0111516
           2     1.21836     1.57269     1.55728   0.0108991
           2     1.24401     1.42304     1.41586  0.00507949
           2     1.26966     1.27041     1.25593   0.0102378
           2     1.29531     1.13139     1.12891  0.00175238
           2     1.32096     1.03943      1.0367  0.00192945
           2     1.34661    0.981963    0.958355    0.016693
           2     1.37226    0.890445    0.873646   0.0118788
           2     1.39791    0.810147    0.809349   0.0005639
           2     1.42355    0.752207    0.760605  0.00593879
           2      1.4492     0.72808    0.728716  0.00044973
           2     1.47485    0.712716    0.714241  0.00107856
           2      1.5005    0.685534    0.695046  0.00672563
           2     1.52615    0.699889    0.692153  0.00547021
           2      1.5518    0.676801    0.685661  0.00626512
           2     1.57745    0.670913     0.68018  0.00655282
           2      1.6031    0.653103    0.680435   0.0193269
           2     1.62875    0.670416    0.674921  0.00318526
           2      1.6544    0.678116    0.696609   0.0130763
           2     1.68005    0.707957    0.718902  0.00773975
           2      1.7057    0.743568    0.743455 8.02886e-05
           2     1.73135    0.767987    0.768919 0.000658994
           2       1.757    0.800253    0.806343  0.00430654
           2     1.78265     0.82995    0.832854   0.0020534
           2      1.8083    0.873127     0.88715  0.00991569
           2     1.83395    0.938995    0.942682  0.00260748
           2      1.8596    0.966526    0.971678  0.00364327
           2     1.88525     1.02237     1.01215  0.00722535
           2      1.9109     1.06729     1.05561  0.00825788
           2     1.93655     1.10058     1.09397  0.00467838
           2      1.9622     1.12654     1.11779  0.00618969
           2     1.98785     1.15844     1.15042  0.00566988
           2      2.0135     1.18234     1.18257 0.000164087
           2     2.03915     1.21214     1.21666  0.00319603
           2      2.0648     1.22845     1.22504   0.0024108
           2     2.09045     1.23663     1.23745 0.000579866
           2      2.1161      1.2193     1.22174   0.0017283
           2     2.14174     1.21968     1.21046  0.00652277
           2     2.16739     1.20577     1.19184  0.00985015
           2     2.19304     1.16217     1.16409  0.00136207
           2     2.21869     1.14197     1.13026  0.00828064
           2     2.24434     1.11013     1.09988  0.00725165
           2     2.26999     1.08517     1.07391  0.00795791
           2     2.29564     1.04249     1.04368 0.000841223
           2     2.32129     1.02618     1.02097  0.00368582
           2     2.34694    0.983538    0.979474  0.00287368
           2     2.37259    0.961209    0.958943  0.00160215
           2     2.39824    0.954299     0.94604  0.00583962
           2     2.42389    0.919817    0.920503  0.00048489
           2     2.44954    0.896432    0.903761  0.00518204
           2     2.47519    0.895289    0.898007  0.00192216
           2     2.50084    0.877508    0.885302  0.00551158
           2     2.52649    0.866453    0.877693  0.00794841
           2     2.55214    0.868819    0.881955  0.00928871
           3   0.0128248           0           0           0
           3   0.0384745           0           0           0
           3   0.0641241           0           0           0
           3   0.0897737           0           0           0
           3    0.115423           0           0           0
           3    0.141073           0           0           0
           3    0.166723           0           0           0
           3    0.192372           0           0           0
           3    0.218022           0           0           0
           3    0.243672           0           0           0
           3    0.269321           0           0           0
           3    0.294971           0           0           0
           3     0.32062           0           0           0
           3     0.34627           0           0           0
           3     0.37192           0           0           0
           3    0.397569           0           0           0
           3    0.423219           0           0           0
           3    0.448869           0           0           0
           3    0.474518           0           0           0
           3    0.500168           0           0           0
           3    0.525818           0           0           0
           3    0.551467           0           0           0
           3    0.577117           0           0           0
           3    0.602767           0           0           0
           3    0.628416           0           0           0
           3    0.654066           0           0           0
           3    0.679715           0           0           0
           3    0.705365           0           0           0
           3    0.731015           0           0           0
           3    0.756664           0           0           0
           3    0.782314           0           0           0
           3    0.807964           0           0           0
           3    0.833613           0           0           0
           3    0.859263           0 8.42933e-05 6.88252e-05
           3    0.884913 0.000220093  0.00119217 0.000486259
           3    0.910562   0.0245978   0.0242224 0.000409461
           3    0.936212    0.167189    0.167211  0.00420989
           3    0.961861    0.572821    0.570249  0.00533315
           3    0.987511     1.20959     1.21145  0.00423479
           3     1.01316     1.89458     1.86851   0.0107416
           3     1.03881     2.37671     2.33524   0.0231741
           3     1.06446     2.55137     2.55373  0.00755157
           3     1.09011      2.5667     2.55438   0.0160526
           3     1.11576     2.36637     2.37482  0.00361335
           3     1.14141     2.16233      2.1783   0.0131136
           3     1.16706      1.9708       1.977  0.00868848
           3     1.19271      1.7025     1.72485   0.0117708
           3     1.21836     1.53899     1.55118  0.00880727
           3     1.24401     1.36997     1.40056   0.0129418
           3     1.26966      1.2335     1.24845  0.00915786
           3     1.29531     1.14085     1.13289  0.00345264
           3     1.32096     1.03909      1.0375  0.00144055
           3     1.34661    0.938209     0.95164   0.0124061
           3     1.37226    0.888607    0.878633  0.00890472
           3     1.39791    0.822605    0.813768  0.00362729
           3     1.42355    0.781549    0.767587  0.00694023
           3      1.4492     0.75696    0.738131  0.00769303
           3     1.47485    0.721603    0.716695   0.0021289
           3      1.5005    0.694185    0.694759  0.00448988
           3     1.52615     0.67323    0.685845  0.00631045
           3      1.5518     0.66981    0.680377  0.00600464
           3     1.57745     0.66719     0.67585  0.00561993
           3      1.6031    0.678935    0.679935   0.0128911
           3     1.62875    0.678889    0.676244  0.00238242
           3      1.6544    0.701049    0.698089  0.00880088
           3     1.68005    0.739226    0.725677  0.00756448
           3      1.7057     0.76532    0.750743   0.0059511
           3     1.73135    0.785457    0.774431  0.00452248
           3       1.757    0.814555     0.80908  0.00363842
           3     1.78265    0.849625    0.838444  0.00476524
           3      1.8083     0.90803     0.89411  0.00871729
           3     1.83395    0.933511    0.939625  0.00304165
           3      1.8596    0.964242    0.969199  0.00316165
           3     1.88525     1.01951      1.0146   0.0052165
           3      1.9109     1.05826     1.05649  0.00555248
           3     1.93655     1.08423     1.09072  0.00409218
           3      1.9622     1.12794     1.12117  0.00496616
           3     1.98785      1.1666     1.15581  0.00580314
           3      2.0135     1.17793     1.18102  0.00126931
           3     2.03915      1.2039      1.2124  0.00407475
           3      2.0648     1.22986     1.22665  0.00207594
           3     2.09045     1.21977     1.23155  0.00482596
           3      2.1161     1.20905     1.21751  0.00363988
           3     2.14174     1.18566     1.20219  0.00802905
           3     2.16739     1.15958     1.18109   0.0109642
           3     2.19304     1.14616     1.15811  0.00496387
           3     2.21869     1.12756     1.12936  0.00556914
           3     2.24434     1.09736     1.09904   0.0048826
           3     2.26999     1.06326     1.07036   0.0060461
           3     2.29564     1.02301     1.03679  0.00565318
           3     2.32129    0.987838     1.00992  0.00934543
           3     2.34694    0.983285    0.980745  0.00217855
           3     2.37259    0.955621    0.957836  0.00139941
           3     2.39824    0.945696    0.945925  0.00389421
           3     2.42389    0.928892    0.923299  0.00230596
           3     2.44954    0.933011    0.913511  0.00867829
           3     2.47519     0.91479    0.903602  0.00474396
           3     2.50084    0.887156     0.88592  0.00370885
           3     2.52649    0.895318    0.883568  0.00714758
           3     2.55214    0.902721    0.888877   0.0083839
           4   0.0128248           0           0           0
           4   0.0384745           0           0           0
           4   0.0641241           0           0           0
           4   0.0897737           0           0           0
           4    0.115423           0           0           0
           4    0.141073           0           0           0
           4    0.166723           0           0           0
           4    0.192372           0           0           0
           4    0.218022           0           0           0
           4    0.243672           0           0           0
           4    0.269321           0           0           0
           4    0.294971           0           0           0
           4     0.32062           0           0           0
           4     0.34627           0           0           0
           4     0.37192           0           0           0
           4    0.397569           0           0           0
           4    0.423219           0           0           0
           4    0.448869           0           0           0
           4    0.474518           0           0           0
           4    0.500168           0           0           0
           4    0.525818           0           0           0
           4    0.551467           0           0           0
           4    0.577117           0           0           0
           4    0.602767           0           0           0
           4    0.628416           0           0           0
           4    0.654066           0           0           0
           4    0.679715           0           0           0
           4    0.705365           0           0           0
           4    0.731015           0           0           0
           4    0.756664           0           0           0
           4    0.782314           0           0           0
           4    0.807964           0           0           0
           4    0.833613           0           0           0
           4    0.859263           0 6.32199e-05 5.47501e-05
           4    0.884913  0.00203586  0.00140309 0.000407882
           4    0.910562   0.0250481   0.0244289 0.000355339
           4    0.936212    0.170171    0.167951  0.00322182
           4    0.961861     0.57175    0.570624  0.00401304
           4    0.987511     1.18926     1.20591  0.00575928
           4     1.01316     1.79161     1.84929   0.0184959
           4     1.03881     2.31164     2.32934   0.0181159
           4     1.06446     2.54463     2.55145  0.00599637
           4     1.09011     2.54089     2.55101   0.0123888
           4     1.11576     2.40356       2.382  0.00678745
           4     1.14141     2.18063     2.17888  0.00984815
           4     1.16706     1.99728     1.98207  0.00785738
           4     1.19271     1.79008     1.74116   0.0166537
           4     1.21836      1.5778     1.55784   0.0087661
           4     1.24401     1.40945     1.40278  0.00989511
           4     1.26966     1.26962     1.25375  0.00825653
           4     1.29531     1.15219     1.13772  0.00491605
           4     1.32096     1.02398     1.03412  0.00311931
           4     1.34661    0.939516    0.948609  0.00966776
           4     1.37226    0.895227    0.882781  0.00758362
           4     1.39791    0.815424    0.814182  0.00274399
           4     1.42355    0.777169    0.769982  0.00560339
           4      1.4492     0.74158    0.738993   0.0058179
           4     1.47485    0.691817    0.710476  0.00561795
           4      1.5005    0.684297    0.692143  0.00405833
           4     1.52615    0.674846    0.683095  0.00529819
           4      1.5518    0.660309     0.67536  0.00625779
           4     1.57745    0.650266    0.669454  0.00696038
           4      1.6031    0.655858    0.673916    0.010984
           4     1.62875     0.68158    0.677578  0.00212784
           4      1.6544     0.67745    0.692929  0.00797095
           4     1.68005    0.703611    0.720161  0.00741693
           4      1.7057    0.753383    0.751403  0.00449976
           4     1.73135    0.779122    0.775604  0.00354065
           4       1.757    0.811326    0.809642  0.00277179
           4     1.78265    0.857643    0.843244   0.0054818
           4      1.8083    0.907006    0.897334  0.00710921
           4     1.83395    0.943372    0.940562  0.00242116
           4      1.8596    0.995962     0.97589   0.0062606
           4     1.88525     1.02318     1.01675  0.00433081
           4      1.9109     1.07692      1.0616  0.00607453
           4     1.93655     1.10436     1.09413  0.00425876
           4      1.9622     1.12335     1.12172   0.0037543
           4     1.98785      1.1611     1.15714  0.00450032
           4      2.0135     1.18689     1.18249  0.00158716
           4     2.03915     1.19835     1.20889  0.00431274
           4      2.0648      1.2059     1.22146  0.00475361
           4     2.09045     1.23234     1.23175  0.00362343
           4      2.1161     1.20066      1.2133  0.00455729
           4     2.14174      1.1963     1.20072  0.00615546
           4     2.16739     1.18466     1.18198  0.00825934
           4     2.19304     1.15462     1.15724  0.00379907
           4     2.21869     1.13392      1.1305  0.00429168
           4     2.24434     1.09887       1.099  0.00366214
           4     2.26999     1.07747     1.07214  0.00478852
           4     2.29564     1.05284      1.0408  0.00548136
           4     2.32129     1.03014     1.01498   0.0082635
           4     2.34694    0.990994    0.983307  0.00275561
           4     2.37259    0.961709    0.958804  0.00134343
           4     2.39824    0.939113    0.944222  0.00327196
           4     2.42389    0.919272    0.922292  0.00193683
           4     2.44954    0.912545    0.913269  0.00651208
           4     2.47519    0.899722    0.902632  0.00365576
           4     2.50084    0.885592    0.885838  0.00278255
           4     2.52649    0.879753    0.882615  0.00542394
           4     2.55214    0.868993    0.883906  0.00762045
           5   0.0128248           0           0           0
           5   0.0384745           0           0           0
           5   0.0641241           0           0           0
           5   0.0897737           0           0           0
           5    0.115423           0           0           0
           5    0.141073           0           0           0
           5    0.166723           0           0           0
           5    0.192372           0           0           0
           5    0.218022           0           0           0
           5    0.243672           0           0           0
           5    0.269321           0           0           0
           5    0.294971           0           0           0
           5     0.32062           0           0           0
           5     0.34627           0           0           0
           5     0.37192           0           0           0
           5    0.397569           0           0           0
           5    0.423219           0           0           0
           5    0.448869           0           0           0
           5    0.474518           0           0           0
           5    0.500168           0           0           0
           5    0.525818           0           0           0
           5    0.551467           0           0           0
           5    0.577117           0           0           0
           5    0.602767           0           0           0
           5    0.628416           0           0           0
           5    0.654066           0           0           0
           5    0.679715           0           0           0
           5    0.705365           0           0           0
           5    0.731015           0           0           0
           5    0.756664           0           0           0
           5    0.782314           0           0           0
           5    0.807964           0           0           0
           5    0.833613           0           0           0
           5    0.859263 0.000175071 8.55901e-05 4.81538e-05
           5    0.884913  0.00104544  0.00133156 0.000332519
           5    0.910562   0.0201286   0.0235688 0.000820102
           5    0.936212    0.159848     0.16633  0.00295709
           5    0.961861    0.581406    0.572781   0.0037452
           5    0.987511     1.23061     1.21085  0.00638355
           5     1.01316     1.88703     1.85684   0.0162638
           5     1.03881     2.33015      2.3295   0.0144935
           5     1.06446      2.5405     2.54926  0.00518194
           5     1.09011     2.55292     2.55139  0.00991698
           5     1.11576     2.45661     2.39692    0.014408
           5     1.14141     2.22212     2.18753   0.0110403
           5     1.16706     1.99116     1.98389  0.00649293
           5     1.19271     1.76577     1.74608   0.0140317
           5     1.21836     1.52586     1.55144  0.00904986
           5     1.24401     1.36377     1.39498   0.0105525
           5     1.26966     1.22493     1.24798  0.00837888
           5     1.29531     1.12014      1.1342  0.00503497
           5     1.32096     1.01126     1.02955  0.00479094
           5     1.34661    0.919073    0.942702  0.00936665
           5     1.37226    0.854169    0.877059   0.0079375
           5     1.39791    0.804347    0.812215  0.00281313
           5     1.42355    0.766431    0.769272  0.00452749
           5      1.4492    0.710107    0.733216  0.00695435
           5     1.47485    0.681813    0.704743  0.00681822
           5      1.5005    0.673516    0.688418  0.00465234
           5     1.52615    0.677356    0.681948  0.00436114
           5      1.5518    0.670126    0.674313  0.00509303
           5     1.57745    0.670774    0.669718  0.00557331
           5      1.6031     0.68292    0.675717  0.00893361
           5     1.62875    0.688862    0.679835  0.00264058
           5      1.6544    0.702151    0.694774  0.00658666
           5     1.68005    0.727502    0.721629  0.00607715
           5      1.7057    0.765601    0.754243  0.00440561
           5     1.73135    0.806377    0.781759  0.00619077
           5       1.757    0.835995    0.814912  0.00520961
           5     1.78265    0.863315    0.847258  0.00566774
           5      1.8083    0.904516     0.89877  0.00583066
           5     1.83395      0.9598     0.94441   0.0039491
           5      1.8596    0.983377    0.977387  0.00518444
           5     1.88525     1.02814     1.01903  0.00401919
           5      1.9109     1.06755     1.06279  0.00497498
           5     1.93655     1.11095      1.0975  0.00454488
           5      1.9622     1.14089     1.12555  0.00455941
           5     1.98785     1.17833     1.16137  0.00522833
           5      2.0135     1.18785     1.18356  0.00159102
           5     2.03915     1.19839     1.20679  0.00392805
           5      2.0648     1.21557     1.22028  0.00394598
           5     2.09045     1.20096     1.22559  0.00622447
           5      2.1161     1.17789     1.20622  0.00730791
           5     2.14174     1.18584     1.19774   0.0055973
           5     2.16739     1.15591     1.17677  0.00808727
           5     2.19304     1.12699     1.15119  0.00620727
           5     2.21869      1.0886     1.12212  0.00824429
           5     2.24434     1.06554     1.09231  0.00666372
           5     2.26999     1.06573     1.07086  0.00399863
           5     2.29564     1.04032     1.04071  0.00438593
           5     2.32129     1.01094     1.01417  0.00665014
           5     2.34694    0.978307    0.982307  0.00237899
           5     2.37259    0.961382     0.95932  0.00116953
           5     2.39824    0.942267    0.943831  0.00264084
           5     2.42389    0.937187    0.925271  0.00308216
           5     2.44954    0.934232    0.917462  0.00641893
           5     2.47519    0.917688    0.905643   0.0039758
           5     2.50084    0.896537    0.887978   0.0029357
           5     2.52649    0.902644     0.88662  0.00562731
           5     2.55214    0.905892    0.888303  0.00725493
           6   0.0128248           0           0           0
           6   0.0384745           0           0           0
           6   0.0641241           0           0           0
           6   0.0897737           0           0           0
           6    0.115423           0           0           0
           6    0.141073           0           0           0
           6    0.166723           0           0           0
           6    0.192372           0           0           0
           6    0.218022           0           0           0
           6    0.243672           0           0           0
           6    0.269321           0           0           0
           6    0.294971           0           0           0
           6     0.32062           0           0           0
           6     0.34627           0           0           0
           6     0.37192           0           0           0
           6    0.397569           0           0           0
           6    0.423219           0           0           0
           6    0.448869           0           0           0
           6    0.474518           0           0           0
           6    0.500168           0           0           0
           6    0.525818           0           0           0
           6    0.551467           0           0           0
           6    0.577117           0           0           0
           6    0.602767           0           0           0
           6    0.628416           0           0           0
           6    0.654066           0           0           0
           6    0.679715           0           0           0
           6    0.705365           0           0           0
           6    0.731015           0           0           0
           6    0.756664           0           0           0
           6    0.782314           0           0           0
           6    0.807964           0           0           0
           6    0.833613           0           0           0
           6    0.859263           0 7.13251e-05 4.21882e-05
           6    0.884913  0.00088037  0.00125636 0.000285475
           6    0.910562   0.0267977    0.024107 0.000841663
           6    0.936212    0.176988    0.168107  0.00294987
           6    0.961861    0.571672    0.572596  0.00312555
           6    0.987511     1.20791     1.21036  0.00533836
           6     1.01316     1.84533     1.85492   0.0136657
           6     1.03881     2.32767      2.3292   0.0120811
           6     1.06446     2.53122     2.54625  0.00511696
           6     1.09011     2.56154     2.55308  0.00840727
           6     1.11576     2.45694     2.40693   0.0150845
           6     1.14141     2.20651     2.19069  0.00964264
           6     1.16706     2.00538     1.98747  0.00632184
           6     1.19271     1.76988     1.75005    0.012241
           6     1.21836     1.55293     1.55169  0.00754492
           6     1.24401     1.36757     1.39041  0.00973256
           6     1.26966     1.24921     1.24819  0.00698492
           6     1.29531     1.11809     1.13151  0.00485959
           6     1.32096     1.03535     1.03051  0.00408891
           6     1.34661    0.921972    0.939247  0.00841867
           6     1.37226    0.846084    0.871896  0.00812168
           6     1.39791    0.805545    0.811103  0.00255446
           6     1.42355    0.771825    0.769697  0.00379285
           6      1.4492    0.720119    0.731033  0.00612827
           6     1.47485    0.692708    0.702737   0.0059696
           6      1.5005    0.686804    0.688149  0.00388472
           6     1.52615    0.682678    0.682069  0.00363598
           6      1.5518    0.659557    0.671854   0.0048014
           6     1.57745    0.665475    0.669011  0.00468907
           6      1.6031    0.672921    0.675251  0.00745682
           6     1.62875    0.694304    0.682246  0.00311259
           6      1.6544    0.696646    0.695086  0.00549627
           6     1.68005    0.737451    0.724266  0.00560728
           6      1.7057     0.75979    0.755167  0.00376712
           6     1.73135    0.783492    0.782048  0.00516572
           6       1.757    0.821092    0.815942  0.00444199
           6     1.78265    0.857882    0.849029  0.00499206
           6      1.8083    0.893627    0.897913   0.0049215
           6     1.83395    0.952485    0.945755  0.00351279
           6      1.8596    0.992078    0.979836   0.0048643
           6     1.88525     1.02913     1.02071  0.00368556
           6      1.9109       1.067     1.06349  0.00419489
           6     1.93655     1.09506     1.09709  0.00380546
           6      1.9622     1.15323     1.13016  0.00567137
           6     1.98785      1.1802     1.16451   0.0052139
           6      2.0135     1.19066     1.18475  0.00171024
           6     2.03915     1.20831     1.20704  0.00328153
           6      2.0648     1.19801     1.21657  0.00472138
           6     2.09045     1.20025     1.22137  0.00646267
           6      2.1161     1.18793     1.20317  0.00669564
           6     2.14174     1.18848      1.1962  0.00487256
           6     2.16739     1.16537     1.17487   0.0069589
           6     2.19304     1.14085     1.14947  0.00540659
           6     2.21869     1.10673     1.11956  0.00725825
           6     2.24434     1.08567      1.0912  0.00564418
           6     2.26999     1.05912      1.0689  0.00378057
           6     2.29564     1.02517     1.03812  0.00435247
           6     2.32129     1.01051     1.01356  0.00556976
           6     2.34694    0.998676    0.985035  0.00318314
           6     2.37259    0.961181     0.95963  0.00101491
           6     2.39824    0.940299    0.943242  0.00226536
           6     2.42389    0.919064    0.924237  0.00273658
           6     2.44954    0.911475    0.916464  0.00542612
           6     2.47519    0.911897    0.906685  0.00344709
           6     2.50084    0.891347    0.888539  0.00249954
           6     2.52649    0.888018    0.886853  0.00469424
           6     2.55214    0.894571    0.889348  0.00612052
           7   0.0128248           0           0           0
           7   0.0384745           0           0           0
           7   0.0641241           0           0           0
           7   0.0897737           0           0           0
           7    0.115423           0           0           0
           7    0.141073           0           0           0
           7    0.166723           0           0           0
           7    0.192372           0           0           0
           7    0.218022           0           0           0
           7    0.243672           0           0           0
           7    0.269321           0           0           0
           7    0.294971           0           0           0
           7     0.32062           0           0           0
           7     0.34627           0           0           0
           7     0.37192           0           0           0
           7    0.397569           0           0           0
           7    0.423219           0           0           0
           7    0.448869           0           0           0
           7    0.474518           0           0           0
           7    0.500168           0           0           0
           7    0.525818           0           0           0
           7    0.551467           0           0           0
           7    0.577117           0           0           0
           7    0.602767           0           0           0
           7    0.628416           0           0           0
           7    0.654066           0           0           0
           7    0.679715           0           0           0
           7    0.705365           0           0           0
           7    0.731015           0           0           0
           7    0.756664           0           0           0
           7    0.782314           0           0           0
           7    0.807964           0           0           0
           7    0.833613           0           0           0
           7    0.859263           0 6.11358e-05 3.73715e-05
           7    0.884913  0.00165069  0.00131269 0.000250189
           7    0.910562    0.023212   0.0239791 0.000731072
           7    0.936212     0.16791    0.168078   0.0025286
           7    0.961861    0.558259    0.570548  0.00328217
           7    0.987511      1.2043     1.20949   0.0046453
           7     1.01316     1.86885     1.85691   0.0118575
           7     1.03881     2.34402     2.33131   0.0105393
           7     1.06446     2.57705     2.55065   0.0059859
           7     1.09011      2.5701     2.55551  0.00754954
           7     1.11576     2.38342     2.40357   0.0132983
           7     1.14141     2.19273     2.19098  0.00826949
           7     1.16706     1.99395      1.9884  0.00548601
           7     1.19271     1.74899      1.7499   0.0104932
           7     1.21836      1.5814     1.55594  0.00756736
           7     1.24401     1.36062     1.38616  0.00922603
           7     1.26966     1.20869     1.24255  0.00794543
           7     1.29531     1.12126     1.13005  0.00438052
           7     1.32096     1.02411      1.0296  0.00360554
           7     1.34661    0.936696    0.938882  0.00722388
           7     1.37226    0.858982    0.870051  0.00716792
           7     1.39791    0.801613    0.809748  0.00252379
           7     1.42355    0.743184     0.76591   0.0047818
           7      1.4492    0.724695    0.730128  0.00531928
           7     1.47485     0.72892    0.706478  0.00617844
           7      1.5005    0.713348    0.691749  0.00471117
           7     1.52615    0.676702    0.681302  0.00319637
           7      1.5518    0.651839    0.668995  0.00489333
           7     1.57745    0.665037    0.668443  0.00405342
           7      1.6031    0.676694    0.675457  0.00639441
           7     1.62875    0.674082     0.68108  0.00287819
           7      1.6544    0.709104    0.697088  0.00506279
           7     1.68005    0.743399    0.726999  0.00543173
           7      1.7057    0.751946    0.754707  0.00325695
           7     1.73135    0.793832    0.783731  0.00469409
           7       1.757    0.837223    0.818982  0.00473479
           7     1.78265    0.867211    0.851626  0.00490836
           7      1.8083    0.895516    0.897571  0.00423033
           7     1.83395    0.937927    0.944637  0.00318401
           7      1.8596     0.98088    0.979985  0.00417169
           7     1.88525     1.01809     1.02034  0.00317801
           7      1.9109     1.05265     1.06194  0.00387078
           7     1.93655     1.08107      1.0948  0.00388954
           7      1.9622     1.11906     1.12858  0.00507838
           7     1.98785     1.17268     1.16568   0.0045977
           7      2.0135      1.1959     1.18634  0.00207966
           7     2.03915     1.23144     1.21053   0.0042805
           7      2.0648     1.23212     1.21879  0.00453975
           7     2.09045     1.21483     1.22043  0.00560644
           7      2.1161     1.18757     1.20094  0.00609881
           7     2.14174     1.17932     1.19379  0.00473567
           7     2.16739     1.16827     1.17392  0.00602829
           7     2.19304     1.15482     1.15023  0.00468798
           7     2.21869     1.11801     1.11934  0.00622473
           7     2.24434     1.09876     1.09228  0.00494003
           7     2.26999     1.05443     1.06683  0.00376343
           7     2.29564     1.01827     1.03528  0.00456173
           7     2.32129    0.988798     1.01002  0.00578946
           7     2.34694    0.984639    0.984978  0.00272891
           7     2.37259    0.955672    0.959065  0.00101528
           7     2.39824    0.940579    0.942862  0.00197344
           7     2.42389    0.937673    0.926156  0.00294281
           7     2.44954    0.919008    0.916828  0.00466311
           7     2.47519    0.903075    0.906169  0.00299299
           7     2.50084    0.883201    0.887777  0.00225581
           7     2.52649    0.889911     0.88729   0.0040439
           7     2.55214    0.891677     0.88968   0.0052552
           8   0.0128248           0           0           0
           8   0.0384745           0           0           0
           8   0.0641241           0           0           0
           8   0.0897737           0           0           0
           8    0.115423           0           0           0
           8    0.141073           0           0           0
           8    0.166723           0           0           0
           8    0.192372           0           0           0
           8    0.218022           0           0           0
           8    0.243672           0           0           0
           8    0.269321           0           0           0
           8    0.294971           0           0           0
           8     0.32062           0           0           0
           8     0.34627           0           0           0
           8     0.37192           0           0           0
           8    0.397569           0           0           0
           8    0.423219           0           0           0
           8    0.448869           0           0           0
           8    0.474518           0           0           0
           8    0.500168           0           0           0
           8    0.525818           0           0           0
           8    0.551467           0           0           0
           8    0.577117           0           0           0
           8    0.602767           0           0           0
           8    0.628416           0           0           0
           8    0.654066           0           0           0
           8    0.679715           0           0           0
           8    0.705365           0           0           0
           8    0.731015           0           0           0
           8    0.756664           0           0           0
           8    0.782314           0           0           0
           8    0.807964           0           0           0
           8    0.833613           0           0           0
           8    0.859263           0 5.34938e-05 3.34723e-05
           8    0.884913  0.00196249  0.00139392 0.000231726
           8    0.910562   0.0285473   0.0245501  0.00083337
           8    0.936212    0.164207    0.167595  0.00225836
           8    0.961861    0.581266    0.571888  0.00313344
           8    0.987511     1.22545     1.21149  0.00447251
           8     1.01316     1.88795     1.86079   0.0109918
           8     1.03881     2.32806     2.33091   0.0092297
           8     1.06446     2.55823      2.5516  0.00531206
           8     1.09011     2.52293     2.55144  0.00762595
           8     1.11576     2.42797     2.40662   0.0119808
           8     1.14141     2.21533     2.19403  0.00777553
           8     1.16706     1.99017     1.98862  0.00480475
           8     1.19271     1.76278     1.75151  0.00930441
           8     1.21836     1.57135     1.55786  0.00686234
           8     1.24401     1.37504     1.38477  0.00817672
           8     1.26966     1.22927     1.24089  0.00712354
           8     1.29531     1.13082     1.13015  0.00383402
           8     1.32096     1.00782     1.02688  0.00405409
           8     1.34661    0.939714    0.938986  0.00632164
           8     1.37226    0.858761     0.86864  0.00640936
           8     1.39791    0.800908    0.808643  0.00243824
           8     1.42355    0.754553     0.76449  0.00438976
           8      1.4492    0.720318    0.728901  0.00479362
           8     1.47485    0.703947    0.706161  0.00541423
           8      1.5005    0.677988    0.690029  0.00442516
           8     1.52615    0.666959     0.67951  0.00326114
           8      1.5518     0.66789    0.668857  0.00428361
           8     1.57745    0.680327    0.669929  0.00380923
           8      1.6031    0.666684     0.67436  0.00568836
           8     1.62875    0.689182    0.682093   0.0026907
           8      1.6544    0.690322    0.696242  0.00450003
           8     1.68005    0.716816    0.725726  0.00489964
           8      1.7057    0.753634    0.754573  0.00285259
           8     1.73135    0.794221    0.785042  0.00428654
           8       1.757    0.822916    0.819474   0.0041684
           8     1.78265    0.862804    0.853024  0.00448929
           8      1.8083    0.901235    0.898029  0.00372625
           8     1.83395    0.955863     0.94604  0.00307973
           8      1.8596    0.991355    0.981406  0.00388481
           8     1.88525     1.01701     1.01992  0.00280781
           8      1.9109      1.0611     1.06184  0.00338838
           8     1.93655     1.11884     1.09781  0.00441407
           8      1.9622      1.1681     1.13352    0.006411
           8     1.98785     1.19926     1.16988  0.00562153
           8      2.0135     1.18141     1.18572  0.00190882
           8     2.03915     1.20559     1.20991  0.00378966
           8      2.0648     1.18793     1.21493  0.00536692
           8     2.09045      1.1919     1.21687  0.00593259
           8      2.1161     1.18069     1.19841  0.00583801
           8     2.14174      1.1865     1.19288  0.00423042
           8     2.16739     1.17385     1.17391  0.00527476
           8     2.19304     1.15012     1.15022    0.004102
           8     2.21869     1.13593     1.12141   0.0057821
           8     2.24434     1.09932     1.09316  0.00440025
           8     2.26999     1.07212     1.06749   0.0033505
           8     2.29564     1.03067     1.03471  0.00402782
           8     2.32129     1.00008     1.00878  0.00519737
           8     2.34694    0.975225    0.983759  0.00264616
           8     2.37259    0.962941    0.959549 0.000997341
           8     2.39824    0.930198    0.941279  0.00227475
           8     2.42389    0.910764    0.924232  0.00314156
           8     2.44954    0.897086     0.91436  0.00468792
           8     2.47519    0.879701    0.902861  0.00405422
           8     2.50084    0.879508    0.886743   0.0021979
           8     2.52649    0.876835    0.885983  0.00374365
           8     2.55214    0.895115     0.89036    0.004642
           9   0.0128248           0           0           0
           9   0.0384745           0           0           0
           9   0.0641241           0           0           0
           9   0.0897737           0           0           0
           9    0.115423           0           0           0
           9    0.141073           0           0           0
           9    0.166723           0           0           0
           9    0.192372           0           0           0
           9    0.218022           0           0           0
           9    0.243672           0           0           0
           9    0.269321           0           0           0
           9    0.294971           0           0           0
           9     0.32062           0           0           0
           9     0.34627           0           0           0
           9     0.37192           0           0           0
           9    0.397569           0           0           0
           9    0.423219           0           0           0
           9    0.448869           0           0           0
           9    0.474518           0           0           0
           9    0.500168           0           0           0
           9    0.525818           0           0           0
           9    0.551467           0           0           0
           9    0.577117           0           0           0
           9    0.602767           0           0           0
           9    0.628416           0           0           0
           9    0.654066           0           0           0
           9    0.679715           0           0           0
           9    0.705365           0           0           0
           9    0.731015           0           0           0
           9    0.756664           0           0           0
           9    0.782314           0           0           0
           9    0.807964           0           0           0
           9    0.833613           0           0           0
           9    0.859263           0   4.755e-05 3.02763e-05
           9    0.884913 0.000788665  0.00132667 0.000215516
           9    0.910562    0.024182   0.0245092 0.000741776
           9    0.936212     0.15154    0.165811  0.00261883
           9    0.961861    0.554984    0.570009  0.00330052
           9    0.987511      1.2186     1.21228  0.00404484
           9     1.01316     1.86805      1.8616  0.00980009
           9     1.03881     2.36345     2.33452  0.00888442
           9     1.06446     2.57372     2.55406  0.00525973
           9     1.09011     2.56107     2.55251   0.0068533
           9     1.11576     2.41867     2.40796   0.0107242
           9     1.14141     2.21773     2.19666  0.00734411
           9     1.16706     2.01639     1.99171  0.00516748
           9     1.19271     1.77508     1.75413  0.00863141
           9     1.21836     1.54862     1.55684   0.0061762
           9     1.24401     1.35056     1.38097  0.00810361
           9     1.26966     1.21773     1.23831  0.00678083
           9     1.29531     1.09706     1.12647  0.00486075
           9     1.32096    0.986224     1.02236  0.00557867
           9     1.34661     0.90716     0.93545  0.00653386
           9     1.37226    0.862742    0.867985  0.00573061
           9     1.39791    0.814799    0.809327  0.00226125
           9     1.42355     0.75585     0.76353  0.00400562
           9      1.4492    0.710825    0.726893   0.0046628
           9     1.47485    0.719438    0.707636  0.00500957
           9      1.5005    0.691206    0.690159  0.00393541
           9     1.52615    0.668433    0.678279  0.00312241
           9      1.5518     0.67154    0.669155  0.00381802
           9     1.57745    0.677152    0.670731  0.00346951
           9      1.6031     0.67637    0.674584   0.0050607
           9     1.62875    0.693936    0.683409  0.00269435
           9      1.6544    0.713097    0.698115  0.00437238
           9     1.68005    0.721416    0.725247  0.00437858
           9      1.7057     0.76841     0.75611  0.00292071
           9     1.73135     0.80401     0.78715  0.00429722
           9       1.757     0.82601      0.8202  0.00376797
           9     1.78265     0.85998    0.853796  0.00405646
           9      1.8083    0.893587    0.897535  0.00334474
           9     1.83395    0.925261    0.943732   0.0034975
           9      1.8596    0.984195    0.981716   0.0034655
           9     1.88525     1.03494     1.02159  0.00295025
           9      1.9109     1.04898     1.06041  0.00329949
           9     1.93655     1.08983     1.09692   0.0040117
           9      1.9622     1.12654     1.13274  0.00574538
           9     1.98785     1.18307     1.17134  0.00518443
           9      2.0135     1.19775     1.18706  0.00211349
           9     2.03915     1.20504     1.20937   0.0034071
           9      2.0648     1.22725      1.2163  0.00494187
           9     2.09045     1.22251     1.21749  0.00530638
           9      2.1161     1.20459      1.1991  0.00522958
           9     2.14174     1.18999     1.19256  0.00377251
           9     2.16739     1.18005      1.1746  0.00473259
           9     2.19304     1.16422     1.15177  0.00393022
           9     2.21869      1.1212     1.12139  0.00513969
           9     2.24434     1.08551     1.09231  0.00399255
           9     2.26999     1.04637     1.06515  0.00371022
           9     2.29564      1.0352     1.03476  0.00358066
           9     2.32129    0.996064     1.00737   0.0048081
           9     2.34694    0.962177    0.981361  0.00326257
           9     2.37259     0.95225    0.958738  0.00117069
           9     2.39824    0.927573    0.939756  0.00247991
           9     2.42389     0.91252    0.922931  0.00305016
           9     2.44954    0.909715    0.913844  0.00419535
           9     2.47519    0.905912      0.9032  0.00361789
           9     2.50084    0.893143    0.887454  0.00206551
           9     2.52649     0.88967    0.886393  0.00335002
           9     2.55214    0.904467    0.891927   0.0043829
          10   0.0128248           0           0           0
          10   0.0384745           0           0           0
          10   0.0641241           0           0           0
          10   0.0897737           0           0           0
          10    0.115423           0           0           0
          10    0.141073           0           0           0
          10    0.166723           0           0           0
          10    0.192372           0           0           0
          10    0.218022           0           0           0
          10    0.243672           0           0           0
          10    0.269321           0           0           0
          10    0.294971           0           0           0
          10     0.32062           0           0           0
          10     0.34627           0           0           0
          10     0.37192           0           0           0
          10    0.397569           0           0           0
          10    0.423219           0           0           0
          10    0.448869           0           0           0
          10    0.474518           0           0           0
          10    0.500168           0           0           0
          10    0.525818           0           0           0
          10    0.551467           0           0           0
          10    0.577117           0           0           0
          10    0.602767           0           0           0
          10    0.628416           0           0           0
          10    0.654066           0           0           0
          10    0.679715           0           0           0
          10    0.705365           0           0           0
          10    0.731015           0           0           0
          10    0.756664           0           0           0
          10    0.782314           0           0           0
          10    0.807964           0           0           0
          10    0.833613           0           0           0
          10    0.859263           0  4.2795e-05 2.76195e-05
          10    0.884913   0.0017424  0.00136824 0.000197934
          10    0.910562   0.0270575   0.0247641 0.000710023
          10    0.936212    0.158766    0.165106  0.00244986
          10    0.961861     0.56346    0.569354  0.00303475
          10    0.987511     1.19576     1.21063  0.00396332
          10     1.01316     1.83835     1.85927  0.00909165
          10     1.03881      2.2947     2.33054   0.0088437
          10     1.06446     2.51812     2.55046  0.00583353
          10     1.09011     2.56697     2.55396  0.00631866
          10     1.11576     2.42675     2.40984  0.00981501
          10     1.14141     2.19036     2.19603  0.00663669
          10     1.16706     1.97648     1.99018  0.00486998
          10     1.19271     1.76046     1.75476  0.00779148
          10     1.21836     1.57035     1.55819  0.00570458
          10     1.24401     1.40206     1.38308  0.00756278
          10     1.26966     1.26024      1.2405  0.00644744
          10     1.29531     1.12963     1.12679   0.0043849
          10     1.32096     1.03017     1.02314   0.0050752
          10     1.34661    0.917996    0.933705  0.00610917
          10     1.37226    0.881734     0.86936  0.00531994
          10     1.39791    0.794359     0.80783  0.00248155
          10     1.42355    0.772874    0.764464  0.00371244
          10      1.4492    0.750881    0.729292  0.00477384
          10     1.47485    0.732644    0.710137  0.00509469
          10      1.5005     0.69659    0.690802  0.00359402
          10     1.52615    0.683843    0.678835  0.00285932
          10      1.5518    0.697193    0.671959  0.00434545
          10     1.57745     0.67545    0.671203  0.00315448
          10      1.6031    0.682691    0.675394  0.00461911
          10     1.62875    0.688451    0.683913  0.00247165
          10      1.6544    0.698519    0.698156  0.00393533
          10     1.68005     0.72194    0.724917  0.00395319
          10      1.7057    0.733097    0.753809  0.00341703
          10     1.73135    0.776243    0.786059  0.00400353
          10       1.757    0.802979    0.818478  0.00376419
          10     1.78265    0.825272    0.850944  0.00454435
          10      1.8083    0.880555    0.895837  0.00341418
          10     1.83395    0.934536    0.942812  0.00326639
          10      1.8596    0.970692    0.980614  0.00328962
          10     1.88525     1.03041     1.02247   0.0027839
          10      1.9109     1.07345     1.06171  0.00321699
          10     1.93655     1.09933     1.09716  0.00361777
          10      1.9622     1.10715     1.13018  0.00571241
          10     1.98785     1.14518     1.16873    0.005285
          10      2.0135     1.18236     1.18659  0.00195364
          10     2.03915     1.20658     1.20909  0.00307776
          10      2.0648      1.1922     1.21389  0.00500106
          10     2.09045     1.21889     1.21763  0.00477757
          10      2.1161     1.21234     1.20042  0.00487134
          10     2.14174     1.19716     1.19302  0.00342329
          10     2.16739     1.19375     1.17651  0.00463069
          10     2.19304      1.1496     1.15156  0.00354323
          10     2.21869     1.12486     1.12173  0.00463745
          10     2.24434     1.09732     1.09281  0.00362462
          10     2.26999     1.07089     1.06572  0.00338331
          10     2.29564     1.03878     1.03516  0.00324503
          10     2.32129      1.0145     1.00808  0.00437994
          10     2.34694    0.986521    0.981877  0.00297684
          10     2.37259     0.97683    0.960547   0.0020139
          10     2.39824     0.95341    0.941121  0.00258056
          10     2.42389    0.934842    0.924122  0.00296863
          10     2.44954    0.925466    0.915006  0.00393352
          10     2.47519    0.914989    0.904379  0.00344283
          10     2.50084    0.886956    0.887404  0.00185956
          10     2.52649    0.880433    0.885797  0.00306758
          10     2.55214    0.899823    0.892717  0.00401511
          11   0.0128248           0           0           0
          11   0.0384745           0           0           0
          11   0.0641241           0           0           0
          11   0.0897737           0           0           0
          11    0.115423           0           0           0
          11    0.141073           0           0           0
          11    0.166723           0           0           0
          11    0.192372           0           0           0
          11    0.218022           0           0           0
          11    0.243672           0           0           0
          11    0.269321           0           0           0
          11    0.294971           0           0           0
          11     0.32062           0           0           0
          11     0.34627           0           0           0
          11     0.37192           0           0           0
          11    0.397569           0           0           0
          11    0.423219           0           0           0
          11    0.448869           0           0           0
          11    0.474518           0           0           0
          11    0.500168           0           0           0
          11    0.525818           0           0           0
          11    0.551467           0           0           0
          11    0.577117           0           0           0
          11    0.602767           0           0           0
          11    0.628416           0           0           0
          11    0.654066           0           0           0
          11    0.679715           0           0           0
          11    0.705365           0           0           0
          11    0.731015           0           0           0
          11    0.756664           0           0           0
          11    0.782314           0           0           0
          11    0.807964           0           0           0
          11    0.833613           0           0           0
          11    0.859263           0 3.89046e-05 2.53812e-05
          11    0.884913 0.000678619  0.00130555 0.000189609
          11    0.910562    0.021012    0.024423 0.000722777
          11    0.936212     0.15916    0.164566  0.00228601
          11    0.961861    0.590751      0.5713  0.00332431
          11    0.987511     1.21885     1.21137  0.00367291
          11     1.01316       1.806     1.85443  0.00946756
          11     1.03881     2.31012     2.32869  0.00823221
          11     1.06446     2.57883     2.55304  0.00584536
          11     1.09011     2.60759     2.55883  0.00738985
          11     1.11576      2.4554     2.41398  0.00975753
          11     1.14141     2.16492      2.1932  0.00660842
          11     1.16706     2.00204     1.99126  0.00454494
          11     1.19271     1.76206     1.75542  0.00711134
          11     1.21836      1.5898     1.56106  0.00586544
          11     1.24401     1.38752     1.38348  0.00688602
          11     1.26966     1.20654     1.23742  0.00655924
          11     1.29531     1.09746     1.12412  0.00472758
          11     1.32096     0.98936     1.02007  0.00546448
          11     1.34661     0.91516    0.932019  0.00578173
          11     1.37226    0.858105    0.868337  0.00493372
          11     1.39791    0.798262     0.80696  0.00240357
          11     1.42355    0.752037    0.763335  0.00354269
          11      1.4492     0.72254    0.728678  0.00437913
          11     1.47485    0.710741    0.710192  0.00463184
          11      1.5005    0.673886    0.689265  0.00358123
          11     1.52615    0.678824    0.678834  0.00259938
          11      1.5518    0.669685    0.671752  0.00395532
          11     1.57745     0.67332    0.671395  0.00287358
          11      1.6031    0.674168    0.675283  0.00420053
          11     1.62875    0.676063    0.683199  0.00234771
          11      1.6544    0.677597    0.696287  0.00399681
          11     1.68005    0.730876    0.725458  0.00363074
          11      1.7057    0.764801    0.754808  0.00324923
          11     1.73135    0.800646    0.787385  0.00385293
          11       1.757    0.844128     0.82081  0.00408079
          11     1.78265    0.877286    0.853339   0.0047202
          11      1.8083    0.919687    0.898005  0.00372925
          11     1.83395    0.969247    0.945215  0.00375069
          11      1.8596    0.994421    0.981869  0.00322114
          11     1.88525     1.03523     1.02363    0.002762
          11      1.9109     1.06475     1.06199  0.00293633
          11     1.93655     1.10732     1.09808  0.00340484
          11      1.9622      1.1316     1.13031  0.00519455
          11     1.98785     1.14415     1.16649  0.00525554
          11      2.0135     1.17338     1.18539  0.00211325
          11     2.03915     1.19842     1.20812  0.00294678
          11      2.0648     1.20691     1.21326  0.00458655
          11     2.09045     1.21424     1.21733  0.00435319
          11      2.1161      1.2242     1.20258  0.00488484
          11     2.14174     1.20494      1.1941  0.00327927
          11     2.16739     1.17324     1.17621  0.00421925
          11     2.19304     1.14705     1.15115   0.0032447
          11     2.21869     1.11608     1.12122  0.00424424
          11     2.24434     1.08157     1.09179   0.0034362
          11     2.26999     1.04846     1.06415  0.00342023
          11     2.29564     1.01586     1.03341  0.00339132
          11     2.32129     1.01166     1.00841  0.00399385
          11     2.34694    0.965397    0.980379  0.00306009
          11     2.37259    0.939036    0.958592  0.00261315
          11     2.39824     0.92586    0.939734  0.00269323
          11     2.42389    0.916204    0.923402  0.00278466
          11     2.44954    0.914883    0.914995  0.00357594
          11     2.47519    0.907562    0.904668  0.00314198
          11     2.50084    0.897986    0.888366  0.00192331
          11     2.52649    0.904928    0.887536   0.0032445
          11     2.55214    0.894551    0.892884  0.00365355
          12   0.0128248           0           0           0
          12   0.0384745           0           0           0
          12   0.0641241           0           0           0
          12   0.0897737           0           0           0
          12    0.115423           0           0           0
          12    0.141073           0           0           0
          12    0.166723           0           0           0
          12    0.192372           0           0           0
          12    0.218022           0           0           0
          12    0.243672           0           0           0
          12    0.269321           0           0           0
          12    0.294971           0           0           0
          12     0.32062           0           0           0
          12     0.34627           0           0           0
          12     0.37192           0           0           0
          12    0.397569           0           0           0
          12    0.423219           0           0           0
          12    0.448869           0           0           0
          12    0.474518           0           0           0
          12    0.500168           0           0           0
          12    0.525818           0           0           0
          12    0.551467           0           0           0
          12    0.577117           0           0           0
          12    0.602767           0           0           0
          12    0.628416           0           0           0
          12    0.654066           0           0           0
          12    0.679715           0           0           0
          12    0.705365           0           0           0
          12    0.731015           0           0           0
          12    0.756664           0           0           0
          12    0.782314           0           0           0
          12    0.807964           0           0           0
          12    0.833613           0           0           0
          12    0.859263           0 3.56625e-05 2.34722e-05
          12    0.884913  0.00198083  0.00136182 0.000181967
          12    0.910562   0.0270575   0.0246425 0.000695091
          12    0.936212    0.168664    0.164907  0.00212086
          12    0.961861    0.569608    0.571159  0.00305027
          12    0.987511     1.18408      1.2091  0.00400971
          12     1.01316     1.88884      1.8573  0.00910264
          12     1.03881     2.39714     2.33439  0.00931536
          12     1.06446     2.56822     2.55431  0.00549334
          12     1.09011     2.51229     2.55495  0.00772504
          12     1.11576      2.3679     2.41014  0.00967053
          12     1.14141     2.18248     2.19231  0.00611789
          12     1.16706     1.93513     1.98658  0.00611672
          12     1.19271     1.74953     1.75493  0.00653568
          12     1.21836     1.55366     1.56044  0.00540897
          12     1.24401     1.39333      1.3843  0.00636097
          12     1.26966     1.25148     1.23859  0.00611641
          12     1.29531     1.11838     1.12364  0.00435778
          12     1.32096     1.00549     1.01885  0.00514233
          12     1.34661    0.913053    0.930438   0.0055117
          12     1.37226    0.859989    0.867641  0.00457136
          12     1.39791    0.813939    0.807542  0.00227255
          12     1.42355    0.785022    0.765142  0.00367969
          12      1.4492    0.753862    0.730777  0.00448902
          12     1.47485    0.724667    0.711398  0.00440012
          12      1.5005    0.703128     0.69042  0.00346414
          12     1.52615     0.70246    0.680803  0.00303824
          12      1.5518    0.699513    0.674065  0.00424874
          12     1.57745    0.682284    0.672303  0.00277367
          12      1.6031    0.676906    0.675418  0.00385267
          12     1.62875    0.706356    0.685129  0.00283635
          12      1.6544    0.717295    0.698037  0.00402898
          12     1.68005    0.732744    0.726066  0.00337855
          12      1.7057    0.752331    0.754602  0.00298501
          12     1.73135    0.776319    0.786463  0.00364054
          12       1.757     0.80485     0.81948  0.00395153
          12     1.78265    0.853019    0.853312  0.00432693
          12      1.8083     0.89093    0.897416  0.00346478
          12     1.83395    0.929506    0.943906  0.00365947
          12      1.8596    0.964038    0.980383  0.00327756
          12     1.88525     1.02355     1.02362  0.00253184
          12      1.9109     1.06755     1.06245  0.00272797
          12     1.93655     1.10598     1.09874  0.00318398
          12      1.9622     1.12894      1.1302  0.00476293
          12     1.98785     1.15297     1.16536   0.0049369
          12      2.0135     1.19009     1.18578  0.00197306
          12     2.03915     1.21038     1.20831  0.00270722
          12      2.0648     1.20829     1.21284    0.004223
          12     2.09045     1.20096     1.21596  0.00419861
          12      2.1161      1.2058     1.20285  0.00448514
          12     2.14174     1.19723     1.19436  0.00301637
          12     2.16739     1.15797     1.17469  0.00413243
          12     2.19304     1.13395     1.14971  0.00327561
          12     2.21869     1.11016      1.1203  0.00398941
          12     2.24434     1.08637     1.09134  0.00317942
          12     2.26999     1.05704     1.06356  0.00318616
          12     2.29564      1.0406     1.03401  0.00316126
          12     2.32129     1.01439     1.00891  0.00369202
          12     2.34694    0.981418    0.980466  0.00280631
          12     2.37259    0.955027    0.958295  0.00241222
          12     2.39824    0.930854    0.938994  0.00256843
          12     2.42389    0.926342    0.923647  0.00256336
          12     2.44954     0.92956    0.916209  0.00347783
          12     2.47519    0.891104    0.903538  0.00307676
          12     2.50084    0.909441    0.890123  0.00243633
          12     2.52649    0.915893    0.889899  0.00373689
          12     2.55214    0.916455    0.894848  0.00384099
          13   0.0128248           0           0           0
          13   0.0384745           0           0           0
          13   0.0641241           0           0           0
          13   0.0897737           0           0           0
          13    0.115423           0           0           0
          13    0.141073           0           0           0
          13    0.166723           0           0           0
          13    0.192372           0           0           0
          13    0.218022           0           0           0
          13    0.243672           0           0           0
          13    0.269321           0           0           0
          13    0.294971           0           0           0
          13     0.32062           0           0           0
          13     0.34627           0           0           0
          13     0.37192           0           0           0
          13    0.397569           0           0           0
          13    0.423219           0           0           0
          13    0.448869           0           0           0
          13    0.474518           0           0           0
          13    0.500168           0           0           0
          13    0.525818           0           0           0
          13    0.551467           0           0           0
          13    0.577117           0           0           0
          13    0.602767           0           0           0
          13    0.628416           0           0           0
          13    0.654066           0           0           0
          13    0.679715           0           0           0
          13    0.705365           0           0           0
          13    0.731015           0           0           0
          13    0.756664           0           0           0
          13    0.782314           0           0           0
          13    0.807964           0           0           0
          13    0.833613           0           0           0
          13    0.859263           0 3.29193e-05 2.18264e-05
          13    0.884913  0.00139392  0.00136429 0.000167986
          13    0.910562   0.0265205    0.024787 0.000656463
          13    0.936212    0.167484    0.165105  0.00196696
          13    0.961861    0.568614    0.570963  0.00282191
          13    0.987511      1.2022     1.20857  0.00373627
          13     1.01316     1.87978     1.85903  0.00856513
          13     1.03881     2.36819     2.33699  0.00895434
          13     1.06446     2.57823     2.55615   0.0053702
          13     1.09011     2.56911     2.55604  0.00720713
          13     1.11576     2.37757     2.40763  0.00924553
          13     1.14141     2.14665      2.1888   0.0065788
          13     1.16706     1.95196     1.98392    0.006199
          13     1.19271     1.70417     1.75103  0.00710413
          13     1.21836     1.50787      1.5564  0.00632682
          13     1.24401     1.37506     1.38359  0.00591124
          13     1.26966     1.26631     1.24072  0.00600622
          13     1.29531     1.12728     1.12392  0.00403154
          13     1.32096     1.03229     1.01989  0.00484957
          13     1.34661    0.952498    0.932135  0.00534256
          13     1.37226    0.879004    0.868515  0.00430247
          13     1.39791    0.815946    0.808188  0.00218776
          13     1.42355    0.764723     0.76511  0.00339677
          13      1.4492    0.730843    0.730782  0.00414372
          13     1.47485    0.706892    0.711052  0.00407528
          13      1.5005    0.702312    0.691335  0.00331625
          13     1.52615    0.711655    0.683176  0.00361445
          13      1.5518    0.689057    0.675219  0.00407542
          13     1.57745    0.679392    0.672848  0.00261336
          13      1.6031    0.695925    0.676995  0.00386578
          13     1.62875    0.689897    0.685496  0.00264177
          13      1.6544    0.695937    0.697876  0.00372229
          13     1.68005     0.73224     0.72654  0.00315187
          13      1.7057    0.746032    0.753943  0.00282725
          13     1.73135    0.766305    0.784912  0.00367592
          13       1.757    0.802239    0.818154  0.00386371
          13     1.78265    0.830691    0.851572  0.00432985
          13      1.8083    0.896877    0.897374   0.0031985
          13     1.83395    0.933563     0.94311  0.00346339
          13      1.8596    0.975676    0.980021  0.00304537
          13     1.88525     1.03494     1.02449  0.00248225
          13      1.9109     1.06727     1.06282  0.00254323
          13     1.93655     1.11517     1.10001  0.00318001
          13      1.9622     1.14256     1.13115  0.00449044
          13     1.98785     1.18488     1.16687  0.00477992
          13      2.0135     1.20694     1.18741  0.00240048
          13     2.03915     1.19703     1.20744  0.00263429
          13      2.0648     1.20615     1.21233  0.00392941
          13     2.09045      1.2153     1.21591  0.00387595
          13      2.1161     1.18556     1.20152  0.00433294
          13     2.14174     1.18055      1.1933  0.00296563
          13     2.16739     1.15266       1.173  0.00414774
          13     2.19304      1.1384     1.14884  0.00313712
          13     2.21869     1.11431     1.11984  0.00370901
          13     2.24434      1.0875     1.09104  0.00294855
          13     2.26999     1.05846     1.06317  0.00296516
          13     2.29564     1.03388       1.034   0.0029181
          13     2.32129     1.00555     1.00865  0.00341701
          13     2.34694     0.99449    0.981545  0.00279011
          13     2.37259    0.978805    0.959872  0.00269363
          13     2.39824    0.939582    0.939039  0.00237126
          13     2.42389    0.913916    0.922898  0.00247307
          13     2.44954    0.901043    0.915042  0.00340034
          13     2.47519     0.90195    0.903416  0.00284251
          13     2.50084    0.894842    0.890486  0.00227581
          13     2.52649    0.883239    0.889387  0.00348438
          13     2.55214    0.892749    0.894686  0.00354892
          14   0.0128248           0           0           0
          14   0.0384745           0           0           0
          14   0.0641241           0           0           0
          14   0.0897737           0           0           0
          14    0.115423           0           0           0
          14    0.141073           0           0           0
          14    0.166723           0           0           0
          14    0.192372           0           0           0
          14    0.218022           0           0           0
          14    0.243672           0           0           0
          14    0.269321           0           0           0
          14    0.294971           0           0           0
          14     0.32062           0           0           0
          14     0.34627           0           0           0
          14     0.37192           0           0           0
          14    0.397569           0           0           0
          14    0.423219           0           0           0
          14    0.448869           0           0           0
          14    0.474518           0           0           0
          14    0.500168           0           0           0
          14    0.525818           0           0           0
          14    0.551467           0           0           0
          14    0.577117           0           0           0
          14    0.602767           0           0           0
          14    0.628416           0           0           0
          14    0.654066           0           0           0
          14    0.679715           0           0           0
          14    0.705365           0           0           0
          14    0.731015           0           0           0
          14    0.756664           0           0           0
          14    0.782314           0           0           0
          14    0.807964           0           0           0
          14    0.833613           0           0           0
          14    0.859263           0 3.05679e-05 2.03936e-05
          14    0.884913 0.000862029  0.00132842 0.000159772
          14    0.910562   0.0196436   0.0244196 0.000704919
          14    0.936212    0.159143     0.16468    0.001872
          14    0.961861    0.562917    0.570388  0.00267823
          14    0.987511     1.21274     1.20887  0.00348126
          14     1.01316     1.90471     1.86229  0.00855241
          14     1.03881     2.34832      2.3378  0.00835124
          14     1.06446     2.56554     2.55682  0.00502838
          14     1.09011     2.55921     2.55627  0.00669589
          14     1.11576     2.41746     2.40834  0.00861175
          14     1.14141     2.22234     2.19119  0.00653061
          14     1.16706     1.96889     1.98285  0.00584838
          14     1.19271     1.73845     1.75013  0.00665325
          14     1.21836     1.53636     1.55497  0.00603464
          14     1.24401     1.37925     1.38328  0.00549715
          14     1.26966       1.232      1.2401  0.00560941
          14     1.29531     1.10836     1.12281  0.00389377
          14     1.32096     1.00448     1.01879  0.00462637
          14     1.34661    0.937512    0.932519  0.00497473
          14     1.37226     0.86153    0.868016  0.00402398
          14     1.39791    0.809544    0.808285  0.00203363
          14     1.42355    0.763051    0.764963  0.00315733
          14      1.4492    0.737627    0.731271  0.00387647
          14     1.47485    0.709883    0.710968  0.00378504
          14      1.5005    0.698612    0.691854  0.00311985
          14     1.52615    0.679779    0.682934  0.00336441
          14      1.5518    0.673794    0.675117  0.00378559
          14     1.57745    0.685585    0.673758  0.00258021
          14      1.6031    0.688956     0.67785  0.00368284
          14     1.62875    0.694038    0.686106  0.00252256
          14      1.6544    0.707404    0.698556  0.00351808
          14     1.68005    0.710776    0.725414  0.00312141
          14      1.7057    0.744906    0.753297  0.00269798
          14     1.73135     0.78298    0.784774  0.00341595
          14       1.757    0.820459    0.818318  0.00359124
          14     1.78265    0.865652    0.852578  0.00413572
          14      1.8083    0.902482    0.897739  0.00299077
          14     1.83395    0.960983    0.944387  0.00344326
          14      1.8596    0.978056    0.979881  0.00283108
          14     1.88525     1.02479     1.02452  0.00230503
          14      1.9109     1.04806     1.06177   0.0025709
          14     1.93655      1.0981     1.09987  0.00295578
          14      1.9622     1.11575     1.13005  0.00430235
          14     1.98785     1.14591     1.16537  0.00466697
          14      2.0135     1.17849     1.18677  0.00231199
          14     2.03915      1.1987     1.20682  0.00251899
          14      2.0648     1.21866     1.21278  0.00367467
          14     2.09045     1.22808     1.21678  0.00369531
          14      2.1161     1.22861     1.20346  0.00443464
          14     2.14174     1.19989     1.19377   0.0027909
          14     2.16739     1.17408     1.17308  0.00385219
          14     2.19304     1.15574     1.14934  0.00295149
          14     2.21869     1.13542     1.12095   0.0036071
          14     2.24434     1.09505     1.09133  0.00275178
          14     2.26999     1.06066     1.06299  0.00275879
          14     2.29564     1.04264     1.03462  0.00277416
          14     2.32129     1.01615     1.00918  0.00321471
          14     2.34694    0.975259    0.981096  0.00262669
          14     2.37259    0.955948    0.959592  0.00251577
          14     2.39824    0.935462    0.938784  0.00221561
          14     2.42389    0.918453    0.922581  0.00231671
          14     2.44954    0.909995    0.914681  0.00317651
          14     2.47519    0.896316    0.902909  0.00268433
          14     2.50084    0.885925     0.89016  0.00213645
          14     2.52649    0.880246    0.888734   0.0032961
          14     2.55214    0.889832     0.89434  0.00331232
          15   0.0128248           0           0           0
          15   0.0384745           0           0           0
          15   0.0641241           0           0           0
          15   0.0897737           0           0           0
          15    0.115423           0           0           0
          15    0.141073           0           0           0
          15    0.166723           0           0           0
          15    0.192372           0           0           0
          15    0.218022           0           0           0
          15    0.243672           0           0           0
          15    0.269321           0           0           0
          15    0.294971           0           0           0
          15     0.32062           0           0           0
          15     0.34627           0           0           0
          15     0.37192           0           0           0
          15    0.397569           0           0           0
          15    0.423219           0           0           0
          15    0.448869           0           0           0
          15    0.474518           0           0           0
          15    0.500168           0           0           0
          15    0.525818           0           0           0
          15    0.551467           0           0           0
          15    0.577117           0           0           0
          15    0.602767           0           0           0
          15    0.628416           0           0           0
          15    0.654066           0           0           0
          15    0.679715           0           0           0
          15    0.705365           0           0           0
          15    0.731015           0           0           0
          15    0.756664           0           0           0
          15    0.782314           0           0           0
          15    0.807964           0           0           0
          15    0.833613           0           0           0
          15    0.859263           0   2.853e-05 1.91356e-05
          15    0.884913  0.00179742  0.00135968  0.00015215
          15    0.910562   0.0264686   0.0245562 0.000671029
          15    0.936212    0.163977    0.164633  0.00174778
          15    0.961861    0.576112     0.57077  0.00252672
          15    0.987511     1.18021     1.20696   0.0037369
          15     1.01316     1.81215     1.85895  0.00861059
          15     1.03881     2.30046     2.33531  0.00815705
          15     1.06446     2.56317     2.55724  0.00471096
          15     1.09011     2.58678      2.5583  0.00655115
          15     1.11576     2.42087     2.40917  0.00807804
          15     1.14141     2.23232     2.19393  0.00664585
          15     1.16706     1.98321     1.98287  0.00545854
          15     1.19271     1.74363      1.7497  0.00622379
          15     1.21836     1.57314     1.55618  0.00575263
          15     1.24401     1.41417     1.38534  0.00550292
          15     1.26966      1.2664     1.24185  0.00550272
          15     1.29531     1.11534     1.12231  0.00366591
          15     1.32096     1.03181     1.01966  0.00439862
          15     1.34661    0.942011    0.933152  0.00468315
          15     1.37226    0.871544    0.868251  0.00376258
          15     1.39791    0.813505    0.808633  0.00192761
          15     1.42355    0.749783    0.763951  0.00310479
          15      1.4492    0.722554     0.73069  0.00366134
          15     1.47485    0.691401    0.709664  0.00375077
          15      1.5005    0.669369    0.690355   0.0032521
          15     1.52615    0.665257    0.681755  0.00334013
          15      1.5518    0.657643    0.673952  0.00370813
          15     1.57745    0.657862    0.672698  0.00261678
          15      1.6031    0.673564    0.677564  0.00344838
          15     1.62875     0.68818    0.686244  0.00235818
          15      1.6544    0.683611     0.69756  0.00342173
          15     1.68005    0.720719    0.725101  0.00292897
          15      1.7057    0.753881    0.753336   0.0025184
          15     1.73135    0.802117    0.785931  0.00337822
          15       1.757    0.844351    0.820054  0.00374778
          15     1.78265    0.862294    0.853225   0.0039104
          15      1.8083    0.907011    0.898357  0.00285455
          15     1.83395    0.949833     0.94475  0.00323279
          15      1.8596    0.981084    0.979961  0.00264348
          15     1.88525     1.00067     1.02293  0.00264337
          15      1.9109     1.06777     1.06217  0.00243049
          15     1.93655     1.10427     1.10016  0.00277324
          15      1.9622     1.13568     1.13042  0.00403188
          15     1.98785     1.17865     1.16625  0.00443907
          15      2.0135      1.1722      1.1858  0.00235305
          15     2.03915     1.18917     1.20564  0.00261139
          15      2.0648     1.20229     1.21208  0.00349558
          15     2.09045     1.20979     1.21631  0.00347826
          15      2.1161     1.18324     1.20211  0.00433895
          15     2.14174     1.17662     1.19263  0.00282926
          15     2.16739     1.18322     1.17375  0.00365424
          15     2.19304     1.16227      1.1502  0.00287799
          15     2.21869      1.1258     1.12127  0.00338105
          15     2.24434      1.1027     1.09209  0.00267078
          15     2.26999     1.08219     1.06427   0.0028565
          15     2.29564     1.04812     1.03552  0.00273139
          15     2.32129     1.00423     1.00885  0.00301728
          15     2.34694     0.97722    0.980837  0.00246425
          15     2.37259    0.961043    0.959689  0.00234991
          15     2.39824     0.94362    0.939106  0.00209123
          15     2.42389     0.93349    0.923308  0.00227356
          15     2.44954    0.920638    0.915079  0.00298946
          15     2.47519    0.908169    0.903259  0.00252818
          15     2.50084     0.89487    0.890474  0.00201696
          15     2.52649    0.886457    0.888582  0.00307986
          15     2.55214    0.882848    0.893574  0.00317887
          16   0.0128248           0           0           0
          16   0.0384745           0           0           0
          16   0.0641241           0           0           0
          16   0.0897737           0           0           0
          16    0.115423           0           0           0
          16    0.141073           0           0           0
          16    0.166723           0           0           0
          16    0.192372           0           0           0
          16    0.218022           0           0           0
          16    0.243672           0           0           0
          16    0.269321           0           0           0
          16    0.294971           0           0           0
          16     0.32062           0           0           0
          16     0.34627           0           0           0
          16     0.37192           0           0           0
          16    0.397569           0           0           0
          16    0.423219           0           0           0
          16    0.448869           0           0           0
          16    0.474518           0           0           0
          16    0.500168           0           0           0
          16    0.525818           0           0           0
          16    0.551467           0           0           0
          16    0.577117           0           0           0
          16    0.602767           0           0           0
          16    0.628416           0           0           0
          16    0.654066           0           0           0
          16    0.679715           0           0           0
          16    0.705365           0           0           0
          16    0.731015           0           0           0
          16    0.756664           0           0           0
          16    0.782314           0           0           0
          16    0.807964           0           0           0
          16    0.833613           0           0           0
          16    0.859263           0 2.67469e-05 1.80225e-05
          16    0.884913  0.00141226  0.00136297 0.000142676
          16    0.910562   0.0274213   0.0247353 0.000652546
          16    0.936212    0.167828    0.164832  0.00164992
          16    0.961861    0.557763    0.569957  0.00249615
          16    0.987511     1.20586     1.20689  0.00350396
          16     1.01316     1.89953     1.86148  0.00843783
          16     1.03881     2.35667     2.33664  0.00775567
          16     1.06446      2.5733     2.55825  0.00452218
          16     1.09011     2.56647     2.55881  0.00616158
          16     1.11576     2.35671     2.40589  0.00821171
          16     1.14141     2.23598     2.19656  0.00672993
          16     1.16706     2.00635     1.98434  0.00531098
          16     1.19271      1.7518     1.74983  0.00583619
          16     1.21836     1.57152     1.55714  0.00547244
          16     1.24401     1.36619     1.38414  0.00528756
          16     1.26966      1.2345     1.24139  0.00517797
          16     1.29531     1.13138     1.12288  0.00348032
          16     1.32096     1.01406     1.01931  0.00413758
          16     1.34661    0.906621    0.931494   0.0046748
          16     1.37226    0.857624    0.867587  0.00358556
          16     1.39791    0.831168    0.810041  0.00226393
          16     1.42355    0.760605    0.763742  0.00291778
          16      1.4492    0.722581    0.730183   0.0034674
          16     1.47485    0.711237    0.709762  0.00351763
          16      1.5005    0.690836    0.690385  0.00304898
          16     1.52615    0.654841    0.680073  0.00352961
          16      1.5518    0.667228    0.673532  0.00350011
          16     1.57745    0.667871    0.672396  0.00247056
          16      1.6031    0.689241    0.678294  0.00330918
          16     1.62875    0.679555    0.685826  0.00224754
          16      1.6544    0.711219    0.698414  0.00331264
          16     1.68005    0.735278    0.725737  0.00281411
          16      1.7057    0.769506    0.754347  0.00255574
          16     1.73135    0.789046    0.786125  0.00317269
          16       1.757     0.81255    0.819585  0.00354277
          16     1.78265    0.849114    0.852969  0.00367443
          16      1.8083    0.868779    0.896509  0.00321957
          16     1.83395    0.935074    0.944145  0.00308679
          16      1.8596     0.95132    0.978171  0.00302419
          16     1.88525     1.03306     1.02356  0.00255289
          16      1.9109      1.0641     1.06229  0.00228159
          16     1.93655      1.0948     1.09983  0.00262009
          16      1.9622     1.13994     1.13102  0.00382349
          16     1.98785     1.18543     1.16745  0.00432036
          16      2.0135     1.19443     1.18634  0.00226701
          16     2.03915     1.21865     1.20645  0.00257155
          16      2.0648     1.22248     1.21273  0.00333701
          16     2.09045     1.22081      1.2166  0.00327221
          16      2.1161     1.20283     1.20215    0.004068
          16     2.14174     1.19279     1.19264  0.00265245
          16     2.16739     1.19017     1.17478  0.00356693
          16     2.19304     1.15971     1.15079  0.00275885
          16     2.21869     1.11165     1.12067   0.0032228
          16     2.24434      1.0852     1.09165  0.00253829
          16     2.26999     1.06956      1.0646  0.00269708
          16     2.29564     1.04252     1.03595  0.00259556
          16     2.32129     0.99753     1.00815  0.00291051
          16     2.34694    0.976198    0.980547  0.00232723
          16     2.37259    0.966685    0.960126  0.00224335
          16     2.39824    0.946662    0.939578  0.00201315
          16     2.42389    0.912375    0.922625  0.00223178
          16     2.44954    0.914065    0.915015  0.00280329
          16     2.47519    0.896164    0.902816  0.00240875
          16     2.50084    0.877306    0.889651  0.00205195
          16     2.52649    0.888885    0.888601  0.00288742
          16     2.55214    0.895109    0.893669  0.00298164
          17   0.0128248           0           0           0
          17   0.0384745           0           0           0
          17   0.0641241           0           0           0
          17   0.0897737           0           0           0
          17    0.115423           0           0           0
          17    0.141073           0           0           0
          17    0.166723           0           0           0
          17    0.192372           0           0           0
          17    0.218022           0           0           0
          17    0.243672           0           0           0
          17    0.269321           0           0           0
          17    0.294971           0           0           0
          17     0.32062           0           0           0
          17     0.34627           0           0           0
          17     0.37192           0           0           0
          17    0.397569           0           0           0
          17    0.423219           0           0           0
          17    0.448869           0           0           0
          17    0.474518           0           0           0
          17    0.500168           0           0           0
          17    0.525818           0           0           0
          17    0.551467           0           0           0
          17    0.577117           0           0           0
          17    0.602767           0           0           0
          17    0.628416           0           0           0
          17    0.654066           0           0           0
          17    0.679715           0           0           0
          17    0.705365           0           0           0
          17    0.731015           0           0           0
          17    0.756664           0           0           0
          17    0.782314           0           0           0
          17    0.807964           0           0           0
          17    0.833613           0           0           0
          17    0.859263           0 2.51736e-05 1.70309e-05
          17    0.884913 0.000311798  0.00130114 0.000147073
          17    0.910562   0.0268497   0.0248596 0.000625902
          17    0.936212    0.161323    0.164626  0.00156573
          17    0.961861    0.552997    0.568959  0.00254088
          17    0.987511     1.23174     1.20835  0.00358989
          17     1.01316     1.92378     1.86515  0.00870096
          17     1.03881     2.34348     2.33705  0.00730986
          17     1.06446     2.53335     2.55678  0.00448709
          17     1.09011     2.51948      2.5565  0.00621835
          17     1.11576     2.36005      2.4032  0.00815936
          17     1.14141     2.18433     2.19584  0.00637241
          17     1.16706     1.94826     1.98222  0.00540604
          17     1.19271     1.75374     1.75006  0.00549741
          17     1.21836     1.60012     1.55967  0.00570464
          17     1.24401     1.42012     1.38626  0.00538342
          17     1.26966     1.26643     1.24286   0.0050785
          17     1.29531     1.11738     1.12256  0.00329062
          17     1.32096      1.0073      1.0186  0.00395405
          17     1.34661    0.929924    0.931401  0.00440072
          17     1.37226    0.873817    0.867954  0.00339332
          17     1.39791    0.829653    0.811195  0.00240681
          17     1.42355    0.769125    0.764058  0.00276327
          17      1.4492    0.727861    0.730046  0.00326612
          17     1.47485    0.703775     0.70941   0.0033283
          17      1.5005    0.679168    0.689726  0.00294016
          17     1.52615    0.668531    0.679394  0.00338665
          17      1.5518    0.671677    0.673423  0.00329592
          17     1.57745    0.668102    0.672144  0.00233812
          17      1.6031    0.682774    0.678557    0.003125
          17     1.62875    0.705154    0.686963  0.00238563
          17      1.6544    0.711922    0.699208  0.00321167
          17     1.68005     0.73627    0.726357  0.00271592
          17      1.7057    0.758655      0.7546  0.00241794
          17     1.73135    0.775725    0.785513  0.00304447
          17       1.757    0.816532    0.819405  0.00333892
          17     1.78265    0.867907    0.853847  0.00356182
          17      1.8083    0.908667    0.897224   0.0031086
          17     1.83395    0.924411    0.942985  0.00311585
          17      1.8596    0.975693    0.978025  0.00284981
          17     1.88525     1.01744      1.0232  0.00242797
          17      1.9109     1.06901     1.06268  0.00218135
          17     1.93655     1.09576     1.09959  0.00247688
          17      1.9622     1.12745     1.13081  0.00360433
          17     1.98785     1.15139     1.16651  0.00416828
          17      2.0135     1.19231     1.18669  0.00216066
          17     2.03915     1.19998     1.20607  0.00244836
          17      2.0648     1.20791     1.21245  0.00315275
          17     2.09045     1.21495      1.2165  0.00308116
          17      2.1161     1.20128      1.2021  0.00382903
          17     2.14174     1.18455     1.19216  0.00253877
          17     2.16739     1.17477     1.17478  0.00335711
          17     2.19304     1.14375     1.15038  0.00262752
          17     2.21869     1.12011     1.12064  0.00303339
          17     2.24434     1.09371     1.09178  0.00239186
          17     2.26999      1.0666     1.06472  0.00254099
          17     2.29564     1.02935     1.03556  0.00247178
          17     2.32129     1.00279     1.00783  0.00275629
          17     2.34694    0.984621    0.980787  0.00220264
          17     2.37259    0.955948     0.95988  0.00212481
          17     2.39824    0.932228    0.939146   0.0019406
          17     2.42389    0.939732    0.923631  0.00231627
          17     2.44954    0.916952    0.915129  0.00264071
          17     2.47519    0.906627     0.90304  0.00227747
          17     2.50084    0.888026    0.889555  0.00193348
          17     2.52649    0.897579    0.889129  0.00276545
          17     2.55214    0.885099    0.893165  0.00284854
          18   0.0128248           0           0           0
          18   0.0384745           0           0           0
          18   0.0641241           0           0           0
          18   0.0897737           0           0           0
          18    0.115423           0           0           0
          18    0.141073           0           0           0
          18    0.166723           0           0           0
          18    0.192372           0           0           0
          18    0.218022           0           0           0
          18    0.243672           0           0           0
          18    0.269321           0           0           0
          18    0.294971           0           0           0
          18     0.32062           0           0           0
          18     0.34627           0           0           0
          18     0.37192           0           0           0
          18    0.397569           0           0           0
          18    0.423219           0           0           0
          18    0.448869           0           0           0
          18    0.474518           0           0           0
          18    0.500168           0           0           0
          18    0.525818           0           0           0
          18    0.551467           0           0           0
          18    0.577117           0           0           0
          18    0.602767           0           0           0
          18    0.628416           0           0           0
          18    0.654066           0           0           0
          18    0.679715           0           0           0
          18    0.705365           0           0           0
          18    0.731015           0           0           0
          18    0.756664           0           0           0
          18    0.782314           0           0           0
          18    0.807964           0           0           0
          18    0.833613           0           0           0
          18    0.859263           0  2.3775e-05 1.61421e-05
          18    0.884913 0.000605254  0.00126248 0.000143894
          18    0.910562   0.0233332   0.0247748 0.000596846
          18    0.936212    0.161339    0.164443  0.00148935
          18    0.961861    0.572464    0.569154  0.00240717
          18    0.987511     1.21332     1.20863  0.00340104
          18     1.01316     1.84289     1.86391  0.00830494
          18     1.03881     2.34173     2.33731  0.00690839
          18     1.06446     2.57939     2.55804  0.00441003
          18     1.09011     2.52688     2.55485  0.00608673
          18     1.11576      2.3907      2.4025  0.00773555
          18     1.14141     2.20102     2.19613  0.00602488
          18     1.16706     1.94984     1.98042  0.00539665
          18     1.19271     1.72794     1.74883  0.00532754
          18     1.21836     1.56478     1.55995  0.00539478
          18     1.24401     1.39188     1.38657  0.00509339
          18     1.26966      1.2546     1.24352  0.00483801
          18     1.29531     1.14635     1.12388  0.00336293
          18     1.32096     1.02131     1.01875  0.00373725
          18     1.34661    0.946241    0.932226  0.00423275
          18     1.37226    0.858372    0.867421  0.00324629
          18     1.39791    0.792756    0.810171  0.00248154
          18     1.42355    0.779657    0.764925  0.00274227
          18      1.4492    0.750696    0.731193  0.00327997
          18     1.47485    0.726516     0.71036  0.00327626
          18      1.5005    0.700864    0.690344  0.00284119
          18     1.52615    0.681882    0.679532  0.00320132
          18      1.5518    0.682157    0.673908  0.00314833
          18     1.57745    0.663946    0.671688  0.00225214
          18      1.6031    0.656691    0.677343  0.00317875
          18     1.62875    0.663475    0.685658  0.00258545
          18      1.6544    0.693193    0.698874  0.00305058
          18     1.68005    0.729568    0.726535  0.00257089
          18      1.7057    0.762052    0.755014  0.00231877
          18     1.73135    0.779865      0.7852  0.00289146
          18       1.757    0.826564    0.819803  0.00317702
          18     1.78265    0.840111    0.853084  0.00344472
          18      1.8083    0.896385    0.897177  0.00293625
          18     1.83395    0.939025    0.942765  0.00295051
          18      1.8596    0.969537    0.977553  0.00273022
          18     1.88525     1.00225     1.02204   0.0025568
          18      1.9109     1.04228     1.06155  0.00233619
          18     1.93655     1.10132     1.09968  0.00234113
          18      1.9622     1.12006     1.13021  0.00345318
          18     1.98785     1.16371     1.16635  0.00393961
          18      2.0135     1.20599     1.18776  0.00229134
          18     2.03915      1.2089     1.20623  0.00231737
          18      2.0648     1.21955     1.21284  0.00300217
          18     2.09045     1.23869     1.21773  0.00314704
          18      2.1161     1.22969     1.20363  0.00391097
          18     2.14174     1.20733       1.193  0.00253376
          18     2.16739     1.19504      1.1759  0.00335407
          18     2.19304     1.15153     1.15044  0.00248233
          18     2.21869     1.11762     1.12047   0.0028695
          18     2.24434      1.0875     1.09154  0.00227074
          18     2.26999      1.0505     1.06393  0.00251957
          18     2.29564     1.01564     1.03446  0.00257047
          18     2.32129    0.994558     1.00709      0.0027
          18     2.34694    0.974844    0.980457  0.00210486
          18     2.37259    0.954838      0.9596  0.00202515
          18     2.39824    0.950922      0.9398  0.00193995
          18     2.42389    0.927828    0.923864   0.0021993
          18     2.44954    0.906192    0.914633  0.00254025
          18     2.47519    0.897043    0.902707  0.00217518
          18     2.50084    0.881488    0.889107  0.00187729
          18     2.52649    0.893704    0.889383  0.00262347
          18     2.55214    0.891329    0.893063  0.00269212
          19   0.0128248           0           0           0
          19   0.0384745           0           0           0
          19   0.0641241           0           0           0
          19   0.0897737           0           0           0
          19    0.115423           0           0           0
          19    0.141073           0           0           0
          19    0.166723           0           0           0
          19    0.192372           0           0           0
          19    0.218022           0           0           0
          19    0.243672           0           0           0
          19    0.269321           0           0           0
          19    0.294971           0           0           0
          19     0.32062           0           0           0
          19     0.34627           0           0           0
          19     0.37192           0           0           0
          19    0.397569           0           0           0
          19    0.423219           0           0           0
          19    0.448869           0           0           0
          19    0.474518           0           0           0
          19    0.500168           0           0           0
          19    0.525818           0           0           0
          19    0.551467           0           0           0
          19    0.577117           0           0           0
          19    0.602767           0           0           0
          19    0.628416           0           0           0
          19    0.654066           0           0           0
          19    0.679715           0           0           0
          19    0.705365           0           0           0
          19    0.731015           0           0           0
          19    0.756664           0           0           0
          19    0.782314           0           0           0
          19    0.807964           0           0           0
          19    0.833613           0           0           0
          19    0.859263           0 2.25237e-05 1.53409e-05
          19    0.884913  0.00121051  0.00125974 0.000136346
          19    0.910562   0.0225191   0.0246561 0.000577121
          19    0.936212    0.158357    0.164123  0.00144501
          19    0.961861    0.577401    0.569588  0.00231927
          19    0.987511     1.21315     1.20886  0.00323037
          19     1.01316      1.8432     1.86282  0.00793903
          19     1.03881     2.28271     2.33443  0.00711745
          19     1.06446     2.57594     2.55898  0.00427738
          19     1.09011      2.5928     2.55685  0.00608517
          19     1.11576      2.4531     2.40517  0.00777332
          19     1.14141      2.2287     2.19784  0.00594666
          19     1.16706     1.95947     1.97931  0.00522405
          19     1.19271      1.7591     1.74937  0.00507449
          19     1.21836     1.55071     1.55946  0.00513272
          19     1.24401     1.37954      1.3862  0.00483873
          19     1.26966     1.24401     1.24354  0.00458344
          19     1.29531      1.1216     1.12376  0.00318806
          19     1.32096     1.00274     1.01791  0.00363427
          19     1.34661     0.92773    0.931989  0.00401658
          19     1.37226    0.865175    0.867303  0.00307758
          19     1.39791    0.821818    0.810784  0.00242547
          19     1.42355    0.743971    0.763822  0.00281097
          19      1.4492     0.72438    0.730835  0.00312688
          19     1.47485    0.702025    0.709922  0.00313306
          19      1.5005    0.681369    0.689872  0.00273064
          19     1.52615    0.681173    0.679619  0.00303399
          19      1.5518     0.67797    0.674122  0.00298988
          19     1.57745    0.682503    0.672258  0.00220436
          19      1.6031    0.668255    0.676864  0.00304722
          19     1.62875    0.679875    0.685354  0.00246722
          19      1.6544    0.712982    0.699617  0.00297902
          19     1.68005    0.750416    0.727792  0.00272556
          19      1.7057    0.761859    0.755374  0.00222454
          19     1.73135    0.785898    0.785236  0.00273951
          19       1.757    0.806055    0.819079  0.00309111
          19     1.78265    0.867541    0.853845   0.0033464
          19      1.8083    0.911386    0.897925  0.00287536
          19     1.83395    0.969674    0.944181  0.00311664
          19      1.8596    0.978002    0.977577  0.00258662
          19     1.88525     1.01094     1.02145  0.00248797
          19      1.9109     1.04885     1.06088  0.00230694
          19     1.93655     1.08698     1.09902  0.00231148
          19      1.9622     1.13201     1.13031  0.00327274
          19     1.98785     1.16243     1.16615  0.00373765
          19      2.0135     1.17915     1.18731  0.00221514
          19     2.03915     1.17016     1.20433  0.00286958
          19      2.0648     1.19475     1.21189  0.00299143
          19     2.09045     1.19631      1.2166   0.0031769
          19      2.1161     1.20189     1.20354   0.0037062
          19     2.14174     1.18595     1.19263  0.00242747
          19     2.16739     1.17184     1.17569  0.00318434
          19     2.19304     1.15792     1.15084  0.00238265
          19     2.21869     1.12525     1.12072  0.00272947
          19     2.24434     1.10582     1.09229  0.00227222
          19     2.26999     1.08977     1.06529  0.00272958
          19     2.29564     1.06922     1.03629  0.00301675
          19     2.32129     1.03734     1.00869  0.00299054
          19     2.34694     1.02083    0.982582  0.00287307
          19     2.37259    0.970795    0.960189  0.00200244
          19     2.39824    0.935422     0.93957  0.00185148
          19     2.42389    0.923594     0.92385  0.00208359
          19     2.44954    0.910486    0.914414  0.00241591
          19     2.47519    0.885747    0.901814  0.00223635
          19     2.50084    0.887897    0.889043  0.00177956
          19     2.52649    0.883889    0.889094  0.00250128
          19     2.55214    0.871769    0.891943  0.00277392
          20   0.0128248           0           0           0
          20   0.0384745           0           0           0
          20   0.0641241           0           0           0
          20   0.0897737           0           0           0
          20    0.115423           0           0           0
          20    0.141073           0           0           0
          20    0.166723           0           0           0
          20    0.192372           0           0           0
          20    0.218022           0           0           0
          20    0.243672           0           0           0
          20    0.269321           0           0           0
          20    0.294971           0           0           0
          20     0.32062           0           0           0
          20     0.34627           0           0           0
          20     0.37192           0           0           0
          20    0.397569           0           0           0
          20    0.423219           0           0           0
          20    0.448869           0           0           0
          20    0.474518           0           0           0
          20    0.500168           0           0           0
          20    0.525818           0           0           0
          20    0.551467           0           0           0
          20    0.577117           0           0           0
          20    0.602767           0           0           0
          20    0.628416           0           0           0
          20    0.654066           0           0           0
          20    0.679715           0           0           0
          20    0.705365           0           0           0
          20    0.731015           0           0           0
          20    0.756664           0           0           0
          20    0.782314           0           0           0
          20    0.807964           0           0           0
          20    0.833613           0           0           0
          20    0.859263           0 2.13975e-05 1.46151e-05
          20    0.884913  0.00146728  0.00127012 0.000129923
          20    0.910562   0.0201806   0.0244323 0.000590057
          20    0.936212    0.179151    0.164874   0.0015559
          20    0.961861    0.570353    0.569626  0.00220363
          20    0.987511     1.19277     1.20806   0.0031675
          20     1.01316     1.86232      1.8628  0.00754212
          20     1.03881     2.32665     2.33404   0.0067722
          20     1.06446     2.55923     2.55899  0.00406353
          20     1.09011     2.53969     2.55599   0.0058411
          20     1.11576     2.41055     2.40543  0.00738932
          20     1.14141     2.22257     2.19908  0.00577642
          20     1.16706     1.97997     1.97935  0.00496295
          20     1.19271     1.76416     1.75011  0.00487433
          20     1.21836     1.57015        1.56  0.00490381
          20     1.24401     1.38477     1.38613  0.00459732
          20     1.26966     1.21776     1.24225  0.00453189
          20     1.29531     1.10847     1.12299  0.00311891
          20     1.32096     1.03419     1.01872  0.00354253
          20     1.34661    0.948419    0.932811  0.00389885
          20     1.37226    0.879072    0.867891  0.00297943
          20     1.39791    0.804847    0.810487  0.00232229
          20     1.42355    0.787517    0.765007  0.00290939
          20      1.4492    0.748897    0.731738  0.00309821
          20     1.47485    0.723743    0.710613  0.00305167
          20      1.5005    0.699339    0.690345  0.00263482
          20     1.52615    0.663746    0.678825  0.00298429
          20      1.5518    0.647563    0.672794  0.00312138
          20     1.57745    0.665337    0.671912  0.00212113
          20      1.6031    0.671038    0.676573  0.00290875
          20     1.62875    0.673459    0.684759  0.00241448
          20      1.6544    0.678762    0.698574  0.00300702
          20     1.68005    0.700064    0.726406  0.00292068
          20      1.7057    0.728793    0.754045  0.00247876
          20     1.73135    0.781518     0.78505  0.00260884
          20       1.757    0.818366    0.819044  0.00293676
          20     1.78265    0.864508    0.854378  0.00322128
          20      1.8083    0.907384    0.898398  0.00277022
          20     1.83395    0.943568     0.94415  0.00296096
          20      1.8596     0.99781    0.978589  0.00264774
          20     1.88525     1.02568     1.02166  0.00237255
          20      1.9109     1.07479     1.06158  0.00229402
          20     1.93655     1.10541     1.09934  0.00221791
          20      1.9622     1.15586     1.13158  0.00334923
          20     1.98785     1.17399     1.16654  0.00357127
          20      2.0135     1.20886     1.18839  0.00235181
          20     2.03915      1.2045     1.20434  0.00272612
          20      2.0648     1.20461     1.21153  0.00286389
          20     2.09045     1.20857      1.2162  0.00304338
          20      2.1161     1.20391     1.20356  0.00352094
          20     2.14174     1.17727     1.19186   0.0024246
          20     2.16739     1.17339     1.17557  0.00302719
          20     2.19304     1.13518     1.15005  0.00238864
          20     2.21869     1.12206     1.12079  0.00259381
          20     2.24434     1.10653       1.093  0.00226744
          20     2.26999     1.06388     1.06522  0.00259401
          20     2.29564     1.02352     1.03565  0.00293263
          20     2.32129     1.01046     1.00877  0.00284232
          20     2.34694    0.971903    0.982048  0.00277858
          20     2.37259    0.948267    0.959593  0.00198907
          20     2.39824    0.945031    0.939843  0.00177893
          20     2.42389    0.914791    0.923397  0.00202805
          20     2.44954       0.902    0.913794  0.00237351
          20     2.47519    0.901101    0.901779  0.00212482
          20     2.50084    0.898694    0.889526  0.00175478
          20     2.52649    0.902019     0.88974  0.00245828
          20     2.55214    0.895014    0.892096  0.00263948
          21   0.0128248           0           0           0
          21   0.0384745           0           0           0
          21   0.0641241           0           0           0
          21   0.0897737           0           0           0
          21    0.115423           0           0           0
          21    0.141073           0           0           0
          21    0.166723           0           0           0
          21    0.192372           0           0           0
          21    0.218022           0           0           0
          21    0.243672           0           0           0
          21    0.269321           0           0           0
          21    0.294971           0           0           0
          21     0.32062           0           0           0
          21     0.34627           0           0           0
          21     0.37192           0           0           0
          21    0.397569           0           0           0
          21    0.423219           0           0           0
          21    0.448869           0           0           0
          21    0.474518           0           0           0
          21    0.500168           0           0           0
          21    0.525818           0           0           0
          21    0.551467           0           0           0
          21    0.577117           0           0           0
          21    0.602767           0           0           0
          21    0.628416           0           0           0
          21    0.654066           0           0           0
          21    0.679715           0           0           0
          21    0.705365           0           0           0
          21    0.731015           0           0           0
          21    0.756664           0           0           0
          21    0.782314           0           0           0
          21    0.807964           0           0           0
          21    0.833613           0           0           0
          21    0.859263           0 2.03786e-05 1.39546e-05
          21    0.884913 0.000605254  0.00123846 0.000127536
          21    0.910562   0.0257237   0.0244938 0.000565154
          21    0.936212    0.168025    0.165024  0.00148902
          21    0.961861    0.566549     0.56948  0.00210356
          21    0.987511     1.17138     1.20631  0.00346481
          21     1.01316     1.79062     1.85936  0.00792748
          21     1.03881     2.29534      2.3322  0.00669586
          21     1.06446     2.52593     2.55742  0.00416383
          21     1.09011     2.53667     2.55507  0.00563497
          21     1.11576     2.42052     2.40615  0.00707228
          21     1.14141     2.23644     2.20086   0.0057688
          21     1.16706     1.99637     1.98016   0.0047924
          21     1.19271     1.77444     1.75127  0.00477789
          21     1.21836     1.60747     1.56226  0.00516509
          21     1.24401     1.40792     1.38717  0.00449393
          21     1.26966      1.2468     1.24247  0.00432126
          21     1.29531      1.1394     1.12378   0.0030667
          21     1.32096     1.03344     1.01942  0.00344246
          21     1.34661    0.952735    0.933759   0.0038269
          21     1.37226    0.889118    0.868902  0.00300412
          21     1.39791     0.83363    0.811589  0.00245933
          21     1.42355    0.771201    0.765302  0.00278576
          21      1.4492    0.759046    0.733038  0.00321201
          21     1.47485    0.715271    0.710834   0.0029144
          21      1.5005    0.679251    0.689817  0.00256177
          21     1.52615     0.65396    0.677641   0.0030681
          21      1.5518    0.653432    0.671872  0.00310593
          21     1.57745    0.655969    0.671152   0.0021517
          21      1.6031    0.673692    0.676436  0.00277347
          21     1.62875    0.680747    0.684568  0.00230705
          21      1.6544    0.694851    0.698397  0.00286905
          21     1.68005    0.724734    0.726326  0.00278269
          21      1.7057    0.748288    0.753771  0.00237584
          21     1.73135    0.765002    0.784096  0.00265355
          21       1.757    0.799718    0.818123  0.00293758
          21     1.78265    0.831369    0.853283  0.00324888
          21      1.8083     0.88233    0.897633  0.00274194
          21     1.83395    0.918492    0.942928  0.00306169
          21      1.8596    0.976989    0.978513  0.00252275
          21     1.88525     1.00654     1.02094  0.00236629
          21      1.9109     1.05721     1.06137   0.0021942
          21     1.93655     1.09045     1.09891  0.00215224
          21      1.9622     1.13643     1.13181  0.00319769
          21     1.98785     1.17228     1.16681  0.00341167
          21      2.0135     1.18703     1.18832   0.0022407
          21     2.03915     1.20412     1.20433  0.00259632
          21      2.0648     1.22101     1.21198  0.00276287
          21     2.09045     1.22586     1.21666  0.00293298
          21      2.1161      1.2018     1.20348  0.00335427
          21     2.14174     1.19411     1.19197  0.00231149
          21     2.16739     1.18905     1.17622  0.00295023
          21     2.19304     1.15939      1.1505  0.00231594
          21     2.21869     1.14749     1.12206   0.0027645
          21     2.24434     1.13006     1.09477  0.00276198
          21     2.26999      1.0845     1.06614  0.00262797
          21     2.29564     1.05501     1.03657  0.00293435
          21     2.32129      1.0226     1.00943  0.00278215
          21     2.34694    0.998861    0.982848  0.00275921
          21     2.37259     0.96644    0.959919  0.00192088
          21     2.39824    0.934842    0.939605  0.00171008
          21     2.42389    0.928107    0.923621  0.00194384
          21     2.44954    0.915772    0.913888  0.00226236
          21     2.47519    0.905506    0.901956  0.00203104
          21     2.50084    0.895246    0.889798  0.00169223
          21     2.52649    0.876781    0.889123  0.00241744
          21     2.55214     0.87324    0.891198  0.00266214
          22   0.0128248           0           0           0
          22   0.0384745           0           0           0
          22   0.0641241           0           0           0
          22   0.0897737           0           0           0
          22    0.115423           0           0           0
          22    0.141073           0           0           0
          22    0.166723           0           0           0
          22    0.192372           0           0           0
          22    0.218022           0           0           0
          22    0.243672           0           0           0
          22    0.269321           0           0           0
          22    0.294971           0           0           0
          22     0.32062           0           0           0
          22     0.34627           0           0           0
          22     0.37192           0           0           0
          22    0.397569           0           0           0
          22    0.423219           0           0           0
          22    0.448869           0           0           0
          22    0.474518           0           0           0
          22    0.500168           0           0           0
          22    0.525818           0           0           0
          22    0.551467           0           0           0
          22    0.577117           0           0           0
          22    0.602767           0           0           0
          22    0.628416           0           0           0
          22    0.654066           0           0           0
          22    0.679715           0           0           0
          22    0.705365           0           0           0
          22    0.731015           0           0           0
          22    0.756664           0           0           0
          22    0.782314           0           0           0
          22    0.807964           0           0           0
          22    0.833613           0           0           0
          22    0.859263           0 1.94523e-05 1.33511e-05
          22    0.884913  0.00144894  0.00124802 0.000122097
          22    0.910562   0.0312322   0.0248001 0.000616906
          22    0.936212    0.173252    0.165398  0.00146755
          22    0.961861    0.574715    0.569718  0.00202136
          22    0.987511     1.21417     1.20667  0.00332568
          22     1.01316     1.87523     1.86008  0.00759989
          22     1.03881     2.33618     2.33238  0.00639395
          22     1.06446      2.5361     2.55645  0.00408579
          22     1.09011     2.51456     2.55323  0.00567171
          22     1.11576     2.39043     2.40544  0.00678682
          22     1.14141     2.20383     2.20099  0.00550816
          22     1.16706     2.02298      1.9821   0.0049541
          22     1.19271     1.78078     1.75261  0.00474525
          22     1.21836     1.54882     1.56165  0.00496629
          22     1.24401     1.39232      1.3874  0.00429577
          22     1.26966     1.23206       1.242  0.00415065
          22     1.29531     1.12385     1.12378  0.00292731
          22     1.32096     1.01424     1.01919  0.00329402
          22     1.34661    0.938835     0.93399   0.0036599
          22     1.37226    0.860271     0.86851  0.00289307
          22     1.39791    0.808044    0.811428  0.00235281
          22     1.42355    0.752391    0.764715  0.00272025
          22      1.4492    0.703774    0.731708  0.00333007
          22     1.47485    0.701992    0.710433  0.00280951
          22      1.5005    0.700991    0.690325  0.00249517
          22     1.52615    0.673015    0.677431  0.00293584
          22      1.5518    0.665826    0.671597  0.00297689
          22     1.57745     0.66035    0.670661  0.00210918
          22      1.6031    0.663649    0.675855  0.00270762
          22     1.62875    0.666215    0.683734  0.00234818
          22      1.6544    0.679486    0.697537  0.00286451
          22     1.68005    0.732387    0.726602  0.00266981
          22      1.7057    0.770039    0.754511  0.00238014
          22     1.73135    0.801049    0.784866  0.00264245
          22       1.757     0.82836    0.818589  0.00284066
          22     1.78265    0.868517    0.853975  0.00317414
          22      1.8083    0.907951    0.898102  0.00265711
          22     1.83395    0.950508    0.943273  0.00294184
          22      1.8596     0.99317    0.979179  0.00249452
          22     1.88525     1.03275     1.02148  0.00231876
          22      1.9109     1.07136     1.06182  0.00214095
          22     1.93655     1.11506     1.09965  0.00217593
          22      1.9622     1.17054     1.13358  0.00350338
          22     1.98785     1.17709     1.16728  0.00328841
          22      2.0135     1.19117     1.18845  0.00214258
          22     2.03915      1.2025     1.20425  0.00247965
          22      2.0648     1.20864     1.21183  0.00264146
          22     2.09045     1.20823     1.21628  0.00282457
          22      2.1161     1.18704     1.20273  0.00328398
          22     2.14174     1.17402     1.19116  0.00234609
          22     2.16739     1.17062     1.17596  0.00282705
          22     2.19304     1.16789     1.15129  0.00234177
          22     2.21869     1.11515     1.12175  0.00265663
          22     2.24434     1.08631     1.09438  0.00266303
          22     2.26999     1.05241     1.06551  0.00258147
          22     2.29564     1.02265     1.03594  0.00286842
          22     2.32129    0.996091     1.00883  0.00272098
          22     2.34694    0.973014    0.982401  0.00266975
          22     2.37259    0.958859    0.959871  0.00183417
          22     2.39824    0.922389    0.938822  0.00180253
          22     2.42389     0.91149     0.92307  0.00193211
          22     2.44954     0.90516    0.913491  0.00219403
          22     2.47519    0.907937    0.902228  0.00195683
          22     2.50084    0.906132    0.890541  0.00177071
          22     2.52649      0.8951    0.889395  0.00232277
          22     2.55214    0.885732     0.89095   0.0025527
          23   0.0128248           0           0           0
          23   0.0384745           0           0           0
          23   0.0641241           0           0           0
          23   0.0897737           0           0           0
          23    0.115423           0           0           0
          23    0.141073           0           0           0
          23    0.166723           0           0           0
          23    0.192372           0           0           0
          23    0.218022           0           0           0
          23    0.243672           0           0           0
          23    0.269321           0           0           0
          23    0.294971           0           0           0
          23     0.32062           0           0           0
          23     0.34627           0           0           0
          23     0.37192           0           0           0
          23    0.397569           0           0           0
          23    0.423219           0           0           0
          23    0.448869           0           0           0
          23    0.474518           0           0           0
          23    0.500168           0           0           0
          23    0.525818           0           0           0
          23    0.551467           0           0           0
          23    0.577117           0           0           0
          23    0.602767           0           0           0
          23    0.628416           0           0           0
          23    0.654066           0           0           0
          23    0.679715           0           0           0
          23    0.705365           0           0           0
          23    0.731015           0           0           0
          23    0.756664           0           0           0
          23    0.782314           0           0           0
          23    0.807964           0           0           0
          23    0.833613           0           0           0
          23    0.859263           0 1.86065e-05 1.27973e-05
          23    0.884913 0.000751983  0.00122646 0.000118678
          23    0.910562   0.0269536   0.0248937 0.000597147
          23    0.936212    0.163207    0.165303  0.00140683
          23    0.961861    0.557607    0.569191  0.00200087
          23    0.987511     1.22581      1.2075   0.0032835
          23     1.01316     1.92606     1.86295  0.00779212
          23     1.03881     2.31747     2.33173  0.00614873
          23     1.06446     2.55581     2.55642  0.00390824
          23     1.09011     2.53483     2.55243  0.00548124
          23     1.11576     2.37382     2.40406  0.00662952
          23     1.14141     2.16033     2.19923  0.00554521
          23     1.16706     1.97751      1.9819  0.00474273
          23     1.19271      1.7737     1.75353  0.00462668
          23     1.21836     1.58743     1.56277  0.00487522
          23     1.24401     1.44103     1.38973  0.00469939
          23     1.26966     1.23745      1.2418  0.00397488
          23     1.29531     1.11163     1.12325  0.00284727
          23     1.32096      1.0276     1.01955  0.00317106
          23     1.34661     0.94114    0.934301  0.00351395
          23     1.37226    0.854978    0.867922  0.00282648
          23     1.39791    0.784179    0.810243  0.00253128
          23     1.42355     0.76546    0.764747  0.00260217
          23      1.4492    0.738824    0.732018  0.00319962
          23     1.47485    0.700764    0.710012  0.00271862
          23      1.5005    0.681937     0.68996  0.00241319
          23     1.52615    0.692976    0.678107  0.00288495
          23      1.5518    0.660094    0.671097  0.00288916
          23     1.57745     0.65796    0.670109  0.00208852
          23      1.6031    0.663051    0.675298   0.0026465
          23     1.62875    0.680335    0.683586  0.00225073
          23      1.6544    0.698635    0.697585  0.00274037
          23     1.68005    0.719421     0.72629  0.00257192
          23      1.7057      0.7602    0.754758  0.00228947
          23     1.73135     0.78549    0.784893   0.0025277
          23       1.757    0.819878    0.818645   0.0027177
          23     1.78265    0.881575    0.855175  0.00325507
          23      1.8083    0.927708    0.899389  0.00283629
          23     1.83395    0.954381    0.943756   0.0028533
          23      1.8596    0.991592    0.979718  0.00244375
          23     1.88525     1.01279      1.0211   0.0022485
          23      1.9109     1.05369     1.06147  0.00207688
          23     1.93655     1.08622     1.09906  0.00215819
          23      1.9622     1.13426      1.1336  0.00335119
          23     1.98785     1.16766      1.1673  0.00314548
          23      2.0135     1.18996     1.18852  0.00205042
          23     2.03915      1.1883     1.20355  0.00246682
          23      2.0648      1.2161     1.21201  0.00253314
          23     2.09045     1.20752      1.2159  0.00272731
          23      2.1161     1.19929     1.20258   0.0031446
          23     2.14174     1.19343     1.19125  0.00224617
          23     2.16739     1.17932     1.17611   0.0027079
          23     2.19304     1.15614      1.1515  0.00224942
          23     2.21869     1.11234     1.12134  0.00257239
          23     2.24434     1.09291     1.09432  0.00254802
          23     2.26999     1.04823     1.06476  0.00257621
          23     2.29564     1.01926     1.03521  0.00283386
          23     2.32129     1.01539     1.00911   0.0026176
          23     2.34694     0.99636    0.983008  0.00262175
          23     2.37259    0.962276    0.959976   0.0017574
          23     2.39824    0.959378    0.939716  0.00193307
          23     2.42389     0.93816    0.923726  0.00195632
          23     2.44954    0.920363     0.91379  0.00211888
          23     2.47519    0.893763     0.90186  0.00190605
          23     2.50084    0.902021     0.89104  0.00176267
          23     2.52649    0.892539    0.889532   0.0022258
          23     2.55214     0.88362    0.890631  0.00246153
          24   0.0128248           0           0           0
          24   0.0384745           0           0           0
          24   0.0641241           0           0           0
          24   0.0897737           0           0           0
          24    0.115423           0           0           0
          24    0.141073           0           0           0
          24    0.166723           0           0           0
          24    0.192372           0           0           0
          24    0.218022           0           0           0
          24    0.243672           0           0           0
          24    0.269321           0           0           0
          24    0.294971           0           0           0
          24     0.32062           0           0           0
          24     0.34627           0           0           0
          24     0.37192           0           0           0
          24    0.397569           0           0           0
          24    0.423219           0           0           0
          24    0.448869           0           0           0
          24    0.474518           0           0           0
          24    0.500168           0           0           0
          24    0.525818           0           0           0
          24    0.551467           0           0           0
          24    0.577117           0           0           0
          24    0.602767           0           0           0
          24    0.628416           0           0           0
          24    0.654066           0           0           0
          24    0.679715           0           0           0
          24    0.705365           0           0           0
          24    0.731015           0           0           0
          24    0.756664           0           0           0
          24    0.782314           0           0           0
          24    0.807964           0           0           0
          24    0.833613           0           0           0
          24    0.859263           0 1.78313e-05 1.22876e-05
          24    0.884913  0.00161401  0.00124261 0.000114826
          24    0.910562   0.0221207   0.0247782 0.000583337
          24    0.936212    0.168467    0.165435  0.00135438
          24    0.961861    0.577711    0.569546  0.00194874
          24    0.987511     1.19508     1.20698   0.0031872
          24     1.01316     1.85957     1.86281  0.00746871
          24     1.03881     2.28515     2.32979  0.00619126
          24     1.06446     2.51403     2.55465  0.00412527
          24     1.09011     2.50453     2.55044  0.00560446
          24     1.11576     2.36559     2.40246  0.00654421
          24     1.14141      2.2014     2.19932   0.0053149
          24     1.16706     1.97755     1.98172  0.00454859
          24     1.19271     1.78801     1.75496  0.00465161
          24     1.21836     1.57233     1.56317  0.00468832
          24     1.24401     1.40307     1.39029  0.00453632
          24     1.26966     1.27423     1.24315  0.00403245
          24     1.29531     1.15211     1.12445   0.0029718
          24     1.32096     1.05722     1.02112   0.0034052
          24     1.34661    0.949076    0.934917  0.00342104
          24     1.37226    0.873581    0.868157  0.00271853
          24     1.39791    0.841435    0.811543  0.00273923
          24     1.42355    0.779118    0.765346  0.00256171
          24      1.4492    0.735883    0.732179  0.00307035
          24     1.47485    0.731686    0.710915  0.00275125
          24      1.5005     0.69437    0.690144  0.00231963
          24     1.52615    0.679724    0.678174  0.00276553
          24      1.5518    0.675041    0.671261  0.00277345
          24     1.57745    0.668887    0.670058  0.00200212
          24      1.6031    0.667154    0.674959   0.0025579
          24     1.62875      0.6704    0.683037    0.002223
          24      1.6544    0.708957    0.698059  0.00266684
          24     1.68005    0.740448     0.72688   0.0025315
          24      1.7057     0.75631    0.754823  0.00219499
          24     1.73135    0.767393    0.784164  0.00252537
          24       1.757    0.798401    0.817801  0.00273223
          24     1.78265    0.837322    0.854431  0.00320332
          24      1.8083    0.883805     0.89874  0.00279145
          24     1.83395    0.937265    0.943485   0.0027472
          24      1.8596    0.982039    0.979815  0.00234384
          24     1.88525      1.0027     1.02033  0.00228185
          24      1.9109     1.04479     1.06078  0.00210336
          24     1.93655     1.09578     1.09893  0.00207259
          24      1.9622     1.11393     1.13279  0.00331035
          24     1.98785     1.15903     1.16695  0.00303322
          24      2.0135     1.17942     1.18814  0.00199973
          24     2.03915      1.1937     1.20314  0.00239794
          24      2.0648     1.20908     1.21189  0.00243054
          24     2.09045     1.22015     1.21608  0.00261943
          24      2.1161      1.2002     1.20248  0.00301513
          24     2.14174      1.1926     1.19131  0.00215328
          24     2.16739     1.16906     1.17581  0.00261095
          24     2.19304     1.14366     1.15117  0.00217926
          24     2.21869     1.12474     1.12148  0.00246912
          24     2.24434      1.1152     1.09519  0.00258611
          24     2.26999       1.096     1.06606  0.00277836
          24     2.29564     1.05368     1.03598  0.00281836
          24     2.32129     1.02444     1.00975  0.00258527
          24     2.34694     1.00273     0.98383  0.00263815
          24     2.37259     0.97883    0.960761  0.00185146
          24     2.39824    0.949344    0.940117   0.0018937
          24     2.42389     0.93251    0.924092  0.00190874
          24     2.44954    0.928588    0.914406  0.00211841
          24     2.47519    0.913667    0.902352  0.00188905
          24     2.50084    0.901684    0.891483  0.00174413
          24     2.52649    0.892919    0.889673  0.00213752
          24     2.55214    0.888544    0.890544   0.0023605
          25   0.0128248           0           0           0
          25   0.0384745           0           0           0
          25   0.0641241           0           0           0
          25   0.0897737           0           0           0
          25    0.115423           0           0           0
          25    0.141073           0           0           0
          25    0.166723           0           0           0
          25    0.192372           0           0           0
          25    0.218022           0           0           0
          25    0.243672           0           0           0
          25    0.269321           0           0           0
          25    0.294971           0           0           0
          25     0.32062           0           0           0
          25     0.34627           0           0           0
          25     0.37192           0           0           0
          25    0.397569           0           0           0
          25    0.423219           0           0           0
          25    0.448869           0           0           0
          25    0.474518           0           0           0
          25    0.500168           0           0           0
          25    0.525818           0           0           0
          25    0.551467           0           0           0
          25    0.577117           0           0           0
          25    0.602767           0           0           0
          25    0.628416           0           0           0
          25    0.654066           0           0           0
          25    0.679715           0           0           0
          25    0.705365           0           0           0
          25    0.731015           0           0           0
          25    0.756664           0           0           0
          25    0.782314           0           0           0
          25    0.807964           0           0           0
          25    0.833613           0           0           0
          25    0.859263           0  1.7118e-05 1.18168e-05
          25    0.884913  0.00106378  0.00123545 0.000110456
          25    0.910562   0.0190546   0.0245493  0.00060326
          25    0.936212    0.166681    0.165485  0.00130112
          25    0.961861    0.574327    0.569737  0.00188015
          25    0.987511     1.20859     1.20705  0.00306036
          25     1.01316     1.89732     1.86419  0.00729645
          25     1.03881     2.36821     2.33133  0.00613131
          25     1.06446     2.55647     2.55473   0.0039609
          25     1.09011     2.49808     2.54834  0.00575832
          25     1.11576     2.39989     2.40236  0.00628325
          25     1.14141     2.25817     2.20167  0.00559942
          25     1.16706     1.97402     1.98141  0.00437707
          25     1.19271     1.73188     1.75404  0.00455626
          25     1.21836     1.55416     1.56281   0.0045146
          25     1.24401     1.37624     1.38973  0.00438954
          25     1.26966      1.2381     1.24295  0.00387622
          25     1.29531     1.12053      1.1243  0.00285706
          25     1.32096     1.02651     1.02134   0.0032758
          25     1.34661    0.965678    0.936147  0.00349848
          25     1.37226    0.873817    0.868384   0.0026192
          25     1.39791    0.809544    0.811463  0.00263082
          25     1.42355    0.752292    0.764824   0.0025119
          25      1.4492    0.729188    0.732059  0.00294987
          25     1.47485    0.724192    0.711446  0.00269197
          25      1.5005     0.69104     0.69018  0.00222712
          25     1.52615     0.67056    0.677869  0.00267162
          25      1.5518     0.66338    0.670946  0.00268037
          25     1.57745    0.656142    0.669502  0.00199792
          25      1.6031     0.66593    0.674597  0.00248095
          25     1.62875    0.656399    0.681971  0.00237575
          25      1.6544    0.682939    0.697454  0.00262784
          25     1.68005    0.724169    0.726771  0.00243256
          25      1.7057    0.746486    0.754489  0.00213237
          25     1.73135     0.76974    0.783587  0.00248939
          25       1.757    0.815127    0.817694  0.00262503
          25     1.78265    0.867514    0.854954  0.00311764
          25      1.8083    0.904529    0.898971  0.00268938
          25     1.83395    0.946545    0.943608  0.00264004
          25      1.8596     1.00818     0.98095  0.00250966
          25     1.88525     1.05391     1.02168  0.00255551
          25      1.9109     1.08932     1.06192  0.00230844
          25     1.93655      1.1069     1.09925   0.0020141
          25      1.9622      1.1383     1.13301  0.00318529
          25     1.98785      1.1464     1.16613  0.00302122
          25      2.0135     1.16483     1.18721  0.00212595
          25     2.03915     1.20669     1.20329  0.00230623
          25      2.0648     1.21069     1.21184  0.00233379
          25     2.09045     1.20578     1.21566   0.0025468
          25      2.1161     1.21388     1.20294  0.00292879
          25     2.14174      1.2054     1.19187   0.0021396
          25     2.16739     1.16611     1.17543  0.00253521
          25     2.19304     1.15842     1.15146  0.00211128
          25     2.21869     1.13724     1.12211  0.00244949
          25     2.24434     1.10318     1.09551  0.00250234
          25     2.26999     1.06185     1.06589  0.00267232
          25     2.29564     1.03295     1.03586  0.00270823
          25     2.32129     1.00754     1.00966  0.00248337
          25     2.34694    0.973919    0.983434  0.00256224
          25     2.37259    0.944256    0.960101  0.00189145
          25     2.39824    0.926384    0.939568  0.00189595
          25     2.42389    0.913329    0.923662  0.00188032
          25     2.44954    0.920394    0.914646  0.00204716
          25     2.47519    0.909133    0.902623  0.00183286
          25     2.50084     0.89566     0.89165  0.00168234
          25     2.52649    0.879951    0.889284  0.00208709
          25     2.55214    0.880603    0.890146  0.00229933
          26   0.0128248           0           0           0
          26   0.0384745           0           0           0
          26   0.0641241           0           0           0
          26   0.0897737           0           0           0
          26    0.115423           0           0           0
          26    0.141073           0           0           0
          26    0.166723           0           0           0
          26    0.192372           0           0           0
          26    0.218022           0           0           0
          26    0.243672           0           0           0
          26    0.269321           0           0           0
          26    0.294971           0           0           0
          26     0.32062           0           0           0
          26     0.34627           0           0           0
          26     0.37192           0           0           0
          26    0.397569           0           0           0
          26    0.423219           0           0           0
          26    0.448869           0           0           0
          26    0.474518           0           0           0
          26    0.500168           0           0           0
          26    0.525818           0           0           0
          26    0.551467           0           0           0
          26    0.577117           0           0           0
          26    0.602767           0           0           0
          26    0.628416           0           0           0
          26    0.654066           0           0           0
          26    0.679715           0           0           0
          26    0.705365           0           0           0
          26    0.731015           0           0           0
          26    0.756664           0           0           0
          26    0.782314           0           0           0
          26    0.807964           0           0           0
          26    0.833613           0           0           0
          26    0.859263           0 1.64596e-05 1.13806e-05
          26    0.884913  0.00155899   0.0012479 0.000106906
          26    0.910562   0.0262607   0.0246151 0.000583638
          26    0.936212    0.176038    0.165891  0.00131286
          26    0.961861    0.536014     0.56844  0.00221042
          26    0.987511     1.18169     1.20607  0.00309412
          26     1.01316     1.86338     1.86416  0.00701588
          26     1.03881     2.36065     2.33246  0.00599827
          26     1.06446     2.57776     2.55561  0.00390639
          26     1.09011     2.56542       2.549  0.00557419
          26     1.11576     2.39327     2.40201   0.0060513
          26     1.14141     2.20549     2.20182  0.00538599
          26     1.16706     1.99324     1.98187  0.00423229
          26     1.19271     1.74696     1.75377  0.00438914
          26     1.21836     1.54394     1.56208  0.00439891
          26     1.24401     1.35708     1.38847   0.0043966
          26     1.26966      1.2543     1.24339  0.00375165
          26     1.29531        1.12     1.12413  0.00275193
          26     1.32096     1.00625     1.02076  0.00320079
          26     1.34661    0.946407    0.936542  0.00338611
          26     1.37226    0.865808    0.868285  0.00252033
          26     1.39791    0.829646    0.812162  0.00262095
          26     1.42355    0.765616    0.764854  0.00241547
          26      1.4492    0.708753    0.731163  0.00296948
          26     1.47485    0.680354     0.71025  0.00284166
          26      1.5005    0.680897    0.689823  0.00216989
          26     1.52615    0.684546    0.678126  0.00258118
          26      1.5518    0.673735    0.671053  0.00257942
          26     1.57745    0.673816    0.669667  0.00192795
          26      1.6031    0.672323     0.67451  0.00238707
          26     1.62875    0.695554    0.682493  0.00234111
          26      1.6544    0.710405    0.697952  0.00257355
          26     1.68005    0.729278    0.726868  0.00234091
          26      1.7057    0.745133    0.754129   0.0020805
          26     1.73135    0.784043    0.783605  0.00239371
          26       1.757    0.823679    0.817924  0.00253414
          26     1.78265    0.855234    0.854965  0.00299775
          26      1.8083    0.897822    0.898927  0.00258631
          26     1.83395    0.941668    0.943533  0.00253955
          26      1.8596    0.980531    0.980934  0.00241319
          26     1.88525     1.03275      1.0221  0.00249246
          26      1.9109     1.06381     1.06199   0.0022208
          26     1.93655     1.11569     1.09988  0.00203347
          26      1.9622     1.13915     1.13324  0.00307155
          26     1.98785     1.15329     1.16564  0.00294508
          26      2.0135     1.20098     1.18773  0.00210912
          26     2.03915     1.21853     1.20387  0.00229087
          26      2.0648     1.21304     1.21189  0.00224448
          26     2.09045     1.20102      1.2151  0.00251033
          26      2.1161     1.20297     1.20294  0.00281615
          26     2.14174     1.18626     1.19166  0.00206818
          26     2.16739     1.17694     1.17548  0.00243838
          26     2.19304     1.14649     1.15127  0.00203871
          26     2.21869     1.11447     1.12182  0.00237285
          26     2.24434     1.08081     1.09494  0.00246909
          26     2.26999     1.05841     1.06561  0.00258501
          26     2.29564     1.03584     1.03586  0.00260407
          26     2.32129    0.999455     1.00927  0.00241868
          26     2.34694    0.968302    0.982852  0.00252893
          26     2.37259    0.957019    0.959982  0.00182241
          26     2.39824    0.926184    0.939053  0.00189161
          26     2.42389    0.931031    0.923945  0.00182923
          26     2.44954    0.907872    0.914385  0.00198494
          26     2.47519     0.91728    0.903187  0.00184702
          26     2.50084    0.916398    0.892602  0.00186758
          26     2.52649    0.906537    0.889948  0.00210968
          26     2.55214    0.890886    0.890175  0.00221107
          27   0.0128248           0           0           0
          27   0.0384745           0           0           0
          27   0.0641241           0           0           0
          27   0.0897737           0           0           0
          27    0.115423           0           0           0
          27    0.141073           0           0           0
          27    0.166723           0           0           0
          27    0.192372           0           0           0
          27    0.218022           0           0           0
          27    0.243672           0           0           0
          27    0.269321           0           0           0
          27    0.294971           0           0           0
          27     0.32062           0           0           0
          27     0.34627           0           0           0
          27     0.37192           0           0           0
          27    0.397569           0           0           0
          27    0.423219           0           0           0
          27    0.448869           0           0           0
          27    0.474518           0           0           0
          27    0.500168           0           0           0
          27    0.525818           0           0           0
          27    0.551467           0           0           0
          27    0.577117           0           0           0
          27    0.602767           0           0           0
          27    0.628416           0           0           0
          27    0.654066           0           0           0
          27    0.679715           0           0           0
          27    0.705365           0           0           0
          27    0.731015           0           0           0
          27    0.756664           0           0           0
          27    0.782314           0           0           0
          27    0.807964           0           0           0
          27    0.833613           0           0           0
          27    0.859263           0   1.585e-05 1.09754e-05
          27    0.884913   0.0017424  0.00126621 0.000104504
          27    0.910562   0.0212026   0.0244887 0.000575544
          27    0.936212    0.152802    0.165406  0.00135077
          27    0.961861    0.570058      0.5685  0.00212936
          27    0.987511     1.21664     1.20646  0.00300419
          27     1.01316     1.87855     1.86469  0.00677624
          27     1.03881     2.35745     2.33338  0.00584711
          27     1.06446     2.50305     2.55367  0.00421898
          27     1.09011     2.53602     2.54852  0.00538844
          27     1.11576     2.40908     2.40227  0.00583284
          27     1.14141     2.21408     2.20227  0.00520562
          27     1.16706     1.96668     1.98131  0.00411277
          27     1.19271     1.77272     1.75447  0.00428234
          27     1.21836     1.57709     1.56264  0.00427095
          27     1.24401     1.35309     1.38716  0.00442471
          27     1.26966     1.25881     1.24396  0.00365594
          27     1.29531     1.13618     1.12458  0.00268597
          27     1.32096     1.04978     1.02183   0.0032577
          27     1.34661    0.923065    0.936043  0.00329728
          27     1.37226     0.86696    0.868236  0.00242746
          27     1.39791     0.81291     0.81219  0.00252402
          27     1.42355    0.759889     0.76467    0.002333
          27      1.4492    0.715332    0.730576  0.00291681
          27     1.47485    0.706126    0.710098  0.00274052
          27      1.5005    0.696749    0.690079  0.00210464
          27     1.52615    0.675056    0.678012  0.00248808
          27      1.5518    0.658138    0.670575  0.00252785
          27     1.57745    0.657164    0.669204  0.00191136
          27      1.6031    0.664091    0.674124  0.00232964
          27     1.62875    0.676177     0.68226  0.00226606
          27      1.6544    0.689499    0.697639  0.00249721
          27     1.68005    0.722154    0.726693  0.00226071
          27      1.7057    0.775075    0.754905   0.0021432
          27     1.73135    0.797201    0.784108  0.00235742
          27       1.757    0.824675    0.818174  0.00245259
          27     1.78265    0.848278    0.854718  0.00289693
          27      1.8083    0.893148    0.898713  0.00249936
          27     1.83395    0.927225    0.942929  0.00251629
          27      1.8596    0.988049    0.981197  0.00233816
          27     1.88525     1.01845     1.02197  0.00240381
          27      1.9109     1.07463     1.06246  0.00218733
          27     1.93655     1.11896     1.10058  0.00207736
          27      1.9622      1.1492     1.13383  0.00301414
          27     1.98785     1.15872     1.16538  0.00284713
          27      2.0135     1.17369     1.18721  0.00209415
          27     2.03915     1.20971     1.20409  0.00221621
          27      2.0648     1.22185     1.21226  0.00219145
          27     2.09045     1.21254     1.21501  0.00241915
          27      2.1161     1.19055     1.20248  0.00274897
          27     2.14174     1.19667     1.19184  0.00199989
          27     2.16739     1.17191     1.17535  0.00235167
          27     2.19304      1.1401     1.15086  0.00200478
          27     2.21869     1.12383     1.12189  0.00228614
          27     2.24434     1.08625     1.09462  0.00239855
          27     2.26999     1.08226     1.06622  0.00256181
          27     2.29564     1.04983     1.03638  0.00255849
          27     2.32129     1.02293     1.00978  0.00238144
          27     2.34694     0.99169    0.983179  0.00245636
          27     2.37259    0.955468    0.959815  0.00176257
          27     2.39824    0.936301    0.938951   0.0018243
          27     2.42389    0.929422    0.924148   0.0017727
          27     2.44954    0.920056    0.914595   0.0019225
          27     2.47519    0.904796    0.903246  0.00177957
          27     2.50084     0.88776    0.892423  0.00180701
          27     2.52649    0.884976    0.889763  0.00203956
          27     2.55214    0.881752    0.889863  0.00215107
          28   0.0128248           0           0           0
          28   0.0384745           0           0           0
          28   0.0641241           0           0           0
          28   0.0897737           0           0           0
          28    0.115423           0           0           0
          28    0.141073           0           0           0
          28    0.166723           0           0           0
          28    0.192372           0           0           0
          28    0.218022           0           0           0
          28    0.243672           0           0           0
          28    0.269321           0           0           0
          28    0.294971           0           0           0
          28     0.32062           0           0           0
          28     0.34627           0           0           0
          28     0.37192           0           0           0
          28    0.397569           0           0           0
          28    0.423219           0           0           0
          28    0.448869           0           0           0
          28    0.474518           0           0           0
          28    0.500168           0           0           0
          28    0.525818           0           0           0
          28    0.551467           0           0           0
          28    0.577117           0           0           0
          28    0.602767           0           0           0
          28    0.628416           0           0           0
          28    0.654066           0           0           0
          28    0.679715           0           0           0
          28    0.705365           0           0           0
          28    0.731015           0           0           0
          28    0.756664           0           0           0
          28    0.782314           0           0           0
          28    0.807964           0           0           0
          28    0.833613           0           0           0
          28    0.859263           0 1.52839e-05  1.0598e-05
          28    0.884913   0.0013389  0.00126881 0.000100804
          28    0.910562   0.0205616   0.0243484 0.000571822
          28    0.936212     0.16011    0.165217   0.0013157
          28    0.961861    0.581126    0.568951  0.00210052
          28    0.987511     1.24601     1.20788   0.0032118
          28     1.01316     1.87508     1.86506  0.00654438
          28     1.03881     2.33566     2.33346  0.00563886
          28     1.06446     2.61116     2.55572  0.00454062
          28     1.09011     2.56797     2.54921   0.0052406
          28     1.11576       2.397     2.40208  0.00562756
          28     1.14141     2.21492     2.20272  0.00503927
          28     1.16706      1.9975     1.98189  0.00400635
          28     1.19271     1.72644     1.75347  0.00424481
          28     1.21836     1.55501     1.56237   0.0041271
          28     1.24401     1.36011     1.38619  0.00437089
          28     1.26966     1.22678     1.24334  0.00357647
          28     1.29531     1.06877     1.12258  0.00324638
          28     1.32096     1.03062     1.02215  0.00315642
          28     1.34661    0.930526    0.935846   0.0031854
          28     1.37226    0.851172    0.867626  0.00241606
          28     1.39791    0.789831    0.811391  0.00255707
          28     1.42355    0.747968    0.764074  0.00232469
          28      1.4492    0.742031    0.730985  0.00284118
          28     1.47485    0.708582    0.710044  0.00264318
          28      1.5005    0.671085    0.689401    0.002136
          28     1.52615     0.68816    0.678375  0.00242547
          28      1.5518    0.681817    0.670976  0.00246925
          28     1.57745    0.688997    0.669911  0.00196947
          28      1.6031     0.68672    0.674574  0.00228946
          28     1.62875    0.692171    0.682614   0.0022126
          28      1.6544    0.704879    0.697897  0.00242137
          28     1.68005    0.733654    0.726942   0.0021936
          28      1.7057    0.759613    0.755073  0.00207324
          28     1.73135    0.789554    0.784303  0.00228124
          28       1.757    0.818268    0.818178    0.002365
          28     1.78265    0.867781    0.855184  0.00283079
          28      1.8083     0.90875    0.899072  0.00243567
          28     1.83395    0.945712    0.943029  0.00242839
          28      1.8596    0.994068    0.981657  0.00229939
          28     1.88525     1.04578     1.02282  0.00246384
          28      1.9109     1.09291     1.06355  0.00236422
          28     1.93655     1.11883     1.10124  0.00210289
          28      1.9622     1.13244     1.13378  0.00290691
          28     1.98785     1.13607     1.16433   0.0029315
          28      2.0135     1.16522     1.18643  0.00216169
          28     2.03915     1.19958     1.20393   0.0021429
          28      2.0648      1.2102     1.21218  0.00211442
          28     2.09045     1.21307     1.21494  0.00233374
          28      2.1161     1.19753      1.2023  0.00265647
          28     2.14174     1.19343      1.1919  0.00192927
          28     2.16739     1.16011     1.17481  0.00232981
          28     2.19304     1.12653     1.14999  0.00211302
          28     2.21869     1.10267     1.12121  0.00230525
          28     2.24434     1.08477     1.09427  0.00233854
          28     2.26999     1.06192     1.06607  0.00247493
          28     2.29564     1.01179      1.0355  0.00261346
          28     2.32129    0.998615     1.00938   0.0023295
          28     2.34694    0.978873    0.983025  0.00237344
          28     2.37259     0.95917    0.959792  0.00169977
          28     2.39824    0.942646    0.939083  0.00176391
          28     2.42389    0.918595     0.92395  0.00172045
          28     2.44954      0.9109    0.914463  0.00185836
          28     2.47519    0.912882     0.90359  0.00174897
          28     2.50084    0.891459    0.892388   0.0017428
          28     2.52649    0.896859    0.890017   0.0019824
          28     2.55214    0.910887    0.890614   0.0022014
          29   0.0128248           0           0           0
          29   0.0384745           0           0           0
          29   0.0641241           0           0           0
          29   0.0897737           0           0           0
          29    0.115423           0           0           0
          29    0.141073           0           0           0
          29    0.166723           0           0           0
          29    0.192372           0           0           0
          29    0.218022           0           0           0
          29    0.243672           0           0           0
          29    0.269321           0           0           0
          29    0.294971           0           0           0
          29     0.32062           0           0           0
          29     0.34627           0           0           0
          29     0.37192           0           0           0
          29    0.397569           0           0           0
          29    0.423219           0           0           0
          29    0.448869           0           0           0
          29    0.474518           0           0           0
          29    0.500168           0           0           0
          29    0.525818           0           0           0
          29    0.551467           0           0           0
          29    0.577117           0           0           0
          29    0.602767           0           0           0
          29    0.628416           0           0           0
          29    0.654066           0           0           0
          29    0.679715           0           0           0
          29    0.705365           0           0           0
          29    0.731015           0           0           0
          29    0.756664           0           0           0
          29    0.782314           0           0           0
          29    0.807964           0           0           0
          29    0.833613           0           0           0
          29    0.859263           0 1.47569e-05 1.02457e-05
          29    0.884913 0.000715301  0.00124972 9.91181e-05
          29    0.910562   0.0234198   0.0243164    0.000553
          29    0.936212    0.157652    0.164956  0.00129594
          29    0.961861     0.55798    0.568573  0.00206187
          29    0.987511     1.19405      1.2074  0.00313623
          29     1.01316     1.86019     1.86489  0.00632086
          29     1.03881     2.35506     2.33421  0.00549335
          29     1.06446     2.60723      2.5575  0.00471874
          29     1.09011     2.55307     2.54934  0.00506158
          29     1.11576     2.40767     2.40227  0.00543681
          29     1.14141     2.18351     2.20206  0.00490886
          29     1.16706     1.97196     1.98154  0.00388278
          29     1.19271      1.7527     1.75344  0.00409852
          29     1.21836     1.57698     1.56287  0.00401544
          29     1.24401     1.40055     1.38669  0.00424809
          29     1.26966     1.25747     1.24383  0.00348614
          29     1.29531     1.13909     1.12315  0.00318396
          29     1.32096     1.03633     1.02264  0.00308523
          29     1.34661    0.961741    0.936738  0.00319827
          29     1.37226    0.889057    0.868365  0.00244314
          29     1.39791    0.817379    0.811598  0.00247722
          29     1.42355      0.7503    0.763599  0.00229253
          29      1.4492    0.714881     0.73043  0.00279696
          29     1.47485     0.69702    0.709594   0.0025899
          29      1.5005    0.678377    0.689021  0.00209589
          29     1.52615    0.681697    0.678489  0.00234454
          29      1.5518    0.667216    0.670847  0.00238751
          29     1.57745    0.657816    0.669494  0.00194522
          29      1.6031    0.653981    0.673864  0.00231803
          29     1.62875    0.663464    0.681953  0.00223267
          29      1.6544    0.697312    0.697877  0.00233796
          29     1.68005    0.722307    0.726782  0.00212377
          29      1.7057    0.752667     0.75499  0.00200341
          29     1.73135    0.760684    0.783488  0.00234345
          29       1.757    0.804896     0.81772  0.00232737
          29     1.78265    0.841476    0.854711  0.00277236
          29      1.8083    0.893214     0.89887  0.00236004
          29     1.83395    0.933341    0.942694  0.00236752
          29      1.8596    0.975581    0.981447  0.00222963
          29     1.88525     1.04064     1.02343  0.00245431
          29      1.9109      1.0687     1.06372  0.00228937
          29     1.93655     1.11037     1.10155  0.00205384
          29      1.9622     1.17137     1.13508  0.00308211
          29     1.98785     1.16847     1.16448  0.00283388
          29      2.0135     1.18654     1.18643  0.00208715
          29     2.03915     1.20211     1.20386  0.00206992
          29      2.0648     1.21544      1.2123  0.00204449
          29     2.09045     1.22583     1.21531  0.00228329
          29      2.1161     1.23218     1.20333   0.0027574
          29     2.14174     1.19735     1.19209  0.00187188
          29     2.16739     1.17442     1.17479  0.00224951
          29     2.19304     1.14528     1.14983   0.0020464
          29     2.21869     1.12198     1.12123  0.00222591
          29     2.24434     1.08628     1.09399  0.00227408
          29     2.26999     1.05104     1.06555  0.00244325
          29     2.29564     1.03142     1.03536  0.00252712
          29     2.32129     1.01607     1.00961  0.00226059
          29     2.34694    0.993074    0.983372  0.00231676
          29     2.37259    0.967101    0.960044  0.00165973
          29     2.39824    0.945049    0.939289  0.00171504
          29     2.42389    0.920707    0.923838  0.00166475
          29     2.44954    0.907389     0.91422  0.00181023
          29     2.47519    0.886912    0.903015  0.00178071
          29     2.50084    0.880006    0.891961  0.00173422
          29     2.52649    0.881335    0.889717  0.00193651
          29     2.55214    0.886429    0.890469  0.00213021
          30   0.0128248           0           0           0
          30   0.0384745           0           0           0
          30   0.0641241           0           0           0
          30   0.0897737           0           0           0
          30    0.115423           0           0           0
          30    0.141073           0           0           0
          30    0.166723           0           0           0
          30    0.192372           0           0           0
          30    0.218022           0           0           0
          30    0.243672           0           0           0
          30    0.269321           0           0           0
          30    0.294971           0           0           0
          30     0.32062           0           0           0
          30     0.34627           0           0           0
          30     0.37192           0           0           0
          30    0.397569           0           0           0
          30    0.423219           0           0           0
          30    0.448869           0           0           0
          30    0.474518           0           0           0
          30    0.500168           0           0           0
          30    0.525818           0           0           0
          30    0.551467           0           0           0
          30    0.577117           0           0           0
          30    0.602767           0           0           0
          30    0.628416           0           0           0
          30    0.654066           0           0           0
          30    0.679715           0           0           0
          30    0.705365           0           0           0
          30    0.731015           0           0           0
          30    0.756664           0           0           0
          30    0.782314           0           0           0
          30    0.807964           0           0           0
          30    0.833613           0           0           0
          30    0.859263           0  1.4265e-05 9.91593e-06
          30    0.884913  0.00282452  0.00130221  0.00010883
          30    0.910562   0.0250655   0.0243414  0.00053513
          30    0.936212    0.166861    0.165019  0.00125429
          30    0.961861    0.564252    0.568429  0.00199817
          30    0.987511     1.22329     1.20793  0.00307607
          30     1.01316     1.83295     1.86383  0.00619923
          30     1.03881     2.25798     2.33167  0.00586859
          30     1.06446     2.47889     2.55488  0.00523862
          30     1.09011      2.5216     2.54842  0.00497665
          30     1.11576     2.37908      2.4015  0.00531027
          30     1.14141     2.20762     2.20225  0.00474873
          30     1.16706     1.99978     1.98215  0.00380065
          30     1.19271     1.80026       1.755  0.00424868
          30     1.21836     1.58455     1.56359  0.00394608
          30     1.24401     1.44759     1.38872  0.00456586
          30     1.26966     1.27756     1.24495  0.00354658
          30     1.29531      1.1489     1.12401  0.00319143
          30     1.32096     1.02797     1.02281  0.00298751
          30     1.34661    0.981765    0.938239  0.00342577
          30     1.37226    0.895341    0.869264  0.00252176
          30     1.39791    0.832498    0.812294  0.00249068
          30     1.42355      0.7777    0.764069  0.00226379
          30      1.4492    0.720625    0.730103  0.00272275
          30     1.47485    0.705657    0.709463   0.0025069
          30      1.5005    0.686619    0.688941  0.00202756
          30     1.52615    0.686291     0.67875  0.00228077
          30      1.5518    0.692732    0.671576   0.0024168
          30     1.57745     0.66824    0.669452  0.00188083
          30      1.6031    0.678577    0.674021  0.00224608
          30     1.62875    0.690525    0.682239  0.00217645
          30      1.6544    0.685951     0.69748  0.00229358
          30     1.68005    0.710985    0.726255  0.00211726
          30      1.7057    0.725668    0.754013  0.00216195
          30     1.73135     0.75148    0.782422  0.00249643
          30       1.757    0.772178    0.816202  0.00269985
          30     1.78265     0.80816     0.85316  0.00308377
          30      1.8083    0.873013    0.898008  0.00243366
          30     1.83395    0.902986    0.941371  0.00263272
          30      1.8596    0.946515    0.980283   0.0024405
          30     1.88525       1.016     1.02319  0.00238499
          30      1.9109      1.0383     1.06288  0.00236474
          30     1.93655     1.08625     1.10104  0.00204774
          30      1.9622     1.13501     1.13508  0.00297937
          30     1.98785     1.19092     1.16536  0.00287325
          30      2.0135     1.20939      1.1872  0.00215334
          30     2.03915     1.21188     1.20413  0.00201809
          30      2.0648     1.22091     1.21258  0.00199642
          30     2.09045     1.23487     1.21596  0.00229834
          30      2.1161     1.21788     1.20382  0.00270778
          30     2.14174     1.21849     1.19297  0.00200575
          30     2.16739     1.18386      1.1751  0.00219473
          30     2.19304     1.16291     1.15026  0.00202414
          30     2.21869     1.15317      1.1223  0.00239275
          30     2.24434     1.12351     1.09498  0.00240174
          30     2.26999     1.09458     1.06652  0.00254627
          30     2.29564     1.05209     1.03592  0.00250366
          30     2.32129     1.03994     1.01062  0.00240075
          30     2.34694     1.00699    0.984159  0.00236951
          30     2.37259    0.971553    0.960428  0.00164815
          30     2.39824    0.949456    0.939628  0.00169103
          30     2.42389    0.935331    0.924221  0.00165275
          30     2.44954    0.911195    0.914119  0.00175269
          30     2.47519    0.894232    0.902723  0.00174525
          30     2.50084     0.88154    0.891614  0.00171084
          30     2.52649     0.87632    0.889271  0.00192277
          30     2.55214    0.882003    0.890187  0.00207781
          31   0.0128248           0           0           0
          31   0.0384745           0           0           0
          31   0.0641241           0           0           0
          31   0.0897737           0           0           0
          31    0.115423           0           0           0
          31    0.141073           0           0           0
          31    0.166723           0           0           0
          31    0.192372           0           0           0
          31    0.218022           0           0           0
          31    0.243672           0           0           0
          31    0.269321           0           0           0
          31    0.294971           0           0           0
          31     0.32062           0           0           0
          31     0.34627           0           0           0
          31     0.37192           0           0           0
          31    0.397569           0           0           0
          31    0.423219           0           0           0
          31    0.448869           0           0           0
          31    0.474518           0           0           0
          31    0.500168           0           0           0
          31    0.525818           0           0           0
          31    0.551467           0           0           0
          31    0.577117           0           0           0
          31    0.602767           0           0           0
          31    0.628416           0           0           0
          31    0.654066           0           0           0
          31    0.679715           0           0           0
          31    0.705365           0           0           0
          31    0.731015           0           0           0
          31    0.756664           0           0           0
          31    0.782314           0           0           0
          31    0.807964           0           0           0
          31    0.833613           0           0           0
          31    0.859263           0 1.38049e-05 9.60674e-06
          31    0.884913 0.000366821  0.00127204 0.000109423
          31    0.910562   0.0228828   0.0242943 0.000519932
          31    0.936212    0.150704    0.164558  0.00129605
          31    0.961861    0.568102    0.568418  0.00193374
          31    0.987511     1.22208     1.20839  0.00301051
          31     1.01316      1.8735     1.86414  0.00600709
          31     1.03881     2.34096     2.33197  0.00568694
          31     1.06446     2.57435      2.5555  0.00510717
          31     1.09011     2.56813     2.54906  0.00485656
          31     1.11576      2.3471     2.39975   0.0054212
          31     1.14141      2.1754     2.20138  0.00467386
          31     1.16706     1.96437     1.98158  0.00372108
          31     1.19271     1.78478     1.75596  0.00421885
          31     1.21836     1.59409     1.56458   0.0039395
          31     1.24401     1.43279     1.39014  0.00463459
          31     1.26966     1.24739     1.24503  0.00343304
          31     1.29531     1.13066     1.12423  0.00309568
          31     1.32096    0.999213     1.02205  0.00298657
          31     1.34661    0.906851    0.937227  0.00346166
          31     1.37226    0.847076    0.868549  0.00253996
          31     1.39791    0.801503    0.811946  0.00243454
          31     1.42355    0.754071    0.763746  0.00221362
          31      1.4492    0.731732    0.730156  0.00263543
          31     1.47485    0.691942    0.708898  0.00248893
          31      1.5005    0.695499    0.689152  0.00197316
          31     1.52615    0.679348    0.678769  0.00220727
          31      1.5518     0.67587    0.671715  0.00234281
          31     1.57745    0.670006     0.66947  0.00182024
          31      1.6031    0.672871    0.673984  0.00217393
          31     1.62875    0.677752    0.682094  0.00211105
          31      1.6544    0.698204    0.697503  0.00221971
          31     1.68005    0.723737    0.726174  0.00205052
          31      1.7057     0.76176    0.754263   0.0021066
          31     1.73135    0.790186    0.782672  0.00242844
          31       1.757    0.827862    0.816578  0.00263883
          31     1.78265     0.87682    0.853923   0.0030773
          31      1.8083    0.906242    0.898273  0.00236961
          31     1.83395     0.93876    0.941287  0.00254914
          31      1.8596    0.996452    0.980804  0.00241686
          31     1.88525     1.03849     1.02368  0.00235859
          31      1.9109     1.06438     1.06292  0.00228896
          31     1.93655     1.09179     1.10074  0.00200329
          31      1.9622     1.12015      1.1346  0.00292191
          31     1.98785     1.16876     1.16547  0.00278266
          31      2.0135     1.16063     1.18634  0.00224796
          31     2.03915     1.19335     1.20378  0.00198271
          31      2.0648     1.21963     1.21281   0.0019449
          31     2.09045     1.22108     1.21613  0.00223012
          31      2.1161     1.20538     1.20387   0.0026209
          31     2.14174     1.18416     1.19268  0.00196105
          31     2.16739     1.15807     1.17455  0.00219156
          31     2.19304     1.13473     1.14976  0.00201993
          31     2.21869     1.11784     1.12215  0.00231988
          31     2.24434     1.09282     1.09491  0.00232526
          31     2.26999     1.07289     1.06672  0.00247241
          31     2.29564     1.05034     1.03638  0.00246575
          31     2.32129      1.0158     1.01079  0.00232911
          31     2.34694    0.996313    0.984551  0.00232528
          31     2.37259    0.963607     0.96053  0.00159817
          31     2.39824    0.931718    0.939373  0.00165562
          31     2.42389    0.896099    0.923314  0.00183156
          31     2.44954     0.90899    0.913953  0.00170394
          31     2.47519    0.907452    0.902875  0.00169561
          31     2.50084    0.903358    0.891993  0.00169708
          31     2.52649    0.898747    0.889577  0.00188489
          31     2.55214    0.884861    0.890015  0.00201788
          32   0.0128248           0           0           0
          32   0.0384745           0           0           0
          32   0.0641241           0           0           0
          32   0.0897737           0           0           0
          32    0.115423           0           0           0
          32    0.141073           0           0           0
          32    0.166723           0           0           0
          32    0.192372           0           0           0
          32    0.218022           0           0           0
          32    0.243672           0           0           0
          32    0.269321           0           0           0
          32    0.294971           0           0           0
          32     0.32062           0           0           0
          32     0.34627           0           0           0
          32     0.37192           0           0           0
          32    0.397569           0           0           0
          32    0.423219           0           0           0
          32    0.448869           0           0           0
          32    0.474518           0           0           0
          32    0.500168           0           0           0
          32    0.525818           0           0           0
          32    0.551467           0           0           0
          32    0.577117           0           0           0
          32    0.602767           0           0           0
          32    0.628416           0           0           0
          32    0.654066           0           0           0
          32    0.679715           0           0           0
          32    0.705365           0           0           0
          32    0.731015           0           0           0
          32    0.756664           0           0           0
          32    0.782314           0           0           0
          32    0.807964           0           0           0
          32    0.833613           0           0           0
          32    0.859263           0 1.33734e-05 9.31621e-06
          32    0.884913  0.00199917  0.00129476 0.000108337
          32    0.910562   0.0224151   0.0242356  0.00050699
          32    0.936212    0.162716      0.1645  0.00125683
          32    0.961861    0.580723    0.568803  0.00191116
          32    0.987511     1.22745     1.20898  0.00297482
          32     1.01316     1.93577     1.86638  0.00622248
          32     1.03881     2.32822     2.33185  0.00551042
          32     1.06446     2.54503     2.55518  0.00495805
          32     1.09011     2.54168     2.54883  0.00471025
          32     1.11576     2.40544     2.39992  0.00525471
          32     1.14141      2.1945     2.20117  0.00453274
          32     1.16706     1.95359      1.9807  0.00370613
          32     1.19271     1.73902     1.75543  0.00412011
          32     1.21836     1.55115     1.56416  0.00383868
          32     1.24401     1.37951     1.38981  0.00450166
          32     1.26966     1.24561     1.24505   0.0033258
          32     1.29531     1.10158     1.12352  0.00307876
          32     1.32096    0.993591     1.02116  0.00302277
          32     1.34661    0.928871    0.936966  0.00336332
          32     1.37226    0.890956    0.869249  0.00255529
          32     1.39791    0.825773    0.812378   0.0023965
          32     1.42355    0.774568    0.764085  0.00217012
          32      1.4492    0.734166    0.730281  0.00255605
          32     1.47485    0.724852    0.709397  0.00246058
          32      1.5005    0.682466    0.688943  0.00192253
          32     1.52615     0.68552     0.67898  0.00214836
          32      1.5518     0.67457    0.671804  0.00227129
          32     1.57745    0.678936    0.669766  0.00178723
          32      1.6031    0.667489    0.673781  0.00211545
          32     1.62875    0.677704    0.681957  0.00204953
          32      1.6544    0.689053    0.697239    0.002166
          32     1.68005    0.727467    0.726214  0.00198684
          32      1.7057    0.744817    0.753968  0.00206135
          32     1.73135    0.785054    0.782746  0.00235369
          32       1.757    0.827597    0.816922  0.00257873
          32     1.78265    0.869756    0.854418  0.00302065
          32      1.8083    0.925187    0.899114  0.00244026
          32     1.83395    0.947155     0.94147  0.00247607
          32      1.8596     0.99055    0.981109  0.00236044
          32     1.88525     1.01587     1.02344  0.00229749
          32      1.9109     1.06132     1.06287  0.00221798
          32     1.93655     1.09822     1.10066  0.00194224
          32      1.9622     1.13791      1.1347  0.00283243
          32     1.98785     1.16449     1.16544  0.00269587
          32      2.0135     1.21006     1.18708  0.00229663
          32     2.03915     1.22335      1.2044   0.0020128
          32      2.0648     1.21148     1.21277  0.00188457
          32     2.09045     1.22203     1.21631  0.00216805
          32      2.1161     1.19573     1.20361  0.00255131
          32     2.14174     1.17643     1.19218  0.00196443
          32     2.16739     1.17475     1.17455  0.00212308
          32     2.19304     1.14149      1.1495  0.00197328
          32     2.21869     1.10159     1.12151  0.00233469
          32     2.24434     1.07031     1.09414  0.00237627
          32     2.26999     1.05139     1.06624  0.00244112
          32     2.29564     1.02566     1.03605  0.00241136
          32     2.32129     1.00065     1.01047  0.00227777
          32     2.34694    0.970166    0.984102  0.00229566
          32     2.37259    0.947459    0.960122  0.00159958
          32     2.39824    0.941235    0.939431   0.0016049
          32     2.42389     0.94987    0.924144   0.0019533
          32     2.44954    0.926699    0.914352  0.00169661
          32     2.47519    0.898733    0.902746  0.00164755
          32     2.50084     0.90861    0.892512  0.00172166
          32     2.52649    0.898752    0.889863  0.00184766
          32     2.55214    0.889333    0.889994  0.00195493
          33   0.0128248           0           0           0
          33   0.0384745           0           0           0
          33   0.0641241           0           0           0
          33   0.0897737           0           0           0
          33    0.115423           0           0           0
          33    0.141073           0           0           0
          33    0.166723           0           0           0
          33    0.192372           0           0           0
          33    0.218022           0           0           0
          33    0.243672           0           0           0
          33    0.269321           0           0           0
          33    0.294971           0           0           0
          33     0.32062           0           0           0
          33     0.34627           0           0           0
          33     0.37192           0           0           0
          33    0.397569           0           0           0
          33    0.423219           0           0           0
          33    0.448869           0           0           0
          33    0.474518           0           0           0
          33    0.500168           0           0           0
          33    0.525818           0           0           0
          33    0.551467           0           0           0
          33    0.577117           0           0           0
          33    0.602767           0           0           0
          33    0.628416           0           0           0
          33    0.654066           0           0           0
          33    0.679715           0           0           0
          33    0.705365           0           0           0
          33    0.731015           0           0           0
          33    0.756664           0           0           0
          33    0.782314           0           0           0
          33    0.807964           0           0           0
          33    0.833613           0           0           0
          33    0.859263           0 1.29682e-05 9.04271e-06
          33    0.884913 0.000862029  0.00128165 0.000105845
          33    0.910562   0.0217049   0.0241589 0.000497393
          33    0.936212    0.167238    0.164583  0.00122148
          33    0.961861    0.573411    0.568942  0.00185834
          33    0.987511     1.22588     1.20949   0.0029284
          33     1.01316     1.87876     1.86675  0.00604522
          33     1.03881     2.34318     2.33219  0.00535413
          33     1.06446     2.55376     2.55513  0.00480799
          33     1.09011     2.55719     2.54908  0.00457433
          33     1.11576     2.39595      2.3998  0.00509686
          33     1.14141     2.21766     2.20167  0.00442287
          33     1.16706     1.99769     1.98122  0.00362941
          33     1.19271     1.73765     1.75489  0.00403033
          33     1.21836     1.54083     1.56345  0.00378686
          33     1.24401     1.40486     1.39026   0.0043883
          33     1.26966     1.25283     1.24529  0.00323337
          33     1.29531      1.1064       1.123  0.00302885
          33     1.32096     1.01256      1.0209   0.0029424
          33     1.34661    0.917188    0.936366  0.00331437
          33     1.37226    0.825673    0.867928  0.00279831
          33     1.39791    0.792337    0.811771  0.00239959
          33     1.42355    0.780181    0.764572  0.00215848
          33      1.4492    0.733633    0.730383  0.00248061
          33     1.47485    0.712967    0.709505  0.00238839
          33      1.5005    0.672878    0.688456  0.00192492
          33     1.52615    0.660398    0.678417  0.00215579
          33      1.5518    0.659951    0.671445  0.00223069
          33     1.57745    0.686428    0.670271  0.00180299
          33      1.6031    0.702878    0.674663  0.00222753
          33     1.62875    0.703151    0.682599  0.00208562
          33      1.6544    0.721514    0.697975  0.00222177
          33     1.68005    0.739445    0.726615  0.00196667
          33      1.7057    0.756246    0.754037  0.00200004
          33     1.73135    0.795687    0.783139   0.0023148
          33       1.757    0.826326    0.817207  0.00251629
          33     1.78265    0.870795    0.854914   0.0029696
          33      1.8083     0.90373    0.899254  0.00237031
          33     1.83395    0.949854    0.941724  0.00241404
          33      1.8596    0.983663    0.981186  0.00229019
          33     1.88525     1.02114     1.02337  0.00222892
          33      1.9109     1.06598     1.06297  0.00215276
          33     1.93655     1.10682     1.10085  0.00189232
          33      1.9622     1.12815      1.1345  0.00275355
          33     1.98785     1.14943     1.16495  0.00265748
          33      2.0135     1.16052     1.18628  0.00236391
          33     2.03915     1.18417     1.20378  0.00204299
          33      2.0648      1.2086     1.21264  0.00183168
          33     2.09045     1.22238      1.2165  0.00211014
          33      2.1161     1.21089     1.20383  0.00248352
          33     2.14174     1.19794     1.19235  0.00191264
          33     2.16739     1.15503     1.17396  0.00213958
          33     2.19304     1.14777     1.14945  0.00191418
          33     2.21869      1.1288     1.12173  0.00227437
          33     2.24434     1.09542     1.09418  0.00230457
          33     2.26999     1.05515     1.06591  0.00239019
          33     2.29564      1.0283     1.03581  0.00234968
          33     2.32129     1.00392     1.01027  0.00221737
          33     2.34694    0.966891     0.98358  0.00228456
          33     2.37259    0.937666    0.959441  0.00168967
          33     2.39824    0.911995    0.938599  0.00175847
          33     2.42389    0.910615    0.923734  0.00193665
          33     2.44954    0.912889    0.914307  0.00164578
          33     2.47519    0.898996    0.902632  0.00160154
          33     2.50084    0.906332    0.892931  0.00171967
          33     2.52649    0.909404    0.890455  0.00188417
          33     2.55214    0.902564    0.890375  0.00193244
          34   0.0128248           0           0           0
          34   0.0384745           0           0           0
          34   0.0641241           0           0           0
          34   0.0897737           0           0           0
          34    0.115423           0           0           0
          34    0.141073           0           0           0
          34    0.166723           0           0           0
          34    0.192372           0           0           0
          34    0.218022           0           0           0
          34    0.243672           0           0           0
          34    0.269321           0           0           0
          34    0.294971           0           0           0
          34     0.32062           0           0           0
          34     0.34627           0           0           0
          34     0.37192           0           0           0
          34    0.397569           0           0           0
          34    0.423219           0           0           0
          34    0.448869           0           0           0
          34    0.474518           0           0           0
          34    0.500168           0           0           0
          34    0.525818           0           0           0
          34    0.551467           0           0           0
          34    0.577117           0           0           0
          34    0.602767           0           0           0
          34    0.628416           0           0           0
          34    0.654066           0           0           0
          34    0.679715           0           0           0
          34    0.705365           0           0           0
          34    0.731015           0           0           0
          34    0.756664           0           0           0
          34    0.782314           0           0           0
          34    0.807964           0           0           0
          34    0.833613           0           0           0
          34    0.859263           0 1.25868e-05 8.78479e-06
          34    0.884913 0.000843688  0.00126877 0.000103512
          34    0.910562   0.0197475   0.0240292   0.0004994
          34    0.936212    0.164731    0.164587  0.00118556
          34    0.961861     0.56998    0.568973  0.00180393
          34    0.987511     1.18619     1.20881  0.00292141
          34     1.01316     1.90737     1.86795  0.00598428
          34     1.03881     2.37145     2.33335  0.00531971
          34     1.06446     2.58404     2.55598  0.00474114
          34     1.09011     2.55561     2.54927  0.00444382
          34     1.11576     2.39463     2.39965  0.00494922
          34     1.14141     2.19414     2.20144  0.00429832
          34     1.16706     1.93869     1.97997  0.00373196
          34     1.19271     1.73253     1.75424  0.00396513
          34     1.21836     1.56628     1.56353   0.0036764
          34     1.24401     1.38169     1.39001  0.00426648
          34     1.26966     1.24559      1.2453  0.00313828
          34     1.29531     1.10463     1.12246  0.00298757
          34     1.32096     1.01549     1.02074  0.00286017
          34     1.34661    0.901006    0.935326  0.00337612
          34     1.37226    0.866365    0.867882  0.00271639
          34     1.39791    0.810558    0.811735  0.00232928
          34     1.42355    0.748868    0.764111  0.00214384
          34      1.4492    0.743672    0.730774  0.00243825
          34     1.47485    0.731442     0.71015  0.00240371
          34      1.5005    0.727331      0.6896  0.00218161
          34     1.52615     0.67418    0.678292  0.00209598
          34      1.5518    0.677379    0.671619   0.0021719
          34     1.57745    0.666105    0.670148  0.00175412
          34      1.6031    0.668579    0.674484  0.00216919
          34     1.62875    0.696984    0.683022  0.00206674
          34      1.6544    0.695948    0.697915  0.00215722
          34     1.68005    0.714959    0.726272  0.00193848
          34      1.7057    0.757273    0.754132  0.00194348
          34     1.73135    0.788514    0.783297  0.00225211
          34       1.757    0.815611     0.81716  0.00244272
          34     1.78265    0.853344    0.854868  0.00288262
          34      1.8083    0.898033    0.899218  0.00230087
          34     1.83395    0.957443    0.942186   0.0023869
          34      1.8596     1.00651    0.981931  0.00234082
          34     1.88525     1.01745     1.02319  0.00217015
          34      1.9109      1.0577     1.06281  0.00209501
          34     1.93655     1.09865     1.10079  0.00183777
          34      1.9622     1.13329     1.13447  0.00267279
          34     1.98785     1.17315     1.16519  0.00259023
          34      2.0135     1.20455     1.18681  0.00235471
          34     2.03915     1.20778      1.2039  0.00198628
          34      2.0648     1.20884     1.21253  0.00178123
          34     2.09045     1.21458     1.21644  0.00204883
          34      2.1161     1.21414     1.20414  0.00242889
          34     2.14174     1.18177     1.19204  0.00188151
          34     2.16739     1.14146     1.17301  0.00228018
          34     2.19304      1.1261     1.14876  0.00197729
          34     2.21869     1.11445     1.12152  0.00221753
          34     2.24434     1.08904     1.09403  0.00224175
          34     2.26999     1.06178     1.06579  0.00232297
          34     2.29564      1.0298     1.03564  0.00228722
          34     2.32129    0.999351     1.00995  0.00217528
          34     2.34694    0.989544    0.983755  0.00222409
          34     2.37259    0.961426      0.9595  0.00164098
          34     2.39824    0.936548    0.938539  0.00170779
          34     2.42389    0.917668    0.923555  0.00188789
          34     2.44954    0.912303    0.914248  0.00159843
          34     2.47519    0.911379    0.902889  0.00157497
          34     2.50084     0.89264    0.892922  0.00166911
          34     2.52649    0.874254    0.889979  0.00188805
          34     2.55214    0.880484    0.890084  0.00189738
          35   0.0128248           0           0           0
          35   0.0384745           0           0           0
          35   0.0641241           0           0           0
          35   0.0897737           0           0           0
          35    0.115423           0           0           0
          35    0.141073           0           0           0
          35    0.166723           0           0           0
          35    0.192372           0           0           0
          35    0.218022           0           0           0
          35    0.243672           0           0           0
          35    0.269321           0           0           0
          35    0.294971           0           0           0
          35     0.32062           0           0           0
          35     0.34627           0           0           0
          35     0.37192           0           0           0
          35    0.397569           0           0           0
          35    0.423219           0           0           0
          35    0.448869           0           0           0
          35    0.474518           0           0           0
          35    0.500168           0           0           0
          35    0.525818           0           0           0
          35    0.551467           0           0           0
          35    0.577117           0           0           0
          35    0.602767           0           0           0
          35    0.628416           0           0           0
          35    0.654066           0           0           0
          35    0.679715           0           0           0
          35    0.705365           0           0           0
          35    0.731015           0           0           0
          35    0.756664           0           0           0
          35    0.782314           0           0           0
          35    0.807964           0           0           0
          35    0.833613           0           0           0
          35    0.859263           0 1.22272e-05 8.54115e-06
          35    0.884913 0.000550231  0.00124824 0.000102571
          35    0.910562   0.0226057   0.0239885 0.000486784
          35    0.936212    0.155374    0.164324  0.00118055
          35    0.961861    0.561364    0.568755  0.00176544
          35    0.987511      1.2285     1.20937  0.00289161
          35     1.01316     1.87478     1.86814  0.00581648
          35     1.03881     2.36371     2.33422  0.00523796
          35     1.06446     2.53403     2.55536  0.00464698
          35     1.09011      2.5318     2.54877  0.00434481
          35     1.11576     2.40326     2.39975  0.00480889
          35     1.14141      2.2041     2.20152  0.00417619
          35     1.16706     1.98623     1.98015  0.00362962
          35     1.19271      1.7239     1.75337  0.00394542
          35     1.21836     1.52491     1.56243  0.00373326
          35     1.24401     1.39927     1.39028  0.00415278
          35     1.26966     1.25081     1.24545  0.00305257
          35     1.29531     1.11708     1.12231  0.00290615
          35     1.32096     1.02471     1.02086  0.00278069
          35     1.34661    0.937504    0.935389  0.00328023
          35     1.37226    0.879675    0.868219  0.00265959
          35     1.39791    0.842898    0.812626  0.00242694
          35     1.42355    0.802819    0.765216  0.00235061
          35      1.4492     0.75071    0.731343  0.00243421
          35     1.47485     0.70225    0.709924  0.00234561
          35      1.5005    0.675143    0.689187  0.00215803
          35     1.52615    0.674464    0.678183  0.00203895
          35      1.5518    0.656575    0.671189  0.00215195
          35     1.57745     0.68181    0.670482  0.00173536
          35      1.6031    0.670697    0.674375  0.00210991
          35     1.62875    0.705733    0.683671   0.0021071
          35      1.6544    0.712809    0.698341  0.00213714
          35     1.68005    0.719986    0.726093  0.00189139
          35      1.7057    0.732935    0.753526  0.00198007
          35     1.73135    0.774915    0.783057  0.00220046
          35       1.757    0.804915     0.81681  0.00239785
          35     1.78265     0.84642    0.854626  0.00281034
          35      1.8083    0.897791    0.899177  0.00223549
          35     1.83395    0.926875    0.941749  0.00235845
          35      1.8596    0.974467    0.981718  0.00228363
          35     1.88525     1.02061     1.02312   0.0021094
          35      1.9109     1.06268     1.06281  0.00203516
          35     1.93655     1.09962     1.10075  0.00178556
          35      1.9622     1.11556     1.13393  0.00265047
          35     1.98785     1.14747     1.16469  0.00256524
          35      2.0135     1.19039     1.18692  0.00228964
          35     2.03915     1.20752       1.204  0.00193222
          35      2.0648     1.21377     1.21257  0.00173069
          35     2.09045     1.21469     1.21639  0.00199091
          35      2.1161     1.21362     1.20441  0.00237456
          35     2.14174     1.20732     1.19248  0.00187772
          35     2.16739     1.18493     1.17335  0.00224035
          35     2.19304     1.18608     1.14983   0.0021894
          35     2.21869     1.14376     1.12215  0.00224339
          35     2.24434     1.09269     1.09399  0.00217803
          35     2.26999     1.03953     1.06504  0.00237463
          35     2.29564      1.0152     1.03505   0.0022952
          35     2.32129     0.99741     1.00959  0.00214243
          35     2.34694    0.987515    0.983863  0.00216314
          35     2.37259    0.974533    0.959929  0.00164935
          35     2.39824     0.95341    0.938964  0.00171103
          35     2.42389     0.92088    0.923479   0.0018355
          35     2.44954    0.910532    0.914142  0.00155628
          35     2.47519    0.906237    0.902985  0.00153287
          35     2.50084    0.894787    0.892976  0.00162227
          35     2.52649    0.880752    0.889715  0.00185242
          35     2.55214    0.887582    0.890013  0.00184451
          36   0.0128248           0           0           0
          36   0.0384745           0           0           0
          36   0.0641241           0           0           0
          36   0.0897737           0           0           0
          36    0.115423           0           0           0
          36    0.141073           0           0           0
          36    0.166723           0           0           0
          36    0.192372           0           0           0
          36    0.218022           0           0           0
          36    0.243672           0           0           0
          36    0.269321           0           0           0
          36    0.294971           0           0           0
          36     0.32062           0           0           0
          36     0.34627           0           0           0
          36     0.37192           0           0           0
          36    0.397569           0           0           0
          36    0.423219           0           0           0
          36    0.448869           0           0           0
          36    0.474518           0           0           0
          36    0.500168           0           0           0
          36    0.525818           0           0           0
          36    0.551467           0           0           0
          36    0.577117           0           0           0
          36    0.602767           0           0           0
          36    0.628416           0           0           0
          36    0.654066           0           0           0
          36    0.679715           0           0           0
          36    0.705365           0           0           0
          36    0.731015           0           0           0
          36    0.756664           0           0           0
          36    0.782314           0           0           0
          36    0.807964           0           0           0
          36    0.833613           0           0           0
          36    0.859263           0 1.18875e-05 8.31065e-06
          36    0.884913  0.00115549  0.00124566 9.97537e-05
          36    0.910562   0.0216703   0.0239241 0.000477503
          36    0.936212    0.162175    0.164264  0.00114926
          36    0.961861    0.549333    0.568216  0.00179695
          36    0.987511     1.21202     1.20944  0.00281222
          36     1.01316      1.8401     1.86737  0.00570685
          36     1.03881     2.32953     2.33409  0.00509408
          36     1.06446     2.57723     2.55596  0.00455744
          36     1.09011     2.59037     2.54993  0.00437506
          36     1.11576     2.48501     2.40212  0.00522603
          36     1.14141     2.16414     2.20048  0.00418726
          36     1.16706     1.95111     1.97934  0.00361727
          36     1.19271     1.73196     1.75278  0.00388039
          36     1.21836      1.5511     1.56211   0.0036428
          36     1.24401     1.41256      1.3909  0.00408327
          36     1.26966      1.2416     1.24535  0.00296966
          36     1.29531     1.12414     1.12236  0.00282587
          36     1.32096      1.0048     1.02041  0.00273897
          36     1.34661    0.931049    0.935268  0.00319133
          36     1.37226    0.864031    0.868103  0.00258825
          36     1.39791    0.834446    0.813232  0.00243404
          36     1.42355    0.767941    0.765292  0.00228653
          36      1.4492    0.719394    0.731011  0.00238912
          36     1.47485    0.675831    0.708977  0.00246423
          36      1.5005    0.677292    0.688856  0.00212323
          36     1.52615    0.684429    0.678356  0.00198968
          36      1.5518    0.673258    0.671247  0.00209295
          36     1.57745    0.686012    0.670913  0.00173995
          36      1.6031    0.687687    0.674745  0.00208345
          36     1.62875    0.689685    0.683838  0.00205518
          36      1.6544     0.70468    0.698517  0.00208502
          36     1.68005    0.732759    0.726278   0.0018479
          36      1.7057    0.744546    0.753277  0.00194072
          36     1.73135     0.77043    0.782706  0.00216711
          36       1.757    0.819785    0.816893  0.00233267
          36     1.78265    0.842194    0.854281  0.00275342
          36      1.8083    0.897062    0.899119  0.00217417
          36     1.83395    0.923967    0.941255  0.00234409
          36      1.8596    0.980718     0.98169  0.00222037
          36     1.88525     1.02732     1.02323  0.00205404
          36      1.9109     1.06506     1.06287  0.00197959
          36     1.93655     1.09212     1.10051  0.00175201
          36      1.9622       1.128     1.13376  0.00258194
          36     1.98785      1.1588     1.16452   0.0024992
          36      2.0135     1.18832     1.18696  0.00222638
          36     2.03915     1.20484     1.20403  0.00187869
          36      2.0648     1.20131     1.21225  0.00171063
          36     2.09045     1.22767      1.2167  0.00196008
          36      2.1161     1.23511     1.20526    0.002457
          36     2.14174     1.21379     1.19307  0.00191666
          36     2.16739     1.18833     1.17376  0.00221646
          36     2.19304     1.15898     1.15008  0.00214328
          36     2.21869     1.13257     1.12244  0.00219967
          36     2.24434       1.096     1.09404  0.00211824
          36     2.26999     1.04189     1.06439  0.00239415
          36     2.29564     1.03536     1.03506  0.00223146
          36     2.32129     1.01795     1.00982  0.00209547
          36     2.34694    0.983862    0.983863  0.00210305
          36     2.37259    0.959632    0.959921  0.00160355
          36     2.39824    0.937772    0.938931  0.00166382
          36     2.42389    0.923535     0.92348  0.00178451
          36     2.44954    0.903094    0.913835  0.00154301
          36     2.47519    0.887606    0.902558  0.00154867
          36     2.50084    0.888529    0.892852   0.0015819
          36     2.52649    0.886853    0.889636  0.00180267
          36     2.55214    0.892103    0.890071  0.00179419
          37   0.0128248           0           0           0
          37   0.0384745           0           0           0
          37   0.0641241           0           0           0
          37   0.0897737           0           0           0
          37    0.115423           0           0           0
          37    0.141073           0           0           0
          37    0.166723           0           0           0
          37    0.192372           0           0           0
          37    0.218022           0           0           0
          37    0.243672           0           0           0
          37    0.269321           0           0           0
          37    0.294971           0           0           0
          37     0.32062           0           0           0
          37     0.34627           0           0           0
          37     0.37192           0           0           0
          37    0.397569           0           0           0
          37    0.423219           0           0           0
          37    0.448869           0           0           0
          37    0.474518           0           0           0
          37    0.500168           0           0           0
          37    0.525818           0           0           0
          37    0.551467           0           0           0
          37    0.577117           0           0           0
          37    0.602767           0           0           0
          37    0.628416           0           0           0
          37    0.654066           0           0           0
          37    0.679715           0           0           0
          37    0.705365           0           0           0
          37    0.731015           0           0           0
          37    0.756664           0           0           0
          37    0.782314           0           0           0
          37    0.807964           0           0           0
          37    0.833613           0           0           0
          37    0.859263           0 1.15662e-05 8.09224e-06
          37    0.884913 0.000807006  0.00123381 9.77597e-05
          37    0.910562   0.0200766   0.0238201 0.000475785
          37    0.936212    0.171761    0.164467  0.00113592
          37    0.961861    0.575414     0.56841  0.00175888
          37    0.987511     1.24049     1.21028  0.00285864
          37     1.01316     1.85745      1.8671  0.00555891
          37     1.03881     2.30907     2.33341  0.00500106
          37     1.06446     2.56919     2.55632  0.00444827
          37     1.09011     2.52407     2.54923  0.00431225
          37     1.11576     2.35659     2.40089  0.00522765
          37     1.14141     2.21409     2.20085  0.00409022
          37     1.16706     1.95607     1.97871  0.00357376
          37     1.19271     1.75413     1.75281  0.00377569
          37     1.21836     1.57928     1.56258  0.00357378
          37     1.24401      1.4039     1.39125    0.003988
          37     1.26966     1.26983     1.24601  0.00296222
          37     1.29531     1.11654      1.1222  0.00275387
          37     1.32096     1.01505     1.02027  0.00266877
          37     1.34661    0.941757    0.935443  0.00310989
          37     1.37226    0.866442    0.868058  0.00251869
          37     1.39791    0.812984    0.813225  0.00236826
          37     1.42355    0.774121    0.765531  0.00223715
          37      1.4492    0.727307    0.730911  0.00232664
          37     1.47485    0.696182    0.708631  0.00242178
          37      1.5005     0.69243    0.688953  0.00206804
          37     1.52615    0.668741    0.678096   0.0019528
          37      1.5518    0.659474    0.670929  0.00206042
          37     1.57745    0.668933    0.670859  0.00169375
          37      1.6031    0.677437    0.674818  0.00202841
          37     1.62875     0.70236    0.684339   0.0020597
          37      1.6544    0.716445    0.699001  0.00208421
          37     1.68005    0.731405    0.726417  0.00180314
          37      1.7057    0.746836    0.753103  0.00189605
          37     1.73135    0.790387    0.782914  0.00211846
          37       1.757    0.816895    0.816893  0.00226962
          37     1.78265    0.845724     0.85405  0.00268869
          37      1.8083    0.900079    0.899145  0.00211556
          37     1.83395    0.933285     0.94104  0.00229061
          37      1.8596     0.97642    0.981548  0.00216492
          37     1.88525     1.00888     1.02285  0.00203484
          37      1.9109     1.05746     1.06273  0.00193148
          37     1.93655     1.11367     1.10087   0.0017404
          37      1.9622     1.13789     1.13387  0.00251457
          37     1.98785      1.1645     1.16452  0.00243165
          37      2.0135     1.19796     1.18725  0.00218599
          37     2.03915     1.21118     1.20422  0.00183785
          37      2.0648     1.21024      1.2122  0.00166526
          37     2.09045     1.22272     1.21687  0.00191383
          37      2.1161     1.21787      1.2056  0.00241412
          37     2.14174     1.19341     1.19308  0.00186488
          37     2.16739     1.17269     1.17373  0.00215674
          37     2.19304     1.13321     1.14963  0.00213333
          37     2.21869     1.10543     1.12198  0.00218775
          37     2.24434      1.0827     1.09374  0.00208306
          37     2.26999      1.0603     1.06428    0.002332
          37     2.29564     1.02663     1.03483  0.00218274
          37     2.32129     1.00182     1.00961  0.00204996
          37     2.34694    0.979332     0.98374  0.00204978
          37     2.37259    0.955718    0.959807  0.00156423
          37     2.39824    0.943336     0.93905  0.00162311
          37     2.42389    0.921411    0.923424  0.00173716
          37     2.44954    0.914323    0.913848  0.00150136
          37     2.47519    0.912181    0.902818  0.00152849
          37     2.50084    0.904968     0.89318  0.00157267
          37     2.52649    0.906627    0.890095   0.0018115
          37     2.55214    0.908706    0.890574  0.00181501
          38   0.0128248           0           0           0
          38   0.0384745           0           0           0
          38   0.0641241           0           0           0
          38   0.0897737           0           0           0
          38    0.115423           0           0           0
          38    0.141073           0           0           0
          38    0.166723           0           0           0
          38    0.192372           0           0           0
          38    0.218022           0           0           0
          38    0.243672           0           0           0
          38    0.269321           0           0           0
          38    0.294971           0           0           0
          38     0.32062           0           0           0
          38     0.34627           0           0           0
          38     0.37192           0           0           0
          38    0.397569           0           0           0
          38    0.423219           0           0           0
          38    0.448869           0           0           0
          38    0.474518           0           0           0
          38    0.500168           0           0           0
          38    0.525818           0           0           0
          38    0.551467           0           0           0
          38    0.577117           0           0           0
          38    0.602767           0           0           0
          38    0.628416           0           0           0
          38    0.654066           0           0           0
          38    0.679715           0           0           0
          38    0.705365           0           0           0
          38    0.731015           0           0           0
          38    0.756664           0           0           0
          38    0.782314           0           0           0
          38    0.807964           0           0           0
          38    0.833613           0           0           0
          38    0.859263           0 1.12619e-05 7.88501e-06
          38    0.884913 0.000751983  0.00122113 9.60058e-05
          38    0.910562    0.021601   0.0237617 0.000466835
          38    0.936212    0.158684    0.164315  0.00111617
          38    0.961861    0.595657    0.569128  0.00185298
          38    0.987511      1.1944     1.20987  0.00281379
          38     1.01316     1.83833     1.86634  0.00546391
          38     1.03881     2.32528      2.3332  0.00487402
          38     1.06446     2.58173     2.55699  0.00438118
          38     1.09011     2.51694     2.54838  0.00428165
          38     1.11576     2.41593     2.40129  0.00510504
          38     1.14141     2.21859     2.20132  0.00400914
          38     1.16706     1.97543     1.97862  0.00348075
          38     1.19271     1.77485     1.75339   0.0037206
          38     1.21836     1.56281     1.56258  0.00347974
          38     1.24401     1.35912      1.3904  0.00397169
          38     1.26966     1.23803      1.2458  0.00289169
          38     1.29531     1.12138     1.12218  0.00268149
          38     1.32096     1.01661     1.02017  0.00260027
          38     1.34661    0.920079    0.935039  0.00305423
          38     1.37226     0.85571    0.867733  0.00247328
          38     1.39791    0.821649    0.813447  0.00231629
          38     1.42355    0.758982    0.765358   0.0021849
          38      1.4492    0.732682    0.730958  0.00226588
          38     1.47485    0.718936    0.708903  0.00237318
          38      1.5005      0.7045    0.689362  0.00205369
          38     1.52615    0.704834      0.6788  0.00202421
          38      1.5518    0.674146    0.671013  0.00200794
          38     1.57745    0.685834    0.671254  0.00169439
          38      1.6031    0.692499    0.675283  0.00202769
          38     1.62875    0.702317    0.684812  0.00205911
          38      1.6544    0.711234    0.699323  0.00205408
          38     1.68005    0.736077    0.726671  0.00177352
          38      1.7057     0.74892    0.752993  0.00184935
          38     1.73135    0.763713    0.782409  0.00212211
          38       1.757    0.803142    0.816531  0.00223856
          38     1.78265    0.852264    0.854003  0.00261835
          38      1.8083    0.891338    0.898939  0.00206984
          38     1.83395    0.938141    0.940963   0.0022316
          38      1.8596    0.966177    0.981143  0.00214541
          38     1.88525     1.03099     1.02306  0.00199254
          38      1.9109     1.05101     1.06242   0.0019051
          38     1.93655     1.10264     1.10091  0.00169522
          38      1.9622     1.11876     1.13347  0.00247966
          38     1.98785     1.15837     1.16436  0.00237304
          38      2.0135     1.17489     1.18693  0.00215253
          38     2.03915     1.19568       1.204  0.00180317
          38      2.0648     1.21913     1.21238  0.00163139
          38     2.09045     1.22456     1.21707  0.00187414
          38      2.1161      1.2145     1.20584  0.00236193
          38     2.14174     1.19149     1.19304  0.00181628
          38     2.16739     1.17398     1.17374  0.00209999
          38     2.19304     1.12939     1.14909  0.00214266
          38     2.21869     1.11343     1.12176  0.00214172
          38     2.24434     1.09273     1.09371  0.00202842
          38     2.26999     1.07174     1.06448  0.00227888
          38     2.29564     1.03948     1.03495  0.00212872
          38     2.32129     1.01673     1.00979  0.00200457
          38     2.34694    0.986707    0.983818  0.00199732
          38     2.37259     0.96979     0.96007  0.00154497
          38     2.39824    0.944539    0.939194  0.00158681
          38     2.42389    0.932551    0.923665  0.00170797
          38     2.44954    0.918642    0.913975  0.00146714
          38     2.47519    0.891322    0.902515  0.00151791
          38     2.50084    0.891296     0.89313  0.00153207
          38     2.52649    0.897971    0.890302  0.00177564
          38     2.55214    0.892107    0.890615   0.0017677
          39   0.0128248           0           0           0
          39   0.0384745           0           0           0
          39   0.0641241           0           0           0
          39   0.0897737           0           0           0
          39    0.115423           0           0           0
          39    0.141073           0           0           0
          39    0.166723           0           0           0
          39    0.192372           0           0           0
          39    0.218022           0           0           0
          39    0.243672           0           0           0
          39    0.269321           0           0           0
          39    0.294971           0           0           0
          39     0.32062           0           0           0
          39     0.34627           0           0           0
          39     0.37192           0           0           0
          39    0.397569           0           0           0
          39    0.423219           0           0           0
          39    0.448869           0           0           0
          39    0.474518           0           0           0
          39    0.500168           0           0           0
          39    0.525818           0           0           0
          39    0.551467           0           0           0
          39    0.577117           0           0           0
          39    0.602767           0           0           0
          39    0.628416           0           0           0
          39    0.654066           0           0           0
          39    0.679715           0           0           0
          39    0.705365           0           0           0
          39    0.731015           0           0           0
          39    0.756664           0           0           0
          39    0.782314           0           0           0
          39    0.807964           0           0           0
          39    0.833613           0           0           0
          39    0.859263  0.00025288 1.74572e-05 9.81957e-06
          39    0.884913 0.000935393   0.0012138 9.38232e-05
          39    0.910562   0.0256544   0.0238103  0.00045738
          39    0.936212    0.153015    0.164025  0.00112453
          39    0.961861    0.567512    0.569086  0.00180593
          39    0.987511     1.21972     1.21012  0.00275297
          39     1.01316     1.86748     1.86637  0.00532389
          39     1.03881     2.33858     2.33333    0.004751
          39     1.06446      2.5246     2.55616  0.00434685
          39     1.09011     2.50204     2.54719  0.00433358
          39     1.11576     2.40251     2.40132  0.00497423
          39     1.14141     2.18461     2.20089  0.00392915
          39     1.16706     1.93788     1.97758  0.00354482
          39     1.19271     1.71751     1.75247  0.00373721
          39     1.21836     1.55476     1.56238   0.0033963
          39     1.24401      1.4108     1.39092  0.00390414
          39     1.26966     1.28889      1.2469  0.00302128
          39     1.29531     1.14545     1.12278  0.00267832
          39     1.32096      1.0347     1.02054  0.00256014
          39     1.34661    0.934653    0.935029  0.00297593
          39     1.37226    0.865618    0.867679  0.00241046
          39     1.39791    0.829793    0.813866  0.00229451
          39     1.42355    0.758281    0.765177  0.00213641
          39      1.4492     0.72066    0.730694  0.00222311
          39     1.47485    0.725559     0.70933  0.00235044
          39      1.5005    0.720308    0.690156  0.00214886
          39     1.52615    0.687161    0.679014  0.00198363
          39      1.5518    0.673126    0.671067  0.00195719
          39     1.57745    0.689043     0.67171  0.00171124
          39      1.6031    0.692717     0.67573  0.00202437
          39     1.62875    0.686653    0.684859  0.00200686
          39      1.6544    0.700723    0.699359  0.00200172
          39     1.68005    0.730545     0.72677  0.00173082
          39      1.7057    0.746777    0.752833  0.00180878
          39     1.73135    0.770397    0.782101  0.00208993
          39       1.757    0.817789    0.816563  0.00218139
          39     1.78265    0.867781    0.854356  0.00257493
          39      1.8083    0.898911    0.898939  0.00201677
          39     1.83395    0.955158    0.941327  0.00220387
          39      1.8596    0.966912    0.980778   0.0021212
          39     1.88525    0.998789     1.02244  0.00203633
          39      1.9109     1.04159     1.06188  0.00192968
          39     1.93655     1.08283     1.10045  0.00171399
          39      1.9622     1.11954     1.13312  0.00244169
          39     1.98785     1.14322     1.16382  0.00237331
          39      2.0135     1.16384     1.18634  0.00217725
          39     2.03915     1.18595     1.20353   0.0018153
          39      2.0648     1.22237     1.21264  0.00160956
          39     2.09045     1.22863     1.21737  0.00184939
          39      2.1161     1.22515     1.20633  0.00235273
          39     2.14174      1.1987     1.19318   0.0017755
          39     2.16739     1.18348     1.17399  0.00206095
          39     2.19304     1.14731     1.14905  0.00208821
          39     2.21869     1.11517     1.12159  0.00209345
          39     2.24434     1.08171      1.0934  0.00199961
          39     2.26999     1.05944     1.06435  0.00222411
          39     2.29564     1.03439     1.03494  0.00207418
          39     2.32129     1.01827     1.01001  0.00196491
          39     2.34694    0.984355    0.983832  0.00194615
          39     2.37259    0.960227    0.960074  0.00150536
          39     2.39824    0.952084    0.939525  0.00158016
          39     2.42389    0.929107    0.923804  0.00166987
          39     2.44954     0.92066    0.914146   0.0014395
          39     2.47519    0.904259     0.90256  0.00147965
          39     2.50084    0.899993    0.893306  0.00150286
          39     2.52649    0.908715    0.890774  0.00179178
          39     2.55214    0.902304    0.890914   0.0017476
          40   0.0128248           0           0           0
          40   0.0384745           0           0           0
          40   0.0641241           0           0           0
          40   0.0897737           0           0           0
          40    0.115423           0           0           0
          40    0.141073           0           0           0
          40    0.166723           0           0           0
          40    0.192372           0           0           0
          40    0.218022           0           0           0
          40    0.243672           0           0           0
          40    0.269321           0           0           0
          40    0.294971           0           0           0
          40     0.32062           0           0           0
          40     0.34627           0           0           0
          40     0.37192           0           0           0
          40    0.397569           0           0           0
          40    0.423219           0           0           0
          40    0.448869           0           0           0
          40    0.474518           0           0           0
          40    0.500168           0           0           0
          40    0.525818           0           0           0
          40    0.551467           0           0           0
          40    0.577117           0           0           0
          40    0.602767           0           0           0
          40    0.628416           0           0           0
          40    0.654066           0           0           0
          40    0.679715           0           0           0
          40    0.705365           0           0           0
          40    0.731015           0           0           0
          40    0.756664           0           0           0
          40    0.782314           0           0           0
          40    0.807964           0           0           0
          40    0.833613           0           0           0
          40    0.859263           0 1.70208e-05 9.58377e-06
          40    0.884913  0.00238434  0.00124306 9.59328e-05
          40    0.910562   0.0275252   0.0239031 0.000455278
          40    0.936212    0.173989    0.164274  0.00112367
          40    0.961861    0.574544    0.569223  0.00176593
          40    0.987511     1.19243     1.20968  0.00271942
          40     1.01316     1.86982     1.86646  0.00519149
          40     1.03881     2.33714     2.33343  0.00463318
          40     1.06446     2.51056     2.55502  0.00438514
          40     1.09011     2.56288     2.54758  0.00424296
          40     1.11576     2.42284     2.40186  0.00487889
          40     1.14141     2.19884     2.20084  0.00383126
          40     1.16706     1.96277     1.97721  0.00347549
          40     1.19271     1.74176      1.7522  0.00365336
          40     1.21836     1.53508      1.5617  0.00337927
          40     1.24401     1.37775      1.3906   0.0038204
          40     1.26966     1.26091     1.24725  0.00296598
          40     1.29531     1.13796     1.12315  0.00263811
          40     1.32096     1.00344     1.02011  0.00253157
          40     1.34661    0.940538    0.935167  0.00290472
          40     1.37226    0.869348    0.867721  0.00235056
          40     1.39791    0.788971    0.813244  0.00232002
          40     1.42355    0.761874    0.765094  0.00208459
          40      1.4492    0.743084    0.731003  0.00218901
          40     1.47485    0.709176    0.709326  0.00229168
          40      1.5005    0.699371    0.690386  0.00210745
          40     1.52615    0.697175    0.679468  0.00198532
          40      1.5518    0.689069    0.671517  0.00195932
          40     1.57745    0.666139     0.67157  0.00167412
          40      1.6031    0.686698    0.676004  0.00199225
          40     1.62875    0.688316    0.684946  0.00195854
          40      1.6544    0.726027    0.700026  0.00205972
          40     1.68005     0.72191    0.726649  0.00169181
          40      1.7057    0.746728    0.752681  0.00176999
          40     1.73135    0.792347    0.782357  0.00205332
          40       1.757    0.825252    0.816781  0.00213764
          40     1.78265    0.866854    0.854669  0.00252945
          40      1.8083    0.894374    0.898824  0.00196957
          40     1.83395    0.931445     0.94108  0.00216257
          40      1.8596     0.96111    0.980287   0.0021244
          40     1.88525     1.01689      1.0223  0.00199015
          40      1.9109     1.07288     1.06216  0.00190091
          40     1.93655     1.10082     1.10046  0.00167117
          40      1.9622     1.12809     1.13299  0.00238387
          40     1.98785     1.15642     1.16363  0.00232116
          40      2.0135      1.1851     1.18631  0.00212304
          40     2.03915     1.17344     1.20278  0.00191946
          40      2.0648      1.1841     1.21192  0.00172021
          40     2.09045     1.21262     1.21725  0.00180696
          40      2.1161     1.21714      1.2066  0.00230939
          40     2.14174     1.19799      1.1933  0.00173517
          40     2.16739     1.17613     1.17404  0.00201012
          40     2.19304     1.15577     1.14922  0.00204275
          40     2.21869     1.12387     1.12165  0.00204189
          40     2.24434     1.10718     1.09375  0.00197907
          40     2.26999     1.07509     1.06462  0.00218464
          40     2.29564     1.04311     1.03514  0.00203236
          40     2.32129     1.01825     1.01022  0.00192656
          40     2.34694    0.990595    0.984001  0.00190483
          40     2.37259    0.969458    0.960309  0.00148589
          40     2.39824    0.940893    0.939559  0.00154103
          40     2.42389    0.922357    0.923768  0.00162851
          40     2.44954    0.910304     0.91405  0.00140672
          40     2.47519    0.895458    0.902382  0.00145327
          40     2.50084    0.884703    0.893091   0.0014806
          40     2.52649    0.884609     0.89062   0.0017536
          40     2.55214    0.890764    0.890911  0.00170391
          41   0.0128248           0           0           0
          41   0.0384745           0           0           0
          41   0.0641241           0           0           0
          41   0.0897737           0           0           0
          41    0.115423           0           0           0
          41    0.141073           0           0           0
          41    0.166723           0           0           0
          41    0.192372           0           0           0
          41    0.218022           0           0           0
          41    0.243672           0           0           0
          41    0.269321           0           0           0
          41    0.294971           0           0           0
          41     0.32062           0           0           0
          41     0.34627           0           0           0
          41     0.37192           0           0           0
          41    0.397569           0           0           0
          41    0.423219           0           0           0
          41    0.448869           0           0           0
          41    0.474518           0           0           0
          41    0.500168           0           0           0
          41    0.525818           0           0           0
          41    0.551467           0           0           0
          41    0.577117           0           0           0
          41    0.602767           0           0           0
          41    0.628416           0           0           0
          41    0.654066           0           0           0
          41    0.679715           0           0           0
          41    0.705365           0           0           0
          41    0.731015           0           0           0
          41    0.756664           0           0           0
          41    0.782314           0           0           0
          41    0.807964           0           0           0
          41    0.833613           0           0           0
          41    0.859263           0 1.66056e-05 9.35901e-06
          41    0.884913  0.00088037  0.00123422 9.39999e-05
          41    0.910562   0.0268497    0.023975  0.00044981
          41    0.936212    0.155063     0.16405   0.0011185
          41    0.961861     0.56509    0.569122  0.00172574
          41    0.987511     1.16885     1.20868  0.00282953
          41     1.01316     1.83889     1.86578  0.00510821
          41     1.03881     2.37397     2.33442  0.00462448
          41     1.06446      2.5645     2.55525  0.00428429
          41     1.09011      2.5691     2.54811  0.00417179
          41     1.11576     2.38456     2.40144   0.0047781
          41     1.14141      2.1875     2.20051  0.00375159
          41     1.16706     1.96135     1.97682  0.00341217
          41     1.19271     1.77923     1.75286  0.00362324
          41     1.21836     1.57173     1.56195  0.00330568
          41     1.24401      1.4345     1.39167  0.00387436
          41     1.26966     1.26384     1.24766  0.00292108
          41     1.29531     1.13601     1.12347  0.00259234
          41     1.32096     1.01292     1.01994   0.0024759
          41     1.34661    0.943191    0.935363  0.00284046
          41     1.37226    0.867273     0.86771  0.00229325
          41     1.39791     0.82223    0.813463  0.00227376
          41     1.42355    0.764447    0.765079  0.00203381
          41      1.4492    0.715141    0.730617  0.00216954
          41     1.47485    0.700507    0.709111  0.00224586
          41      1.5005    0.669586    0.689879  0.00211623
          41     1.52615    0.690059    0.679727  0.00195363
          41      1.5518    0.680003    0.671724  0.00192243
          41     1.57745    0.682792    0.671844  0.00165551
          41      1.6031    0.673016    0.675932  0.00194499
          41     1.62875    0.677606    0.684767  0.00191894
          41      1.6544    0.687856    0.699729  0.00203076
          41     1.68005    0.708985    0.726218  0.00170452
          41      1.7057    0.736973    0.752297   0.0017678
          41     1.73135    0.763507    0.781897  0.00205407
          41       1.757     0.79614    0.816277  0.00214397
          41     1.78265    0.850298    0.854562     0.00247
          41      1.8083    0.914979    0.899218  0.00196055
          41     1.83395    0.942069    0.941104  0.00210996
          41      1.8596    0.979867    0.980276  0.00207261
          41     1.88525     1.01491     1.02212  0.00194974
          41      1.9109     1.05695     1.06203  0.00185879
          41     1.93655     1.12027     1.10094  0.00169879
          41      1.9622     1.15136     1.13344  0.00236744
          41     1.98785      1.1732     1.16387  0.00227624
          41      2.0135      1.2002     1.18664  0.00209812
          41     2.03915     1.21306     1.20303  0.00188894
          41      2.0648     1.21056     1.21189  0.00167858
          41     2.09045     1.21655     1.21723  0.00176297
          41      2.1161      1.2001     1.20644   0.0022585
          41     2.14174     1.17785     1.19292  0.00173332
          41     2.16739     1.17098     1.17397  0.00196248
          41     2.19304       1.135     1.14887  0.00202214
          41     2.21869     1.12411     1.12171  0.00199297
          41     2.24434     1.10247     1.09396  0.00194219
          41     2.26999     1.07073     1.06477  0.00213644
          41     2.29564       1.049     1.03548  0.00201071
          41     2.32129     1.02521     1.01058  0.00191397
          41     2.34694     0.99345    0.984232  0.00187226
          41     2.37259    0.957382    0.960237  0.00145137
          41     2.39824    0.943138    0.939646  0.00150591
          41     2.42389    0.928606    0.923886  0.00159306
          41     2.44954    0.921069    0.914221  0.00138278
          41     2.47519     0.90492    0.902444  0.00141914
          41     2.50084    0.890642    0.893031  0.00144569
          41     2.52649    0.884263    0.890465  0.00171768
          41     2.55214    0.882775    0.890712  0.00167387
          42   0.0128248           0           0           0
          42   0.0384745           0           0           0
          42   0.0641241           0           0           0
          42   0.0897737           0           0           0
          42    0.115423           0           0           0
          42    0.141073           0           0           0
          42    0.166723           0           0           0
          42    0.192372           0           0           0
          42    0.218022           0           0           0
          42    0.243672           0           0           0
          42    0.269321           0           0           0
          42    0.294971           0           0           0
          42     0.32062           0           0           0
          42     0.34627           0           0           0
          42     0.37192           0           0           0
          42    0.397569           0           0           0
          42    0.423219           0           0           0
          42    0.448869           0           0           0
          42    0.474518           0           0           0
          42    0.500168           0           0           0
          42    0.525818           0           0           0
          42    0.551467           0           0           0
          42    0.577117           0           0           0
          42    0.602767           0           0           0
          42    0.628416           0           0           0
          42    0.654066           0           0           0
          42    0.679715           0           0           0
          42    0.705365           0           0           0
          42    0.731015           0           0           0
          42    0.756664           0           0           0
          42    0.782314           0           0           0
          42    0.807964           0           0           0
          42    0.833613           0           0           0
          42    0.859263           0 1.62102e-05 9.14452e-06
          42    0.884913 0.000807006  0.00122405 9.23105e-05
          42    0.910562   0.0235411   0.0239647 0.000439218
          42    0.936212    0.171154    0.164219  0.00110458
          42    0.961861    0.593903    0.569712  0.00178266
          42    0.987511     1.23775     1.20937  0.00284555
          42     1.01316      1.8938     1.86645  0.00502994
          42     1.03881     2.31321     2.33391  0.00454185
          42     1.06446     2.54879      2.5551  0.00418504
          42     1.09011     2.48235     2.54654  0.00435634
          42     1.11576     2.33642     2.39989  0.00490872
          42     1.14141     2.17815     2.19998  0.00369984
          42     1.16706     1.99772     1.97732  0.00336702
          42     1.19271     1.75899     1.75301   0.0035399
          42     1.21836     1.59271     1.56268  0.00330715
          42     1.24401     1.41094     1.39213   0.0038092
          42     1.26966     1.25899     1.24793  0.00286397
          42     1.29531      1.1428     1.12393  0.00257116
          42     1.32096     1.01016     1.01971  0.00242787
          42     1.34661    0.941068    0.935498  0.00277607
          42     1.37226    0.857617    0.867469  0.00225121
          42     1.39791    0.808662    0.813349  0.00222249
          42     1.42355    0.781067    0.765459   0.0020207
          42      1.4492    0.746914    0.731005  0.00215231
          42     1.47485    0.721993    0.709417  0.00221323
          42      1.5005    0.706478    0.690274  0.00210242
          42     1.52615    0.686871    0.679897  0.00191451
          42      1.5518    0.692105     0.67221  0.00193694
          42     1.57745    0.680235    0.672044   0.0016281
          42      1.6031    0.660436    0.675563  0.00193336
          42     1.62875     0.66694    0.684342  0.00191961
          42      1.6544    0.696609    0.699655  0.00198376
          42     1.68005    0.710613    0.725846  0.00170395
          42      1.7057    0.742759     0.75207  0.00174024
          42     1.73135    0.792956     0.78216  0.00202197
          42       1.757     0.80893    0.816102  0.00210005
          42     1.78265    0.849711    0.854446  0.00241389
          42      1.8083    0.909194    0.899456   0.0019282
          42     1.83395    0.909285    0.940347  0.00219152
          42      1.8596    0.947408    0.979494  0.00216597
          42     1.88525      1.0101     1.02183  0.00192421
          42      1.9109     1.06806     1.06217  0.00182007
          42     1.93655     1.10832     1.10112  0.00166739
          42      1.9622     1.14261     1.13366  0.00232111
          42     1.98785     1.17661     1.16417  0.00224217
          42      2.0135     1.19783     1.18691    0.002065
          42     2.03915     1.19314      1.2028   0.0018586
          42      2.0648     1.21936     1.21207    0.001648
          42     2.09045     1.22612     1.21744  0.00173366
          42      2.1161     1.22199     1.20681  0.00223485
          42     2.14174     1.21014     1.19333  0.00173986
          42     2.16739     1.18453     1.17422  0.00193179
          42     2.19304     1.15043     1.14891  0.00197434
          42     2.21869     1.10518     1.12131  0.00198397
          42     2.24434     1.08753     1.09381  0.00190198
          42     2.26999     1.05382     1.06451  0.00210141
          42     2.29564     1.04837     1.03579  0.00198611
          42     2.32129     1.01209     1.01062  0.00186873
          42     2.34694    0.980292    0.984138  0.00183003
          42     2.37259    0.938822    0.959728  0.00150372
          42     2.39824    0.933322    0.939496  0.00147757
          42     2.42389    0.911806    0.923598  0.00158088
          42     2.44954    0.907951    0.914072   0.0013579
          42     2.47519    0.908912    0.902598  0.00139369
          42     2.50084    0.896266    0.893108  0.00141332
          42     2.52649    0.895619    0.890588  0.00168116
          42     2.55214    0.903349    0.891013  0.00166084
          43   0.0128248           0           0           0
          43   0.0384745           0           0           0
          43   0.0641241           0           0           0
          43   0.0897737           0           0           0
          43    0.115423           0           0           0
          43    0.141073           0           0           0
          43    0.166723           0           0           0
          43    0.192372           0           0           0
          43    0.218022           0           0           0
          43    0.243672           0           0           0
          43    0.269321           0           0           0
          43    0.294971           0           0           0
          43     0.32062           0           0           0
          43     0.34627           0           0           0
          43     0.37192           0           0           0
          43    0.397569           0           0           0
          43    0.423219           0           0           0
          43    0.448869           0           0           0
          43    0.474518           0           0           0
          43    0.500168           0           0           0
          43    0.525818           0           0           0
          43    0.551467           0           0           0
          43    0.577117           0           0           0
          43    0.602767           0           0           0
          43    0.628416           0           0           0
          43    0.654066           0           0           0
          43    0.679715           0           0           0
          43    0.705365           0           0           0
          43    0.731015           0           0           0
          43    0.756664           0           0           0
          43    0.782314           0           0           0
          43    0.807964           0           0           0
          43    0.833613           0           0           0
          43    0.859263           0 1.58333e-05 8.93962e-06
          43    0.884913  0.00018341  0.00119985 9.32822e-05
          43    0.910562   0.0202845   0.0238791 0.000437263
          43    0.936212    0.171843    0.164396  0.00109303
          43    0.961861    0.579279    0.569934  0.00175503
          43    0.987511     1.22087     1.20964  0.00279191
          43     1.01316      1.8888     1.86697  0.00493975
          43     1.03881     2.29297     2.33296  0.00453495
          43     1.06446     2.57523     2.55557  0.00411382
          43     1.09011     2.54472      2.5465  0.00425524
          43     1.11576     2.40921      2.4001  0.00479935
          43     1.14141     2.20563     2.20011  0.00361613
          43     1.16706     2.01808     1.97827  0.00341952
          43     1.19271     1.74353     1.75279  0.00346444
          43     1.21836     1.56188     1.56266  0.00323029
          43     1.24401     1.38079     1.39186  0.00372973
          43     1.26966     1.21625     1.24719  0.00289056
          43     1.29531     1.10563      1.1235  0.00254633
          43     1.32096     1.00476     1.01936  0.00239616
          43     1.34661    0.935627    0.935501  0.00271151
          43     1.37226    0.848433    0.867027  0.00224196
          43     1.39791    0.793197     0.81288  0.00221966
          43     1.42355    0.770308    0.765572  0.00197685
          43      1.4492    0.712925    0.730584  0.00214293
          43     1.47485    0.711303    0.709461   0.0021622
          43      1.5005    0.682415    0.690091  0.00206146
          43     1.52615     0.68306     0.67997  0.00187139
          43      1.5518    0.689976    0.672623  0.00193546
          43     1.57745     0.68102    0.672253  0.00160356
          43      1.6031    0.682517    0.675724  0.00189515
          43     1.62875    0.697552    0.684649   0.0018994
          43      1.6544    0.724925    0.700242  0.00202281
          43     1.68005     0.73971    0.726169  0.00169455
          43      1.7057    0.735591    0.751687  0.00174146
          43     1.73135    0.775807    0.782013  0.00198034
          43       1.757    0.827006    0.816356  0.00206646
          43     1.78265    0.873394    0.854887  0.00239763
          43      1.8083    0.896491    0.899387  0.00188459
          43     1.83395    0.954039    0.940665  0.00216357
          43      1.8596    0.988132    0.979695   0.0021249
          43     1.88525     1.00654     1.02148  0.00191205
          43      1.9109     1.06281     1.06219   0.0017778
          43     1.93655     1.10792     1.10128  0.00163609
          43      1.9622     1.12883     1.13355  0.00226984
          43     1.98785     1.15676       1.164  0.00219664
          43      2.0135      1.1859     1.18689  0.00201711
          43     2.03915     1.18421     1.20236  0.00186494
          43      2.0648     1.18827     1.21151  0.00170006
          43     2.09045     1.20017     1.21704  0.00173922
          43      2.1161     1.20954     1.20688  0.00218378
          43     2.14174     1.18502     1.19314  0.00171011
          43     2.16739     1.17688     1.17428  0.00188786
          43     2.19304     1.16314     1.14924  0.00195598
          43     2.21869      1.1157     1.12118  0.00194212
          43     2.24434     1.08487      1.0936  0.00186908
          43     2.26999     1.07885     1.06484  0.00207883
          43     2.29564     1.04826     1.03608  0.00196098
          43     2.32129     1.01619     1.01075  0.00182976
          43     2.34694    0.998621    0.984475   0.0018182
          43     2.37259    0.966873    0.959894   0.0014779
          43     2.39824    0.936566    0.939428  0.00144478
          43     2.42389    0.904044    0.923144  0.00160819
          43     2.44954     0.89879    0.913716  0.00137203
          43     2.47519     0.89287    0.902372  0.00137952
          43     2.50084    0.889758     0.89303   0.0013826
          43     2.52649    0.901695    0.890846  0.00166178
          43     2.55214    0.892992    0.891059  0.00162285
          44   0.0128248           0           0           0
          44   0.0384745           0           0           0
          44   0.0641241           0           0           0
          44   0.0897737           0           0           0
          44    0.115423           0           0           0
          44    0.141073           0           0           0
          44    0.166723           0           0           0
          44    0.192372           0           0           0
          44    0.218022           0           0           0
          44    0.243672           0           0           0
          44    0.269321           0           0           0
          44    0.294971           0           0           0
          44     0.32062           0           0           0
          44     0.34627           0           0           0
          44     0.37192           0           0           0
          44    0.397569           0           0           0
          44    0.423219           0           0           0
          44    0.448869           0           0           0
          44    0.474518           0           0           0
          44    0.500168           0           0           0
          44    0.525818           0           0           0
          44    0.551467           0           0           0
          44    0.577117           0           0           0
          44    0.602767           0           0           0
          44    0.628416           0           0           0
          44    0.654066           0           0           0
          44    0.679715           0           0           0
          44    0.705365           0           0           0
          44    0.731015           0           0           0
          44    0.756664           0           0           0
          44    0.782314           0           0           0
          44    0.807964           0           0           0
          44    0.833613           0           0           0
          44    0.859263           0 1.54734e-05 8.74369e-06
          44    0.884913   0.0013389  0.00120301 9.12157e-05
          44    0.910562   0.0222419   0.0238419 0.000428905
          44    0.936212     0.16696    0.164454  0.00106974
          44    0.961861    0.579326    0.570148  0.00172807
          44    0.987511     1.25352     1.21064  0.00290113
          44     1.01316     1.89157     1.86753  0.00485903
          44     1.03881     2.41555     2.33484  0.00480464
          44     1.06446     2.60068     2.55659  0.00414613
          44     1.09011     2.54178     2.54639  0.00415988
          44     1.11576      2.4103     2.40034  0.00469587
          44     1.14141     2.21317     2.20041   0.0035461
          44     1.16706     1.97184     1.97812  0.00334493
          44     1.19271     1.73686     1.75243  0.00340457
          44     1.21836     1.53812      1.5621  0.00320465
          44     1.24401     1.34915     1.39089  0.00376918
          44     1.26966     1.18704     1.24582  0.00313147
          44     1.29531     1.09322     1.12281  0.00257981
          44     1.32096    0.971268     1.01827  0.00257895
          44     1.34661    0.904823    0.934804  0.00273806
          44     1.37226    0.849318    0.866624  0.00222684
          44     1.39791    0.784194    0.812228  0.00226294
          44     1.42355    0.749265    0.765201  0.00196635
          44      1.4492     0.73961    0.730789  0.00210402
          44     1.47485    0.718011    0.709656  0.00212177
          44      1.5005    0.666403    0.689553  0.00208372
          44     1.52615    0.670936    0.679765  0.00184009
          44      1.5518    0.692857    0.673083  0.00194533
          44     1.57745    0.706584    0.673033  0.00174666
          44      1.6031     0.72568     0.67686  0.00216562
          44     1.62875    0.700308    0.685005  0.00188927
          44      1.6544    0.725665     0.70082   0.0020577
          44     1.68005     0.74256    0.726541  0.00169649
          44      1.7057    0.761928     0.75192  0.00171736
          44     1.73135    0.790857    0.782214   0.0019455
          44       1.757    0.837162    0.816829  0.00207289
          44     1.78265    0.867885    0.855182  0.00236127
          44      1.8083    0.912976    0.899696  0.00186689
          44     1.83395    0.944397     0.94075  0.00211606
          44      1.8596    0.984677    0.979808  0.00207962
          44     1.88525     1.02801     1.02163  0.00187436
          44      1.9109     1.05913     1.06212  0.00173876
          44     1.93655     1.09098     1.10104  0.00161555
          44      1.9622      1.1285     1.13343  0.00222115
          44     1.98785     1.15274     1.16374  0.00216155
          44      2.0135     1.18733      1.1869  0.00197129
          44     2.03915      1.1944     1.20218  0.00183132
          44      2.0648     1.20531     1.21137  0.00166725
          44     2.09045     1.20391     1.21674  0.00172512
          44      2.1161      1.2113     1.20698  0.00213646
          44     2.14174     1.18614     1.19298  0.00167862
          44     2.16739     1.15263     1.17379  0.00190799
          44     2.19304     1.14081     1.14905  0.00192088
          44     2.21869      1.1191     1.12113  0.00189856
          44     2.24434     1.07055     1.09308  0.00189856
          44     2.26999     1.04051     1.06429  0.00210384
          44     2.29564     1.00868     1.03546  0.00201283
          44     2.32129     0.99072     1.01029  0.00184393
          44     2.34694    0.978393    0.984336  0.00178213
          44     2.37259    0.963768    0.959982  0.00144693
          44     2.39824    0.940474    0.939451  0.00141214
          44     2.42389    0.938013    0.923482  0.00160676
          44     2.44954    0.923858    0.913947  0.00136007
          44     2.47519    0.910075    0.902547  0.00135923
          44     2.50084    0.896397    0.893107  0.00135329
          44     2.52649    0.898349    0.891017  0.00163274
          44     2.55214    0.896088    0.891173  0.00158998
          45   0.0128248           0           0           0
          45   0.0384745           0           0           0
          45   0.0641241           0           0           0
          45   0.0897737           0           0           0
          45    0.115423           0           0           0
          45    0.141073           0           0           0
          45    0.166723           0           0           0
          45    0.192372           0           0           0
          45    0.218022           0           0           0
          45    0.243672           0           0           0
          45    0.269321           0           0           0
          45    0.294971           0           0           0
          45     0.32062           0           0           0
          45     0.34627           0           0           0
          45     0.37192           0           0           0
          45    0.397569           0           0           0
          45    0.423219           0           0           0
          45    0.448869           0           0           0
          45    0.474518           0           0           0
          45    0.500168           0           0           0
          45    0.525818           0           0           0
          45    0.551467           0           0           0
          45    0.577117           0           0           0
          45    0.602767           0           0           0
          45    0.628416           0           0           0
          45    0.654066           0           0           0
          45    0.679715           0           0           0
          45    0.705365           0           0           0
          45    0.731015           0           0           0
          45    0.756664           0           0           0
          45    0.782314           0           0           0
          45    0.807964           0           0           0
          45    0.833613           0           0           0
          45    0.859263           0 1.51296e-05 8.55614e-06
          45    0.884913 0.000862029  0.00119543 8.95028e-05
          45    0.910562   0.0188467   0.0237309   0.0004335
          45    0.936212    0.158603    0.164324  0.00105384
          45    0.961861    0.579807    0.570362  0.00170295
          45    0.987511     1.20751     1.21057  0.00283749
          45     1.01316     1.88501     1.86792  0.00476655
          45     1.03881     2.35707     2.33533  0.00472319
          45     1.06446      2.5309     2.55602  0.00409311
          45     1.09011     2.44835     2.54421  0.00460272
          45     1.11576     2.37362     2.39974  0.00462889
          45     1.14141     2.19576      2.2003   0.0034688
          45     1.16706      2.0289     1.97925  0.00345566
          45     1.19271     1.78032     1.75305  0.00338488
          45     1.21836     1.57894     1.56248   0.0031552
          45     1.24401     1.42092     1.39156  0.00374402
          45     1.26966     1.24243     1.24575   0.0030628
          45     1.29531     1.12169     1.12279   0.0025226
          45     1.32096     1.02205     1.01835    0.002523
          45     1.34661    0.939041    0.934898  0.00267883
          45     1.37226     0.86243    0.866531   0.0021793
          45     1.39791    0.824913     0.81251  0.00223014
          45     1.42355     0.78617    0.765667  0.00197709
          45      1.4492    0.750915    0.731236  0.00210426
          45     1.47485    0.724231     0.70998   0.0020992
          45      1.5005    0.682932    0.689406   0.0020426
          45     1.52615    0.675574    0.679672  0.00180156
          45      1.5518    0.676198    0.673152  0.00190333
          45     1.57745    0.680483    0.673198  0.00171568
          45      1.6031    0.668858    0.676682  0.00212479
          45     1.62875    0.667038    0.684606  0.00188901
          45      1.6544    0.672103    0.700182  0.00210861
          45     1.68005    0.715351    0.726292  0.00167692
          45      1.7057    0.738814    0.751629  0.00170371
          45     1.73135     0.76413    0.781812  0.00194333
          45       1.757    0.803584    0.816534  0.00204762
          45     1.78265    0.858248    0.855251  0.00230978
          45      1.8083    0.895915    0.899612   0.0018273
          45     1.83395    0.925948    0.940421  0.00209444
          45      1.8596    0.982297    0.979863  0.00203414
          45     1.88525     1.03266     1.02187  0.00184868
          45      1.9109      1.0682     1.06226  0.00170536
          45     1.93655       1.103     1.10109  0.00158024
          45      1.9622     1.13898     1.13355  0.00217522
          45     1.98785     1.15713     1.16359   0.0021185
          45      2.0135     1.18003     1.18674  0.00193338
          45     2.03915     1.21335     1.20243  0.00180735
          45      2.0648     1.22152      1.2116  0.00164538
          45     2.09045     1.21372     1.21667  0.00168809
          45      2.1161     1.19938     1.20681  0.00209564
          45     2.14174     1.18254     1.19275  0.00165729
          45     2.16739     1.18656     1.17407  0.00188658
          45     2.19304     1.15929     1.14927  0.00189162
          45     2.21869     1.12755     1.12128  0.00186171
          45     2.24434     1.09437      1.0931  0.00185659
          45     2.26999     1.07426     1.06451  0.00206872
          45     2.29564     1.04364     1.03564   0.0019763
          45     2.32129      1.0098     1.01028  0.00180298
          45     2.34694    0.981087    0.984264  0.00174398
          45     2.37259    0.959663    0.959975   0.0014148
          45     2.39824    0.936198    0.939379  0.00138261
          45     2.42389    0.928136    0.923585  0.00157438
          45     2.44954    0.917392    0.914023    0.001332
          45     2.47519    0.892999    0.902335  0.00134548
          45     2.50084    0.892968    0.893104  0.00132322
          45     2.52649     0.88264    0.890831  0.00160703
          45     2.55214    0.887305    0.891087  0.00155697
          46   0.0128248           0           0           0
          46   0.0384745           0           0           0
          46   0.0641241           0           0           0
          46   0.0897737           0           0           0
          46    0.115423           0           0           0
          46    0.141073           0           0           0
          46    0.166723           0           0           0
          46    0.192372           0           0           0
          46    0.218022           0           0           0
          46    0.243672           0           0           0
          46    0.269321           0           0           0
          46    0.294971           0           0           0
          46     0.32062           0           0           0
          46     0.34627           0           0           0
          46     0.37192           0           0           0
          46    0.397569           0           0           0
          46    0.423219           0           0           0
          46    0.448869           0           0           0
          46    0.474518           0           0           0
          46    0.500168           0           0           0
          46    0.525818           0           0           0
          46    0.551467           0           0           0
          46    0.577117           0           0           0
          46    0.602767           0           0           0
          46    0.628416           0           0           0
          46    0.654066           0           0           0
          46    0.679715           0           0           0
          46    0.705365           0           0           0
          46    0.731015           0           0           0
          46    0.756664           0           0           0
          46    0.782314           0           0           0
          46    0.807964           0           0           0
          46    0.833613           0           0           0
          46    0.859263           0 1.48007e-05 8.37646e-06
          46    0.884913  0.00115549  0.00119456 8.75613e-05
          46    0.910562   0.0286858   0.0238386 0.000437255
          46    0.936212    0.171515    0.164481  0.00104246
          46    0.961861     0.56405    0.570225  0.00167145
          46    0.987511     1.18613     1.21004  0.00282511
          46     1.01316     1.87716     1.86812  0.00466717
          46     1.03881     2.34868     2.33562  0.00462942
          46     1.06446       2.581     2.55656  0.00403998
          46     1.09011     2.57437     2.54487   0.0045491
          46     1.11576     2.44544     2.40074  0.00463364
          46     1.14141     2.22699     2.20088  0.00344157
          46     1.16706     1.95129     1.97864  0.00343356
          46     1.19271     1.74697     1.75291  0.00331387
          46     1.21836     1.53035     1.56178  0.00316294
          46     1.24401     1.39164     1.39156  0.00366263
          46     1.26966     1.22114     1.24521  0.00304257
          46     1.29531     1.11837     1.12269  0.00246959
          46     1.32096     1.00882     1.01814  0.00247665
          46     1.34661    0.928482    0.934759  0.00262423
          46     1.37226    0.865694    0.866513    0.002132
          46     1.39791    0.787001    0.811955  0.00224954
          46     1.42355    0.777963    0.765935   0.0019521
          46      1.4492    0.757083    0.731798  0.00213222
          46     1.47485    0.716935    0.710131    0.002059
          46      1.5005    0.687544    0.689365   0.0019986
          46     1.52615    0.666311    0.679381  0.00178565
          46      1.5518    0.664377    0.672961  0.00187149
          46     1.57745    0.660956    0.672932   0.0016989
          46      1.6031    0.695634    0.677094  0.00211816
          46     1.62875    0.686567    0.684649  0.00184843
          46      1.6544    0.710075    0.700397  0.00207371
          46     1.68005    0.730632    0.726387  0.00164312
          46      1.7057    0.749473    0.751582  0.00166732
          46     1.73135    0.756564    0.781263  0.00197708
          46       1.757    0.807892    0.816347   0.0020117
          46     1.78265    0.859803     0.85535  0.00226168
          46      1.8083    0.903066    0.899687  0.00178912
          46     1.83395    0.943927    0.940497   0.0020503
          46      1.8596     0.96901    0.979627  0.00200356
          46     1.88525     1.02441     1.02193  0.00180931
          46      1.9109     1.07559     1.06255  0.00169276
          46     1.93655     1.10768     1.10123  0.00155237
          46      1.9622     1.14528     1.13381   0.0021428
          46     1.98785      1.1697     1.16373   0.0020766
          46      2.0135       1.176     1.18651  0.00190542
          46     2.03915     1.21924      1.2028  0.00180463
          46      2.0648     1.21206     1.21161  0.00160964
          46     2.09045     1.20274     1.21637  0.00167833
          46      2.1161     1.21254     1.20693  0.00205379
          46     2.14174     1.18652     1.19261   0.0016268
          46     2.16739     1.17252     1.17404  0.00184587
          46     2.19304     1.16086     1.14953   0.0018672
          46     2.21869     1.13441     1.12156  0.00184298
          46     2.24434      1.0959     1.09317  0.00181722
          46     2.26999     1.04073     1.06399  0.00208733
          46     2.29564     1.02951     1.03551  0.00193782
          46     2.32129    0.998994     1.01004  0.00178041
          46     2.34694    0.988907    0.984365  0.00170899
          46     2.37259     0.95645    0.959898  0.00138611
          46     2.39824    0.929778     0.93917  0.00136821
          46     2.42389    0.921291    0.923535  0.00154094
          46     2.44954    0.914828    0.914041  0.00130316
          46     2.47519    0.916447    0.902642  0.00135076
          46     2.50084    0.903702    0.893334  0.00131436
          46     2.52649    0.889368    0.890799  0.00157241
          46     2.55214    0.883732    0.890928  0.00153132
          47   0.0128248           0           0           0
          47   0.0384745           0           0           0
          47   0.0641241           0           0           0
          47   0.0897737           0           0           0
          47    0.115423           0           0           0
          47    0.141073           0           0           0
          47    0.166723           0           0           0
          47    0.192372           0           0           0
          47    0.218022           0           0           0
          47    0.243672           0           0           0
          47    0.269321           0           0           0
          47    0.294971           0           0           0
          47     0.32062           0           0           0
          47     0.34627           0           0           0
          47     0.37192           0           0           0
          47    0.397569           0           0           0
          47    0.423219           0           0           0
          47    0.448869           0           0           0
          47    0.474518           0           0           0
          47    0.500168           0           0           0
          47    0.525818           0           0           0
          47    0.551467           0           0           0
          47    0.577117           0           0           0
          47    0.602767           0           0           0
          47    0.628416           0           0           0
          47    0.654066           0           0           0
          47    0.679715           0           0           0
          47    0.705365           0           0           0
          47    0.731015           0           0           0
          47    0.756664           0           0           0
          47    0.782314           0           0           0
          47    0.807964           0           0           0
          47    0.833613           0           0           0
          47    0.859263           0 1.44857e-05 8.20416e-06
          47    0.884913   0.0010271    0.001191 8.57708e-05
          47    0.910562    0.022034   0.0238002 0.000429634
          47    0.936212    0.167484    0.164544  0.00102224
          47    0.961861    0.567372    0.570164  0.00163699
          47    0.987511     1.19174     1.20965   0.0027917
          47     1.01316     1.86195     1.86799  0.00456971
          47     1.03881     2.34208     2.33576  0.00453296
          47     1.06446     2.54599     2.55634  0.00396029
          47     1.09011     2.53298     2.54462  0.00445933
          47     1.11576     2.42923     2.40134  0.00457454
          47     1.14141     2.22298     2.20135   0.0034003
          47     1.16706     1.96988     1.97846  0.00336556
          47     1.19271     1.77417     1.75337  0.00327408
          47     1.21836     1.57577     1.56208  0.00310963
          47     1.24401     1.42015     1.39217  0.00363485
          47     1.26966      1.2641     1.24562  0.00300427
          47     1.29531     1.08984     1.12199  0.00251405
          47     1.32096    0.972519     1.01717  0.00260725
          47     1.34661    0.914376    0.934325  0.00260398
          47     1.37226    0.857533    0.866322  0.00209519
          47     1.39791    0.832557    0.812394  0.00224398
          47     1.42355    0.770124    0.766024   0.0019126
          47      1.4492    0.716987    0.731483  0.00211001
          47     1.47485    0.701497    0.709947  0.00202337
          47      1.5005    0.677803    0.689119  0.00197116
          47     1.52615    0.682856    0.679455  0.00174919
          47      1.5518    0.675083    0.673006  0.00183222
          47     1.57745    0.660477    0.672667  0.00168329
          47      1.6031     0.67077    0.676959  0.00207737
          47     1.62875     0.70425    0.685066  0.00185555
          47      1.6544    0.704722    0.700489  0.00203163
          47     1.68005    0.718567     0.72622  0.00161656
          47      1.7057    0.747839    0.751502  0.00163375
          47     1.73135    0.779999    0.781236   0.0019352
          47       1.757    0.832887    0.816698  0.00199945
          47     1.78265    0.874628     0.85576  0.00225045
          47      1.8083    0.920438    0.900128  0.00180471
          47     1.83395    0.960637    0.940926  0.00205096
          47      1.8596     1.00608     0.98019  0.00203847
          47     1.88525     1.03037     1.02211  0.00177971
          47      1.9109     1.06087     1.06251  0.00165712
          47     1.93655     1.09321     1.10106  0.00152869
          47      1.9622     1.10438     1.13318  0.00218681
          47     1.98785     1.15662     1.16358  0.00203792
          47      2.0135     1.15778      1.1859  0.00196049
          47     2.03915     1.17886     1.20229  0.00183667
          47      2.0648     1.20796     1.21153  0.00157727
          47     2.09045     1.21208     1.21628   0.0016451
          47      2.1161     1.20309     1.20685  0.00201172
          47     2.14174     1.19379     1.19264  0.00159238
          47     2.16739     1.16683     1.17389  0.00181295
          47     2.19304      1.1543     1.14963  0.00183023
          47     2.21869     1.11096     1.12134  0.00181754
          47     2.24434     1.10175     1.09335  0.00178772
          47     2.26999     1.06711     1.06406  0.00204397
          47     2.29564     1.04748     1.03576  0.00191326
          47     2.32129     1.02892     1.01044  0.00178729
          47     2.34694    0.991859    0.984525  0.00168005
          47     2.37259     0.97464    0.960212  0.00139166
          47     2.39824    0.940921    0.939208  0.00133961
          47     2.42389    0.925178     0.92357  0.00150855
          47     2.44954    0.916475    0.914093  0.00127646
          47     2.47519    0.897127    0.902524   0.0013271
          47     2.50084    0.903753    0.893556  0.00130496
          47     2.52649    0.883565    0.890645  0.00154647
          47     2.55214    0.892593    0.890963  0.00149914
          48   0.0128248           0           0           0
          48   0.0384745           0           0           0
          48   0.0641241           0           0           0
          48   0.0897737           0           0           0
          48    0.115423           0           0           0
          48    0.141073           0           0           0
          48    0.166723           0           0           0
          48    0.192372           0           0           0
          48    0.218022           0           0           0
          48    0.243672           0           0           0
          48    0.269321           0           0           0
          48    0.294971           0           0           0
          48     0.32062           0           0           0
          48     0.34627           0           0           0
          48     0.37192           0           0           0
          48    0.397569           0           0           0
          48    0.423219           0           0           0
          48    0.448869           0           0           0
          48    0.474518           0           0           0
          48    0.500168           0           0           0
          48    0.525818           0           0           0
          48    0.551467           0           0           0
          48    0.577117           0           0           0
          48    0.602767           0           0           0
          48    0.628416           0           0           0
          48    0.654066           0           0           0
          48    0.679715           0           0           0
          48    0.705365           0           0           0
          48    0.731015           0           0           0
          48    0.756664           0           0           0
          48    0.782314           0           0           0
          48    0.807964           0           0           0
          48    0.833613           0           0           0
          48    0.859263           0  1.4184e-05 8.03878e-06
          48    0.884913  0.00034848  0.00117344 8.57611e-05
          48    0.910562   0.0217569   0.0237576 0.000422787
          48    0.936212    0.151606    0.164275  0.00103587
          48    0.961861    0.559889     0.56995  0.00161682
          48    0.987511     1.19694     1.20938  0.00274607
          48     1.01316     1.87752     1.86819  0.00447882
          48     1.03881     2.34763     2.33601  0.00444526
          48     1.06446     2.53383     2.55587  0.00390545
          48     1.09011     2.50297     2.54375  0.00445003
          48     1.11576     2.35484     2.40037  0.00458067
          48     1.14141      2.1849     2.20101  0.00334669
          48     1.16706     1.95011     1.97787  0.00334684
          48     1.19271      1.7885      1.7541  0.00328667
          48     1.21836     1.62278     1.56334  0.00329196
          48     1.24401     1.43141     1.39299  0.00364989
          48     1.26966     1.25567     1.24582  0.00294896
          48     1.29531     1.13308     1.12223  0.00247225
          48     1.32096       1.046     1.01777  0.00262119
          48     1.34661    0.941718    0.934479  0.00255428
          48     1.37226    0.867586    0.866348   0.0020517
          48     1.39791    0.821532    0.812584  0.00220529
          48     1.42355    0.759734    0.765893  0.00187724
          48      1.4492    0.738324    0.731626  0.00207086
          48     1.47485    0.722052    0.710199  0.00199687
          48      1.5005    0.695276    0.689247  0.00193426
          48     1.52615    0.678528    0.679436  0.00171285
          48      1.5518    0.676735    0.673084  0.00179569
          48     1.57745    0.680379    0.672828  0.00165587
          48      1.6031     0.68401    0.677106  0.00203927
          48     1.62875    0.676312    0.684883  0.00182583
          48      1.6544    0.671531    0.699886  0.00207695
          48     1.68005    0.696635    0.725604  0.00169632
          48      1.7057    0.733922    0.751136  0.00164025
          48     1.73135     0.75228    0.780633  0.00198668
          48       1.757     0.81027    0.816565  0.00196227
          48     1.78265    0.827487    0.855171  0.00227935
          48      1.8083    0.877168     0.89965   0.0018294
          48     1.83395    0.942488    0.940958  0.00200849
          48      1.8596     0.99543    0.980508  0.00202057
          48     1.88525     1.05073      1.0227  0.00183986
          48      1.9109     1.08059     1.06289  0.00166487
          48     1.93655     1.13793     1.10183  0.00167881
          48      1.9622     1.13459     1.13321  0.00214145
          48     1.98785     1.16002      1.1635  0.00199681
          48      2.0135     1.18456     1.18587  0.00191985
          48     2.03915     1.19143     1.20206  0.00181229
          48      2.0648      1.2094     1.21149  0.00154503
          48     2.09045     1.20983     1.21615   0.0016163
          48      2.1161     1.21903     1.20711  0.00198576
          48     2.14174     1.19184     1.19262  0.00155929
          48     2.16739     1.17999     1.17401  0.00177963
          48     2.19304     1.13876      1.1494  0.00180605
          48     2.21869      1.1402     1.12173  0.00182168
          48     2.24434     1.09834     1.09345   0.0017535
          48     2.26999     1.06381     1.06405  0.00200139
          48     2.29564      1.0333     1.03571  0.00187408
          48     2.32129      1.0155     1.01054  0.00175316
          48     2.34694    0.973705    0.984299   0.0016601
          48     2.37259    0.969037    0.960396  0.00137476
          48     2.39824    0.946682    0.939363  0.00132072
          48     2.42389    0.915209    0.923396  0.00148715
          48     2.44954    0.898469    0.913767   0.0012907
          48     2.47519    0.884613    0.902151   0.0013509
          48     2.50084    0.874152    0.893152  0.00133892
          48     2.52649    0.877742    0.890376  0.00153744
          48     2.55214    0.894762    0.891042     0.00147
          49   0.0128248           0           0           0
          49   0.0384745           0           0           0
          49   0.0641241           0           0           0
          49   0.0897737           0           0           0
          49    0.115423           0           0           0
          49    0.141073           0           0           0
          49    0.166723           0           0           0
          49    0.192372           0           0           0
          49    0.218022           0           0           0
          49    0.243672           0           0           0
          49    0.269321           0           0           0
          49    0.294971           0           0           0
          49     0.32062           0           0           0
          49     0.34627           0           0           0
          49     0.37192           0           0           0
          49    0.397569           0           0           0
          49    0.423219           0           0           0
          49    0.448869           0           0           0
          49    0.474518           0           0           0
          49    0.500168           0           0           0
          49    0.525818           0           0           0
          49    0.551467           0           0           0
          49    0.577117           0           0           0
          49    0.602767           0           0           0
          49    0.628416           0           0           0
          49    0.654066           0           0           0
          49    0.679715           0           0           0
          49    0.705365           0           0           0
          49    0.731015           0           0           0
          49    0.756664           0           0           0
          49    0.782314           0           0           0
          49    0.807964           0           0           0
          49    0.833613           0           0           0
          49    0.859263           0 1.38945e-05 7.87994e-06
          49    0.884913 0.000862029  0.00116709  8.4246e-05
          49    0.910562   0.0206656   0.0236945 0.000418841
          49    0.936212    0.164371    0.164277  0.00101474
          49    0.961861    0.559548    0.569738   0.0015977
          49    0.987511     1.22648     1.20973  0.00271211
          49     1.01316     1.88543     1.86854  0.00440122
          49     1.03881     2.33558       2.336  0.00435455
          49     1.06446     2.54716     2.55569  0.00382978
          49     1.09011       2.566      2.5442  0.00438233
          49     1.11576     2.41783     2.40073  0.00450103
          49     1.14141     2.19739     2.20094  0.00327921
          49     1.16706     1.98351     1.97798  0.00328052
          49     1.19271     1.75113     1.75404  0.00322015
          49     1.21836     1.53399     1.56274  0.00327881
          49     1.24401     1.41143     1.39336  0.00359476
          49     1.26966     1.23463      1.2456  0.00289762
          49     1.29531     1.11074     1.12199  0.00243288
          49     1.32096     1.00983     1.01761   0.0025727
          49     1.34661    0.916958    0.934122  0.00252706
          49     1.37226    0.846519    0.865943  0.00204935
          49     1.39791    0.797424    0.812275  0.00218188
          49     1.42355    0.765772     0.76589  0.00183893
          49      1.4492    0.739774    0.731792  0.00203526
          49     1.47485    0.704191    0.710077  0.00195988
          49      1.5005    0.696239     0.68939  0.00190004
          49     1.52615     0.68475    0.679544  0.00168133
          49      1.5518    0.661842    0.672855  0.00177364
          49     1.57745    0.687681    0.673131  0.00164959
          49      1.6031     0.70978    0.677773  0.00210385
          49     1.62875    0.702609    0.685245  0.00182405
          49      1.6544    0.723708    0.700372  0.00209069
          49     1.68005    0.725187    0.725596  0.00166172
          49      1.7057    0.761676    0.751351  0.00162082
          49     1.73135    0.779027      0.7806  0.00194641
          49       1.757    0.809786    0.816426   0.0019271
          49     1.78265    0.842068    0.854903  0.00224846
          49      1.8083    0.893008    0.899515  0.00179708
          49     1.83395    0.928297      0.9407  0.00198405
          49      1.8596    0.958718    0.980063  0.00202768
          49     1.88525    0.999702     1.02223  0.00186123
          49      1.9109     1.04089     1.06244  0.00169031
          49     1.93655     1.08569      1.1015  0.00167653
          49      1.9622     1.14914     1.13354  0.00212226
          49     1.98785     1.17062     1.16365  0.00196133
          49      2.0135     1.19011     1.18596  0.00188262
          49     2.03915      1.2131     1.20229  0.00178925
          49      2.0648     1.22816     1.21183  0.00155051
          49     2.09045     1.23169     1.21646  0.00161412
          49      2.1161     1.23996     1.20778  0.00205533
          49     2.14174      1.2137     1.19305  0.00158569
          49     2.16739     1.16954     1.17392  0.00174565
          49     2.19304     1.14618     1.14934  0.00177039
          49     2.21869     1.12665     1.12183  0.00178727
          49     2.24434     1.09772     1.09354  0.00171987
          49     2.26999      1.0628     1.06403  0.00196071
          49     2.29564     1.04848     1.03597  0.00185387
          49     2.32129    0.998823     1.01031  0.00173363
          49     2.34694    0.964909    0.983904  0.00167272
          49     2.37259    0.955922    0.960304  0.00134973
          49     2.39824    0.925161    0.939074  0.00132519
          49     2.42389    0.905205    0.923025  0.00150242
          49     2.44954     0.89524    0.913389  0.00131858
          49     2.47519    0.894726       0.902   0.0013318
          49     2.50084    0.880133    0.892886  0.00133769
          49     2.52649     0.88165    0.890198  0.00151634
          49     2.55214    0.899111    0.891207  0.00144919
          50   0.0128248           0           0           0
          50   0.0384745           0           0           0
          50   0.0641241           0           0           0
          50   0.0897737           0           0           0
          50    0.115423           0           0           0
          50    0.141073           0           0           0
          50    0.166723           0           0           0
          50    0.192372           0           0           0
          50    0.218022           0           0           0
          50    0.243672           0           0           0
          50    0.269321           0           0           0
          50    0.294971           0           0           0
          50     0.32062           0           0           0
          50     0.34627           0           0           0
          50     0.37192           0           0           0
          50    0.397569           0           0           0
          50    0.423219           0           0           0
          50    0.448869           0           0           0
          50    0.474518           0           0           0
          50    0.500168           0           0           0
          50    0.525818           0           0           0
          50    0.551467           0           0           0
          50    0.577117           0           0           0
          50    0.602767           0           0           0
          50    0.628416           0           0           0
          50    0.654066           0           0           0
          50    0.679715           0           0           0
          50    0.705365           0           0           0
          50    0.731015           0           0           0
          50    0.756664           0           0           0
          50    0.782314           0           0           0
          50    0.807964           0           0           0
          50    0.833613           0           0           0
          50    0.859263           0 1.36166e-05 7.72724e-06
          50    0.884913   0.0020542  0.00118483 8.44087e-05
          50    0.910562    0.029933   0.0238193 0.000428646
          50    0.936212    0.167681    0.164345 0.000996722
          50    0.961861    0.550234    0.569348  0.00161267
          50    0.987511     1.18358     1.20921  0.00270783
          50     1.01316     1.81998     1.86757  0.00441906
          50     1.03881     2.31562     2.33559  0.00428649
          50     1.06446     2.55187     2.55562  0.00375395
          50     1.09011     2.55128     2.54434  0.00429696
          50     1.11576     2.42092     2.40113  0.00442909
          50     1.14141     2.24719     2.20186  0.00334154
          50     1.16706     2.01678     1.97876  0.00330541
          50     1.19271     1.77045     1.75437  0.00317243
          50     1.21836     1.57064      1.5629  0.00321704
          50     1.24401     1.36197     1.39273  0.00357726
          50     1.26966     1.25825     1.24585   0.0028507
          50     1.29531     1.11276     1.12181  0.00239121
          50     1.32096     1.00992     1.01746  0.00252584
          50     1.34661    0.931587    0.934071  0.00247703
          50     1.37226    0.885556    0.866336  0.00204556
          50     1.39791    0.827603    0.812581  0.00215967
          50     1.42355    0.780075    0.766174   0.0018239
          50      1.4492    0.744787    0.732052  0.00201108
          50     1.47485    0.694491    0.709765  0.00194531
          50      1.5005    0.673267    0.689068   0.0018892
          50     1.52615    0.686149    0.679677  0.00165288
          50      1.5518    0.660279    0.672603  0.00175591
          50     1.57745    0.657423    0.672817  0.00164624
          50      1.6031    0.682227    0.677862  0.00206366
          50     1.62875    0.674309    0.685026  0.00180064
          50      1.6544    0.704701    0.700459  0.00205067
          50     1.68005    0.733578    0.725755  0.00163614
          50      1.7057    0.763923    0.751602  0.00160779
          50     1.73135    0.783909    0.780666   0.0019086
          50       1.757    0.810498    0.816308   0.0018922
          50     1.78265    0.840802    0.854621  0.00222111
          50      1.8083    0.879646    0.899117  0.00180454
          50     1.83395    0.911753    0.940121  0.00202708
          50      1.8596    0.973329    0.979928   0.0019916
          50     1.88525     1.01804     1.02215  0.00182589
          50      1.9109     1.04313     1.06205  0.00170002
          50     1.93655     1.08225     1.10111   0.0016866
          50      1.9622     1.12996     1.13347  0.00208102
          50     1.98785     1.14252     1.16322   0.0019671
          50      2.0135     1.19511     1.18614  0.00185383
          50     2.03915     1.20778      1.2024  0.00175683
          50      2.0648     1.23362     1.21226  0.00157956
          50     2.09045     1.22592     1.21665  0.00159289
          50      2.1161     1.21834     1.20799  0.00202507
          50     2.14174     1.21937     1.19358  0.00163899
          50     2.16739     1.18388     1.17412  0.00172207
          50     2.19304     1.17705     1.14989   0.0018197
          50     2.21869     1.16166     1.12263  0.00192089
          50     2.24434     1.12003     1.09407  0.00176517
          50     2.26999     1.07017     1.06415  0.00192535
          50     2.29564     1.04439     1.03614  0.00182442
          50     2.32129     1.00766     1.01025  0.00169976
          50     2.34694    0.971376    0.983653  0.00165792
          50     2.37259    0.946392    0.960026  0.00135111
          50     2.39824    0.934398     0.93898  0.00130198
          50     2.42389     0.92077     0.92298  0.00147305
          50     2.44954    0.909095    0.913303    0.001295
          50     2.47519    0.897486    0.901909  0.00130822
          50     2.50084    0.882037    0.892669  0.00132842
          50     2.52649    0.877915    0.889952  0.00150578
          50     2.55214    0.889971    0.891182  0.00142042
          51   0.0128248           0           0           0
          51   0.0384745           0           0           0
          51   0.0641241           0           0           0
          51   0.0897737           0           0           0
          51    0.115423           0           0           0
          51    0.141073           0           0           0
          51    0.166723           0           0           0
          51    0.192372           0           0           0
          51    0.218022           0           0           0
          51    0.243672           0           0           0
          51    0.269321           0           0           0
          51    0.294971           0           0           0
          51     0.32062           0           0           0
          51     0.34627           0           0           0
          51     0.37192           0           0           0
          51    0.397569           0           0           0
          51    0.423219           0           0           0
          51    0.448869           0           0           0
          51    0.474518           0           0           0
          51    0.500168           0           0           0
          51    0.525818           0           0           0
          51    0.551467           0           0           0
          51    0.577117           0           0           0
          51    0.602767           0           0           0
          51    0.628416           0           0           0
          51    0.654066           0           0           0
          51    0.679715           0           0           0
          51    0.705365           0           0           0
          51    0.731015           0           0           0
          51    0.756664           0           0           0
          51    0.782314           0           0           0
          51    0.807964           0           0           0
          51    0.833613           0           0           0
          51    0.859263           0 1.33496e-05 7.58033e-06
          51    0.884913  0.00190747    0.001199 8.39344e-05
          51    0.910562   0.0282874   0.0239069 0.000429101
          51    0.936212    0.170565    0.164467 0.000984611
          51    0.961861    0.569887    0.569359  0.00158108
          51    0.987511     1.19418     1.20891  0.00267072
          51     1.01316     1.83162     1.86686  0.00438827
          51     1.03881     2.36709     2.33621   0.0042467
          51     1.06446     2.56159     2.55573  0.00368217
          51     1.09011     2.57873     2.54502  0.00426527
          51     1.11576     2.42598     2.40162  0.00436895
          51     1.14141     2.20541     2.20193  0.00327674
          51     1.16706     2.00126      1.9792  0.00326991
          51     1.19271     1.74938     1.75427  0.00311173
          51     1.21836       1.575     1.56314   0.0031627
          51     1.24401      1.3905     1.39269  0.00350739
          51     1.26966     1.26383      1.2462  0.00281651
          51     1.29531     1.11823     1.12174  0.00234535
          51     1.32096      1.0111     1.01733  0.00247939
          51     1.34661    0.928863    0.933969  0.00243056
          51     1.37226    0.849356    0.866003  0.00203236
          51     1.39791    0.801385    0.812362  0.00212845
          51     1.42355     0.74799    0.765817  0.00182266
          51      1.4492    0.717261    0.731762  0.00199245
          51     1.47485    0.702501    0.709622  0.00191238
          51      1.5005    0.673911     0.68877  0.00187539
          51     1.52615    0.661588    0.679322  0.00165809
          51      1.5518    0.669667    0.672546  0.00172243
          51     1.57745    0.674999     0.67286  0.00161452
          51      1.6031    0.676101    0.677828  0.00202348
          51     1.62875     0.67426    0.684815  0.00177766
          51      1.6544     0.72036    0.700849  0.00204725
          51     1.68005    0.723416    0.725709   0.0016047
          51      1.7057    0.747004    0.751512  0.00157879
          51     1.73135    0.792659    0.780901  0.00188561
          51       1.757    0.817877    0.816338  0.00185535
          51     1.78265    0.882994    0.855178  0.00224615
          51      1.8083    0.920135    0.899529  0.00181561
          51     1.83395    0.952968    0.940373  0.00200292
          51      1.8596    0.978318    0.979897   0.0019528
          51     1.88525     1.02228     1.02215  0.00179009
          51      1.9109     1.06795     1.06217  0.00167061
          51     1.93655     1.09563     1.10101  0.00165695
          51      1.9622     1.13601     1.13352  0.00204082
          51     1.98785     1.15135     1.16299  0.00194225
          51      2.0135     1.19914      1.1864  0.00183492
          51     2.03915     1.20482     1.20244  0.00172303
          51      2.0648     1.21769     1.21237  0.00155217
          51     2.09045     1.20703     1.21646  0.00157278
          51      2.1161     1.19985     1.20783  0.00199163
          51     2.14174     1.18751     1.19346  0.00161117
          51     2.16739      1.1837     1.17431  0.00169853
          51     2.19304     1.15443     1.14998   0.0017862
          51     2.21869     1.10167     1.12222  0.00192669
          51     2.24434      1.0905       1.094  0.00173194
          51     2.26999     1.05182     1.06391  0.00190271
          51     2.29564     1.02035     1.03583  0.00181472
          51     2.32129     1.00572     1.01016  0.00166876
          51     2.34694    0.980135    0.983584  0.00162685
          51     2.37259    0.973898    0.960298  0.00135172
          51     2.39824    0.943019    0.939059  0.00127886
          51     2.42389    0.922624    0.922973  0.00144418
          51     2.44954    0.921167    0.913457  0.00127876
          51     2.47519    0.904901    0.901968  0.00128389
          51     2.50084    0.886529    0.892549  0.00130782
          51     2.52649    0.883626    0.889828  0.00148136
          51     2.55214    0.894857    0.891254   0.0013944
          52   0.0128248           0           0           0
          52   0.0384745           0           0           0
          52   0.0641241           0           0           0
          52   0.0897737           0           0           0
          52    0.115423           0           0           0
          52    0.141073           0           0           0
          52    0.166723           0           0           0
          52    0.192372           0           0           0
          52    0.218022           0           0           0
          52    0.243672           0           0           0
          52    0.269321           0           0           0
          52    0.294971           0           0           0
          52     0.32062           0           0           0
          52     0.34627           0           0           0
          52     0.37192           0           0           0
          52    0.397569           0           0           0
          52    0.423219           0           0           0
          52    0.448869           0           0           0
          52    0.474518           0           0           0
          52    0.500168           0           0           0
          52    0.525818           0           0           0
          52    0.551467           0           0           0
          52    0.577117           0           0           0
          52    0.602767           0           0           0
          52    0.628416           0           0           0
          52    0.654066           0           0           0
          52    0.679715           0           0           0
          52    0.705365           0           0           0
          52    0.731015           0           0           0
          52    0.756664           0           0           0
          52    0.782314           0           0           0
          52    0.807964           0           0           0
          52    0.833613           0           0           0
          52    0.859263           0 1.30929e-05  7.4389e-06
          52    0.884913  0.00199917  0.00121439  8.3719e-05
          52    0.910562   0.0266418   0.0239595  0.00042406
          52    0.936212    0.176267    0.164694 0.000991481
          52    0.961861    0.593934    0.569831  0.00161977
          52    0.987511     1.20202     1.20878  0.00262265
          52     1.01316     1.87337     1.86699  0.00430567
          52     1.03881     2.31897     2.33588  0.00417794
          52     1.06446     2.53342      2.5553  0.00363627
          52     1.09011      2.5253     2.54464  0.00420008
          52     1.11576     2.40533     2.40169  0.00428551
          52     1.14141     2.21931     2.20227  0.00323072
          52     1.16706     2.00287     1.97965  0.00323856
          52     1.19271     1.73738     1.75394  0.00306879
          52     1.21836     1.51525     1.56222  0.00323317
          52     1.24401     1.34983     1.39187  0.00353544
          52     1.26966     1.23783     1.24604  0.00276695
          52     1.29531     1.11149     1.12154  0.00230852
          52     1.32096     1.02806     1.01754  0.00244027
          52     1.34661    0.973915    0.934737  0.00250228
          52     1.37226    0.904189    0.866737   0.0021218
          52     1.39791     0.83901    0.812874  0.00214833
          52     1.42355     0.77909    0.766073  0.00180539
          52      1.4492    0.731752    0.731762  0.00195414
          52     1.47485    0.712828    0.709684  0.00187659
          52      1.5005    0.705061    0.689084  0.00186531
          52     1.52615    0.686143    0.679453  0.00163139
          52      1.5518    0.664991      0.6724  0.00169542
          52     1.57745    0.654508    0.672507  0.00162158
          52      1.6031    0.667466    0.677628  0.00199436
          52     1.62875    0.681737    0.684756  0.00174446
          52      1.6544    0.695869    0.700753  0.00201012
          52     1.68005    0.727767    0.725749  0.00157433
          52      1.7057     0.74341    0.751356   0.0015561
          52     1.73135    0.768514    0.780663  0.00186433
          52       1.757    0.833357    0.816666   0.0018483
          52     1.78265    0.865322    0.855373  0.00221141
          52      1.8083    0.880054    0.899155  0.00181891
          52     1.83395    0.934775    0.940265  0.00196729
          52      1.8596    0.964458      0.9796  0.00193768
          52     1.88525     1.00706     1.02186  0.00177904
          52      1.9109     1.05389     1.06201  0.00164605
          52     1.93655     1.08303     1.10066  0.00166075
          52      1.9622     1.12924     1.13343  0.00200323
          52     1.98785     1.16014     1.16294  0.00190567
          52      2.0135      1.1958     1.18658  0.00180853
          52     2.03915     1.21795     1.20274  0.00171551
          52      2.0648     1.22361     1.21259  0.00153729
          52     2.09045     1.23339     1.21679  0.00157587
          52      2.1161     1.20963     1.20786  0.00195363
          52     2.14174     1.20231     1.19363  0.00158915
          52     2.16739     1.16686     1.17417   0.0016719
          52     2.19304     1.15345     1.15005   0.0017531
          52     2.21869     1.12113      1.1222  0.00188975
          52     2.24434     1.07414     1.09362  0.00174021
          52     2.26999     1.06574     1.06394  0.00186644
          52     2.29564     1.05691     1.03623  0.00182456
          52     2.32129     1.01854     1.01032  0.00164442
          52     2.34694    0.985838    0.983627  0.00159614
          52     2.37259    0.961709    0.960325    0.001326
          52     2.39824    0.935394    0.938989  0.00125621
          52     2.42389    0.934761    0.923199  0.00143409
          52     2.44954     0.91901    0.913564  0.00125862
          52     2.47519    0.895045    0.901835  0.00126608
          52     2.50084    0.896523    0.892625   0.0012849
          52     2.52649    0.887895    0.889791  0.00145334
          52     2.55214    0.891384    0.891257  0.00136758
          53   0.0128248           0           0           0
          53   0.0384745           0           0           0
          53   0.0641241           0           0           0
          53   0.0897737           0           0           0
          53    0.115423           0           0           0
          53    0.141073           0           0           0
          53    0.166723           0           0           0
          53    0.192372           0           0           0
          53    0.218022           0           0           0
          53    0.243672           0           0           0
          53    0.269321           0           0           0
          53    0.294971           0           0           0
          53     0.32062           0           0           0
          53     0.34627           0           0           0
          53     0.37192           0           0           0
          53    0.397569           0           0           0
          53    0.423219           0           0           0
          53    0.448869           0           0           0
          53    0.474518           0           0           0
          53    0.500168           0           0           0
          53    0.525818           0           0           0
          53    0.551467           0           0           0
          53    0.577117           0           0           0
          53    0.602767           0           0           0
          53    0.628416           0           0           0
          53    0.654066           0           0           0
          53    0.679715           0           0           0
          53    0.705365           0           0           0
          53    0.731015           0           0           0
          53    0.756664           0           0           0
          53    0.782314           0           0           0
          53    0.807964           0           0           0
          53    0.833613           0           0           0
          53    0.859263           0 1.28459e-05 7.30265e-06
          53    0.884913  0.00124719  0.00121501 8.21417e-05
          53    0.910562   0.0279063    0.024034 0.000422547
          53    0.936212    0.186459    0.165105   0.0010544
          53    0.961861    0.595424    0.570314  0.00165962
          53    0.987511      1.1894     1.20842  0.00259854
          53     1.01316     1.86656     1.86698  0.00422444
          53     1.03881     2.33918     2.33594  0.00409958
          53     1.06446     2.52939     2.55481  0.00360037
          53     1.09011     2.55671     2.54487    0.004127
          53     1.11576     2.38339     2.40135  0.00421854
          53     1.14141     2.18024     2.20185  0.00319639
          53     1.16706       2.005     1.98013  0.00321257
          53     1.19271      1.7318     1.75353   0.0030392
          53     1.21836     1.56233     1.56222  0.00317217
          53     1.24401     1.37573     1.39156  0.00348182
          53     1.26966     1.20645     1.24529  0.00281378
          53     1.29531     1.09878     1.12111  0.00230454
          53     1.32096     1.03111     1.01779  0.00240762
          53     1.34661     0.95805    0.935177  0.00249343
          53     1.37226     0.86008    0.866611  0.00208548
          53     1.39791    0.809301    0.812807  0.00210885
          53     1.42355    0.794363    0.766606  0.00184855
          53      1.4492    0.757535    0.732248  0.00197685
          53     1.47485    0.708892    0.709669  0.00184125
          53      1.5005     0.68186    0.688947  0.00183509
          53     1.52615    0.679755    0.679459  0.00160061
          53      1.5518    0.677701      0.6725  0.00166638
          53     1.57745    0.696858    0.672966   0.0016548
          53      1.6031     0.69417     0.67794    0.001981
          53     1.62875    0.688397    0.684825   0.0017129
          53      1.6544    0.701274    0.700763  0.00197222
          53     1.68005    0.729192    0.725814  0.00154597
          53      1.7057    0.741436    0.751169  0.00153795
          53     1.73135    0.766065    0.780388  0.00184939
          53       1.757    0.798485    0.816323  0.00184499
          53     1.78265    0.841543    0.855112  0.00218502
          53      1.8083    0.893952    0.899057  0.00178724
          53     1.83395    0.949765    0.940445  0.00193832
          53      1.8596    0.986205    0.979724  0.00190513
          53     1.88525     1.02483     1.02192  0.00174635
          53      1.9109     1.06115     1.06199  0.00161507
          53     1.93655     1.10574     1.10076  0.00163218
          53      1.9622     1.15385     1.13382  0.00200212
          53     1.98785        1.18     1.16326  0.00189672
          53      2.0135     1.19308      1.1867  0.00177857
          53     2.03915     1.19183     1.20254  0.00169545
          53      2.0648     1.19579     1.21227  0.00154059
          53     2.09045     1.19654     1.21641  0.00159178
          53      2.1161     1.20025     1.20772  0.00192204
          53     2.14174     1.18707     1.19351  0.00156398
          53     2.16739      1.1765     1.17421  0.00164093
          53     2.19304     1.15968     1.15023  0.00172943
          53     2.21869     1.12537     1.12226  0.00185504
          53     2.24434     1.10318      1.0938  0.00171671
          53     2.26999     1.07396     1.06413  0.00184076
          53     2.29564     1.02034     1.03593   0.0018146
          53     2.32129     1.00111     1.01015  0.00162256
          53     2.34694    0.982613    0.983608  0.00156614
          53     2.37259    0.973775    0.960579  0.00132504
          53     2.39824    0.939465    0.938998  0.00123254
          53     2.42389    0.932138    0.923368  0.00141692
          53     2.44954    0.917031     0.91363  0.00123657
          53     2.47519     0.89399    0.901687  0.00125082
          53     2.50084    0.891016    0.892595  0.00126102
          53     2.52649    0.895127    0.889892   0.0014294
          53     2.55214    0.883809    0.891116  0.00134898
          54   0.0128248           0           0           0
          54   0.0384745           0           0           0
          54   0.0641241           0           0           0
          54   0.0897737           0           0           0
          54    0.115423           0           0           0
          54    0.141073           0           0           0
          54    0.166723           0           0           0
          54    0.192372           0           0           0
          54    0.218022           0           0           0
          54    0.243672           0           0           0
          54    0.269321           0           0           0
          54    0.294971           0           0           0
          54     0.32062           0           0           0
          54     0.34627           0           0           0
          54     0.37192           0           0           0
          54    0.397569           0           0           0
          54    0.423219           0           0           0
          54    0.448869           0           0           0
          54    0.474518           0           0           0
          54    0.500168           0           0           0
          54    0.525818           0           0           0
          54    0.551467           0           0           0
          54    0.577117           0           0           0
          54    0.602767           0           0           0
          54    0.628416           0           0           0
          54    0.654066           0           0           0
          54    0.679715           0           0           0
          54    0.705365           0           0           0
          54    0.731015           0           0           0
          54    0.756664           0           0           0
          54    0.782314           0           0           0
          54    0.807964           0           0           0
          54    0.833613           0           0           0
          54    0.859263           0  1.2608e-05 7.17129e-06
          54    0.884913  0.00172406  0.00122443 8.11597e-05
          54    0.910562   0.0299677   0.0241438 0.000428772
          54    0.936212    0.170597    0.165206  0.00103977
          54    0.961861    0.546942    0.569881  0.00168438
          54    0.987511      1.2029     1.20831  0.00255242
          54     1.01316      1.8353     1.86639  0.00418675
          54     1.03881     2.35503     2.33629  0.00403888
          54     1.06446     2.53148     2.55438  0.00355953
          54     1.09011     2.57868     2.54549   0.0040978
          54     1.11576     2.43541     2.40198  0.00418733
          54     1.14141      2.2269     2.20231  0.00317069
          54     1.16706     2.00677     1.98062  0.00319073
          54     1.19271     1.75162     1.75349  0.00298313
          54     1.21836     1.56458     1.56226  0.00311373
          54     1.24401     1.34379     1.39068  0.00352792
          54     1.26966     1.22003     1.24483   0.0028003
          54     1.29531     1.13099     1.12129  0.00226911
          54     1.32096     1.01563     1.01775  0.00236337
          54     1.34661    0.940142    0.935269  0.00244895
          54     1.37226     0.85555    0.866407   0.0020569
          54     1.39791    0.806449    0.812689  0.00207308
          54     1.42355    0.755786    0.766406  0.00182515
          54      1.4492    0.740212    0.732396  0.00194573
          54     1.47485    0.710127    0.709678  0.00180717
          54      1.5005    0.684877    0.688872  0.00180265
          54     1.52615    0.671559    0.679312  0.00157764
          54      1.5518    0.663989    0.672343  0.00164296
          54     1.57745    0.673245    0.672971  0.00162416
          54      1.6031    0.698535    0.678322  0.00198068
          54     1.62875    0.712062    0.685329  0.00175387
          54      1.6544     0.73499    0.701397    0.002035
          54     1.68005    0.735512    0.725993  0.00152773
          54      1.7057    0.755757    0.751254  0.00151182
          54     1.73135    0.774053     0.78027  0.00181886
          54       1.757    0.809014    0.816187  0.00181578
          54     1.78265    0.846732    0.854957  0.00215006
          54      1.8083    0.890969    0.898907   0.0017604
          54     1.83395    0.931581     0.94028  0.00190936
          54      1.8596    0.974692    0.979631  0.00187212
          54     1.88525     1.01033      1.0217  0.00172715
          54      1.9109     1.06308     1.06201  0.00158528
          54     1.93655     1.09026     1.10056  0.00161349
          54      1.9622     1.12552     1.13367  0.00197094
          54     1.98785     1.18509     1.16366  0.00190418
          54      2.0135     1.19839     1.18692  0.00175875
          54     2.03915     1.20942     1.20266  0.00166884
          54      2.0648     1.19794       1.212  0.00153473
          54     2.09045     1.20193     1.21614  0.00158472
          54      2.1161     1.20097     1.20759   0.0018905
          54     2.14174     1.19987     1.19362  0.00153946
          54     2.16739     1.17335      1.1742  0.00161062
          54     2.19304     1.14202     1.15008  0.00170406
          54     2.21869     1.11387      1.1221  0.00182717
          54     2.24434     1.09209     1.09377  0.00168521
          54     2.26999     1.07021     1.06425  0.00181012
          54     2.29564     1.05296     1.03625  0.00180817
          54     2.32129      1.0119     1.01018  0.00159284
          54     2.34694    0.972346      0.9834  0.00155096
          54     2.37259    0.956654    0.960506  0.00130249
          54     2.39824    0.945648    0.939121  0.00121585
          54     2.42389     0.92477    0.923394  0.00139092
          54     2.44954    0.913473    0.913627  0.00121367
          54     2.47519    0.901488    0.901683  0.00122766
          54     2.50084    0.893685    0.892615  0.00123783
          54     2.52649    0.888086    0.889858  0.00140332
          54     2.55214    0.893404    0.891159  0.00132466
          55   0.0128248           0           0           0
          55   0.0384745           0           0           0
          55   0.0641241           0           0           0
          55   0.0897737           0           0           0
          55    0.115423           0           0           0
          55    0.141073           0           0           0
          55    0.166723           0           0           0
          55    0.192372           0           0           0
          55    0.218022           0           0           0
          55    0.243672           0           0           0
          55    0.269321           0           0           0
          55    0.294971           0           0           0
          55     0.32062           0           0           0
          55     0.34627           0           0           0
          55     0.37192           0           0           0
          55    0.397569           0           0           0
          55    0.423219           0           0           0
          55    0.448869           0           0           0
          55    0.474518           0           0           0
          55    0.500168           0           0           0
          55    0.525818           0           0           0
          55    0.551467           0           0           0
          55    0.577117           0           0           0
          55    0.602767           0           0           0
          55    0.628416           0           0           0
          55    0.654066           0           0           0
          55    0.679715           0           0           0
          55    0.705365           0           0           0
          55    0.731015           0           0           0
          55    0.756664           0           0           0
          55    0.782314           0           0           0
          55    0.807964           0           0           0
          55    0.833613           0           0           0
          55    0.859263           0 1.23787e-05 7.04456e-06
          55    0.884913 0.000843688  0.00121751 7.99787e-05
          55    0.910562   0.0198861   0.0240664 0.000427907
          55    0.936212    0.168533    0.165267  0.00102262
          55    0.961861    0.589649    0.570241  0.00169167
          55    0.987511     1.24563     1.20899  0.00259462
          55     1.01316     1.89762     1.86696  0.00414894
          55     1.03881     2.39106     2.33729  0.00408634
          55     1.06446     2.57239     2.55471  0.00350983
          55     1.09011     2.56948     2.54593  0.00404645
          55     1.11576      2.4047     2.40203  0.00411149
          55     1.14141     2.19845     2.20224  0.00311382
          55     1.16706     1.93781     1.97985   0.0032263
          55     1.19271     1.74224     1.75329   0.0029359
          55     1.21836       1.558     1.56218  0.00305808
          55     1.24401     1.34516     1.38985  0.00355954
          55     1.26966     1.18969     1.24382  0.00292333
          55     1.29531     1.10448     1.12099  0.00224834
          55     1.32096      1.0053     1.01753  0.00233122
          55     1.34661    0.933647    0.935239   0.0024046
          55     1.37226    0.863352    0.866351  0.00202025
          55     1.39791    0.791867     0.81231  0.00206967
          55     1.42355    0.750917    0.766124  0.00181356
          55      1.4492    0.731068    0.732371   0.0019105
          55     1.47485    0.701801    0.709534  0.00177998
          55      1.5005    0.675123    0.688622  0.00178712
          55     1.52615    0.662574    0.679008  0.00157804
          55      1.5518    0.645135    0.671848  0.00168591
          55     1.57745    0.670918    0.672934  0.00159506
          55      1.6031    0.703347    0.678777  0.00199625
          55     1.62875     0.70098    0.685614  0.00174492
          55      1.6544    0.736502    0.702035  0.00209571
          55     1.68005    0.741455    0.726275   0.0015256
          55      1.7057     0.76299    0.751468  0.00149931
          55     1.73135    0.804599    0.780713  0.00183879
          55       1.757    0.848334    0.816772  0.00187448
          55     1.78265    0.886203    0.855525  0.00218474
          55      1.8083    0.943841    0.899724  0.00190859
          55     1.83395    0.967679    0.940779  0.00193855
          55      1.8596    0.973757    0.979524  0.00184113
          55     1.88525     1.00925     1.02148  0.00171053
          55      1.9109     1.05714     1.06192  0.00155893
          55     1.93655     1.08248     1.10023  0.00161728
          55      1.9622     1.11993     1.13342  0.00195085
          55     1.98785     1.15731     1.16355  0.00187307
          55      2.0135     1.17573     1.18671  0.00173849
          55     2.03915     1.17515     1.20216  0.00171184
          55      2.0648     1.20086      1.2118  0.00152013
          55     2.09045     1.21386      1.2161  0.00155645
          55      2.1161     1.21662     1.20776  0.00186324
          55     2.14174     1.20822     1.19389  0.00153418
          55     2.16739     1.18266     1.17435  0.00158867
          55     2.19304     1.13723     1.14984  0.00168902
          55     2.21869     1.10922     1.12187   0.0018089
          55     2.24434     1.10397     1.09395  0.00166476
          55     2.26999     1.05718     1.06412  0.00178176
          55     2.29564     1.02215     1.03599  0.00179338
          55     2.32129    0.994622      1.0099  0.00158881
          55     2.34694    0.967653    0.983113  0.00154896
          55     2.37259    0.948066     0.96028   0.0012983
          55     2.39824    0.933846    0.939025  0.00119752
          55     2.42389    0.915011    0.923241  0.00137395
          55     2.44954    0.900013    0.913379  0.00121658
          55     2.47519    0.902257    0.901694  0.00120538
          55     2.50084    0.895276    0.892663  0.00121627
          55     2.52649    0.892127      0.8899  0.00137841
          55     2.55214    0.901903    0.891354   0.0013149
          56   0.0128248           0           0           0
          56   0.0384745           0           0           0
          56   0.0641241           0           0           0
          56   0.0897737           0           0           0
          56    0.115423           0           0           0
          56    0.141073           0           0           0
          56    0.166723           0           0           0
          56    0.192372           0           0           0
          56    0.218022           0           0           0
          56    0.243672           0           0           0
          56    0.269321           0           0           0
          56    0.294971           0           0           0
          56     0.32062           0           0           0
          56     0.34627           0           0           0
          56     0.37192           0           0           0
          56    0.397569           0           0           0
          56    0.423219           0           0           0
          56    0.448869           0           0           0
          56    0.474518           0           0           0
          56    0.500168           0           0           0
          56    0.525818           0           0           0
          56    0.551467           0           0           0
          56    0.577117           0           0           0
          56    0.602767           0           0           0
          56    0.628416           0           0           0
          56    0.654066           0           0           0
          56    0.679715           0           0           0
          56    0.705365           0           0           0
          56    0.731015           0           0           0
          56    0.756664           0           0           0
          56    0.782314           0           0           0
          56    0.807964           0           0           0
          56    0.833613           0           0           0
          56    0.859263           0 1.21577e-05 6.92223e-06
          56    0.884913  0.00069696  0.00120822 7.90889e-05
          56    0.910562   0.0259316   0.0240997  0.00042156
          56    0.936212    0.159242    0.165159     0.00101
          56    0.961861    0.565276    0.570152  0.00166378
          56    0.987511     1.21684     1.20913  0.00255206
          56     1.01316      1.8739     1.86708   0.0040767
          56     1.03881     2.33866     2.33731  0.00401345
          56     1.06446     2.51475       2.554  0.00351894
          56     1.09011     2.50976     2.54528  0.00402539
          56     1.11576     2.38789     2.40177  0.00404581
          56     1.14141     2.21023     2.20239  0.00306148
          56     1.16706      1.9855     1.97995  0.00317027
          56     1.19271     1.77838     1.75373  0.00291747
          56     1.21836      1.5671     1.56227  0.00300473
          56     1.24401     1.40565     1.39013  0.00350714
          56     1.26966     1.27575     1.24439  0.00292619
          56     1.29531     1.13318      1.1212  0.00221871
          56     1.32096     1.02811     1.01772  0.00229724
          56     1.34661    0.947856    0.935465  0.00237219
          56     1.37226    0.880361    0.866601  0.00199961
          56     1.39791      0.8318    0.812658  0.00206176
          56     1.42355    0.764177     0.76609  0.00178151
          56      1.4492    0.731759     0.73236  0.00187642
          56     1.47485    0.700394    0.709371  0.00175566
          56      1.5005    0.687601    0.688604   0.0017553
          56     1.52615    0.669845    0.678845  0.00155832
          56      1.5518    0.654237    0.671533  0.00168488
          56     1.57745    0.653285    0.672583  0.00160471
          56      1.6031    0.668165    0.678587  0.00196957
          56     1.62875     0.69027    0.685697  0.00171574
          56      1.6544    0.715453    0.702275  0.00207194
          56     1.68005    0.735232    0.726435  0.00150672
          56      1.7057    0.746116    0.751372  0.00147558
          56     1.73135    0.789434    0.780868  0.00181254
          56       1.757    0.832389    0.817051  0.00186163
          56     1.78265    0.854267    0.855502  0.00214584
          56      1.8083    0.881122    0.899392  0.00190319
          56     1.83395    0.953676    0.941009  0.00191756
          56      1.8596    0.976739    0.979475  0.00180892
          56     1.88525     1.01459     1.02135  0.00168441
          56      1.9109     1.05579     1.06181  0.00153494
          56     1.93655      1.1019     1.10026  0.00158868
          56      1.9622     1.12948     1.13335  0.00191728
          56     1.98785     1.15524      1.1634  0.00184549
          56      2.0135      1.1781     1.18656  0.00171423
          56     2.03915     1.20036     1.20213  0.00168158
          56      2.0648     1.23356     1.21219  0.00154186
          56     2.09045     1.21641      1.2161  0.00152866
          56      2.1161     1.21055     1.20781  0.00183063
          56     2.14174     1.18441     1.19372   0.0015161
          56     2.16739     1.16903     1.17425  0.00156315
          56     2.19304     1.14184      1.1497  0.00166489
          56     2.21869     1.12499     1.12192  0.00177746
          56     2.24434     1.07979      1.0937  0.00165413
          56     2.26999     1.06101     1.06406   0.0017508
          56     2.29564     1.04435     1.03614  0.00176756
          56     2.32129     1.00553     1.00982  0.00156235
          56     2.34694    0.992728    0.983285  0.00153079
          56     2.37259    0.960168    0.960278  0.00127512
          56     2.39824    0.940516    0.939052  0.00117643
          56     2.42389    0.923501    0.923246  0.00134943
          56     2.44954    0.916178    0.913429  0.00119588
          56     2.47519    0.912734    0.901891  0.00119987
          56     2.50084    0.915066    0.893063  0.00125862
          56     2.52649    0.907498    0.890214  0.00138916
          56     2.55214    0.899803    0.891505  0.00130005
          57   0.0128248           0           0           0
          57   0.0384745           0           0           0
          57   0.0641241           0           0           0
          57   0.0897737           0           0           0
          57    0.115423           0           0           0
          57    0.141073           0           0           0
          57    0.166723           0           0           0
          57    0.192372           0           0           0
          57    0.218022           0           0           0
          57    0.243672           0           0           0
          57    0.269321           0           0           0
          57    0.294971           0           0           0
          57     0.32062           0           0           0
          57     0.34627           0           0           0
          57     0.37192           0           0           0
          57    0.397569           0           0           0
          57    0.423219           0           0           0
          57    0.448869           0           0           0
          57    0.474518           0           0           0
          57    0.500168           0           0           0
          57    0.525818           0           0           0
          57    0.551467           0           0           0
          57    0.577117           0           0           0
          57    0.602767           0           0           0
          57    0.628416           0           0           0
          57    0.654066           0           0           0
          57    0.679715           0           0           0
          57    0.705365           0           0           0
          57    0.731015           0           0           0
          57    0.756664           0           0           0
          57    0.782314           0           0           0
          57    0.807964           0           0           0
          57    0.833613           0           0           0
          57    0.859263           0 1.19444e-05 6.80408e-06
          57    0.884913 0.000623595  0.00119796 7.83636e-05
          57    0.910562   0.0230041   0.0240805 0.000414602
          57    0.936212    0.162797    0.165118 0.000993132
          57    0.961861    0.590689    0.570512  0.00167315
          57    0.987511     1.21223     1.20919  0.00250787
          57     1.01316     1.84837     1.86676  0.00401838
          57     1.03881     2.33923     2.33735  0.00394318
          57     1.06446     2.50582     2.55315  0.00355728
          57     1.09011     2.54532     2.54528  0.00395477
          57     1.11576      2.3888     2.40155  0.00398122
          57     1.14141     2.20646     2.20246  0.00300861
          57     1.16706     2.00486     1.98038  0.00314464
          57     1.19271      1.7644     1.75392  0.00287229
          57     1.21836      1.5453     1.56197  0.00296673
          57     1.24401     1.40997     1.39048  0.00346283
          57     1.26966     1.26048     1.24468  0.00288842
          57     1.29531     1.14406     1.12161  0.00221572
          57     1.32096     1.03053     1.01794  0.00226791
          57     1.34661    0.954272    0.935795  0.00235341
          57     1.37226     0.89496    0.867099  0.00202548
          57     1.39791    0.830976     0.81298  0.00205049
          57     1.42355    0.783867    0.766402  0.00177734
          57      1.4492    0.724585    0.732224  0.00184845
          57     1.47485    0.691137    0.709051  0.00175376
          57      1.5005     0.66898     0.68826  0.00175795
          57     1.52615    0.655649    0.678438  0.00158322
          57      1.5518    0.659277    0.671318  0.00166899
          57     1.57745    0.646376    0.672123   0.0016411
          57      1.6031    0.656786    0.678205  0.00197181
          57     1.62875    0.671234    0.685443   0.0017043
          57      1.6544    0.701867    0.702267   0.0020356
          57     1.68005    0.718852    0.726301  0.00148615
          57      1.7057    0.740917    0.751189  0.00146105
          57     1.73135     0.77125      0.7807  0.00178858
          57       1.757    0.817784    0.817064  0.00182902
          57     1.78265    0.868011    0.855722  0.00211939
          57      1.8083    0.924721    0.899836  0.00192098
          57     1.83395    0.966116    0.941449  0.00193385
          57      1.8596    0.983094    0.979538   0.0017783
          57     1.88525     1.04401     1.02175  0.00170112
          57      1.9109     1.06778     1.06192  0.00151158
          57     1.93655     1.08754     1.10004   0.0015764
          57      1.9622     1.14597     1.13357   0.0018964
          57     1.98785     1.18991     1.16386   0.0018708
          57      2.0135     1.19921     1.18678  0.00169847
          57     2.03915     1.20226     1.20213  0.00165208
          57      2.0648     1.19254     1.21184  0.00155287
          57     2.09045     1.19234     1.21569  0.00155768
          57      2.1161     1.20307     1.20772   0.0018004
          57     2.14174     1.18587     1.19358  0.00149574
          57     2.16739     1.15014     1.17383  0.00159192
          57     2.19304     1.13278      1.1494  0.00166193
          57     2.21869     1.11819     1.12186  0.00174748
          57     2.24434     1.09194     1.09367   0.0016254
          57     2.26999     1.05952     1.06398   0.0017219
          57     2.29564     1.05552     1.03648  0.00176892
          57     2.32129     1.02641     1.01011  0.00156181
          57     2.34694     1.00094    0.983595  0.00153495
          57     2.37259    0.965422    0.960368  0.00125594
          57     2.39824    0.935609    0.938991  0.00115734
          57     2.42389    0.913901    0.923082  0.00133568
          57     2.44954    0.893021    0.913071  0.00122733
          57     2.47519    0.895106    0.901772  0.00118471
          57     2.50084    0.895299    0.893102  0.00123715
          57     2.52649    0.889479    0.890201  0.00136485
          57     2.55214    0.893115    0.891533  0.00127755
          58   0.0128248           0           0           0
          58   0.0384745           0           0           0
          58   0.0641241           0           0           0
          58   0.0897737           0           0           0
          58    0.115423           0           0           0
          58    0.141073           0           0           0
          58    0.166723           0           0           0
          58    0.192372           0           0           0
          58    0.218022           0           0           0
          58    0.243672           0           0           0
          58    0.269321           0           0           0
          58    0.294971           0           0           0
          58     0.32062           0           0           0
          58     0.34627           0           0           0
          58     0.37192           0           0           0
          58    0.397569           0           0           0
          58    0.423219           0           0           0
          58    0.448869           0           0           0
          58    0.474518           0           0           0
          58    0.500168           0           0           0
          58    0.525818           0           0           0
          58    0.551467           0           0           0
          58    0.577117           0           0           0
          58    0.602767           0           0           0
          58    0.628416           0           0           0
          58    0.654066           0           0           0
          58    0.679715           0           0           0
          58    0.705365           0           0           0
          58    0.731015           0           0           0
          58    0.756664           0           0           0
          58    0.782314           0           0           0
          58    0.807964           0           0           0
          58    0.833613           0           0           0
          58    0.859263           0 1.17385e-05 6.68988e-06
          58    0.884913 0.000935393  0.00119343 7.71431e-05
          58    0.910562   0.0254985    0.024105 0.000408174
          58    0.936212     0.16052    0.165038 0.000979168
          58    0.961861    0.577276    0.570629  0.00164836
          58    0.987511     1.20301     1.20908  0.00246689
          58     1.01316     1.84972     1.86646  0.00395982
          58     1.03881     2.33681     2.33734   0.0038752
          58     1.06446     2.58078     2.55363   0.0035277
          58     1.09011     2.56016     2.54554   0.0038949
          58     1.11576     2.41534     2.40178  0.00391968
          58     1.14141     2.20248     2.20246  0.00295673
          58     1.16706     1.96169     1.98006  0.00310689
          58     1.19271     1.75904     1.75401  0.00282412
          58     1.21836     1.55024     1.56177  0.00292247
          58     1.24401     1.39242     1.39051  0.00340329
          58     1.26966     1.25706     1.24489   0.0028465
          58     1.29531     1.11955     1.12157   0.0021778
          58     1.32096    0.997065     1.01758  0.00225719
          58     1.34661    0.923247    0.935578  0.00232275
          58     1.37226    0.894785    0.867576  0.00204603
          58     1.39791    0.830219    0.813277  0.00203656
          58     1.42355     0.75962    0.766285  0.00175054
          58      1.4492    0.720489    0.732022  0.00182762
          58     1.47485    0.721597    0.709268  0.00173681
          58      1.5005    0.713692    0.688698  0.00178149
          58     1.52615    0.668174    0.678261  0.00156578
          58      1.5518    0.655239    0.671041  0.00166308
          58     1.57745    0.676933    0.672206   0.0016149
          58      1.6031    0.682953    0.678287  0.00193951
          58     1.62875    0.683502     0.68541  0.00167524
          58      1.6544    0.696163    0.702162  0.00200322
          58     1.68005    0.732082    0.726401  0.00146386
          58      1.7057    0.731829    0.750855  0.00147349
          58     1.73135    0.778614    0.780664   0.0017581
          58       1.757     0.82286    0.817163  0.00180021
          58     1.78265    0.857521    0.855753  0.00208308
          58      1.8083    0.909304    0.899999  0.00189478
          58     1.83395    0.931167    0.941272  0.00190862
          58      1.8596    0.985005    0.979632  0.00175014
          58     1.88525     1.02586     1.02182  0.00167327
          58      1.9109     1.06574     1.06198  0.00148696
          58     1.93655      1.0795     1.09969  0.00158851
          58      1.9622     1.14057     1.13369  0.00186755
          58     1.98785     1.14056     1.16346  0.00188119
          58      2.0135     1.18485     1.18675  0.00166951
          58     2.03915     1.22012     1.20244  0.00165245
          58      2.0648     1.21553     1.21191   0.0015274
          58     2.09045     1.21586     1.21569  0.00153082
          58      2.1161     1.19715     1.20754  0.00177856
          58     2.14174     1.18366     1.19341   0.0014797
          58     2.16739     1.19241     1.17415  0.00159637
          58     2.19304     1.15039     1.14942  0.00163336
          58     2.21869     1.12224     1.12186  0.00171737
          58     2.24434     1.09951     1.09377  0.00160049
          58     2.26999     1.05567     1.06384  0.00169816
          58     2.29564     1.01947     1.03619  0.00176259
          58     2.32129     1.00682     1.01006  0.00153591
          58     2.34694    0.987048    0.983654  0.00150964
          58     2.37259     0.96545    0.960456  0.00123734
          58     2.39824    0.950196    0.939184   0.0011534
          58     2.42389     0.92928    0.923189  0.00131691
          58     2.44954     0.92071    0.913203  0.00121321
          58     2.47519    0.911909    0.901947   0.0011771
          58     2.50084    0.902935    0.893272  0.00122738
          58     2.52649    0.900181    0.890373  0.00135212
          58     2.55214    0.897285    0.891632  0.00125937
          59   0.0128248           0           0           0
          59   0.0384745           0           0           0
          59   0.0641241           0           0           0
          59   0.0897737           0           0           0
          59    0.115423           0           0           0
          59    0.141073           0           0           0
          59    0.166723           0           0           0
          59    0.192372           0           0           0
          59    0.218022           0           0           0
          59    0.243672           0           0           0
          59    0.269321           0           0           0
          59    0.294971           0           0           0
          59     0.32062           0           0           0
          59     0.34627           0           0           0
          59     0.37192           0           0           0
          59    0.397569           0           0           0
          59    0.423219           0           0           0
          59    0.448869           0           0           0
          59    0.474518           0           0           0
          59    0.500168           0           0           0
          59    0.525818           0           0           0
          59    0.551467           0           0           0
          59    0.577117           0           0           0
          59    0.602767           0           0           0
          59    0.628416           0           0           0
          59    0.654066           0           0           0
          59    0.679715           0           0           0
          59    0.705365           0           0           0
          59    0.731015           0           0           0
          59    0.756664           0           0           0
          59    0.782314           0           0           0
          59    0.807964           0           0           0
          59    0.833613           0           0           0
          59    0.859263           0 1.15395e-05 6.57945e-06
          59    0.884913  0.00115549  0.00119279 7.58383e-05
          59    0.910562   0.0267284   0.0241494 0.000403671
          59    0.936212    0.169368    0.165112 0.000965318
          59    0.961861    0.557173    0.570401  0.00163612
          59    0.987511     1.16137     1.20827  0.00255418
          59     1.01316     1.83026     1.86585  0.00393995
          59     1.03881     2.34984     2.33755  0.00381531
          59     1.06446     2.62049     2.55476  0.00364541
          59     1.09011     2.55868     2.54576  0.00383524
          59     1.11576     2.40627     2.40186  0.00385398
          59     1.14141     2.16122     2.20176  0.00298809
          59     1.16706     1.94408     1.97945  0.00311351
          59     1.19271     1.71956     1.75343  0.00283596
          59     1.21836      1.5242     1.56113   0.0029415
          59     1.24401     1.37655     1.39028  0.00335383
          59     1.26966     1.25493     1.24506  0.00280334
          59     1.29531     1.13373     1.12178  0.00215061
          59     1.32096     1.05061     1.01814   0.0022873
          59     1.34661    0.928831    0.935464   0.0022862
          59     1.37226    0.871666    0.867645  0.00201252
          59     1.39791    0.827331    0.813515  0.00201593
          59     1.42355    0.779111    0.766502  0.00173432
          59      1.4492    0.753534    0.732386  0.00183266
          59     1.47485    0.743334    0.709845  0.00180079
          59      1.5005    0.713661    0.689121  0.00180083
          59     1.52615    0.705161    0.678717  0.00160426
          59      1.5518    0.700301    0.671537  0.00170723
          59     1.57745    0.703138    0.672731  0.00167046
          59      1.6031    0.679678     0.67831  0.00190678
          59     1.62875     0.69033    0.685493  0.00164892
          59      1.6544    0.702602     0.70217  0.00196929
          59     1.68005    0.739206    0.726618  0.00145505
          59      1.7057      0.7602    0.751013  0.00145701
          59     1.73135    0.779443    0.780643  0.00172843
          59       1.757    0.816328    0.817149  0.00176975
          59     1.78265    0.825819    0.855245  0.00210865
          59      1.8083    0.856449    0.899261  0.00200128
          59     1.83395     0.89702    0.940522  0.00201826
          59      1.8596    0.951279    0.979152  0.00178524
          59     1.88525    0.993103     1.02134  0.00171425
          59      1.9109     1.03599     1.06154  0.00152562
          59     1.93655     1.07648     1.09929  0.00160954
          59      1.9622     1.12465     1.13353  0.00184217
          59     1.98785     1.15605     1.16334  0.00185349
          59      2.0135     1.18921     1.18679  0.00164174
          59     2.03915     1.18378     1.20213  0.00165446
          59      2.0648     1.21268     1.21192  0.00150157
          59     2.09045     1.21374     1.21566  0.00150523
          59      2.1161     1.22424     1.20783  0.00177079
          59     2.14174     1.20696     1.19364  0.00147232
          59     2.16739     1.19063     1.17443  0.00159356
          59     2.19304     1.15703     1.14955  0.00161076
          59     2.21869     1.14128     1.12219   0.0017195
          59     2.24434     1.11514     1.09413  0.00161384
          59     2.26999     1.08068     1.06412  0.00169319
          59     2.29564     1.03821     1.03622  0.00173305
          59     2.32129     1.00854     1.01003  0.00151009
          59     2.34694     0.98643    0.983701  0.00148479
          59     2.37259    0.975054    0.960703  0.00124086
          59     2.39824    0.947993    0.939334  0.00114347
          59     2.42389    0.926313    0.923242  0.00129566
          59     2.44954    0.921311     0.91334  0.00120041
          59     2.47519    0.921155    0.902272  0.00120133
          59     2.50084    0.915553     0.89365  0.00126334
          59     2.52649    0.904872    0.890619  0.00135135
          59     2.55214     0.89895    0.891756  0.00124412
          60   0.0128248           0           0           0
          60   0.0384745           0           0           0
          60   0.0641241           0           0           0
          60   0.0897737           0           0           0
          60    0.115423           0           0           0
          60    0.141073           0           0           0
          60    0.166723           0           0           0
          60    0.192372           0           0           0
          60    0.218022           0           0           0
          60    0.243672           0           0           0
          60    0.269321           0           0           0
          60    0.294971           0           0           0
          60     0.32062           0           0           0
          60     0.34627           0           0           0
          60     0.37192           0           0           0
          60    0.397569           0           0           0
          60    0.423219           0           0           0
          60    0.448869           0           0           0
          60    0.474518           0           0           0
          60    0.500168           0           0           0
          60    0.525818           0           0           0
          60    0.551467           0           0           0
          60    0.577117           0           0           0
          60    0.602767           0           0           0
          60    0.628416           0           0           0
          60    0.654066           0           0           0
          60    0.679715           0           0           0
          60    0.705365           0           0           0
          60    0.731015           0           0           0
          60    0.756664           0           0           0
          60    0.782314           0           0           0
          60    0.807964           0           0           0
          60    0.833613           0           0           0
          60    0.859263           0 1.13472e-05  6.4726e-06
          60    0.884913  0.00207254  0.00120745 7.59785e-05
          60    0.910562   0.0205616   0.0240896 0.000401347
          60    0.936212    0.162617     0.16507 0.000950124
          60    0.961861    0.592552     0.57077  0.00164998
          60    0.987511     1.18632     1.20791  0.00253768
          60     1.01316     1.93167     1.86695  0.00402413
          60     1.03881     2.40056      2.3386  0.00389358
          60     1.06446     2.59114     2.55537  0.00363472
          60     1.09011     2.56284     2.54605  0.00378186
          60     1.11576     2.39073     2.40168  0.00379421
          60     1.14141     2.16457     2.20114  0.00300189
          60     1.16706     1.92547     1.97855  0.00318897
          60     1.19271     1.68486     1.75228  0.00301015
          60     1.21836     1.52855     1.56059  0.00294217
          60     1.24401     1.40602     1.39054  0.00330818
          60     1.26966     1.25606     1.24524  0.00276261
          60     1.29531     1.08607     1.12118  0.00219556
          60     1.32096    0.995015     1.01776  0.00228142
          60     1.34661    0.902273    0.934911  0.00231405
          60     1.37226    0.869348    0.867674  0.00197918
          60     1.39791    0.799842    0.813287  0.00199517
          60     1.42355    0.764369    0.766466  0.00170577
          60      1.4492    0.731944    0.732379  0.00180213
          60     1.47485    0.728325    0.710153  0.00179693
          60      1.5005    0.697496    0.689261  0.00177622
          60     1.52615    0.677331    0.678693  0.00157768
          60      1.5518    0.679389    0.671668  0.00168379
          60     1.57745    0.676431    0.672792  0.00164376
          60      1.6031    0.697825    0.678636  0.00190254
          60     1.62875     0.71615    0.686004  0.00169876
          60      1.6544    0.737215    0.702754  0.00202123
          60     1.68005    0.731502      0.7267  0.00143308
          60      1.7057    0.741505    0.750855  0.00144132
          60     1.73135    0.785107    0.780717  0.00170122
          60       1.757    0.826866    0.817311  0.00174765
          60     1.78265    0.858746    0.855304  0.00207431
          60      1.8083    0.902829    0.899321  0.00196881
          60     1.83395    0.958592    0.940823  0.00200697
          60      1.8596    0.992456    0.979374   0.0017692
          60     1.88525     1.02549      1.0214  0.00168708
          60      1.9109     1.06528     1.06161  0.00150147
          60     1.93655     1.09581     1.09923  0.00158376
          60      1.9622     1.13502     1.13356  0.00181163
          60     1.98785     1.16899     1.16343  0.00182499
          60      2.0135     1.18047     1.18668  0.00161775
          60     2.03915     1.19769     1.20205  0.00162853
          60      2.0648     1.19382     1.21162  0.00150653
          60     2.09045     1.21755     1.21569  0.00148048
          60      2.1161     1.22082     1.20804  0.00175447
          60     2.14174     1.19429     1.19365  0.00144782
          60     2.16739     1.16519     1.17428  0.00157442
          60     2.19304     1.14242     1.14943  0.00158829
          60     2.21869     1.10527     1.12191  0.00171382
          60     2.24434     1.05763     1.09352   0.0016977
          60     2.26999     1.04119     1.06374  0.00170757
          60     2.29564     1.03701     1.03624  0.00170421
          60     2.32129     1.00678     1.00998   0.0014859
          60     2.34694    0.967272    0.983428  0.00148508
          60     2.37259    0.943226    0.960412   0.0012539
          60     2.39824    0.936493    0.939286  0.00112539
          60     2.42389    0.917663    0.923149   0.0012774
          60     2.44954    0.897074    0.913069  0.00121063
          60     2.47519    0.901188    0.902254  0.00118145
          60     2.50084    0.885082    0.893507  0.00125033
          60     2.52649    0.905111     0.89086  0.00135024
          60     2.55214    0.900269    0.891898  0.00123144
          61   0.0128248           0           0           0
          61   0.0384745           0           0           0
          61   0.0641241           0           0           0
          61   0.0897737           0           0           0
          61    0.115423           0           0           0
          61    0.141073           0           0           0
          61    0.166723           0           0           0
          61    0.192372           0           0           0
          61    0.218022           0           0           0
          61    0.243672           0           0           0
          61    0.269321           0           0           0
          61    0.294971           0           0           0
          61     0.32062           0           0           0
          61     0.34627           0           0           0
          61     0.37192           0           0           0
          61    0.397569           0           0           0
          61    0.423219           0           0           0
          61    0.448869           0           0           0
          61    0.474518           0           0           0
          61    0.500168           0           0           0
          61    0.525818           0           0           0
          61    0.551467           0           0           0
          61    0.577117           0           0           0
          61    0.602767           0           0           0
          61    0.628416           0           0           0
          61    0.654066           0           0           0
          61    0.679715           0           0           0
          61    0.705365           0           0           0
          61    0.731015           0           0           0
          61    0.756664           0           0           0
          61    0.782314           0           0           0
          61    0.807964           0           0           0
          61    0.833613           0           0           0
          61    0.859263           0 1.11612e-05 6.36917e-06
          61    0.884913  0.00106378   0.0012051 7.47695e-05
          61    0.910562   0.0210986   0.0240406 0.000397752
          61    0.936212     0.17022    0.165155 0.000938292
          61    0.961861    0.568443    0.570732  0.00162337
          61    0.987511     1.22382     1.20817  0.00250945
          61     1.01316     1.88393     1.86722  0.00396779
          61     1.03881     2.33007     2.33846  0.00383226
          61     1.06446     2.55979     2.55544  0.00357585
          61     1.09011     2.61389     2.54716  0.00387994
          61     1.11576     2.43032     2.40214  0.00376094
          61     1.14141      2.1698     2.20063  0.00299633
          61     1.16706     1.90543     1.97735  0.00335442
          61     1.19271     1.72417     1.75182  0.00299588
          61     1.21836     1.51596     1.55986  0.00298351
          61     1.24401     1.35853     1.39001   0.0032953
          61     1.26966     1.19969      1.2445  0.00281646
          61     1.29531     1.11482     1.12108  0.00216204
          61     1.32096     1.03579     1.01805   0.0022631
          61     1.34661    0.932585    0.934873  0.00227643
          61     1.37226    0.876769    0.867823  0.00195234
          61     1.39791    0.833167    0.813613   0.0019889
          61     1.42355     0.77488    0.766604  0.00168338
          61      1.4492    0.742606    0.732547  0.00178036
          61     1.47485    0.731719    0.710507  0.00180192
          61      1.5005    0.725111    0.689848  0.00184177
          61     1.52615    0.705383    0.679131  0.00161135
          61      1.5518    0.690107     0.67197   0.0016831
          61     1.57745    0.686769    0.673021   0.0016327
          61      1.6031    0.672636    0.678537  0.00187389
          61     1.62875    0.695024    0.686152  0.00167733
          61      1.6544    0.706139    0.702809  0.00198886
          61     1.68005    0.698863    0.726243  0.00148046
          61      1.7057    0.738459    0.750652  0.00143194
          61     1.73135     0.77355      0.7806  0.00167738
          61       1.757    0.817137    0.817308    0.001719
          61     1.78265    0.861774     0.85541  0.00204302
          61      1.8083    0.879369    0.898993  0.00196352
          61     1.83395    0.933204    0.940698  0.00197795
          61      1.8596    0.972142    0.979255  0.00174416
          61     1.88525     1.01351     1.02128  0.00166437
          61      1.9109     1.06751      1.0617  0.00147997
          61     1.93655     1.10276     1.09929  0.00155885
          61      1.9622     1.13396     1.13357  0.00178194
          61     1.98785     1.16813     1.16351  0.00179669
          61      2.0135     1.18484     1.18665  0.00159151
          61     2.03915     1.21503     1.20227  0.00161566
          61      2.0648     1.21219     1.21163  0.00148186
          61     2.09045     1.21862     1.21574  0.00145699
          61      2.1161     1.21303     1.20812  0.00172761
          61     2.14174     1.21846     1.19406  0.00148012
          61     2.16739      1.1596     1.17404   0.0015669
          61     2.19304     1.15814     1.14957  0.00156866
          61     2.21869       1.133     1.12209  0.00169535
          61     2.24434     1.07664     1.09325  0.00169228
          61     2.26999      1.0573     1.06364  0.00168284
          61     2.29564      1.0139     1.03587  0.00171516
          61     2.32129    0.993425     1.00971   0.0014861
          61     2.34694    0.979661    0.983366  0.00146201
          61     2.37259    0.953309    0.960296  0.00123874
          61     2.39824    0.930605    0.939144  0.00111591
          61     2.42389     0.92298    0.923146  0.00125646
          61     2.44954    0.902974    0.912904  0.00120204
          61     2.47519    0.892982    0.902102  0.00117181
          61     2.50084    0.905896     0.89371  0.00124621
          61     2.52649    0.915545    0.891265  0.00138741
          61     2.55214    0.899894    0.892029  0.00121821
          62   0.0128248           0           0           0
          62   0.0384745           0           0           0
          62   0.0641241           0           0           0
          62   0.0897737           0           0           0
          62    0.115423           0           0           0
          62    0.141073           0           0           0
          62    0.166723           0           0           0
          62    0.192372           0           0           0
          62    0.218022           0           0           0
          62    0.243672           0           0           0
          62    0.269321           0           0           0
          62    0.294971           0           0           0
          62     0.32062           0           0           0
          62     0.34627           0           0           0
          62     0.37192           0           0           0
          62    0.397569           0           0           0
          62    0.423219           0           0           0
          62    0.448869           0           0           0
          62    0.474518           0           0           0
          62    0.500168           0           0           0
          62    0.525818           0           0           0
          62    0.551467           0           0           0
          62    0.577117           0           0           0
          62    0.602767           0           0           0
          62    0.628416           0           0           0
          62    0.654066           0           0           0
          62    0.679715           0           0           0
          62    0.705365           0           0           0
          62    0.731015           0           0           0
          62    0.756664           0           0           0
          62    0.782314           0           0           0
          62    0.807964           0           0           0
          62    0.833613           0           0           0
          62    0.859263           0 1.09811e-05 6.26898e-06
          62    0.884913  0.00163235  0.00121199 7.38804e-05
          62    0.910562   0.0238009   0.0240367 0.000391355
          62    0.936212    0.159291     0.16506 0.000927913
          62    0.961861     0.56256      0.5706  0.00160253
          62    0.987511     1.21215     1.20823   0.0024698
          62     1.01316     1.93614     1.86834  0.00405649
          62     1.03881     2.34828     2.33862  0.00377372
          62     1.06446     2.58363     2.55589  0.00354697
          62     1.09011     2.57492     2.54761  0.00384311
          62     1.11576     2.42342     2.40249   0.0037159
          62     1.14141     2.25725     2.20154  0.00308406
          62     1.16706     1.95567       1.977  0.00331849
          62     1.19271     1.77517      1.7522  0.00297114
          62     1.21836     1.57068     1.56003  0.00294049
          62     1.24401     1.35852     1.38951  0.00328106
          62     1.26966     1.19369     1.24368  0.00288778
          62     1.29531     1.07107     1.12027  0.00227263
          62     1.32096    0.978824     1.01742  0.00231335
          62     1.34661    0.913687    0.934531  0.00226522
          62     1.37226    0.852041    0.867568  0.00193738
          62     1.39791    0.807537    0.813515  0.00195923
          62     1.42355     0.75198    0.766369  0.00167267
          62      1.4492    0.702195    0.732057  0.00181771
          62     1.47485    0.710074      0.7105  0.00177287
          62      1.5005    0.693936    0.689914  0.00181324
          62     1.52615     0.67698    0.679096  0.00158573
          62      1.5518    0.689869    0.672259  0.00168053
          62     1.57745    0.688194    0.673266  0.00162461
          62      1.6031    0.673111     0.67845  0.00184571
          62     1.62875    0.679599    0.686046  0.00165361
          62      1.6544       0.707    0.702877  0.00195793
          62     1.68005    0.736942    0.726416   0.0014666
          62      1.7057    0.744738    0.750556  0.00141202
          62     1.73135    0.782036    0.780623  0.00165049
          62       1.757    0.815607    0.817281   0.0016915
          62     1.78265    0.883799    0.855868  0.00206074
          62      1.8083    0.921027    0.899349  0.00196375
          62     1.83395    0.940131    0.940689  0.00194607
          62      1.8596     0.98611    0.979366  0.00171953
          62     1.88525     1.03052     1.02142  0.00164419
          62      1.9109     1.09245      1.0622  0.00153696
          62     1.93655     1.10197     1.09933   0.0015343
          62      1.9622     1.12239     1.13339  0.00176229
          62     1.98785      1.1638     1.16351  0.00176772
          62      2.0135     1.18324      1.1866   0.0015668
          62     2.03915     1.20485     1.20231  0.00159014
          62      2.0648     1.22564     1.21186  0.00147509
          62     2.09045     1.21866     1.21578  0.00143425
          62      2.1161     1.21456     1.20823  0.00170287
          62     2.14174     1.20593     1.19425  0.00146858
          62     2.16739      1.1886     1.17427  0.00155913
          62     2.19304     1.14934     1.14957  0.00154336
          62     2.21869     1.11001      1.1219  0.00167916
          62     2.24434      1.0693     1.09286   0.0017085
          62     2.26999     1.04081     1.06327  0.00169548
          62     2.29564     1.00982     1.03545   0.0017382
          62     2.32129    0.992058     1.00942  0.00148914
          62     2.34694    0.972461     0.98319  0.00144897
          62     2.37259    0.972668    0.960495  0.00123473
          62     2.39824    0.945671    0.939249  0.00110286
          62     2.42389    0.922044    0.923128  0.00123632
          62     2.44954    0.913033    0.912906  0.00118265
          62     2.47519    0.895155     0.90199  0.00115826
          62     2.50084    0.884306    0.893558  0.00123531
          62     2.52649    0.872499    0.890962  0.00139766
          62     2.55214    0.876669    0.891781   0.0012235
          63   0.0128248           0           0           0
          63   0.0384745           0           0           0
          63   0.0641241           0           0           0
          63   0.0897737           0           0           0
          63    0.115423           0           0           0
          63    0.141073           0           0           0
          63    0.166723           0           0           0
          63    0.192372           0           0           0
          63    0.218022           0           0           0
          63    0.243672           0           0           0
          63    0.269321           0           0           0
          63    0.294971           0           0           0
          63     0.32062           0           0           0
          63     0.34627           0           0           0
          63     0.37192           0           0           0
          63    0.397569           0           0           0
          63    0.423219           0           0           0
          63    0.448869           0           0           0
          63    0.474518           0           0           0
          63    0.500168           0           0           0
          63    0.525818           0           0           0
          63    0.551467           0           0           0
          63    0.577117           0           0           0
          63    0.602767           0           0           0
          63    0.628416           0           0           0
          63    0.654066           0           0           0
          63    0.679715           0           0           0
          63    0.705365           0           0           0
          63    0.731015           0           0           0
          63    0.756664           0           0           0
          63    0.782314           0           0           0
          63    0.807964           0           0           0
          63    0.833613           0           0           0
          63    0.859263           0 1.08068e-05  6.1719e-06
          63    0.884913  0.00172406  0.00122012 7.31534e-05
          63    0.910562   0.0244765   0.0240437 0.000385205
          63    0.936212    0.156095    0.164918  0.00092403
          63    0.961861    0.566285    0.570532  0.00157856
          63    0.987511     1.19588     1.20803  0.00243837
          63     1.01316     1.87524     1.86844  0.00399358
          63     1.03881     2.34574     2.33873  0.00371551
          63     1.06446     2.54421     2.55571  0.00349552
          63     1.09011     2.56128     2.54782  0.00378823
          63     1.11576     2.40738     2.40257  0.00365773
          63     1.14141     2.22404      2.2019  0.00305571
          63     1.16706     1.94971     1.97657  0.00329398
          63     1.19271     1.72196     1.75172  0.00296249
          63     1.21836     1.53777     1.55968  0.00291497
          63     1.24401     1.34488      1.3888  0.00330456
          63     1.26966     1.22334     1.24335  0.00285993
          63     1.29531     1.10275     1.11999  0.00225352
          63     1.32096     1.02682     1.01757  0.00228144
          63     1.34661    0.949155    0.934763  0.00224112
          63     1.37226    0.906889    0.868193  0.00200464
          63     1.39791    0.854342    0.814163  0.00203248
          63     1.42355    0.790777    0.766756   0.0016904
          63      1.4492    0.748938    0.732325   0.0018085
          63     1.47485     0.73611    0.710906  0.00179073
          63      1.5005    0.722866    0.690437  0.00185837
          63     1.52615    0.691749    0.679297  0.00157323
          63      1.5518     0.69192    0.672571  0.00168258
          63     1.57745    0.667519    0.673175  0.00160138
          63      1.6031    0.702749    0.678835  0.00185627
          63     1.62875    0.671981    0.685823  0.00164236
          63      1.6544     0.69683    0.702781   0.0019292
          63     1.68005    0.694207    0.725905  0.00152983
          63      1.7057    0.724483    0.750142  0.00144899
          63     1.73135    0.767057    0.780408  0.00163828
          63       1.757     0.79995    0.817006  0.00168687
          63     1.78265    0.838452    0.855591  0.00204648
          63      1.8083    0.891198    0.899219  0.00193683
          63     1.83395    0.943778    0.940738   0.0019158
          63      1.8596    0.986853    0.979484  0.00169634
          63     1.88525     1.01954     1.02139  0.00161836
          63      1.9109     1.05805     1.06213  0.00151397
          63     1.93655     1.09384     1.09925  0.00151242
          63      1.9622     1.12401     1.13324   0.0017406
          63     1.98785     1.15983     1.16345  0.00174063
          63      2.0135     1.17624     1.18643  0.00155053
          63     2.03915     1.20197      1.2023  0.00156491
          63      2.0648      1.2268     1.21209  0.00147063
          63     2.09045     1.22382     1.21591  0.00141714
          63      2.1161     1.19915     1.20808  0.00168192
          63     2.14174     1.20209     1.19438  0.00145053
          63     2.16739     1.15951     1.17404   0.0015519
          63     2.19304     1.13864      1.1494  0.00152859
          63     2.21869      1.1268     1.12197  0.00165431
          63     2.24434     1.09556      1.0929  0.00168192
          63     2.26999     1.04755     1.06302  0.00168681
          63     2.29564     1.04283     1.03557  0.00171455
          63     2.32129     1.02863     1.00973   0.0014964
          63     2.34694     1.00205    0.983489  0.00145657
          63     2.37259    0.967966    0.960614  0.00122081
          63     2.39824    0.946937    0.939371  0.00109209
          63     2.42389     0.93051    0.923246  0.00122223
          63     2.44954    0.922141    0.913052  0.00117293
          63     2.47519    0.911871    0.902147  0.00115044
          63     2.50084    0.903091     0.89371  0.00122493
          63     2.52649    0.909116     0.89125  0.00140487
          63     2.55214     0.90437    0.891981  0.00122028
          64   0.0128248           0           0           0
          64   0.0384745           0           0           0
          64   0.0641241           0           0           0
          64   0.0897737           0           0           0
          64    0.115423           0           0           0
          64    0.141073           0           0           0
          64    0.166723           0           0           0
          64    0.192372           0           0           0
          64    0.218022           0           0           0
          64    0.243672           0           0           0
          64    0.269321           0           0           0
          64    0.294971           0           0           0
          64     0.32062           0           0           0
          64     0.34627           0           0           0
          64     0.37192           0           0           0
          64    0.397569           0           0           0
          64    0.423219           0           0           0
          64    0.448869           0           0           0
          64    0.474518           0           0           0
          64    0.500168           0           0           0
          64    0.525818           0           0           0
          64    0.551467           0           0           0
          64    0.577117           0           0           0
          64    0.602767           0           0           0
          64    0.628416           0           0           0
          64    0.654066           0           0           0
          64    0.679715           0           0           0
          64    0.705365           0           0           0
          64    0.731015           0           0           0
          64    0.756664           0           0           0
          64    0.782314           0           0           0
          64    0.807964           0           0           0
          64    0.833613           0           0           0
          64    0.859263           0  1.0638e-05 6.07777e-06
          64    0.884913  0.00069696  0.00121194 7.24657e-05
          64    0.910562   0.0245285   0.0240513 0.000379261
          64    0.936212    0.151458    0.164707 0.000933218
          64    0.961861    0.552748    0.570254  0.00157816
          64    0.987511     1.22803     1.20835   0.0024202
          64     1.01316     1.91278     1.86914  0.00399082
          64     1.03881     2.34245     2.33879  0.00365791
          64     1.06446     2.55291     2.55566  0.00344117
          64     1.09011     2.56109     2.54803  0.00373471
          64     1.11576     2.40468      2.4026  0.00360072
          64     1.14141     2.19813     2.20184  0.00300853
          64     1.16706      1.9961     1.97688  0.00325661
          64     1.19271     1.75062      1.7517  0.00291625
          64     1.21836     1.52119     1.55908  0.00293081
          64     1.24401     1.36827     1.38848  0.00326846
          64     1.26966      1.2234     1.24304  0.00283218
          64     1.29531     1.12137     1.12001  0.00221841
          64     1.32096     1.00982     1.01745    0.002249
          64     1.34661    0.925544    0.934619  0.00221073
          64     1.37226    0.855252     0.86799  0.00198349
          64     1.39791    0.822267     0.81429  0.00200467
          64     1.42355    0.756254    0.766592  0.00167193
          64      1.4492    0.738099    0.732415  0.00178249
          64     1.47485     0.70913    0.710878  0.00176296
          64      1.5005     0.69747    0.690547  0.00183257
          64     1.52615    0.685971    0.679401   0.0015521
          64      1.5518    0.683415     0.67274   0.0016648
          64     1.57745     0.67519    0.673206  0.00157667
          64      1.6031     0.67386    0.678758   0.0018289
          64     1.62875    0.695739    0.685978  0.00162399
          64      1.6544    0.704549    0.702808  0.00189925
          64     1.68005    0.703713    0.725558  0.00154473
          64      1.7057    0.740429    0.749991  0.00143427
          64     1.73135    0.771681    0.780271  0.00161834
          64       1.757    0.828909    0.817192  0.00167073
          64     1.78265    0.862316    0.855696   0.0020172
          64      1.8083    0.908899    0.899371  0.00191247
          64     1.83395    0.944687      0.9408  0.00188686
          64      1.8596    0.977778    0.979458  0.00167004
          64     1.88525     1.01423     1.02128  0.00159694
          64      1.9109     1.07061     1.06227   0.0014961
          64     1.93655     1.10712     1.09937  0.00149378
          64      1.9622     1.13906     1.13333  0.00171578
          64     1.98785     1.17858     1.16369  0.00172941
          64      2.0135     1.19963     1.18664  0.00153994
          64     2.03915     1.21398     1.20248  0.00155105
          64      2.0648     1.21326     1.21211  0.00144776
          64     2.09045     1.20476     1.21574  0.00140566
          64      2.1161     1.20318     1.20801  0.00165739
          64     2.14174     1.20383     1.19452  0.00143536
          64     2.16739     1.16463     1.17389  0.00153458
          64     2.19304     1.12336     1.14899  0.00155791
          64     2.21869     1.11491     1.12186  0.00163214
          64     2.24434     1.09361     1.09291  0.00165567
          64     2.26999     1.05828     1.06294  0.00166208
          64     2.29564     1.03074     1.03549  0.00168942
          64     2.32129     1.00893     1.00971  0.00147307
          64     2.34694      0.9877    0.983555   0.0014353
          64     2.37259    0.966065    0.960699   0.0012047
          64     2.39824    0.940998    0.939397  0.00107532
          64     2.42389    0.908334    0.923013  0.00122514
          64     2.44954    0.912693    0.913047  0.00115462
          64     2.47519    0.910038     0.90227  0.00113906
          64     2.50084    0.895334    0.893735  0.00120606
          64     2.52649     0.88859    0.891209  0.00138353
          64     2.55214       0.885    0.891872  0.00120608
          65   0.0128248           0           0           0
          65   0.0384745           0           0           0
          65   0.0641241           0           0           0
          65   0.0897737           0           0           0
          65    0.115423           0           0           0
          65    0.141073           0           0           0
          65    0.166723           0           0           0
          65    0.192372           0           0           0
          65    0.218022           0           0           0
          65    0.243672           0           0           0
          65    0.269321           0           0           0
          65    0.294971           0           0           0
          65     0.32062           0           0           0
          65     0.34627           0           0           0
          65     0.37192           0           0           0
          65    0.397569           0           0           0
          65    0.423219           0           0           0
          65    0.448869           0           0           0
          65    0.474518           0           0           0
          65    0.500168           0           0           0
          65    0.525818           0           0           0
          65    0.551467           0           0           0
          65    0.577117           0           0           0
          65    0.602767           0           0           0
          65    0.628416           0           0           0
          65    0.654066           0           0           0
          65    0.679715           0           0           0
          65    0.705365           0           0           0
          65    0.731015           0           0           0
          65    0.756664           0           0           0
          65    0.782314           0           0           0
          65    0.807964           0           0           0
          65    0.833613           0           0           0
          65    0.859263           0 1.04743e-05 5.98647e-06
          65    0.884913  0.00155899  0.00121728 7.15473e-05
          65    0.910562   0.0242513   0.0240544 0.000373439
          65    0.936212    0.159487    0.164627  0.00092231
          65    0.961861     0.55635     0.57004  0.00156831
          65    0.987511     1.21019     1.20838  0.00238313
          65     1.01316     1.87884     1.86929  0.00393221
          65     1.03881     2.35263       2.339  0.00360783
          65     1.06446     2.62586     2.55674  0.00355363
          65     1.09011     2.57178      2.5484  0.00369508
          65     1.11576     2.39269     2.40245  0.00354855
          65     1.14141     2.17973      2.2015  0.00298141
          65     1.16706     1.94287     1.97635  0.00324826
          65     1.19271     1.73581     1.75146  0.00288162
          65     1.21836     1.53603     1.55872  0.00290709
          65     1.24401     1.34086     1.38774  0.00329925
          65     1.26966     1.19854     1.24236  0.00287018
          65     1.29531     1.09044     1.11956  0.00223046
          65     1.32096     1.00295     1.01722  0.00222543
          65     1.34661    0.954058    0.934918  0.00219685
          65     1.37226    0.893015    0.868375  0.00198999
          65     1.39791    0.838613    0.814664  0.00200845
          65     1.42355    0.795795    0.767041   0.0017055
          65      1.4492    0.749157    0.732673  0.00177358
          65     1.47485    0.707275    0.710823  0.00173671
          65      1.5005     0.69946    0.690684   0.0018095
          65     1.52615    0.702658    0.679759  0.00156892
          65      1.5518    0.682825    0.672896   0.0016464
          65     1.57745    0.674053    0.673219  0.00155246
          65      1.6031    0.685396     0.67886  0.00180361
          65     1.62875    0.699182    0.686181  0.00161166
          65      1.6544    0.712877    0.702963  0.00187634
          65     1.68005    0.737369     0.72574  0.00153161
          65      1.7057    0.749863    0.749989  0.00141221
          65     1.73135    0.776913     0.78022  0.00159427
          65       1.757    0.806957    0.817034  0.00165243
          65     1.78265    0.859889    0.855761   0.0019872
          65      1.8083    0.919503     0.89968  0.00190796
          65     1.83395    0.948428    0.940917  0.00186147
          65      1.8596     0.98665    0.979568  0.00164801
          65     1.88525     1.01795     1.02123  0.00157319
          65      1.9109     1.04372     1.06198  0.00150005
          65     1.93655     1.08062     1.09908  0.00149839
          65      1.9622     1.10178     1.13284  0.00175667
          65     1.98785     1.15145      1.1635  0.00171303
          65      2.0135     1.19119     1.18671  0.00151784
          65     2.03915     1.19078      1.2023   0.0015376
          65      2.0648     1.19646     1.21187  0.00144536
          65     2.09045     1.20703      1.2156  0.00139041
          65      2.1161     1.19859     1.20786  0.00163821
          65     2.14174     1.19495     1.19453  0.00141329
          65     2.16739     1.17128     1.17385   0.0015115
          65     2.19304      1.1406     1.14886  0.00153928
          65     2.21869     1.11684     1.12179  0.00160885
          65     2.24434     1.09007     1.09287  0.00163078
          65     2.26999     1.06785     1.06302  0.00163822
          65     2.29564     1.04392     1.03562   0.0016684
          65     2.32129     1.01016     1.00972  0.00145042
          65     2.34694     0.98437    0.983568  0.00141327
          65     2.37259     0.96866    0.960821  0.00119238
          65     2.39824    0.942437    0.939443  0.00105979
          65     2.42389    0.927885    0.923088  0.00120858
          65     2.44954    0.916099    0.913094  0.00113781
          65     2.47519    0.906669    0.902338  0.00112354
          65     2.50084    0.901043    0.893847  0.00119273
          65     2.52649    0.905795    0.891433  0.00138032
          65     2.55214    0.908948    0.892135   0.0012158
          66   0.0128248           0           0           0
          66   0.0384745           0           0           0
          66   0.0641241           0           0           0
          66   0.0897737           0           0           0
          66    0.115423           0           0           0
          66    0.141073           0           0           0
          66    0.166723           0           0           0
          66    0.192372           0           0           0
          66    0.218022           0           0           0
          66    0.243672           0           0           0
          66    0.269321           0           0           0
          66    0.294971           0           0           0
          66     0.32062           0           0           0
          66     0.34627           0           0           0
          66     0.37192           0           0           0
          66    0.397569           0           0           0
          66    0.423219           0           0           0
          66    0.448869           0           0           0
          66    0.474518           0           0           0
          66    0.500168           0           0           0
          66    0.525818           0           0           0
          66    0.551467           0           0           0
          66    0.577117           0           0           0
          66    0.602767           0           0           0
          66    0.628416           0           0           0
          66    0.654066           0           0           0
          66    0.679715           0           0           0
          66    0.705365           0           0           0
          66    0.731015           0           0           0
          66    0.756664           0           0           0
          66    0.782314           0           0           0
          66    0.807964           0           0           0
          66    0.833613           0           0           0
          66    0.859263 9.72615e-05 1.17893e-05 6.03846e-06
          66    0.884913   0.0013389  0.00121912 7.04869e-05
          66    0.910562   0.0276292   0.0241085 0.000371688
          66    0.936212    0.171695    0.164734 0.000914532
          66    0.961861    0.571501    0.570062   0.0015447
          66    0.987511     1.18959     1.20809  0.00236396
          66     1.01316     1.87776     1.86942  0.00387473
          66     1.03881     2.38266     2.33966   0.0036133
          66     1.06446     2.54962     2.55664  0.00350142
          66     1.09011     2.56429     2.54864  0.00364692
          66     1.11576     2.40815     2.40253  0.00349584
          66     1.14141     2.21565     2.20171  0.00294394
          66     1.16706     1.94644      1.9759  0.00323051
          66     1.19271     1.71012     1.75083  0.00290522
          66     1.21836     1.53325     1.55834  0.00288856
          66     1.24401     1.40508     1.38801  0.00325971
          66     1.26966     1.23834      1.2423  0.00282734
          66     1.29531     1.11363     1.11947  0.00219848
          66     1.32096     1.02181     1.01729  0.00219279
          66     1.34661    0.937187    0.934952  0.00216384
          66     1.37226    0.878462    0.868528   0.0019657
          66     1.39791    0.833306    0.814947  0.00199778
          66     1.42355    0.780011    0.767238  0.00169095
          66      1.4492    0.739897    0.732782  0.00175008
          66     1.47485    0.708463    0.710787  0.00171076
          66      1.5005    0.681273    0.690542   0.0017877
          66     1.52615    0.690633    0.679924  0.00155377
          66      1.5518    0.656116    0.672641  0.00164097
          66     1.57745    0.646803    0.672819   0.0015797
          66      1.6031    0.659268    0.678563  0.00180054
          66     1.62875    0.675841    0.686024  0.00159484
          66      1.6544     0.69557    0.702851  0.00185125
          66     1.68005    0.709758    0.725497  0.00152743
          66      1.7057    0.755545    0.750073  0.00139332
          66     1.73135    0.789338    0.780358  0.00157609
          66       1.757    0.813913    0.816987  0.00162807
          66     1.78265    0.832558    0.855409  0.00198795
          66      1.8083    0.891659    0.899559  0.00188292
          66     1.83395     0.94025    0.940907   0.0018333
          66      1.8596      0.9759    0.979513  0.00162398
          66     1.88525     1.01674     1.02116  0.00155083
          66      1.9109     1.07751     1.06222  0.00149565
          66     1.93655     1.10978     1.09924  0.00148443
          66      1.9622     1.13263     1.13284  0.00173006
          66     1.98785     1.18335      1.1638  0.00171327
          66      2.0135     1.21442     1.18713  0.00155182
          66     2.03915     1.22497     1.20265  0.00155217
          66      2.0648     1.23414     1.21221  0.00146232
          66     2.09045     1.23204     1.21585  0.00139147
          66      2.1161     1.19523     1.20767  0.00162453
          66     2.14174     1.18441     1.19438  0.00140018
          66     2.16739     1.17446     1.17386  0.00148863
          66     2.19304      1.1599     1.14903  0.00152503
          66     2.21869     1.11447     1.12168  0.00158829
          66     2.24434     1.10885     1.09311  0.00162395
          66     2.26999     1.06873     1.06311  0.00161568
          66     2.29564     1.03681     1.03564  0.00164322
          66     2.32129     1.00221     1.00961   0.0014329
          66     2.34694    0.968265    0.983336  0.00141075
          66     2.37259    0.957994    0.960779  0.00117508
          66     2.39824    0.917791    0.939115  0.00109333
          66     2.42389    0.921616    0.923065  0.00119048
          66     2.44954    0.909237    0.913035  0.00112207
          66     2.47519    0.893076    0.902198  0.00111525
          66     2.50084    0.894208    0.893853  0.00117467
          66     2.52649    0.895507    0.891495  0.00136079
          66     2.55214     0.89119    0.892121  0.00119747
          67   0.0128248           0           0           0
          67   0.0384745           0           0           0
          67   0.0641241           0           0           0
          67   0.0897737           0           0           0
          67    0.115423           0           0           0
          67    0.141073           0           0           0
          67    0.166723           0           0           0
          67    0.192372           0           0           0
          67    0.218022           0           0           0
          67    0.243672           0           0           0
          67    0.269321           0           0           0
          67    0.294971           0           0           0
          67     0.32062           0           0           0
          67     0.34627           0           0           0
          67     0.37192           0           0           0
          67    0.397569           0           0           0
          67    0.423219           0           0           0
          67    0.448869           0           0           0
          67    0.474518           0           0           0
          67    0.500168           0           0           0
          67    0.525818           0           0           0
          67    0.551467           0           0           0
          67    0.577117           0           0           0
          67    0.602767           0           0           0
          67    0.628416           0           0           0
          67    0.654066           0           0           0
          67    0.679715           0           0           0
          67    0.705365           0           0           0
          67    0.731015           0           0           0
          67    0.756664           0           0           0
          67    0.782314           0           0           0
          67    0.807964           0           0           0
          67    0.833613           0           0           0
          67    0.859263           0 1.16133e-05  5.9509e-06
          67    0.884913 0.000220093  0.00120421 7.09945e-05
          67    0.910562   0.0237836   0.0241037 0.000366172
          67    0.936212      0.1568    0.164616 0.000908517
          67    0.961861    0.578394    0.570186  0.00152665
          67    0.987511     1.22846     1.20839  0.00234814
          67     1.01316     1.84585     1.86906  0.00383283
          67     1.03881     2.33141     2.33954  0.00356147
          67     1.06446      2.5612      2.5567  0.00344982
          67     1.09011     2.56853     2.54894  0.00360455
          67     1.11576     2.38817     2.40232  0.00345023
          67     1.14141     2.18955     2.20153  0.00290559
          67     1.16706     1.97192     1.97584  0.00318283
          67     1.19271     1.74152     1.75069  0.00286518
          67     1.21836     1.56102     1.55838  0.00284573
          67     1.24401     1.38369     1.38794  0.00321169
          67     1.26966     1.22614     1.24205  0.00279541
          67     1.29531     1.10584     1.11927  0.00217506
          67     1.32096     1.03964     1.01763  0.00218529
          67     1.34661    0.943936    0.935086  0.00213569
          67     1.37226    0.859257     0.86839  0.00194122
          67     1.39791    0.803215    0.814771  0.00197562
          67     1.42355    0.773193    0.767327  0.00166804
          67      1.4492    0.730863    0.732754  0.00172419
          67     1.47485    0.705307    0.710705  0.00168718
          67      1.5005    0.690421     0.69054  0.00176102
          67     1.52615    0.689122    0.680061  0.00153663
          67      1.5518    0.667078    0.672558  0.00161857
          67     1.57745    0.683438    0.672978  0.00156405
          67      1.6031    0.679617    0.678579  0.00177374
          67     1.62875    0.706865    0.686335  0.00160108
          67      1.6544    0.739587      0.7034  0.00190309
          67     1.68005     0.73714    0.725671  0.00151448
          67      1.7057     0.75163    0.750096  0.00137272
          67     1.73135    0.793195     0.78055  0.00156417
          67       1.757    0.807027    0.816838  0.00161055
          67     1.78265    0.844658    0.855249  0.00196474
          67      1.8083    0.884521    0.899334  0.00186814
          67     1.83395     0.93282    0.940786   0.0018099
          67      1.8596    0.987189    0.979627  0.00160378
          67     1.88525     1.03088     1.02131  0.00153444
          67      1.9109     1.06782      1.0623  0.00147567
          67     1.93655     1.08364     1.09901  0.00148044
          67      1.9622     1.12556     1.13273  0.00170765
          67     1.98785     1.15568     1.16368  0.00169198
          67      2.0135     1.17896     1.18701  0.00153344
          67     2.03915     1.20712     1.20271  0.00153044
          67      2.0648     1.21942     1.21231  0.00144446
          67     2.09045     1.20345     1.21567  0.00138295
          67      2.1161     1.17363     1.20716  0.00167784
          67     2.14174     1.18193     1.19419  0.00139155
          67     2.16739     1.17719     1.17391  0.00146724
          67     2.19304     1.15175     1.14907  0.00150281
          67     2.21869     1.12624     1.12174  0.00156604
          67     2.24434     1.08604     1.09301  0.00160314
          67     2.26999     1.07621      1.0633  0.00160337
          67     2.29564     1.03203     1.03559  0.00161958
          67     2.32129     1.00857     1.00959   0.0014116
          67     2.34694     0.99897    0.983569  0.00140886
          67     2.37259    0.965669    0.960852  0.00115981
          67     2.39824    0.948323    0.939253  0.00108562
          67     2.42389    0.923421    0.923071  0.00117272
          67     2.44954    0.910335    0.912995  0.00110605
          67     2.47519    0.895134    0.902092  0.00110357
          67     2.50084     0.89803    0.893915  0.00115879
          67     2.52649    0.883961    0.891383  0.00134512
          67     2.55214    0.890054     0.89209  0.00117999
          68   0.0128248           0           0           0
          68   0.0384745           0           0           0
          68   0.0641241           0           0           0
          68   0.0897737           0           0           0
          68    0.115423           0           0           0
          68    0.141073           0           0           0
          68    0.166723           0           0           0
          68    0.192372           0           0           0
          68    0.218022           0           0           0
          68    0.243672           0           0           0
          68    0.269321           0           0           0
          68    0.294971           0           0           0
          68     0.32062           0           0           0
          68     0.34627           0           0           0
          68     0.37192           0           0           0
          68    0.397569           0           0           0
          68    0.423219           0           0           0
          68    0.448869           0           0           0
          68    0.474518           0           0           0
          68    0.500168           0           0           0
          68    0.525818           0           0           0
          68    0.551467           0           0           0
          68    0.577117           0           0           0
          68    0.602767           0           0           0
          68    0.628416           0           0           0
          68    0.654066           0           0           0
          68    0.679715           0           0           0
          68    0.705365           0           0           0
          68    0.731015           0           0           0
          68    0.756664           0           0           0
          68    0.782314           0           0           0
          68    0.807964           0           0           0
          68    0.833613           0           0           0
          68    0.859263           0 1.14425e-05 5.86583e-06
          68    0.884913  0.00130221  0.00120565 6.99651e-05
          68    0.910562   0.0249962   0.0241168 0.000361022
          68    0.936212    0.161437    0.164569 0.000896358
          68    0.961861    0.567217    0.570143  0.00150482
          68    0.987511     1.20505     1.20835  0.00231412
          68     1.01316     1.84126     1.86865  0.00379822
          68     1.03881     2.36288     2.33988   0.0035256
          68     1.06446     2.58347      2.5571  0.00342147
          68     1.09011     2.56626     2.54919  0.00356053
          68     1.11576     2.41176     2.40246  0.00340228
          68     1.14141      2.2094     2.20165  0.00286516
          68     1.16706     1.94966     1.97546  0.00315923
          68     1.19271     1.69451     1.74987  0.00293974
          68     1.21836     1.58525     1.55877  0.00283119
          68     1.24401     1.37806      1.3878  0.00316775
          68     1.26966     1.22047     1.24174  0.00277226
          68     1.29531     1.13957     1.11956  0.00216348
          68     1.32096     1.03652      1.0179  0.00217074
          68     1.34661    0.958668    0.935433  0.00213225
          68     1.37226    0.886684    0.868659  0.00193123
          68     1.39791    0.818989    0.814833  0.00194754
          68     1.42355    0.772867    0.767408   0.0016455
          68      1.4492    0.737661    0.732826  0.00170035
          68     1.47485    0.686568     0.71035   0.0016993
          68      1.5005    0.679729    0.690381  0.00174228
          68     1.52615    0.654225    0.679681   0.0015603
          68      1.5518    0.648469    0.672204  0.00163308
          68     1.57745    0.683063    0.673126  0.00154806
          68      1.6031    0.676727    0.678551  0.00174786
          68     1.62875     0.67805    0.686213  0.00158216
          68      1.6544    0.693922     0.70326   0.0018802
          68     1.68005     0.71589    0.725527  0.00149903
          68      1.7057     0.73954    0.749941  0.00136128
          68     1.73135    0.810579    0.780991  0.00160229
          68       1.757    0.833175    0.817079  0.00160468
          68     1.78265    0.872567    0.855503  0.00195228
          68      1.8083    0.919529    0.899631  0.00186413
          68     1.83395    0.943107    0.940821  0.00178361
          68      1.8596    0.993349    0.979829  0.00159284
          68     1.88525     1.04277     1.02162  0.00154399
          68      1.9109     1.06642     1.06236  0.00145521
          68     1.93655     1.10611     1.09912  0.00146235
          68      1.9622     1.13331     1.13274  0.00168256
          68     1.98785     1.16655     1.16372  0.00166762
          68      2.0135     1.17579     1.18684  0.00151973
          68     2.03915     1.20096     1.20269  0.00150815
          68      2.0648     1.20259     1.21217  0.00143029
          68     2.09045     1.22171     1.21576  0.00136547
          68      2.1161     1.19755     1.20702  0.00165911
          68     2.14174     1.17582     1.19392  0.00139708
          68     2.16739     1.16062     1.17371  0.00145862
          68     2.19304     1.14857     1.14906  0.00148073
          68     2.21869     1.11902      1.1217  0.00154353
          68     2.24434     1.07191      1.0927  0.00160929
          68     2.26999     1.05739     1.06322  0.00158214
          68     2.29564     1.03702     1.03561   0.0015959
          68     2.32129     1.02913     1.00988  0.00141979
          68     2.34694    0.972774     0.98341  0.00139706
          68     2.37259    0.951577    0.960715  0.00115074
          68     2.39824    0.929998    0.939117  0.00107815
          68     2.42389    0.909586    0.922872  0.00117212
          68     2.44954    0.912384    0.912986  0.00108982
          68     2.47519    0.901134    0.902078  0.00108743
          68     2.50084    0.896737    0.893957   0.0011425
          68     2.52649    0.889341    0.891353  0.00132567
          68     2.55214    0.887986    0.892029  0.00116418
          69   0.0128248           0           0           0
          69   0.0384745           0           0           0
          69   0.0641241           0           0           0
          69   0.0897737           0           0           0
          69    0.115423           0           0           0
          69    0.141073           0           0           0
          69    0.166723           0           0           0
          69    0.192372           0           0           0
          69    0.218022           0           0           0
          69    0.243672           0           0           0
          69    0.269321           0           0           0
          69    0.294971           0           0           0
          69     0.32062           0           0           0
          69     0.34627           0           0           0
          69     0.37192           0           0           0
          69    0.397569           0           0           0
          69    0.423219           0           0           0
          69    0.448869           0           0           0
          69    0.474518           0           0           0
          69    0.500168           0           0           0
          69    0.525818           0           0           0
          69    0.551467           0           0           0
          69    0.577117           0           0           0
          69    0.602767           0           0           0
          69    0.628416           0           0           0
          69    0.654066           0           0           0
          69    0.679715           0           0           0
          69    0.705365           0           0           0
          69    0.731015           0           0           0
          69    0.756664           0           0           0
          69    0.782314           0           0           0
          69    0.807964           0           0           0
          69    0.833613           0           0           0
          69    0.859263           0 1.12767e-05 5.78316e-06
          69    0.884913  0.00137558  0.00120812 6.89944e-05
          69    0.910562   0.0252733   0.0241336 0.000356179
          69    0.936212    0.163125    0.164548 0.000883611
          69    0.961861    0.581328    0.570305  0.00149172
          69    0.987511     1.18529     1.20801  0.00230459
          69     1.01316     1.85045     1.86839  0.00375232
          69     1.03881     2.34711     2.33999  0.00347606
          69     1.06446     2.55009       2.557  0.00337339
          69     1.09011     2.54993      2.5492  0.00350895
          69     1.11576     2.41955     2.40271  0.00336198
          69     1.14141     2.20773     2.20173  0.00282499
          69     1.16706     2.00692     1.97591  0.00314618
          69     1.19271     1.75207      1.7499  0.00289731
          69     1.21836      1.5714     1.55896  0.00279606
          69     1.24401     1.40595     1.38806  0.00313274
          69     1.26966     1.25722     1.24196  0.00274115
          69     1.29531     1.11917     1.11956  0.00213213
          69     1.32096    0.995295     1.01758  0.00216387
          69     1.34661     0.90956    0.935058  0.00213407
          69     1.37226    0.842637    0.868282  0.00193971
          69     1.39791    0.809272    0.814753  0.00192098
          69     1.42355    0.769436    0.767437  0.00162192
          69      1.4492     0.74013    0.732932    0.001679
          69     1.47485    0.703821    0.710256  0.00167731
          69      1.5005    0.680788    0.690242  0.00172257
          69     1.52615    0.669413    0.679532  0.00154477
          69      1.5518    0.678065    0.672289  0.00161162
          69     1.57745    0.666047    0.673023  0.00152902
          69      1.6031    0.686754     0.67867  0.00172657
          69     1.62875     0.69896    0.686398  0.00156998
          69      1.6544    0.704664    0.703281  0.00185306
          69     1.68005    0.733522    0.725643  0.00148177
          69      1.7057    0.751289     0.74996  0.00134169
          69     1.73135    0.788552    0.781101  0.00158281
          69       1.757    0.813178    0.817022  0.00158242
          69     1.78265      0.8451    0.855353   0.0019298
          69      1.8083    0.889595    0.899486  0.00184278
          69     1.83395    0.946361    0.940901  0.00175957
          69      1.8596     1.00239    0.980156  0.00160295
          69     1.88525     1.03305     1.02179  0.00153047
          69      1.9109      1.0662     1.06242  0.00143519
          69     1.93655     1.07932     1.09883  0.00146904
          69      1.9622     1.11005     1.13241     0.00169
          69     1.98785     1.16255     1.16371  0.00164354
          69      2.0135     1.17606     1.18669  0.00150571
          69     2.03915     1.18906     1.20249  0.00149916
          69      2.0648     1.21232     1.21217  0.00140956
          69     2.09045     1.21831     1.21579  0.00134618
          69      2.1161     1.22063     1.20722  0.00164675
          69     2.14174     1.19215     1.19389  0.00137707
          69     2.16739     1.17638     1.17375    0.001438
          69     2.19304     1.15312     1.14912  0.00146044
          69     2.21869     1.13126     1.12184  0.00152735
          69     2.24434     1.07863     1.09249  0.00159883
          69     2.26999     1.07042     1.06332  0.00156265
          69     2.29564     1.02999     1.03552  0.00157484
          69     2.32129     1.01105      1.0099  0.00139932
          69     2.34694    0.991945    0.983534  0.00138227
          69     2.37259    0.980733    0.961005  0.00117007
          69     2.39824    0.944367    0.939193  0.00106521
          69     2.42389    0.931691       0.923  0.00116208
          69     2.44954    0.925272    0.913164  0.00108847
          69     2.47519    0.908453     0.90217  0.00107559
          69     2.50084    0.903771    0.894099  0.00113476
          69     2.52649    0.889665    0.891328  0.00130668
          69     2.55214     0.88932     0.89199  0.00114797
          70   0.0128248           0           0           0
          70   0.0384745           0           0           0
          70   0.0641241           0           0           0
          70   0.0897737           0           0           0
          70    0.115423           0           0           0
          70    0.141073           0           0           0
          70    0.166723           0           0           0
          70    0.192372           0           0           0
          70    0.218022           0           0           0
          70    0.243672           0           0           0
          70    0.269321           0           0           0
          70    0.294971           0           0           0
          70     0.32062           0           0           0
          70     0.34627           0           0           0
          70     0.37192           0           0           0
          70    0.397569           0           0           0
          70    0.423219           0           0           0
          70    0.448869           0           0           0
          70    0.474518           0           0           0
          70    0.500168           0           0           0
          70    0.525818           0           0           0
          70    0.551467           0           0           0
          70    0.577117           0           0           0
          70    0.602767           0           0           0
          70    0.628416           0           0           0
          70    0.654066           0           0           0
          70    0.679715           0           0           0
          70    0.705365           0           0           0
          70    0.731015           0           0           0
          70    0.756664           0           0           0
          70    0.782314           0           0           0
          70    0.807964           0           0           0
          70    0.833613           0           0           0
          70    0.859263           0 1.11156e-05 5.70279e-06
          70    0.884913  0.00132056  0.00120972 6.80275e-05
          70    0.910562   0.0241301   0.0241335  0.00035109
          70    0.936212    0.166009    0.164569 0.000871235
          70    0.961861    0.589742    0.570582  0.00149603
          70    0.987511     1.18474     1.20768  0.00229551
          70     1.01316     1.81988      1.8677  0.00376217
          70     1.03881     2.27062       2.339  0.00356486
          70     1.06446      2.5627     2.55708  0.00332618
          70     1.09011     2.62258     2.55025    0.003612
          70     1.11576     2.43742      2.4032  0.00335034
          70     1.14141     2.23601     2.20222  0.00282675
          70     1.16706     1.95429      1.9756  0.00311636
          70     1.19271     1.75158     1.74992  0.00285602
          70     1.21836     1.56892      1.5591  0.00275974
          70     1.24401     1.39539     1.38816  0.00308974
          70     1.26966     1.23726     1.24189  0.00270282
          70     1.29531     1.10128      1.1193   0.0021176
          70     1.32096     1.02336     1.01766  0.00213453
          70     1.34661    0.951143    0.935288  0.00211592
          70     1.37226    0.875274    0.868382  0.00191457
          70     1.39791    0.810617    0.814694  0.00189445
          70     1.42355    0.758054    0.767303  0.00160428
          70      1.4492    0.718341    0.732723   0.0016679
          70     1.47485    0.684448    0.709887  0.00169338
          70      1.5005    0.670275    0.689957  0.00172141
          70     1.52615    0.652233    0.679142  0.00157116
          70      1.5518      0.6345    0.671749  0.00167657
          70     1.57745    0.648101    0.672667  0.00154808
          70      1.6031    0.674587    0.678612  0.00170289
          70     1.62875    0.698603    0.686573   0.0015572
          70      1.6544    0.700366    0.703239  0.00182705
          70     1.68005    0.740254    0.725852  0.00147523
          70      1.7057     0.76298    0.750146  0.00133535
          70     1.73135    0.806554    0.781464  0.00160142
          70       1.757    0.845021    0.817422  0.00160957
          70     1.78265    0.873724    0.855615     0.00192
          70      1.8083    0.911702    0.899661   0.0018247
          70     1.83395    0.930915    0.940758   0.0017402
          70      1.8596    0.990732    0.980307  0.00158716
          70     1.88525     1.03746     1.02201  0.00152489
          70      1.9109     1.06678     1.06248  0.00141604
          70     1.93655     1.11751      1.0991  0.00147209
          70      1.9622     1.14359     1.13257  0.00167338
          70     1.98785     1.16775     1.16376  0.00162108
          70      2.0135     1.18946     1.18673  0.00148472
          70     2.03915     1.19336     1.20236  0.00148341
          70      2.0648      1.2084     1.21212  0.00139046
          70     2.09045     1.22063     1.21586  0.00132872
          70      2.1161     1.20379     1.20717  0.00162396
          70     2.14174     1.19145     1.19386  0.00135784
          70     2.16739     1.17201     1.17373  0.00141767
          70     2.19304     1.14724     1.14909  0.00143982
          70     2.21869     1.11908      1.1218  0.00150604
          70     2.24434     1.07606     1.09226  0.00159313
          70     2.26999     1.06562     1.06335  0.00154068
          70     2.29564     1.02933     1.03544  0.00155483
          70     2.32129    0.997208     1.00971  0.00139102
          70     2.34694    0.967762    0.983309  0.00138077
          70     2.37259    0.934433    0.960626  0.00121337
          70     2.39824    0.930495    0.939069  0.00105721
          70     2.42389     0.91381    0.922869  0.00115287
          70     2.44954    0.903908    0.913032  0.00108093
          70     2.47519     0.88759    0.901962   0.0010802
          70     2.50084    0.884384     0.89396    0.001127
          70     2.52649    0.886864    0.891264  0.00128957
          70     2.55214    0.888326    0.891938  0.00113276
          71   0.0128248           0           0           0
          71   0.0384745           0           0           0
          71   0.0641241           0           0           0
          71   0.0897737           0           0           0
          71    0.115423           0           0           0
          71    0.141073           0           0           0
          71    0.166723           0           0           0
          71    0.192372           0           0           0
          71    0.218022           0           0           0
          71    0.243672           0           0           0
          71    0.269321           0           0           0
          71    0.294971           0           0           0
          71     0.32062           0           0           0
          71     0.34627           0           0           0
          71     0.37192           0           0           0
          71    0.397569           0           0           0
          71    0.423219           0           0           0
          71    0.448869           0           0           0
          71    0.474518           0           0           0
          71    0.500168           0           0           0
          71    0.525818           0           0           0
          71    0.551467           0           0           0
          71    0.577117           0           0           0
          71    0.602767           0           0           0
          71    0.628416           0           0           0
          71    0.654066           0           0           0
          71    0.679715           0           0           0
          71    0.705365           0           0           0
          71    0.731015           0           0           0
          71    0.756664           0           0           0
          71    0.782314           0           0           0
          71    0.807964           0           0           0
          71    0.833613           0           0           0
          71    0.859263           0  1.0959e-05 5.62462e-06
          71    0.884913  0.00221927  0.00122394 6.85393e-05
          71    0.910562   0.0293094   0.0242064 0.000353633
          71    0.936212    0.170024    0.164646 0.000862345
          71    0.961861    0.569778    0.570571    0.001475
          71    0.987511     1.19199     1.20746  0.00227379
          71     1.01316     1.89311     1.86806  0.00372618
          71     1.03881     2.37646     2.33952  0.00355348
          71     1.06446     2.52167     2.55658   0.0033165
          71     1.09011     2.51913     2.54981  0.00358762
          71     1.11576     2.37055     2.40274  0.00333456
          71     1.14141     2.20001     2.20219  0.00278711
          71     1.16706      2.0272     1.97633  0.00315606
          71     1.19271      1.7792     1.75033  0.00284541
          71     1.21836     1.54048     1.55884   0.0027333
          71     1.24401     1.36591     1.38785  0.00306208
          71     1.26966     1.23704     1.24183  0.00266561
          71     1.29531     1.11072     1.11918  0.00209122
          71     1.32096      1.0067     1.01751  0.00211004
          71     1.34661    0.936189    0.935301  0.00208615
          71     1.37226    0.878073    0.868518  0.00189247
          71     1.39791    0.819841    0.814766  0.00186915
          71     1.42355    0.760357    0.767206  0.00158466
          71      1.4492    0.750922     0.73298  0.00166399
          71     1.47485    0.733086    0.710214  0.00170076
          71      1.5005     0.69407    0.690015  0.00169814
          71     1.52615    0.674229    0.679073  0.00155055
          71      1.5518     0.66622    0.671671  0.00165477
          71     1.57745    0.667761    0.672598  0.00152781
          71      1.6031     0.68183    0.678657  0.00167951
          71     1.62875    0.683031    0.686523  0.00153607
          71      1.6544    0.715501    0.703412  0.00180946
          71     1.68005     0.72018    0.725772  0.00145662
          71      1.7057    0.745745    0.750084  0.00131798
          71     1.73135    0.767599    0.781269  0.00159073
          71       1.757    0.833896    0.817654  0.00160354
          71     1.78265      0.8692    0.855806  0.00190247
          71      1.8083    0.891914    0.899551  0.00180225
          71     1.83395    0.939405    0.940739   0.0017158
          71      1.8596     1.00379    0.980638  0.00159889
          71     1.88525     1.04312     1.02231  0.00153211
          71      1.9109     1.07002     1.06258  0.00140007
          71     1.93655     1.08001     1.09883  0.00147569
          71      1.9622     1.09759     1.13208  0.00172082
          71     1.98785     1.12833     1.16327  0.00167333
          71      2.0135     1.16754     1.18646   0.0014882
          71     2.03915     1.19065      1.2022  0.00147165
          71      2.0648     1.21263     1.21213  0.00137089
          71     2.09045      1.2005     1.21564   0.0013275
          71      2.1161      1.2166      1.2073  0.00160651
          71     2.14174     1.20737     1.19405  0.00135198
          71     2.16739     1.18693     1.17391  0.00140985
          71     2.19304     1.15876     1.14923  0.00142596
          71     2.21869     1.12899      1.1219  0.00148823
          71     2.24434     1.08848      1.0922  0.00157158
          71     2.26999     1.05709     1.06326   0.0015215
          71     2.29564     1.02858     1.03534  0.00153592
          71     2.32129     1.00497     1.00965  0.00137303
          71     2.34694    0.987286    0.983365  0.00136246
          71     2.37259    0.968057     0.96073  0.00120078
          71     2.39824    0.953814    0.939276  0.00106252
          71     2.42389    0.921973    0.922856   0.0011367
          71     2.44954    0.910038     0.91299  0.00106652
          71     2.47519    0.903977    0.901991  0.00106536
          71     2.50084    0.902297    0.894078  0.00111723
          71     2.52649    0.893569    0.891297  0.00127182
          71     2.55214      0.9057    0.892132  0.00113327
          72   0.0128248           0           0           0
          72   0.0384745           0           0           0
          72   0.0641241           0           0           0
          72   0.0897737           0           0           0
          72    0.115423           0           0           0
          72    0.141073           0           0           0
          72    0.166723           0           0           0
          72    0.192372           0           0           0
          72    0.218022           0           0           0
          72    0.243672           0           0           0
          72    0.269321           0           0           0
          72    0.294971           0           0           0
          72     0.32062           0           0           0
          72     0.34627           0           0           0
          72     0.37192           0           0           0
          72    0.397569           0           0           0
          72    0.423219           0           0           0
          72    0.448869           0           0           0
          72    0.474518           0           0           0
          72    0.500168           0           0           0
          72    0.525818           0           0           0
          72    0.551467           0           0           0
          72    0.577117           0           0           0
          72    0.602767           0           0           0
          72    0.628416           0           0           0
          72    0.654066           0           0           0
          72    0.679715           0           0           0
          72    0.705365           0           0           0
          72    0.731015           0           0           0
          72    0.756664           0           0           0
          72    0.782314           0           0           0
          72    0.807964           0           0           0
          72    0.833613           0           0           0
          72    0.859263           0 1.08068e-05 5.54856e-06
          72    0.884913  0.00132056  0.00122528 6.76005e-05
          72    0.910562   0.0245458   0.0242111 0.000348753
          72    0.936212    0.170319    0.164725 0.000853959
          72    0.961861    0.592816     0.57088  0.00148652
          72    0.987511     1.21174     1.20752  0.00224299
          72     1.01316     1.88673     1.86832  0.00368344
          72     1.03881     2.33198     2.33942  0.00350567
          72     1.06446     2.55538     2.55656  0.00327048
          72     1.09011     2.51919     2.54939  0.00356291
          72     1.11576     2.37488     2.40235  0.00331062
          72     1.14141     2.17284     2.20179  0.00277806
          72     1.16706      2.0007     1.97667  0.00313032
          72     1.19271      1.7838      1.7508  0.00284359
          72     1.21836     1.54182      1.5586  0.00270553
          72     1.24401     1.40621     1.38811  0.00303015
          72     1.26966     1.24802     1.24191  0.00262998
          72     1.29531     1.13044     1.11933  0.00206801
          72     1.32096     1.01053     1.01741  0.00208296
          72     1.34661    0.927223    0.935189  0.00206019
          72     1.37226    0.860584    0.868408  0.00186939
          72     1.39791    0.820437    0.814845  0.00184485
          72     1.42355    0.779933    0.767382  0.00157248
          72      1.4492    0.733161    0.732982  0.00164088
          72     1.47485     0.69187    0.709959  0.00169612
          72      1.5005    0.672017    0.689765  0.00169286
          72     1.52615    0.674599    0.679011  0.00153026
          72      1.5518    0.672429    0.671682  0.00163182
          72     1.57745    0.670659    0.672571  0.00150683
          72      1.6031    0.672334    0.678569  0.00165848
          72     1.62875    0.694131    0.686628  0.00151837
          72      1.6544    0.719473    0.703635  0.00179803
          72     1.68005    0.721935    0.725719  0.00143736
          72      1.7057    0.750129    0.750085  0.00129968
          72     1.73135    0.800795     0.78154  0.00159159
          72       1.757    0.819254    0.817676  0.00158142
          72     1.78265    0.858556    0.855845  0.00187643
          72      1.8083    0.893442    0.899467  0.00177922
          72     1.83395    0.931321    0.940608  0.00169695
          72      1.8596    0.994462     0.98083  0.00158817
          72     1.88525     1.03343     1.02246   0.0015186
          72      1.9109     1.07688     1.06278  0.00139464
          72     1.93655     1.10256     1.09888   0.0014561
          72      1.9622     1.13054     1.13206  0.00169706
          72     1.98785     1.14961     1.16308   0.0016608
          72      2.0135     1.17703     1.18633  0.00147328
          72     2.03915     1.19607     1.20211  0.00145367
          72      2.0648     1.20887     1.21208   0.0013526
          72     2.09045     1.21613     1.21565  0.00130908
          72      2.1161     1.21213     1.20737   0.0015856
          72     2.14174     1.18596     1.19394  0.00133786
          72     2.16739     1.16879     1.17384  0.00139207
          72     2.19304      1.1466     1.14919  0.00140662
          72     2.21869     1.11229     1.12177  0.00147354
          72     2.24434     1.07952     1.09203  0.00155959
          72     2.26999     1.05054     1.06309   0.0015106
          72     2.29564     1.04529     1.03548   0.0015208
          72     2.32129     1.02013     1.00979  0.00136165
          72     2.34694    0.999369    0.983587  0.00136155
          72     2.37259    0.974401     0.96092  0.00119902
          72     2.39824     0.95122    0.939442  0.00106064
          72     2.42389    0.936771    0.923049  0.00113723
          72     2.44954    0.906658    0.912902  0.00105533
          72     2.47519    0.896698    0.901917   0.0010531
          72     2.50084    0.878249    0.893858  0.00112313
          72     2.52649     0.86882    0.890985   0.0012919
          72     2.55214    0.883501    0.892012  0.00112385
          73   0.0128248           0           0           0
          73   0.0384745           0           0           0
          73   0.0641241           0           0           0
          73   0.0897737           0           0           0
          73    0.115423           0           0           0
          73    0.141073           0           0           0
          73    0.166723           0           0           0
          73    0.192372           0           0           0
          73    0.218022           0           0           0
          73    0.243672           0           0           0
          73    0.269321           0           0           0
          73    0.294971           0           0           0
          73     0.32062           0           0           0
          73     0.34627           0           0           0
          73     0.37192           0           0           0
          73    0.397569           0           0           0
          73    0.423219           0           0           0
          73    0.448869           0           0           0
          73    0.474518           0           0           0
          73    0.500168           0           0           0
          73    0.525818           0           0           0
          73    0.551467           0           0           0
          73    0.577117           0           0           0
          73    0.602767           0           0           0
          73    0.628416           0           0           0
          73    0.654066           0           0           0
          73    0.679715           0           0           0
          73    0.705365           0           0           0
          73    0.731015           0           0           0
          73    0.756664           0           0           0
          73    0.782314           0           0           0
          73    0.807964           0           0           0
          73    0.833613           0           0           0
          73    0.859263           0 1.06588e-05 5.47452e-06
          73    0.884913 0.000788665   0.0012193 6.69385e-05
          73    0.910562   0.0184483   0.0241322 0.000352797
          73    0.936212    0.154752    0.164588 0.000853119
          73    0.961861    0.559005    0.570717  0.00147503
          73    0.987511     1.18602     1.20722   0.0022315
          73     1.01316     1.84958     1.86806  0.00364191
          73     1.03881     2.38444     2.34004  0.00351148
          73     1.06446     2.58982     2.55702  0.00325725
          73     1.09011      2.5596     2.54953  0.00351685
          73     1.11576     2.40004     2.40232  0.00326542
          73     1.14141     2.16783     2.20132  0.00277866
          73     1.16706     1.91284     1.97579  0.00320724
          73     1.19271     1.70651     1.75019  0.00286864
          73     1.21836     1.56845     1.55874  0.00267183
          73     1.24401     1.38885     1.38812  0.00298865
          73     1.26966     1.21407     1.24153  0.00262145
          73     1.29531     1.11183     1.11923  0.00204224
          73     1.32096     1.04668     1.01781  0.00209267
          73     1.34661    0.933631    0.935167  0.00203208
          73     1.37226    0.875289    0.868502  0.00184616
          73     1.39791    0.837356    0.815153  0.00184517
          73     1.42355    0.787892    0.767663  0.00157584
          73      1.4492    0.751818     0.73324  0.00163856
          73     1.47485    0.727209    0.710195  0.00168926
          73      1.5005    0.733979     0.69037  0.00177471
          73     1.52615    0.715953    0.679517  0.00159078
          73      1.5518     0.70166    0.672092  0.00166033
          73     1.57745     0.67878    0.672656  0.00148859
          73      1.6031    0.693807    0.678778  0.00164884
          73     1.62875     0.71667     0.68704  0.00155233
          73      1.6544    0.730645    0.704005  0.00181107
          73     1.68005    0.717355    0.725604  0.00142223
          73      1.7057    0.730101    0.749811  0.00131039
          73     1.73135    0.745744     0.78105  0.00164359
          73       1.757    0.766865     0.81698  0.00170607
          73     1.78265    0.804499    0.855141  0.00197816
          73      1.8083    0.861246    0.898943  0.00183026
          73     1.83395    0.917847    0.940296   0.0017021
          73      1.8596    0.967693     0.98065  0.00157658
          73     1.88525     1.02181     1.02246  0.00149783
          73      1.9109     1.03935     1.06246    0.001412
          73     1.93655     1.07563     1.09856  0.00147056
          73      1.9622     1.11686     1.13185  0.00168653
          73     1.98785     1.17215      1.1632  0.00164269
          73      2.0135      1.1914      1.1864  0.00145474
          73     2.03915     1.21345     1.20227  0.00144204
          73      2.0648     1.20491     1.21198  0.00133763
          73     2.09045     1.21662     1.21566  0.00129121
          73      2.1161     1.22648     1.20763  0.00158535
          73     2.14174     1.21849     1.19427  0.00136117
          73     2.16739     1.18632     1.17401  0.00138346
          73     2.19304     1.15796     1.14931  0.00139247
          73     2.21869     1.11856     1.12173  0.00145401
          73     2.24434      1.0922     1.09203  0.00153822
          73     2.26999     1.08084     1.06333  0.00150934
          73     2.29564     1.05275     1.03571  0.00151826
          73     2.32129     1.02197     1.00996  0.00135317
          73     2.34694     1.00051    0.983819  0.00136248
          73     2.37259    0.967361    0.961008  0.00118584
          73     2.39824    0.957797    0.939694   0.0010755
          73     2.42389    0.935747    0.923223  0.00113487
          73     2.44954    0.919681    0.912995  0.00104495
          73     2.47519    0.906336    0.901978  0.00104041
          73     2.50084     0.89899    0.893928  0.00110994
          73     2.52649    0.899069    0.891095  0.00127894
          73     2.55214    0.890476    0.891991  0.00110866
          74   0.0128248           0           0           0
          74   0.0384745           0           0           0
          74   0.0641241           0           0           0
          74   0.0897737           0           0           0
          74    0.115423           0           0           0
          74    0.141073           0           0           0
          74    0.166723           0           0           0
          74    0.192372           0           0           0
          74    0.218022           0           0           0
          74    0.243672           0           0           0
          74    0.269321           0           0           0
          74    0.294971           0           0           0
          74     0.32062           0           0           0
          74     0.34627           0           0           0
          74     0.37192           0           0           0
          74    0.397569           0           0           0
          74    0.423219           0           0           0
          74    0.448869           0           0           0
          74    0.474518           0           0           0
          74    0.500168           0           0           0
          74    0.525818           0           0           0
          74    0.551467           0           0           0
          74    0.577117           0           0           0
          74    0.602767           0           0           0
          74    0.628416           0           0           0
          74    0.654066           0           0           0
          74    0.679715           0           0           0
          74    0.705365           0           0           0
          74    0.731015           0           0           0
          74    0.756664           0           0           0
          74    0.782314           0           0           0
          74    0.807964           0           0           0
          74    0.833613           0           0           0
          74    0.859263           0 1.05148e-05 5.40244e-06
          74    0.884913  0.00188913  0.00122835 6.66431e-05
          74    0.910562   0.0276811   0.0241801 0.000351274
          74    0.936212    0.166157    0.164609 0.000841854
          74    0.961861    0.556226    0.570522  0.00146804
          74    0.987511     1.17638     1.20681  0.00223994
          74     1.01316     1.88603      1.8683  0.00360078
          74     1.03881     2.39801     2.34082  0.00355033
          74     1.06446     2.58294     2.55737  0.00323201
          74     1.09011     2.57561     2.54988  0.00348694
          74     1.11576      2.4242     2.40262  0.00323465
          74     1.14141     2.18261     2.20107  0.00275259
          74     1.16706     1.96668     1.97567  0.00316627
          74     1.19271     1.76088     1.75034  0.00283351
          74     1.21836      1.5463     1.55857  0.00264101
          74     1.24401     1.37632     1.38796  0.00295251
          74     1.26966     1.24071     1.24152  0.00258605
          74     1.29531     1.11368     1.11916  0.00201602
          74     1.32096     1.01548     1.01778  0.00206463
          74     1.34661    0.913623    0.934876  0.00202537
          74     1.37226    0.849173    0.868241  0.00183959
          74     1.39791    0.807574    0.815051  0.00182308
          74     1.42355    0.767594    0.767662  0.00155454
          74      1.4492     0.73273    0.733233  0.00161643
          74     1.47485    0.693738    0.709973  0.00168101
          74      1.5005    0.680584    0.690238  0.00175565
          74     1.52615    0.689424    0.679651   0.0015749
          74      1.5518    0.671766    0.672088   0.0016379
          74     1.57745    0.686076    0.672838  0.00147948
          74      1.6031    0.682953    0.678835  0.00162752
          74     1.62875    0.676745    0.686901  0.00153758
          74      1.6544     0.69228    0.703846  0.00179352
          74     1.68005    0.707036    0.725353  0.00142497
          74      1.7057    0.743869    0.749731  0.00129514
          74     1.73135    0.783813    0.781087   0.0016218
          74       1.757     0.83177     0.81718  0.00169468
          74     1.78265    0.879026    0.855464  0.00197758
          74      1.8083    0.915018     0.89916  0.00181837
          74     1.83395    0.951528    0.940448  0.00168586
          74      1.8596     1.00808    0.981021  0.00159825
          74     1.88525     1.04478     1.02276  0.00150767
          74      1.9109     1.04842     1.06227  0.00140562
          74     1.93655     1.10163      1.0986  0.00145128
          74      1.9622     1.12143     1.13171  0.00166961
          74     1.98785     1.15281     1.16306  0.00162648
          74      2.0135     1.18359     1.18636  0.00143557
          74     2.03915     1.20933     1.20236   0.0014257
          74      2.0648     1.20804     1.21193  0.00132062
          74     2.09045      1.1853     1.21525  0.00133738
          74      2.1161     1.16593     1.20707  0.00166107
          74     2.14174     1.17818     1.19406  0.00136004
          74     2.16739     1.17244     1.17399  0.00136493
          74     2.19304     1.16802     1.14957  0.00139642
          74     2.21869     1.15696      1.1222  0.00151031
          74     2.24434     1.10937     1.09226  0.00153518
          74     2.26999     1.06991     1.06342  0.00149156
          74     2.29564     1.04588     1.03585  0.00150394
          74     2.32129     1.01194     1.00999  0.00133515
          74     2.34694    0.988694    0.983885  0.00134566
          74     2.37259    0.961176    0.961011  0.00116982
          74     2.39824     0.93225    0.939593  0.00106566
          74     2.42389    0.912488    0.923078  0.00112877
          74     2.44954    0.903623    0.912868  0.00103847
          74     2.47519    0.891622    0.901838  0.00103572
          74     2.50084    0.890033    0.893875  0.00109619
          74     2.52649    0.882928    0.890985  0.00126641
          74     2.55214    0.890595    0.891972  0.00109383
          75   0.0128248           0           0           0
          75   0.0384745           0           0           0
          75   0.0641241           0           0           0
          75   0.0897737           0           0           0
          75    0.115423           0           0           0
          75    0.141073           0           0           0
          75    0.166723           0           0           0
          75    0.192372           0           0           0
          75    0.218022           0           0           0
          75    0.243672           0           0           0
          75    0.269321           0           0           0
          75    0.294971           0           0           0
          75     0.32062           0           0           0
          75     0.34627           0           0           0
          75     0.37192           0           0           0
          75    0.397569           0           0           0
          75    0.423219           0           0           0
          75    0.448869           0           0           0
          75    0.474518           0           0           0
          75    0.500168           0           0           0
          75    0.525818           0           0           0
          75    0.551467           0           0           0
          75    0.577117           0           0           0
          75    0.602767           0           0           0
          75    0.628416           0           0           0
          75    0.654066           0           0           0
          75    0.679715           0           0           0
          75    0.705365           0           0           0
          75    0.731015           0           0           0
          75    0.756664           0           0           0
          75    0.782314           0           0           0
          75    0.807964           0           0           0
          75    0.833613           0           0           0
          75    0.859263           0 1.03746e-05 5.33223e-06
          75    0.884913  0.00121051  0.00122812  6.5755e-05
          75    0.910562   0.0272134   0.0242206 0.000348911
          75    0.936212    0.162716    0.164584 0.000831007
          75    0.961861    0.578534    0.570628  0.00145235
          75    0.987511     1.23122     1.20713  0.00223361
          75     1.01316     1.86444     1.86825  0.00355314
          75     1.03881     2.33664     2.34076  0.00350343
          75     1.06446      2.5732     2.55758   0.0031958
          75     1.09011     2.55746     2.54998  0.00344192
          75     1.11576     2.42954     2.40298  0.00321138
          75     1.14141     2.20473     2.20112  0.00271632
          75     1.16706     1.92579       1.975  0.00319315
          75     1.19271     1.70548     1.74974  0.00285816
          75     1.21836     1.55053     1.55846  0.00260797
          75     1.24401     1.39173     1.38801  0.00291357
          75     1.26966     1.22558     1.24131  0.00256029
          75     1.29531     1.14575     1.11951  0.00202007
          75     1.32096     1.02243     1.01784  0.00203803
          75     1.34661    0.956933     0.93517   0.0020196
          75     1.37226    0.851728    0.868021  0.00182819
          75     1.39791    0.824479    0.815177   0.0018031
          75     1.42355    0.764993    0.767627  0.00153422
          75      1.4492    0.733989    0.733243  0.00159491
          75     1.47485    0.699787    0.709837  0.00166408
          75      1.5005    0.687065    0.690196  0.00173275
          75     1.52615     0.68372    0.679705  0.00155484
          75      1.5518    0.663959     0.67198  0.00161965
          75     1.57745    0.656829    0.672624  0.00147507
          75      1.6031    0.661771    0.678607  0.00162165
          75     1.62875    0.678581     0.68679  0.00152107
          75      1.6544    0.712063    0.703956  0.00177295
          75     1.68005    0.731848     0.72544   0.0014086
          75      1.7057     0.75634    0.749819  0.00128086
          75     1.73135    0.790771    0.781216  0.00160531
          75       1.757    0.817719    0.817187   0.0016721
          75     1.78265     0.88252    0.855825  0.00198384
          75      1.8083    0.909967    0.899304  0.00179983
          75     1.83395    0.936646    0.940398  0.00166414
          75      1.8596    0.984448    0.981066  0.00157759
          75     1.88525      1.0262      1.0228  0.00148826
          75      1.9109     1.07137     1.06239  0.00139211
          75     1.93655     1.09707     1.09858  0.00143207
          75      1.9622     1.12844     1.13166  0.00164791
          75     1.98785     1.14254     1.16279  0.00162764
          75      2.0135     1.17766     1.18624  0.00142111
          75     2.03915     1.19303     1.20224  0.00141211
          75      2.0648     1.22022     1.21204  0.00130763
          75     2.09045      1.2267     1.21541  0.00132823
          75      2.1161     1.19801     1.20695  0.00164331
          75     2.14174      1.2011     1.19415  0.00134514
          75     2.16739     1.16664     1.17389  0.00135025
          75     2.19304      1.1282     1.14928  0.00140657
          75     2.21869     1.10017     1.12191  0.00151847
          75     2.24434     1.07623     1.09205  0.00152953
          75     2.26999     1.04747     1.06321  0.00148677
          75     2.29564     1.02038     1.03565  0.00149797
          75     2.32129     1.00084     1.00986   0.0013229
          75     2.34694    0.993862    0.984018  0.00133427
          75     2.37259    0.963845    0.961048  0.00115483
          75     2.39824    0.952618    0.939767  0.00106551
          75     2.42389    0.942078    0.923332  0.00114179
          75     2.44954    0.936193    0.913179  0.00107018
          75     2.47519     0.91528    0.902017   0.0010373
          75     2.50084    0.897853    0.893928  0.00108286
          75     2.52649    0.901834     0.89113  0.00125776
          75     2.55214    0.909535    0.892206  0.00110403
          76   0.0128248           0           0           0
          76   0.0384745           0           0           0
          76   0.0641241           0           0           0
          76   0.0897737           0           0           0
          76    0.115423           0           0           0
          76    0.141073           0           0           0
          76    0.166723           0           0           0
          76    0.192372           0           0           0
          76    0.218022           0           0           0
          76    0.243672           0           0           0
          76    0.269321           0           0           0
          76    0.294971           0           0           0
          76     0.32062           0           0           0
          76     0.34627           0           0           0
          76     0.37192           0           0           0
          76    0.397569           0           0           0
          76    0.423219           0           0           0
          76    0.448869           0           0           0
          76    0.474518           0           0           0
          76    0.500168           0           0           0
          76    0.525818           0           0           0
          76    0.551467           0           0           0
          76    0.577117           0           0           0
          76    0.602767           0           0           0
          76    0.628416           0           0           0
          76    0.654066           0           0           0
          76    0.679715           0           0           0
          76    0.705365           0           0           0
          76    0.731015           0           0           0
          76    0.756664           0           0           0
          76    0.782314           0           0           0
          76    0.807964           0           0           0
          76    0.833613           0           0           0
          76    0.859263  0.00025288 1.35654e-05 6.14304e-06
          76    0.884913  0.00122885  0.00122813 6.48898e-05
          76    0.910562   0.0224671   0.0241975 0.000345082
          76    0.936212    0.160356    0.164528 0.000821933
          76    0.961861    0.565261    0.570558  0.00143495
          76    0.987511     1.24002     1.20756  0.00224574
          76     1.01316     1.92403     1.86898   0.0035814
          76     1.03881     2.36037     2.34102  0.00346682
          76     1.06446     2.48589     2.55664  0.00329002
          76     1.09011     2.52364     2.54963  0.00341403
          76     1.11576     2.35014     2.40228  0.00324349
          76     1.14141     2.15024     2.20045  0.00276184
          76     1.16706     1.93156     1.97443  0.00320188
          76     1.19271     1.76832     1.74998  0.00283099
          76     1.21836     1.55348     1.55839  0.00257448
          76     1.24401     1.38718       1.388  0.00287526
          76     1.26966     1.25928     1.24154   0.0025375
          76     1.29531     1.13097     1.11966  0.00199911
          76     1.32096     1.04148     1.01815  0.00203481
          76     1.34661    0.947349     0.93533  0.00199938
          76     1.37226    0.886143    0.868259  0.00181962
          76     1.39791     0.81829    0.815218  0.00177984
          76     1.42355    0.799835    0.768051  0.00157148
          76      1.4492    0.760927    0.733608  0.00161499
          76     1.47485    0.719992    0.709971  0.00164754
          76      1.5005    0.712901    0.690495  0.00173551
          76     1.52615    0.691015    0.679854  0.00154148
          76      1.5518    0.662319    0.671853  0.00160332
          76     1.57745    0.662861    0.672496  0.00146124
          76      1.6031    0.675598    0.678568  0.00160079
          76     1.62875    0.685571    0.686774  0.00150114
          76      1.6544    0.713491    0.704081  0.00175405
          76     1.68005    0.733064     0.72554  0.00139364
          76      1.7057    0.754207    0.749877  0.00126531
          76     1.73135    0.763243     0.78098  0.00160151
          76       1.757    0.787704    0.816799  0.00169451
          76     1.78265    0.839564    0.855611  0.00196924
          76      1.8083    0.897176    0.899276  0.00177637
          76     1.83395    0.927012    0.940221  0.00165154
          76      1.8596    0.949459    0.980651  0.00161072
          76     1.88525      1.0061     1.02258  0.00148483
          76      1.9109     1.04332     1.06214  0.00139622
          76     1.93655     1.09057     1.09848   0.0014171
          76      1.9622     1.14698     1.13186   0.0016385
          76     1.98785     1.17448     1.16294  0.00161348
          76      2.0135     1.19318     1.18633  0.00140534
          76     2.03915     1.20665     1.20229  0.00139472
          76      2.0648      1.1922     1.21178  0.00131622
          76     2.09045     1.20978     1.21533  0.00131281
          76      2.1161     1.19363     1.20677    0.001631
          76     2.14174     1.19809      1.1942  0.00132844
          76     2.16739     1.17032     1.17385   0.0013333
          76     2.19304     1.15498     1.14936  0.00139006
          76     2.21869     1.13717     1.12211  0.00151171
          76     2.24434     1.11989     1.09242  0.00155264
          76     2.26999     1.08761     1.06353  0.00150148
          76     2.29564     1.04994     1.03583  0.00149002
          76     2.32129     1.03536      1.0102  0.00134736
          76     2.34694     1.00043    0.984234  0.00133409
          76     2.37259    0.964419    0.961093  0.00114048
          76     2.39824    0.944102    0.939824  0.00105301
          76     2.42389    0.933742    0.923469  0.00113496
          76     2.44954    0.918785    0.913253  0.00105864
          76     2.47519     0.89467     0.90192  0.00102815
          76     2.50084    0.881896     0.89377  0.00108012
          76     2.52649     0.89377    0.891164  0.00124169
          76     2.55214    0.882813    0.892082   0.0010964
          77   0.0128248           0           0           0
          77   0.0384745           0           0           0
          77   0.0641241           0           0           0
          77   0.0897737           0           0           0
          77    0.115423           0           0           0
          77    0.141073           0           0           0
          77    0.166723           0           0           0
          77    0.192372           0           0           0
          77    0.218022           0           0           0
          77    0.243672           0           0           0
          77    0.269321           0           0           0
          77    0.294971           0           0           0
          77     0.32062           0           0           0
          77     0.34627           0           0           0
          77     0.37192           0           0           0
          77    0.397569           0           0           0
          77    0.423219           0           0           0
          77    0.448869           0           0           0
          77    0.474518           0           0           0
          77    0.500168           0           0           0
          77    0.525818           0           0           0
          77    0.551467           0           0           0
          77    0.577117           0           0           0
          77    0.602767           0           0           0
          77    0.628416           0           0           0
          77    0.654066           0           0           0
          77    0.679715           0           0           0
          77    0.705365           0           0           0
          77    0.731015           0           0           0
          77    0.756664           0           0           0
          77    0.782314           0           0           0
          77    0.807964           0           0           0
          77    0.833613           0           0           0
          77    0.859263           0 1.33892e-05 6.06578e-06
          77    0.884913  0.00249438  0.00124457  6.6098e-05
          77    0.910562   0.0232639   0.0241854 0.000340813
          77    0.936212    0.168762    0.164583 0.000813096
          77    0.961861     0.57175    0.570573   0.0014164
          77    0.987511      1.2103      1.2076  0.00221686
          77     1.01316     1.86686     1.86896  0.00353499
          77     1.03881     2.38187     2.34155  0.00346215
          77     1.06446     2.55988     2.55668  0.00324757
          77     1.09011     2.56094     2.54978  0.00337285
          77     1.11576     2.42713      2.4026  0.00321738
          77     1.14141      2.1759     2.20013   0.0027443
          77     1.16706     1.96588     1.97432  0.00316223
          77     1.19271     1.75351     1.75003  0.00279459
          77     1.21836     1.53621     1.55811  0.00255712
          77     1.24401     1.41951     1.38841  0.00286689
          77     1.26966     1.27468     1.24197  0.00254078
          77     1.29531     1.13452     1.11985  0.00198245
          77     1.32096    0.996275     1.01787  0.00202812
          77     1.34661    0.935009    0.935326  0.00197342
          77     1.37226    0.874999    0.868347  0.00179809
          77     1.39791    0.789317    0.814881  0.00178823
          77     1.42355    0.721461    0.767445  0.00166348
          77      1.4492    0.695855    0.733117  0.00166677
          77     1.47485    0.683035    0.709621  0.00166286
          77      1.5005    0.680431    0.690364  0.00171789
          77     1.52615    0.678645    0.679838  0.00152154
          77      1.5518    0.675053    0.671894  0.00158303
          77     1.57745    0.665718    0.672408  0.00144491
          77      1.6031     0.69583    0.678792  0.00159562
          77     1.62875    0.693676    0.686863  0.00148432
          77      1.6544    0.704444    0.704086  0.00173128
          77     1.68005    0.727635    0.725567   0.0013758
          77      1.7057    0.746175    0.749829  0.00124979
          77     1.73135    0.777536    0.780935  0.00158134
          77       1.757    0.821641    0.816862  0.00167366
          77     1.78265    0.862877    0.855705  0.00194593
          77      1.8083    0.908983    0.899402  0.00175776
          77     1.83395    0.963563    0.940525  0.00165767
          77      1.8596     1.00105    0.980915  0.00161145
          77     1.88525     1.03882     1.02279  0.00148044
          77      1.9109     1.05591     1.06206  0.00138043
          77     1.93655     1.08906     1.09835  0.00140397
          77      1.9622     1.13002     1.13184   0.0016174
          77     1.98785     1.16521     1.16297   0.0015928
          77      2.0135     1.19014     1.18638  0.00138796
          77     2.03915     1.23953     1.20278  0.00145803
          77      2.0648     1.23294     1.21205  0.00132749
          77     2.09045     1.18715     1.21497  0.00134584
          77      2.1161     1.22322     1.20699  0.00162374
          77     2.14174     1.19796     1.19425  0.00131208
          77     2.16739     1.16192     1.17369  0.00132495
          77     2.19304     1.14074     1.14924   0.0013765
          77     2.21869     1.11953     1.12208  0.00149245
          77     2.24434     1.09621     1.09247  0.00153326
          77     2.26999     1.06423     1.06354  0.00148201
          77     2.29564     1.02779     1.03573  0.00147433
          77     2.32129    0.996829     1.01003  0.00134101
          77     2.34694    0.976485    0.984133  0.00132055
          77     2.37259    0.949816    0.960946  0.00113504
          77     2.39824    0.934643    0.939756  0.00104148
          77     2.42389     0.92023    0.923427    0.001121
          77     2.44954    0.903824     0.91313  0.00105195
          77     2.47519    0.890513    0.901772  0.00102541
          77     2.50084    0.894013    0.893773   0.0010661
          77     2.52649     0.88357    0.891066  0.00122947
          77     2.55214     0.89856    0.892167  0.00108538
          78   0.0128248           0           0           0
          78   0.0384745           0           0           0
          78   0.0641241           0           0           0
          78   0.0897737           0           0           0
          78    0.115423           0           0           0
          78    0.141073           0           0           0
          78    0.166723           0           0           0
          78    0.192372           0           0           0
          78    0.218022           0           0           0
          78    0.243672           0           0           0
          78    0.269321           0           0           0
          78    0.294971           0           0           0
          78     0.32062           0           0           0
          78     0.34627           0           0           0
          78     0.37192           0           0           0
          78    0.397569           0           0           0
          78    0.423219           0           0           0
          78    0.448869           0           0           0
          78    0.474518           0           0           0
          78    0.500168           0           0           0
          78    0.525818           0           0           0
          78    0.551467           0           0           0
          78    0.577117           0           0           0
          78    0.602767           0           0           0
          78    0.628416           0           0           0
          78    0.654066           0           0           0
          78    0.679715           0           0           0
          78    0.705365           0           0           0
          78    0.731015           0           0           0
          78    0.756664           0           0           0
          78    0.782314           0           0           0
          78    0.807964           0           0           0
          78    0.833613           0           0           0
          78    0.859263           0 1.32176e-05 5.99045e-06
          78    0.884913 0.000898711  0.00124014 6.53991e-05
          78    0.910562   0.0184483   0.0241118 0.000344289
          78    0.936212    0.162568    0.164557 0.000803082
          78    0.961861    0.567372    0.570532  0.00139884
          78    0.987511     1.21227     1.20766  0.00218924
          78     1.01316     1.86385     1.86889  0.00349028
          78     1.03881     2.33417     2.34146  0.00341906
          78     1.06446     2.59903     2.55722  0.00325101
          78     1.09011     2.59781     2.55039  0.00338536
          78     1.11576     2.40702     2.40266  0.00317663
          78     1.14141     2.21787     2.20036  0.00271853
          78     1.16706     1.94534     1.97395  0.00314344
          78     1.19271     1.74582     1.74997  0.00275928
          78     1.21836     1.53913     1.55786  0.00253588
          78     1.24401     1.36245     1.38807  0.00284939
          78     1.26966     1.22331     1.24173  0.00251945
          78     1.29531      1.0934     1.11951  0.00198583
          78     1.32096     1.02053      1.0179  0.00200241
          78     1.34661    0.921528    0.935149  0.00195603
          78     1.37226    0.865519    0.868311  0.00177541
          78     1.39791    0.817408    0.814914  0.00176559
          78     1.42355    0.758025    0.767325  0.00164653
          78      1.4492     0.70915     0.73281  0.00167349
          78     1.47485    0.696234    0.709449  0.00165038
          78      1.5005    0.692571    0.690392   0.0016961
          78     1.52615    0.702035    0.680123  0.00152842
          78      1.5518     0.70345    0.672299   0.0016136
          78     1.57745    0.692356    0.672663  0.00144885
          78      1.6031    0.687033    0.678897  0.00157866
          78     1.62875     0.70693    0.687121  0.00148742
          78      1.6544    0.706984    0.704123  0.00170948
          78     1.68005    0.716323    0.725449  0.00136326
          78      1.7057     0.74067    0.749711  0.00123927
          78     1.73135    0.772405    0.780826  0.00156484
          78       1.757     0.81382    0.816823  0.00165266
          78     1.78265     0.84576    0.855578  0.00192515
          78      1.8083     0.89104    0.899295  0.00173849
          78     1.83395    0.920623    0.940269  0.00165594
          78      1.8596    0.978862    0.980889    0.001591
          78     1.88525     1.02911     1.02288  0.00146368
          78      1.9109     1.05727       1.062   0.0013641
          78     1.93655     1.10904     1.09849  0.00139264
          78      1.9622     1.15632     1.13215  0.00162683
          78     1.98785     1.16683     1.16302  0.00157314
          78      2.0135     1.19575      1.1865  0.00137535
          78     2.03915     1.20675     1.20283  0.00144023
          78      2.0648     1.23519     1.21235   0.0013432
          78     2.09045      1.2243     1.21509  0.00133389
          78      2.1161     1.19948     1.20689  0.00160577
          78     2.14174     1.18569     1.19414  0.00129984
          78     2.16739     1.17117     1.17366  0.00130836
          78     2.19304     1.13701     1.14909  0.00136775
          78     2.21869     1.10951     1.12192  0.00148199
          78     2.24434     1.08892     1.09242  0.00151428
          78     2.26999     1.06573     1.06357  0.00146328
          78     2.29564     1.01681     1.03549  0.00147523
          78     2.32129    0.988097     1.00975  0.00135296
          78     2.34694    0.968119    0.983928  0.00131948
          78     2.37259    0.963148    0.960975  0.00112084
          78     2.39824    0.947733    0.939859  0.00103314
          78     2.42389    0.927303    0.923476  0.00110773
          78     2.44954    0.912566    0.913123  0.00103849
          78     2.47519    0.906245    0.901829  0.00101387
          78     2.50084    0.915773    0.894055   0.0010891
          78     2.52649    0.910354    0.891313  0.00123833
          78     2.55214    0.909996    0.892395  0.00109527
          79   0.0128248           0           0           0
          79   0.0384745           0           0           0
          79   0.0641241           0           0           0
          79   0.0897737           0           0           0
          79    0.115423           0           0           0
          79    0.141073           0           0           0
          79    0.166723           0           0           0
          79    0.192372           0           0           0
          79    0.218022           0           0           0
          79    0.243672           0           0           0
          79    0.269321           0           0           0
          79    0.294971           0           0           0
          79     0.32062           0           0           0
          79     0.34627           0           0           0
          79     0.37192           0           0           0
          79    0.397569           0           0           0
          79    0.423219           0           0           0
          79    0.448869           0           0           0
          79    0.474518           0           0           0
          79    0.500168           0           0           0
          79    0.525818           0           0           0
          79    0.551467           0           0           0
          79    0.577117           0           0           0
          79    0.602767           0           0           0
          79    0.628416           0           0           0
          79    0.654066           0           0           0
          79    0.679715           0           0           0
          79    0.705365           0           0           0
          79    0.731015           0           0           0
          79    0.756664           0           0           0
          79    0.782314           0           0           0
          79    0.807964           0           0           0
          79    0.833613           0           0           0
          79    0.859263           0 1.30503e-05 5.91695e-06
          79    0.884913  0.00179742  0.00124719 6.49506e-05
          79    0.910562   0.0266591   0.0241441 0.000341438
          79    0.936212    0.170368    0.164631 0.000796277
          79    0.961861    0.562078    0.570425  0.00138522
          79    0.987511     1.17604     1.20726  0.00219782
          79     1.01316     1.85153     1.86867  0.00345301
          79     1.03881      2.3058     2.34101  0.00340545
          79     1.06446     2.54839     2.55711  0.00321178
          79     1.09011     2.53615     2.55021  0.00334731
          79     1.11576     2.39762      2.4026  0.00313706
          79     1.14141     2.18069     2.20011   0.0026955
          79     1.16706     1.98144     1.97405  0.00310508
          79     1.19271     1.81111     1.75075  0.00283078
          79     1.21836     1.60037      1.5584  0.00256022
          79     1.24401     1.40524     1.38829  0.00282159
          79     1.26966     1.24964     1.24184  0.00248955
          79     1.29531     1.11837      1.1195  0.00196075
          79     1.32096      1.0331     1.01809  0.00198629
          79     1.34661    0.942502    0.935242  0.00193348
          79     1.37226    0.865679    0.868277  0.00175325
          79     1.39791    0.816012    0.814928   0.0017433
          79     1.42355    0.776878    0.767446  0.00163012
          79      1.4492    0.732422    0.732805  0.00165231
          79     1.47485    0.717998    0.709558  0.00163303
          79      1.5005    0.686702    0.690345  0.00167527
          79     1.52615     0.68824    0.680226  0.00151252
          79      1.5518    0.673788    0.672318  0.00159329
          79     1.57745    0.659599    0.672498  0.00143991
          79      1.6031    0.648861    0.678517  0.00160381
          79     1.62875     0.66844    0.686884  0.00148727
          79      1.6544    0.709345    0.704189  0.00168912
          79     1.68005    0.714618    0.725312  0.00135288
          79      1.7057    0.749823    0.749713  0.00122358
          79     1.73135    0.792654    0.780975  0.00155218
          79       1.757    0.826847     0.81695  0.00163661
          79     1.78265    0.869602    0.855755  0.00190895
          79      1.8083     0.88782     0.89915  0.00172255
          79     1.83395    0.933674    0.940186  0.00163708
          79      1.8596    0.977803     0.98085  0.00157134
          79     1.88525     1.02636     1.02292  0.00144582
          79      1.9109     1.05674     1.06193  0.00134846
          79     1.93655     1.08671     1.09834  0.00138297
          79      1.9622     1.13926     1.13224  0.00160873
          79     1.98785     1.16478     1.16304  0.00155339
          79      2.0135     1.18688     1.18651  0.00135795
          79     2.03915     1.22116     1.20306  0.00144056
          79      2.0648      1.2185     1.21243  0.00132845
          79     2.09045     1.21358     1.21507  0.00131714
          79      2.1161     1.21154     1.20695  0.00158652
          79     2.14174       1.191      1.1941    0.001284
          79     2.16739     1.16879      1.1736  0.00129324
          79     2.19304      1.1365     1.14893  0.00135968
          79     2.21869     1.09203     1.12154  0.00151073
          79     2.24434     1.07806     1.09224  0.00150598
          79     2.26999     1.05919     1.06351   0.0014458
          79     2.29564     1.03875     1.03553  0.00145714
          79     2.32129     1.02971        1.01  0.00135924
          79     2.34694     0.98799    0.983979  0.00130378
          79     2.37259    0.942057    0.960735  0.00113194
          79     2.39824    0.949596    0.939982  0.00102739
          79     2.42389     0.92853     0.92354  0.00109555
          79     2.44954    0.898309    0.912936  0.00104214
          79     2.47519    0.900974    0.901819  0.00100109
          79     2.50084    0.905636    0.894202  0.00108514
          79     2.52649    0.904926    0.891485  0.00123459
          79     2.55214      0.9114    0.892636  0.00110752
          80   0.0128248           0           0           0
          80   0.0384745           0           0           0
          80   0.0641241           0           0           0
          80   0.0897737           0           0           0
          80    0.115423           0           0           0
          80    0.141073           0           0           0
          80    0.166723           0           0           0
          80    0.192372           0           0           0
          80    0.218022           0           0           0
          80    0.243672           0           0           0
          80    0.269321           0           0           0
          80    0.294971           0           0           0
          80     0.32062           0           0           0
          80     0.34627           0           0           0
          80     0.37192           0           0           0
          80    0.397569           0           0           0
          80    0.423219           0           0           0
          80    0.448869           0           0           0
          80    0.474518           0           0           0
          80    0.500168           0           0           0
          80    0.525818           0           0           0
          80    0.551467           0           0           0
          80    0.577117           0           0           0
          80    0.602767           0           0           0
          80    0.628416           0           0           0
          80    0.654066           0           0           0
          80    0.679715           0           0           0
          80    0.705365           0           0           0
          80    0.731015           0           0           0
          80    0.756664           0           0           0
          80    0.782314           0           0           0
          80    0.807964           0           0           0
          80    0.833613           0           0           0
          80    0.859263           0 1.28871e-05 5.84524e-06
          80    0.884913   0.0021459  0.00125842  6.5103e-05
          80    0.910562   0.0252907   0.0241584  0.00033747
          80    0.936212    0.161765    0.164595 0.000787129
          80    0.961861    0.559626     0.57029  0.00137446
          80    0.987511     1.22096     1.20743  0.00217701
          80     1.01316     1.90482     1.86912  0.00343929
          80     1.03881     2.37897     2.34148  0.00339578
          80     1.06446     2.59917     2.55764  0.00321438
          80     1.09011     2.55544     2.55028   0.0033061
          80     1.11576     2.42792     2.40291  0.00311377
          80     1.14141     2.21862     2.20034  0.00267172
          80     1.16706      1.9736     1.97404  0.00306628
          80     1.19271      1.7453     1.75068  0.00279622
          80     1.21836     1.54557     1.55824  0.00253324
          80     1.24401     1.37596     1.38814  0.00279053
          80     1.26966      1.2419     1.24184  0.00245843
          80     1.29531     1.11571     1.11945  0.00193681
          80     1.32096      1.0159     1.01807  0.00196165
          80     1.34661    0.909061    0.934915  0.00193681
          80     1.37226    0.825262     0.86774  0.00181191
          80     1.39791    0.777586    0.814461   0.0017829
          80     1.42355    0.759649    0.767348  0.00161266
          80      1.4492    0.738434    0.732875  0.00163316
          80     1.47485    0.708912     0.70955  0.00161264
          80      1.5005    0.685305    0.690282  0.00165551
          80     1.52615    0.667329    0.680065  0.00150218
          80      1.5518    0.659086    0.672152  0.00158193
          80     1.57745    0.653348    0.672259  0.00144167
          80      1.6031    0.659083    0.678274  0.00160205
          80     1.62875    0.675885    0.686747  0.00147502
          80      1.6544    0.713968    0.704312  0.00167242
          80     1.68005    0.724439    0.725301  0.00133601
          80      1.7057     0.75862    0.749824  0.00121335
          80     1.73135    0.776358    0.780918  0.00153385
          80       1.757    0.820915       0.817   0.0016169
          80     1.78265    0.873923    0.855982  0.00189855
          80      1.8083    0.930291    0.899539  0.00174444
          80     1.83395    0.969776    0.940556  0.00165788
          80      1.8596     1.01022    0.981217  0.00159401
          80     1.88525     1.04571      1.0232  0.00145553
          80      1.9109     1.07569     1.06211  0.00134252
          80     1.93655     1.10374     1.09841  0.00136733
          80      1.9622     1.14097     1.13235  0.00159231
          80     1.98785     1.18235     1.16328  0.00155261
          80      2.0135     1.18182     1.18645  0.00134224
          80     2.03915     1.20788     1.20312  0.00142381
          80      2.0648     1.22554     1.21259  0.00132191
          80     2.09045        1.22     1.21513  0.00130212
          80      2.1161     1.21947      1.2071   0.0015744
          80     2.14174     1.19821     1.19415  0.00126898
          80     2.16739      1.1686     1.17353  0.00127858
          80     2.19304     1.13108      1.1487  0.00136086
          80     2.21869     1.11152     1.12141  0.00149702
          80     2.24434     1.06841     1.09194  0.00151632
          80     2.26999      1.0488     1.06333  0.00143938
          80     2.29564     1.01408     1.03526  0.00146338
          80     2.32129    0.984802     1.00968  0.00137825
          80     2.34694    0.957942    0.983654  0.00132749
          80     2.37259    0.942723     0.96051  0.00113996
          80     2.39824    0.931908    0.939881  0.00101949
          80     2.42389    0.923917    0.923545  0.00108186
          80     2.44954     0.91339    0.912941  0.00102912
          80     2.47519    0.900423    0.901801  0.00098873
          80     2.50084    0.900085    0.894275  0.00107406
          80     2.52649    0.882359    0.891371  0.00122441
          80     2.55214    0.872781    0.892387  0.00112113
          81   0.0128248           0           0           0
          81   0.0384745           0           0           0
          81   0.0641241           0           0           0
          81   0.0897737           0           0           0
          81    0.115423           0           0           0
          81    0.141073           0           0           0
          81    0.166723           0           0           0
          81    0.192372           0           0           0
          81    0.218022           0           0           0
          81    0.243672           0           0           0
          81    0.269321           0           0           0
          81    0.294971           0           0           0
          81     0.32062           0           0           0
          81     0.34627           0           0           0
          81     0.37192           0           0           0
          81    0.397569           0           0           0
          81    0.423219           0           0           0
          81    0.448869           0           0           0
          81    0.474518           0           0           0
          81    0.500168           0           0           0
          81    0.525818           0           0           0
          81    0.551467           0           0           0
          81    0.577117           0           0           0
          81    0.602767           0           0           0
          81    0.628416           0           0           0
          81    0.654066           0           0           0
          81    0.679715           0           0           0
          81    0.705365           0           0           0
          81    0.731015           0           0           0
          81    0.756664           0           0           0
          81    0.782314           0           0           0
          81    0.807964           0           0           0
          81    0.833613           0           0           0
          81    0.859263           0  1.2728e-05 5.77524e-06
          81    0.884913  0.00190747  0.00126644 6.47905e-05
          81    0.910562   0.0266418   0.0241891 0.000334694
          81    0.936212    0.166271    0.164616 0.000777683
          81    0.961861    0.547268    0.570006  0.00138657
          81    0.987511     1.20801     1.20744  0.00215014
          81     1.01316     1.89524     1.86945  0.00341191
          81     1.03881     2.36838     2.34181  0.00337006
          81     1.06446     2.59616     2.55811  0.00320968
          81     1.09011     2.58493     2.55071  0.00329284
          81     1.11576     2.43239     2.40328  0.00309653
          81     1.14141     2.21866     2.20056  0.00264829
          81     1.16706      1.9305      1.9735  0.00307518
          81     1.19271       1.744      1.7506  0.00276291
          81     1.21836     1.52496     1.55783  0.00253506
          81     1.24401     1.37861     1.38802  0.00275856
          81     1.26966     1.22629     1.24164  0.00243556
          81     1.29531     1.14848     1.11981  0.00194576
          81     1.32096      1.0014     1.01786  0.00194819
          81     1.34661     0.92038    0.934736   0.0019212
          81     1.37226    0.860607    0.867651  0.00179168
          81     1.39791    0.816107    0.814481  0.00176101
          81     1.42355      0.7777    0.767476   0.0015978
          81      1.4492    0.735144    0.732903  0.00161323
          81     1.47485     0.68075    0.709194  0.00163145
          81      1.5005    0.668042    0.690008  0.00165769
          81     1.52615    0.674014     0.67999  0.00148549
          81      1.5518    0.681005    0.672261  0.00156617
          81     1.57745    0.665822    0.672179  0.00142606
          81      1.6031    0.685457    0.678363  0.00158473
          81     1.62875    0.692149    0.686813  0.00145832
          81      1.6544    0.705215    0.704323  0.00165181
          81     1.68005     0.74087    0.725493  0.00133327
          81      1.7057    0.777637    0.750167    0.001246
          81     1.73135    0.781489    0.780925  0.00151493
          81       1.757    0.845821    0.817356  0.00163562
          81     1.78265    0.884838    0.856339  0.00190824
          81      1.8083    0.900101    0.899546  0.00172292
          81     1.83395    0.918445    0.940283  0.00165973
          81      1.8596    0.964424     0.98101  0.00158776
          81     1.88525     1.01439      1.0231  0.00144162
          81      1.9109     1.04988     1.06195   0.0013344
          81     1.93655     1.09079     1.09831  0.00135368
          81      1.9622     1.12203     1.13223  0.00157774
          81     1.98785     1.17553     1.16343  0.00154079
          81      2.0135     1.18405     1.18642    0.001326
          81     2.03915     1.20198     1.20311  0.00140631
          81      2.0648     1.20777     1.21253  0.00130693
          81     2.09045     1.21216     1.21509  0.00128656
          81      2.1161     1.22378     1.20731  0.00156836
          81     2.14174     1.21729     1.19444  0.00128506
          81     2.16739     1.18313     1.17365  0.00126827
          81     2.19304     1.15444     1.14877   0.0013459
          81     2.21869     1.12834      1.1215  0.00148098
          81     2.24434     1.08817     1.09189  0.00149831
          81     2.26999     1.04488      1.0631  0.00143951
          81     2.29564     1.00086     1.03484  0.00150567
          81     2.32129    0.986855      1.0094  0.00138975
          81     2.34694     0.97842    0.983589  0.00131267
          81     2.37259    0.963962    0.960553  0.00112668
          81     2.39824     0.92598    0.939709  0.00102125
          81     2.42389    0.908251    0.923356  0.00108486
          81     2.44954    0.905517     0.91285  0.00102049
          81     2.47519    0.900634    0.901787 0.000976628
          81     2.50084     0.89103    0.894235  0.00106155
          81     2.52649    0.886889    0.891316  0.00121055
          81     2.55214    0.896871    0.892443  0.00110866
          82   0.0128248           0           0           0
          82   0.0384745           0           0           0
          82   0.0641241           0           0           0
          82   0.0897737           0           0           0
          82    0.115423           0           0           0
          82    0.141073           0           0           0
          82    0.166723           0           0           0
          82    0.192372           0           0           0
          82    0.218022           0           0           0
          82    0.243672           0           0           0
          82    0.269321           0           0           0
          82    0.294971           0           0           0
          82     0.32062           0           0           0
          82     0.34627           0           0           0
          82     0.37192           0           0           0
          82    0.397569           0           0           0
          82    0.423219           0           0           0
          82    0.448869           0           0           0
          82    0.474518           0           0           0
          82    0.500168           0           0           0
          82    0.525818           0           0           0
          82    0.551467           0           0           0
          82    0.577117           0           0           0
          82    0.602767           0           0           0
          82    0.628416           0           0           0
          82    0.654066           0           0           0
          82    0.679715           0           0           0
          82    0.705365           0           0           0
          82    0.731015           0           0           0
          82    0.756664           0           0           0
          82    0.782314           0           0           0
          82    0.807964           0           0           0
          82    0.833613           0           0           0
          82    0.859263           0 1.25728e-05  5.7069e-06
          82    0.884913  0.00137558  0.00126777 6.40141e-05
          82    0.910562   0.0263127    0.024215 0.000331613
          82    0.936212    0.159094    0.164549 0.000771109
          82    0.961861    0.573364    0.570047  0.00137027
          82    0.987511     1.22688     1.20768  0.00213695
          82     1.01316     1.86807     1.86943  0.00337034
          82     1.03881     2.36063     2.34204  0.00333677
          82     1.06446     2.55218     2.55804  0.00317135
          82     1.09011      2.6186     2.55154  0.00335517
          82     1.11576     2.45476     2.40391  0.00312177
          82     1.14141     2.19554      2.2005  0.00261671
          82     1.16706      1.9486      1.9732  0.00305263
          82     1.19271     1.71747     1.75019   0.0027586
          82     1.21836      1.5616     1.55788  0.00250456
          82     1.24401     1.38566     1.38799  0.00272507
          82     1.26966     1.23401     1.24155  0.00240763
          82     1.29531     1.09921     1.11956  0.00193818
          82     1.32096    0.992785     1.01755  0.00194828
          82     1.34661    0.914827    0.934493  0.00191305
          82     1.37226    0.838419    0.867295  0.00180495
          82     1.39791    0.821282    0.814564  0.00174148
          82     1.42355    0.750846    0.767273  0.00159114
          82      1.4492    0.708445    0.732605   0.0016209
          82     1.47485    0.696683    0.709041  0.00161867
          82      1.5005    0.685247     0.68995  0.00163849
          82     1.52615    0.660848    0.679756   0.0014856
          82      1.5518    0.664198    0.672163  0.00155016
          82     1.57745    0.685857    0.672346  0.00141839
          82      1.6031    0.692723    0.678538  0.00157505
          82     1.62875    0.706475    0.687053  0.00146011
          82      1.6544    0.720407    0.704519  0.00164327
          82     1.68005    0.724994    0.725487  0.00131703
          82      1.7057    0.770326    0.750413  0.00125483
          82     1.73135    0.807843    0.781253  0.00153161
          82       1.757    0.823116    0.817426  0.00161718
          82     1.78265    0.870063    0.856506   0.0018923
          82      1.8083    0.919494    0.899789    0.001719
          82     1.83395    0.973188    0.940684   0.0016873
          82      1.8596    0.987426    0.981088  0.00157032
          82     1.88525     1.04173     1.02332  0.00144183
          82      1.9109      1.0737      1.0621  0.00132579
          82     1.93655     1.11143     1.09847  0.00134659
          82      1.9622     1.11045     1.13196   0.0015807
          82     1.98785     1.17114     1.16353  0.00152486
          82      2.0135     1.16915     1.18621  0.00132645
          82     2.03915     1.18627      1.2029  0.00140406
          82      2.0648     1.20329     1.21242  0.00129584
          82     2.09045     1.20229     1.21494  0.00128031
          82      2.1161     1.19482     1.20716  0.00155662
          82     2.14174     1.17549     1.19421  0.00129001
          82     2.16739     1.15041     1.17337   0.0012841
          82     2.19304     1.14532     1.14873  0.00133014
          82     2.21869     1.11735     1.12145  0.00146378
          82     2.24434     1.11087     1.09213   0.0014978
          82     2.26999     1.07111      1.0632  0.00142527
          82     2.29564     1.03155      1.0348  0.00148784
          82     2.32129     1.00716     1.00937  0.00137308
          82     2.34694    0.976339    0.983501  0.00129964
          82     2.37259    0.945165    0.960365  0.00112846
          82     2.39824    0.927391    0.939559  0.00101978
          82     2.42389    0.908703    0.923177  0.00108625
          82     2.44954    0.900265    0.912696  0.00101952
          82     2.47519    0.897209    0.901731 0.000966312
          82     2.50084    0.894422    0.894238  0.00104861
          82     2.52649    0.885185    0.891241  0.00119809
          82     2.55214    0.896324     0.89249  0.00109615
          83   0.0128248           0           0           0
          83   0.0384745           0           0           0
          83   0.0641241           0           0           0
          83   0.0897737           0           0           0
          83    0.115423           0           0           0
          83    0.141073           0           0           0
          83    0.166723           0           0           0
          83    0.192372           0           0           0
          83    0.218022           0           0           0
          83    0.243672           0           0           0
          83    0.269321           0           0           0
          83    0.294971           0           0           0
          83     0.32062           0           0           0
          83     0.34627           0           0           0
          83     0.37192           0           0           0
          83    0.397569           0           0           0
          83    0.423219           0           0           0
          83    0.448869           0           0           0
          83    0.474518           0           0           0
          83    0.500168           0           0           0
          83    0.525818           0           0           0
          83    0.551467           0           0           0
          83    0.577117           0           0           0
          83    0.602767           0           0           0
          83    0.628416           0           0           0
          83    0.654066           0           0           0
          83    0.679715           0           0           0
          83    0.705365           0           0           0
          83    0.731015           0           0           0
          83    0.756664           0           0           0
          83    0.782314           0           0           0
          83    0.807964           0           0           0
          83    0.833613           0           0           0
          83    0.859263           0 1.24213e-05 5.64015e-06
          83    0.884913 0.000458526  0.00125802  6.3981e-05
          83    0.910562   0.0254466   0.0242298 0.000327949
          83    0.936212    0.164289    0.164545 0.000761825
          83    0.961861    0.568335    0.570026  0.00135391
          83    0.987511     1.26126     1.20832  0.00220656
          83     1.01316     1.92249     1.87007  0.00338983
          83     1.03881     2.35884     2.34225  0.00330269
          83     1.06446     2.55509       2.558  0.00313334
          83     1.09011     2.50845     2.55102  0.00335467
          83     1.11576     2.38364     2.40366  0.00309369
          83     1.14141     2.21464     2.20067  0.00259072
          83     1.16706      1.9556     1.97299  0.00302321
          83     1.19271     1.74614     1.75015  0.00272579
          83     1.21836      1.5716     1.55804  0.00247984
          83     1.24401     1.38013      1.3879  0.00269388
          83     1.26966     1.24568      1.2416  0.00237914
          83     1.29531     1.11845     1.11955  0.00191488
          83     1.32096    0.993246     1.01726   0.0019467
          83     1.34661     0.87684    0.933798  0.00201216
          83     1.37226    0.826032    0.866798   0.0018504
          83     1.39791    0.794124    0.814318  0.00173783
          83     1.42355    0.763214    0.767224  0.00157272
          83      1.4492    0.743871    0.732741  0.00160704
          83     1.47485    0.732056    0.709319  0.00162275
          83      1.5005    0.723625    0.690356  0.00166822
          83     1.52615    0.706931    0.680084  0.00150335
          83      1.5518    0.690477    0.672384  0.00154711
          83     1.57745    0.689886    0.672557  0.00141696
          83      1.6031    0.694533    0.678731  0.00156782
          83     1.62875    0.707715    0.687302  0.00146359
          83      1.6544    0.737373    0.704915  0.00167047
          83     1.68005    0.742844    0.725696  0.00131766
          83      1.7057    0.743687    0.750332  0.00124232
          83     1.73135    0.785232    0.781301   0.0015139
          83       1.757      0.8163    0.817412  0.00159775
          83     1.78265    0.843198    0.856346  0.00187628
          83      1.8083    0.877463     0.89952   0.0017192
          83     1.83395    0.922272    0.940462  0.00168149
          83      1.8596    0.966779    0.980916  0.00156084
          83     1.88525     0.98993     1.02292  0.00147953
          83      1.9109     1.04553      1.0619  0.00132475
          83     1.93655     1.07546      1.0982  0.00135862
          83      1.9622     1.12159     1.13184  0.00156659
          83     1.98785     1.16977      1.1636  0.00150834
          83      2.0135     1.20149     1.18639  0.00132318
          83     2.03915      1.2066     1.20295  0.00138785
          83      2.0648     1.21712     1.21248  0.00128147
          83     2.09045     1.21487     1.21494  0.00126488
          83      2.1161     1.19838     1.20705  0.00154146
          83     2.14174     1.19492     1.19422  0.00127449
          83     2.16739     1.17161     1.17335   0.0012688
          83     2.19304     1.16796     1.14896  0.00133413
          83     2.21869     1.12879     1.12154  0.00144881
          83     2.24434     1.08785     1.09207  0.00148064
          83     2.26999     1.06637     1.06323  0.00140861
          83     2.29564     1.04202     1.03488  0.00147246
          83     2.32129     1.01349     1.00942  0.00135743
          83     2.34694    0.986592    0.983538  0.00128451
          83     2.37259    0.970178    0.960483  0.00112104
          83     2.39824    0.936753    0.939525  0.00100806
          83     2.42389    0.918658    0.923123  0.00107452
          83     2.44954    0.921713    0.912805  0.00101301
          83     2.47519    0.910071    0.901831  0.00095988
          83     2.50084    0.898032    0.894283  0.00103697
          83     2.52649     0.89156    0.891245  0.00118366
          83     2.55214    0.898269     0.89256  0.00108515
          84   0.0128248           0           0           0
          84   0.0384745           0           0           0
          84   0.0641241           0           0           0
          84   0.0897737           0           0           0
          84    0.115423           0           0           0
          84    0.141073           0           0           0
          84    0.166723           0           0           0
          84    0.192372           0           0           0
          84    0.218022           0           0           0
          84    0.243672           0           0           0
          84    0.269321           0           0           0
          84    0.294971           0           0           0
          84     0.32062           0           0           0
          84     0.34627           0           0           0
          84     0.37192           0           0           0
          84    0.397569           0           0           0
          84    0.423219           0           0           0
          84    0.448869           0           0           0
          84    0.474518           0           0           0
          84    0.500168           0           0           0
          84    0.525818           0           0           0
          84    0.551467           0           0           0
          84    0.577117           0           0           0
          84    0.602767           0           0           0
          84    0.628416           0           0           0
          84    0.654066           0           0           0
          84    0.679715           0           0           0
          84    0.705365           0           0           0
          84    0.731015           0           0           0
          84    0.756664           0           0           0
          84    0.782314           0           0           0
          84    0.807964           0           0           0
          84    0.833613           0           0           0
          84    0.859263           0 1.22735e-05 5.57494e-06
          84    0.884913  0.00166903  0.00126291 6.34061e-05
          84    0.910562   0.0255332   0.0242453 0.000324412
          84    0.936212    0.160503    0.164497 0.000754274
          84    0.961861    0.555977    0.569859  0.00134808
          84    0.987511      1.1657     1.20781  0.00223787
          84     1.01316     1.83184     1.86961  0.00337989
          84     1.03881     2.29761     2.34171  0.00330584
          84     1.06446     2.58429     2.55832  0.00311163
          84     1.09011     2.58691     2.55144  0.00334184
          84     1.11576     2.47241     2.40448  0.00316328
          84     1.14141     2.21287     2.20082  0.00256394
          84     1.16706     1.92335      1.9724  0.00304442
          84     1.19271     1.77326     1.75042   0.0027072
          84     1.21836     1.54934     1.55794  0.00245248
          84     1.24401     1.40319     1.38808  0.00266796
          84     1.26966     1.22221     1.24137  0.00236199
          84     1.29531     1.09847      1.1193  0.00190846
          84     1.32096     1.02288     1.01733  0.00192467
          84     1.34661    0.925227    0.933696  0.00199079
          84     1.37226    0.867731    0.866809   0.0018284
          84     1.39791    0.825405     0.81445  0.00172214
          84     1.42355    0.782832     0.76741  0.00156493
          84      1.4492    0.751592    0.732965   0.0016035
          84     1.47485    0.713462    0.709368  0.00160418
          84      1.5005    0.704698    0.690526  0.00165708
          84     1.52615    0.689523    0.680196  0.00148965
          84      1.5518     0.67884    0.672461   0.0015306
          84     1.57745    0.674457     0.67258  0.00140027
          84      1.6031    0.683154    0.678783  0.00155004
          84     1.62875    0.687173    0.687301  0.00144616
          84      1.6544    0.704822    0.704914  0.00165058
          84     1.68005    0.717813    0.725602  0.00130531
          84      1.7057    0.738296    0.750189  0.00123577
          84     1.73135    0.780723    0.781294   0.0014959
          84       1.757    0.823712    0.817487  0.00158049
          84     1.78265    0.855808    0.856339  0.00185395
          84      1.8083    0.900677    0.899534  0.00169879
          84     1.83395    0.940951    0.940468  0.00166149
          84      1.8596    0.985595    0.980971  0.00154325
          84     1.88525     1.02288     1.02292  0.00146192
          84      1.9109     1.03783     1.06161  0.00133961
          84     1.93655     1.05183     1.09765  0.00145024
          84      1.9622     1.09186     1.13136  0.00161861
          84     1.98785     1.13538     1.16327  0.00152735
          84      2.0135     1.16752     1.18617  0.00132635
          84     2.03915     1.19383     1.20284  0.00137557
          84      2.0648     1.21477      1.2125   0.0012665
          84     2.09045     1.23168     1.21513  0.00126543
          84      2.1161     1.22533     1.20727  0.00153839
          84     2.14174     1.20478     1.19434  0.00126551
          84     2.16739     1.18991     1.17355  0.00126892
          84     2.19304     1.17123     1.14923  0.00134431
          84     2.21869     1.13349     1.12168  0.00143854
          84     2.24434     1.10227      1.0922  0.00146798
          84     2.26999     1.08206     1.06346  0.00140957
          84     2.29564     1.03422     1.03487  0.00145495
          84     2.32129     1.01086     1.00944  0.00134138
          84     2.34694    0.991059    0.983627  0.00127234
          84     2.37259    0.962982    0.960513  0.00110809
          84     2.39824    0.942349    0.939559 0.000996618
          84     2.42389    0.918881    0.923072  0.00106292
          84     2.44954    0.917835    0.912865  0.00100272
          84     2.47519    0.915036    0.901989 0.000961239
          84     2.50084    0.894227    0.894283  0.00102462
          84     2.52649    0.890502    0.891236   0.0011696
          84     2.55214    0.892489    0.892559  0.00107223
          85   0.0128248           0           0           0
          85   0.0384745           0           0           0
          85   0.0641241           0           0           0
          85   0.0897737           0           0           0
          85    0.115423           0           0           0
          85    0.141073           0           0           0
          85    0.166723           0           0           0
          85    0.192372           0           0           0
          85    0.218022           0           0           0
          85    0.243672           0           0           0
          85    0.269321           0           0           0
          85    0.294971           0           0           0
          85     0.32062           0           0           0
          85     0.34627           0           0           0
          85     0.37192           0           0           0
          85    0.397569           0           0           0
          85    0.423219           0           0           0
          85    0.448869           0           0           0
          85    0.474518           0           0           0
          85    0.500168           0           0           0
          85    0.525818           0           0           0
          85    0.551467           0           0           0
          85    0.577117           0           0           0
          85    0.602767           0           0           0
          85    0.628416           0           0           0
          85    0.654066           0           0           0
          85    0.679715           0           0           0
          85    0.705365           0           0           0
          85    0.731015           0           0           0
          85    0.756664           0           0           0
          85    0.782314           0           0           0
          85    0.807964           0           0           0
          85    0.833613           0           0           0
          85    0.859263           0 1.21291e-05 5.51123e-06
          85    0.884913  0.00150397  0.00126575 6.27236e-05
          85    0.910562   0.0320464   0.0243371 0.000333324
          85    0.936212    0.172711    0.164594 0.000751565
          85    0.961861    0.551305    0.569641  0.00134978
          85    0.987511     1.18482     1.20754  0.00222783
          85     1.01316     1.83541     1.86921  0.00336399
          85     1.03881     2.29025     2.34111  0.00332192
          85     1.06446      2.5275     2.55795  0.00309607
          85     1.09011      2.5267     2.55115  0.00331518
          85     1.11576     2.47193     2.40527  0.00322406
          85     1.14141      2.2502      2.2014  0.00259876
          85     1.16706     2.00492     1.97278  0.00303255
          85     1.19271     1.75428     1.75047  0.00267574
          85     1.21836     1.54361     1.55777  0.00242941
          85     1.24401     1.40381     1.38826  0.00264299
          85     1.26966     1.27454     1.24176  0.00236621
          85     1.29531     1.13818     1.11952  0.00189889
          85     1.32096     1.05234     1.01774   0.0019456
          85     1.34661    0.939658    0.933766   0.0019686
          85     1.37226    0.860164    0.866731  0.00180856
          85     1.39791    0.808552     0.81438  0.00170328
          85     1.42355    0.758607    0.767306  0.00154995
          85      1.4492    0.722999    0.732848  0.00158892
          85     1.47485    0.717661    0.709466  0.00158827
          85      1.5005    0.691512    0.690538  0.00163762
          85     1.52615    0.675679    0.680143  0.00147307
          85      1.5518    0.662897    0.672348  0.00151672
          85     1.57745    0.676269    0.672623  0.00138447
          85      1.6031    0.687894    0.678891   0.0015355
          85     1.62875    0.705327    0.687513  0.00144462
          85      1.6544    0.699438    0.704849  0.00163242
          85     1.68005    0.699245    0.725292  0.00132627
          85      1.7057    0.734579    0.750005   0.0012348
          85     1.73135    0.766382    0.781119  0.00148855
          85       1.757    0.807381    0.817368  0.00156636
          85     1.78265    0.847817    0.856239  0.00183485
          85      1.8083     0.87271    0.899219  0.00170787
          85     1.83395     0.92228    0.940254  0.00165566
          85      1.8596    0.963095    0.980761  0.00153936
          85     1.88525     1.01761     1.02286  0.00144605
          85      1.9109     1.07206     1.06173  0.00132948
          85     1.93655     1.11692     1.09787  0.00145079
          85      1.9622      1.1399     1.13146  0.00160268
          85     1.98785     1.15503     1.16317  0.00151245
          85      2.0135     1.18349     1.18614  0.00131113
          85     2.03915     1.20946     1.20292  0.00136159
          85      2.0648     1.21993     1.21259  0.00125461
          85     2.09045     1.21604     1.21515  0.00125059
          85      2.1161     1.22637     1.20749  0.00153662
          85     2.14174     1.19555     1.19436   0.0012507
          85     2.16739     1.19773     1.17383   0.0012855
          85     2.19304     1.15616     1.14931  0.00133097
          85     2.21869     1.14038      1.1219  0.00143835
          85     2.24434     1.09926     1.09228  0.00145306
          85     2.26999     1.07522      1.0636  0.00139976
          85     2.29564     1.04638     1.03501  0.00144412
          85     2.32129     1.03666     1.00976  0.00136327
          85     2.34694    0.989664    0.983698  0.00125935
          85     2.37259     0.93835    0.960252  0.00112532
          85     2.39824    0.937452    0.939534 0.000985201
          85     2.42389    0.920296     0.92304  0.00105091
          85     2.44954    0.907008    0.912796 0.000993288
          85     2.47519    0.902231    0.901991 0.000949934
          85     2.50084    0.888708    0.894217  0.00101467
          85     2.52649     0.89282    0.891255  0.00115599
          85     2.55214     0.89132    0.892544  0.00105972
          86   0.0128248           0           0           0
          86   0.0384745           0           0           0
          86   0.0641241           0           0           0
          86   0.0897737           0           0           0
          86    0.115423           0           0           0
          86    0.141073           0           0           0
          86    0.166723           0           0           0
          86    0.192372           0           0           0
          86    0.218022           0           0           0
          86    0.243672           0           0           0
          86    0.269321           0           0           0
          86    0.294971           0           0           0
          86     0.32062           0           0           0
          86     0.34627           0           0           0
          86     0.37192           0           0           0
          86    0.397569           0           0           0
          86    0.423219           0           0           0
          86    0.448869           0           0           0
          86    0.474518           0           0           0
          86    0.500168           0           0           0
          86    0.525818           0           0           0
          86    0.551467           0           0           0
          86    0.577117           0           0           0
          86    0.602767           0           0           0
          86    0.628416           0           0           0
          86    0.654066           0           0           0
          86    0.679715           0           0           0
          86    0.705365           0           0           0
          86    0.731015           0           0           0
          86    0.756664           0           0           0
          86    0.782314           0           0           0
          86    0.807964           0           0           0
          86    0.833613           0           0           0
          86    0.859263           0  1.1988e-05 5.44895e-06
          86    0.884913 0.000935393  0.00126191 6.21118e-05
          86    0.910562    0.015798   0.0242378  0.00034392
          86    0.936212     0.15467    0.164479 0.000751632
          86    0.961861     0.56984    0.569643  0.00133409
          86    0.987511     1.21305     1.20761  0.00220285
          86     1.01316     1.86054     1.86911  0.00332639
          86     1.03881     2.35275     2.34124  0.00328606
          86     1.06446     2.57825     2.55819  0.00306904
          86     1.09011     2.59304     2.55164  0.00331221
          86     1.11576     2.39827     2.40519   0.0031876
          86     1.14141     2.10679      2.2003  0.00279168
          86     1.16706     1.91393     1.97209  0.00307351
          86     1.19271     1.74241     1.75037  0.00264626
          86     1.21836     1.58618      1.5581  0.00242352
          86     1.24401     1.38339     1.38821  0.00261286
          86     1.26966     1.26521     1.24203  0.00235435
          86     1.29531     1.12086     1.11953  0.00187687
          86     1.32096     1.00634     1.01761  0.00192748
          86     1.34661     0.91234    0.933517  0.00196141
          86     1.37226     0.86397    0.866699  0.00178782
          86     1.39791    0.830771    0.814571   0.0016941
          86     1.42355    0.770939    0.767349   0.0015325
          86      1.4492    0.725317     0.73276  0.00157286
          86     1.47485    0.707902    0.709447  0.00156991
          86      1.5005    0.696532    0.690608  0.00162007
          86     1.52615    0.683128    0.680178  0.00145635
          86      1.5518    0.697491     0.67264    0.001527
          86     1.57745    0.684783    0.672765  0.00137557
          86      1.6031    0.684479    0.678956  0.00151902
          86     1.62875    0.704699    0.687713  0.00144157
          86      1.6544    0.721368    0.705041   0.0016247
          86     1.68005    0.734962    0.725405  0.00131561
          86      1.7057    0.751314     0.75002  0.00122054
          86     1.73135    0.784772    0.781161  0.00147185
          86       1.757      0.8165    0.817358  0.00154818
          86     1.78265    0.848825    0.856153  0.00181554
          86      1.8083    0.886129    0.899066  0.00169478
          86     1.83395    0.929151    0.940125  0.00164143
          86      1.8596    0.960981    0.980531  0.00153854
          86     1.88525      1.0025     1.02262  0.00144848
          86      1.9109     1.04912     1.06159  0.00132208
          86     1.93655     1.10225     1.09792  0.00143482
          86      1.9622     1.13238     1.13147  0.00158408
          86     1.98785     1.17014     1.16325  0.00149704
          86      2.0135     1.20838     1.18639  0.00132115
          86     2.03915     1.20518     1.20294  0.00134601
          86      2.0648     1.24241     1.21294  0.00128705
          86     2.09045     1.23238     1.21535  0.00125199
          86      2.1161     1.20373     1.20745  0.00151938
          86     2.14174     1.18038     1.19419  0.00124667
          86     2.16739     1.15561     1.17362  0.00128788
          86     2.19304     1.13696     1.14917  0.00132321
          86     2.21869     1.10976     1.12176  0.00142853
          86     2.24434     1.09377      1.0923  0.00143627
          86     2.26999     1.05907     1.06354  0.00138447
          86     2.29564     1.03688     1.03503  0.00142749
          86     2.32129    0.990099     1.00953  0.00136646
          86     2.34694    0.965225    0.983484  0.00126289
          86     2.37259    0.961278    0.960264  0.00111229
          86     2.39824    0.942969    0.939574 0.000974555
          86     2.42389     0.92732     0.92309  0.00103987
          86     2.44954     0.92098    0.912891 0.000986287
          86     2.47519    0.887508    0.901823   0.0009537
          86     2.50084    0.878837    0.894038   0.0010185
          86     2.52649    0.908364    0.891454  0.00115954
          86     2.55214    0.904088    0.892679  0.00105586
          87   0.0128248           0           0           0
          87   0.0384745           0           0           0
          87   0.0641241           0           0           0
          87   0.0897737           0           0           0
          87    0.115423           0           0           0
          87    0.141073           0           0           0
          87    0.166723           0           0           0
          87    0.192372           0           0           0
          87    0.218022           0           0           0
          87    0.243672           0           0           0
          87    0.269321           0           0           0
          87    0.294971           0           0           0
          87     0.32062           0           0           0
          87     0.34627           0           0           0
          87     0.37192           0           0           0
          87    0.397569           0           0           0
          87    0.423219           0           0           0
          87    0.448869           0           0           0
          87    0.474518           0           0           0
          87    0.500168           0           0           0
          87    0.525818           0           0           0
          87    0.551467           0           0           0
          87    0.577117           0           0           0
          87    0.602767           0           0           0
          87    0.628416           0           0           0
          87    0.654066           0           0           0
          87    0.679715           0           0           0
          87    0.705365           0           0           0
          87    0.731015           0           0           0
          87    0.756664           0           0           0
          87    0.782314           0           0           0
          87    0.807964           0           0           0
          87    0.833613           0           0           0
          87    0.859263 0.000213975 1.43097e-05 5.86009e-06
          87    0.884913  0.00113714  0.00126047 6.14144e-05
          87    0.910562   0.0225537   0.0242185 0.000340511
          87    0.936212    0.162683    0.164458 0.000743276
          87    0.961861    0.575802    0.569714  0.00132063
          87    0.987511     1.21327     1.20767  0.00217849
          87     1.01316      1.8591     1.86899  0.00329014
          87     1.03881     2.32463     2.34105  0.00325383
          87     1.06446     2.53899     2.55797  0.00304169
          87     1.09011     2.56569      2.5518  0.00327808
          87     1.11576     2.39696      2.4051  0.00315236
          87     1.14141     2.17823     2.20005   0.0027711
          87     1.16706     1.97251      1.9721  0.00303819
          87     1.19271     1.78184     1.75073  0.00264044
          87     1.21836      1.5679     1.55821  0.00239829
          87     1.24401     1.39215     1.38825  0.00258322
          87     1.26966     1.23262     1.24192  0.00232977
          87     1.29531      1.1288     1.11964  0.00185832
          87     1.32096     1.03271     1.01778  0.00191312
          87     1.34661    0.963603    0.933863  0.00196912
          87     1.37226    0.867403    0.866707  0.00176729
          87     1.39791     0.81571    0.814584  0.00167468
          87     1.42355     0.76546    0.767327  0.00151504
          87      1.4492     0.72094    0.732625  0.00156064
          87     1.47485    0.712082    0.709478  0.00155215
          87      1.5005    0.691072    0.690613  0.00160145
          87     1.52615    0.687716    0.680264  0.00144218
          87      1.5518    0.669589    0.672605  0.00150985
          87     1.57745    0.662318    0.672645  0.00136499
          87      1.6031    0.663465    0.678778  0.00151196
          87     1.62875    0.688716    0.687724  0.00142505
          87      1.6544    0.695817    0.704935  0.00160948
          87     1.68005    0.723559    0.725383  0.00130066
          87      1.7057    0.744965    0.749962  0.00120789
          87     1.73135     0.77194    0.781055  0.00145874
          87       1.757    0.808628    0.817258  0.00153364
          87     1.78265    0.860689    0.856205  0.00179542
          87      1.8083    0.916819     0.89927  0.00168754
          87     1.83395    0.945973    0.940192  0.00162394
          87      1.8596    0.978243    0.980505  0.00152108
          87     1.88525     1.02842     1.02269  0.00143336
          87      1.9109     1.06686     1.06165  0.00130828
          87     1.93655     1.09578      1.0979  0.00141854
          87      1.9622       1.131     1.13147  0.00156588
          87     1.98785     1.17141     1.16335  0.00148276
          87      2.0135     1.16839     1.18619  0.00132207
          87     2.03915     1.19705     1.20287  0.00133224
          87      2.0648     1.22481     1.21308  0.00127947
          87     2.09045     1.22722     1.21548  0.00124502
          87      2.1161     1.20453     1.20742  0.00150228
          87     2.14174     1.17933     1.19402  0.00124399
          87     2.16739     1.17677     1.17365  0.00127359
          87     2.19304     1.14326      1.1491  0.00130975
          87     2.21869     1.12198     1.12176  0.00141212
          87     2.24434     1.09176     1.09229  0.00141977
          87     2.26999     1.07611     1.06369  0.00137606
          87     2.29564     1.04328     1.03513  0.00141423
          87     2.32129      1.0099     1.00954  0.00135076
          87     2.34694    0.990141     0.98356  0.00125069
          87     2.37259    0.958739    0.960247  0.00109965
          87     2.39824    0.928415    0.939446 0.000971758
          87     2.42389    0.913615    0.922981  0.00103361
          87     2.44954    0.899539    0.912737 0.000986818
          87     2.47519    0.893071    0.901722 0.000948029
          87     2.50084    0.896363    0.894065  0.00100715
          87     2.52649    0.881578     0.89134  0.00115176
          87     2.55214    0.900286    0.892766  0.00104734
          88   0.0128248           0           0           0
          88   0.0384745           0           0           0
          88   0.0641241           0           0           0
          88   0.0897737           0           0           0
          88    0.115423           0           0           0
          88    0.141073           0           0           0
          88    0.166723           0           0           0
          88    0.192372           0           0           0
          88    0.218022           0           0           0
          88    0.243672           0           0           0
          88    0.269321           0           0           0
          88    0.294971           0           0           0
          88     0.32062           0           0           0
          88     0.34627           0           0           0
          88     0.37192           0           0           0
          88    0.397569           0           0           0
          88    0.423219           0           0           0
          88    0.448869           0           0           0
          88    0.474518           0           0           0
          88    0.500168           0           0           0
          88    0.525818           0           0           0
          88    0.551467           0           0           0
          88    0.577117           0           0           0
          88    0.602767           0           0           0
          88    0.628416           0           0           0
          88    0.654066           0           0           0
          88    0.679715           0           0           0
          88    0.705365           0           0           0
          88    0.731015           0           0           0
          88    0.756664           0           0           0
          88    0.782314           0           0           0
          88    0.807964           0           0           0
          88    0.833613           0           0           0
          88    0.859263           0 1.41471e-05 5.79576e-06
          88    0.884913 0.000440185  0.00125115 6.14198e-05
          88    0.910562   0.0259316   0.0242379 0.000337197
          88    0.936212    0.159586    0.164403 0.000736889
          88    0.961861    0.548293     0.56947  0.00132787
          88    0.987511     1.21433     1.20775  0.00215505
          88     1.01316     1.86787     1.86898  0.00325278
          88     1.03881     2.36457     2.34132  0.00322781
          88     1.06446      2.6173     2.55864  0.00308094
          88     1.09011     2.60174     2.55237  0.00328958
          88     1.11576     2.44008     2.40549   0.0031415
          88     1.14141     2.16442     2.19964  0.00276903
          88     1.16706     1.93502     1.97168  0.00303274
          88     1.19271     1.78891     1.75117  0.00264584
          88     1.21836     1.54968     1.55812  0.00237299
          88     1.24401     1.35536     1.38788  0.00258077
          88     1.26966     1.24523     1.24196   0.0023036
          88     1.29531     1.07253      1.1191  0.00191276
          88     1.32096    0.993089      1.0175  0.00191185
          88     1.34661    0.921298     0.93372  0.00195191
          88     1.37226    0.863787    0.866674  0.00174752
          88     1.39791    0.815181    0.814591  0.00165567
          88     1.42355    0.778969    0.767459  0.00150359
          88      1.4492    0.731499    0.732612  0.00154295
          88     1.47485    0.696664    0.709332  0.00154133
          88      1.5005     0.68445    0.690543  0.00158478
          88     1.52615    0.686766    0.680338  0.00142769
          88      1.5518    0.681417    0.672706  0.00149601
          88     1.57745    0.683438    0.672767  0.00135498
          88      1.6031    0.691135    0.678918  0.00150129
          88     1.62875    0.687146    0.687717  0.00140887
          88      1.6544    0.692579    0.704795   0.0015973
          88     1.68005    0.727156    0.725404  0.00128603
          88      1.7057    0.756922    0.750041  0.00119675
          88     1.73135    0.782889    0.781076  0.00144231
          88       1.757    0.817882    0.817265  0.00151623
          88     1.78265     0.83819       0.856  0.00178665
          88      1.8083    0.891035    0.899177  0.00167095
          88     1.83395     0.93551    0.940139  0.00160636
          88      1.8596      0.9826    0.980529  0.00150399
          88     1.88525     1.03149     1.02279  0.00142056
          88      1.9109     1.08376      1.0619  0.00131732
          88     1.93655     1.11936     1.09814  0.00142323
          88      1.9622     1.13786     1.13154  0.00154977
          88     1.98785     1.18289     1.16357  0.00148246
          88      2.0135     1.17986     1.18612    0.001309
          88     2.03915     1.21193     1.20298  0.00132107
          88      2.0648      1.2383     1.21336  0.00129665
          88     2.09045     1.22135     1.21555  0.00123266
          88      2.1161     1.20016     1.20733  0.00148747
          88     2.14174     1.17796     1.19384  0.00124318
          88     2.16739     1.15152      1.1734  0.00128372
          88     2.19304     1.13229     1.14891  0.00130872
          88     2.21869     1.09717     1.12148  0.00142343
          88     2.24434     1.08961     1.09226  0.00140396
          88     2.26999     1.04477     1.06347  0.00137712
          88     2.29564     1.02489     1.03501  0.00140293
          88     2.32129      1.0108     1.00955  0.00133548
          88     2.34694     0.97431    0.983455  0.00124089
          88     2.37259    0.954631    0.960183    0.001089
          88     2.39824    0.936675    0.939414 0.000961225
          88     2.42389    0.930486    0.923066  0.00102537
          88     2.44954    0.919345    0.912813 0.000978457
          88     2.47519    0.908833    0.901803 0.000940692
          88     2.50084    0.895841    0.894085 0.000995905
          88     2.52649    0.898549    0.891422  0.00114158
          88     2.55214    0.899281     0.89284  0.00103805
          89   0.0128248           0           0           0
          89   0.0384745           0           0           0
          89   0.0641241           0           0           0
          89   0.0897737           0           0           0
          89    0.115423           0           0           0
          89    0.141073           0           0           0
          89    0.166723           0           0           0
          89    0.192372           0           0           0
          89    0.218022           0           0           0
          89    0.243672           0           0           0
          89    0.269321           0           0           0
          89    0.294971           0           0           0
          89     0.32062           0           0           0
          89     0.34627           0           0           0
          89     0.37192           0           0           0
          89    0.397569           0           0           0
          89    0.423219           0           0           0
          89    0.448869           0           0           0
          89    0.474518           0           0           0
          89    0.500168           0           0           0
          89    0.525818           0           0           0
          89    0.551467           0           0           0
          89    0.577117           0           0           0
          89    0.602767           0           0           0
          89    0.628416           0           0           0
          89    0.654066           0           0           0
          89    0.679715           0           0           0
          89    0.705365           0           0           0
          89    0.731015           0           0           0
          89    0.756664           0           0           0
          89    0.782314           0           0           0
          89    0.807964           0           0           0
          89    0.833613           0           0           0
          89    0.859263           0 1.39882e-05 5.73281e-06
          89    0.884913  0.00139392  0.00125275 6.07506e-05
          89    0.910562   0.0265379   0.0242638 0.000334397
          89    0.936212    0.176726    0.164541 0.000741504
          89    0.961861    0.579388    0.569582  0.00131761
          89    0.987511     1.20813     1.20775  0.00213084
          89     1.01316     1.85202     1.86879  0.00322181
          89     1.03881     2.29797     2.34083  0.00322808
          89     1.06446     2.55453      2.5586  0.00304667
          89     1.09011     2.55228     2.55237  0.00325262
          89     1.11576       2.405     2.40549  0.00310621
          89     1.14141     2.21707     2.19984  0.00274483
          89     1.16706     2.02505     1.97228  0.00305737
          89     1.19271     1.82861     1.75204   0.0027555
          89     1.21836      1.5861     1.55843  0.00236708
          89     1.24401     1.41241     1.38815  0.00256645
          89     1.26966     1.23867     1.24193  0.00227802
          89     1.29531     1.09903     1.11888  0.00190452
          89     1.32096    0.999584      1.0173  0.00190094
          89     1.34661    0.955722    0.933968  0.00194557
          89     1.37226    0.859218     0.86659  0.00172989
          89     1.39791    0.811014    0.814551  0.00163755
          89     1.42355    0.751051    0.767275  0.00149795
          89      1.4492    0.694508    0.732184   0.0015839
          89     1.47485    0.668779    0.708876  0.00158994
          89      1.5005    0.674275     0.69036  0.00157748
          89     1.52615    0.680957    0.680345  0.00141166
          89      1.5518    0.654213    0.672498  0.00149356
          89     1.57745    0.651132    0.672524  0.00136139
          89      1.6031    0.659966    0.678705  0.00149944
          89     1.62875    0.677471    0.687602  0.00139774
          89      1.6544    0.717432    0.704937  0.00158565
          89     1.68005    0.733965      0.7255  0.00127518
          89      1.7057    0.756893    0.750118  0.00118578
          89     1.73135    0.776123     0.78102  0.00142718
          89       1.757    0.808795     0.81717  0.00150217
          89     1.78265    0.864364    0.856094  0.00176904
          89      1.8083     0.92046    0.899416   0.0016692
          89     1.83395    0.947275    0.940219  0.00159031
          89      1.8596    0.982293    0.980548  0.00148722
          89     1.88525      1.0364     1.02294  0.00141281
          89      1.9109     1.06174      1.0619  0.00130252
          89     1.93655     1.09042     1.09806  0.00140988
          89      1.9622     1.15315     1.13178  0.00155127
          89     1.98785     1.18958     1.16386  0.00149432
          89      2.0135     1.18272     1.18608  0.00129485
          89     2.03915     1.18669     1.20279  0.00131884
          89      2.0648     1.22424     1.21348  0.00128783
          89     2.09045     1.21851     1.21558  0.00121925
          89      2.1161     1.20716     1.20733  0.00147076
          89     2.14174     1.18875     1.19378  0.00123052
          89     2.16739      1.1739     1.17341  0.00126931
          89     2.19304     1.15135     1.14894   0.0012943
          89     2.21869     1.12443     1.12151  0.00140783
          89     2.24434     1.09311     1.09227  0.00138822
          89     2.26999     1.07092     1.06356  0.00136418
          89     2.29564     1.03418       1.035   0.0013872
          89     2.32129     1.03031     1.00978  0.00134069
          89     2.34694    0.999179    0.983632  0.00123946
          89     2.37259    0.958915    0.960169  0.00107686
          89     2.39824    0.930125     0.93931 0.000956074
          89     2.42389    0.918998     0.92302  0.00101487
          89     2.44954    0.908095     0.91276 0.000968898
          89     2.47519    0.897856    0.901759 0.000931168
          89     2.50084    0.883525    0.893967 0.000991759
          89     2.52649    0.865247    0.891128  0.00116602
          89     2.55214    0.875968     0.89265  0.00104356
          90   0.0128248           0           0           0
          90   0.0384745           0           0           0
          90   0.0641241           0           0           0
          90   0.0897737           0           0           0
          90    0.115423           0           0           0
          90    0.141073           0           0           0
          90    0.166723           0           0           0
          90    0.192372           0           0           0
          90    0.218022           0           0           0
          90    0.243672           0           0           0
          90    0.269321           0           0           0
          90    0.294971           0           0           0
          90     0.32062           0           0           0
          90     0.34627           0           0           0
          90     0.37192           0           0           0
          90    0.397569           0           0           0
          90    0.423219           0           0           0
          90    0.448869           0           0           0
          90    0.474518           0           0           0
          90    0.500168           0           0           0
          90    0.525818           0           0           0
          90    0.551467           0           0           0
          90    0.577117           0           0           0
          90    0.602767           0           0           0
          90    0.628416           0           0           0
          90    0.654066           0           0           0
          90    0.679715           0           0           0
          90    0.705365           0           0           0
          90    0.731015           0           0           0
          90    0.756664           0           0           0
          90    0.782314           0           0           0
          90    0.807964           0           0           0
          90    0.833613           0           0           0
          90    0.859263           0 1.38327e-05 5.67122e-06
          90    0.884913  0.00132056  0.00125351 6.00803e-05
          90    0.910562   0.0173743   0.0241872  0.00033933
          90    0.936212    0.158291    0.164472  0.00073651
          90    0.961861    0.573116    0.569621  0.00130356
          90    0.987511     1.21332     1.20781  0.00210806
          90     1.01316     1.90084     1.86915  0.00320563
          90     1.03881     2.36155     2.34106  0.00320041
          90     1.06446     2.56087     2.55862  0.00301292
          90     1.09011     2.50309     2.55182  0.00326223
          90     1.11576     2.40135     2.40544  0.00307204
          90     1.14141     2.21642     2.20002  0.00272051
          90     1.16706     1.97256     1.97228   0.0030234
          90     1.19271      1.7485       1.752  0.00272516
          90     1.21836     1.56389     1.55849  0.00234155
          90     1.24401     1.39785     1.38826  0.00254019
          90     1.26966     1.24891       1.242  0.00225403
          90     1.29531      1.1013     1.11868  0.00189335
          90     1.32096    0.996332     1.01707  0.00189404
          90     1.34661    0.951405    0.934161  0.00193357
          90     1.37226    0.875549    0.866689  0.00171353
          90     1.39791    0.792139    0.814302  0.00163818
          90     1.42355    0.758493    0.767177  0.00148448
          90      1.4492    0.739207    0.732262  0.00156822
          90     1.47485    0.712115    0.708912  0.00157268
          90      1.5005    0.677937    0.690222  0.00156598
          90     1.52615    0.672046    0.680253  0.00139899
          90      1.5518    0.675441     0.67253  0.00147732
          90     1.57745    0.682128    0.672631  0.00135044
          90      1.6031    0.670362    0.678612  0.00148565
          90     1.62875    0.677043    0.687485  0.00138712
          90      1.6544    0.694211    0.704818  0.00157251
          90     1.68005    0.721666    0.725457  0.00126172
          90      1.7057    0.745943    0.750072  0.00117351
          90     1.73135    0.774776    0.780951  0.00141301
          90       1.757    0.816853    0.817166  0.00148549
          90     1.78265    0.862881     0.85617    0.001751
          90      1.8083    0.901915    0.899444  0.00165089
          90     1.83395    0.940126    0.940218  0.00157264
          90      1.8596    0.982097    0.980566  0.00147079
          90     1.88525     1.01012      1.0228  0.00140427
          90      1.9109     1.04857     1.06175  0.00129644
          90     1.93655      1.0975     1.09805  0.00139423
          90      1.9622     1.13977     1.13187  0.00153657
          90     1.98785     1.17061     1.16393   0.0014796
          90      2.0135     1.20258     1.18626  0.00129338
          90     2.03915     1.21856     1.20297  0.00131577
          90      2.0648       1.227     1.21363  0.00128224
          90     2.09045     1.23189     1.21576  0.00121909
          90      2.1161     1.22634     1.20754   0.0014695
          90     2.14174     1.20416      1.1939  0.00122225
          90     2.16739     1.17779     1.17346  0.00125614
          90     2.19304     1.14446     1.14889  0.00128088
          90     2.21869     1.11605     1.12145  0.00139349
          90     2.24434     1.09057     1.09225  0.00137293
          90     2.26999     1.05871      1.0635  0.00135009
          90     2.29564     1.03352     1.03498  0.00137189
          90     2.32129       1.013     1.00982  0.00132627
          90     2.34694    0.983077    0.983626   0.0012257
          90     2.37259    0.954266    0.960103  0.00106689
          90     2.39824    0.939507    0.939312 0.000945454
          90     2.42389    0.911637    0.922894  0.00101144
          90     2.44954    0.907563    0.912702 0.000959851
          90     2.47519    0.885815    0.901582 0.000937521
          90     2.50084    0.902876    0.894065 0.000985667
          90     2.52649    0.886027    0.891071  0.00115444
          90     2.55214    0.875258    0.892457   0.0010497
          91   0.0128248           0           0           0
          91   0.0384745           0           0           0
          91   0.0641241           0           0           0
          91   0.0897737           0           0           0
          91    0.115423           0           0           0
          91    0.141073           0           0           0
          91    0.166723           0           0           0
          91    0.192372           0           0           0
          91    0.218022           0           0           0
          91    0.243672           0           0           0
          91    0.269321           0           0           0
          91    0.294971           0           0           0
          91     0.32062           0           0           0
          91     0.34627           0           0           0
          91     0.37192           0           0           0
          91    0.397569           0           0           0
          91    0.423219           0           0           0
          91    0.448869           0           0           0
          91    0.474518           0           0           0
          91    0.500168           0           0           0
          91    0.525818           0           0           0
          91    0.551467           0           0           0
          91    0.577117           0           0           0
          91    0.602767           0           0           0
          91    0.628416           0           0           0
          91    0.654066           0           0           0
          91    0.679715           0           0           0
          91    0.705365           0           0           0
          91    0.731015           0           0           0
          91    0.756664           0           0           0
          91    0.782314           0           0           0
          91    0.807964           0           0           0
          91    0.833613           0           0           0
          91    0.859263           0 1.36807e-05 5.61094e-06
          91    0.884913 0.000495208  0.00124518 5.99952e-05
          91    0.910562   0.0201632    0.024143 0.000338471
          91    0.936212    0.158947    0.164411 0.000730914
          91    0.961861    0.559874    0.569514  0.00129363
          91    0.987511     1.22081     1.20796  0.00208973
          91     1.01316      1.8685     1.86914  0.00317041
          91     1.03881     2.31696      2.3408  0.00317618
          91     1.06446     2.54424     2.55846  0.00298396
          91     1.09011     2.55296     2.55183  0.00322641
          91     1.11576      2.4318     2.40573   0.0030519
          91     1.14141      2.2015     2.20004  0.00269066
          91     1.16706      1.9581     1.97212  0.00299419
          91     1.19271     1.73814     1.75185  0.00269947
          91     1.21836     1.51732     1.55804  0.00235912
          91     1.24401     1.35432     1.38789  0.00253952
          91     1.26966      1.2586     1.24219  0.00223662
          91     1.29531     1.14452     1.11897  0.00189371
          91     1.32096     1.06974     1.01765  0.00195967
          91     1.34661     0.96746    0.934527  0.00194664
          91     1.37226    0.887584    0.866919  0.00171001
          91     1.39791    0.829073    0.814464   0.0016282
          91     1.42355    0.783994    0.767362  0.00147963
          91      1.4492    0.761563    0.732584   0.0015837
          91     1.47485    0.711903    0.708945  0.00155574
          91      1.5005    0.690025     0.69022  0.00154878
          91     1.52615    0.686939    0.680326  0.00138554
          91      1.5518    0.671939    0.672524   0.0014611
          91     1.57745    0.668269    0.672583  0.00133645
          91      1.6031    0.667696    0.678492  0.00147416
          91     1.62875    0.681293    0.687417  0.00137355
          91      1.6544    0.685238    0.704602  0.00156988
          91     1.68005     0.68258    0.724986  0.00133293
          91      1.7057    0.722153    0.749765  0.00120005
          91     1.73135    0.762179    0.780745  0.00141246
          91       1.757    0.796931    0.816944  0.00148571
          91     1.78265    0.831984    0.855904  0.00175181
          91      1.8083    0.880898     0.89924  0.00164528
          91     1.83395    0.922015    0.940018  0.00156803
          91      1.8596     0.96805    0.980428  0.00146105
          91     1.88525     1.03601     1.02294  0.00139633
          91      1.9109     1.06451     1.06178  0.00128255
          91     1.93655     1.10317     1.09811  0.00138004
          91      1.9622     1.15825     1.13216  0.00154679
          91     1.98785     1.19823     1.16431  0.00151059
          91      2.0135     1.21202     1.18654  0.00130976
          91     2.03915     1.23193     1.20329  0.00133926
          91      2.0648     1.22019     1.21371  0.00127017
          91     2.09045      1.2279      1.2159  0.00121296
          91      2.1161     1.21062     1.20758  0.00145374
          91     2.14174     1.16743     1.19361  0.00124294
          91     2.16739     1.14845     1.17318  0.00127204
          91     2.19304      1.1421     1.14881  0.00126897
          91     2.21869     1.12944     1.12154  0.00138094
          91     2.24434     1.11011     1.09245   0.0013718
          91     2.26999     1.07273      1.0636  0.00133906
          91     2.29564     1.04126     1.03505  0.00135854
          91     2.32129      1.0114     1.00984   0.0013118
          91     2.34694    0.995247    0.983753  0.00121887
          91     2.37259     0.98018    0.960324  0.00107774
          91     2.39824    0.956938    0.939506 0.000954699
          91     2.42389    0.929894    0.922971  0.00100325
          91     2.44954    0.905019    0.912617 0.000953009
          91     2.47519    0.888209    0.901435 0.000938665
          91     2.50084    0.882411    0.893937 0.000983121
          91     2.52649    0.896776    0.891134  0.00114346
          91     2.55214    0.886996    0.892397  0.00103988
          92   0.0128248           0           0           0
          92   0.0384745           0           0           0
          92   0.0641241           0           0           0
          92   0.0897737           0           0           0
          92    0.115423           0           0           0
          92    0.141073           0           0           0
          92    0.166723           0           0           0
          92    0.192372           0           0           0
          92    0.218022           0           0           0
          92    0.243672           0           0           0
          92    0.269321           0           0           0
          92    0.294971           0           0           0
          92     0.32062           0           0           0
          92     0.34627           0           0           0
          92     0.37192           0           0           0
          92    0.397569           0           0           0
          92    0.423219           0           0           0
          92    0.448869           0           0           0
          92    0.474518           0           0           0
          92    0.500168           0           0           0
          92    0.525818           0           0           0
          92    0.551467           0           0           0
          92    0.577117           0           0           0
          92    0.602767           0           0           0
          92    0.628416           0           0           0
          92    0.654066           0           0           0
          92    0.679715           0           0           0
          92    0.705365           0           0           0
          92    0.731015           0           0           0
          92    0.756664           0           0           0
          92    0.782314           0           0           0
          92    0.807964           0           0           0
          92    0.833613           0           0           0
          92    0.859263           0  1.3532e-05 5.55192e-06
          92    0.884913 0.000440185  0.00123643 5.99777e-05
          92    0.910562   0.0263993   0.0241675 0.000335679
          92    0.936212    0.167123     0.16444 0.000723564
          92    0.961861    0.581142     0.56964  0.00128573
          92    0.987511      1.2203     1.20809  0.00207132
          92     1.01316      1.9006     1.86948  0.00315433
          92     1.03881      2.3866      2.3413  0.00318043
          92     1.06446     2.58169     2.55872  0.00296219
          92     1.09011     2.53656     2.55167  0.00319561
          92     1.11576     2.37239     2.40537  0.00304018
          92     1.14141      2.2011     2.20005  0.00266144
          92     1.16706     1.98286     1.97224  0.00296392
          92     1.19271     1.73042     1.75161  0.00268016
          92     1.21836     1.54846     1.55793  0.00233578
          92     1.24401     1.36449     1.38763  0.00252462
          92     1.26966     1.21865     1.24193  0.00222689
          92     1.29531     1.08896     1.11864  0.00190102
          92     1.32096    0.989994     1.01734  0.00196128
          92     1.34661    0.905901    0.934216  0.00195019
          92     1.37226    0.841828    0.866646  0.00171304
          92     1.39791    0.797328    0.814278  0.00162112
          92     1.42355    0.762009    0.767304  0.00146469
          92      1.4492    0.728695    0.732541  0.00156705
          92     1.47485    0.714452    0.709005  0.00153998
          92      1.5005    0.700028    0.690327  0.00153561
          92     1.52615    0.685422    0.680382  0.00137159
          92      1.5518    0.670377    0.672501  0.00144541
          92     1.57745    0.699375    0.672874  0.00135328
          92      1.6031    0.712328     0.67886  0.00150331
          92     1.62875    0.723817    0.687813  0.00141445
          92      1.6544     0.72831     0.70486  0.00157382
          92     1.68005    0.764451    0.725415  0.00138575
          92      1.7057    0.780135    0.750095  0.00123157
          92     1.73135     0.79746    0.780926  0.00140874
          92       1.757    0.822776    0.817007  0.00147092
          92     1.78265    0.860133     0.85595  0.00173337
          92      1.8083    0.891677    0.899158  0.00162945
          92     1.83395    0.927849    0.939886  0.00155656
          92      1.8596    0.969109    0.980305  0.00145034
          92     1.88525    0.998441     1.02268  0.00140632
          92      1.9109     1.04536      1.0616  0.00128097
          92     1.93655     1.10339     1.09816  0.00136624
          92      1.9622     1.13168     1.13215  0.00152999
          92     1.98785     1.16351      1.1643  0.00149419
          92      2.0135     1.17984     1.18647  0.00129755
          92     2.03915     1.19041     1.20315  0.00133199
          92      2.0648     1.21704     1.21374  0.00125689
          92     2.09045     1.19182     1.21564   0.0012277
          92      2.1161     1.18035     1.20728  0.00146775
          92     2.14174     1.17244     1.19338  0.00125054
          92     2.16739     1.16288     1.17307  0.00126313
          92     2.19304     1.15551     1.14888  0.00125726
          92     2.21869     1.12415     1.12157  0.00136622
          92     2.24434     1.10592     1.09259  0.00136468
          92     2.26999     1.06029     1.06357  0.00132499
          92     2.29564     1.02896     1.03499  0.00134539
          92     2.32129     1.00701     1.00981  0.00129791
          92     2.34694     0.98763    0.983795  0.00120635
          92     2.37259    0.973028    0.960462  0.00107483
          92     2.39824    0.961211    0.939742 0.000973036
          92     2.42389    0.923812     0.92298 0.000992388
          92     2.44954    0.910194    0.912591 0.000943014
          92     2.47519    0.898445    0.901402 0.000929025
          92     2.50084    0.881612    0.893803 0.000981521
          92     2.52649     0.88037    0.891017    0.001137
          92     2.55214    0.894081    0.892416  0.00102874
          93   0.0128248           0           0           0
          93   0.0384745           0           0           0
          93   0.0641241           0           0           0
          93   0.0897737           0           0           0
          93    0.115423           0           0           0
          93    0.141073           0           0           0
          93    0.166723           0           0           0
          93    0.192372           0           0           0
          93    0.218022           0           0           0
          93    0.243672           0           0           0
          93    0.269321           0           0           0
          93    0.294971           0           0           0
          93     0.32062           0           0           0
          93     0.34627           0           0           0
          93     0.37192           0           0           0
          93    0.397569           0           0           0
          93    0.423219           0           0           0
          93    0.448869           0           0           0
          93    0.474518           0           0           0
          93    0.500168           0           0           0
          93    0.525818           0           0           0
          93    0.551467           0           0           0
          93    0.577117           0           0           0
          93    0.602767           0           0           0
          93    0.628416           0           0           0
          93    0.654066           0           0           0
          93    0.679715           0           0           0
          93    0.705365           0           0           0
          93    0.731015           0           0           0
          93    0.756664           0           0           0
          93    0.782314           0           0           0
          93    0.807964           0           0           0
          93    0.833613           0           0           0
          93    0.859263           0 1.33865e-05 5.49413e-06
          93    0.884913  0.00154065   0.0012397 5.94219e-05
          93    0.910562    0.018431   0.0241058 0.000337689
          93    0.936212    0.154735    0.164336  0.00072327
          93    0.961861      0.5688    0.569631  0.00127193
          93    0.987511     1.26112     1.20866  0.00212609
          93     1.01316     1.86443     1.86943  0.00312088
          93     1.03881     2.31263     2.34099  0.00316114
          93     1.06446     2.51527     2.55825  0.00296694
          93     1.09011     2.53036     2.55144  0.00316945
          93     1.11576     2.39007     2.40521  0.00301193
          93     1.14141     2.18509     2.19989  0.00263768
          93     1.16706     1.98212     1.97235  0.00293395
          93     1.19271     1.74422     1.75153  0.00265252
          93     1.21836     1.54003     1.55774  0.00231859
          93     1.24401     1.37178     1.38746  0.00250322
          93     1.26966     1.23164     1.24182  0.00220569
          93     1.29531     1.09371     1.11837  0.00189939
          93     1.32096     1.02446     1.01742  0.00194169
          93     1.34661    0.977733    0.934684  0.00198457
          93     1.37226    0.893183    0.866932  0.00171822
          93     1.39791     0.85371    0.814702  0.00165821
          93     1.42355    0.782463    0.767467  0.00145798
          93      1.4492    0.748631    0.732714  0.00155972
          93     1.47485    0.714822    0.709068  0.00152469
          93      1.5005    0.715007    0.690592  0.00154186
          93     1.52615    0.700277    0.680596  0.00137342
          93      1.5518    0.673979    0.672517  0.00142995
          93     1.57745    0.656794    0.672701  0.00134973
          93      1.6031    0.660849    0.678666  0.00149957
          93     1.62875    0.685565    0.687788  0.00139945
          93      1.6544    0.703573    0.704846  0.00155696
          93     1.68005    0.712852     0.72528  0.00137742
          93      1.7057    0.747113    0.750063  0.00121875
          93     1.73135    0.775486    0.780868  0.00139481
          93       1.757    0.830858    0.817156  0.00146262
          93     1.78265     0.87165    0.856119  0.00172293
          93      1.8083    0.908561    0.899259  0.00161506
          93     1.83395    0.931991    0.939801  0.00154213
          93      1.8596    0.960587    0.980093  0.00145016
          93     1.88525     1.01891     1.02264  0.00139178
          93      1.9109     1.05628     1.06154  0.00126847
          93     1.93655     1.08948     1.09807  0.00135473
          93      1.9622     1.10591     1.13187  0.00153934
          93     1.98785     1.13362     1.16397  0.00151411
          93      2.0135     1.17485     1.18635   0.0012896
          93     2.03915     1.19469     1.20306  0.00132077
          93      2.0648     1.21884      1.2138  0.00124457
          93     2.09045     1.20216     1.21549  0.00122302
          93      2.1161     1.21335     1.20735  0.00145342
          93     2.14174     1.20145     1.19346  0.00124011
          93     2.16739     1.18195     1.17317  0.00125315
          93     2.19304     1.14131      1.1488  0.00124638
          93     2.21869     1.12996     1.12166  0.00135451
          93     2.24434     1.11036     1.09278  0.00136331
          93     2.26999     1.07468     1.06369  0.00131612
          93     2.29564     1.03915     1.03503  0.00133167
          93     2.32129     1.00556     1.00976  0.00128475
          93     2.34694     1.00036    0.983974  0.00120646
          93     2.37259    0.965605    0.960517   0.0010647
          93     2.39824    0.956339     0.93992 0.000978803
          93     2.42389    0.927709    0.923031 0.000983018
          93     2.44954    0.921263    0.912684 0.000937473
          93     2.47519    0.886619    0.901243 0.000932535
          93     2.50084    0.890258    0.893765 0.000971707
          93     2.52649    0.902995    0.891146  0.00113205
          93     2.55214    0.902708    0.892526  0.00102361
          94   0.0128248           0           0           0
          94   0.0384745           0           0           0
          94   0.0641241           0           0           0
          94   0.0897737           0           0           0
          94    0.115423           0           0           0
          94    0.141073           0           0           0
          94    0.166723           0           0           0
          94    0.192372           0           0           0
          94    0.218022           0           0           0
          94    0.243672           0           0           0
          94    0.269321           0           0           0
          94    0.294971           0           0           0
          94     0.32062           0           0           0
          94     0.34627           0           0           0
          94     0.37192           0           0           0
          94    0.397569           0           0           0
          94    0.423219           0           0           0
          94    0.448869           0           0           0
          94    0.474518           0           0           0
          94    0.500168           0           0           0
          94    0.525818           0           0           0
          94    0.551467           0           0           0
          94    0.577117           0           0           0
          94    0.602767           0           0           0
          94    0.628416           0           0           0
          94    0.654066           0           0           0
          94    0.679715           0           0           0
          94    0.705365           0           0           0
          94    0.731015           0           0           0
          94    0.756664           0           0           0
          94    0.782314           0           0           0
          94    0.807964           0           0           0
          94    0.833613           0           0           0
          94    0.859263           0 1.32441e-05 5.43753e-06
          94    0.884913 0.000403503   0.0012308 5.94519e-05
          94    0.910562   0.0191759   0.0240534 0.000338145
          94    0.936212    0.156472    0.164252 0.000720397
          94    0.961861    0.576174    0.569701   0.0012603
          94    0.987511     1.24254     1.20902  0.00213379
          94     1.01316     1.87261     1.86946  0.00308787
          94     1.03881     2.40418     2.34166   0.0031982
          94     1.06446     2.55767     2.55824  0.00293539
          94     1.09011     2.53588     2.55127  0.00314005
          94     1.11576     2.40283     2.40518     0.00298
          94     1.14141      2.2359     2.20027  0.00263729
          94     1.16706     1.96842     1.97231  0.00290303
          94     1.19271     1.72785     1.75128  0.00263624
          94     1.21836     1.52045     1.55734   0.0023276
          94     1.24401     1.37504     1.38733  0.00248007
          94     1.26966     1.19084     1.24128  0.00224791
          94     1.29531     1.08336       1.118  0.00191536
          94     1.32096     1.01164     1.01736    0.001922
          94     1.34661    0.931183    0.934647   0.0019638
          94     1.37226    0.874618    0.867013  0.00170188
          94     1.39791    0.813057    0.814684  0.00164066
          94     1.42355    0.765311    0.767444  0.00144265
          94      1.4492    0.740014    0.732792  0.00154506
          94     1.47485    0.736923    0.709364    0.001537
          94      1.5005    0.709335    0.690791  0.00153829
          94     1.52615    0.695769    0.680757  0.00136826
          94      1.5518    0.688765    0.672689  0.00142515
          94     1.57745    0.694624    0.672935  0.00135537
          94      1.6031    0.685669    0.678741  0.00148547
          94     1.62875    0.690335    0.687816  0.00138482
          94      1.6544    0.685962    0.704645  0.00155331
          94     1.68005    0.718042    0.725203  0.00136492
          94      1.7057    0.751823    0.750082  0.00120592
          94     1.73135    0.796492    0.781034  0.00138984
          94       1.757    0.822348    0.817211   0.0014481
          94     1.78265    0.860341    0.856163  0.00170519
          94      1.8083    0.918339    0.899462  0.00161058
          94     1.83395     0.93121     0.93971  0.00152843
          94      1.8596    0.966954    0.979953  0.00144145
          94     1.88525     1.01977     1.02261  0.00137731
          94      1.9109     1.05252     1.06145  0.00125861
          94     1.93655     1.07514     1.09783  0.00136211
          94      1.9622     1.13032     1.13186  0.00152305
          94     1.98785     1.16799     1.16402   0.0014986
          94      2.0135     1.20024     1.18649  0.00128432
          94     2.03915     1.20441     1.20307   0.0013068
          94      2.0648     1.19664     1.21361  0.00124463
          94     2.09045      1.2137     1.21547  0.00121016
          94      2.1161     1.21864     1.20747  0.00144292
          94     2.14174     1.19543     1.19349  0.00122709
          94     2.16739      1.1771     1.17321  0.00124052
          94     2.19304     1.12708     1.14857  0.00125436
          94     2.21869     1.10064     1.12143  0.00135843
          94     2.24434     1.07486     1.09259  0.00136207
          94     2.26999     1.05073     1.06355  0.00130932
          94     2.29564     1.02569     1.03493   0.0013212
          94     2.32129     0.99841     1.00964  0.00127675
          94     2.34694    0.977517    0.983905  0.00119558
          94     2.37259    0.953445    0.960442  0.00105602
          94     2.39824     0.95085    0.940037 0.000975272
          94     2.42389    0.931911    0.923125  0.00097709
          94     2.44954    0.927762    0.912845 0.000941122
          94     2.47519    0.908828    0.901324 0.000926098
          94     2.50084    0.909793    0.893936 0.000976215
          94     2.52649    0.918283    0.891435  0.00115623
          94     2.55214    0.907464    0.892685  0.00102498
          95   0.0128248           0           0           0
          95   0.0384745           0           0           0
          95   0.0641241           0           0           0
          95   0.0897737           0           0           0
          95    0.115423           0           0           0
          95    0.141073           0           0           0
          95    0.166723           0           0           0
          95    0.192372           0           0           0
          95    0.218022           0           0           0
          95    0.243672           0           0           0
          95    0.269321           0           0           0
          95    0.294971           0           0           0
          95     0.32062           0           0           0
          95     0.34627           0           0           0
          95     0.37192           0           0           0
          95    0.397569           0           0           0
          95    0.423219           0           0           0
          95    0.448869           0           0           0
          95    0.474518           0           0           0
          95    0.500168           0           0           0
          95    0.525818           0           0           0
          95    0.551467           0           0           0
          95    0.577117           0           0           0
          95    0.602767           0           0           0
          95    0.628416           0           0           0
          95    0.654066           0           0           0
          95    0.679715           0           0           0
          95    0.705365           0           0           0
          95    0.731015           0           0           0
          95    0.756664           0           0           0
          95    0.782314           0           0           0
          95    0.807964           0           0           0
          95    0.833613           0           0           0
          95    0.859263           0 1.31047e-05 5.38208e-06
          95    0.884913  0.00126553  0.00123117 5.88272e-05
          95    0.910562   0.0222939   0.0240349 0.000335092
          95    0.936212    0.158324     0.16419 0.000715512
          95    0.961861    0.566347    0.569666  0.00124753
          95    0.987511     1.23395     1.20928  0.00212741
          95     1.01316     1.92848     1.87008  0.00311724
          95     1.03881     2.37768     2.34204  0.00318693
          95     1.06446     2.57689     2.55844  0.00291104
          95     1.09011     2.53305     2.55108  0.00311285
          95     1.11576     2.39228     2.40505  0.00295172
          95     1.14141     2.14746     2.19972  0.00266747
          95     1.16706     1.95294      1.9721  0.00287962
          95     1.19271     1.77866     1.75157  0.00262419
          95     1.21836     1.59072      1.5577  0.00232947
          95     1.24401     1.40538     1.38752  0.00246123
          95     1.26966     1.20282     1.24087   0.0022604
          95     1.29531     1.08335     1.11764  0.00192962
          95     1.32096    0.992447      1.0171  0.00191958
          95     1.34661    0.920031    0.934493  0.00194915
          95     1.37226    0.887028    0.867224  0.00169696
          95     1.39791    0.805714     0.81459  0.00162611
          95     1.42355    0.795228    0.767737  0.00145681
          95      1.4492    0.730542    0.732768  0.00152898
          95     1.47485    0.715463    0.709428  0.00152216
          95      1.5005    0.682536    0.690704  0.00152455
          95     1.52615    0.656599    0.680503  0.00137729
          95      1.5518    0.636683     0.67231  0.00145968
          95     1.57745    0.631455    0.672498  0.00140968
          95      1.6031      0.6553    0.678494  0.00149018
          95     1.62875    0.657871      0.6875  0.00140566
          95      1.6544    0.697396    0.704569  0.00153883
          95     1.68005    0.725726    0.725208  0.00135056
          95      1.7057    0.760442    0.750191  0.00119815
          95     1.73135    0.810311    0.781342  0.00140896
          95       1.757    0.828895    0.817334  0.00143807
          95     1.78265    0.870099     0.85631  0.00169354
          95      1.8083    0.918954    0.899667  0.00160664
          95     1.83395    0.972962     0.94006   0.0015519
          95      1.8596     1.02134    0.980389  0.00149065
          95     1.88525     1.05603     1.02296  0.00140703
          95      1.9109      1.0901     1.06175  0.00128099
          95     1.93655     1.13204     1.09819  0.00139457
          95      1.9622     1.12599     1.13179  0.00150827
          95     1.98785      1.1546     1.16392   0.0014861
          95      2.0135     1.19577     1.18659  0.00127451
          95     2.03915     1.19934     1.20303  0.00129363
          95      2.0648     1.20947     1.21357   0.0012323
          95     2.09045     1.19039     1.21521  0.00122589
          95      2.1161     1.19547     1.20734  0.00143324
          95     2.14174     1.16201     1.19315  0.00125811
          95     2.16739     1.14662     1.17293  0.00125864
          95     2.19304     1.14311     1.14851  0.00124247
          95     2.21869     1.11344     1.12135  0.00134673
          95     2.24434     1.07436      1.0924  0.00136119
          95     2.26999     1.04231     1.06333  0.00131448
          95     2.29564     1.00862     1.03466  0.00133601
          95     2.32129    0.990994     1.00944   0.0012783
          95     2.34694    0.979238    0.983856    0.001184
          95     2.37259    0.978141    0.960628  0.00106122
          95     2.39824     0.93969    0.940033 0.000965013
          95     2.42389    0.932845    0.923227 0.000972146
          95     2.44954    0.909821    0.912813 0.000931754
          95     2.47519    0.899603    0.901306 0.000916527
          95     2.50084    0.913403    0.894141 0.000987212
          95     2.52649    0.904935    0.891577  0.00115276
          95     2.55214     0.89177    0.892675  0.00101424
          96   0.0128248           0           0           0
          96   0.0384745           0           0           0
          96   0.0641241           0           0           0
          96   0.0897737           0           0           0
          96    0.115423           0           0           0
          96    0.141073           0           0           0
          96    0.166723           0           0           0
          96    0.192372           0           0           0
          96    0.218022           0           0           0
          96    0.243672           0           0           0
          96    0.269321           0           0           0
          96    0.294971           0           0           0
          96     0.32062           0           0           0
          96     0.34627           0           0           0
          96     0.37192           0           0           0
          96    0.397569           0           0           0
          96    0.423219           0           0           0
          96    0.448869           0           0           0
          96    0.474518           0           0           0
          96    0.500168           0           0           0
          96    0.525818           0           0           0
          96    0.551467           0           0           0
          96    0.577117           0           0           0
          96    0.602767           0           0           0
          96    0.628416           0           0           0
          96    0.654066           0           0           0
          96    0.679715           0           0           0
          96    0.705365           0           0           0
          96    0.731015           0           0           0
          96    0.756664           0           0           0
          96    0.782314           0           0           0
          96    0.807964           0           0           0
          96    0.833613           0           0           0
          96    0.859263           0 1.29682e-05 5.32774e-06
          96    0.884913  0.00069696   0.0012256 5.84771e-05
          96    0.910562   0.0255505   0.0240507 0.000331974
          96    0.936212    0.176414    0.164317   0.0007193
          96    0.961861    0.590906    0.569887    0.001254
          96    0.987511     1.22756     1.20947  0.00211375
          96     1.01316     1.87057     1.87009  0.00308477
          96     1.03881     2.31436     2.34175  0.00316675
          96     1.06446     2.51187     2.55795  0.00292085
          96     1.09011     2.53246     2.55089  0.00308646
          96     1.11576     2.40395     2.40503    0.002921
          96     1.14141     2.18422     2.19955  0.00264457
          96     1.16706     1.95856     1.97196  0.00285308
          96     1.19271     1.77612     1.75183  0.00260929
          96     1.21836     1.55363     1.55765  0.00230559
          96     1.24401     1.36455     1.38728  0.00244719
          96     1.26966     1.24066     1.24087  0.00223686
          96     1.29531     1.11519     1.11761  0.00190969
          96     1.32096     1.00918     1.01701  0.00190135
          96     1.34661    0.927286    0.934418  0.00193029
          96     1.37226    0.886585    0.867426  0.00169122
          96     1.39791    0.829969     0.81475  0.00161704
          96     1.42355    0.792875    0.767998  0.00146498
          96      1.4492    0.742941    0.732874  0.00151672
          96     1.47485    0.723921    0.709579  0.00151377
          96      1.5005    0.718585    0.690995  0.00153609
          96     1.52615    0.682764    0.680526  0.00136314
          96      1.5518    0.672089    0.672308  0.00144447
          96     1.57745    0.668563    0.672457  0.00139559
          96      1.6031    0.666874    0.678373  0.00147957
          96     1.62875    0.677828      0.6874  0.00139463
          96      1.6544    0.706758    0.704592  0.00152297
          96     1.68005     0.72019    0.725156   0.0013375
          96      1.7057    0.762807    0.750322  0.00119285
          96     1.73135    0.794417    0.781478  0.00140085
          96       1.757    0.814206    0.817302  0.00142346
          96     1.78265    0.860612    0.856355  0.00167649
          96      1.8083    0.887091    0.899536  0.00159524
          96     1.83395    0.937415    0.940032  0.00153598
          96      1.8596    0.982401     0.98041  0.00147527
          96     1.88525     1.02425     1.02297  0.00139244
          96      1.9109     1.07037     1.06184  0.00127078
          96     1.93655     1.11686     1.09838  0.00139354
          96      1.9622     1.14621     1.13194  0.00150001
          96     1.98785     1.16025     1.16388  0.00147112
          96      2.0135     1.17333     1.18645  0.00126869
          96     2.03915     1.16671     1.20265  0.00133434
          96      2.0648     1.17737     1.21319  0.00127586
          96     2.09045     1.17564     1.21479  0.00128054
          96      2.1161     1.20041     1.20727  0.00142013
          96     2.14174      1.1849     1.19307  0.00124794
          96     2.16739     1.18897      1.1731  0.00125658
          96     2.19304     1.15513     1.14858  0.00123144
          96     2.21869      1.1115     1.12125   0.0013366
          96     2.24434     1.10615     1.09254  0.00135453
          96     2.26999     1.06312     1.06332  0.00130079
          96     2.29564     1.05772      1.0349  0.00134352
          96     2.32129     1.02229     1.00958  0.00127197
          96     2.34694       0.982    0.983836  0.00117182
          96     2.37259    0.958219    0.960603  0.00105046
          96     2.39824    0.951984    0.940157 0.000962956
          96     2.42389    0.931862    0.923317 0.000966172
          96     2.44954    0.922737    0.912916 0.000927765
          96     2.47519    0.917938    0.901479 0.000923211
          96     2.50084    0.897529    0.894176 0.000977559
          96     2.52649    0.887566    0.891535  0.00114151
          96     2.55214    0.887752    0.892624  0.00100497
          97   0.0128248           0           0           0
          97   0.0384745           0           0           0
          97   0.0641241           0           0           0
          97   0.0897737           0           0           0
          97    0.115423           0           0           0
          97    0.141073           0           0           0
          97    0.166723           0           0           0
          97    0.192372           0           0           0
          97    0.218022           0           0           0
          97    0.243672           0           0           0
          97    0.269321           0           0           0
          97    0.294971           0           0           0
          97     0.32062           0           0           0
          97     0.34627           0           0           0
          97     0.37192           0           0           0
          97    0.397569           0           0           0
          97    0.423219           0           0           0
          97    0.448869           0           0           0
          97    0.474518           0           0           0
          97    0.500168           0           0           0
          97    0.525818           0           0           0
          97    0.551467           0           0           0
          97    0.577117           0           0           0
          97    0.602767           0           0           0
          97    0.628416           0           0           0
          97    0.654066           0           0           0
          97    0.679715           0           0           0
          97    0.705365           0           0           0
          97    0.731015           0           0           0
          97    0.756664           0           0           0
          97    0.782314           0           0           0
          97    0.807964           0           0           0
          97    0.833613           0           0           0
          97    0.859263           0 1.28345e-05 5.27449e-06
          97    0.884913 0.000788665   0.0012211 5.80474e-05
          97    0.910562    0.024182    0.024052 0.000328554
          97    0.936212    0.165763    0.164332 0.000712039
          97    0.961861    0.574901    0.569939  0.00124214
          97    0.987511      1.2336     1.20972  0.00210653
          97     1.01316     1.86453     1.87003   0.0030535
          97     1.03881     2.30365     2.34136  0.00315837
          97     1.06446     2.50134     2.55737  0.00294848
          97     1.09011     2.53757     2.55075  0.00305769
          97     1.11576     2.42723     2.40526  0.00289984
          97     1.14141     2.22946     2.19986  0.00263522
          97     1.16706     1.99728     1.97222  0.00283558
          97     1.19271     1.76759     1.75199  0.00258744
          97     1.21836     1.51622     1.55723  0.00232106
          97     1.24401     1.38115     1.38722  0.00242278
          97     1.26966     1.22837     1.24074   0.0022175
          97     1.29531     1.10004     1.11743  0.00189857
          97     1.32096     1.01845     1.01703  0.00188181
          97     1.34661    0.960965    0.934692  0.00192969
          97     1.37226    0.877494    0.867529  0.00167697
          97     1.39791    0.823141    0.814837  0.00160268
          97     1.42355    0.782534    0.768148  0.00145752
          97      1.4492    0.752618    0.733078  0.00151468
          97     1.47485    0.724839    0.709736  0.00150632
          97      1.5005    0.703734    0.691126  0.00152585
          97     1.52615    0.662192    0.680337  0.00136213
          97      1.5518    0.655925    0.672139  0.00143942
          97     1.57745    0.686896    0.672606  0.00138912
          97      1.6031     0.68672    0.678459  0.00146681
          97     1.62875    0.696935    0.687498  0.00138371
          97      1.6544    0.721777    0.704769  0.00151754
          97     1.68005    0.731955    0.725226  0.00132555
          97      1.7057    0.766894    0.750493  0.00119273
          97     1.73135    0.776137    0.781423  0.00138749
          97       1.757    0.792366    0.817045  0.00143181
          97     1.78265    0.828413    0.856067  0.00168377
          97      1.8083    0.885365     0.89939  0.00158547
          97     1.83395    0.943274    0.940065  0.00152051
          97      1.8596    0.981607    0.980422  0.00146012
          97     1.88525     1.02144     1.02296  0.00137817
          97      1.9109     1.06766      1.0619   0.0012591
          97     1.93655     1.09971     1.09839  0.00137924
          97      1.9622     1.11127     1.13173  0.00149962
          97     1.98785     1.15502     1.16379  0.00145878
          97      2.0135     1.16215      1.1862  0.00128011
          97     2.03915      1.1862     1.20248  0.00133131
          97      2.0648     1.19198     1.21298   0.0012813
          97     2.09045     1.22286     1.21488  0.00127003
          97      2.1161     1.20071      1.2072   0.0014071
          97     2.14174     1.19596      1.1931  0.00123543
          97     2.16739     1.18622     1.17323  0.00125089
          97     2.19304     1.14658     1.14856  0.00121892
          97     2.21869     1.13846     1.12143  0.00133454
          97     2.24434     1.09559     1.09258  0.00134093
          97     2.26999     1.06769     1.06337  0.00128816
          97     2.29564     1.04568     1.03501  0.00133426
          97     2.32129     1.01585     1.00964   0.0012605
          97     2.34694    0.970083    0.983695  0.00116829
          97     2.37259    0.948341    0.960477  0.00104721
          97     2.39824    0.944792    0.940205 0.000954213
          97     2.42389    0.929144    0.923377 0.000958076
          97     2.44954    0.927728    0.913069 0.000930683
          97     2.47519    0.904561    0.901511  0.00091424
          97     2.50084    0.905381    0.894292 0.000974282
          97     2.52649     0.88539    0.891472   0.0011315
          97     2.55214    0.891371    0.892611 0.000994694
          98   0.0128248           0           0           0
          98   0.0384745           0           0           0
          98   0.0641241           0           0           0
          98   0.0897737           0           0           0
          98    0.115423           0           0           0
          98    0.141073           0           0           0
          98    0.166723           0           0           0
          98    0.192372           0           0           0
          98    0.218022           0           0           0
          98    0.243672           0           0           0
          98    0.269321           0           0           0
          98    0.294971           0           0           0
          98     0.32062           0           0           0
          98     0.34627           0           0           0
          98     0.37192           0           0           0
          98    0.397569           0           0           0
          98    0.423219           0           0           0
          98    0.448869           0           0           0
          98    0.474518           0           0           0
          98    0.500168           0           0           0
          98    0.525818           0           0           0
          98    0.551467           0           0           0
          98    0.577117           0           0           0
          98    0.602767           0           0           0
          98    0.628416           0           0           0
          98    0.654066           0           0           0
          98    0.679715           0           0           0
          98    0.705365           0           0           0
          98    0.731015           0           0           0
          98    0.756664           0           0           0
          98    0.782314           0           0           0
          98    0.807964           0           0           0
          98    0.833613           0           0           0
          98    0.859263           0 1.27035e-05  5.2223e-06
          98    0.884913 0.000788665  0.00121668 5.76226e-05
          98    0.910562   0.0235411   0.0240468 0.000325243
          98    0.936212    0.162224    0.164311 0.000705099
          98    0.961861      0.5534     0.56977  0.00124088
          98    0.987511     1.18012     1.20942  0.00210659
          98     1.01316     1.85107     1.86984  0.00302847
          98     1.03881      2.3432     2.34138  0.00312619
          98     1.06446     2.53108      2.5571  0.00293057
          98     1.09011     2.53389     2.55058  0.00303132
          98     1.11576     2.38582     2.40506  0.00287703
          98     1.14141     2.18565     2.19972  0.00261231
          98     1.16706     1.94192     1.97191  0.00282346
          98     1.19271     1.75826     1.75205  0.00256183
          98     1.21836     1.53865     1.55704   0.0023051
          98     1.24401     1.37507     1.38709  0.00240123
          98     1.26966     1.27104     1.24105  0.00221633
          98     1.29531     1.15111     1.11777  0.00191006
          98     1.32096     1.06432     1.01751  0.00192349
          98     1.34661    0.954605    0.934895  0.00192067
          98     1.37226     0.87265    0.867582  0.00166067
          98     1.39791    0.837966    0.815073  0.00160361
          98     1.42355    0.790288    0.768374  0.00146005
          98      1.4492    0.743474    0.733184  0.00150293
          98     1.47485    0.740046    0.710046  0.00152237
          98      1.5005    0.698701    0.691203  0.00151224
          98     1.52615    0.686371    0.680399  0.00134962
          98      1.5518    0.675781    0.672176  0.00142522
          98     1.57745    0.678895     0.67267  0.00137642
          98      1.6031    0.685748    0.678534  0.00145373
          98     1.62875    0.677742    0.687398  0.00137317
          98      1.6544    0.676988    0.704486   0.0015283
          98     1.68005    0.711412    0.725085   0.0013195
          98      1.7057     0.73485    0.750334  0.00119119
          98     1.73135    0.774978    0.781358  0.00137489
          98       1.757    0.801635    0.816888  0.00142581
          98     1.78265    0.846104    0.855965  0.00166966
          98      1.8083    0.867782    0.899067  0.00160176
          98     1.83395    0.923933    0.939901  0.00151388
          98      1.8596    0.975265     0.98037  0.00144617
          98     1.88525     1.02191     1.02294  0.00136415
          98      1.9109     1.06121     1.06189  0.00124627
          98     1.93655     1.07748     1.09818  0.00138157
          98      1.9622     1.14391     1.13186  0.00148946
          98     1.98785     1.17484      1.1639  0.00144826
          98      2.0135     1.19421     1.18628  0.00126965
          98     2.03915     1.21929     1.20266  0.00132873
          98      2.0648     1.21672     1.21301   0.0012688
          98     2.09045     1.20512     1.21478  0.00126097
          98      2.1161     1.20077     1.20714  0.00139427
          98     2.14174     1.20909     1.19326  0.00123355
          98     2.16739      1.1788     1.17329  0.00123941
          98     2.19304     1.13715     1.14845  0.00121203
          98     2.21869     1.11831     1.12139  0.00132131
          98     2.24434     1.10015     1.09265  0.00132947
          98     2.26999     1.06323     1.06337  0.00127501
          98     2.29564     1.03327     1.03499  0.00132076
          98     2.32129     1.01447     1.00969   0.0012486
          98     2.34694    0.981374    0.983671  0.00115661
          98     2.37259     0.97497    0.960624  0.00104691
          98     2.39824    0.943133    0.940235 0.000944944
          98     2.42389    0.917861    0.923321 0.000949952
          98     2.44954    0.910649    0.913044 0.000921513
          98     2.47519    0.921619    0.901716  0.00092765
          98     2.50084     0.91112    0.894463 0.000979357
          98     2.52649    0.907545    0.891636  0.00113177
          98     2.55214    0.917754    0.892868  0.00101709
          99   0.0128248           0           0           0
          99   0.0384745           0           0           0
          99   0.0641241           0           0           0
          99   0.0897737           0           0           0
          99    0.115423           0           0           0
          99    0.141073           0           0           0
          99    0.166723           0           0           0
          99    0.192372           0           0           0
          99    0.218022           0           0           0
          99    0.243672           0           0           0
          99    0.269321           0           0           0
          99    0.294971           0           0           0
          99     0.32062           0           0           0
          99     0.34627           0           0           0
          99     0.37192           0           0           0
          99    0.397569           0           0           0
          99    0.423219           0           0           0
          99    0.448869           0           0           0
          99    0.474518           0           0           0
          99    0.500168           0           0           0
          99    0.525818           0           0           0
          99    0.551467           0           0           0
          99    0.577117           0           0           0
          99    0.602767           0           0           0
          99    0.628416           0           0           0
          99    0.654066           0           0           0
          99    0.679715           0           0           0
          99    0.705365           0           0           0
          99    0.731015           0           0           0
          99    0.756664           0           0           0
          99    0.782314           0           0           0
          99    0.807964           0           0           0
          99    0.833613           0           0           0
          99    0.859263           0 1.25752e-05 5.17112e-06
          99    0.884913 9.17052e-05  0.00120532 5.81502e-05
          99    0.910562    0.023645   0.0240427 0.000321983
          99    0.936212    0.163764    0.164305 0.000697998
          99    0.961861    0.584247    0.569916  0.00123693
          99    0.987511     1.21108     1.20944  0.00208537
          99     1.01316     1.82353     1.86937  0.00303378
          99     1.03881     2.35444     2.34151   0.0030974
          99     1.06446     2.53218     2.55685  0.00291176
          99     1.09011     2.56468     2.55072  0.00300405
          99     1.11576     2.39455     2.40496  0.00284993
          99     1.14141      2.1265     2.19898  0.00268857
          99     1.16706     1.91342     1.97132   0.0028561
          99     1.19271     1.75275     1.75206  0.00253597
          99     1.21836     1.56109     1.55708  0.00228218
          99     1.24401     1.41609     1.38739  0.00239477
          99     1.26966     1.24308     1.24107  0.00219403
          99     1.29531     1.15383     1.11814  0.00192517
          99     1.32096      1.0134     1.01747  0.00190451
          99     1.34661    0.937963    0.934926  0.00190152
          99     1.37226    0.867563    0.867582   0.0016439
          99     1.39791    0.825846    0.815181   0.0015911
          99     1.42355    0.782733    0.768519  0.00145249
          99      1.4492    0.729003    0.733142  0.00148835
          99     1.47485    0.726272     0.71021  0.00151579
          99      1.5005    0.701221    0.691305  0.00150035
          99     1.52615    0.681161    0.680407  0.00133601
          99      1.5518    0.675542     0.67221  0.00141122
          99     1.57745    0.692714    0.672872  0.00137733
          99      1.6031    0.695198    0.678702  0.00144876
          99     1.62875     0.70948    0.687621  0.00137729
          99      1.6544    0.718009    0.704622  0.00151895
          99     1.68005    0.738585    0.725222   0.0013132
          99      1.7057    0.752287    0.750353  0.00117932
          99     1.73135    0.775625      0.7813  0.00136222
          99       1.757    0.805748    0.816775  0.00141584
          99     1.78265    0.838877    0.855793  0.00166169
          99      1.8083    0.882971    0.898905  0.00159381
          99     1.83395      0.9212    0.939712  0.00151033
          99      1.8596    0.973417    0.980299  0.00143326
          99     1.88525     1.01377     1.02285  0.00135351
          99      1.9109     1.05092     1.06178   0.0012386
          99     1.93655     1.10108     1.09821  0.00136793
          99      1.9622     1.13226     1.13186  0.00147442
          99     1.98785     1.17168     1.16398  0.00143576
          99      2.0135     1.18048     1.18623  0.00125818
          99     2.03915     1.18014     1.20243  0.00133462
          99      2.0648     1.20323     1.21291  0.00125983
          99     2.09045     1.21898     1.21482  0.00124895
          99      2.1161     1.21184     1.20718    0.001381
          99     2.14174     1.20107     1.19334  0.00122361
          99     2.16739     1.18005     1.17336  0.00122877
          99     2.19304     1.15186     1.14848  0.00120028
          99     2.21869     1.10172     1.12119  0.00132281
          99     2.24434     1.09209     1.09265  0.00131605
          99     2.26999     1.04949     1.06323  0.00126982
          99     2.29564     1.03863     1.03503  0.00130794
          99     2.32129       1.019     1.00979  0.00123953
          99     2.34694    0.999051    0.983826  0.00115531
          99     2.37259    0.962505    0.960643  0.00103651
          99     2.39824     0.94361    0.940269 0.000936014
          99     2.42389    0.923528    0.923323 0.000940359
          99     2.44954     0.91361     0.91305 0.000912223
          99     2.47519    0.905009    0.901749 0.000918876
          99     2.50084    0.894996    0.894469 0.000969479
          99     2.52649    0.903245    0.891753   0.0011264
          99     2.55214    0.896396    0.892903  0.00100744
         100   0.0128248           0           0           0
         100   0.0384745           0           0           0
         100   0.0641241           0           0           0
         100   0.0897737           0           0           0
         100    0.115423           0           0           0
         100    0.141073           0           0           0
         100    0.166723           0           0           0
         100    0.192372           0           0           0
         100    0.218022           0           0           0
         100    0.243672           0           0           0
         100    0.269321           0           0           0
         100    0.294971           0           0           0
         100     0.32062           0           0           0
         100     0.34627           0           0           0
         100     0.37192           0           0           0
         100    0.397569           0           0           0
         100    0.423219           0           0           0
         100    0.448869           0           0           0
         100    0.474518           0           0           0
         100    0.500168           0           0           0
         100    0.525818           0           0           0
         100    0.551467           0           0           0
         100    0.577117           0           0           0
         100    0.602767           0           0           0
         100    0.628416           0           0           0
         100    0.654066           0           0           0
         100    0.679715           0           0           0
         100    0.705365           0           0           0
         100    0.731015           0           0           0
         100    0.756664           0           0           0
         100    0.782314           0           0           0
         100    0.807964           0           0           0
         100    0.833613           0           0           0
         100    0.859263           0 1.24495e-05 5.12094e-06
         100    0.884913  0.00128387  0.00120611  5.7574e-05
         100    0.910562   0.0222073   0.0240244 0.000319286
         100    0.936212    0.165796     0.16432 0.000691177
         100    0.961861     0.57605    0.569977  0.00122608
         100    0.987511     1.22909     1.20963  0.00207376
         100     1.01316     1.86492     1.86932  0.00300377
         100     1.03881     2.32154     2.34131  0.00307286
         100     1.06446     2.55762     2.55686  0.00288265
         100     1.09011     2.57236     2.55094  0.00298179
         100     1.11576     2.38413     2.40475  0.00282903
         100     1.14141     2.21662     2.19915  0.00266746
         100     1.16706     1.98741     1.97148  0.00283206
         100     1.19271     1.78132     1.75235  0.00252743
         100     1.21836     1.54588     1.55697   0.0022621
         100     1.24401     1.38622     1.38738  0.00237085
         100     1.26966     1.21754     1.24083  0.00218468
         100     1.29531      1.1291     1.11825  0.00190904
         100     1.32096     1.00135     1.01731  0.00189228
         100     1.34661    0.912974    0.934706  0.00189513
         100     1.37226    0.862948    0.867535  0.00162811
         100     1.39791    0.801745    0.815047  0.00158086
         100     1.42355    0.764964    0.768484   0.0014384
         100      1.4492    0.724749    0.733058  0.00147583
         100     1.47485    0.698321    0.710091  0.00150528
         100      1.5005    0.712659    0.691518  0.00150046
         100     1.52615     0.67833    0.680386  0.00132281
         100      1.5518     0.67077    0.672196  0.00139719
         100     1.57745    0.668148    0.672825  0.00136437
         100      1.6031    0.679276    0.678708  0.00143428
         100     1.62875    0.684542    0.687591  0.00136386
         100      1.6544    0.690737    0.704483   0.0015101
         100     1.68005    0.716012    0.725129  0.00130329
         100      1.7057    0.749122    0.750341  0.00116759
         100     1.73135    0.781096    0.781298   0.0013486
         100       1.757    0.832849    0.816936  0.00141078
         100     1.78265    0.864133    0.855876  0.00164716
         100      1.8083    0.897027    0.898886  0.00157799
         100     1.83395    0.944017    0.939755  0.00149584
         100      1.8596    0.986404     0.98036  0.00142023
         100     1.88525     1.04325     1.02306  0.00135526
         100      1.9109     1.09432     1.06211  0.00126823
         100     1.93655      1.1338     1.09857  0.00139979
         100      1.9622     1.15962     1.13214  0.00148557
         100     1.98785     1.17554     1.16409  0.00142605
         100      2.0135     1.19388      1.1863  0.00124792
         100     2.03915     1.20112     1.20242  0.00132134
         100      2.0648     1.19964     1.21278  0.00125421
         100     2.09045     1.18869     1.21456   0.0012635
         100      2.1161     1.18069     1.20692  0.00139237
         100     2.14174     1.18156     1.19322  0.00121704
         100     2.16739     1.16699     1.17329  0.00121813
         100     2.19304     1.16297     1.14863  0.00119698
         100     2.21869     1.10551     1.12104  0.00131885
         100     2.24434     1.08298     1.09255  0.00130644
         100     2.26999     1.05439     1.06314  0.00126019
         100     2.29564      1.0225      1.0349  0.00130084
         100     2.32129     1.00276     1.00971  0.00122912
         100     2.34694    0.974474    0.983733  0.00114754
         100     2.37259    0.961768    0.960655   0.0010262
         100     2.39824    0.939492    0.940261 0.000926686
         100     2.42389    0.912974     0.92322 0.000936633
         100     2.44954    0.909524    0.913015 0.000903782
         100     2.47519    0.896199    0.901694 0.000911362
         100     2.50084    0.881373    0.894338 0.000968589
         100     2.52649    0.875498     0.89159   0.0011268
         100     2.55214    0.883395    0.892808  0.00100184
