#     BLOCK:   ACTUAL_KE:    KE_AVE:      ERROR:
           1        1.65        1.65           0
           2     1.64994     1.64997 2.10089e-05
           3     1.64976      1.6499 5.82563e-05
           4     1.64947     1.64979 0.000103812
           5     1.64905     1.64964 0.000156425
           6     1.64852     1.64946 0.000215294
           7     1.64787     1.64923 0.000279872
           8     1.64709     1.64896 0.000349763
           9      1.6462     1.64866 0.000424675
          10     1.64519     1.64831 0.000504384
          11     1.64405     1.64792 0.000588724
          12     1.64279     1.64749 0.000677569
          13      1.6414     1.64702 0.000770825
          14     1.63988     1.64651 0.000868429
          15     1.63823     1.64596 0.000970338
          16     1.63645     1.64537  0.00107653
          17     1.63453     1.64473    0.001187
          18     1.63248     1.64405  0.00130173
          19     1.63028     1.64332  0.00142072
          20     1.62794     1.64255  0.00154398
          21     1.62545     1.64174  0.00167161
          22     1.62281     1.64088  0.00180359
          23     1.62001     1.63997  0.00193997
          24     1.61706     1.63902  0.00208082
          25     1.61395     1.63801   0.0022262
          26     1.61066     1.63696  0.00237621
          27      1.6072     1.63586  0.00253096
          28     1.60357     1.63471  0.00269053
          29     1.59975      1.6335  0.00285503
          30     1.59575     1.63224  0.00302456
          31     1.59155     1.63093  0.00319923
          32     1.58715     1.62956  0.00337915
          33     1.58255     1.62814  0.00356442
          34     1.57774     1.62666  0.00375516
          35     1.57272     1.62511  0.00395148
          36     1.56747     1.62351  0.00415349
          37       1.562     1.62185  0.00436133
          38     1.55629     1.62013  0.00457509
          39     1.55034     1.61834  0.00479491
          40     1.54416     1.61648  0.00502087
          41     1.53772     1.61456  0.00525305
          42     1.53103     1.61257  0.00549157
          43     1.52408     1.61051  0.00573654
          44     1.51686     1.60839  0.00598804
          45     1.50937     1.60618  0.00624618
          46      1.5016     1.60391  0.00651104
          47     1.49355     1.60156  0.00678269
          48     1.48522     1.59914  0.00706122
          49     1.47659     1.59664  0.00734667
          50     1.46768     1.59406  0.00763907
          51     1.45847      1.5914  0.00793843
          52     1.44897     1.58866  0.00824477
          53     1.43918     1.58584  0.00855805
          54     1.42909     1.58294  0.00887826
          55      1.4187     1.57995  0.00920533
          56     1.40802     1.57688  0.00953919
          57     1.39706     1.57373  0.00987976
          58      1.3858     1.57049   0.0102269
          59     1.37427     1.56716   0.0105805
          60     1.36247     1.56375   0.0109404
          61      1.3504     1.56025   0.0113063
          62     1.33807     1.55667   0.0116781
          63     1.32549       1.553   0.0120554
          64     1.31268     1.54924   0.0124381
          65     1.29964      1.5454   0.0128259
          66      1.2864     1.54148   0.0132183
          67     1.27296     1.53747    0.013615
          68     1.25935     1.53338   0.0140157
          69     1.24558     1.52921   0.0144198
          70     1.23167     1.52496   0.0148271
          71     1.21765     1.52063   0.0152369
          72     1.20352     1.51623   0.0156489
          73     1.18931     1.51175   0.0160626
          74     1.17505      1.5072   0.0164773
          75     1.16076     1.50258   0.0168927
          76     1.14645     1.49789   0.0173081
          77     1.13216     1.49314   0.0177231
          78      1.1179     1.48833   0.0181371
          79     1.10369     1.48346   0.0185495
          80     1.08957     1.47854   0.0189599
          81     1.07554     1.47357   0.0193676
          82     1.06163     1.46854   0.0197722
          83     1.04787     1.46347   0.0201731
          84     1.03427     1.45836   0.0205699
          85     1.02085     1.45322    0.020962
          86     1.00762     1.44804    0.021349
          87     0.99462     1.44282   0.0217304
          88     0.98185     1.43759   0.0221059
          89    0.969333     1.43232   0.0224749
          90    0.957085     1.42704    0.022837
          91    0.945121     1.42175    0.023192
          92    0.933454     1.41644   0.0235394
          93    0.922098     1.41112   0.0238789
          94    0.911066     1.40581   0.0242102
          95     0.90037     1.40048    0.024533
          96    0.890023     1.39517    0.024847
          97    0.880034     1.38986    0.025152
          98    0.870415     1.38456   0.0254477
          99    0.861173     1.37927   0.0257339
         100     0.85232       1.374   0.0260105
         101    0.843862     1.36875   0.0262773
         102    0.835807     1.36353    0.026534
         103    0.828163     1.35833   0.0267806
         104    0.820936     1.35316    0.027017
         105    0.814131     1.34803   0.0272431
         106    0.807751     1.34293   0.0274588
         107    0.801799     1.33787   0.0276639
         108    0.796279     1.33286   0.0278586
         109    0.791191     1.32789   0.0280427
         110    0.786534     1.32297   0.0282163
         111    0.782307      1.3181   0.0283794
         112    0.778507     1.31328   0.0285321
         113     0.77513     1.30852   0.0286743
         114    0.772169     1.30381   0.0288061
         115    0.769616     1.29917   0.0289277
         116    0.767464     1.29458   0.0290392
         117    0.765704     1.29006   0.0291407
         118    0.764323     1.28561   0.0292324
         119    0.763307     1.28122   0.0293144
         120    0.762642      1.2769   0.0293869
         121    0.762313     1.27264   0.0294502
         122    0.762304     1.26846   0.0295044
         123    0.762596     1.26435   0.0295497
         124    0.763171     1.26031   0.0295866
         125    0.764011     1.25634   0.0296151
         126    0.765094     1.25244   0.0296355
         127    0.766401     1.24861   0.0296483
         128    0.767911     1.24485   0.0296535
         129    0.769603     1.24117   0.0296516
         130    0.771456     1.23756   0.0296429
         131    0.773451     1.23401   0.0296275
         132    0.775567     1.23054    0.029606
         133    0.777785     1.22714   0.0295784
         134    0.780086      1.2238   0.0295452
         135    0.782451     1.22053   0.0295067
         136    0.784863     1.21733   0.0294631
         137    0.787309     1.21419   0.0294148
         138    0.789772     1.21111    0.029362
         139    0.792239      1.2081    0.029305
         140    0.794698     1.20515   0.0292441
         141    0.797137     1.20225   0.0291795
         142    0.799546     1.19942   0.0291115
         143    0.801915     1.19664   0.0290403
         144    0.804239     1.19391   0.0289662
         145     0.80651     1.19124   0.0288894
         146    0.808723     1.18862   0.0288101
         147    0.810873     1.18605   0.0287285
         148    0.812957     1.18353   0.0286447
         149    0.814969     1.18106   0.0285591
         150    0.816908     1.17863   0.0284717
         151    0.818772     1.17625   0.0283827
         152     0.82056     1.17391   0.0282923
         153    0.822273     1.17161   0.0282005
         154    0.823911     1.16935   0.0281077
         155    0.825474     1.16713   0.0280137
         156    0.826965     1.16495   0.0279189
         157    0.828384     1.16281   0.0278233
         158    0.829732      1.1607   0.0277269
         159    0.831014     1.15863   0.0276299
         160     0.83223     1.15659   0.0275325
         161    0.833381     1.15458   0.0274345
         162     0.83447      1.1526   0.0273363
         163      0.8355     1.15066   0.0272377
         164    0.836474     1.14874   0.0271389
         165    0.837393     1.14685   0.0270399
         166    0.838259       1.145   0.0269409
         167    0.839072     1.14316   0.0268418
         168    0.839836     1.14136   0.0267426
         169    0.840551     1.13958   0.0266436
         170     0.84122     1.13782   0.0265446
         171    0.841843     1.13609   0.0264457
         172    0.842424     1.13439    0.026347
         173    0.842965      1.1327   0.0262485
         174    0.843465     1.13104   0.0261503
         175    0.843926      1.1294   0.0260522
         176    0.844349     1.12778   0.0259545
         177    0.844737     1.12618   0.0258571
         178    0.845089      1.1246     0.02576
         179    0.845407     1.12304   0.0256633
         180    0.845693      1.1215   0.0255669
         181    0.845949     1.11998   0.0254709
         182    0.846178     1.11847   0.0253754
         183     0.84638     1.11699   0.0252802
         184    0.846558     1.11552   0.0251855
         185    0.846714     1.11406   0.0250913
         186     0.84685     1.11263   0.0249975
         187     0.84697     1.11121   0.0249041
         188    0.847075      1.1098   0.0248113
         189     0.84717     1.10841   0.0247189
         190    0.847258     1.10704   0.0246269
         191    0.847342     1.10568   0.0245355
         192    0.847423     1.10433   0.0244446
         193    0.847508       1.103   0.0243541
         194    0.847597     1.10168   0.0242641
         195    0.847694     1.10038   0.0241746
         196    0.847801     1.09909   0.0240856
         197    0.847919     1.09782   0.0239971
         198    0.848051     1.09656    0.023909
         199    0.848198     1.09531   0.0238214
         200     0.84836     1.09407   0.0237343
         201    0.848537     1.09285   0.0236476
         202    0.848727     1.09164   0.0235614
         203    0.848931     1.09045   0.0234757
         204    0.849146     1.08927   0.0233904
         205    0.849371      1.0881   0.0233055
         206    0.849602     1.08694   0.0232211
         207    0.849836     1.08579   0.0231372
         208    0.850071     1.08466   0.0230537
         209      0.8503     1.08354   0.0229706
         210    0.850518     1.08243    0.022888
         211    0.850721     1.08133   0.0228059
         212    0.850905     1.08024   0.0227242
         213    0.851063     1.07917    0.022643
         214    0.851191      1.0781   0.0225622
         215    0.851286     1.07705   0.0224819
         216    0.851342       1.076   0.0224021
         217    0.851356     1.07497   0.0223228
         218    0.851325     1.07394   0.0222439
         219    0.851245     1.07292   0.0221656
         220    0.851114     1.07192   0.0220878
         221    0.850928     1.07092   0.0220104
         222    0.850688     1.06992   0.0219336
         223    0.850393     1.06894   0.0218574
         224    0.850042     1.06796   0.0217816
         225    0.849636     1.06699   0.0217064
         226    0.849177     1.06603   0.0216318
         227    0.848668     1.06507   0.0215576
         228    0.848109     1.06412   0.0214841
         229    0.847504     1.06317   0.0214111
         230    0.846856     1.06223   0.0213386
         231     0.84617      1.0613   0.0212667
         232     0.84545     1.06037   0.0211954
         233    0.844701     1.05944   0.0211247
         234     0.84393     1.05852   0.0210544
         235    0.843142      1.0576   0.0209848
         236    0.842342     1.05669   0.0209157
         237    0.841536     1.05578   0.0208471
         238    0.840729     1.05488   0.0207791
         239     0.83993     1.05398   0.0207116
         240    0.839144     1.05309   0.0206447
         241    0.838377     1.05219   0.0205782
         242    0.837638     1.05131   0.0205123
         243    0.836933     1.05043   0.0204468
         244    0.836269     1.04955   0.0203818
         245    0.835654     1.04868   0.0203173
         246    0.835092     1.04781   0.0202533
         247    0.834589     1.04694   0.0201897
         248    0.834153     1.04609   0.0201265
         249    0.833788     1.04523   0.0200637
         250    0.833502     1.04439   0.0200013
         251      0.8333     1.04355   0.0199393
         252    0.833189     1.04271   0.0198777
         253    0.833172     1.04188   0.0198163
         254    0.833257     1.04106   0.0197553
         255    0.833448     1.04025   0.0196946
         256     0.83375     1.03944   0.0196342
         257    0.834164     1.03864   0.0195741
         258    0.834694     1.03785   0.0195141
         259    0.835344     1.03707   0.0194545
         260    0.836115      1.0363    0.019395
         261     0.83701     1.03553   0.0193357
         262    0.838028     1.03478   0.0192766
         263     0.83917     1.03403   0.0192176
         264    0.840434      1.0333   0.0191588
         265     0.84182     1.03258   0.0191001
         266    0.843326     1.03187   0.0190416
         267    0.844947     1.03117   0.0189831
         268    0.846677     1.03048   0.0189248
         269    0.848514      1.0298   0.0188665
         270     0.85045     1.02914   0.0188083
         271     0.85248     1.02849   0.0187502
         272    0.854594     1.02785   0.0186922
         273    0.856786     1.02722   0.0186342
         274    0.859047     1.02661   0.0185763
         275    0.861368     1.02601   0.0185185
         276    0.863741     1.02542   0.0184607
         277    0.866157     1.02484    0.018403
         278    0.868605     1.02428   0.0183454
         279    0.871078     1.02373   0.0182879
         280    0.873566      1.0232   0.0182304
         281    0.876058     1.02267    0.018173
         282    0.878547     1.02216   0.0181158
         283    0.881025     1.02166   0.0180586
         284    0.883483     1.02118   0.0180016
         285    0.885912      1.0207   0.0179447
         286    0.888307     1.02024   0.0178879
         287    0.890661     1.01979   0.0178313
         288    0.892966     1.01935   0.0177748
         289    0.895217     1.01892   0.0177185
         290    0.897407      1.0185   0.0176624
         291    0.899533     1.01809   0.0176064
         292     0.90159     1.01769   0.0175506
         293    0.903573      1.0173    0.017495
         294    0.905478     1.01692   0.0174397
         295    0.907304     1.01655   0.0173845
         296    0.909046     1.01619   0.0173296
         297    0.910702     1.01583   0.0172749
         298     0.91227     1.01548   0.0172204
         299    0.913749     1.01514   0.0171661
         300    0.915136     1.01481   0.0171122
         301    0.916431     1.01448   0.0170584
         302    0.917631     1.01416    0.017005
         303    0.918735     1.01385   0.0169518
         304    0.919742     1.01354   0.0168988
         305    0.920653     1.01323   0.0168462
         306    0.921465     1.01293   0.0167938
         307     0.92218     1.01264   0.0167417
         308    0.922796     1.01235   0.0166899
         309    0.923314     1.01206   0.0166383
         310    0.923734     1.01177   0.0165871
         311    0.924058     1.01149   0.0165362
         312    0.924286     1.01121   0.0164855
         313     0.92442     1.01093   0.0164352
         314    0.924458     1.01066   0.0163852
         315    0.924401     1.01038   0.0163354
         316    0.924251     1.01011    0.016286
         317    0.924009     1.00984   0.0162369
         318    0.923678     1.00957   0.0161881
         319    0.923256      1.0093   0.0161396
         320    0.922746     1.00903   0.0160914
         321    0.922149     1.00876   0.0160436
         322    0.921466     1.00849    0.015996
         323      0.9207     1.00821   0.0159488
         324    0.919853     1.00794   0.0159019
         325    0.918928     1.00767   0.0158554
         326    0.917925     1.00739   0.0158091
         327    0.916846     1.00712   0.0157632
         328    0.915694     1.00684   0.0157176
         329     0.91447     1.00656   0.0156723
         330    0.913176     1.00627   0.0156274
         331    0.911816     1.00599   0.0155828
         332    0.910389      1.0057   0.0155385
         333    0.908897     1.00541   0.0154946
         334    0.907343     1.00512    0.015451
         335     0.90573     1.00482   0.0154077
         336     0.90406     1.00452   0.0153648
         337    0.902336     1.00422   0.0153222
         338    0.900559     1.00391   0.0152799
         339     0.89873      1.0036    0.015238
         340    0.896852     1.00328   0.0151964
         341    0.894926     1.00297   0.0151551
         342    0.892956     1.00265   0.0151142
         343    0.890943     1.00232   0.0150737
         344    0.888892     1.00199   0.0150335
         345    0.886802     1.00166   0.0149936
         346    0.884678     1.00132   0.0149541
         347    0.882523     1.00098   0.0149149
         348    0.880338     1.00063   0.0148761
         349    0.878128     1.00028   0.0148376
         350    0.875895    0.999923   0.0147995
         351    0.873641    0.999563   0.0147617
         352     0.87137    0.999199   0.0147242
         353    0.869083     0.99883   0.0146871
         354    0.866787    0.998457   0.0146504
         355    0.864484     0.99808    0.014614
         356    0.862177    0.997698   0.0145779
         357    0.859871    0.997312   0.0145422
         358    0.857568    0.996922   0.0145068
         359    0.855272    0.996527   0.0144717
         360    0.852988    0.996128    0.014437
         361    0.850719    0.995726   0.0144027
         362     0.84847    0.995319   0.0143686
         363    0.846244    0.994908   0.0143349
         364    0.844045    0.994494   0.0143015
         365    0.841875    0.994075   0.0142684
         366    0.839738    0.993654   0.0142357
         367    0.837638    0.993229   0.0142032
         368    0.835578      0.9928   0.0141711
         369    0.833561    0.992369   0.0141393
         370    0.831591    0.991934   0.0141077
         371    0.829667    0.991497   0.0140765
         372    0.827794    0.991057   0.0140455
         373    0.825973    0.990614   0.0140148
         374    0.824207    0.990169   0.0139844
         375    0.822497    0.989722   0.0139543
         376    0.820845    0.989273   0.0139244
         377    0.819253    0.988822   0.0138948
         378    0.817722    0.988369   0.0138654
         379    0.816252    0.987915   0.0138362
         380    0.814845     0.98746   0.0138073
         381    0.813503    0.987003   0.0137786
         382    0.812228    0.986546   0.0137501
         383    0.811019    0.986087   0.0137219
         384    0.809877    0.985628   0.0136938
         385    0.808804    0.985169   0.0136659
         386    0.807801     0.98471   0.0136383
         387    0.806867     0.98425   0.0136108
         388    0.806004    0.983791   0.0135834
         389    0.805212    0.983332   0.0135563
         390    0.804492    0.982873   0.0135293
         391    0.803846    0.982415   0.0135024
         392    0.803275    0.981958   0.0134757
         393     0.80278    0.981502   0.0134491
         394    0.802363    0.981048   0.0134227
         395    0.802024    0.980594   0.0133963
         396    0.801762    0.980143   0.0133701
         397    0.801579    0.979693    0.013344
         398    0.801474    0.979245    0.013318
         399    0.801446      0.9788   0.0132921
         400    0.801496    0.978356   0.0132662
         401    0.801621    0.977916   0.0132404
         402    0.801822    0.977478   0.0132148
         403    0.802097    0.977042   0.0131891
         404    0.802444     0.97661   0.0131636
         405     0.80286    0.976181    0.013138
         406    0.803345    0.975756   0.0131126
         407    0.803895    0.975333   0.0130872
         408    0.804506    0.974915   0.0130618
         409    0.805173      0.9745   0.0130364
         410    0.805892    0.974088   0.0130111
         411    0.806658    0.973681   0.0129858
         412    0.807467    0.973278   0.0129606
         413    0.808312    0.972878   0.0129354
         414    0.809188    0.972483   0.0129102
         415    0.810089    0.972091    0.012885
         416     0.81101    0.971704   0.0128598
         417    0.811942    0.971321   0.0128347
         418     0.81288    0.970942   0.0128096
         419    0.813818    0.970567   0.0127845
         420    0.814749    0.970196   0.0127594
         421    0.815668    0.969829   0.0127344
         422    0.816568    0.969466   0.0127094
         423    0.817443    0.969106   0.0126844
         424    0.818288    0.968751   0.0126595
         425    0.819097    0.968399   0.0126346
         426    0.819867     0.96805   0.0126098
         427    0.820593    0.967705    0.012585
         428     0.82127    0.967362   0.0125602
         429    0.821894    0.967023   0.0125355
         430    0.822462    0.966687   0.0125109
         431    0.822974    0.966354   0.0124863
         432    0.823427    0.966023   0.0124618
         433    0.823823    0.965694   0.0124373
         434     0.82416    0.965368   0.0124129
         435    0.824439    0.965044   0.0123886
         436     0.82466    0.964722   0.0123644
         437    0.824824    0.964402   0.0123402
         438    0.824935    0.964084   0.0123162
         439    0.824994    0.963767   0.0122922
         440    0.825004    0.963452   0.0122683
         441    0.824971    0.963138   0.0122445
         442    0.824899    0.962825   0.0122208
         443     0.82479    0.962513   0.0121972
         444    0.824651    0.962203   0.0121737
         445    0.824487    0.961893   0.0121502
         446    0.824302    0.961585   0.0121269
         447    0.824101    0.961277   0.0121037
         448    0.823888    0.960971   0.0120805
         449    0.823669    0.960665   0.0120575
         450    0.823449     0.96036   0.0120346
         451    0.823232    0.960056   0.0120117
         452    0.823021    0.959753    0.011989
         453     0.82282     0.95945   0.0119663
         454    0.822633    0.959149   0.0119438
         455    0.822463    0.958849   0.0119213
         456    0.822311    0.958549   0.0118989
         457    0.822178    0.958251   0.0118766
         458    0.822067    0.957953   0.0118544
         459    0.821977    0.957657   0.0118323
         460    0.821909    0.957362   0.0118102
         461    0.821863    0.957068   0.0117883
         462    0.821839    0.956775   0.0117664
         463    0.821834    0.956484   0.0117446
         464    0.821846    0.956194   0.0117228
         465    0.821872    0.955905   0.0117012
         466     0.82191    0.955617   0.0116796
         467    0.821956    0.955331   0.0116581
         468    0.822008    0.955046   0.0116367
         469    0.822064    0.954763   0.0116153
         470    0.822118    0.954481    0.011594
         471    0.822168      0.9542   0.0115728
         472    0.822208     0.95392   0.0115517
         473    0.822237    0.953642   0.0115306
         474    0.822251    0.953364   0.0115096
         475    0.822249    0.953088   0.0114887
         476     0.82223    0.952813   0.0114679
         477     0.82219     0.95254   0.0114471
         478    0.822129    0.952267   0.0114264
         479    0.822044    0.951995   0.0114058
         480    0.821936    0.951724   0.0113852
         481    0.821806    0.951454   0.0113648
         482    0.821654    0.951185   0.0113444
         483    0.821482    0.950916   0.0113241
         484    0.821292    0.950648   0.0113038
         485    0.821085    0.950381   0.0112837
         486    0.820863    0.950115   0.0112636
         487    0.820631    0.949849   0.0112436
         488    0.820393    0.949583   0.0112237
         489    0.820152    0.949319   0.0112039
         490    0.819913    0.949055   0.0111841
         491     0.81968    0.948791   0.0111644
         492     0.81946    0.948528   0.0111448
         493    0.819257    0.948266   0.0111253
         494    0.819077    0.948005   0.0111059
         495    0.818928    0.947744   0.0110865
         496    0.818815    0.947484   0.0110672
         497    0.818745    0.947225    0.011048
         498    0.818724    0.946967   0.0110288
         499    0.818759     0.94671   0.0110097
         500    0.818857    0.946454   0.0109906
         501    0.819023      0.9462   0.0109716
         502    0.819263    0.945947   0.0109527
         503    0.819583    0.945696   0.0109338
         504    0.819988    0.945446   0.0109149
         505    0.820484    0.945199   0.0108961
         506    0.821075    0.944954   0.0108774
         507    0.821765    0.944711   0.0108586
         508    0.822555     0.94447   0.0108399
         509    0.823448    0.944232   0.0108212
         510    0.824444    0.943997   0.0108026
         511    0.825546    0.943766   0.0107839
         512    0.826752    0.943537   0.0107653
         513     0.82806    0.943312   0.0107466
         514    0.829468    0.943091    0.010728
         515    0.830972    0.942873   0.0107094
         516    0.832567    0.942659   0.0106908
         517     0.83425    0.942449   0.0106721
         518    0.836012    0.942244   0.0106535
         519     0.83785    0.942043   0.0106349
         520    0.839754    0.941846   0.0106163
         521    0.841713    0.941654   0.0105976
         522    0.843719    0.941466    0.010579
         523     0.84576    0.941283   0.0105603
         524    0.847824    0.941105   0.0105417
         525      0.8499    0.940931    0.010523
         526    0.851978    0.940762   0.0105044
         527    0.854042    0.940597   0.0104857
         528    0.856081    0.940437   0.0104671
         529    0.858082    0.940282   0.0104485
         530    0.860033     0.94013   0.0104299
         531    0.861925    0.939983   0.0104113
         532    0.863742     0.93984   0.0103927
         533    0.865478      0.9397   0.0103741
         534    0.867119    0.939564   0.0103556
         535    0.868657    0.939432   0.0103371
         536    0.870083    0.939302   0.0103186
         537    0.871391    0.939176   0.0103001
         538    0.872573    0.939052   0.0102817
         539    0.873627    0.938931   0.0102634
         540    0.874548    0.938811   0.0102451
         541    0.875334    0.938694   0.0102268
         542    0.875986    0.938578   0.0102086
         543    0.876505    0.938464   0.0101904
         544    0.876895    0.938351   0.0101723
         545    0.877161    0.938239   0.0101543
         546    0.877309    0.938127   0.0101363
         547    0.877343    0.938016   0.0101184
         548    0.877272    0.937905   0.0101005
         549    0.877106    0.937794   0.0100827
         550    0.876854    0.937684    0.010065
         551    0.876527    0.937573   0.0100474
         552    0.876138    0.937461   0.0100298
         553    0.875697     0.93735   0.0100123
         554    0.875216    0.937237  0.00999481
         555    0.874706    0.937125  0.00997743
         556    0.874178    0.937012  0.00996013
         557    0.873644    0.936898   0.0099429
         558    0.873114    0.936783  0.00992574
         559    0.872598    0.936669  0.00990865
         560    0.872104    0.936553  0.00989162
         561    0.871638    0.936438  0.00987467
         562    0.871206    0.936322  0.00985778
         563    0.870814    0.936205  0.00984096
         564    0.870463    0.936089   0.0098242
         565    0.870153    0.935972   0.0098075
         566    0.869885    0.935855  0.00979087
         567    0.869659    0.935738   0.0097743
         568    0.869472    0.935622  0.00975779
         569    0.869321    0.935505  0.00974133
         570    0.869202    0.935389  0.00972494
         571    0.869109    0.935273   0.0097086
         572    0.869038    0.935157  0.00969232
         573    0.868985    0.935042  0.00967609
         574    0.868942    0.934926  0.00965992
         575    0.868903    0.934812   0.0096438
         576    0.868862    0.934697  0.00962774
         577    0.868812    0.934583  0.00961173
         578     0.86875    0.934469  0.00959577
         579    0.868668    0.934355  0.00957987
         580    0.868563    0.934242  0.00956403
         581    0.868429    0.934129  0.00954824
         582    0.868263    0.934016   0.0095325
         583     0.86806    0.933902  0.00951682
         584    0.867818    0.933789   0.0095012
         585    0.867534    0.933676  0.00948563
         586    0.867205    0.933563  0.00947012
         587    0.866832    0.933449  0.00945467
         588    0.866412    0.933335  0.00943928
         589    0.865944     0.93322  0.00942395
         590    0.865428    0.933106  0.00940868
         591    0.864865     0.93299  0.00939347
         592    0.864256    0.932874  0.00937832
         593    0.863603    0.932757  0.00936323
         594    0.862908     0.93264   0.0093482
         595    0.862173    0.932521  0.00933324
         596    0.861402    0.932402  0.00931835
         597    0.860599    0.932282  0.00930351
         598    0.859768     0.93216  0.00928875
         599    0.858913    0.932038  0.00927404
         600     0.85804    0.931915  0.00925941
         601    0.857153     0.93179  0.00924484
         602    0.856258    0.931665  0.00923033
         603    0.855361    0.931538  0.00921589
         604    0.854469    0.931411  0.00920151
         605     0.85359    0.931282   0.0091872
         606     0.85273    0.931152  0.00917296
         607    0.851895    0.931022  0.00915878
         608    0.851092     0.93089  0.00914466
         609    0.850327    0.930758   0.0091306
         610    0.849607    0.930625   0.0091166
         611    0.848937    0.930491  0.00910266
         612    0.848325    0.930357  0.00908877
         613    0.847776    0.930222  0.00907495
         614    0.847296    0.930087  0.00906117
         615     0.84689    0.929952  0.00904745
         616    0.846561    0.929817  0.00903377
         617    0.846315    0.929681  0.00902014
         618    0.846152    0.929546  0.00900656
         619    0.846075    0.929411  0.00899302
         620    0.846087    0.929277  0.00897952
         621    0.846188    0.929143  0.00896606
         622    0.846378     0.92901  0.00895263
         623    0.846659    0.928878  0.00893923
         624    0.847027    0.928747  0.00892587
         625    0.847479    0.928617  0.00891254
         626    0.848015    0.928488  0.00889923
         627     0.84863    0.928361  0.00888595
         628    0.849323    0.928235  0.00887269
         629    0.850088     0.92811  0.00885945
         630    0.850919    0.927988  0.00884624
         631    0.851813    0.927867  0.00883304
         632    0.852763    0.927748  0.00881986
         633    0.853767    0.927631  0.00880671
         634    0.854817    0.927517  0.00879356
         635    0.855909    0.927404  0.00878044
         636    0.857038    0.927293  0.00876733
         637    0.858199    0.927185  0.00875424
         638    0.859387    0.927078  0.00874116
         639    0.860598    0.926974   0.0087281
         640    0.861829    0.926873  0.00871506
         641    0.863074    0.926773  0.00870203
         642    0.864331    0.926676  0.00868902
         643    0.865597    0.926581  0.00867602
         644    0.866871    0.926488  0.00866305
         645    0.868149    0.926398  0.00865009
         646    0.869432     0.92631  0.00863715
         647    0.870717    0.926224  0.00862423
         648    0.872007     0.92614  0.00861132
         649    0.873299    0.926059  0.00859844
         650    0.874593    0.925979  0.00858557
         651    0.875891    0.925902  0.00857273
         652    0.877192    0.925828  0.00855991
         653    0.878498    0.925755  0.00854711
         654    0.879809    0.925685  0.00853433
         655    0.881128    0.925617  0.00852157
         656    0.882455    0.925551  0.00850883
         657    0.883793    0.925488  0.00849612
         658    0.885142    0.925426  0.00848343
         659    0.886505    0.925367  0.00847076
         660    0.887884     0.92531  0.00845812
         661    0.889279    0.925256   0.0084455
         662    0.890693    0.925204   0.0084329
         663    0.892129    0.925154  0.00842033
         664    0.893587    0.925106  0.00840778
         665    0.895068    0.925061  0.00839526
         666    0.896572    0.925018  0.00838276
         667    0.898101    0.924978  0.00837029
         668    0.899657     0.92494  0.00835785
         669    0.901239    0.924905  0.00834543
         670     0.90285    0.924872  0.00833304
         671    0.904488    0.924841  0.00832067
         672    0.906152    0.924814  0.00830834
         673    0.907841    0.924788  0.00829603
         674    0.909553    0.924766  0.00828375
         675     0.91129    0.924746  0.00827151
         676    0.913048    0.924728  0.00825929
         677    0.914827    0.924714   0.0082471
         678    0.916622    0.924702  0.00823495
         679    0.918431    0.924693  0.00822282
         680    0.920252    0.924686  0.00821073
         681     0.92208    0.924682  0.00819868
         682    0.923914    0.924681  0.00818666
         683    0.925749    0.924683  0.00817467
         684    0.927581    0.924687  0.00816272
         685    0.929405    0.924694  0.00815081
         686    0.931216    0.924703  0.00813893
         687     0.93301    0.924715  0.00812709
         688    0.934782     0.92473  0.00811529
         689    0.936528    0.924747  0.00810353
         690    0.938243    0.924767  0.00809181
         691    0.939922    0.924789  0.00808013
         692    0.941559    0.924813  0.00806849
         693     0.94315    0.924839  0.00805689
         694     0.94469    0.924868  0.00804533
         695    0.946175    0.924899  0.00803381
         696    0.947598    0.924931  0.00802234
         697    0.948955    0.924966   0.0080109
         698    0.950243    0.925002  0.00799951
         699    0.951456     0.92504  0.00798815
         700    0.952593    0.925079  0.00797684
         701    0.953648     0.92512  0.00796556
         702     0.95462    0.925162  0.00795433
         703    0.955507    0.925205  0.00794313
         704    0.956306    0.925249  0.00793197
         705    0.957014    0.925294  0.00792085
         706    0.957631     0.92534  0.00790976
         707    0.958154    0.925387  0.00789871
         708    0.958584    0.925433  0.00788769
         709    0.958918    0.925481  0.00787671
         710    0.959157    0.925528  0.00786576
         711    0.959299    0.925576  0.00785484
         712    0.959346    0.925623  0.00784395
         713    0.959297     0.92567  0.00783309
         714    0.959153    0.925717  0.00782226
         715    0.958914    0.925764  0.00781146
         716    0.958582    0.925809  0.00780068
         717    0.958156    0.925855  0.00778993
         718    0.957639    0.925899  0.00777921
         719    0.957031    0.925942  0.00776851
         720    0.956334    0.925984  0.00775783
         721    0.955549    0.926025  0.00774718
         722    0.954677    0.926065  0.00773655
         723     0.95372    0.926103  0.00772595
         724     0.95268     0.92614  0.00771536
         725     0.95156    0.926175   0.0077048
         726    0.950359    0.926208  0.00769426
         727    0.949079     0.92624  0.00768374
         728    0.947721    0.926269  0.00767324
         729    0.946288    0.926297  0.00766277
         730    0.944782    0.926322  0.00765231
         731    0.943205    0.926345  0.00764188
         732    0.941558    0.926366  0.00763147
         733    0.939842    0.926384  0.00762108
         734    0.938062      0.9264  0.00761071
         735    0.936219    0.926414  0.00760037
         736    0.934315    0.926424  0.00759005
         737    0.932354    0.926432  0.00757975
         738    0.930338    0.926438  0.00756949
         739     0.92827     0.92644  0.00755924
         740    0.926154     0.92644  0.00754903
         741    0.923992    0.926436  0.00753884
         742    0.921786     0.92643  0.00752868
         743    0.919542    0.926421  0.00751856
         744    0.917263    0.926409  0.00750846
         745    0.914952    0.926393   0.0074984
         746    0.912612    0.926375  0.00748837
         747    0.910248    0.926353  0.00747838
         748    0.907864    0.926328  0.00746842
         749    0.905465    0.926301   0.0074585
         750    0.903055     0.92627  0.00744862
         751    0.900638    0.926235  0.00743878
         752    0.898218    0.926198  0.00742898
         753      0.8958    0.926158  0.00741922
         754    0.893391    0.926114  0.00740951
         755    0.890995    0.926068  0.00739984
         756    0.888615    0.926018  0.00739022
         757    0.886256    0.925966  0.00738065
         758    0.883923     0.92591  0.00737112
         759     0.88162    0.925852  0.00736164
         760    0.879352    0.925791   0.0073522
         761    0.877124    0.925727  0.00734282
         762    0.874941     0.92566  0.00733349
         763    0.872807    0.925591   0.0073242
         764    0.870726    0.925519  0.00731497
         765      0.8687    0.925445  0.00730578
         766    0.866735    0.925368  0.00729665
         767    0.864833    0.925289  0.00728756
         768    0.862996    0.925208  0.00727852
         769    0.861228    0.925125  0.00726954
         770    0.859532     0.92504  0.00726059
         771    0.857912    0.924953   0.0072517
         772    0.856368    0.924864  0.00724285
         773    0.854904    0.924773  0.00723404
         774    0.853519    0.924681  0.00722528
         775    0.852216    0.924588  0.00721657
         776    0.850996    0.924493  0.00720789
         777     0.84986    0.924397  0.00719925
         778    0.848807      0.9243  0.00719065
         779    0.847839    0.924202  0.00718209
         780    0.846956    0.924103  0.00717357
         781    0.846156    0.924003  0.00716508
         782    0.845439    0.923902  0.00715662
         783    0.844805    0.923801  0.00714819
         784    0.844253      0.9237   0.0071398
         785     0.84378    0.923598  0.00713143
         786    0.843386    0.923496  0.00712308
         787     0.84307    0.923394  0.00711477
         788     0.84283    0.923292  0.00710647
         789    0.842665    0.923189   0.0070982
         790    0.842574    0.923087  0.00708995
         791    0.842556    0.922985  0.00708171
         792    0.842609    0.922884   0.0070735
         793    0.842729    0.922783   0.0070653
         794    0.842915    0.922682  0.00705712
         795    0.843164    0.922582  0.00704895
         796    0.843476    0.922483   0.0070408
         797    0.843848    0.922384  0.00703265
         798    0.844278    0.922286  0.00702452
         799    0.844765    0.922189   0.0070164
         800    0.845309    0.922093  0.00700829
         801    0.845907    0.921998  0.00700018
         802    0.846558    0.921904  0.00699209
         803    0.847263    0.921811    0.006984
         804    0.848017    0.921719  0.00697591
         805    0.848822    0.921629  0.00696784
         806    0.849675     0.92154  0.00695976
         807    0.850573    0.921452  0.00695169
         808    0.851517    0.921365  0.00694363
         809    0.852503     0.92128  0.00693557
         810    0.853531    0.921196  0.00692751
         811    0.854599    0.921114  0.00691946
         812    0.855704    0.921034   0.0069114
         813    0.856844    0.920955  0.00690335
         814    0.858018    0.920877   0.0068953
         815    0.859222    0.920802  0.00688726
         816    0.860454    0.920728  0.00687922
         817    0.861713    0.920655  0.00687118
         818    0.862994    0.920585  0.00686314
         819    0.864295    0.920516   0.0068551
         820     0.86561    0.920449  0.00684707
         821    0.866938    0.920384  0.00683904
         822    0.868275    0.920321  0.00683101
         823    0.869615    0.920259  0.00682299
         824    0.870953    0.920199  0.00681497
         825    0.872287    0.920141  0.00680696
         826    0.873612    0.920085  0.00679895
         827    0.874921     0.92003  0.00679095
         828     0.87621    0.919977  0.00678295
         829    0.877474    0.919926  0.00677497
         830    0.878711    0.919876  0.00676698
         831    0.879915    0.919828  0.00675901
         832    0.881082    0.919782  0.00675105
         833    0.882207    0.919737   0.0067431
         834    0.883286    0.919693  0.00673515
         835    0.884315    0.919651  0.00672722
         836     0.88529    0.919609   0.0067193
         837    0.886206     0.91957  0.00671139
         838    0.887063    0.919531  0.00670349
         839    0.887855    0.919493  0.00669561
         840    0.888583    0.919456  0.00668774
         841    0.889243     0.91942  0.00667988
         842    0.889832    0.919385  0.00667204
         843    0.890349    0.919351  0.00666422
         844    0.890792    0.919317  0.00665641
         845    0.891161    0.919284  0.00664861
         846    0.891454    0.919251  0.00664083
         847    0.891672    0.919218  0.00663307
         848    0.891815    0.919186  0.00662533
         849    0.891882    0.919154   0.0066176
         850    0.891874    0.919122   0.0066099
         851    0.891793    0.919089  0.00660221
         852    0.891637    0.919057  0.00659454
         853     0.89141    0.919025  0.00658689
         854    0.891112    0.918992  0.00657925
         855    0.890746    0.918959  0.00657164
         856    0.890313    0.918926  0.00656405
         857    0.889817    0.918892  0.00655648
         858    0.889258    0.918857  0.00654893
         859     0.88864    0.918822   0.0065414
         860    0.887966    0.918786  0.00653389
         861    0.887238    0.918749   0.0065264
         862     0.88646    0.918712  0.00651894
         863    0.885634    0.918674   0.0065115
         864    0.884763    0.918634  0.00650408
         865    0.883851    0.918594  0.00649669
         866    0.882902    0.918553  0.00648932
         867    0.881918    0.918511  0.00648197
         868    0.880903    0.918467  0.00647465
         869    0.879859    0.918423  0.00646735
         870    0.878791    0.918377  0.00646007
         871    0.877702    0.918331  0.00645283
         872    0.876595    0.918283   0.0064456
         873    0.875476    0.918234  0.00643841
         874    0.874347    0.918184  0.00643124
         875     0.87321    0.918132  0.00642409
         876    0.872071     0.91808  0.00641697
         877    0.870931    0.918026  0.00640988
         878    0.869794    0.917971  0.00640282
         879    0.868663    0.917915  0.00639578
         880    0.867541    0.917858  0.00638877
         881     0.86643    0.917799  0.00638178
         882    0.865333     0.91774  0.00637482
         883    0.864253    0.917679  0.00636789
         884    0.863192    0.917617  0.00636099
         885    0.862152    0.917555  0.00635411
         886    0.861136    0.917491  0.00634725
         887    0.860145    0.917426  0.00634043
         888    0.859181    0.917361  0.00633363
         889    0.858246    0.917294  0.00632685
         890     0.85734    0.917227   0.0063201
         891    0.856466    0.917159  0.00631338
         892    0.855625     0.91709  0.00630667
         893    0.854817     0.91702      0.0063
         894    0.854044     0.91695  0.00629334
         895    0.853305    0.916879  0.00628672
         896    0.852602    0.916807  0.00628011
         897    0.851935    0.916734  0.00627352
         898    0.851303    0.916662  0.00626696
         899    0.850705    0.916588  0.00626042
         900    0.850141    0.916514   0.0062539
         901    0.849611     0.91644   0.0062474
         902    0.849114    0.916366  0.00624092
         903    0.848647    0.916291  0.00623446
         904     0.84821    0.916215  0.00622801
         905    0.847801     0.91614  0.00622159
         906    0.847419    0.916064  0.00621519
         907    0.847061    0.915988   0.0062088
         908    0.846725    0.915911  0.00620243
         909    0.846412    0.915835  0.00619608
         910    0.846118    0.915758  0.00618974
         911    0.845839    0.915682  0.00618342
         912    0.845575    0.915605  0.00617712
         913    0.845322    0.915528  0.00617084
         914    0.845078    0.915451  0.00616457
         915    0.844839    0.915374  0.00615831
         916    0.844603    0.915296  0.00615207
         917    0.844368    0.915219  0.00614585
         918    0.844133    0.915141  0.00613964
         919    0.843894    0.915064  0.00613345
         920    0.843649    0.914986  0.00612728
         921    0.843396    0.914909  0.00612112
         922    0.843133    0.914831  0.00611497
         923    0.842857    0.914753  0.00610885
         924    0.842569    0.914675  0.00610273
         925    0.842268    0.914596  0.00609664
         926    0.841952    0.914518  0.00609056
         927    0.841621    0.914439   0.0060845
         928    0.841273     0.91436  0.00607845
         929     0.84091    0.914281  0.00607242
         930    0.840529    0.914202  0.00606641
         931    0.840133    0.914123  0.00606042
         932    0.839722    0.914043  0.00605444
         933    0.839297    0.913963  0.00604848
         934    0.838861    0.913882  0.00604254
         935    0.838413    0.913801  0.00603661
         936    0.837954     0.91372  0.00603071
         937    0.837485    0.913639  0.00602482
         938    0.837008    0.913557  0.00601895
         939    0.836527    0.913475   0.0060131
         940    0.836044    0.913393  0.00600727
         941     0.83556     0.91331  0.00600145
         942    0.835077    0.913227  0.00599566
         943    0.834596    0.913144  0.00598988
         944    0.834122     0.91306  0.00598412
         945    0.833656    0.912976  0.00597838
         946    0.833199    0.912892  0.00597265
         947    0.832751    0.912807  0.00596694
         948    0.832315    0.912722  0.00596125
         949    0.831892    0.912637  0.00595558
         950    0.831481    0.912552  0.00594992
         951    0.831086    0.912466  0.00594429
         952    0.830706     0.91238  0.00593866
         953    0.830342    0.912294  0.00593305
         954    0.829994    0.912208  0.00592746
         955     0.82966    0.912121  0.00592189
         956    0.829339    0.912035  0.00591632
         957    0.829032    0.911948  0.00591078
         958    0.828736    0.911861  0.00590525
         959    0.828451    0.911774  0.00589973
         960    0.828175    0.911687  0.00589423
         961    0.827906      0.9116  0.00588874
         962    0.827643    0.911513  0.00588326
         963    0.827384    0.911425   0.0058778
         964    0.827124    0.911338  0.00587235
         965    0.826862     0.91125  0.00586692
         966    0.826596    0.911163   0.0058615
         967    0.826323    0.911075   0.0058561
         968     0.82604    0.910987  0.00585071
         969    0.825745    0.910899  0.00584533
         970    0.825437    0.910811  0.00583997
         971    0.825112    0.910723  0.00583462
         972    0.824768    0.910634  0.00582929
         973    0.824402    0.910546  0.00582397
         974    0.824013    0.910457  0.00581867
         975    0.823601    0.910368  0.00581338
         976    0.823163    0.910278  0.00580811
         977    0.822698    0.910189  0.00580286
         978    0.822205    0.910099  0.00579762
         979    0.821684    0.910008  0.00579241
         980    0.821135    0.909918   0.0057872
         981    0.820557    0.909827  0.00578202
         982     0.81995    0.909735  0.00577686
         983    0.819315    0.909643  0.00577171
         984    0.818653    0.909551  0.00576659
         985    0.817964    0.909458  0.00576148
         986    0.817251    0.909364   0.0057564
         987    0.816514     0.90927  0.00575134
         988    0.815757    0.909175  0.00574629
         989    0.814982     0.90908  0.00574127
         990     0.81419    0.908984  0.00573627
         991    0.813383    0.908888   0.0057313
         992    0.812565    0.908791  0.00572634
         993    0.811736    0.908693  0.00572141
         994    0.810899    0.908595   0.0057165
         995    0.810056    0.908496  0.00571161
         996    0.809211    0.908396  0.00570675
         997    0.808365    0.908296   0.0057019
         998     0.80752    0.908195  0.00569709
         999    0.806677    0.908093  0.00569229
        1000    0.805838    0.907991  0.00568751
        1001    0.805005    0.907888  0.00568276
        1002    0.804181    0.907784  0.00567803
        1003    0.803367     0.90768  0.00567333
        1004    0.802564    0.907576  0.00566864
        1005    0.801775     0.90747  0.00566398
        1006    0.801001    0.907364  0.00565934
        1007    0.800242    0.907258  0.00565472
        1008    0.799499    0.907151  0.00565012
        1009    0.798773    0.907044  0.00564554
        1010    0.798065    0.906936  0.00564098
        1011    0.797376    0.906828  0.00563644
        1012    0.796706    0.906719  0.00563192
        1013    0.796057    0.906609  0.00562742
        1014    0.795428      0.9065  0.00562294
        1015    0.794821     0.90639  0.00561848
        1016    0.794235    0.906279  0.00561403
        1017    0.793672    0.906169   0.0056096
        1018    0.793132    0.906058  0.00560519
        1019    0.792617    0.905946   0.0056008
        1020    0.792126    0.905835  0.00559642
        1021    0.791661    0.905723  0.00559205
        1022    0.791222    0.905611   0.0055877
        1023    0.790811    0.905499  0.00558337
        1024    0.790428    0.905386  0.00557905
        1025    0.790073    0.905274  0.00557474
        1026    0.789746    0.905161  0.00557044
        1027     0.78945    0.905048  0.00556616
        1028    0.789185    0.904936  0.00556188
        1029    0.788952    0.904823  0.00555762
        1030    0.788751     0.90471  0.00555337
        1031    0.788583    0.904598  0.00554912
        1032    0.788449    0.904485  0.00554489
        1033    0.788349    0.904373  0.00554066
        1034    0.788285     0.90426  0.00553644
        1035    0.788258    0.904148  0.00553222
        1036    0.788268    0.904037  0.00552801
        1037    0.788317    0.903925  0.00552381
        1038    0.788406    0.903814  0.00551961
        1039    0.788536    0.903703  0.00551541
        1040    0.788709    0.903592  0.00551122
        1041    0.788926    0.903482  0.00550702
        1042    0.789188    0.903372  0.00550283
        1043    0.789495    0.903263  0.00549864
        1044     0.78985    0.903155  0.00549444
        1045    0.790254    0.903046  0.00549025
        1046    0.790709    0.902939  0.00548605
        1047    0.791214    0.902832  0.00548185
        1048    0.791772    0.902726  0.00547764
        1049    0.792385    0.902621  0.00547343
        1050    0.793054    0.902517  0.00546921
        1051     0.79378    0.902413  0.00546498
        1052    0.794564    0.902311  0.00546075
        1053    0.795409    0.902209  0.00545651
        1054    0.796315    0.902109  0.00545226
        1055    0.797283     0.90201  0.00544799
        1056    0.798313    0.901911  0.00544372
        1057    0.799406    0.901814  0.00543943
        1058    0.800561    0.901719  0.00543513
        1059     0.80178    0.901624  0.00543082
        1060    0.803061    0.901531  0.00542649
        1061    0.804404     0.90144  0.00542215
        1062    0.805807     0.90135  0.00541779
        1063    0.807268    0.901261  0.00541342
        1064    0.808784    0.901174  0.00540903
        1065    0.810354    0.901089  0.00540462
        1066    0.811975    0.901005   0.0054002
        1067    0.813642    0.900924  0.00539576
        1068    0.815351    0.900843   0.0053913
        1069    0.817097    0.900765  0.00538683
        1070    0.818873    0.900689  0.00538234
        1071    0.820676    0.900614  0.00537783
        1072    0.822501    0.900541  0.00537331
        1073    0.824341     0.90047  0.00536877
        1074    0.826189    0.900401  0.00536421
        1075    0.828041    0.900333  0.00535965
        1076    0.829893    0.900268  0.00535507
        1077    0.831737    0.900204  0.00535047
        1078    0.833568    0.900143  0.00534586
        1079    0.835381    0.900083  0.00534125
        1080    0.837171    0.900024  0.00533662
        1081    0.838932    0.899968  0.00533198
        1082    0.840659    0.899913  0.00532734
        1083    0.842348     0.89986  0.00532268
        1084    0.843995    0.899808  0.00531802
        1085    0.845598    0.899758  0.00531335
        1086    0.847151     0.89971  0.00530868
        1087    0.848653    0.899663  0.00530401
        1088      0.8501    0.899617  0.00529933
        1089    0.851492    0.899573  0.00529464
        1090    0.852826     0.89953  0.00528996
        1091    0.854101    0.899489  0.00528528
        1092    0.855315    0.899448  0.00528059
        1093    0.856467    0.899409  0.00527591
        1094    0.857557    0.899371  0.00527122
        1095    0.858584    0.899333  0.00526654
        1096    0.859549    0.899297  0.00526186
        1097    0.860451    0.899262  0.00525718
        1098    0.861291    0.899227  0.00525251
        1099    0.862068    0.899193  0.00524784
        1100    0.862784     0.89916  0.00524317
        1101     0.86344    0.899128  0.00523851
        1102    0.864037    0.899096  0.00523385
        1103    0.864577    0.899065   0.0052292
        1104    0.865063    0.899034  0.00522456
        1105    0.865495    0.899003  0.00521992
        1106    0.865875    0.898973  0.00521528
        1107    0.866207    0.898944  0.00521065
        1108    0.866491    0.898915  0.00520603
        1109    0.866733    0.898886  0.00520142
        1110    0.866937    0.898857  0.00519681
        1111    0.867103    0.898828  0.00519222
        1112    0.867237      0.8988  0.00518762
        1113    0.867342    0.898771  0.00518304
        1114     0.86742    0.898743  0.00517846
        1115    0.867477    0.898715   0.0051739
        1116    0.867516    0.898687  0.00516933
        1117    0.867541    0.898659  0.00516478
        1118    0.867555    0.898632  0.00516024
        1119    0.867562    0.898604   0.0051557
        1120    0.867566    0.898576  0.00515117
        1121     0.86757    0.898549  0.00514665
        1122    0.867578    0.898521  0.00514214
        1123    0.867595    0.898493  0.00513763
        1124    0.867622    0.898466  0.00513313
        1125    0.867661    0.898439  0.00512865
        1126    0.867715    0.898411  0.00512416
        1127    0.867785    0.898384  0.00511969
        1128    0.867873    0.898357  0.00511522
        1129    0.867981     0.89833  0.00511076
        1130    0.868111    0.898303  0.00510631
        1131    0.868262    0.898277  0.00510186
        1132    0.868435     0.89825  0.00509742
        1133     0.86863    0.898224  0.00509299
        1134    0.868845    0.898198  0.00508857
        1135    0.869081    0.898173  0.00508415
        1136    0.869337    0.898147  0.00507974
        1137    0.869612    0.898122  0.00507533
        1138    0.869905    0.898097  0.00507093
        1139    0.870215    0.898073  0.00506654
        1140    0.870539    0.898049  0.00506215
        1141    0.870876    0.898025  0.00505777
        1142    0.871226    0.898002   0.0050534
        1143    0.871586    0.897978  0.00504903
        1144    0.871952    0.897956  0.00504467
        1145    0.872324    0.897933  0.00504031
        1146    0.872701    0.897911  0.00503596
        1147    0.873079     0.89789  0.00503162
        1148    0.873458    0.897868  0.00502728
        1149    0.873835    0.897847  0.00502295
        1150     0.87421    0.897827  0.00501862
        1151    0.874581    0.897807   0.0050143
        1152    0.874946    0.897787  0.00500999
        1153    0.875308    0.897767  0.00500568
        1154    0.875663    0.897748  0.00500138
        1155    0.876014    0.897729  0.00499708
        1156     0.87636    0.897711  0.00499279
        1157      0.8767    0.897693  0.00498851
        1158    0.877034    0.897675  0.00498424
        1159    0.877365    0.897657  0.00497997
        1160    0.877693     0.89764   0.0049757
        1161     0.87802    0.897623  0.00497145
        1162    0.878347    0.897607   0.0049672
        1163    0.878674     0.89759  0.00496295
        1164    0.879004    0.897574  0.00495871
        1165    0.879337    0.897559  0.00495448
        1166    0.879676    0.897543  0.00495026
        1167    0.880024    0.897528  0.00494604
        1168     0.88038    0.897514  0.00494182
        1169    0.880746    0.897499  0.00493762
        1170    0.881123    0.897485  0.00493342
        1171    0.881514    0.897472  0.00492922
        1172    0.881921    0.897458  0.00492504
        1173    0.882343    0.897446  0.00492085
        1174    0.882783    0.897433  0.00491668
        1175    0.883242    0.897421  0.00491251
        1176     0.88372    0.897409  0.00490835
        1177    0.884221    0.897398  0.00490419
        1178    0.884743    0.897387  0.00490004
        1179    0.885289    0.897377  0.00489589
        1180    0.885858    0.897367  0.00489175
        1181     0.88645    0.897358  0.00488762
        1182    0.887065    0.897349  0.00488349
        1183    0.887705    0.897341  0.00487937
        1184     0.88837    0.897334  0.00487525
        1185    0.889057    0.897327  0.00487115
        1186    0.889768     0.89732  0.00486704
        1187    0.890501    0.897315  0.00486295
        1188    0.891256     0.89731  0.00485885
        1189    0.892034    0.897305  0.00485477
        1190    0.892832    0.897301  0.00485069
        1191     0.89365    0.897298  0.00484662
        1192    0.894484    0.897296  0.00484255
        1193    0.895333    0.897294   0.0048385
        1194    0.896195    0.897293  0.00483444
        1195    0.897069    0.897293   0.0048304
        1196    0.897953    0.897294  0.00482636
        1197    0.898844    0.897295  0.00482233
        1198    0.899738    0.897297   0.0048183
        1199    0.900634      0.8973  0.00481428
        1200    0.901527    0.897303  0.00481027
        1201    0.902417    0.897308  0.00480627
        1202    0.903301    0.897313  0.00480227
        1203    0.904175    0.897318  0.00479829
        1204    0.905037    0.897325  0.00479431
        1205    0.905884    0.897332  0.00479033
        1206    0.906713     0.89734  0.00478637
        1207    0.907521    0.897348  0.00478241
        1208    0.908307    0.897357  0.00477846
        1209    0.909067    0.897367  0.00477452
        1210    0.909799    0.897377  0.00477058
        1211    0.910501    0.897388  0.00476665
        1212     0.91117    0.897399  0.00476273
        1213    0.911806    0.897411  0.00475882
        1214    0.912408    0.897423  0.00475492
        1215    0.912972    0.897436  0.00475102
        1216    0.913498    0.897449  0.00474713
        1217    0.913985    0.897463  0.00474325
        1218    0.914433    0.897477  0.00473938
        1219    0.914841    0.897491  0.00473551
        1220    0.915209    0.897506  0.00473165
        1221    0.915537    0.897521   0.0047278
        1222    0.915825    0.897536  0.00472396
        1223    0.916075    0.897551  0.00472012
        1224    0.916287    0.897566  0.00471629
        1225    0.916461    0.897581  0.00471246
        1226    0.916599    0.897597  0.00470864
        1227    0.916702    0.897612  0.00470483
        1228    0.916772    0.897628  0.00470103
        1229    0.916809    0.897644  0.00469723
        1230    0.916816    0.897659  0.00469343
        1231    0.916795    0.897675  0.00468965
        1232    0.916748     0.89769  0.00468587
        1233    0.916676    0.897706  0.00468209
        1234    0.916582    0.897721  0.00467832
        1235    0.916468    0.897736  0.00467456
        1236    0.916336    0.897751   0.0046708
        1237    0.916186    0.897766  0.00466705
        1238     0.91602    0.897781   0.0046633
        1239    0.915839    0.897795  0.00465956
        1240    0.915647     0.89781  0.00465582
        1241    0.915444    0.897824  0.00465209
        1242    0.915231    0.897838  0.00464837
        1243    0.915009    0.897852  0.00464465
        1244    0.914777    0.897866  0.00464094
        1245    0.914535    0.897879  0.00463723
        1246    0.914283    0.897892  0.00463353
        1247     0.91402    0.897905  0.00462983
        1248    0.913746    0.897918  0.00462614
        1249    0.913459     0.89793  0.00462245
        1250    0.913158    0.897942  0.00461877
        1251     0.91284    0.897954  0.00461509
        1252    0.912504    0.897966  0.00461142
        1253    0.912148    0.897977  0.00460775
        1254    0.911769    0.897988  0.00460409
        1255    0.911363    0.897999  0.00460043
        1256    0.910926    0.898009  0.00459678
        1257    0.910454    0.898019  0.00459314
        1258    0.909944    0.898028   0.0045895
        1259    0.909392    0.898038  0.00458586
        1260    0.908795    0.898046  0.00458223
        1261    0.908147    0.898054   0.0045786
        1262    0.907442    0.898061  0.00457498
        1263    0.906673    0.898068  0.00457136
        1264    0.905836    0.898074  0.00456775
        1265    0.904926     0.89808  0.00456414
        1266    0.903936    0.898085  0.00456054
        1267    0.902862    0.898088  0.00455694
        1268    0.901699    0.898091  0.00455335
        1269    0.900442    0.898093  0.00454976
        1270    0.899085    0.898094  0.00454618
        1271    0.897624    0.898093   0.0045426
        1272    0.896055    0.898092  0.00453903
        1273     0.89437    0.898089  0.00453546
        1274    0.892566    0.898085  0.00453191
        1275    0.890641    0.898079  0.00452836
        1276     0.88859    0.898071  0.00452481
        1277    0.886411    0.898062  0.00452128
        1278      0.8841    0.898051  0.00451775
        1279    0.881657    0.898038  0.00451424
        1280    0.879079    0.898024  0.00451074
        1281    0.876367    0.898007  0.00450725
        1282    0.873521    0.897988  0.00450377
        1283    0.870542    0.897966  0.00450031
        1284    0.867433    0.897942  0.00449687
        1285    0.864196    0.897916  0.00449345
        1286    0.860836    0.897887  0.00449005
        1287    0.857355    0.897856  0.00448667
        1288    0.853761    0.897822  0.00448332
        1289    0.850059    0.897785  0.00447999
        1290    0.846255    0.897745   0.0044767
        1291    0.842359    0.897702  0.00447343
        1292    0.838377    0.897656  0.00447021
        1293    0.834322    0.897607  0.00446702
        1294    0.830202    0.897555  0.00446387
        1295    0.826029    0.897499  0.00446076
        1296    0.821816    0.897441  0.00445771
        1297    0.817573    0.897379  0.00445469
        1298    0.813315    0.897315  0.00445173
        1299    0.809055    0.897247  0.00444882
        1300    0.804807    0.897176  0.00444597
        1301    0.800585    0.897101  0.00444317
        1302    0.796406    0.897024  0.00444043
        1303    0.792283    0.896944  0.00443775
        1304    0.788232     0.89686  0.00443513
        1305    0.784267    0.896774  0.00443257
        1306    0.780404    0.896685  0.00443007
        1307    0.776658    0.896593  0.00442764
        1308    0.773044    0.896499  0.00442526
        1309    0.769576    0.896402  0.00442294
        1310    0.766269    0.896302  0.00442068
        1311    0.763135    0.896201  0.00441847
        1312    0.760187    0.896097  0.00441632
        1313    0.757436    0.895991  0.00441422
        1314    0.754895    0.895884  0.00441217
        1315    0.752572    0.895775  0.00441016
        1316    0.750476    0.895665  0.00440819
        1317    0.748616    0.895553  0.00440626
        1318    0.746995     0.89544  0.00440435
        1319    0.745618    0.895327  0.00440248
        1320     0.74449    0.895212  0.00440063
        1321    0.743611    0.895098  0.00439879
        1322    0.742983    0.894983  0.00439697
        1323    0.742606    0.894867  0.00439515
        1324    0.742477    0.894752  0.00439334
        1325    0.742593    0.894638  0.00439153
        1326     0.74295    0.894523   0.0043897
        1327    0.743541    0.894409  0.00438787
        1328     0.74436    0.894296  0.00438602
        1329    0.745399    0.894184  0.00438415
        1330    0.746647    0.894073  0.00438226
        1331    0.748098    0.893964  0.00438034
        1332    0.749739    0.893855  0.00437839
        1333    0.751561    0.893749   0.0043764
        1334    0.753553    0.893644  0.00437438
        1335    0.755701     0.89354  0.00437233
        1336    0.757994    0.893439  0.00437023
        1337    0.760417    0.893339   0.0043681
        1338    0.762958    0.893242  0.00436592
        1339    0.765603    0.893147   0.0043637
        1340     0.76834    0.893053  0.00436144
        1341    0.771154    0.892963  0.00435913
        1342    0.774033    0.892874  0.00435678
        1343    0.776964    0.892788  0.00435439
        1344    0.779933    0.892704  0.00435196
        1345    0.782929    0.892622  0.00434949
        1346     0.78594    0.892543  0.00434698
        1347    0.788953    0.892466  0.00434444
        1348    0.791956    0.892391  0.00434185
        1349    0.794938    0.892319  0.00433924
        1350    0.797887    0.892249  0.00433659
        1351    0.800793    0.892181   0.0043339
        1352    0.803647    0.892116  0.00433119
        1353    0.806438    0.892053  0.00432845
        1354    0.809158    0.891991  0.00432569
        1355    0.811799    0.891932   0.0043229
        1356    0.814352    0.891875  0.00432009
        1357    0.816809     0.89182  0.00431726
        1358    0.819165    0.891766  0.00431442
        1359    0.821411    0.891714  0.00431155
        1360    0.823543    0.891664  0.00430867
        1361    0.825555    0.891616  0.00430578
        1362     0.82744    0.891569  0.00430288
        1363    0.829193    0.891523  0.00429996
        1364    0.830811    0.891478  0.00429704
        1365    0.832289    0.891435  0.00429411
        1366    0.833622    0.891393  0.00429118
        1367    0.834807    0.891351  0.00428824
        1368    0.835841    0.891311   0.0042853
        1369    0.836723    0.891271  0.00428235
        1370     0.83745    0.891231  0.00427941
        1371    0.838021    0.891193  0.00427646
        1372    0.838434    0.891154  0.00427352
        1373    0.838687    0.891116  0.00427057
        1374    0.838782    0.891078  0.00426764
        1375    0.838716     0.89104   0.0042647
        1376    0.838491    0.891002  0.00426177
        1377    0.838106    0.890963  0.00425885
        1378    0.837564    0.890924  0.00425594
        1379    0.836866    0.890885  0.00425303
        1380    0.836015    0.890846  0.00425014
        1381    0.835014    0.890805  0.00424725
        1382    0.833866    0.890764  0.00424438
        1383    0.832573    0.890722  0.00424152
        1384    0.831138    0.890679  0.00423867
        1385    0.829566    0.890635  0.00423584
        1386    0.827861    0.890589  0.00423303
        1387     0.82603    0.890543  0.00423023
        1388    0.824078    0.890495  0.00422745
        1389    0.822012    0.890446   0.0042247
        1390    0.819838    0.890395  0.00422196
        1391    0.817562    0.890342  0.00421925
        1392    0.815193    0.890288  0.00421657
        1393    0.812738    0.890233  0.00421391
        1394    0.810208    0.890175  0.00421128
        1395    0.807609    0.890116  0.00420867
        1396    0.804952    0.890055   0.0042061
        1397    0.802246    0.889992  0.00420356
        1398      0.7995    0.889928  0.00420105
        1399    0.796723    0.889861  0.00419858
        1400    0.793925    0.889792  0.00419614
        1401    0.791116    0.889722  0.00419373
        1402    0.788306     0.88965  0.00419136
        1403    0.785506    0.889575  0.00418903
        1404    0.782725    0.889499  0.00418674
        1405    0.779973    0.889421  0.00418449
        1406     0.77726    0.889342  0.00418227
        1407    0.774597     0.88926  0.00418009
        1408    0.771993    0.889177  0.00417796
        1409    0.769457    0.889092  0.00417585
        1410    0.766999    0.889005  0.00417379
        1411    0.764627    0.888917  0.00417176
        1412    0.762348    0.888827  0.00416977
        1413    0.760171    0.888736  0.00416781
        1414    0.758105    0.888644  0.00416589
        1415    0.756156     0.88855    0.004164
        1416     0.75433    0.888456  0.00416214
        1417    0.752631     0.88836   0.0041603
        1418    0.751064    0.888263   0.0041585
        1419    0.749633    0.888165  0.00415671
        1420    0.748343    0.888067  0.00415495
        1421    0.747197    0.887968  0.00415321
        1422    0.746199    0.887868  0.00415149
        1423     0.74535    0.887768  0.00414978
        1424    0.744653    0.887667  0.00414808
        1425    0.744107    0.887567  0.00414639
        1426    0.743715    0.887466  0.00414471
        1427    0.743477    0.887365  0.00414303
        1428     0.74339    0.887264  0.00414136
        1429    0.743457    0.887163  0.00413968
        1430    0.743674    0.887063    0.004138
        1431    0.744039    0.886963  0.00413632
        1432     0.74455    0.886864  0.00413463
        1433    0.745203    0.886765  0.00413292
        1434    0.745995    0.886667  0.00413121
        1435    0.746922    0.886569  0.00412948
        1436    0.747978    0.886473  0.00412773
        1437    0.749158    0.886377  0.00412596
        1438    0.750456    0.886283  0.00412417
        1439    0.751868    0.886189  0.00412237
        1440    0.753386    0.886097  0.00412053
        1441    0.755005    0.886006  0.00411868
        1442    0.756715    0.885916   0.0041168
        1443    0.758512    0.885828  0.00411489
        1444    0.760385    0.885741  0.00411296
        1445    0.762328    0.885656    0.004111
        1446    0.764332    0.885572  0.00410901
        1447    0.766389    0.885489    0.004107
        1448    0.768493    0.885409  0.00410496
        1449    0.770635    0.885329  0.00410289
        1450    0.772806    0.885252  0.00410079
        1451    0.774999    0.885176  0.00409867
        1452    0.777205    0.885102  0.00409652
        1453    0.779416    0.885029  0.00409435
        1454    0.781625    0.884958  0.00409215
        1455    0.783825    0.884888  0.00408993
        1456    0.786011     0.88482  0.00408768
        1457    0.788177    0.884754  0.00408541
        1458    0.790318    0.884689  0.00408313
        1459    0.792429    0.884626  0.00408082
        1460    0.794504    0.884564  0.00407849
        1461    0.796541    0.884504  0.00407614
        1462    0.798535    0.884445  0.00407378
        1463    0.800485    0.884388   0.0040714
        1464    0.802389    0.884332    0.004069
        1465    0.804246    0.884277  0.00406659
        1466    0.806054    0.884224  0.00406417
        1467    0.807812    0.884172  0.00406173
        1468    0.809523    0.884121  0.00405928
        1469    0.811188    0.884071  0.00405682
        1470    0.812809    0.884023  0.00405435
        1471    0.814387    0.883975  0.00405187
        1472    0.815926    0.883929  0.00404938
        1473    0.817431    0.883884  0.00404689
        1474    0.818905     0.88384  0.00404438
        1475    0.820353    0.883797  0.00404187
        1476    0.821783    0.883755  0.00403935
        1477    0.823198    0.883714  0.00403682
        1478    0.824605    0.883674  0.00403429
        1479     0.82601    0.883635  0.00403175
        1480     0.82742    0.883597   0.0040292
        1481     0.82884     0.88356  0.00402665
        1482    0.830275    0.883524   0.0040241
        1483    0.831733    0.883489  0.00402153
        1484    0.833219    0.883455  0.00401897
        1485    0.834738    0.883422   0.0040164
        1486    0.836297    0.883391  0.00401382
        1487    0.837902     0.88336  0.00401123
        1488    0.839555    0.883331  0.00400865
        1489    0.841261    0.883302  0.00400605
        1490    0.843024    0.883275  0.00400346
        1491    0.844846    0.883249  0.00400085
        1492    0.846728    0.883225  0.00399825
        1493    0.848672    0.883202  0.00399564
        1494    0.850677     0.88318  0.00399302
        1495    0.852743     0.88316   0.0039904
        1496    0.854869    0.883141  0.00398778
        1497    0.857051    0.883123  0.00398515
        1498    0.859288    0.883107  0.00398253
        1499    0.861574    0.883093   0.0039799
        1500    0.863904     0.88308  0.00397726
        1501    0.866272    0.883069  0.00397463
        1502    0.868671     0.88306  0.00397199
        1503    0.871093    0.883052  0.00396936
        1504    0.873529    0.883045  0.00396673
        1505    0.875971    0.883041  0.00396409
        1506    0.878408    0.883037  0.00396146
        1507    0.880831    0.883036  0.00395883
        1508    0.883228    0.883036  0.00395621
        1509    0.885588    0.883038  0.00395359
        1510    0.887902    0.883041  0.00395097
        1511    0.890159    0.883046  0.00394836
        1512    0.892346    0.883052  0.00394575
        1513    0.894453    0.883059  0.00394315
        1514    0.896469    0.883068  0.00394056
        1515    0.898384    0.883078  0.00393797
        1516    0.900187     0.88309  0.00393539
        1517    0.901868    0.883102  0.00393281
        1518     0.90342    0.883115  0.00393024
        1519    0.904833     0.88313  0.00392768
        1520    0.906098    0.883145  0.00392513
        1521    0.907208    0.883161  0.00392258
        1522    0.908158    0.883177  0.00392004
        1523    0.908939    0.883194   0.0039175
        1524    0.909547    0.883211  0.00391497
        1525    0.909979    0.883229  0.00391244
        1526     0.91023    0.883247  0.00390991
        1527    0.910298    0.883264  0.00390739
        1528     0.91018    0.883282  0.00390488
        1529    0.909877    0.883299  0.00390236
        1530    0.909387    0.883316  0.00389985
        1531    0.908713    0.883333  0.00389734
        1532    0.907858    0.883349  0.00389482
        1533    0.906824    0.883364  0.00389231
        1534    0.905615    0.883379   0.0038898
        1535    0.904238    0.883392  0.00388729
        1536    0.902697    0.883405  0.00388478
        1537       0.901    0.883416  0.00388227
        1538    0.899154    0.883427  0.00387976
        1539    0.897167    0.883436  0.00387725
        1540     0.89505    0.883443  0.00387474
        1541    0.892812    0.883449  0.00387223
        1542    0.890464    0.883454  0.00386972
        1543    0.888021    0.883457  0.00386722
        1544    0.885492    0.883458  0.00386471
        1545    0.882893    0.883458  0.00386221
        1546    0.880237    0.883456  0.00385971
        1547    0.877536    0.883452  0.00385722
        1548    0.874805    0.883446  0.00385473
        1549    0.872056    0.883439  0.00385225
        1550    0.869306     0.88343  0.00384977
        1551    0.866567    0.883419  0.00384731
        1552    0.863856    0.883406  0.00384485
        1553    0.861188    0.883392   0.0038424
        1554    0.858575    0.883376  0.00383996
        1555    0.856032    0.883358  0.00383753
        1556    0.853571    0.883339  0.00383511
        1557    0.851202    0.883319  0.00383271
        1558    0.848938    0.883296  0.00383031
        1559    0.846787    0.883273  0.00382792
        1560    0.844761    0.883248  0.00382555
        1561    0.842866    0.883222  0.00382319
        1562    0.841108    0.883196  0.00382083
        1563    0.839493    0.883168  0.00381849
        1564    0.838026    0.883139  0.00381616
        1565    0.836711    0.883109  0.00381384
        1566    0.835549    0.883079  0.00381152
        1567    0.834542    0.883048  0.00380922
        1568    0.833689    0.883016  0.00380692
        1569    0.832991    0.882984  0.00380462
        1570    0.832446    0.882952  0.00380234
        1571    0.832049     0.88292  0.00380005
        1572    0.831799    0.882887  0.00379778
        1573    0.831691    0.882855   0.0037955
        1574    0.831722    0.882822  0.00379323
        1575    0.831887     0.88279  0.00379096
        1576    0.832181    0.882758  0.00378869
        1577    0.832598    0.882726  0.00378642
        1578    0.833135    0.882694  0.00378415
        1579    0.833785    0.882664  0.00378188
        1580    0.834543    0.882633  0.00377961
        1581    0.835404    0.882603  0.00377734
        1582    0.836363    0.882574  0.00377506
        1583    0.837414    0.882545  0.00377279
        1584    0.838555    0.882518  0.00377051
        1585    0.839781    0.882491  0.00376822
        1586    0.841085    0.882465  0.00376594
        1587    0.842464    0.882439  0.00376365
        1588    0.843913    0.882415  0.00376136
        1589    0.845427    0.882392  0.00375906
        1590    0.847002     0.88237  0.00375676
        1591    0.848634    0.882348  0.00375446
        1592    0.850318    0.882328  0.00375216
        1593    0.852051    0.882309  0.00374985
        1594    0.853827    0.882291  0.00374754
        1595     0.85564    0.882275  0.00374523
        1596    0.857487    0.882259  0.00374291
        1597    0.859364    0.882245   0.0037406
        1598    0.861266    0.882232  0.00373828
        1599    0.863188     0.88222  0.00373596
        1600    0.865125    0.882209  0.00373364
        1601    0.867072      0.8822  0.00373132
        1602    0.869024    0.882191    0.003729
        1603    0.870976    0.882184  0.00372668
        1604    0.872923    0.882179  0.00372436
        1605    0.874858    0.882174  0.00372205
        1606    0.876776    0.882171  0.00371973
        1607    0.878673    0.882169  0.00371742
        1608    0.880543    0.882168   0.0037151
        1609    0.882383    0.882168  0.00371279
        1610    0.884187    0.882169  0.00371049
        1611    0.885951    0.882171  0.00370819
        1612    0.887672    0.882175  0.00370589
        1613    0.889344    0.882179  0.00370359
        1614    0.890965    0.882185   0.0037013
        1615    0.892531    0.882191  0.00369902
        1616    0.894037    0.882198  0.00369673
        1617    0.895482    0.882207  0.00369446
        1618    0.896862    0.882216  0.00369218
        1619    0.898177    0.882225  0.00368992
        1620    0.899424    0.882236  0.00368765
        1621    0.900603    0.882247   0.0036854
        1622    0.901713    0.882259  0.00368314
        1623    0.902754    0.882272   0.0036809
        1624    0.903727    0.882285  0.00367865
        1625     0.90463    0.882299  0.00367642
        1626    0.905462    0.882313  0.00367418
        1627    0.906225    0.882328  0.00367195
        1628     0.90692    0.882343  0.00366973
        1629    0.907548    0.882358  0.00366751
        1630    0.908111    0.882374  0.00366529
        1631     0.90861     0.88239  0.00366308
        1632    0.909047    0.882407  0.00366087
        1633    0.909426    0.882423  0.00365867
        1634    0.909748     0.88244  0.00365647
        1635    0.910017    0.882457  0.00365427
        1636    0.910235    0.882474  0.00365208
        1637    0.910405    0.882491  0.00364988
        1638    0.910529    0.882508   0.0036477
        1639    0.910611    0.882525  0.00364551
        1640    0.910655    0.882542  0.00364333
        1641    0.910663    0.882559  0.00364115
        1642    0.910639    0.882577  0.00363897
        1643    0.910587    0.882594   0.0036368
        1644    0.910508    0.882611  0.00363462
        1645    0.910407    0.882627  0.00363245
        1646    0.910285    0.882644  0.00363029
        1647    0.910146    0.882661  0.00362812
        1648    0.909993    0.882678  0.00362596
        1649    0.909829    0.882694   0.0036238
        1650    0.909657     0.88271  0.00362164
        1651     0.90948    0.882727  0.00361948
        1652    0.909301    0.882743  0.00361732
        1653    0.909122    0.882759  0.00361517
        1654    0.908947    0.882774  0.00361302
        1655    0.908777     0.88279  0.00361087
        1656    0.908615    0.882806  0.00360872
        1657    0.908462    0.882821  0.00360658
        1658    0.908322    0.882837  0.00360444
        1659    0.908196    0.882852   0.0036023
        1660    0.908086    0.882867  0.00360016
        1661    0.907996    0.882882  0.00359802
        1662    0.907925    0.882897  0.00359589
        1663    0.907877    0.882912  0.00359376
        1664    0.907853    0.882927  0.00359163
        1665    0.907855    0.882942   0.0035895
        1666    0.907885    0.882957  0.00358738
        1667    0.907943    0.882972  0.00358526
        1668    0.908034    0.882987  0.00358314
        1669    0.908159    0.883002  0.00358103
        1670    0.908319    0.883018  0.00357891
        1671    0.908517    0.883033  0.00357681
        1672    0.908751    0.883048   0.0035747
        1673    0.909025    0.883064   0.0035726
        1674    0.909342    0.883079   0.0035705
        1675    0.909703    0.883095   0.0035684
        1676    0.910108    0.883111  0.00356631
        1677    0.910558    0.883128  0.00356422
        1678    0.911053    0.883144  0.00356213
        1679    0.911593    0.883161  0.00356005
        1680    0.912179    0.883179  0.00355797
        1681    0.912811    0.883196   0.0035559
        1682    0.913489    0.883214  0.00355383
        1683    0.914214    0.883233  0.00355177
        1684    0.914983    0.883252  0.00354971
        1685    0.915796    0.883271  0.00354766
        1686    0.916652    0.883291  0.00354561
        1687    0.917546    0.883311  0.00354356
        1688    0.918476    0.883332  0.00354153
        1689     0.91944    0.883353  0.00353949
        1690    0.920435    0.883375  0.00353747
        1691    0.921457    0.883398  0.00353545
        1692      0.9225    0.883421  0.00353343
        1693    0.923561    0.883444  0.00353143
        1694    0.924634    0.883469  0.00352942
        1695    0.925714    0.883494  0.00352743
        1696    0.926794    0.883519  0.00352544
        1697    0.927869    0.883545  0.00352346
        1698    0.928935    0.883572  0.00352149
        1699    0.929987    0.883599  0.00351952
        1700    0.931017    0.883627  0.00351756
        1701    0.932019    0.883656  0.00351561
        1702    0.932986    0.883685  0.00351366
        1703    0.933914    0.883714  0.00351172
        1704    0.934795    0.883744  0.00350979
        1705    0.935624    0.883775  0.00350786
        1706    0.936397    0.883805  0.00350594
        1707    0.937107    0.883837  0.00350403
        1708    0.937751    0.883868  0.00350212
        1709    0.938323      0.8839  0.00350021
        1710    0.938819    0.883932  0.00349832
        1711    0.939237    0.883965  0.00349642
        1712    0.939571    0.883997  0.00349453
        1713     0.93982     0.88403  0.00349264
        1714    0.939982    0.884062  0.00349076
        1715    0.940056    0.884095  0.00348887
        1716    0.940039    0.884128  0.00348699
        1717    0.939933     0.88416  0.00348511
        1718    0.939737    0.884192  0.00348323
        1719    0.939453    0.884225  0.00348136
        1720     0.93908    0.884256  0.00347948
        1721    0.938623    0.884288   0.0034776
        1722    0.938083    0.884319  0.00347572
        1723    0.937464     0.88435  0.00347384
        1724    0.936769     0.88438  0.00347196
        1725    0.936003     0.88441  0.00347007
        1726    0.935168     0.88444  0.00346819
        1727     0.93427    0.884469   0.0034663
        1728    0.933314    0.884497  0.00346441
        1729    0.932305    0.884525  0.00346252
        1730    0.931251    0.884552  0.00346062
        1731    0.930156    0.884578  0.00345872
        1732    0.929026    0.884604  0.00345682
        1733    0.927866    0.884629  0.00345491
        1734    0.926685    0.884653  0.00345301
        1735    0.925488    0.884676   0.0034511
        1736    0.924283    0.884699  0.00344918
        1737    0.923072    0.884721  0.00344727
        1738    0.921864    0.884743  0.00344535
        1739    0.920664    0.884763  0.00344343
        1740    0.919477    0.884783  0.00344151
        1741    0.918306    0.884802  0.00343959
        1742    0.917158    0.884821  0.00343767
        1743    0.916037    0.884839  0.00343574
        1744    0.914945    0.884856  0.00343381
        1745    0.913884    0.884873  0.00343189
        1746    0.912858    0.884889  0.00342996
        1747    0.911867    0.884904  0.00342803
        1748    0.910915    0.884919   0.0034261
        1749    0.910002    0.884934  0.00342417
        1750    0.909125    0.884947  0.00342224
        1751    0.908285    0.884961  0.00342031
        1752     0.90748    0.884974  0.00341839
        1753    0.906708    0.884986  0.00341646
        1754    0.905967    0.884998  0.00341453
        1755    0.905255    0.885009   0.0034126
        1756    0.904568    0.885021  0.00341068
        1757    0.903901    0.885031  0.00340876
        1758    0.903251    0.885042  0.00340683
        1759    0.902614    0.885052  0.00340491
        1760    0.901987    0.885061  0.00340299
        1761    0.901363    0.885071  0.00340107
        1762     0.90074    0.885079  0.00339915
        1763    0.900111    0.885088  0.00339723
        1764    0.899474    0.885096  0.00339532
        1765    0.898823    0.885104   0.0033934
        1766    0.898155    0.885111  0.00339149
        1767    0.897464    0.885118  0.00338958
        1768    0.896746    0.885125  0.00338767
        1769    0.895997    0.885131  0.00338576
        1770    0.895214    0.885137  0.00338385
        1771    0.894396    0.885142  0.00338194
        1772    0.893537    0.885147  0.00338004
        1773    0.892638    0.885151  0.00337813
        1774    0.891697    0.885155  0.00337623
        1775    0.890712    0.885158  0.00337433
        1776    0.889682     0.88516  0.00337243
        1777    0.888607    0.885162  0.00337053
        1778     0.88749    0.885164  0.00336864
        1779    0.886332    0.885164  0.00336674
        1780    0.885133    0.885164  0.00336485
        1781    0.883897    0.885163  0.00336296
        1782    0.882626    0.885162  0.00336108
        1783    0.881323     0.88516  0.00335919
        1784    0.879994    0.885157  0.00335731
        1785    0.878645    0.885153  0.00335543
        1786     0.87728    0.885149  0.00335356
        1787    0.875904    0.885144  0.00335168
        1788    0.874524    0.885138  0.00334981
        1789    0.873147    0.885131  0.00334795
        1790    0.871779    0.885124  0.00334609
        1791    0.870429    0.885115  0.00334423
        1792    0.869105    0.885107  0.00334237
        1793    0.867816    0.885097  0.00334052
        1794    0.866572    0.885087  0.00333868
        1795    0.865379    0.885076  0.00333684
        1796    0.864247    0.885064    0.003335
        1797    0.863184    0.885052  0.00333316
        1798    0.862199    0.885039  0.00333134
        1799    0.861301    0.885026  0.00332951
        1800    0.860496    0.885012  0.00332769
        1801    0.859793    0.884998  0.00332587
        1802    0.859196    0.884984  0.00332405
        1803    0.858711    0.884969  0.00332224
        1804    0.858341    0.884955  0.00332043
        1805     0.85809     0.88494  0.00331863
        1806    0.857958    0.884925  0.00331682
        1807    0.857946     0.88491  0.00331502
        1808    0.858054    0.884895  0.00331322
        1809     0.85828     0.88488  0.00331142
        1810    0.858619    0.884866  0.00330963
        1811    0.859066    0.884852  0.00330783
        1812    0.859615    0.884838  0.00330603
        1813    0.860261    0.884824  0.00330424
        1814    0.860994    0.884811  0.00330244
        1815    0.861804    0.884798  0.00330065
        1816     0.86268    0.884786  0.00329885
        1817    0.863611    0.884774  0.00329706
        1818    0.864584    0.884763  0.00329526
        1819    0.865589    0.884753  0.00329347
        1820    0.866614    0.884743  0.00329167
        1821    0.867646    0.884733  0.00328988
        1822    0.868673    0.884725  0.00328808
        1823    0.869682    0.884716  0.00328629
        1824    0.870663    0.884709   0.0032845
        1825    0.871603    0.884701  0.00328271
        1826    0.872495    0.884695  0.00328091
        1827    0.873328    0.884689  0.00327912
        1828    0.874096    0.884683  0.00327734
        1829    0.874789    0.884677  0.00327555
        1830    0.875402    0.884672  0.00327376
        1831    0.875929    0.884668  0.00327198
        1832    0.876364    0.884663   0.0032702
        1833    0.876705    0.884659  0.00326841
        1834    0.876949    0.884654  0.00326663
        1835    0.877096     0.88465  0.00326486
        1836    0.877146    0.884646  0.00326308
        1837    0.877098    0.884642  0.00326131
        1838    0.876954    0.884638  0.00325954
        1839    0.876717    0.884634  0.00325777
        1840    0.876389    0.884629    0.003256
        1841    0.875974    0.884624  0.00325423
        1842    0.875476    0.884619  0.00325247
        1843    0.874902    0.884614  0.00325071
        1844    0.874255    0.884609  0.00324895
        1845    0.873542    0.884603   0.0032472
        1846    0.872769    0.884596  0.00324544
        1847    0.871942    0.884589  0.00324369
        1848    0.871068    0.884582  0.00324195
        1849    0.870153    0.884574   0.0032402
        1850    0.869204    0.884566  0.00323846
        1851    0.868228    0.884557  0.00323673
        1852     0.86723    0.884548  0.00323499
        1853    0.866215    0.884538  0.00323326
        1854    0.865189    0.884527  0.00323153
        1855    0.864156    0.884516  0.00322981
        1856    0.863118    0.884505  0.00322809
        1857    0.862081    0.884493  0.00322637
        1858    0.861047     0.88448  0.00322466
        1859    0.860018    0.884467  0.00322295
        1860    0.858997    0.884453  0.00322125
        1861    0.857985    0.884439  0.00321955
        1862    0.856983    0.884424  0.00321786
        1863    0.855991    0.884409  0.00321617
        1864     0.85501    0.884393  0.00321448
        1865     0.85404    0.884377   0.0032128
        1866    0.853079     0.88436  0.00321112
        1867    0.852126    0.884343  0.00320944
        1868    0.851182    0.884325  0.00320778
        1869    0.850243    0.884307  0.00320611
        1870    0.849312    0.884288  0.00320445
        1871    0.848386    0.884269   0.0032028
        1872    0.847463    0.884249  0.00320115
        1873    0.846547    0.884229   0.0031995
        1874    0.845636    0.884209  0.00319786
        1875     0.84473    0.884188  0.00319622
        1876     0.84383    0.884166  0.00319459
        1877     0.84294    0.884144  0.00319296
        1878     0.84206    0.884122  0.00319134
        1879    0.841194    0.884099  0.00318973
        1880    0.840343    0.884076  0.00318811
        1881    0.839511    0.884052  0.00318651
        1882    0.838701    0.884028  0.00318491
        1883    0.837919    0.884003  0.00318331
        1884    0.837172    0.883979  0.00318172
        1885    0.836465    0.883953  0.00318013
        1886    0.835804    0.883928  0.00317854
        1887    0.835197    0.883902  0.00317696
        1888    0.834651    0.883876  0.00317539
        1889    0.834173     0.88385  0.00317382
        1890     0.83377    0.883823  0.00317225
        1891    0.833449    0.883796  0.00317068
        1892    0.833218     0.88377  0.00316912
        1893    0.833082    0.883743  0.00316756
        1894     0.83305    0.883716    0.003166
        1895    0.833126    0.883689  0.00316444
        1896    0.833315    0.883663  0.00316288
        1897     0.83362    0.883637  0.00316133
        1898    0.834045     0.88361  0.00315977
        1899    0.834593    0.883585  0.00315821
        1900    0.835262    0.883559  0.00315665
        1901    0.836054    0.883534  0.00315509
        1902    0.836966     0.88351  0.00315352
        1903    0.837995    0.883486  0.00315196
        1904    0.839136    0.883462  0.00315039
        1905    0.840381     0.88344  0.00314882
        1906    0.841724    0.883418  0.00314724
        1907    0.843155    0.883397  0.00314566
        1908    0.844664    0.883377  0.00314408
        1909     0.84624    0.883357  0.00314249
        1910    0.847872    0.883339   0.0031409
        1911    0.849545    0.883321  0.00313931
        1912    0.851247    0.883304  0.00313771
        1913    0.852964    0.883288  0.00313611
        1914    0.854685    0.883273  0.00313451
        1915    0.856397    0.883259   0.0031329
        1916    0.858085    0.883246  0.00313129
        1917    0.859738    0.883234  0.00312968
        1918    0.861345    0.883222  0.00312807
        1919    0.862895    0.883212  0.00312646
        1920     0.86438    0.883202  0.00312485
        1921    0.865791    0.883193  0.00312323
        1922    0.867121    0.883185  0.00312162
        1923    0.868366    0.883177  0.00312001
        1924     0.86952     0.88317  0.00311839
        1925     0.87058    0.883163  0.00311678
        1926    0.871546    0.883157  0.00311517
        1927    0.872417    0.883152  0.00311356
        1928    0.873195    0.883146  0.00311195
        1929    0.873882    0.883142  0.00311034
        1930    0.874483    0.883137  0.00310873
        1931    0.875002    0.883133  0.00310712
        1932    0.875444    0.883129  0.00310552
        1933    0.875814    0.883125  0.00310391
        1934    0.876122    0.883122  0.00310231
        1935    0.876373    0.883118  0.00310071
        1936    0.876574    0.883115  0.00309911
        1937    0.876735    0.883111  0.00309751
        1938    0.876863    0.883108  0.00309591
        1939    0.876966    0.883105  0.00309432
        1940    0.877051    0.883102  0.00309272
        1941    0.877127    0.883099  0.00309113
        1942    0.877201    0.883096  0.00308954
        1943    0.877281    0.883093  0.00308795
        1944    0.877372     0.88309  0.00308637
        1945    0.877479    0.883087  0.00308478
        1946    0.877608    0.883084   0.0030832
        1947     0.87776    0.883081  0.00308161
        1948    0.877938    0.883079  0.00308003
        1949    0.878146    0.883076  0.00307845
        1950    0.878382    0.883074  0.00307688
        1951     0.87865    0.883072   0.0030753
        1952    0.878948    0.883069  0.00307373
        1953    0.879277    0.883068  0.00307215
        1954    0.879636    0.883066  0.00307058
        1955    0.880024    0.883064  0.00306901
        1956    0.880438    0.883063  0.00306744
        1957    0.880874    0.883062  0.00306587
        1958    0.881329    0.883061  0.00306431
        1959    0.881799     0.88306  0.00306274
        1960    0.882281     0.88306  0.00306118
        1961     0.88277     0.88306  0.00305962
        1962    0.883263     0.88306  0.00305806
        1963    0.883756     0.88306   0.0030565
        1964    0.884241    0.883061  0.00305495
        1965    0.884715    0.883062  0.00305339
        1966    0.885173    0.883063  0.00305184
        1967     0.88561    0.883064  0.00305029
        1968     0.88602    0.883065  0.00304874
        1969    0.886399    0.883067  0.00304719
        1970    0.886743    0.883069  0.00304564
        1971    0.887045    0.883071   0.0030441
        1972    0.887301    0.883073  0.00304256
        1973    0.887505    0.883075  0.00304102
        1974    0.887654    0.883078  0.00303948
        1975    0.887741     0.88308  0.00303794
        1976    0.887766    0.883082   0.0030364
        1977    0.887723    0.883085  0.00303487
        1978    0.887609    0.883087  0.00303333
        1979    0.887421    0.883089   0.0030318
        1980    0.887158    0.883091  0.00303027
        1981    0.886818    0.883093  0.00302874
        1982      0.8864    0.883095  0.00302721
        1983    0.885902    0.883096  0.00302569
        1984    0.885323    0.883097  0.00302416
        1985    0.884664    0.883098  0.00302264
        1986    0.883925    0.883099  0.00302112
        1987    0.883109    0.883099   0.0030196
        1988    0.882216    0.883098  0.00301808
        1989     0.88125    0.883097  0.00301656
        1990    0.880212    0.883096  0.00301505
        1991    0.879106    0.883094  0.00301353
        1992    0.877936    0.883091  0.00301202
        1993    0.876707    0.883088  0.00301051
        1994    0.875422    0.883084    0.003009
        1995    0.874086     0.88308   0.0030075
        1996    0.872707    0.883074    0.003006
        1997     0.87129    0.883069   0.0030045
        1998    0.869842    0.883062    0.003003
        1999    0.868371    0.883055  0.00300151
        2000    0.866882    0.883047  0.00300002
        2001    0.865383    0.883038  0.00299853
        2002     0.86388    0.883028  0.00299705
        2003    0.862384    0.883018  0.00299557
        2004      0.8609    0.883007   0.0029941
        2005    0.859436    0.882995  0.00299263
        2006       0.858    0.882983  0.00299116
        2007      0.8566    0.882969   0.0029897
        2008    0.855245    0.882956  0.00298824
        2009    0.853941    0.882941  0.00298679
        2010    0.852697    0.882926  0.00298534
        2011    0.851522    0.882911   0.0029839
        2012    0.850424    0.882894  0.00298246
        2013     0.84941    0.882878  0.00298102
        2014    0.848488    0.882861  0.00297959
        2015    0.847663    0.882843  0.00297816
        2016    0.846939    0.882825  0.00297674
        2017    0.846322    0.882807  0.00297532
        2018    0.845817    0.882789   0.0029739
        2019    0.845426     0.88277  0.00297249
        2020    0.845153    0.882752  0.00297107
        2021    0.844999    0.882733  0.00296966
        2022    0.844965    0.882714  0.00296825
        2023    0.845049    0.882696  0.00296684
        2024    0.845251    0.882677  0.00296543
        2025    0.845567    0.882659  0.00296403
        2026    0.845995    0.882641  0.00296262
        2027    0.846527    0.882623  0.00296121
        2028    0.847158    0.882606   0.0029598
        2029    0.847882    0.882589  0.00295839
        2030    0.848691    0.882572  0.00295698
        2031    0.849575    0.882556  0.00295557
        2032    0.850528     0.88254  0.00295416
        2033    0.851539    0.882525  0.00295274
        2034    0.852599     0.88251  0.00295133
        2035    0.853698    0.882496  0.00294991
        2036    0.854828    0.882482   0.0029485
        2037    0.855978    0.882469  0.00294708
        2038     0.85714    0.882457  0.00294566
        2039    0.858304    0.882445  0.00294424
        2040    0.859464    0.882434  0.00294281
        2041    0.860611    0.882423  0.00294139
        2042    0.861738    0.882413  0.00293997
        2043    0.862839    0.882403  0.00293855
        2044    0.863908    0.882394  0.00293712
        2045    0.864939    0.882386   0.0029357
        2046    0.865928    0.882378  0.00293427
        2047    0.866871     0.88237  0.00293285
        2048    0.867765    0.882363  0.00293143
        2049    0.868606    0.882356     0.00293
        2050    0.869394     0.88235  0.00292858
        2051    0.870128    0.882344  0.00292716
        2052    0.870807    0.882338  0.00292574
        2053    0.871432    0.882333  0.00292432
        2054       0.872    0.882328   0.0029229
        2055    0.872513    0.882323  0.00292148
        2056    0.872972    0.882319  0.00292006
        2057    0.873378    0.882314  0.00291865
        2058    0.873734     0.88231  0.00291723
        2059    0.874039    0.882306  0.00291582
        2060    0.874296    0.882302   0.0029144
        2061    0.874505    0.882298  0.00291299
        2062    0.874669    0.882295  0.00291158
        2063    0.874789    0.882291  0.00291017
        2064    0.874868    0.882287  0.00290877
        2065    0.874907    0.882284  0.00290736
        2066    0.874908     0.88228  0.00290595
        2067    0.874872    0.882277  0.00290455
        2068      0.8748    0.882273  0.00290315
        2069    0.874695    0.882269  0.00290175
        2070    0.874555    0.882266  0.00290035
        2071    0.874381    0.882262  0.00289895
        2072    0.874174    0.882258  0.00289755
        2073    0.873933    0.882254  0.00289616
        2074    0.873659     0.88225  0.00289477
        2075     0.87335    0.882245  0.00289337
        2076    0.873006    0.882241  0.00289198
        2077    0.872626    0.882236  0.00289059
        2078    0.872208    0.882232  0.00288921
        2079    0.871751    0.882227  0.00288782
        2080    0.871251    0.882221  0.00288644
        2081    0.870709    0.882216  0.00288506
        2082    0.870122     0.88221  0.00288368
        2083    0.869488    0.882204   0.0028823
        2084    0.868806    0.882197  0.00288092
        2085    0.868071    0.882191  0.00287955
        2086    0.867283    0.882183  0.00287818
        2087    0.866437    0.882176  0.00287681
        2088    0.865533    0.882168  0.00287544
        2089    0.864569     0.88216  0.00287408
        2090    0.863544    0.882151  0.00287272
        2091    0.862454    0.882141  0.00287136
        2092    0.861297    0.882131     0.00287
        2093    0.860074    0.882121  0.00286865
        2094    0.858783     0.88211   0.0028673
        2095    0.857422    0.882098  0.00286596
        2096    0.855991    0.882085  0.00286462
        2097    0.854491    0.882072  0.00286328
        2098    0.852922    0.882058  0.00286195
        2099    0.851284    0.882044  0.00286063
        2100    0.849577    0.882028   0.0028593
        2101    0.847804    0.882012  0.00285799
        2102    0.845968    0.881995  0.00285668
        2103    0.844071    0.881977  0.00285538
        2104    0.842116    0.881958  0.00285409
        2105    0.840107    0.881938   0.0028528
        2106    0.838046    0.881917  0.00285152
        2107    0.835939    0.881895  0.00285025
        2108    0.833791    0.881872  0.00284899
        2109    0.831609    0.881849  0.00284774
        2110    0.829398    0.881824   0.0028465
        2111    0.827166    0.881798  0.00284527
        2112    0.824921    0.881771  0.00284405
        2113    0.822669    0.881743  0.00284284
        2114    0.820419    0.881714  0.00284164
        2115    0.818183    0.881684  0.00284046
        2116     0.81597    0.881653  0.00283929
        2117     0.81379    0.881621  0.00283812
        2118    0.811653    0.881588  0.00283698
        2119    0.809569    0.881554  0.00283584
        2120    0.807549    0.881519  0.00283472
        2121      0.8056    0.881483  0.00283361
        2122    0.803735    0.881446  0.00283251
        2123    0.801962    0.881409  0.00283142
        2124    0.800291    0.881371  0.00283035
        2125    0.798733    0.881332  0.00282928
        2126    0.797295    0.881292  0.00282823
        2127    0.795986    0.881252  0.00282718
        2128    0.794813    0.881212  0.00282615
        2129    0.793783    0.881171  0.00282512
        2130    0.792903    0.881129  0.00282409
        2131    0.792178    0.881087  0.00282308
        2132    0.791611    0.881045  0.00282207
        2133    0.791206    0.881003  0.00282106
        2134    0.790965    0.880961  0.00282005
        2135    0.790889    0.880919  0.00281905
        2136     0.79098    0.880877  0.00281804
        2137    0.791235    0.880835  0.00281703
        2138    0.791653    0.880793  0.00281602
        2139    0.792233    0.880752  0.00281501
        2140    0.792973    0.880711    0.002814
        2141    0.793867     0.88067  0.00281297
        2142    0.794911     0.88063  0.00281195
        2143    0.796099    0.880591  0.00281091
        2144    0.797426    0.880552  0.00280987
        2145    0.798884    0.880514  0.00280881
        2146    0.800468    0.880476  0.00280775
        2147     0.80217     0.88044  0.00280668
        2148    0.803981    0.880404   0.0028056
        2149    0.805892     0.88037  0.00280451
        2150    0.807897    0.880336  0.00280341
        2151    0.809987    0.880303   0.0028023
        2152    0.812153    0.880272  0.00280117
        2153    0.814386    0.880241  0.00280004
        2154    0.816677    0.880212  0.00279889
        2155    0.819019    0.880183  0.00279774
        2156    0.821402    0.880156  0.00279657
        2157    0.823816     0.88013   0.0027954
        2158    0.826251    0.880105  0.00279422
        2159    0.828698    0.880081  0.00279302
        2160    0.831148    0.880058  0.00279182
        2161    0.833592    0.880037  0.00279061
        2162    0.836022    0.880016   0.0027894
        2163     0.83843    0.879997  0.00278817
        2164    0.840809    0.879979  0.00278694
        2165    0.843151    0.879962  0.00278571
        2166    0.845449    0.879946  0.00278447
        2167    0.847695    0.879931  0.00278322
        2168    0.849883    0.879917  0.00278197
        2169    0.852007    0.879905  0.00278072
        2170    0.854061    0.879893  0.00277946
        2171     0.85604    0.879882  0.00277821
        2172    0.857941    0.879872  0.00277695
        2173    0.859758    0.879862  0.00277568
        2174    0.861489    0.879854  0.00277442
        2175    0.863129    0.879846  0.00277315
        2176    0.864675    0.879839  0.00277189
        2177    0.866126    0.879833  0.00277062
        2178    0.867478    0.879827  0.00276936
        2179     0.86873    0.879822  0.00276809
        2180    0.869881    0.879818  0.00276682
        2181     0.87093    0.879814  0.00276556
        2182    0.871875     0.87981  0.00276429
        2183    0.872716    0.879807  0.00276303
        2184    0.873455    0.879804  0.00276177
        2185    0.874092    0.879801   0.0027605
        2186    0.874628    0.879799  0.00275924
        2187    0.875065    0.879797  0.00275798
        2188    0.875404    0.879795  0.00275672
        2189    0.875648    0.879793  0.00275546
        2190    0.875798    0.879791   0.0027542
        2191    0.875856    0.879789  0.00275295
        2192    0.875824    0.879787  0.00275169
        2193    0.875705    0.879785  0.00275044
        2194    0.875503    0.879783  0.00274918
        2195    0.875222    0.879781  0.00274793
        2196    0.874863    0.879779  0.00274668
        2197    0.874431    0.879777  0.00274543
        2198    0.873926    0.879774  0.00274419
        2199    0.873354    0.879771  0.00274294
        2200    0.872718    0.879768  0.00274169
        2201    0.872022    0.879764  0.00274045
        2202    0.871269    0.879761  0.00273921
        2203    0.870464    0.879756  0.00273797
        2204    0.869609    0.879752  0.00273673
        2205    0.868708    0.879747  0.00273549
        2206    0.867765    0.879741  0.00273426
        2207    0.866784    0.879735  0.00273303
        2208     0.86577    0.879729   0.0027318
        2209    0.864723    0.879722  0.00273057
        2210    0.863646    0.879715  0.00272934
        2211    0.862542    0.879707  0.00272812
        2212    0.861414    0.879699   0.0027269
        2213    0.860265     0.87969  0.00272568
        2214    0.859096    0.879681  0.00272446
        2215     0.85791    0.879671  0.00272325
        2216    0.856708    0.879661  0.00272204
        2217    0.855494     0.87965  0.00272084
        2218    0.854267    0.879638  0.00271963
        2219    0.853032    0.879626  0.00271844
        2220    0.851788    0.879614  0.00271724
        2221    0.850537    0.879601  0.00271605
        2222     0.84928    0.879587  0.00271486
        2223    0.848019    0.879573  0.00271368
        2224    0.846752    0.879558   0.0027125
        2225    0.845482    0.879543  0.00271132
        2226    0.844209    0.879527  0.00271015
        2227    0.842933     0.87951  0.00270898
        2228    0.841654    0.879493  0.00270782
        2229    0.840374    0.879476  0.00270666
        2230    0.839092    0.879458  0.00270551
        2231     0.83781    0.879439  0.00270436
        2232    0.836527     0.87942  0.00270322
        2233    0.835244      0.8794  0.00270208
        2234    0.833961     0.87938  0.00270094
        2235    0.832679    0.879359  0.00269982
        2236    0.831399    0.879337   0.0026987
        2237    0.830121    0.879315  0.00269758
        2238    0.828846    0.879293  0.00269647
        2239    0.827574     0.87927  0.00269536
        2240    0.826307    0.879246  0.00269426
        2241    0.825046    0.879222  0.00269317
        2242    0.823793    0.879197  0.00269208
        2243    0.822551    0.879172    0.002691
        2244     0.82132    0.879146  0.00268992
        2245    0.820103     0.87912  0.00268885
        2246    0.818904    0.879093  0.00268779
        2247    0.817726    0.879066  0.00268673
        2248     0.81657    0.879038  0.00268568
        2249    0.815441     0.87901  0.00268464
        2250    0.814344    0.878981   0.0026836
        2251    0.813282    0.878952  0.00268256
        2252     0.81226    0.878922  0.00268154
        2253    0.811282    0.878892  0.00268051
        2254    0.810353    0.878862   0.0026795
        2255    0.809479    0.878831  0.00267849
        2256    0.808663      0.8788  0.00267748
        2257    0.807913    0.878768  0.00267648
        2258    0.807233    0.878737  0.00267548
        2259    0.806627    0.878705  0.00267448
        2260    0.806101    0.878673  0.00267349
        2261    0.805658     0.87864  0.00267251
        2262    0.805303    0.878608  0.00267152
        2263     0.80504    0.878576  0.00267054
        2264    0.804871    0.878543  0.00266956
        2265      0.8048     0.87851  0.00266858
        2266    0.804826    0.878478   0.0026676
        2267    0.804952    0.878445  0.00266662
        2268    0.805175    0.878413  0.00266564
        2269    0.805495    0.878381  0.00266466
        2270    0.805909    0.878349  0.00266368
        2271    0.806414    0.878317  0.00266269
        2272    0.807007    0.878286   0.0026617
        2273    0.807682    0.878255  0.00266071
        2274    0.808432    0.878224  0.00265972
        2275    0.809252    0.878194  0.00265872
        2276    0.810133    0.878164  0.00265772
        2277    0.811067    0.878135  0.00265672
        2278    0.812047    0.878106  0.00265571
        2279    0.813063    0.878077   0.0026547
        2280    0.814104    0.878049  0.00265368
        2281    0.815163    0.878021  0.00265266
        2282    0.816229    0.877994  0.00265164
        2283    0.817293    0.877968  0.00265061
        2284    0.818343    0.877942  0.00264958
        2285     0.81937    0.877916  0.00264854
        2286    0.820364    0.877891  0.00264751
        2287    0.821316    0.877866  0.00264646
        2288    0.822217    0.877842  0.00264542
        2289     0.82306    0.877818  0.00264437
        2290    0.823836    0.877794  0.00264332
        2291    0.824541    0.877771  0.00264227
        2292    0.825169    0.877748  0.00264122
        2293    0.825712    0.877725  0.00264016
        2294    0.826166    0.877703  0.00263911
        2295    0.826525    0.877681  0.00263805
        2296    0.826785    0.877658    0.002637
        2297    0.826944    0.877636  0.00263594
        2298    0.826999    0.877614  0.00263489
        2299    0.826948    0.877592  0.00263383
        2300    0.826791     0.87757  0.00263278
        2301    0.826527    0.877548  0.00263173
        2302    0.826156    0.877526  0.00263068
        2303    0.825677    0.877503  0.00262963
        2304     0.82509     0.87748  0.00262859
        2305    0.824399    0.877457  0.00262755
        2306    0.823606    0.877434  0.00262652
        2307     0.82271     0.87741  0.00262548
        2308    0.821716    0.877386  0.00262446
        2309    0.820627    0.877362  0.00262344
        2310    0.819444    0.877337  0.00262242
        2311     0.81817    0.877311  0.00262141
        2312    0.816809    0.877285  0.00262041
        2313    0.815366    0.877258  0.00261941
        2314    0.813845    0.877231  0.00261842
        2315     0.81225    0.877203  0.00261744
        2316    0.810586    0.877174  0.00261647
        2317    0.808857    0.877144  0.00261551
        2318    0.807067    0.877114  0.00261455
        2319    0.805221    0.877083  0.00261361
        2320    0.803325    0.877051  0.00261268
        2321    0.801386    0.877019  0.00261175
        2322    0.799407    0.876985  0.00261084
        2323    0.797394    0.876951  0.00260994
        2324    0.795352    0.876916  0.00260906
        2325    0.793289     0.87688  0.00260818
        2326    0.791211    0.876843  0.00260732
        2327    0.789125    0.876805  0.00260647
        2328    0.787036    0.876767  0.00260564
        2329    0.784947    0.876727  0.00260482
        2330    0.782867    0.876687  0.00260401
        2331    0.780801    0.876646  0.00260322
        2332    0.778755    0.876604  0.00260244
        2333    0.776735    0.876561  0.00260168
        2334     0.77475    0.876518  0.00260093
        2335    0.772805    0.876473  0.00260019
        2336    0.770906    0.876428  0.00259947
        2337    0.769059    0.876382  0.00259877
        2338    0.767269    0.876335  0.00259808
        2339    0.765541    0.876288   0.0025974
        2340    0.763885     0.87624  0.00259673
        2341    0.762303    0.876191  0.00259608
        2342    0.760802    0.876142  0.00259544
        2343    0.759383    0.876092  0.00259481
        2344    0.758053    0.876042  0.00259419
        2345    0.756813    0.875991  0.00259358
        2346    0.755669     0.87594  0.00259298
        2347    0.754625    0.875888  0.00259239
        2348    0.753683    0.875836  0.00259181
        2349    0.752847    0.875784  0.00259124
        2350    0.752118    0.875731  0.00259067
        2351    0.751499    0.875678   0.0025901
        2352    0.750991    0.875625  0.00258955
        2353    0.750595    0.875572  0.00258899
        2354    0.750313    0.875519  0.00258844
        2355    0.750146    0.875465  0.00258789
        2356    0.750092    0.875412  0.00258733
        2357    0.750154    0.875359  0.00258678
        2358    0.750329    0.875306  0.00258623
        2359    0.750617    0.875253  0.00258567
        2360    0.751018    0.875201  0.00258511
        2361     0.75153    0.875148  0.00258455
        2362     0.75215    0.875096  0.00258398
        2363    0.752877    0.875044   0.0025834
        2364    0.753707    0.874993  0.00258282
        2365    0.754638    0.874942  0.00258223
        2366    0.755667    0.874892  0.00258163
        2367     0.75679    0.874842  0.00258102
        2368    0.758002    0.874793   0.0025804
        2369      0.7593    0.874744  0.00257977
        2370    0.760679    0.874696  0.00257913
        2371    0.762134    0.874648  0.00257848
        2372     0.76366    0.874601  0.00257782
        2373    0.765251    0.874555  0.00257715
        2374    0.766902     0.87451  0.00257646
        2375    0.768607    0.874465  0.00257576
        2376    0.770359    0.874422  0.00257505
        2377    0.772153    0.874379  0.00257433
        2378    0.773982    0.874336  0.00257359
        2379    0.775839    0.874295  0.00257284
        2380    0.777717    0.874254  0.00257208
        2381    0.779611    0.874215  0.00257131
        2382    0.781513    0.874176  0.00257052
        2383    0.783418    0.874138  0.00256972
        2384    0.785319      0.8741  0.00256892
        2385    0.787212    0.874064   0.0025681
        2386    0.789092    0.874028  0.00256727
        2387    0.790955    0.873994  0.00256643
        2388    0.792795    0.873959  0.00256558
        2389     0.79461    0.873926  0.00256472
        2390    0.796397    0.873894  0.00256385
        2391    0.798151    0.873862  0.00256298
        2392     0.79987    0.873831  0.00256209
        2393    0.801553    0.873801   0.0025612
        2394    0.803197    0.873772   0.0025603
        2395    0.804801    0.873743  0.00255939
        2396    0.806366    0.873715  0.00255848
        2397    0.807891    0.873687  0.00255756
        2398    0.809376     0.87366  0.00255663
        2399    0.810823    0.873634   0.0025557
        2400    0.812231    0.873609  0.00255476
        2401    0.813604    0.873584  0.00255382
        2402    0.814943    0.873559  0.00255287
        2403    0.816249    0.873535  0.00255192
        2404    0.817525    0.873512  0.00255097
        2405    0.818774    0.873489  0.00255001
        2406    0.819997    0.873467  0.00254905
        2407      0.8212    0.873445  0.00254808
        2408    0.822382    0.873424  0.00254711
        2409    0.823548    0.873403  0.00254614
        2410    0.824699    0.873383  0.00254516
        2411    0.825839    0.873363  0.00254418
        2412    0.826969    0.873344   0.0025432
        2413    0.828092    0.873325  0.00254221
        2414    0.829209    0.873307  0.00254123
        2415    0.830322    0.873289  0.00254024
        2416    0.831434    0.873272  0.00253924
        2417    0.832544    0.873255  0.00253825
        2418    0.833655    0.873239  0.00253725
        2419    0.834767    0.873223  0.00253625
        2420    0.835881    0.873208  0.00253525
        2421    0.836998    0.873193  0.00253425
        2422    0.838119    0.873178  0.00253324
        2423    0.839241    0.873164  0.00253224
        2424    0.840364    0.873151  0.00253123
        2425    0.841487    0.873137  0.00253022
        2426    0.842608    0.873125  0.00252921
        2427    0.843727    0.873113  0.00252819
        2428    0.844843    0.873101  0.00252718
        2429    0.845954     0.87309  0.00252616
        2430    0.847057    0.873079  0.00252515
        2431     0.84815    0.873069  0.00252413
        2432    0.849231    0.873059  0.00252311
        2433    0.850298     0.87305  0.00252209
        2434     0.85135    0.873041  0.00252107
        2435    0.852383    0.873032  0.00252005
        2436    0.853396    0.873024  0.00251903
        2437    0.854389    0.873017  0.00251801
        2438    0.855358    0.873009  0.00251698
        2439    0.856302    0.873003  0.00251596
        2440    0.857221    0.872996  0.00251494
        2441    0.858113     0.87299  0.00251392
        2442    0.858975    0.872984  0.00251289
        2443    0.859806    0.872979  0.00251187
        2444    0.860606    0.872974  0.00251085
        2445    0.861373    0.872969  0.00250982
        2446    0.862106    0.872965   0.0025088
        2447    0.862807    0.872961  0.00250778
        2448    0.863472    0.872957  0.00250676
        2449    0.864101    0.872953  0.00250574
        2450    0.864695     0.87295  0.00250472
        2451    0.865251    0.872947   0.0025037
        2452     0.86577    0.872944  0.00250268
        2453    0.866251    0.872941  0.00250166
        2454    0.866693    0.872938  0.00250064
        2455    0.867096    0.872936  0.00249962
        2456    0.867458    0.872934  0.00249861
        2457    0.867779    0.872932  0.00249759
        2458    0.868058     0.87293  0.00249658
        2459    0.868296    0.872928  0.00249556
        2460    0.868491    0.872926  0.00249455
        2461    0.868643    0.872924  0.00249353
        2462     0.86875    0.872923  0.00249252
        2463    0.868812    0.872921  0.00249151
        2464    0.868831    0.872919   0.0024905
        2465    0.868804    0.872918  0.00248949
        2466     0.86873    0.872916  0.00248848
        2467    0.868607    0.872914  0.00248747
        2468    0.868436    0.872912  0.00248647
        2469    0.868216     0.87291  0.00248546
        2470    0.867947    0.872908  0.00248445
        2471    0.867629    0.872906  0.00248345
        2472    0.867263    0.872904  0.00248245
        2473    0.866847    0.872901  0.00248144
        2474    0.866383    0.872899  0.00248044
        2475    0.865871    0.872896  0.00247944
        2476     0.86531    0.872893  0.00247844
        2477    0.864702     0.87289  0.00247744
        2478     0.86405    0.872886  0.00247645
        2479    0.863355    0.872882  0.00247545
        2480    0.862621    0.872878  0.00247446
        2481     0.86185    0.872874  0.00247346
        2482    0.861045    0.872869  0.00247247
        2483    0.860209    0.872864  0.00247148
        2484    0.859346    0.872858  0.00247049
        2485    0.858461    0.872853   0.0024695
        2486    0.857559    0.872846  0.00246852
        2487    0.856644     0.87284  0.00246753
        2488    0.855723    0.872833  0.00246655
        2489    0.854799    0.872826  0.00246557
        2490    0.853879    0.872818  0.00246459
        2491    0.852968     0.87281  0.00246362
        2492    0.852072    0.872802  0.00246264
        2493    0.851195    0.872793  0.00246167
        2494    0.850345    0.872784   0.0024607
        2495    0.849523    0.872775  0.00245973
        2496    0.848735    0.872765  0.00245876
        2497    0.847982    0.872755   0.0024578
        2498     0.84727    0.872745  0.00245684
        2499    0.846601    0.872735  0.00245588
        2500    0.845974    0.872724  0.00245492
        2501    0.845391    0.872713  0.00245396
        2502    0.844853    0.872702    0.002453
        2503    0.844359    0.872691  0.00245205
        2504    0.843909    0.872679   0.0024511
        2505    0.843499    0.872667  0.00245015
        2506    0.843128    0.872656   0.0024492
        2507    0.842792    0.872644  0.00244825
        2508    0.842488    0.872632   0.0024473
        2509     0.84221     0.87262  0.00244636
        2510    0.841953    0.872607  0.00244541
        2511    0.841713    0.872595  0.00244447
        2512    0.841483    0.872583  0.00244353
        2513    0.841259     0.87257  0.00244259
        2514    0.841035    0.872558  0.00244165
        2515    0.840804    0.872545  0.00244071
        2516    0.840563    0.872532  0.00243977
        2517    0.840306    0.872519  0.00243884
        2518     0.84003    0.872507   0.0024379
        2519     0.83973    0.872494  0.00243697
        2520    0.839403     0.87248  0.00243604
        2521    0.839046    0.872467  0.00243511
        2522    0.838655    0.872454  0.00243418
        2523    0.838229     0.87244  0.00243325
        2524    0.837769    0.872426  0.00243233
        2525    0.837275    0.872413   0.0024314
        2526    0.836745    0.872398  0.00243048
        2527     0.83618    0.872384  0.00242956
        2528    0.835583     0.87237  0.00242865
        2529    0.834954    0.872355  0.00242773
        2530    0.834299     0.87234  0.00242682
        2531     0.83362    0.872324  0.00242591
        2532    0.832922    0.872309    0.002425
        2533    0.832209    0.872293  0.00242409
        2534    0.831486    0.872277  0.00242319
        2535    0.830758    0.872261  0.00242229
        2536     0.83003    0.872244  0.00242139
        2537    0.829308    0.872227   0.0024205
        2538    0.828598     0.87221   0.0024196
        2539    0.827906    0.872192  0.00241871
        2540    0.827238    0.872175  0.00241783
        2541    0.826599    0.872157  0.00241694
        2542    0.825995    0.872139  0.00241606
        2543    0.825432     0.87212  0.00241518
        2544    0.824916    0.872102   0.0024143
        2545    0.824449    0.872083  0.00241342
        2546    0.824037    0.872064  0.00241255
        2547    0.823682    0.872045  0.00241168
        2548    0.823391    0.872026  0.00241081
        2549    0.823165    0.872007  0.00240994
        2550    0.823007    0.871988  0.00240907
        2551    0.822918    0.871968   0.0024082
        2552    0.822898    0.871949  0.00240733
        2553     0.82295     0.87193  0.00240647
        2554    0.823074    0.871911   0.0024056
        2555    0.823271    0.871892  0.00240473
        2556    0.823539    0.871873  0.00240387
        2557    0.823878    0.871854    0.002403
        2558    0.824288    0.871835  0.00240213
        2559    0.824768    0.871817  0.00240127
        2560    0.825315    0.871799   0.0024004
        2561    0.825927    0.871781  0.00239953
        2562    0.826604    0.871763  0.00239865
        2563    0.827342    0.871746  0.00239778
        2564     0.82814    0.871729  0.00239691
        2565    0.828994    0.871712  0.00239603
        2566    0.829902    0.871696  0.00239515
        2567    0.830859     0.87168  0.00239427
        2568    0.831863    0.871665  0.00239339
        2569    0.832912     0.87165   0.0023925
        2570    0.834002    0.871635  0.00239162
        2571    0.835128    0.871621  0.00239073
        2572    0.836288    0.871607  0.00238984
        2573    0.837479    0.871594  0.00238895
        2574    0.838697    0.871581  0.00238805
        2575    0.839937    0.871569  0.00238716
        2576    0.841197    0.871557  0.00238626
        2577    0.842473    0.871546  0.00238536
        2578    0.843763    0.871535  0.00238446
        2579    0.845063    0.871525  0.00238356
        2580    0.846372    0.871515  0.00238265
        2581    0.847686    0.871506  0.00238175
        2582    0.849004    0.871497  0.00238084
        2583    0.850321    0.871489  0.00237993
        2584    0.851637    0.871481  0.00237903
        2585     0.85295    0.871474  0.00237812
        2586    0.854255    0.871467  0.00237721
        2587    0.855552    0.871461   0.0023763
        2588    0.856838    0.871455  0.00237538
        2589    0.858112     0.87145  0.00237447
        2590     0.85937    0.871445  0.00237356
        2591    0.860611    0.871441  0.00237265
        2592    0.861831    0.871438  0.00237174
        2593     0.86303    0.871434  0.00237082
        2594    0.864204    0.871432  0.00236991
        2595     0.86535    0.871429    0.002369
        2596    0.866466    0.871427  0.00236809
        2597    0.867547    0.871426  0.00236717
        2598    0.868591    0.871425  0.00236626
        2599    0.869593    0.871424  0.00236535
        2600    0.870548    0.871424  0.00236444
        2601    0.871455    0.871424  0.00236353
        2602    0.872311    0.871424  0.00236263
        2603     0.87311    0.871425  0.00236172
        2604    0.873851    0.871426  0.00236081
        2605    0.874531    0.871427  0.00235991
        2606    0.875148    0.871428    0.002359
        2607    0.875697     0.87143   0.0023581
        2608    0.876178    0.871432  0.00235719
        2609    0.876587    0.871434  0.00235629
        2610    0.876923    0.871436  0.00235539
        2611    0.877184    0.871438  0.00235449
        2612    0.877369     0.87144  0.00235359
        2613    0.877477    0.871443  0.00235269
        2614    0.877509    0.871445  0.00235179
        2615    0.877463    0.871447  0.00235089
        2616    0.877342    0.871449  0.00234999
        2617    0.877146    0.871452   0.0023491
        2618    0.876877    0.871454   0.0023482
        2619    0.876536    0.871456   0.0023473
        2620    0.876127    0.871457  0.00234641
        2621    0.875652    0.871459  0.00234551
        2622    0.875114     0.87146  0.00234462
        2623    0.874516    0.871462  0.00234373
        2624     0.87386    0.871462  0.00234283
        2625     0.87315    0.871463  0.00234194
        2626    0.872389    0.871463  0.00234105
        2627    0.871583    0.871464  0.00234016
        2628    0.870733    0.871463  0.00233927
        2629    0.869842    0.871463  0.00233838
        2630    0.868915    0.871462  0.00233749
        2631    0.867954     0.87146   0.0023366
        2632    0.866964    0.871459  0.00233571
        2633    0.865949    0.871457  0.00233483
        2634    0.864911    0.871454  0.00233394
        2635    0.863852    0.871451  0.00233306
        2636    0.862776    0.871448  0.00233218
        2637    0.861688    0.871444  0.00233129
        2638    0.860589     0.87144  0.00233041
        2639    0.859482    0.871436  0.00232954
        2640     0.85837    0.871431  0.00232866
        2641    0.857256    0.871425  0.00232778
        2642     0.85614    0.871419  0.00232691
        2643    0.855025    0.871413  0.00232604
        2644    0.853915    0.871407  0.00232517
        2645    0.852811      0.8714   0.0023243
        2646    0.851716    0.871392  0.00232343
        2647     0.85063    0.871384  0.00232257
        2648    0.849556    0.871376   0.0023217
        2649    0.848496    0.871367  0.00232084
        2650     0.84745    0.871358  0.00231999
        2651    0.846419    0.871349  0.00231913
        2652    0.845405    0.871339  0.00231828
        2653    0.844409    0.871329  0.00231742
        2654    0.843431    0.871319  0.00231658
        2655    0.842472    0.871308  0.00231573
        2656    0.841533    0.871296  0.00231488
        2657    0.840615    0.871285  0.00231404
        2658     0.83972    0.871273   0.0023132
        2659    0.838846    0.871261  0.00231236
        2660    0.837994    0.871248  0.00231153
        2661    0.837167    0.871236  0.00231069
        2662    0.836363    0.871222  0.00230986
        2663    0.835585    0.871209  0.00230903
        2664    0.834832    0.871195  0.00230821
        2665    0.834104    0.871181  0.00230738
        2666    0.833402    0.871167  0.00230656
        2667    0.832728    0.871153  0.00230574
        2668    0.832082    0.871138  0.00230492
        2669    0.831465    0.871123  0.00230411
        2670     0.83088    0.871108   0.0023033
        2671    0.830326    0.871093  0.00230248
        2672    0.829805    0.871078  0.00230167
        2673    0.829316    0.871062  0.00230087
        2674    0.828863    0.871046  0.00230006
        2675    0.828444     0.87103  0.00229925
        2676    0.828062    0.871014  0.00229845
        2677    0.827716    0.870998  0.00229765
        2678    0.827407    0.870982  0.00229685
        2679    0.827135    0.870965  0.00229605
        2680    0.826901    0.870949  0.00229525
        2681    0.826701    0.870932  0.00229446
        2682    0.826537    0.870916  0.00229366
        2683    0.826406    0.870899  0.00229287
        2684    0.826306    0.870883  0.00229207
        2685    0.826236    0.870866  0.00229128
        2686    0.826192    0.870849  0.00229049
        2687    0.826171    0.870833  0.00228969
        2688    0.826169    0.870816   0.0022889
        2689    0.826183      0.8708  0.00228811
        2690    0.826209    0.870783  0.00228732
        2691    0.826242    0.870766  0.00228653
        2692     0.82628     0.87075  0.00228574
        2693    0.826319    0.870733  0.00228495
        2694    0.826354    0.870717  0.00228416
        2695    0.826385      0.8707  0.00228337
        2696    0.826407    0.870684  0.00228259
        2697    0.826419    0.870668   0.0022818
        2698    0.826418    0.870651  0.00228101
        2699    0.826405    0.870635  0.00228023
        2700    0.826379    0.870618  0.00227944
        2701    0.826342    0.870602  0.00227865
        2702    0.826295    0.870586  0.00227787
        2703    0.826237    0.870569  0.00227709
        2704    0.826171    0.870553   0.0022763
        2705    0.826099    0.870536  0.00227552
        2706    0.826025     0.87052  0.00227474
        2707    0.825952    0.870503  0.00227396
        2708    0.825883    0.870487  0.00227318
        2709    0.825823    0.870471   0.0022724
        2710    0.825776    0.870454  0.00227162
        2711    0.825744    0.870438  0.00227084
        2712    0.825732    0.870421  0.00227007
        2713     0.82574    0.870405  0.00226929
        2714    0.825772    0.870388  0.00226851
        2715    0.825827    0.870372  0.00226774
        2716    0.825907    0.870355  0.00226696
        2717     0.82601    0.870339  0.00226618
        2718    0.826136    0.870323  0.00226541
        2719    0.826282    0.870307  0.00226463
        2720    0.826444     0.87029  0.00226386
        2721    0.826618    0.870274  0.00226308
        2722    0.826799    0.870258  0.00226231
        2723    0.826981    0.870243  0.00226153
        2724    0.827158    0.870227  0.00226076
        2725    0.827324    0.870211  0.00225998
        2726    0.827474    0.870195  0.00225921
        2727      0.8276     0.87018  0.00225844
        2728    0.827696    0.870164  0.00225766
        2729    0.827756    0.870149  0.00225689
        2730    0.827774    0.870133  0.00225611
        2731    0.827747    0.870118  0.00225534
        2732    0.827671    0.870102  0.00225457
        2733    0.827545    0.870086   0.0022538
        2734    0.827367    0.870071  0.00225303
        2735    0.827137    0.870055  0.00225226
        2736    0.826856    0.870039  0.00225149
        2737    0.826526    0.870023  0.00225072
        2738    0.826151    0.870007  0.00224996
        2739    0.825736    0.869991   0.0022492
        2740    0.825285    0.869975  0.00224843
        2741    0.824804    0.869958  0.00224767
        2742    0.824302    0.869942  0.00224692
        2743    0.823785    0.869925  0.00224616
        2744    0.823262    0.869908  0.00224541
        2745    0.822741    0.869891  0.00224465
        2746    0.822231    0.869873   0.0022439
        2747    0.821741    0.869856  0.00224315
        2748     0.82128    0.869838  0.00224241
        2749    0.820855     0.86982  0.00224166
        2750    0.820475    0.869802  0.00224092
        2751    0.820145    0.869784  0.00224018
        2752    0.819874    0.869766  0.00223944
        2753    0.819667    0.869748   0.0022387
        2754    0.819528     0.86973  0.00223796
        2755    0.819462    0.869712  0.00223722
        2756    0.819472    0.869693  0.00223648
        2757    0.819561    0.869675  0.00223575
        2758    0.819729    0.869657  0.00223501
        2759    0.819974    0.869639  0.00223427
        2760    0.820295    0.869621  0.00223353
        2761    0.820691    0.869603   0.0022328
        2762    0.821159    0.869586  0.00223206
        2763    0.821692    0.869569  0.00223132
        2764    0.822286    0.869551  0.00223057
        2765    0.822936    0.869535  0.00222983
        2766    0.823635    0.869518  0.00222909
        2767    0.824377    0.869502  0.00222834
        2768    0.825154    0.869486  0.00222759
        2769    0.825957     0.86947  0.00222684
        2770    0.826779    0.869455  0.00222609
        2771     0.82761    0.869439  0.00222534
        2772    0.828445    0.869425  0.00222459
        2773    0.829276     0.86941  0.00222383
        2774    0.830094    0.869396  0.00222308
        2775    0.830892    0.869382  0.00222232
        2776    0.831664    0.869369  0.00222156
        2777    0.832402    0.869355   0.0022208
        2778    0.833101    0.869342  0.00222004
        2779    0.833754    0.869329  0.00221928
        2780    0.834356    0.869317  0.00221851
        2781    0.834902    0.869304  0.00221775
        2782    0.835386    0.869292  0.00221699
        2783    0.835806     0.86928  0.00221622
        2784    0.836159    0.869268  0.00221546
        2785    0.836442    0.869256  0.00221469
        2786    0.836651    0.869245  0.00221393
        2787    0.836786    0.869233  0.00221317
        2788    0.836846    0.869222   0.0022124
        2789     0.83683     0.86921  0.00221164
        2790    0.836737    0.869198  0.00221088
        2791    0.836568    0.869187  0.00221012
        2792    0.836324    0.869175  0.00220936
        2793    0.836005    0.869163   0.0022086
        2794    0.835611    0.869151  0.00220784
        2795    0.835143    0.869139  0.00220708
        2796    0.834605    0.869126  0.00220633
        2797    0.833997    0.869114  0.00220558
        2798    0.833322    0.869101  0.00220482
        2799    0.832584    0.869088  0.00220407
        2800    0.831787    0.869075  0.00220333
        2801    0.830932    0.869061  0.00220258
        2802    0.830024    0.869047  0.00220184
        2803    0.829067    0.869033   0.0022011
        2804    0.828064    0.869018  0.00220037
        2805    0.827021    0.869003  0.00219963
        2806    0.825941    0.868988   0.0021989
        2807    0.824829    0.868972  0.00219817
        2808    0.823689    0.868956  0.00219745
        2809    0.822524     0.86894  0.00219673
        2810    0.821341    0.868923  0.00219601
        2811    0.820143    0.868905   0.0021953
        2812    0.818935    0.868888  0.00219459
        2813    0.817723    0.868869  0.00219389
        2814    0.816511    0.868851  0.00219319
        2815    0.815302    0.868832  0.00219249
        2816    0.814101    0.868812   0.0021918
        2817    0.812912    0.868792  0.00219111
        2818    0.811739    0.868772  0.00219043
        2819    0.810586    0.868752  0.00218975
        2820    0.809457     0.86873  0.00218907
        2821    0.808356    0.868709   0.0021884
        2822    0.807283    0.868687  0.00218773
        2823    0.806242    0.868665  0.00218707
        2824    0.805233    0.868643  0.00218641
        2825    0.804259     0.86862  0.00218575
        2826    0.803322    0.868597   0.0021851
        2827    0.802422    0.868573  0.00218446
        2828    0.801558     0.86855  0.00218381
        2829     0.80073    0.868526  0.00218317
        2830    0.799937    0.868502  0.00218253
        2831    0.799178    0.868477   0.0021819
        2832    0.798454    0.868452  0.00218127
        2833    0.797759    0.868427  0.00218064
        2834    0.797092    0.868402  0.00218002
        2835     0.79645    0.868377   0.0021794
        2836    0.795828    0.868351  0.00217878
        2837    0.795224    0.868325  0.00217816
        2838    0.794633    0.868299  0.00217755
        2839     0.79405    0.868273  0.00217694
        2840    0.793471    0.868247  0.00217633
        2841    0.792892     0.86822  0.00217573
        2842    0.792307    0.868194  0.00217513
        2843    0.791712    0.868167  0.00217453
        2844    0.791103     0.86814  0.00217393
        2845    0.790475    0.868112  0.00217334
        2846    0.789822    0.868085  0.00217275
        2847    0.789142    0.868057  0.00217217
        2848    0.788429    0.868029  0.00217158
        2849     0.78768    0.868001    0.002171
        2850    0.786891    0.867973  0.00217043
        2851    0.786059    0.867944  0.00216986
        2852    0.785181    0.867915  0.00216929
        2853    0.784257    0.867886  0.00216873
        2854    0.783284    0.867856  0.00216817
        2855    0.782261    0.867826  0.00216762
        2856    0.781188    0.867796  0.00216707
        2857    0.780067    0.867765  0.00216653
        2858    0.778898    0.867734    0.002166
        2859    0.777684    0.867702  0.00216547
        2860    0.776428     0.86767  0.00216495
        2861    0.775131    0.867638  0.00216443
        2862    0.773796    0.867605  0.00216392
        2863    0.772428    0.867572  0.00216342
        2864    0.771033    0.867538  0.00216293
        2865    0.769613    0.867504  0.00216244
        2866    0.768175    0.867469  0.00216197
        2867    0.766724    0.867434   0.0021615
        2868    0.765267    0.867399  0.00216104
        2869    0.763809    0.867363  0.00216059
        2870    0.762357    0.867326  0.00216014
        2871    0.760917    0.867289  0.00215971
        2872    0.759498    0.867251  0.00215928
        2873    0.758107    0.867213  0.00215887
        2874     0.75675    0.867175  0.00215846
        2875    0.755434    0.867136  0.00215806
        2876    0.754166    0.867097  0.00215766
        2877    0.752953    0.867057  0.00215728
        2878    0.751803    0.867017   0.0021569
        2879    0.750724    0.866977  0.00215653
        2880     0.74972    0.866936  0.00215616
        2881      0.7488    0.866895  0.00215581
        2882    0.747967    0.866854  0.00215545
        2883    0.747227    0.866812  0.00215511
        2884    0.746585    0.866771  0.00215476
        2885    0.746047    0.866729  0.00215442
        2886    0.745615    0.866687  0.00215408
        2887    0.745294    0.866645  0.00215375
        2888    0.745087    0.866603  0.00215341
        2889    0.744995     0.86656  0.00215308
        2890    0.745021    0.866518  0.00215274
        2891    0.745164    0.866476  0.00215241
        2892    0.745425    0.866435  0.00215207
        2893    0.745803    0.866393  0.00215173
        2894    0.746296    0.866351  0.00215139
        2895    0.746901     0.86631  0.00215104
        2896    0.747617    0.866269  0.00215069
        2897    0.748436    0.866228  0.00215033
        2898    0.749356    0.866188  0.00214997
        2899     0.75037    0.866148   0.0021496
        2900    0.751472    0.866109  0.00214922
        2901    0.752656     0.86607  0.00214883
        2902    0.753916    0.866031  0.00214844
        2903    0.755244    0.865993  0.00214804
        2904     0.75663    0.865955  0.00214763
        2905    0.758067    0.865918  0.00214721
        2906    0.759546    0.865881  0.00214678
        2907    0.761058    0.865845  0.00214635
        2908    0.762595     0.86581   0.0021459
        2909    0.764148    0.865775  0.00214545
        2910     0.76571     0.86574  0.00214499
        2911     0.76727    0.865707  0.00214452
        2912    0.768822    0.865673  0.00214404
        2913    0.770358    0.865641  0.00214355
        2914     0.77187    0.865608  0.00214306
        2915    0.773351    0.865577  0.00214256
        2916    0.774794    0.865546  0.00214205
        2917    0.776193    0.865515  0.00214154
        2918    0.777543    0.865485  0.00214101
        2919    0.778838    0.865455  0.00214049
        2920    0.780072    0.865426  0.00213995
        2921     0.78124    0.865397  0.00213941
        2922    0.782341    0.865369  0.00213887
        2923    0.783371    0.865341  0.00213832
        2924    0.784328    0.865313  0.00213777
        2925    0.785209    0.865286  0.00213722
        2926    0.786013    0.865258  0.00213666
        2927    0.786737    0.865232   0.0021361
        2928    0.787383    0.865205  0.00213553
        2929    0.787951    0.865179  0.00213496
        2930    0.788441    0.865152   0.0021344
        2931    0.788854    0.865126  0.00213383
        2932    0.789191    0.865101  0.00213326
        2933    0.789457    0.865075  0.00213269
        2934    0.789653    0.865049  0.00213211
        2935    0.789782    0.865023  0.00213154
        2936    0.789849    0.864998  0.00213097
        2937    0.789856    0.864972   0.0021304
        2938     0.78981    0.864947  0.00212983
        2939    0.789716    0.864921  0.00212925
        2940     0.78958    0.864895  0.00212868
        2941    0.789406     0.86487  0.00212812
        2942      0.7892    0.864844  0.00212755
        2943    0.788967    0.864818  0.00212698
        2944    0.788714    0.864792  0.00212642
        2945    0.788448    0.864766  0.00212585
        2946    0.788173     0.86474  0.00212529
        2947    0.787899    0.864714  0.00212473
        2948     0.78763    0.864688  0.00212417
        2949    0.787374    0.864662  0.00212361
        2950    0.787134    0.864636  0.00212305
        2951    0.786915    0.864609   0.0021225
        2952    0.786722    0.864583  0.00212194
        2953     0.78656    0.864557  0.00212139
        2954    0.786432     0.86453  0.00212083
        2955    0.786341    0.864504  0.00212028
        2956     0.78629    0.864477  0.00211973
        2957     0.78628    0.864451  0.00211918
        2958    0.786314    0.864424  0.00211862
        2959    0.786391    0.864398  0.00211807
        2960    0.786511    0.864372  0.00211752
        2961    0.786675    0.864345  0.00211697
        2962    0.786881    0.864319  0.00211642
        2963    0.787127    0.864293  0.00211586
        2964    0.787413    0.864267  0.00211531
        2965    0.787737    0.864242  0.00211475
        2966    0.788096    0.864216  0.00211419
        2967    0.788489     0.86419  0.00211363
        2968    0.788915    0.864165  0.00211307
        2969    0.789369     0.86414  0.00211251
        2970    0.789851    0.864115  0.00211195
        2971    0.790358     0.86409  0.00211138
        2972    0.790888    0.864065  0.00211082
        2973    0.791439    0.864041  0.00211025
        2974    0.792009    0.864017  0.00210968
        2975    0.792599    0.863993  0.00210911
        2976    0.793205    0.863969  0.00210853
        2977    0.793827    0.863945  0.00210796
        2978    0.794464    0.863922  0.00210738
        2979    0.795113    0.863899   0.0021068
        2980    0.795774    0.863876  0.00210621
        2981    0.796445    0.863853  0.00210563
        2982    0.797125    0.863831  0.00210504
        2983    0.797812    0.863809  0.00210445
        2984    0.798505    0.863787  0.00210386
        2985    0.799202    0.863765  0.00210327
        2986      0.7999    0.863744  0.00210267
        2987    0.800599    0.863723  0.00210207
        2988    0.801294    0.863702  0.00210147
        2989    0.801983    0.863681  0.00210087
        2990    0.802661    0.863661  0.00210027
        2991    0.803327    0.863641  0.00209966
        2992    0.803977    0.863621  0.00209906
        2993    0.804606    0.863601  0.00209845
        2994    0.805213    0.863582  0.00209784
        2995    0.805793    0.863562  0.00209722
        2996    0.806343    0.863543  0.00209661
        2997    0.806859    0.863524    0.002096
        2998    0.807337    0.863505  0.00209538
        2999    0.807777    0.863487  0.00209477
        3000    0.808173    0.863468  0.00209415
        3001    0.808525     0.86345  0.00209353
        3002    0.808828    0.863432  0.00209291
        3003    0.809082    0.863414  0.00209229
        3004    0.809284    0.863396  0.00209168
        3005    0.809434    0.863378  0.00209106
        3006     0.80953     0.86336  0.00209044
        3007    0.809571    0.863342  0.00208982
        3008    0.809556    0.863324   0.0020892
        3009    0.809485    0.863306  0.00208858
        3010    0.809357    0.863288  0.00208797
        3011    0.809174     0.86327  0.00208735
        3012    0.808936    0.863252  0.00208673
        3013    0.808643    0.863234  0.00208612
        3014    0.808298    0.863216  0.00208551
        3015    0.807901    0.863198   0.0020849
        3016    0.807454    0.863179  0.00208429
        3017    0.806958    0.863161  0.00208368
        3018    0.806413    0.863142  0.00208307
        3019    0.805823    0.863123  0.00208247
        3020     0.80519    0.863104  0.00208187
        3021    0.804516    0.863084  0.00208127
        3022    0.803803    0.863065  0.00208067
        3023    0.803054    0.863045  0.00208008
        3024    0.802273    0.863025  0.00207949
        3025    0.801461    0.863004   0.0020789
        3026    0.800621    0.862984  0.00207832
        3027    0.799754    0.862963  0.00207774
        3028    0.798865    0.862942  0.00207716
        3029    0.797955     0.86292  0.00207658
        3030    0.797029    0.862898  0.00207601
        3031    0.796089    0.862876  0.00207544
        3032    0.795138    0.862854  0.00207488
        3033    0.794177    0.862831  0.00207432
        3034     0.79321    0.862808  0.00207376
        3035     0.79224    0.862785  0.00207321
        3036    0.791272    0.862762  0.00207266
        3037    0.790307    0.862738  0.00207211
        3038    0.789349    0.862714  0.00207157
        3039      0.7884    0.862689  0.00207104
        3040    0.787463    0.862664   0.0020705
        3041    0.786543    0.862639  0.00206997
        3042    0.785641    0.862614  0.00206945
        3043    0.784762    0.862588  0.00206893
        3044    0.783909    0.862563  0.00206841
        3045    0.783085    0.862537  0.00206789
        3046    0.782295     0.86251  0.00206738
        3047    0.781541    0.862484  0.00206687
        3048    0.780826    0.862457  0.00206637
        3049    0.780154     0.86243  0.00206587
        3050     0.77953    0.862403  0.00206537
        3051    0.778956    0.862375  0.00206487
        3052    0.778435    0.862348  0.00206438
        3053    0.777973     0.86232  0.00206389
        3054    0.777573    0.862292   0.0020634
        3055    0.777237    0.862265  0.00206291
        3056     0.77697    0.862237  0.00206243
        3057    0.776775    0.862209  0.00206194
        3058    0.776655    0.862181  0.00206146
        3059    0.776611    0.862153  0.00206097
        3060    0.776647    0.862125  0.00206049
        3061    0.776767    0.862097     0.00206
        3062    0.776972    0.862069  0.00205952
        3063    0.777263    0.862041  0.00205903
        3064    0.777643    0.862014  0.00205854
        3065    0.778114    0.861987  0.00205805
        3066    0.778677    0.861959  0.00205756
        3067    0.779334    0.861932  0.00205707
        3068    0.780086    0.861906  0.00205657
        3069    0.780934    0.861879  0.00205607
        3070    0.781879    0.861853  0.00205557
        3071    0.782922    0.861828  0.00205506
        3072    0.784063    0.861802  0.00205454
        3073    0.785301    0.861777  0.00205403
        3074    0.786637    0.861753   0.0020535
        3075    0.788069    0.861729  0.00205298
        3076    0.789594    0.861706  0.00205244
        3077    0.791212    0.861683   0.0020519
        3078    0.792921     0.86166  0.00205136
        3079    0.794719    0.861639  0.00205081
        3080    0.796603    0.861617  0.00205025
        3081    0.798569    0.861597  0.00204969
        3082    0.800614    0.861577  0.00204912
        3083    0.802734    0.861558  0.00204854
        3084    0.804925     0.86154  0.00204796
        3085    0.807182    0.861522  0.00204737
        3086    0.809503    0.861505  0.00204678
        3087    0.811881    0.861489  0.00204618
        3088    0.814312    0.861474  0.00204557
        3089     0.81679    0.861459  0.00204496
        3090    0.819311    0.861446  0.00204434
        3091    0.821867    0.861433  0.00204372
        3092    0.824453    0.861421   0.0020431
        3093    0.827064     0.86141  0.00204247
        3094    0.829692      0.8614  0.00204183
        3095    0.832332     0.86139  0.00204119
        3096    0.834978    0.861382  0.00204055
        3097    0.837623    0.861374  0.00203991
        3098    0.840259    0.861367  0.00203926
        3099    0.842881    0.861361  0.00203861
        3100    0.845479    0.861356  0.00203796
        3101    0.848049    0.861352  0.00203731
        3102    0.850585    0.861348  0.00203665
        3103    0.853081    0.861346    0.002036
        3104     0.85553    0.861344  0.00203534
        3105    0.857925    0.861343  0.00203469
        3106    0.860259    0.861342  0.00203403
        3107    0.862528    0.861343  0.00203338
        3108    0.864724    0.861344  0.00203272
        3109    0.866842    0.861346  0.00203207
        3110    0.868877    0.861348  0.00203142
        3111    0.870825    0.861351  0.00203077
        3112    0.872679    0.861355  0.00203012
        3113    0.874437    0.861359  0.00202947
        3114    0.876093    0.861364  0.00202883
        3115    0.877644    0.861369  0.00202818
        3116    0.879085    0.861375  0.00202754
        3117    0.880413    0.861381   0.0020269
        3118    0.881625    0.861387  0.00202626
        3119    0.882717    0.861394  0.00202562
        3120    0.883688    0.861401  0.00202498
        3121    0.884534    0.861409  0.00202435
        3122    0.885256    0.861416  0.00202371
        3123     0.88585    0.861424  0.00202308
        3124    0.886315    0.861432  0.00202245
        3125     0.88665     0.86144  0.00202182
        3126    0.886855    0.861448  0.00202119
        3127    0.886929    0.861456  0.00202056
        3128    0.886873    0.861465  0.00201993
        3129    0.886688    0.861473   0.0020193
        3130    0.886374    0.861481  0.00201867
        3131    0.885933    0.861488  0.00201804
        3132    0.885365    0.861496  0.00201741
        3133    0.884673    0.861503  0.00201678
        3134    0.883859     0.86151  0.00201615
        3135    0.882925    0.861517  0.00201552
        3136    0.881876    0.861524  0.00201488
        3137    0.880713     0.86153  0.00201425
        3138    0.879441    0.861536  0.00201362
        3139    0.878064    0.861541  0.00201298
        3140    0.876589    0.861546  0.00201235
        3141    0.875019     0.86155  0.00201171
        3142    0.873361    0.861554  0.00201107
        3143    0.871619    0.861557  0.00201044
        3144      0.8698     0.86156   0.0020098
        3145    0.867909    0.861562  0.00200916
        3146    0.865954    0.861563  0.00200852
        3147    0.863939    0.861564  0.00200789
        3148    0.861871    0.861564  0.00200725
        3149    0.859757    0.861563  0.00200661
        3150    0.857605    0.861562  0.00200597
        3151    0.855423     0.86156  0.00200534
        3152    0.853218    0.861557   0.0020047
        3153    0.850998    0.861554  0.00200407
        3154    0.848769     0.86155  0.00200344
        3155     0.84654    0.861545  0.00200281
        3156    0.844318     0.86154  0.00200218
        3157    0.842112    0.861534  0.00200156
        3158     0.83993    0.861527  0.00200094
        3159    0.837778    0.861519  0.00200032
        3160    0.835663    0.861511   0.0019997
        3161    0.833592    0.861502  0.00199909
        3162    0.831573    0.861493  0.00199848
        3163    0.829611    0.861483  0.00199787
        3164    0.827713    0.861472  0.00199727
        3165    0.825885    0.861461  0.00199667
        3166    0.824134    0.861449  0.00199607
        3167    0.822465    0.861437  0.00199548
        3168    0.820884    0.861424  0.00199489
        3169    0.819395    0.861411  0.00199431
        3170    0.818002    0.861397  0.00199372
        3171    0.816709    0.861383  0.00199314
        3172    0.815519    0.861368  0.00199257
        3173    0.814433    0.861354    0.001992
        3174    0.813455    0.861339  0.00199143
        3175    0.812585    0.861323  0.00199086
        3176    0.811823    0.861308  0.00199029
        3177    0.811171    0.861292  0.00198973
        3178    0.810629    0.861276  0.00198917
        3179    0.810197     0.86126   0.0019886
        3180    0.809872    0.861244  0.00198804
        3181    0.809653    0.861227  0.00198749
        3182    0.809537    0.861211  0.00198693
        3183    0.809521    0.861195  0.00198637
        3184    0.809603    0.861179  0.00198581
        3185    0.809779    0.861163  0.00198525
        3186    0.810044    0.861147   0.0019847
        3187    0.810396    0.861131  0.00198414
        3188    0.810831    0.861115  0.00198358
        3189    0.811346    0.861099  0.00198302
        3190    0.811934    0.861084  0.00198246
        3191    0.812592    0.861069  0.00198189
        3192    0.813315    0.861054  0.00198133
        3193      0.8141    0.861039  0.00198076
        3194    0.814943    0.861025  0.00198019
        3195    0.815839     0.86101  0.00197962
        3196    0.816783    0.860997  0.00197905
        3197    0.817773    0.860983  0.00197848
        3198    0.818804     0.86097  0.00197791
        3199    0.819872    0.860957  0.00197733
        3200    0.820974    0.860944  0.00197675
        3201    0.822108    0.860932  0.00197617
        3202     0.82327    0.860921  0.00197559
        3203    0.824457    0.860909    0.001975
        3204    0.825667    0.860898  0.00197442
        3205    0.826897    0.860888  0.00197383
        3206    0.828144    0.860877  0.00197324
        3207    0.829406    0.860868  0.00197265
        3208    0.830683    0.860858  0.00197206
        3209    0.831973    0.860849  0.00197146
        3210    0.833275    0.860841  0.00197087
        3211    0.834586    0.860832  0.00197027
        3212    0.835906    0.860825  0.00196967
        3213    0.837232    0.860817  0.00196908
        3214    0.838564     0.86081  0.00196847
        3215      0.8399    0.860804  0.00196787
        3216     0.84124    0.860798  0.00196727
        3217    0.842583    0.860792  0.00196667
        3218    0.843929    0.860787  0.00196606
        3219    0.845276    0.860782  0.00196546
        3220    0.846623    0.860778  0.00196485
        3221    0.847968    0.860774  0.00196425
        3222    0.849312     0.86077  0.00196364
        3223    0.850653    0.860767  0.00196303
        3224     0.85199    0.860764  0.00196243
        3225    0.853322    0.860762  0.00196182
        3226    0.854649     0.86076  0.00196121
        3227    0.855967    0.860759  0.00196061
        3228    0.857278    0.860757     0.00196
        3229    0.858579    0.860757  0.00195939
        3230    0.859871    0.860757  0.00195878
        3231    0.861151    0.860757  0.00195818
        3232    0.862421    0.860757  0.00195757
        3233    0.863679    0.860758  0.00195697
        3234    0.864923    0.860759  0.00195636
        3235    0.866153    0.860761  0.00195576
        3236    0.867367    0.860763  0.00195516
        3237    0.868566    0.860765  0.00195455
        3238     0.86975    0.860768  0.00195395
        3239    0.870919    0.860771  0.00195335
        3240    0.872072    0.860775  0.00195275
        3241    0.873208    0.860779  0.00195215
        3242    0.874328    0.860783  0.00195155
        3243    0.875432    0.860787  0.00195096
        3244     0.87652    0.860792  0.00195036
        3245    0.877592    0.860797  0.00194977
        3246    0.878648    0.860803  0.00194918
        3247    0.879691    0.860809  0.00194858
        3248    0.880718    0.860815  0.00194799
        3249    0.881731    0.860821   0.0019474
        3250    0.882731    0.860828  0.00194682
        3251    0.883717    0.860835  0.00194623
        3252    0.884691    0.860842  0.00194565
        3253    0.885654     0.86085  0.00194506
        3254    0.886605    0.860858  0.00194448
        3255    0.887546    0.860866   0.0019439
        3256    0.888476    0.860875  0.00194332
        3257    0.889398    0.860883  0.00194275
        3258    0.890311    0.860892  0.00194217
        3259    0.891216    0.860902   0.0019416
        3260    0.892112    0.860911  0.00194102
        3261       0.893    0.860921  0.00194045
        3262     0.89388    0.860931  0.00193989
        3263    0.894752    0.860942  0.00193932
        3264    0.895614    0.860952  0.00193875
        3265    0.896468    0.860963  0.00193819
        3266    0.897311    0.860974  0.00193763
        3267    0.898144    0.860986  0.00193707
        3268    0.898967    0.860997  0.00193651
        3269    0.899781    0.861009  0.00193596
        3270    0.900582    0.861021   0.0019354
        3271     0.90137    0.861034  0.00193485
        3272    0.902144    0.861046   0.0019343
        3273    0.902903    0.861059  0.00193375
        3274    0.903646    0.861072   0.0019332
        3275     0.90437    0.861085  0.00193266
        3276    0.905076    0.861099  0.00193211
        3277    0.905762    0.861112  0.00193157
        3278    0.906425    0.861126  0.00193103
        3279    0.907066     0.86114  0.00193049
        3280    0.907683    0.861154  0.00192996
        3281    0.908276    0.861169  0.00192942
        3282    0.908846    0.861183  0.00192889
        3283     0.90939    0.861198  0.00192836
        3284    0.909907    0.861213  0.00192783
        3285    0.910399    0.861228   0.0019273
        3286    0.910864    0.861243  0.00192677
        3287    0.911301    0.861258  0.00192625
        3288    0.911711    0.861273  0.00192572
        3289    0.912095    0.861289   0.0019252
        3290    0.912452    0.861304  0.00192468
        3291    0.912781     0.86132  0.00192415
        3292    0.913082    0.861336  0.00192363
        3293    0.913353    0.861351  0.00192312
        3294    0.913596    0.861367   0.0019226
        3295     0.91381    0.861383  0.00192208
        3296    0.913995    0.861399  0.00192156
        3297    0.914153    0.861415  0.00192105
        3298    0.914283    0.861431  0.00192053
        3299    0.914386    0.861447  0.00192002
        3300    0.914459    0.861463   0.0019195
        3301    0.914504    0.861479  0.00191899
        3302     0.91452    0.861495  0.00191847
        3303    0.914507    0.861512  0.00191796
        3304    0.914466    0.861528  0.00191745
        3305    0.914393    0.861544  0.00191693
        3306     0.91429     0.86156  0.00191642
        3307    0.914154    0.861575  0.00191591
        3308    0.913985    0.861591  0.00191539
        3309    0.913782    0.861607  0.00191488
        3310    0.913545    0.861623  0.00191436
        3311    0.913272    0.861638  0.00191385
        3312    0.912964    0.861654  0.00191333
        3313    0.912616    0.861669  0.00191282
        3314    0.912229    0.861684   0.0019123
        3315    0.911801      0.8617  0.00191178
        3316     0.91133    0.861715  0.00191127
        3317    0.910815    0.861729  0.00191075
        3318    0.910255    0.861744  0.00191023
        3319     0.90965    0.861758  0.00190971
        3320    0.908997    0.861773  0.00190918
        3321    0.908296    0.861787  0.00190866
        3322    0.907547      0.8618  0.00190814
        3323    0.906749    0.861814  0.00190761
        3324    0.905902    0.861827  0.00190708
        3325    0.905003     0.86184  0.00190655
        3326    0.904054    0.861853  0.00190602
        3327    0.903051    0.861865  0.00190549
        3328    0.901997    0.861877  0.00190495
        3329    0.900888    0.861889  0.00190442
        3330    0.899728      0.8619  0.00190388
        3331    0.898516    0.861911  0.00190334
        3332    0.897252    0.861922   0.0019028
        3333    0.895937    0.861932  0.00190226
        3334    0.894573    0.861942  0.00190171
        3335    0.893159    0.861951  0.00190116
        3336    0.891697     0.86196  0.00190061
        3337    0.890188    0.861969  0.00190006
        3338    0.888635    0.861977  0.00189951
        3339    0.887038    0.861984  0.00189896
        3340      0.8854    0.861991   0.0018984
        3341    0.883721    0.861998  0.00189784
        3342    0.882005    0.862004  0.00189729
        3343    0.880253    0.862009  0.00189673
        3344    0.878468    0.862014  0.00189617
        3345    0.876651    0.862018   0.0018956
        3346    0.874805    0.862022  0.00189504
        3347    0.872933    0.862026  0.00189448
        3348    0.871039    0.862028  0.00189391
        3349    0.869124     0.86203  0.00189335
        3350    0.867193    0.862032  0.00189278
        3351    0.865247    0.862033  0.00189222
        3352    0.863289    0.862033  0.00189166
        3353    0.861321    0.862033  0.00189109
        3354    0.859348    0.862032  0.00189053
        3355    0.857372    0.862031  0.00188996
        3356    0.855396    0.862029   0.0018894
        3357    0.853424    0.862026  0.00188884
        3358     0.85146    0.862023  0.00188828
        3359    0.849506    0.862019  0.00188772
        3360    0.847564    0.862015  0.00188717
        3361    0.845636     0.86201  0.00188661
        3362    0.843724    0.862005  0.00188606
        3363    0.841832    0.861999  0.00188551
        3364    0.839961    0.861992  0.00188496
        3365    0.838113    0.861985  0.00188441
        3366    0.836288    0.861978  0.00188387
        3367     0.83449    0.861969  0.00188332
        3368    0.832719    0.861961  0.00188278
        3369    0.830976    0.861951  0.00188225
        3370     0.82926    0.861942  0.00188172
        3371    0.827572    0.861932  0.00188118
        3372     0.82591    0.861921  0.00188066
        3373    0.824276     0.86191  0.00188013
        3374    0.822668    0.861898  0.00187961
        3375    0.821083    0.861886  0.00187909
        3376     0.81952    0.861873  0.00187858
        3377    0.817977     0.86186  0.00187807
        3378    0.816452    0.861847  0.00187756
        3379    0.814941    0.861833  0.00187705
        3380     0.81344    0.861819  0.00187655
        3381    0.811947    0.861804  0.00187606
        3382    0.810456    0.861789  0.00187556
        3383    0.808964    0.861773  0.00187507
        3384    0.807469    0.861757  0.00187459
        3385    0.805964    0.861741  0.00187411
        3386    0.804443    0.861724  0.00187363
        3387    0.802903    0.861706  0.00187316
        3388    0.801339    0.861689  0.00187269
        3389    0.799747     0.86167  0.00187223
        3390    0.798124    0.861652  0.00187177
        3391    0.796464    0.861632  0.00187131
        3392    0.794764    0.861613  0.00187087
        3393     0.79302    0.861592  0.00187042
        3394    0.791229    0.861572  0.00186999
        3395    0.789387     0.86155  0.00186956
        3396    0.787493    0.861529  0.00186914
        3397    0.785543    0.861506  0.00186872
        3398    0.783539    0.861483  0.00186831
        3399    0.781477     0.86146  0.00186791
        3400     0.77936    0.861436  0.00186751
        3401    0.777187    0.861411  0.00186713
        3402     0.77496    0.861386  0.00186675
        3403    0.772682    0.861359  0.00186639
        3404    0.770356    0.861333  0.00186603
        3405    0.767987    0.861305  0.00186568
        3406     0.76558    0.861277  0.00186535
        3407     0.76314    0.861248  0.00186502
        3408    0.760672    0.861219  0.00186471
        3409    0.758182    0.861189  0.00186441
        3410    0.755679    0.861158  0.00186412
        3411     0.75317    0.861126  0.00186384
        3412    0.750664    0.861094  0.00186357
        3413    0.748169    0.861061  0.00186332
        3414    0.745695    0.861027  0.00186308
        3415    0.743254    0.860992  0.00186286
        3416    0.740855    0.860957  0.00186264
        3417    0.738508    0.860921  0.00186244
        3418    0.736223    0.860885  0.00186225
        3419    0.734011    0.860848  0.00186208
        3420    0.731883     0.86081  0.00186192
        3421    0.729849    0.860772  0.00186177
        3422     0.72792    0.860733  0.00186163
        3423    0.726106    0.860694   0.0018615
        3424    0.724416    0.860654  0.00186138
        3425    0.722859    0.860614  0.00186127
        3426    0.721446    0.860573  0.00186117
        3427    0.720183    0.860532  0.00186108
        3428    0.719079    0.860491  0.00186099
        3429    0.718139    0.860449  0.00186091
        3430    0.717368    0.860407  0.00186084
        3431    0.716774    0.860366  0.00186077
        3432     0.71636    0.860324   0.0018607
        3433    0.716126    0.860282  0.00186063
        3434    0.716077     0.86024  0.00186056
        3435    0.716212    0.860198  0.00186049
        3436     0.71653    0.860156  0.00186042
        3437     0.71703    0.860114  0.00186035
        3438    0.717708    0.860073  0.00186027
        3439    0.718562    0.860032  0.00186018
        3440    0.719585    0.859991  0.00186009
        3441    0.720772     0.85995  0.00185999
        3442    0.722117     0.85991  0.00185988
        3443    0.723613    0.859871  0.00185976
        3444    0.725251    0.859832  0.00185963
        3445    0.727025    0.859793  0.00185949
        3446    0.728925    0.859755  0.00185934
        3447    0.730941    0.859718  0.00185917
        3448    0.733064    0.859681    0.001859
        3449    0.735285    0.859645  0.00185881
        3450    0.737594     0.85961  0.00185861
        3451    0.739981    0.859575  0.00185839
        3452    0.742437    0.859541  0.00185816
        3453    0.744951    0.859508  0.00185792
        3454    0.747513    0.859475  0.00185766
        3455    0.750115    0.859444   0.0018574
        3456    0.752748    0.859413  0.00185712
        3457    0.755402    0.859383  0.00185682
        3458    0.758068    0.859353  0.00185652
        3459    0.760741    0.859325   0.0018562
        3460    0.763411    0.859297  0.00185587
        3461    0.766071     0.85927  0.00185553
        3462    0.768715    0.859244  0.00185518
        3463    0.771337    0.859219  0.00185481
        3464    0.773934    0.859194  0.00185444
        3465    0.776498     0.85917  0.00185406
        3466    0.779027    0.859147  0.00185367
        3467    0.781515    0.859125  0.00185327
        3468     0.78396    0.859103  0.00185286
        3469    0.786359    0.859082  0.00185245
        3470     0.78871    0.859062  0.00185202
        3471    0.791011    0.859042   0.0018516
        3472    0.793261    0.859023  0.00185116
        3473    0.795459    0.859005  0.00185072
        3474    0.797605    0.858987  0.00185027
        3475    0.799699     0.85897  0.00184981
        3476    0.801741    0.858954  0.00184936
        3477    0.803731    0.858938  0.00184889
        3478    0.805671    0.858923  0.00184842
        3479    0.807561    0.858908  0.00184795
        3480    0.809403    0.858894  0.00184747
        3481    0.811199     0.85888  0.00184699
        3482     0.81295    0.858867  0.00184651
        3483    0.814657    0.858854  0.00184602
        3484    0.816324    0.858842  0.00184554
        3485    0.817952     0.85883  0.00184504
        3486    0.819543    0.858819  0.00184455
        3487    0.821098    0.858808  0.00184405
        3488    0.822619    0.858798  0.00184355
        3489    0.824109    0.858788  0.00184305
        3490    0.825569    0.858778  0.00184255
        3491    0.827001    0.858769  0.00184204
        3492    0.828408     0.85876  0.00184153
        3493    0.829791    0.858752  0.00184103
        3494    0.831154    0.858744  0.00184052
        3495    0.832498    0.858737     0.00184
        3496    0.833825     0.85873  0.00183949
        3497    0.835136    0.858723  0.00183898
        3498    0.836433    0.858716  0.00183846
        3499     0.83772     0.85871  0.00183795
        3500    0.838997    0.858705  0.00183743
        3501    0.840268      0.8587  0.00183691
        3502    0.841533    0.858695   0.0018364
        3503    0.842793     0.85869  0.00183588
        3504     0.84405    0.858686  0.00183536
        3505    0.845305    0.858682  0.00183484
        3506    0.846559    0.858679  0.00183432
        3507    0.847814    0.858676   0.0018338
        3508    0.849072    0.858673  0.00183328
        3509    0.850334     0.85867  0.00183276
        3510    0.851601    0.858668  0.00183224
        3511    0.852874    0.858667  0.00183171
        3512    0.854153    0.858665  0.00183119
        3513    0.855439    0.858665  0.00183067
        3514    0.856732    0.858664  0.00183015
        3515    0.858032    0.858664  0.00182963
        3516    0.859338    0.858664  0.00182911
        3517    0.860651    0.858665  0.00182859
        3518    0.861969    0.858666  0.00182807
        3519    0.863291    0.858667  0.00182755
        3520    0.864616    0.858669  0.00182703
        3521    0.865941    0.858671  0.00182652
        3522    0.867266    0.858673    0.001826
        3523    0.868586    0.858676  0.00182548
        3524    0.869899    0.858679  0.00182497
        3525    0.871204    0.858683  0.00182445
        3526    0.872497    0.858686  0.00182394
        3527    0.873776    0.858691  0.00182343
        3528    0.875038    0.858695  0.00182292
        3529    0.876281      0.8587  0.00182241
        3530    0.877503    0.858706   0.0018219
        3531    0.878702    0.858711  0.00182139
        3532    0.879872    0.858717  0.00182089
        3533    0.881014    0.858724  0.00182038
        3534    0.882123     0.85873  0.00181988
        3535    0.883197    0.858737  0.00181938
        3536    0.884236    0.858744  0.00181888
        3537    0.885238    0.858752  0.00181838
        3538    0.886201     0.85876  0.00181788
        3539    0.887122    0.858768  0.00181738
        3540       0.888    0.858776  0.00181689
        3541    0.888835    0.858784   0.0018164
        3542    0.889625    0.858793   0.0018159
        3543     0.89037    0.858802  0.00181541
        3544     0.89107    0.858811  0.00181492
        3545    0.891727     0.85882  0.00181444
        3546     0.89234     0.85883  0.00181395
        3547    0.892908     0.85884  0.00181346
        3548    0.893432    0.858849  0.00181298
        3549    0.893912    0.858859  0.00181249
        3550     0.89435    0.858869  0.00181201
        3551    0.894748    0.858879  0.00181153
        3552    0.895108    0.858889  0.00181105
        3553    0.895429      0.8589  0.00181057
        3554    0.895713     0.85891  0.00181009
        3555    0.895962     0.85892  0.00180961
        3556    0.896176    0.858931  0.00180913
        3557    0.896357    0.858941  0.00180865
        3558    0.896506    0.858952  0.00180817
        3559    0.896626    0.858963   0.0018077
        3560    0.896717    0.858973  0.00180722
        3561    0.896781    0.858984  0.00180674
        3562     0.89682    0.858994  0.00180627
        3563    0.896833    0.859005  0.00180579
        3564    0.896823    0.859016  0.00180532
        3565    0.896788    0.859026  0.00180484
        3566     0.89673    0.859037  0.00180437
        3567     0.89665    0.859047  0.00180389
        3568     0.89655    0.859058  0.00180342
        3569    0.896429    0.859068  0.00180294
        3570    0.896288    0.859079  0.00180247
        3571    0.896127    0.859089  0.00180199
        3572    0.895947      0.8591  0.00180152
        3573    0.895748     0.85911  0.00180104
        3574    0.895532     0.85912  0.00180057
        3575    0.895298     0.85913  0.00180009
        3576    0.895046     0.85914  0.00179962
        3577    0.894776     0.85915  0.00179914
        3578    0.894489     0.85916  0.00179866
        3579    0.894186     0.85917  0.00179819
        3580    0.893867    0.859179  0.00179771
        3581    0.893532    0.859189  0.00179724
        3582    0.893183    0.859199  0.00179676
        3583     0.89282    0.859208  0.00179628
        3584    0.892444    0.859217  0.00179581
        3585    0.892057    0.859226  0.00179533
        3586    0.891659    0.859235  0.00179485
        3587     0.89125    0.859244  0.00179437
        3588    0.890831    0.859253  0.00179389
        3589    0.890401    0.859262  0.00179341
        3590    0.889963     0.85927  0.00179294
        3591    0.889517    0.859279  0.00179246
        3592    0.889065    0.859287  0.00179198
        3593    0.888607    0.859295   0.0017915
        3594    0.888144    0.859303  0.00179102
        3595    0.887675    0.859311  0.00179053
        3596    0.887204    0.859319  0.00179005
        3597     0.88673    0.859327  0.00178957
        3598    0.886256    0.859334  0.00178909
        3599    0.885781    0.859341  0.00178861
        3600    0.885308    0.859349  0.00178813
        3601    0.884836    0.859356  0.00178764
        3602    0.884367    0.859363  0.00178716
        3603    0.883901    0.859369  0.00178668
        3604    0.883438    0.859376  0.00178619
        3605     0.88298    0.859383  0.00178571
        3606    0.882529    0.859389  0.00178523
        3607    0.882085    0.859395  0.00178474
        3608    0.881648    0.859402  0.00178426
        3609    0.881219    0.859408  0.00178377
        3610    0.880799    0.859413  0.00178329
        3611    0.880387    0.859419  0.00178281
        3612    0.879984    0.859425  0.00178232
        3613    0.879593    0.859431  0.00178184
        3614    0.879214    0.859436  0.00178135
        3615    0.878847    0.859441  0.00178087
        3616    0.878492    0.859447  0.00178038
        3617    0.878148    0.859452   0.0017799
        3618    0.877816    0.859457  0.00177941
        3619    0.877498    0.859462  0.00177893
        3620    0.877193    0.859467  0.00177844
        3621    0.876902    0.859472  0.00177796
        3622    0.876626    0.859476  0.00177748
        3623    0.876364    0.859481  0.00177699
        3624    0.876117    0.859486  0.00177651
        3625    0.875883     0.85949  0.00177602
        3626    0.875662    0.859495  0.00177554
        3627    0.875455    0.859499  0.00177505
        3628    0.875261    0.859503  0.00177457
        3629    0.875081    0.859508  0.00177409
        3630    0.874915    0.859512   0.0017736
        3631    0.874761    0.859516  0.00177312
        3632     0.87462     0.85952  0.00177264
        3633    0.874491    0.859524  0.00177215
        3634    0.874373    0.859528  0.00177167
        3635    0.874265    0.859532  0.00177119
        3636    0.874167    0.859537   0.0017707
        3637    0.874077    0.859541  0.00177022
        3638    0.873996    0.859544  0.00176974
        3639    0.873924    0.859548  0.00176926
        3640    0.873858    0.859552  0.00176878
        3641    0.873798    0.859556  0.00176829
        3642    0.873742     0.85956  0.00176781
        3643     0.87369    0.859564  0.00176733
        3644    0.873642    0.859568  0.00176685
        3645    0.873595    0.859572  0.00176637
        3646    0.873549    0.859576  0.00176589
        3647    0.873501    0.859579  0.00176541
        3648     0.87345    0.859583  0.00176493
        3649    0.873396    0.859587  0.00176445
        3650    0.873337    0.859591  0.00176397
        3651    0.873274    0.859595  0.00176349
        3652    0.873203    0.859598  0.00176301
        3653    0.873125    0.859602  0.00176253
        3654    0.873039    0.859606  0.00176206
        3655    0.872943    0.859609  0.00176158
        3656    0.872837    0.859613   0.0017611
        3657    0.872721    0.859616  0.00176062
        3658    0.872592     0.85962  0.00176014
        3659    0.872451    0.859624  0.00175967
        3660    0.872298    0.859627  0.00175919
        3661    0.872131     0.85963  0.00175871
        3662     0.87195    0.859634  0.00175824
        3663    0.871755    0.859637  0.00175776
        3664    0.871546     0.85964  0.00175728
        3665    0.871324    0.859644   0.0017568
        3666    0.871086    0.859647  0.00175633
        3667    0.870832     0.85965  0.00175585
        3668    0.870565    0.859653  0.00175538
        3669    0.870283    0.859656   0.0017549
        3670    0.869987    0.859658  0.00175442
        3671    0.869678    0.859661  0.00175395
        3672    0.869355    0.859664  0.00175347
        3673    0.869018    0.859666    0.001753
        3674    0.868667    0.859669  0.00175252
        3675    0.868304    0.859671  0.00175205
        3676    0.867928    0.859673  0.00175157
        3677     0.86754    0.859675   0.0017511
        3678    0.867141    0.859678  0.00175062
        3679    0.866731    0.859679  0.00175015
        3680    0.866311    0.859681  0.00174967
        3681     0.86588    0.859683   0.0017492
        3682    0.865439    0.859684  0.00174872
        3683    0.864986    0.859686  0.00174825
        3684    0.864523    0.859687  0.00174777
        3685    0.864047    0.859688   0.0017473
        3686    0.863558    0.859689  0.00174683
        3687    0.863057     0.85969  0.00174635
        3688    0.862542    0.859691  0.00174588
        3689    0.862012    0.859692  0.00174541
        3690    0.861467    0.859692  0.00174493
        3691    0.860907    0.859693  0.00174446
        3692    0.860328    0.859693  0.00174399
        3693    0.859729    0.859693  0.00174352
        3694    0.859108    0.859693  0.00174304
        3695    0.858465    0.859692  0.00174257
        3696    0.857796    0.859692   0.0017421
        3697    0.857101    0.859691  0.00174163
        3698    0.856377     0.85969  0.00174116
        3699    0.855622    0.859689  0.00174069
        3700    0.854834    0.859688  0.00174022
        3701    0.854011    0.859686  0.00173975
        3702     0.85315    0.859684  0.00173928
        3703    0.852249    0.859682  0.00173881
        3704    0.851307     0.85968  0.00173834
        3705    0.850321    0.859678  0.00173788
        3706    0.849291    0.859675  0.00173741
        3707    0.848213    0.859672  0.00173694
        3708    0.847086    0.859668  0.00173648
        3709     0.84591    0.859665  0.00173601
        3710    0.844681    0.859661  0.00173555
        3711    0.843398    0.859656  0.00173509
        3712    0.842062    0.859652  0.00173463
        3713     0.84067    0.859646  0.00173417
        3714    0.839222    0.859641  0.00173371
        3715    0.837717    0.859635  0.00173325
        3716    0.836154    0.859629   0.0017328
        3717    0.834534    0.859622  0.00173235
        3718    0.832856    0.859615   0.0017319
        3719    0.831119    0.859607  0.00173145
        3720    0.829324    0.859599    0.001731
        3721    0.827471     0.85959  0.00173056
        3722    0.825561    0.859581  0.00173012
        3723    0.823594    0.859571  0.00172968
        3724    0.821573    0.859561  0.00172924
        3725      0.8195    0.859551  0.00172881
        3726    0.817376    0.859539  0.00172839
        3727    0.815201    0.859527  0.00172796
        3728    0.812979    0.859515  0.00172754
        3729     0.81071    0.859502  0.00172713
        3730    0.808398    0.859488  0.00172672
        3731    0.806044    0.859474  0.00172632
        3732    0.803651    0.859459  0.00172592
        3733    0.801221    0.859443  0.00172553
        3734    0.798758    0.859427  0.00172514
        3735    0.796266     0.85941  0.00172476
        3736    0.793748    0.859392  0.00172439
        3737    0.791208    0.859374  0.00172403
        3738    0.788652    0.859355  0.00172367
        3739    0.786085    0.859336  0.00172332
        3740    0.783511    0.859315  0.00172298
        3741    0.780938    0.859294  0.00172265
        3742    0.778371    0.859273  0.00172232
        3743    0.775819    0.859251  0.00172201
        3744    0.773285    0.859228   0.0017217
        3745    0.770778    0.859204   0.0017214
        3746    0.768303     0.85918  0.00172111
        3747    0.765869    0.859155  0.00172083
        3748    0.763483    0.859129  0.00172056
        3749    0.761155    0.859103   0.0017203
        3750    0.758891    0.859076  0.00172005
        3751      0.7567    0.859049  0.00171981
        3752    0.754591    0.859021  0.00171958
        3753    0.752572    0.858993  0.00171935
        3754    0.750653    0.858964  0.00171914
        3755    0.748841    0.858935  0.00171893
        3756    0.747142    0.858905  0.00171873
        3757    0.745566    0.858875  0.00171854
        3758     0.74412    0.858844  0.00171835
        3759    0.742811    0.858813  0.00171817
        3760    0.741647    0.858782    0.001718
        3761    0.740634    0.858751  0.00171783
        3762    0.739778    0.858719  0.00171766
        3763    0.739085    0.858687   0.0017175
        3764    0.738561    0.858655  0.00171734
        3765    0.738211    0.858623  0.00171718
        3766    0.738039    0.858591  0.00171702
        3767    0.738046    0.858559  0.00171687
        3768    0.738238    0.858528  0.00171671
        3769    0.738616    0.858496  0.00171655
        3770    0.739183    0.858464  0.00171638
        3771     0.73994    0.858433  0.00171621
        3772    0.740886    0.858401  0.00171604
        3773    0.742021    0.858371  0.00171587
        3774    0.743344     0.85834  0.00171568
        3775    0.744856     0.85831  0.00171549
        3776    0.746553     0.85828  0.00171529
        3777    0.748431    0.858251  0.00171508
        3778    0.750485    0.858223  0.00171487
        3779     0.75271    0.858195  0.00171464
        3780    0.755101    0.858168   0.0017144
        3781    0.757652    0.858141  0.00171416
        3782    0.760356    0.858115   0.0017139
        3783    0.763207     0.85809  0.00171363
        3784    0.766196    0.858066  0.00171335
        3785    0.769313    0.858042  0.00171306
        3786    0.772549     0.85802  0.00171275
        3787    0.775894    0.857998  0.00171244
        3788    0.779337    0.857977  0.00171211
        3789    0.782869    0.857958  0.00171177
        3790    0.786479    0.857939  0.00171143
        3791    0.790156    0.857921  0.00171107
        3792    0.793888    0.857904   0.0017107
        3793    0.797662    0.857888  0.00171032
        3794    0.801468    0.857873  0.00170994
        3795    0.805295    0.857859  0.00170954
        3796    0.809131    0.857846  0.00170914
        3797    0.812966    0.857835  0.00170873
        3798    0.816789    0.857824  0.00170831
        3799     0.82059    0.857814  0.00170789
        3800    0.824357    0.857805  0.00170747
        3801    0.828083    0.857797  0.00170703
        3802    0.831757    0.857791   0.0017066
        3803    0.835371    0.857785  0.00170616
        3804    0.838916     0.85778  0.00170572
        3805    0.842383    0.857776  0.00170528
        3806    0.845767    0.857773  0.00170483
        3807    0.849059     0.85777  0.00170438
        3808    0.852254    0.857769  0.00170394
        3809    0.855346    0.857768  0.00170349
        3810    0.858331    0.857768  0.00170304
        3811    0.861202    0.857769   0.0017026
        3812    0.863955    0.857771  0.00170215
        3813    0.866587    0.857773  0.00170171
        3814    0.869095    0.857776  0.00170126
        3815    0.871477     0.85778  0.00170082
        3816    0.873728    0.857784  0.00170038
        3817    0.875849    0.857789  0.00169994
        3818    0.877836    0.857794   0.0016995
        3819     0.87969      0.8578  0.00169907
        3820    0.881408    0.857806  0.00169864
        3821    0.882991    0.857812   0.0016982
        3822    0.884438    0.857819  0.00169777
        3823     0.88575    0.857827  0.00169734
        3824    0.886926    0.857834  0.00169692
        3825    0.887967    0.857842  0.00169649
        3826    0.888875     0.85785  0.00169607
        3827    0.889652    0.857859  0.00169565
        3828    0.890298    0.857867  0.00169522
        3829    0.890816    0.857876   0.0016948
        3830    0.891208    0.857884  0.00169438
        3831    0.891478    0.857893  0.00169396
        3832    0.891627    0.857902  0.00169354
        3833    0.891658    0.857911  0.00169313
        3834    0.891576    0.857919  0.00169271
        3835    0.891384    0.857928  0.00169229
        3836    0.891086    0.857937  0.00169187
        3837    0.890687    0.857945  0.00169145
        3838    0.890191    0.857954  0.00169103
        3839    0.889606    0.857962  0.00169061
        3840    0.888935     0.85797  0.00169019
        3841    0.888182    0.857978  0.00168977
        3842    0.887352    0.857986  0.00168934
        3843    0.886452    0.857993  0.00168892
        3844    0.885487       0.858   0.0016885
        3845    0.884459    0.858007  0.00168807
        3846    0.883373    0.858014  0.00168764
        3847    0.882233     0.85802  0.00168722
        3848    0.881042    0.858026  0.00168679
        3849    0.879804    0.858032  0.00168636
        3850    0.878522    0.858037  0.00168593
        3851    0.877199    0.858042   0.0016855
        3852    0.875838    0.858047  0.00168507
        3853    0.874442    0.858051  0.00168464
        3854    0.873012    0.858055  0.00168421
        3855    0.871548    0.858058  0.00168377
        3856    0.870051    0.858061  0.00168334
        3857     0.86852    0.858064   0.0016829
        3858    0.866954    0.858066  0.00168247
        3859    0.865352    0.858068  0.00168203
        3860    0.863712     0.85807   0.0016816
        3861    0.862035    0.858071  0.00168116
        3862    0.860318    0.858071  0.00168073
        3863    0.858561    0.858071  0.00168029
        3864    0.856763    0.858071  0.00167986
        3865    0.854924     0.85807  0.00167942
        3866    0.853042    0.858069  0.00167899
        3867    0.851117    0.858067  0.00167856
        3868     0.84915    0.858065  0.00167813
        3869     0.84714    0.858062  0.00167769
        3870     0.84509    0.858059  0.00167726
        3871    0.843002    0.858055  0.00167683
        3872    0.840878     0.85805  0.00167641
        3873    0.838719    0.858045  0.00167598
        3874    0.836531     0.85804  0.00167556
        3875    0.834318    0.858034  0.00167514
        3876    0.832086    0.858027  0.00167472
        3877    0.829842     0.85802   0.0016743
        3878    0.827592    0.858012  0.00167389
        3879    0.825343    0.858003  0.00167348
        3880    0.823106    0.857994  0.00167307
        3881    0.820886    0.857985  0.00167267
        3882    0.818695    0.857975  0.00167227
        3883    0.816541    0.857964  0.00167187
        3884    0.814436    0.857953  0.00167148
        3885    0.812388    0.857941  0.00167109
        3886    0.810407    0.857929   0.0016707
        3887    0.808502    0.857916  0.00167032
        3888    0.806683    0.857903  0.00166994
        3889    0.804959    0.857889  0.00166957
        3890    0.803338    0.857875   0.0016692
        3891    0.801827    0.857861  0.00166883
        3892    0.800435    0.857846  0.00166847
        3893    0.799164    0.857831  0.00166811
        3894     0.79802    0.857816  0.00166775
        3895    0.797004      0.8578   0.0016674
        3896    0.796119    0.857784  0.00166704
        3897    0.795364    0.857768  0.00166669
        3898    0.794739    0.857752  0.00166634
        3899    0.794243    0.857736    0.001666
        3900    0.793872    0.857719  0.00166565
        3901    0.793621    0.857703   0.0016653
        3902    0.793485    0.857687  0.00166496
        3903    0.793458     0.85767  0.00166461
        3904    0.793531    0.857654  0.00166427
        3905    0.793698    0.857637  0.00166392
        3906    0.793952    0.857621  0.00166358
        3907    0.794284    0.857605  0.00166323
        3908    0.794685    0.857589  0.00166288
        3909     0.79515    0.857573  0.00166253
        3910    0.795668    0.857557  0.00166218
        3911    0.796233    0.857541  0.00166183
        3912    0.796837    0.857526  0.00166148
        3913    0.797476     0.85751  0.00166113
        3914    0.798145    0.857495  0.00166077
        3915    0.798836     0.85748  0.00166041
        3916    0.799544    0.857465  0.00166006
        3917    0.800264    0.857451   0.0016597
        3918    0.800992    0.857436  0.00165934
        3919    0.801727    0.857422  0.00165897
        3920    0.802466    0.857408  0.00165861
        3921    0.803204    0.857394  0.00165824
        3922    0.803939    0.857381  0.00165788
        3923     0.80467    0.857367  0.00165751
        3924    0.805395    0.857354  0.00165714
        3925    0.806113    0.857341  0.00165677
        3926    0.806823    0.857328   0.0016564
        3927    0.807523    0.857315  0.00165602
        3928    0.808214    0.857303  0.00165565
        3929    0.808895    0.857291  0.00165527
        3930    0.809565    0.857278   0.0016549
        3931    0.810224    0.857266  0.00165452
        3932    0.810872    0.857255  0.00165414
        3933    0.811509    0.857243  0.00165376
        3934    0.812135    0.857232  0.00165338
        3935     0.81275     0.85722    0.001653
        3936    0.813354    0.857209  0.00165262
        3937    0.813946    0.857198  0.00165223
        3938    0.814527    0.857187  0.00165185
        3939    0.815096    0.857177  0.00165146
        3940    0.815654    0.857166  0.00165108
        3941    0.816203    0.857156  0.00165069
        3942    0.816741    0.857145  0.00165031
        3943     0.81727    0.857135  0.00164992
        3944     0.81779    0.857125  0.00164953
        3945    0.818304    0.857116  0.00164914
        3946    0.818813    0.857106  0.00164875
        3947    0.819318    0.857096  0.00164836
        3948    0.819821    0.857087  0.00164797
        3949    0.820323    0.857077  0.00164758
        3950    0.820826    0.857068  0.00164719
        3951    0.821331    0.857059   0.0016468
        3952     0.82184     0.85705   0.0016464
        3953    0.822354    0.857042  0.00164601
        3954    0.822873    0.857033  0.00164562
        3955    0.823399    0.857024  0.00164522
        3956    0.823932    0.857016  0.00164483
        3957    0.824475    0.857008  0.00164443
        3958    0.825027       0.857  0.00164404
        3959    0.825591    0.856992  0.00164364
        3960    0.826165    0.856984  0.00164324
        3961    0.826752    0.856976  0.00164285
        3962     0.82735    0.856969  0.00164245
        3963     0.82796    0.856962  0.00164205
        3964    0.828582    0.856954  0.00164165
        3965    0.829215    0.856947  0.00164125
        3966     0.82986    0.856941  0.00164085
        3967    0.830513    0.856934  0.00164045
        3968    0.831175    0.856927  0.00164005
        3969    0.831845    0.856921  0.00163965
        3970    0.832522    0.856915  0.00163925
        3971    0.833204    0.856909  0.00163885
        3972    0.833892    0.856903  0.00163845
        3973    0.834582    0.856898  0.00163804
        3974    0.835273    0.856892  0.00163764
        3975    0.835963    0.856887  0.00163724
        3976     0.83665    0.856882  0.00163683
        3977    0.837333    0.856877  0.00163643
        3978    0.838011    0.856872  0.00163602
        3979    0.838684    0.856868  0.00163562
        3980    0.839352    0.856863  0.00163522
        3981    0.840013    0.856859  0.00163481
        3982    0.840667    0.856855   0.0016344
        3983    0.841312    0.856851    0.001634
        3984    0.841951    0.856847  0.00163359
        3985    0.842582    0.856844  0.00163319
        3986    0.843206     0.85684  0.00163278
        3987    0.843823    0.856837  0.00163237
        3988    0.844433    0.856834  0.00163197
        3989    0.845038    0.856831  0.00163156
        3990    0.845637    0.856828  0.00163116
        3991    0.846233    0.856825  0.00163075
        3992    0.846827    0.856823  0.00163034
        3993    0.847421    0.856821  0.00162994
        3994    0.848016    0.856818  0.00162953
        3995    0.848615    0.856816  0.00162912
        3996     0.84922    0.856814  0.00162872
        3997    0.849831    0.856813  0.00162831
        3998     0.85045    0.856811   0.0016279
        3999     0.85108     0.85681   0.0016275
        4000    0.851722    0.856808  0.00162709
        4001    0.852378    0.856807  0.00162668
        4002    0.853049    0.856806  0.00162628
        4003    0.853738    0.856806  0.00162587
        4004    0.854445    0.856805  0.00162547
        4005    0.855174    0.856805  0.00162506
        4006    0.855924    0.856804  0.00162465
        4007    0.856697    0.856804  0.00162425
        4008    0.857495    0.856805  0.00162384
        4009    0.858317    0.856805  0.00162344
        4010    0.859165    0.856805  0.00162303
        4011    0.860038    0.856806  0.00162263
        4012    0.860936    0.856807  0.00162222
        4013    0.861858    0.856809  0.00162182
        4014    0.862804     0.85681  0.00162142
        4015    0.863773    0.856812  0.00162101
        4016    0.864764    0.856814  0.00162061
        4017    0.865776    0.856816  0.00162021
        4018    0.866804    0.856818  0.00161981
        4019    0.867846    0.856821  0.00161941
        4020    0.868901    0.856824  0.00161901
        4021    0.869965    0.856828  0.00161861
        4022    0.871033    0.856831  0.00161821
        4023    0.872103    0.856835  0.00161781
        4024    0.873171    0.856839  0.00161742
        4025    0.874234    0.856843  0.00161702
        4026    0.875289    0.856848  0.00161662
        4027    0.876331    0.856853  0.00161623
        4028    0.877354    0.856858  0.00161584
        4029    0.878352    0.856863  0.00161544
        4030    0.879321    0.856869  0.00161505
        4031    0.880258    0.856874  0.00161466
        4032    0.881159     0.85688  0.00161427
        4033    0.882018    0.856887  0.00161389
        4034    0.882832    0.856893   0.0016135
        4035    0.883597      0.8569  0.00161311
        4036    0.884308    0.856907  0.00161273
        4037    0.884963    0.856913  0.00161234
        4038     0.88556    0.856921  0.00161196
        4039    0.886094    0.856928  0.00161158
        4040    0.886564    0.856935  0.00161119
        4041    0.886967    0.856943  0.00161081
        4042    0.887299     0.85695  0.00161043
        4043    0.887561    0.856958  0.00161005
        4044    0.887749    0.856965  0.00160967
        4045    0.887862    0.856973  0.00160929
        4046    0.887901    0.856981  0.00160891
        4047    0.887864    0.856988  0.00160853
        4048    0.887751    0.856996  0.00160815
        4049    0.887559    0.857003  0.00160777
        4050     0.88729    0.857011  0.00160739
        4051    0.886944    0.857018  0.00160701
        4052     0.88652    0.857025  0.00160663
        4053    0.886021    0.857033  0.00160625
        4054    0.885447     0.85704  0.00160587
        4055      0.8848    0.857046  0.00160549
        4056    0.884081    0.857053  0.00160511
        4057     0.88329     0.85706  0.00160473
        4058    0.882429    0.857066  0.00160434
        4059    0.881501    0.857072  0.00160396
        4060    0.880509    0.857078  0.00160357
        4061    0.879454    0.857083  0.00160319
        4062    0.878341    0.857088   0.0016028
        4063    0.877171    0.857093  0.00160242
        4064    0.875947    0.857098  0.00160203
        4065    0.874673    0.857102  0.00160164
        4066    0.873354    0.857106  0.00160125
        4067    0.871993     0.85711  0.00160086
        4068    0.870596    0.857113  0.00160047
        4069    0.869166    0.857116  0.00160008
        4070    0.867711    0.857119  0.00159969
        4071    0.866234    0.857121   0.0015993
        4072    0.864741    0.857123  0.00159891
        4073    0.863239    0.857124  0.00159851
        4074    0.861734    0.857126  0.00159812
        4075    0.860231    0.857126  0.00159773
        4076    0.858738    0.857127  0.00159734
        4077    0.857261    0.857127  0.00159695
        4078    0.855806    0.857126  0.00159656
        4079     0.85438    0.857126  0.00159616
        4080     0.85299    0.857125  0.00159577
        4081    0.851642    0.857123  0.00159538
        4082    0.850344    0.857122  0.00159499
        4083    0.849101     0.85712   0.0015946
        4084    0.847919    0.857118  0.00159421
        4085    0.846804    0.857115  0.00159383
        4086    0.845759    0.857112  0.00159344
        4087    0.844792    0.857109  0.00159305
        4088    0.843904    0.857106  0.00159266
        4089    0.843102    0.857103  0.00159228
        4090    0.842387    0.857099  0.00159189
        4091     0.84176    0.857095  0.00159151
        4092    0.841224    0.857091  0.00159112
        4093    0.840779    0.857087  0.00159074
        4094    0.840425    0.857083  0.00159036
        4095    0.840161    0.857079  0.00158997
        4096    0.839985    0.857075  0.00158959
        4097    0.839896    0.857071  0.00158921
        4098    0.839891    0.857067  0.00158883
        4099    0.839968    0.857062  0.00158845
        4100    0.840122    0.857058  0.00158806
        4101     0.84035    0.857054  0.00158768
        4102    0.840648     0.85705   0.0015873
        4103    0.841009    0.857046  0.00158692
        4104    0.841427    0.857043  0.00158653
        4105    0.841897    0.857039  0.00158615
        4106    0.842414    0.857035  0.00158577
        4107    0.842974    0.857032  0.00158539
        4108    0.843571    0.857029  0.00158501
        4109    0.844199    0.857025  0.00158462
        4110    0.844851    0.857022  0.00158424
        4111    0.845523     0.85702  0.00158386
        4112    0.846208    0.857017  0.00158347
        4113    0.846903    0.857015  0.00158309
        4114    0.847604    0.857012  0.00158271
        4115    0.848305     0.85701  0.00158232
        4116    0.849003    0.857008  0.00158194
        4117    0.849695    0.857006  0.00158156
        4118    0.850378    0.857005  0.00158117
        4119     0.85105    0.857003  0.00158079
        4120    0.851707    0.857002  0.00158041
        4121    0.852347    0.857001  0.00158003
        4122    0.852967       0.857  0.00157964
        4123    0.853567    0.856999  0.00157926
        4124    0.854143    0.856998  0.00157888
        4125    0.854694    0.856998  0.00157849
        4126    0.855217    0.856997  0.00157811
        4127    0.855711    0.856997  0.00157773
        4128    0.856173    0.856997  0.00157735
        4129    0.856602    0.856997  0.00157697
        4130    0.856997    0.856997  0.00157658
        4131    0.857357    0.856997   0.0015762
        4132    0.857681    0.856997  0.00157582
        4133    0.857966    0.856997  0.00157544
        4134    0.858212    0.856998  0.00157506
        4135    0.858415    0.856998  0.00157468
        4136    0.858574    0.856998   0.0015743
        4137    0.858688    0.856999  0.00157392
        4138    0.858755    0.856999  0.00157354
        4139    0.858772       0.857  0.00157316
        4140    0.858738       0.857  0.00157278
        4141     0.85865       0.857   0.0015724
        4142    0.858508    0.857001  0.00157202
        4143    0.858309    0.857001  0.00157164
        4144    0.858051    0.857001  0.00157126
        4145    0.857733    0.857002  0.00157088
        4146    0.857354    0.857002   0.0015705
        4147    0.856913    0.857002  0.00157012
        4148    0.856409    0.857002  0.00156974
        4149    0.855841    0.857001  0.00156936
        4150     0.85521    0.857001  0.00156899
        4151    0.854514       0.857  0.00156861
        4152    0.853755    0.856999  0.00156823
        4153    0.852933    0.856998  0.00156785
        4154     0.85205    0.856997  0.00156748
        4155    0.851108    0.856996   0.0015671
        4156    0.850107    0.856994  0.00156672
        4157    0.849049    0.856992  0.00156635
        4158    0.847939     0.85699  0.00156597
        4159    0.846778    0.856988   0.0015656
        4160    0.845569    0.856985  0.00156522
        4161    0.844315    0.856982  0.00156485
        4162    0.843022    0.856978  0.00156448
        4163    0.841694    0.856975  0.00156411
        4164    0.840335    0.856971  0.00156374
        4165     0.83895    0.856966  0.00156337
        4166    0.837546    0.856962    0.001563
        4167    0.836128    0.856957  0.00156263
        4168      0.8347    0.856951  0.00156227
        4169     0.83327    0.856946   0.0015619
        4170    0.831844     0.85694  0.00156154
        4171    0.830428    0.856933  0.00156118
        4172    0.829031    0.856927  0.00156082
        4173     0.82766     0.85692  0.00156046
        4174    0.826321    0.856912   0.0015601
        4175    0.825022    0.856905  0.00155975
        4176    0.823767    0.856897  0.00155939
        4177    0.822562    0.856889  0.00155904
        4178    0.821414     0.85688  0.00155869
        4179     0.82033    0.856871  0.00155834
        4180    0.819316    0.856862    0.001558
        4181    0.818378    0.856853  0.00155765
        4182    0.817519    0.856844  0.00155731
        4183    0.816747    0.856834  0.00155696
        4184    0.816065    0.856824  0.00155662
        4185    0.815476    0.856815  0.00155628
        4186    0.814984    0.856805  0.00155594
        4187    0.814595    0.856794   0.0015556
        4188    0.814309    0.856784  0.00155527
        4189    0.814129    0.856774  0.00155493
        4190    0.814056    0.856764  0.00155459
        4191    0.814089    0.856754  0.00155425
        4192    0.814228    0.856744  0.00155391
        4193    0.814473    0.856734  0.00155358
        4194    0.814823    0.856724  0.00155324
        4195    0.815276    0.856714   0.0015529
        4196    0.815829    0.856704  0.00155256
        4197    0.816479    0.856694  0.00155222
        4198    0.817223    0.856685  0.00155188
        4199    0.818055    0.856676  0.00155154
        4200    0.818972    0.856667  0.00155119
        4201     0.81997    0.856658  0.00155085
        4202    0.821043     0.85665   0.0015505
        4203    0.822185    0.856641  0.00155015
        4204    0.823388    0.856633  0.00154981
        4205    0.824647    0.856626  0.00154946
        4206    0.825955    0.856619   0.0015491
        4207    0.827305    0.856612  0.00154875
        4208    0.828691    0.856605   0.0015484
        4209    0.830104    0.856599  0.00154804
        4210     0.83154    0.856593  0.00154769
        4211    0.832991    0.856587  0.00154733
        4212    0.834449    0.856582  0.00154697
        4213    0.835907    0.856577  0.00154661
        4214    0.837359    0.856572  0.00154625
        4215    0.838799    0.856568  0.00154589
        4216    0.840219    0.856564  0.00154553
        4217    0.841614    0.856561  0.00154517
        4218    0.842978    0.856558   0.0015448
        4219    0.844307    0.856555  0.00154444
        4220    0.845595    0.856552  0.00154408
        4221    0.846838     0.85655  0.00154371
        4222    0.848031    0.856548  0.00154335
        4223    0.849174    0.856546  0.00154298
        4224     0.85026    0.856544  0.00154262
        4225    0.851288    0.856543  0.00154225
        4226    0.852254    0.856542  0.00154189
        4227    0.853157    0.856541  0.00154152
        4228    0.853994    0.856541  0.00154116
        4229    0.854763     0.85654   0.0015408
        4230    0.855466     0.85654  0.00154043
        4231      0.8561     0.85654  0.00154007
        4232    0.856664     0.85654   0.0015397
        4233    0.857159     0.85654  0.00153934
        4234    0.857583     0.85654  0.00153898
        4235    0.857937    0.856541  0.00153861
        4236    0.858222    0.856541  0.00153825
        4237    0.858436    0.856542  0.00153789
        4238     0.85858    0.856542  0.00153752
        4239    0.858656    0.856543  0.00153716
        4240    0.858664    0.856543   0.0015368
        4241    0.858604    0.856544  0.00153644
        4242    0.858478    0.856544  0.00153607
        4243    0.858285    0.856544  0.00153571
        4244    0.858027    0.856545  0.00153535
        4245    0.857703    0.856545  0.00153499
        4246    0.857315    0.856545  0.00153463
        4247    0.856864    0.856545  0.00153427
        4248    0.856351    0.856545  0.00153391
        4249    0.855774    0.856545  0.00153354
        4250    0.855135    0.856545  0.00153318
        4251    0.854436    0.856544  0.00153282
        4252    0.853678    0.856544  0.00153246
        4253    0.852861    0.856543   0.0015321
        4254    0.851988    0.856542  0.00153174
        4255    0.851061     0.85654  0.00153138
        4256    0.850082    0.856539  0.00153102
        4257    0.849053    0.856537  0.00153067
        4258    0.847978    0.856535  0.00153031
        4259    0.846862    0.856533  0.00152995
        4260    0.845707     0.85653  0.00152959
        4261    0.844519    0.856527  0.00152924
        4262    0.843303    0.856524  0.00152888
        4263    0.842064    0.856521  0.00152853
        4264    0.840808    0.856517  0.00152817
        4265    0.839542    0.856513  0.00152782
        4266    0.838273    0.856509  0.00152747
        4267     0.83701    0.856504  0.00152712
        4268     0.83576      0.8565  0.00152677
        4269    0.834532    0.856494  0.00152642
        4270    0.833335    0.856489  0.00152607
        4271     0.83218    0.856483  0.00152572
        4272    0.831075    0.856477  0.00152538
        4273    0.830029    0.856471  0.00152503
        4274    0.829051    0.856465  0.00152469
        4275    0.828152    0.856458  0.00152435
        4276     0.82734    0.856451    0.001524
        4277    0.826625    0.856444  0.00152366
        4278    0.826015    0.856437  0.00152332
        4279    0.825518     0.85643  0.00152299
        4280    0.825143    0.856423  0.00152265
        4281    0.824896    0.856415  0.00152231
        4282    0.824781    0.856408  0.00152197
        4283    0.824804    0.856401  0.00152163
        4284    0.824968    0.856393   0.0015213
        4285    0.825274    0.856386  0.00152096
        4286    0.825722    0.856379  0.00152062
        4287    0.826312    0.856372  0.00152028
        4288    0.827042    0.856365  0.00151994
        4289    0.827907    0.856358   0.0015196
        4290    0.828903    0.856352  0.00151926
        4291    0.830022    0.856346  0.00151892
        4292    0.831259     0.85634  0.00151858
        4293    0.832604    0.856334  0.00151824
        4294    0.834045    0.856329  0.00151789
        4295    0.835572    0.856324  0.00151754
        4296    0.837173     0.85632   0.0015172
        4297    0.838835    0.856316  0.00151685
        4298    0.840544    0.856312   0.0015165
        4299    0.842288    0.856309  0.00151615
        4300    0.844054    0.856306   0.0015158
        4301    0.845826    0.856304  0.00151545
        4302    0.847592    0.856302   0.0015151
        4303    0.849341      0.8563  0.00151475
        4304    0.851059    0.856299   0.0015144
        4305    0.852736    0.856298  0.00151405
        4306    0.854359    0.856298   0.0015137
        4307    0.855918    0.856297  0.00151334
        4308    0.857405    0.856298  0.00151299
        4309    0.858809    0.856298  0.00151264
        4310    0.860125    0.856299  0.00151229
        4311    0.861346      0.8563  0.00151194
        4312    0.862467    0.856302  0.00151159
        4313    0.863485    0.856303  0.00151124
        4314    0.864395    0.856305  0.00151089
        4315    0.865196    0.856307  0.00151054
        4316    0.865887     0.85631   0.0015102
        4317    0.866467    0.856312  0.00150985
        4318    0.866936    0.856314   0.0015095
        4319    0.867295    0.856317  0.00150915
        4320    0.867546     0.85632  0.00150881
        4321    0.867691    0.856322  0.00150846
        4322    0.867734    0.856325  0.00150811
        4323     0.86768    0.856327  0.00150776
        4324     0.86753     0.85633  0.00150742
        4325    0.867288    0.856333  0.00150707
        4326    0.866959    0.856335  0.00150673
        4327    0.866548    0.856337  0.00150638
        4328    0.866058     0.85634  0.00150603
        4329    0.865495    0.856342  0.00150569
        4330    0.864865    0.856344  0.00150534
        4331    0.864171    0.856346  0.00150499
        4332    0.863417    0.856347  0.00150465
        4333    0.862608    0.856349   0.0015043
        4334    0.861747     0.85635  0.00150395
        4335     0.86084    0.856351  0.00150361
        4336     0.85989    0.856352  0.00150326
        4337    0.858899    0.856352  0.00150291
        4338    0.857872    0.856353  0.00150257
        4339    0.856811    0.856353  0.00150222
        4340     0.85572    0.856353  0.00150188
        4341    0.854603    0.856352  0.00150153
        4342    0.853462    0.856352  0.00150118
        4343      0.8523    0.856351  0.00150084
        4344     0.85112    0.856349  0.00150049
        4345    0.849923    0.856348  0.00150015
        4346    0.848713    0.856346   0.0014998
        4347    0.847491    0.856344  0.00149946
        4348     0.84626    0.856342  0.00149912
        4349     0.84502    0.856339  0.00149878
        4350    0.843774    0.856336  0.00149843
        4351    0.842524    0.856333  0.00149809
        4352    0.841271     0.85633  0.00149775
        4353    0.840018    0.856326  0.00149741
        4354    0.838764    0.856322  0.00149707
        4355    0.837514    0.856318  0.00149674
        4356    0.836265    0.856313   0.0014964
        4357    0.835019    0.856308  0.00149607
        4358    0.833776    0.856303  0.00149573
        4359    0.832538    0.856297   0.0014954
        4360    0.831307    0.856292  0.00149507
        4361    0.830083    0.856286  0.00149473
        4362    0.828868    0.856279  0.00149441
        4363    0.827662    0.856273  0.00149408
        4364    0.826467    0.856266  0.00149375
        4365    0.825282    0.856259  0.00149343
        4366    0.824109    0.856252   0.0014931
        4367    0.822946    0.856244  0.00149278
        4368    0.821794    0.856236  0.00149246
        4369    0.820653    0.856228  0.00149214
        4370    0.819526     0.85622  0.00149182
        4371    0.818411    0.856211   0.0014915
        4372     0.81731    0.856202  0.00149119
        4373    0.816225    0.856193  0.00149088
        4374    0.815156    0.856183  0.00149057
        4375    0.814104    0.856174  0.00149026
        4376    0.813072    0.856164  0.00148995
        4377    0.812059    0.856154  0.00148964
        4378    0.811068    0.856144  0.00148934
        4379    0.810101    0.856133  0.00148903
        4380    0.809159    0.856122  0.00148873
        4381    0.808246    0.856111  0.00148843
        4382    0.807362      0.8561  0.00148813
        4383    0.806511    0.856089  0.00148784
        4384    0.805695    0.856078  0.00148754
        4385    0.804917    0.856066  0.00148725
        4386    0.804179    0.856054  0.00148696
        4387    0.803487    0.856042  0.00148667
        4388    0.802841     0.85603  0.00148638
        4389    0.802244    0.856018  0.00148609
        4390    0.801702    0.856005   0.0014858
        4391    0.801216    0.855993  0.00148552
        4392    0.800791     0.85598  0.00148523
        4393    0.800429    0.855968  0.00148495
        4394    0.800132    0.855955  0.00148466
        4395    0.799904    0.855942  0.00148438
        4396    0.799748    0.855929   0.0014841
        4397     0.79967    0.855917  0.00148382
        4398    0.799669    0.855904  0.00148353
        4399    0.799747    0.855891  0.00148325
        4400    0.799908    0.855878  0.00148297
        4401    0.800152    0.855866  0.00148269
        4402    0.800482    0.855853   0.0014824
        4403    0.800898    0.855841  0.00148212
        4404    0.801401    0.855828  0.00148183
        4405     0.80199    0.855816  0.00148155
        4406    0.802663    0.855804  0.00148126
        4407    0.803419    0.855792  0.00148097
        4408    0.804258     0.85578  0.00148068
        4409    0.805175    0.855769  0.00148039
        4410    0.806168    0.855758   0.0014801
        4411    0.807235    0.855747   0.0014798
        4412     0.80837    0.855736  0.00147951
        4413    0.809569    0.855725  0.00147921
        4414    0.810826    0.855715  0.00147891
        4415    0.812136    0.855705  0.00147861
        4416    0.813493    0.855696   0.0014783
        4417    0.814892    0.855687    0.001478
        4418    0.816326    0.855678  0.00147769
        4419    0.817787    0.855669  0.00147738
        4420    0.819268    0.855661  0.00147707
        4421    0.820765    0.855653  0.00147675
        4422    0.822269    0.855645  0.00147644
        4423    0.823772    0.855638  0.00147612
        4424    0.825271    0.855631  0.00147581
        4425    0.826755    0.855625  0.00147549
        4426    0.828219    0.855619  0.00147517
        4427    0.829657    0.855613  0.00147484
        4428    0.831064    0.855607  0.00147452
        4429    0.832434    0.855602   0.0014742
        4430    0.833763    0.855597  0.00147387
        4431    0.835048    0.855592  0.00147355
        4432    0.836282    0.855588  0.00147322
        4433    0.837464    0.855584   0.0014729
        4434    0.838589     0.85558  0.00147257
        4435    0.839656    0.855577  0.00147224
        4436    0.840662    0.855573  0.00147191
        4437    0.841606     0.85557  0.00147158
        4438    0.842489    0.855567  0.00147126
        4439    0.843309    0.855564  0.00147093
        4440    0.844066    0.855562   0.0014706
        4441     0.84476    0.855559  0.00147027
        4442    0.845392    0.855557  0.00146994
        4443    0.845966    0.855555  0.00146961
        4444    0.846484    0.855553  0.00146928
        4445    0.846947    0.855551  0.00146895
        4446    0.847358    0.855549  0.00146862
        4447    0.847721    0.855547  0.00146829
        4448    0.848039    0.855546  0.00146796
        4449    0.848316    0.855544  0.00146764
        4450    0.848557    0.855542  0.00146731
        4451    0.848766    0.855541  0.00146698
        4452    0.848946    0.855539  0.00146665
        4453    0.849102    0.855538  0.00146632
        4454     0.84924    0.855537  0.00146599
        4455    0.849365    0.855535  0.00146566
        4456     0.84948    0.855534  0.00146534
        4457    0.849594    0.855532  0.00146501
        4458     0.84971    0.855531  0.00146468
        4459    0.849834     0.85553  0.00146435
        4460    0.849969    0.855529  0.00146402
        4461     0.85012    0.855527   0.0014637
        4462    0.850293    0.855526  0.00146337
        4463     0.85049    0.855525  0.00146304
        4464    0.850714    0.855524  0.00146271
        4465    0.850967    0.855523  0.00146239
        4466    0.851253    0.855522  0.00146206
        4467    0.851574    0.855521  0.00146173
        4468     0.85193     0.85552   0.0014614
        4469    0.852324     0.85552  0.00146108
        4470    0.852758    0.855519  0.00146075
        4471    0.853229    0.855518  0.00146042
        4472    0.853738    0.855518   0.0014601
        4473    0.854283    0.855518  0.00145977
        4474    0.854864    0.855518  0.00145945
        4475    0.855477    0.855518  0.00145912
        4476    0.856121    0.855518  0.00145879
        4477    0.856795    0.855518  0.00145847
        4478    0.857494    0.855519  0.00145814
        4479    0.858215    0.855519  0.00145782
        4480    0.858955     0.85552  0.00145749
        4481    0.859709    0.855521  0.00145717
        4482    0.860474    0.855522  0.00145684
        4483    0.861248    0.855523  0.00145652
        4484    0.862026    0.855525  0.00145619
        4485    0.862804    0.855526  0.00145587
        4486    0.863579    0.855528  0.00145555
        4487    0.864347     0.85553  0.00145522
        4488    0.865104    0.855532   0.0014549
        4489    0.865847    0.855534  0.00145458
        4490    0.866575    0.855537  0.00145426
        4491    0.867284     0.85554  0.00145393
        4492    0.867972    0.855542  0.00145361
        4493    0.868636    0.855545  0.00145329
        4494    0.869275    0.855548  0.00145297
        4495    0.869887    0.855551  0.00145265
        4496    0.870472    0.855555  0.00145233
        4497    0.871029    0.855558  0.00145201
        4498    0.871555    0.855562   0.0014517
        4499    0.872051    0.855565  0.00145138
        4500    0.872516    0.855569  0.00145106
        4501    0.872948    0.855573  0.00145074
        4502    0.873347    0.855577  0.00145043
        4503    0.873712    0.855581  0.00145011
        4504    0.874042    0.855585  0.00144979
        4505    0.874337    0.855589  0.00144948
        4506    0.874595    0.855594  0.00144916
        4507    0.874814    0.855598  0.00144885
        4508    0.874996    0.855602  0.00144853
        4509    0.875139    0.855606  0.00144822
        4510     0.87524    0.855611   0.0014479
        4511    0.875299    0.855615  0.00144759
        4512    0.875313     0.85562  0.00144727
        4513    0.875281    0.855624  0.00144696
        4514    0.875202    0.855628  0.00144665
        4515    0.875074    0.855633  0.00144633
        4516    0.874895    0.855637  0.00144602
        4517    0.874665    0.855641   0.0014457
        4518    0.874383    0.855645  0.00144539
        4519    0.874048    0.855649  0.00144508
        4520    0.873658    0.855653  0.00144476
        4521    0.873212    0.855657  0.00144445
        4522    0.872711    0.855661  0.00144413
        4523    0.872155    0.855665  0.00144382
        4524    0.871543    0.855668   0.0014435
        4525    0.870878    0.855671  0.00144319
        4526    0.870161    0.855675  0.00144287
        4527    0.869395    0.855678  0.00144256
        4528    0.868582     0.85568  0.00144224
        4529    0.867724    0.855683  0.00144193
        4530    0.866823    0.855686  0.00144161
        4531    0.865884    0.855688  0.00144129
        4532    0.864911     0.85569  0.00144098
        4533    0.863907    0.855692  0.00144066
        4534    0.862877    0.855693  0.00144034
        4535    0.861828    0.855695  0.00144003
        4536    0.860764    0.855696  0.00143971
        4537    0.859692    0.855697  0.00143939
        4538    0.858619    0.855697  0.00143907
        4539    0.857552    0.855698  0.00143876
        4540    0.856496    0.855698  0.00143844
        4541    0.855457    0.855698  0.00143812
        4542    0.854443    0.855698  0.00143781
        4543    0.853459    0.855697  0.00143749
        4544    0.852513    0.855696  0.00143717
        4545    0.851609    0.855695  0.00143686
        4546    0.850754    0.855694  0.00143654
        4547    0.849954    0.855693  0.00143623
        4548    0.849212    0.855692  0.00143591
        4549    0.848533     0.85569   0.0014356
        4550    0.847922    0.855688  0.00143528
        4551    0.847382    0.855687  0.00143497
        4552    0.846912    0.855685  0.00143466
        4553    0.846516    0.855683  0.00143434
        4554    0.846192    0.855681  0.00143403
        4555    0.845943    0.855678  0.00143371
        4556    0.845766    0.855676   0.0014334
        4557    0.845659    0.855674  0.00143309
        4558     0.84562    0.855672  0.00143278
        4559    0.845646     0.85567  0.00143246
        4560    0.845733    0.855667  0.00143215
        4561    0.845878    0.855665  0.00143184
        4562    0.846076    0.855663  0.00143153
        4563    0.846322    0.855661  0.00143121
        4564    0.846611    0.855659   0.0014309
        4565    0.846936    0.855657  0.00143059
        4566    0.847291    0.855655  0.00143028
        4567    0.847672    0.855654  0.00142997
        4568    0.848072    0.855652  0.00142965
        4569    0.848486     0.85565  0.00142934
        4570    0.848907    0.855649  0.00142903
        4571    0.849331    0.855648  0.00142872
        4572    0.849751    0.855646  0.00142841
        4573    0.850164    0.855645  0.00142809
        4574    0.850564    0.855644  0.00142778
        4575    0.850947    0.855643  0.00142747
        4576    0.851311    0.855642  0.00142716
        4577    0.851653    0.855641  0.00142685
        4578     0.85197     0.85564  0.00142654
        4579    0.852261     0.85564  0.00142622
        4580    0.852525    0.855639  0.00142591
        4581     0.85276    0.855638   0.0014256
        4582    0.852967    0.855638  0.00142529
        4583    0.853144    0.855637  0.00142498
        4584    0.853293    0.855637  0.00142467
        4585    0.853415    0.855636  0.00142436
        4586     0.85351    0.855636  0.00142405
        4587     0.85358    0.855635  0.00142374
        4588    0.853626    0.855635  0.00142343
        4589    0.853652    0.855634  0.00142312
        4590     0.85366    0.855634  0.00142281
        4591    0.853653    0.855634   0.0014225
        4592    0.853634    0.855633  0.00142219
        4593    0.853605    0.855633  0.00142188
        4594    0.853569    0.855632  0.00142157
        4595    0.853531    0.855632  0.00142126
        4596    0.853493    0.855631  0.00142095
        4597    0.853458    0.855631  0.00142064
        4598    0.853429     0.85563  0.00142033
        4599    0.853411     0.85563  0.00142002
        4600    0.853404    0.855629  0.00141971
        4601    0.853413    0.855629  0.00141941
        4602     0.85344    0.855628   0.0014191
        4603    0.853488    0.855628  0.00141879
        4604    0.853559    0.855627  0.00141848
        4605    0.853655    0.855627  0.00141817
        4606    0.853779    0.855627  0.00141787
        4607    0.853933    0.855626  0.00141756
        4608    0.854117    0.855626  0.00141725
        4609    0.854332    0.855626  0.00141694
        4610     0.85458    0.855625  0.00141664
        4611    0.854861    0.855625  0.00141633
        4612    0.855177    0.855625  0.00141602
        4613    0.855528    0.855625  0.00141571
        4614    0.855916    0.855625  0.00141541
        4615    0.856343    0.855625   0.0014151
        4616    0.856808    0.855626  0.00141479
        4617    0.857313    0.855626  0.00141449
        4618    0.857857    0.855626  0.00141418
        4619     0.85844    0.855627  0.00141388
        4620    0.859067    0.855628  0.00141357
        4621    0.859737    0.855629  0.00141326
        4622     0.86045     0.85563  0.00141296
        4623    0.861211    0.855631  0.00141265
        4624    0.862019    0.855632  0.00141235
        4625    0.862878    0.855634  0.00141204
        4626    0.863789    0.855636  0.00141174
        4627    0.864755    0.855638  0.00141144
        4628    0.865778     0.85564  0.00141113
        4629    0.866863    0.855642  0.00141083
        4630    0.868013    0.855645  0.00141053
        4631    0.869231    0.855648  0.00141023
        4632    0.870519    0.855651  0.00140993
        4633    0.871879    0.855655  0.00140963
        4634    0.873315    0.855658  0.00140933
        4635    0.874827    0.855663  0.00140903
        4636    0.876419    0.855667  0.00140873
        4637    0.878092    0.855672  0.00140844
        4638    0.879848    0.855677  0.00140814
        4639    0.881684    0.855683  0.00140785
        4640    0.883597    0.855689  0.00140756
        4641    0.885585    0.855695  0.00140727
        4642    0.887646    0.855702  0.00140698
        4643    0.889774    0.855709   0.0014067
        4644    0.891962    0.855717  0.00140642
        4645    0.894204    0.855725  0.00140614
        4646     0.89649    0.855734  0.00140587
        4647    0.898814    0.855743  0.00140559
        4648    0.901162    0.855753  0.00140533
        4649    0.903526    0.855764  0.00140506
        4650    0.905894    0.855774   0.0014048
        4651    0.908252    0.855786  0.00140454
        4652    0.910587    0.855797  0.00140429
        4653    0.912888     0.85581  0.00140404
        4654    0.915141    0.855822   0.0014038
        4655    0.917334    0.855836  0.00140356
        4656    0.919455    0.855849  0.00140332
        4657    0.921491    0.855863  0.00140309
        4658     0.92343    0.855878  0.00140287
        4659    0.925261    0.855893  0.00140265
        4660    0.926972    0.855908  0.00140243
        4661    0.928555    0.855924  0.00140221
        4662        0.93    0.855939    0.001402
        4663    0.931302    0.855956   0.0014018
        4664    0.932454    0.855972  0.00140159
        4665    0.933449    0.855989  0.00140139
        4666    0.934282    0.856005  0.00140119
        4667    0.934949    0.856022  0.00140099
        4668    0.935448    0.856039  0.00140079
        4669    0.935778    0.856056   0.0014006
        4670    0.935938    0.856074   0.0014004
        4671    0.935928    0.856091  0.00140021
        4672    0.935748    0.856108  0.00140001
        4673    0.935401    0.856125  0.00139981
        4674    0.934889    0.856142  0.00139962
        4675    0.934215    0.856158  0.00139942
        4676    0.933384    0.856175  0.00139921
        4677      0.9324    0.856191  0.00139901
        4678    0.931268    0.856207   0.0013988
        4679    0.929993    0.856223  0.00139859
        4680    0.928583    0.856238  0.00139838
        4681    0.927046    0.856253  0.00139816
        4682    0.925387    0.856268  0.00139794
        4683    0.923617    0.856283  0.00139772
        4684    0.921742    0.856297  0.00139749
        4685    0.919772     0.85631  0.00139726
        4686    0.917717    0.856323  0.00139702
        4687    0.915586    0.856336  0.00139678
        4688    0.913387    0.856348  0.00139653
        4689    0.911131     0.85636  0.00139629
        4690    0.908829    0.856371  0.00139603
        4691     0.90649    0.856382  0.00139578
        4692    0.904125    0.856392  0.00139552
        4693    0.901744    0.856401  0.00139525
        4694    0.899358    0.856411  0.00139498
        4695    0.896975    0.856419  0.00139471
        4696    0.894607    0.856427  0.00139444
        4697    0.892262    0.856435  0.00139416
        4698     0.88995    0.856442  0.00139389
        4699     0.88768    0.856449  0.00139361
        4700     0.88546    0.856455  0.00139332
        4701    0.883296    0.856461  0.00139304
        4702    0.881196    0.856466  0.00139275
        4703    0.879165    0.856471  0.00139246
        4704     0.87721    0.856475  0.00139217
        4705    0.875334    0.856479  0.00139188
        4706     0.87354    0.856483  0.00139159
        4707    0.871832    0.856486   0.0013913
        4708    0.870213    0.856489  0.00139101
        4709    0.868682    0.856492  0.00139072
        4710     0.86724    0.856494  0.00139042
        4711    0.865888    0.856496  0.00139013
        4712    0.864625    0.856498  0.00138983
        4713    0.863446    0.856499  0.00138954
        4714     0.86235      0.8565  0.00138925
        4715    0.861332    0.856501  0.00138895
        4716    0.860388    0.856502  0.00138866
        4717    0.859513    0.856503  0.00138836
        4718    0.858703    0.856503  0.00138807
        4719    0.857953    0.856504  0.00138778
        4720    0.857259    0.856504  0.00138748
        4721    0.856614    0.856504  0.00138719
        4722    0.856014    0.856504  0.00138689
        4723    0.855452    0.856503   0.0013866
        4724    0.854924    0.856503  0.00138631
        4725    0.854427    0.856503  0.00138601
        4726    0.853957    0.856502  0.00138572
        4727    0.853509    0.856501  0.00138543
        4728    0.853079    0.856501  0.00138513
        4729    0.852667      0.8565  0.00138484
        4730     0.85227    0.856499  0.00138455
        4731    0.851888    0.856498  0.00138426
        4732    0.851518    0.856497  0.00138396
        4733    0.851161    0.856496  0.00138367
        4734    0.850815    0.856495  0.00138338
        4735     0.85048    0.856493  0.00138309
        4736    0.850156    0.856492   0.0013828
        4737    0.849844    0.856491  0.00138251
        4738    0.849546    0.856489  0.00138222
        4739    0.849263    0.856488  0.00138192
        4740    0.848995    0.856486  0.00138163
        4741    0.848743    0.856484  0.00138134
        4742    0.848511    0.856483  0.00138105
        4743    0.848301    0.856481  0.00138076
        4744    0.848111    0.856479  0.00138047
        4745    0.847945    0.856477  0.00138018
        4746    0.847803    0.856476  0.00137989
        4747    0.847687    0.856474   0.0013796
        4748    0.847596    0.856472  0.00137932
        4749    0.847535     0.85647  0.00137903
        4750    0.847503    0.856468  0.00137874
        4751      0.8475    0.856466  0.00137845
        4752    0.847527    0.856464  0.00137816
        4753    0.847588    0.856463  0.00137787
        4754    0.847683    0.856461  0.00137758
        4755    0.847814    0.856459  0.00137729
        4756    0.847983    0.856457  0.00137701
        4757    0.848193    0.856455  0.00137672
        4758    0.848444    0.856454  0.00137643
        4759     0.84874    0.856452  0.00137614
        4760    0.849081     0.85645  0.00137585
        4761    0.849471    0.856449  0.00137556
        4762    0.849911    0.856448  0.00137528
        4763    0.850406    0.856446  0.00137499
        4764    0.850958    0.856445   0.0013747
        4765     0.85157    0.856444  0.00137441
        4766    0.852245    0.856443  0.00137412
        4767    0.852983    0.856443  0.00137384
        4768    0.853789    0.856442  0.00137355
        4769    0.854662    0.856442  0.00137326
        4770    0.855606    0.856441  0.00137297
        4771    0.856621    0.856442  0.00137268
        4772    0.857708    0.856442   0.0013724
        4773    0.858866    0.856442  0.00137211
        4774    0.860098    0.856443  0.00137182
        4775    0.861402    0.856444  0.00137153
        4776    0.862777    0.856445  0.00137125
        4777     0.86422    0.856447  0.00137096
        4778    0.865731    0.856449  0.00137068
        4779    0.867308    0.856451  0.00137039
        4780    0.868948    0.856454  0.00137011
        4781    0.870651    0.856457  0.00136982
        4782    0.872411     0.85646  0.00136954
        4783    0.874222    0.856464  0.00136926
        4784    0.876079    0.856468  0.00136898
        4785    0.877978    0.856472   0.0013687
        4786    0.879915    0.856477  0.00136842
        4787    0.881884    0.856483  0.00136815
        4788     0.88388    0.856488  0.00136787
        4789    0.885896    0.856495   0.0013676
        4790    0.887928    0.856501  0.00136733
        4791    0.889967    0.856508  0.00136707
        4792    0.892009    0.856516   0.0013668
        4793    0.894048    0.856523  0.00136654
        4794    0.896077    0.856532  0.00136628
        4795     0.89809     0.85654  0.00136602
        4796    0.900079    0.856549  0.00136577
        4797     0.90204    0.856559  0.00136551
        4798    0.903965    0.856569  0.00136526
        4799    0.905849    0.856579  0.00136502
        4800    0.907685     0.85659  0.00136478
        4801    0.909468    0.856601  0.00136454
        4802    0.911193    0.856612   0.0013643
        4803    0.912853    0.856624  0.00136407
        4804    0.914444    0.856636  0.00136383
        4805    0.915959    0.856648  0.00136361
        4806    0.917393    0.856661  0.00136338
        4807    0.918741    0.856674  0.00136316
        4808    0.919999    0.856687  0.00136294
        4809    0.921162      0.8567  0.00136272
        4810    0.922226    0.856714  0.00136251
        4811    0.923187    0.856728  0.00136229
        4812    0.924041    0.856742  0.00136208
        4813    0.924787    0.856756  0.00136187
        4814     0.92542     0.85677  0.00136166
        4815    0.925936    0.856784  0.00136146
        4816    0.926333    0.856799  0.00136125
        4817    0.926607    0.856813  0.00136105
        4818    0.926757    0.856828  0.00136084
        4819    0.926781    0.856842  0.00136064
        4820    0.926679    0.856857  0.00136043
        4821     0.92645    0.856871  0.00136022
        4822    0.926092    0.856886  0.00136002
        4823    0.925606      0.8569  0.00135981
        4824    0.924993    0.856914   0.0013596
        4825    0.924251    0.856928  0.00135939
        4826    0.923385    0.856942  0.00135918
        4827    0.922395    0.856955  0.00135897
        4828    0.921285    0.856969  0.00135875
        4829    0.920055    0.856982  0.00135853
        4830    0.918709    0.856994  0.00135831
        4831    0.917251    0.857007  0.00135809
        4832    0.915685    0.857019  0.00135786
        4833    0.914014    0.857031  0.00135763
        4834    0.912243    0.857042   0.0013574
        4835    0.910377    0.857053  0.00135716
        4836     0.90842    0.857064  0.00135692
        4837    0.906379    0.857074  0.00135668
        4838    0.904258    0.857084  0.00135643
        4839    0.902062    0.857093  0.00135619
        4840    0.899798    0.857102  0.00135593
        4841    0.897473     0.85711  0.00135568
        4842    0.895094    0.857118  0.00135542
        4843    0.892666    0.857126  0.00135516
        4844    0.890194    0.857132   0.0013549
        4845    0.887686    0.857139  0.00135464
        4846    0.885147    0.857144  0.00135437
        4847    0.882583     0.85715   0.0013541
        4848    0.879999    0.857154  0.00135383
        4849    0.877402    0.857159  0.00135356
        4850    0.874797    0.857162  0.00135328
        4851    0.872189    0.857165  0.00135301
        4852    0.869584    0.857168  0.00135273
        4853    0.866987     0.85717  0.00135245
        4854    0.864405    0.857171  0.00135217
        4855    0.861841    0.857172   0.0013519
        4856    0.859302    0.857173  0.00135162
        4857    0.856793    0.857173  0.00135134
        4858    0.854319    0.857172  0.00135106
        4859    0.851884    0.857171  0.00135078
        4860    0.849492    0.857169  0.00135051
        4861     0.84715    0.857167  0.00135023
        4862    0.844863    0.857165  0.00134996
        4863    0.842634    0.857162  0.00134968
        4864    0.840467    0.857158  0.00134941
        4865    0.838368    0.857155  0.00134914
        4866    0.836341     0.85715  0.00134887
        4867     0.83439    0.857146   0.0013486
        4868    0.832518    0.857141  0.00134833
        4869     0.83073    0.857135  0.00134806
        4870    0.829028    0.857129   0.0013478
        4871    0.827417    0.857123  0.00134754
        4872    0.825896    0.857117  0.00134727
        4873    0.824468     0.85711  0.00134701
        4874    0.823137    0.857103  0.00134676
        4875    0.821902    0.857096   0.0013465
        4876    0.820763    0.857089  0.00134624
        4877    0.819721    0.857081  0.00134599
        4878    0.818775    0.857073  0.00134574
        4879    0.817925    0.857065  0.00134548
        4880    0.817169    0.857057  0.00134523
        4881    0.816506    0.857049  0.00134498
        4882    0.815932     0.85704  0.00134473
        4883    0.815445    0.857032  0.00134449
        4884    0.815042    0.857023  0.00134424
        4885    0.814719    0.857014  0.00134399
        4886    0.814473    0.857006  0.00134374
        4887    0.814301    0.856997   0.0013435
        4888    0.814196    0.856988  0.00134325
        4889    0.814153    0.856979    0.001343
        4890    0.814169    0.856971  0.00134276
        4891     0.81424    0.856962  0.00134251
        4892    0.814361    0.856953  0.00134227
        4893    0.814525    0.856944  0.00134202
        4894    0.814729    0.856936  0.00134177
        4895    0.814968    0.856927  0.00134153
        4896    0.815239    0.856919  0.00134128
        4897    0.815537     0.85691  0.00134103
        4898    0.815856    0.856902  0.00134079
        4899    0.816194    0.856894  0.00134054
        4900    0.816544    0.856885  0.00134029
        4901    0.816905    0.856877  0.00134004
        4902    0.817274    0.856869  0.00133979
        4903    0.817648    0.856861  0.00133954
        4904    0.818024    0.856853  0.00133929
        4905      0.8184    0.856845  0.00133904
        4906    0.818777    0.856838  0.00133879
        4907    0.819153     0.85683  0.00133854
        4908    0.819527    0.856822  0.00133829
        4909    0.819899    0.856815  0.00133804
        4910    0.820267    0.856807  0.00133779
        4911    0.820632      0.8568  0.00133753
        4912    0.820998    0.856793  0.00133728
        4913    0.821364    0.856786  0.00133703
        4914    0.821734    0.856778  0.00133678
        4915    0.822111    0.856771  0.00133652
        4916    0.822498    0.856764  0.00133627
        4917    0.822901    0.856757  0.00133601
        4918    0.823321    0.856751  0.00133576
        4919    0.823763    0.856744  0.00133551
        4920    0.824233    0.856737  0.00133525
        4921    0.824735    0.856731    0.001335
        4922    0.825275    0.856724  0.00133474
        4923    0.825858    0.856718  0.00133448
        4924    0.826492    0.856712  0.00133423
        4925    0.827182    0.856706  0.00133397
        4926    0.827934      0.8567  0.00133371
        4927    0.828753    0.856695  0.00133345
        4928    0.829644    0.856689  0.00133319
        4929    0.830613    0.856684  0.00133293
        4930    0.831665    0.856679  0.00133267
        4931    0.832806    0.856674  0.00133241
        4932    0.834036    0.856669  0.00133215
        4933    0.835359    0.856665  0.00133189
        4934    0.836775    0.856661  0.00133162
        4935    0.838286    0.856657  0.00133136
        4936    0.839893    0.856654  0.00133109
        4937    0.841596    0.856651  0.00133083
        4938    0.843393    0.856648  0.00133056
        4939    0.845281    0.856646  0.00133029
        4940    0.847259    0.856644  0.00133002
        4941    0.849322    0.856642  0.00132975
        4942    0.851466    0.856641  0.00132949
        4943    0.853683    0.856641  0.00132922
        4944    0.855969    0.856641  0.00132895
        4945    0.858315    0.856641  0.00132868
        4946    0.860715    0.856642  0.00132841
        4947     0.86316    0.856643  0.00132814
        4948    0.865643    0.856645  0.00132788
        4949    0.868154    0.856647  0.00132761
        4950    0.870685     0.85665  0.00132734
        4951    0.873228    0.856653  0.00132708
        4952    0.875774    0.856657  0.00132682
        4953    0.878312    0.856662  0.00132656
        4954    0.880833    0.856667   0.0013263
        4955    0.883328    0.856672  0.00132604
        4956    0.885787    0.856678  0.00132579
        4957    0.888202    0.856684  0.00132554
        4958    0.890562    0.856691  0.00132529
        4959    0.892861    0.856698  0.00132504
        4960    0.895089    0.856706  0.00132479
        4961    0.897239    0.856714  0.00132455
        4962    0.899304    0.856723  0.00132431
        4963    0.901278    0.856732  0.00132408
        4964    0.903154    0.856741  0.00132384
        4965    0.904925    0.856751  0.00132361
        4966    0.906586    0.856761  0.00132338
        4967    0.908131    0.856771  0.00132316
        4968    0.909555    0.856782  0.00132293
        4969    0.910853    0.856793  0.00132271
        4970    0.912021    0.856804  0.00132249
        4971    0.913057    0.856815  0.00132228
        4972    0.913956    0.856827  0.00132206
        4973    0.914717    0.856838  0.00132184
        4974    0.915338     0.85685  0.00132163
        4975    0.915818    0.856862  0.00132142
        4976    0.916155    0.856874  0.00132121
        4977    0.916349    0.856886    0.001321
        4978    0.916399    0.856898  0.00132078
        4979    0.916307     0.85691  0.00132057
        4980    0.916072    0.856921  0.00132036
        4981    0.915698    0.856933  0.00132015
        4982    0.915185    0.856945  0.00131994
        4983    0.914537    0.856957  0.00131972
        4984    0.913757    0.856968  0.00131951
        4985    0.912851    0.856979  0.00131929
        4986    0.911823     0.85699  0.00131907
        4987    0.910679    0.857001  0.00131885
        4988    0.909423    0.857011  0.00131863
        4989    0.908062    0.857022   0.0013184
        4990    0.906604    0.857032  0.00131818
        4991    0.905055    0.857041  0.00131795
        4992    0.903422    0.857051  0.00131772
        4993    0.901712    0.857059  0.00131748
        4994    0.899937    0.857068  0.00131725
        4995    0.898103    0.857076  0.00131701
        4996    0.896223    0.857084  0.00131677
        4997    0.894303    0.857092  0.00131652
        4998    0.892356    0.857099  0.00131628
        4999     0.89039    0.857105  0.00131603
        5000    0.888415    0.857112  0.00131579
