#   N_BLOCK:  ACCEPTANCE:
           1    0.539032
           2    0.539028
           3    0.539028
           4    0.539036
           5    0.539048
           6    0.539055
           7    0.539057
           8    0.539057
           9    0.539067
          10    0.539083
          11    0.539079
          12    0.539055
          13    0.539059
          14    0.539065
          15    0.539059
          16     0.53904
          17    0.539024
          18    0.539006
          19    0.538984
          20    0.538974
          21     0.53898
          22     0.53898
          23     0.53898
          24    0.538984
          25    0.538987
          26    0.538987
          27    0.538987
          28    0.538993
          29    0.539005
          30    0.538997
          31    0.539005
          32    0.539007
          33    0.539003
          34    0.538983
          35    0.538988
          36     0.53899
          37     0.53899
          38    0.539004
          39     0.53902
          40     0.53903
          41     0.53904
          42    0.539048
          43    0.539056
          44    0.539066
          45    0.539062
          46    0.539076
          47    0.539084
          48    0.539092
          49    0.539081
          50    0.539073
          51    0.539057
          52    0.539071
          53    0.539065
          54    0.539091
          55    0.539101
          56    0.539103
          57    0.539111
          58    0.539127
          59    0.539127
          60    0.539139
          61    0.539145
          62    0.539147
          63    0.539149
          64    0.539141
          65    0.539138
          66    0.539116
          67    0.539112
          68    0.539114
          69     0.53912
          70    0.539114
          71    0.539098
          72    0.539104
          73    0.539116
          74    0.539109
          75    0.539095
          76    0.539103
          77    0.539117
          78    0.539129
          79    0.539139
          80    0.539137
          81    0.539139
          82    0.539141
          83    0.539151
          84    0.539149
          85    0.539149
          86    0.539149
          87    0.539157
          88     0.53914
          89    0.539142
          90    0.539154
          91    0.539154
          92    0.539148
          93     0.53915
          94    0.539138
          95    0.539146
          96     0.53915
          97    0.539152
          98    0.539152
          99    0.539178
         100    0.539186
         101    0.539182
         102    0.539172
         103    0.539161
         104    0.539149
         105    0.539137
         106    0.539137
         107    0.539141
         108    0.539133
         109    0.539133
         110    0.539147
         111    0.539155
         112    0.539185
         113    0.539189
         114    0.539185
         115    0.539172
         116    0.539162
         117    0.539164
         118    0.539156
         119    0.539156
         120    0.539164
         121    0.539148
         122    0.539148
         123    0.539139
         124    0.539137
         125    0.539137
         126    0.539133
         127    0.539117
         128    0.539111
         129    0.539115
         130    0.539131
         131    0.539131
         132    0.539145
         133    0.539149
         134    0.539147
         135    0.539157
         136    0.539169
         137     0.53916
         138     0.53915
         139    0.539142
         140     0.53914
         141    0.539156
         142    0.539138
         143    0.539138
         144    0.539131
         145    0.539135
         146    0.539144
         147    0.539139
         148    0.539147
         149    0.539153
         150    0.539143
         151    0.539137
         152    0.539141
         153    0.539135
         154    0.539141
         155    0.539137
         156    0.539141
         157    0.539143
         158    0.539146
         159    0.539144
         160    0.539144
         161    0.539165
         162    0.539171
         163    0.539189
         164    0.539197
         165    0.539205
         166    0.539221
         167    0.539221
         168    0.539221
         169    0.539225
         170    0.539227
         171    0.539231
         172    0.539223
         173    0.539214
         174    0.539204
         175    0.539202
         176    0.539194
         177    0.539192
         178     0.53919
         179    0.539192
         180    0.539185
         181    0.539185
         182    0.539177
         183    0.539191
         184    0.539173
         185    0.539177
         186    0.539177
         187    0.539166
         188    0.539172
         189    0.539172
         190    0.539172
         191    0.539176
         192     0.53917
         193     0.53917
         194    0.539176
         195    0.539166
         196    0.539166
         197     0.53917
         198    0.539178
         199     0.53918
         200    0.539173
         201    0.539182
         202    0.539184
         203    0.539183
         204    0.539194
         205    0.539185
         206    0.539173
         207    0.539152
         208    0.539144
         209     0.53914
         210    0.539146
         211    0.539148
         212    0.539164
         213    0.539178
         214    0.539176
         215    0.539158
         216     0.53918
         217    0.539195
         218    0.539186
         219    0.539188
         220     0.53919
         221    0.539188
         222    0.539182
         223    0.539188
         224    0.539178
         225    0.539173
         226    0.539155
         227     0.53914
         228     0.53913
         229    0.539132
         230     0.53912
         231    0.539118
         232    0.539111
         233    0.539134
         234    0.539132
         235    0.539123
         236    0.539119
         237    0.539127
         238    0.539129
         239    0.539117
         240    0.539113
         241    0.539113
         242    0.539098
         243    0.539096
         244    0.539102
         245    0.539098
         246    0.539088
         247    0.539094
         248    0.539094
         249    0.539079
         250    0.539083
         251    0.539083
         252    0.539075
         253    0.539079
         254    0.539085
         255    0.539081
         256    0.539078
         257    0.539068
         258    0.539062
         259    0.539041
         260    0.539041
         261    0.539043
         262    0.539026
         263     0.53903
         264    0.539016
         265    0.539012
         266    0.539001
         267    0.538999
         268    0.538989
         269    0.538999
         270    0.539001
         271    0.539015
         272    0.539042
         273     0.53905
         274    0.539056
         275    0.539054
         276    0.539052
         277    0.539058
         278    0.539054
         279    0.539056
         280    0.539066
         281    0.539078
         282    0.539086
         283    0.539094
         284    0.539092
         285    0.539088
         286    0.539086
         287    0.539086
         288     0.53909
         289      0.5391
         290    0.539112
         291    0.539124
         292    0.539143
         293    0.539145
         294    0.539141
         295    0.539116
         296    0.539097
         297    0.539081
         298    0.539074
         299    0.539068
         300     0.53907
         301    0.539068
         302    0.539068
         303    0.539082
         304    0.539078
         305    0.539072
         306    0.539063
         307    0.539067
         308    0.539067
         309    0.539061
         310    0.539046
         311    0.539022
         312    0.539034
         313    0.539019
         314    0.539029
         315    0.539027
         316    0.539048
         317    0.539046
         318    0.539062
         319    0.539058
         320    0.539068
         321     0.53908
         322     0.53907
         323    0.539066
         324    0.539062
         325    0.539062
         326    0.539063
         327    0.539051
         328    0.539067
         329    0.539092
         330    0.539113
         331    0.539113
         332    0.539125
         333    0.539129
         334    0.539148
         335     0.53917
         336    0.539176
         337    0.539182
         338    0.539176
         339    0.539164
         340    0.539161
         341    0.539143
         342    0.539145
         343    0.539128
         344    0.539113
         345    0.539111
         346    0.539117
         347    0.539105
         348    0.539099
         349    0.539088
         350    0.539103
         351    0.539107
         352     0.53909
         353    0.539094
         354    0.539108
         355    0.539112
         356    0.539114
         357    0.539112
         358    0.539108
         359    0.539114
         360    0.539131
         361     0.53912
         362    0.539131
         363    0.539112
         364    0.539114
         365    0.539114
         366    0.539107
         367    0.539105
         368    0.539105
         369    0.539101
         370    0.539084
         371     0.53907
         372    0.539038
         373    0.539026
         374    0.539021
         375    0.538998
         376    0.538992
         377     0.53899
         378    0.538984
         379    0.538975
         380    0.538985
         381    0.538981
         382    0.538975
         383    0.538973
         384    0.538981
         385    0.538991
         386    0.539006
         387    0.539012
         388    0.539012
         389    0.539007
         390    0.539003
         391    0.538999
         392    0.538995
         393    0.539001
         394    0.539013
         395    0.539019
         396    0.539015
         397    0.539015
         398    0.539019
         399    0.539004
         400       0.539
         401    0.539008
         402    0.539004
         403    0.539012
         404    0.539008
         405    0.538993
         406    0.538985
         407    0.538995
         408    0.539005
         409    0.539003
         410    0.539016
         411    0.539007
         412    0.539007
         413    0.538995
         414    0.538999
         415    0.539011
         416    0.539023
         417    0.539029
         418    0.539036
         419     0.53904
         420    0.539019
         421    0.538996
         422    0.538983
         423    0.538962
         424     0.53896
         425    0.538953
         426    0.538951
         427    0.538955
         428    0.538974
         429    0.538982
         430    0.538988
         431    0.538993
         432    0.538995
         433    0.538994
         434    0.538992
         435     0.53899
         436    0.538988
         437       0.539
         438    0.539004
         439    0.539015
         440    0.539019
         441    0.539017
         442     0.53901
         443    0.539016
         444    0.539021
         445    0.539012
         446    0.539006
         447    0.539008
         448    0.539028
         449    0.539054
         450    0.539064
         451    0.539068
         452    0.539072
         453     0.53907
         454    0.539072
         455     0.53907
         456    0.539061
         457    0.539048
         458    0.539042
         459    0.539053
         460    0.539065
         461    0.539069
         462    0.539079
         463    0.539088
         464    0.539077
         465    0.539094
         466    0.539094
         467    0.539085
         468    0.539081
         469    0.539085
         470    0.539087
         471    0.539091
         472    0.539083
         473    0.539083
         474    0.539085
         475    0.539084
         476    0.539097
         477    0.539105
         478    0.539105
         479    0.539111
         480    0.539126
         481    0.539132
         482    0.539145
         483    0.539141
         484     0.53913
         485    0.539134
         486    0.539151
         487    0.539168
         488    0.539178
         489    0.539182
         490    0.539194
         491    0.539207
         492    0.539201
         493    0.539188
         494    0.539184
         495    0.539188
         496    0.539192
         497    0.539192
         498    0.539209
         499    0.539215
         500    0.539198
         501    0.539185
         502    0.539162
         503    0.539132
         504     0.53912
         505    0.539122
         506    0.539121
         507    0.539122
         508     0.53913
         509    0.539128
         510    0.539134
         511    0.539138
         512    0.539151
         513    0.539159
         514    0.539159
         515    0.539163
         516    0.539154
         517    0.539144
         518    0.539125
         519    0.539127
         520    0.539131
         521    0.539141
         522    0.539141
         523    0.539169
         524    0.539173
         525    0.539173
         526    0.539179
         527    0.539185
         528    0.539174
         529    0.539181
         530    0.539181
         531    0.539176
         532    0.539168
         533    0.539176
         534    0.539185
         535    0.539186
         536    0.539197
         537     0.53919
         538     0.53919
         539    0.539192
         540    0.539186
         541     0.53919
         542    0.539201
         543    0.539224
         544    0.539243
         545    0.539241
         546    0.539255
         547    0.539259
         548    0.539249
         549    0.539228
         550    0.539221
         551    0.539229
         552     0.53923
         553    0.539229
         554    0.539221
         555    0.539206
         556    0.539204
         557    0.539199
         558    0.539185
         559    0.539174
         560     0.53918
         561    0.539172
         562     0.53919
         563    0.539205
         564    0.539209
         565    0.539216
         566    0.539216
         567    0.539232
         568    0.539237
         569    0.539249
         570    0.539251
         571    0.539247
         572    0.539251
         573     0.53924
         574    0.539228
         575    0.539228
         576     0.53924
         577     0.53924
         578    0.539234
         579    0.539229
         580    0.539227
         581    0.539217
         582    0.539219
         583    0.539225
         584    0.539238
         585    0.539244
         586     0.53925
         587    0.539256
         588    0.539252
         589    0.539229
         590    0.539224
         591    0.539216
         592    0.539224
         593    0.539205
         594    0.539205
         595    0.539207
         596    0.539202
         597    0.539209
         598    0.539219
         599    0.539224
         600    0.539234
         601     0.53924
         602    0.539247
         603    0.539245
         604    0.539232
         605    0.539232
         606    0.539225
         607    0.539225
         608     0.53921
         609    0.539206
         610    0.539199
         611    0.539206
         612    0.539199
         613    0.539195
         614    0.539194
         615    0.539197
         616    0.539211
         617    0.539214
         618    0.539207
         619    0.539198
         620    0.539207
         621    0.539228
         622    0.539234
         623    0.539236
         624    0.539243
         625    0.539247
         626     0.53926
         627    0.539268
         628    0.539275
         629    0.539281
         630    0.539278
         631    0.539289
         632    0.539276
         633    0.539272
         634    0.539267
         635    0.539267
         636    0.539255
         637     0.53925
         638    0.539254
         639    0.539267
         640    0.539261
         641    0.539263
         642    0.539276
         643     0.53928
         644    0.539269
         645    0.539275
         646    0.539269
         647    0.539267
         648    0.539266
         649    0.539271
         650    0.539266
         651    0.539258
         652    0.539256
         653    0.539255
         654    0.539258
         655    0.539272
         656    0.539274
         657    0.539283
         658    0.539279
         659    0.539287
         660    0.539276
         661    0.539283
         662    0.539293
         663    0.539308
         664    0.539315
         665    0.539325
         666    0.539323
         667     0.53931
         668    0.539303
         669     0.53931
         670    0.539293
         671    0.539295
         672    0.539314
         673    0.539312
         674    0.539301
         675    0.539303
         676    0.539311
         677    0.539311
         678    0.539292
         679     0.53929
         680    0.539281
         681     0.53927
         682    0.539266
         683    0.539272
         684    0.539266
         685    0.539268
         686    0.539266
         687    0.539291
         688    0.539304
         689    0.539306
         690    0.539293
         691    0.539289
         692    0.539289
         693    0.539286
         694    0.539269
         695    0.539261
         696    0.539265
         697    0.539284
         698    0.539282
         699    0.539282
         700    0.539279
         701    0.539273
         702    0.539267
         703     0.53926
         704    0.539254
         705    0.539251
         706    0.539253
         707    0.539255
         708    0.539262
         709    0.539274
         710    0.539277
         711     0.53929
         712    0.539291
         713    0.539298
         714    0.539298
         715    0.539306
         716    0.539319
         717    0.539336
         718    0.539339
         719    0.539334
         720    0.539334
         721    0.539338
         722     0.53933
         723    0.539342
         724    0.539344
         725    0.539336
         726    0.539344
         727    0.539351
         728    0.539346
         729     0.53934
         730    0.539336
         731    0.539346
         732     0.53935
         733    0.539353
         734    0.539348
         735    0.539324
         736    0.539309
         737    0.539287
         738    0.539275
         739    0.539279
         740     0.53927
         741    0.539253
         742    0.539261
         743     0.53924
         744    0.539242
         745    0.539235
         746    0.539229
         747    0.539233
         748    0.539235
         749    0.539232
         750     0.53923
         751    0.539232
         752    0.539224
         753    0.539223
         754    0.539224
         755    0.539225
         756    0.539215
         757     0.53921
         758     0.53921
         759    0.539178
         760    0.539162
         761    0.539156
         762    0.539147
         763    0.539145
         764    0.539132
         765    0.539121
         766    0.539118
         767    0.539108
         768     0.53911
         769    0.539114
         770    0.539107
         771    0.539092
         772    0.539087
         773    0.539092
         774     0.53909
         775    0.539076
         776    0.539085
         777    0.539087
         778    0.539083
         779    0.539093
         780    0.539113
         781      0.5391
         782    0.539086
         783    0.539073
         784    0.539069
         785    0.539076
         786    0.539093
         787    0.539108
         788    0.539119
         789    0.539123
         790    0.539136
         791    0.539146
         792    0.539131
         793    0.539129
         794    0.539122
         795    0.539126
         796    0.539135
         797    0.539131
         798    0.539128
         799     0.53912
         800    0.539131
         801     0.53912
         802    0.539117
         803    0.539121
         804    0.539091
         805    0.539082
         806    0.539084
         807    0.539082
         808    0.539086
         809     0.53909
         810    0.539084
         811    0.539075
         812     0.53906
         813    0.539044
         814    0.539022
         815    0.539012
         816    0.539009
         817    0.538994
         818    0.538989
         819    0.538974
         820    0.538987
         821    0.538985
         822    0.538987
         823    0.538989
         824       0.539
         825    0.538999
         826    0.539015
         827    0.539008
         828    0.539017
         829    0.539005
         830    0.538992
         831    0.538986
         832    0.538975
         833    0.538977
         834    0.538987
         835    0.538976
         836    0.538996
         837    0.539007
         838    0.539015
         839    0.539018
         840     0.53903
         841    0.539039
         842    0.539046
         843    0.539041
         844    0.539041
         845    0.539041
         846    0.539028
         847    0.539014
         848    0.539014
         849    0.539003
         850    0.539003
         851    0.539008
         852    0.539008
         853    0.539003
         854    0.538988
         855    0.538983
         856    0.538979
         857    0.538978
         858    0.538974
         859     0.53897
         860    0.538965
         861    0.538971
         862    0.538969
         863    0.538978
         864    0.538997
         865    0.538986
         866     0.53899
         867    0.538982
         868    0.539001
         869    0.539012
         870    0.539014
         871    0.539018
         872     0.53901
         873    0.538998
         874    0.538992
         875    0.538976
         876    0.538985
         877    0.538989
         878    0.538978
         879    0.538978
         880     0.53898
         881    0.538967
         882    0.538954
         883    0.538965
         884    0.538967
         885    0.538969
         886    0.538949
         887    0.538944
         888    0.538946
         889    0.538951
         890    0.538953
         891    0.538948
         892    0.538933
         893    0.538937
         894    0.538915
         895    0.538908
         896    0.538928
         897    0.538939
         898    0.538939
         899    0.538941
         900    0.538939
         901    0.538921
         902    0.538925
         903    0.538931
         904    0.538936
         905    0.538942
         906    0.538951
         907    0.538949
         908    0.538951
         909    0.538957
         910    0.538959
         911    0.538959
         912    0.538948
         913    0.538937
         914    0.538937
         915    0.538924
         916    0.538914
         917    0.538926
         918    0.538932
         919    0.538934
         920    0.538916
         921    0.538916
         922    0.538925
         923    0.538925
         924    0.538916
         925    0.538913
         926    0.538916
         927    0.538926
         928    0.538931
         929    0.538935
         930    0.538928
         931    0.538913
         932    0.538895
         933    0.538899
         934    0.538912
         935    0.538904
         936     0.53891
         937     0.53891
         938    0.538901
         939    0.538907
         940    0.538901
         941    0.538903
         942    0.538923
         943    0.538927
         944    0.538922
         945     0.53892
         946    0.538924
         947    0.538924
         948    0.538909
         949    0.538911
         950    0.538921
         951    0.538913
         952     0.53893
         953    0.538937
         954     0.53895
         955    0.538952
         956    0.538965
         957    0.538967
         958    0.538965
         959    0.538958
         960    0.538942
         961    0.538947
         962    0.538947
         963    0.538935
         964    0.538924
         965    0.538913
         966    0.538911
         967    0.538919
         968    0.538922
         969    0.538922
         970    0.538923
         971     0.53891
         972    0.538917
         973    0.538914
         974    0.538916
         975    0.538897
         976    0.538894
         977    0.538892
         978     0.53888
         979    0.538878
         980    0.538876
         981    0.538863
         982    0.538871
         983    0.538855
         984    0.538847
         985    0.538857
         986    0.538857
         987     0.53886
         988    0.538853
         989    0.538835
         990    0.538821
         991    0.538834
         992    0.538836
         993    0.538808
         994    0.538798
         995     0.53879
         996    0.538789
         997    0.538771
         998    0.538773
         999    0.538758
        1000    0.538764
        1001    0.538766
        1002    0.538769
        1003    0.538771
        1004    0.538768
        1005    0.538766
        1006     0.53875
        1007    0.538735
        1008    0.538741
        1009    0.538745
        1010    0.538739
        1011    0.538741
        1012    0.538745
        1013    0.538747
        1014    0.538736
        1015    0.538742
        1016    0.538758
        1017    0.538753
        1018    0.538744
        1019    0.538751
        1020    0.538757
        1021    0.538761
        1022    0.538775
        1023    0.538788
        1024    0.538794
        1025    0.538786
        1026    0.538765
        1027    0.538767
        1028    0.538772
        1029    0.538769
        1030    0.538767
        1031     0.53876
        1032    0.538744
        1033    0.538731
        1034    0.538729
        1035    0.538726
        1036     0.53871
        1037    0.538712
        1038    0.538708
        1039    0.538706
        1040    0.538701
        1041    0.538696
        1042     0.53871
        1043    0.538718
        1044    0.538721
        1045    0.538742
        1046     0.53874
        1047    0.538742
        1048    0.538758
        1049    0.538764
        1050    0.538762
        1051    0.538768
        1052    0.538768
        1053    0.538768
        1054    0.538773
        1055    0.538777
        1056    0.538764
        1057    0.538757
        1058    0.538741
        1059    0.538741
        1060    0.538758
        1061    0.538769
        1062    0.538756
        1063    0.538754
        1064    0.538762
        1065    0.538775
        1066    0.538766
        1067    0.538766
        1068     0.53876
        1069    0.538764
        1070    0.538784
        1071    0.538788
        1072     0.53879
        1073    0.538788
        1074    0.538792
        1075    0.538803
        1076     0.53881
        1077    0.538814
        1078    0.538807
        1079    0.538807
        1080    0.538809
        1081    0.538816
        1082    0.538816
        1083    0.538816
        1084    0.538829
        1085    0.538834
        1086    0.538847
        1087    0.538851
        1088    0.538855
        1089    0.538862
        1090     0.53886
        1091    0.538864
        1092    0.538869
        1093    0.538871
        1094     0.53887
        1095     0.53887
        1096    0.538863
        1097    0.538863
        1098    0.538863
        1099    0.538861
        1100    0.538881
        1101     0.53889
        1102    0.538887
        1103    0.538894
        1104    0.538889
        1105    0.538882
        1106    0.538883
        1107    0.538887
        1108    0.538887
        1109    0.538873
        1110    0.538866
        1111    0.538855
        1112    0.538864
        1113    0.538863
        1114    0.538866
        1115    0.538883
        1116    0.538881
        1117    0.538883
        1118    0.538865
        1119     0.53886
        1120    0.538869
        1121    0.538869
        1122     0.53888
        1123    0.538885
        1124    0.538885
        1125    0.538873
        1126    0.538864
        1127     0.53885
        1128    0.538855
        1129     0.53885
        1130    0.538837
        1131    0.538839
        1132    0.538841
        1133    0.538845
        1134    0.538845
        1135    0.538845
        1136     0.53884
        1137    0.538835
        1138    0.538806
        1139    0.538795
        1140    0.538803
        1141    0.538795
        1142    0.538805
        1143    0.538815
        1144    0.538821
        1145    0.538812
        1146      0.5388
        1147    0.538785
        1148    0.538791
        1149    0.538793
        1150    0.538802
        1151    0.538805
        1152    0.538809
        1153    0.538815
        1154    0.538824
        1155    0.538817
        1156    0.538826
        1157    0.538829
        1158    0.538846
        1159    0.538851
        1160    0.538851
        1161    0.538867
        1162     0.53886
        1163    0.538855
        1164    0.538852
        1165    0.538846
        1166    0.538829
        1167     0.53882
        1168    0.538814
        1169    0.538813
        1170    0.538808
        1171    0.538809
        1172    0.538813
        1173    0.538817
        1174    0.538833
        1175    0.538831
        1176     0.53883
        1177    0.538824
        1178    0.538832
        1179    0.538832
        1180    0.538837
        1181    0.538834
        1182    0.538832
        1183    0.538829
        1184    0.538829
        1185    0.538831
        1186    0.538824
        1187    0.538831
        1188    0.538838
        1189    0.538833
        1190    0.538829
        1191    0.538819
        1192     0.53881
        1193     0.53881
        1194    0.538814
        1195    0.538823
        1196    0.538819
        1197     0.53881
        1198    0.538811
        1199    0.538816
        1200      0.5388
        1201    0.538805
        1202    0.538798
        1203    0.538786
        1204    0.538779
        1205    0.538776
        1206    0.538772
        1207    0.538785
        1208    0.538772
        1209    0.538756
        1210    0.538749
        1211    0.538741
        1212     0.53873
        1213    0.538723
        1214    0.538725
        1215    0.538739
        1216    0.538746
        1217    0.538752
        1218    0.538745
        1219    0.538729
        1220     0.53874
        1221    0.538738
        1222    0.538738
        1223    0.538742
        1224    0.538751
        1225    0.538731
        1226    0.538715
        1227    0.538717
        1228    0.538723
        1229    0.538734
        1230    0.538736
        1231    0.538729
        1232    0.538732
        1233    0.538741
        1234    0.538738
        1235    0.538738
        1236    0.538749
        1237    0.538765
        1238    0.538776
        1239    0.538776
        1240    0.538785
        1241    0.538799
        1242    0.538817
        1243    0.538828
        1244    0.538828
        1245    0.538814
        1246    0.538816
        1247    0.538821
        1248    0.538819
        1249    0.538816
        1250    0.538811
        1251    0.538807
        1252    0.538786
        1253    0.538791
        1254    0.538793
        1255    0.538793
        1256    0.538786
        1257    0.538778
        1258    0.538765
        1259    0.538773
        1260    0.538776
        1261    0.538766
        1262    0.538766
        1263    0.538761
        1264    0.538757
        1265    0.538747
        1266    0.538743
        1267    0.538743
        1268    0.538747
        1269    0.538761
        1270    0.538767
        1271    0.538783
        1272    0.538788
        1273    0.538801
        1274    0.538804
        1275     0.53881
        1276    0.538803
        1277    0.538801
        1278    0.538787
        1279     0.53878
        1280    0.538777
        1281    0.538771
        1282    0.538763
        1283    0.538759
        1284    0.538768
        1285    0.538767
        1286    0.538779
        1287    0.538784
        1288    0.538774
        1289    0.538779
        1290    0.538788
        1291    0.538783
        1292    0.538794
        1293    0.538803
        1294    0.538791
        1295    0.538789
        1296    0.538778
        1297    0.538782
        1298    0.538787
        1299    0.538789
        1300    0.538789
        1301    0.538791
        1302    0.538804
        1303    0.538811
        1304    0.538816
        1305    0.538831
        1306    0.538829
        1307    0.538822
        1308    0.538824
        1309    0.538831
        1310    0.538838
        1311    0.538851
        1312    0.538861
        1313    0.538874
        1314    0.538893
        1315     0.53889
        1316    0.538888
        1317    0.538894
        1318     0.53889
        1319    0.538897
        1320    0.538906
        1321    0.538903
        1322    0.538914
        1323    0.538912
        1324      0.5389
        1325      0.5389
        1326    0.538893
        1327    0.538884
        1328    0.538879
        1329    0.538877
        1330    0.538881
        1331    0.538902
        1332    0.538899
        1333    0.538904
        1334    0.538897
        1335    0.538906
        1336    0.538894
        1337    0.538901
        1338    0.538899
        1339    0.538882
        1340    0.538882
        1341    0.538885
        1342    0.538886
        1343    0.538891
        1344    0.538905
        1345    0.538914
        1346    0.538926
        1347    0.538932
        1348     0.53895
        1349     0.53895
        1350     0.53895
        1351    0.538957
        1352    0.538953
        1353    0.538948
        1354    0.538948
        1355    0.538948
        1356     0.53895
        1357    0.538947
        1358    0.538929
        1359     0.53891
        1360      0.5389
        1361    0.538894
        1362    0.538879
        1363    0.538879
        1364    0.538884
        1365    0.538883
        1366    0.538851
        1367     0.53883
        1368    0.538814
        1369      0.5388
        1370      0.5388
        1371    0.538802
        1372    0.538804
        1373    0.538801
        1374    0.538813
        1375    0.538817
        1376    0.538817
        1377    0.538815
        1378    0.538815
        1379    0.538793
        1380    0.538798
        1381    0.538787
        1382    0.538777
        1383    0.538781
        1384    0.538777
        1385     0.53877
        1386    0.538781
        1387    0.538792
        1388      0.5388
        1389    0.538795
        1390    0.538799
        1391    0.538806
        1392    0.538808
        1393    0.538806
        1394    0.538815
        1395    0.538821
        1396    0.538821
        1397    0.538837
        1398    0.538831
        1399    0.538814
        1400    0.538818
        1401    0.538804
        1402    0.538809
        1403    0.538811
        1404      0.5388
        1405    0.538792
        1406    0.538795
        1407     0.53882
        1408    0.538811
        1409    0.538808
        1410    0.538812
        1411    0.538803
        1412    0.538817
        1413    0.538807
        1414    0.538796
        1415    0.538795
        1416    0.538781
        1417    0.538767
        1418    0.538748
        1419    0.538727
        1420    0.538722
        1421    0.538718
        1422    0.538717
        1423    0.538722
        1424    0.538708
        1425    0.538712
        1426    0.538706
        1427    0.538712
        1428    0.538719
        1429    0.538726
        1430    0.538716
        1431    0.538709
        1432    0.538716
        1433    0.538709
        1434    0.538707
        1435    0.538699
        1436    0.538702
        1437    0.538713
        1438    0.538713
        1439    0.538706
        1440    0.538699
        1441    0.538701
        1442     0.53871
        1443    0.538715
        1444    0.538724
        1445    0.538714
        1446    0.538696
        1447    0.538714
        1448    0.538716
        1449    0.538714
        1450    0.538707
        1451    0.538713
        1452    0.538713
        1453    0.538732
        1454    0.538731
        1455    0.538731
        1456    0.538741
        1457    0.538766
        1458     0.53878
        1459    0.538789
        1460    0.538778
        1461    0.538791
        1462    0.538779
        1463    0.538768
        1464    0.538777
        1465    0.538767
        1466    0.538765
        1467    0.538767
        1468     0.53876
        1469    0.538764
        1470    0.538764
        1471     0.53875
        1472    0.538733
        1473    0.538734
        1474    0.538726
        1475    0.538726
        1476    0.538728
        1477    0.538733
        1478    0.538731
        1479    0.538733
        1480    0.538732
        1481    0.538744
        1482    0.538741
        1483    0.538753
        1484    0.538757
        1485    0.538758
        1486    0.538772
        1487    0.538779
        1488    0.538795
        1489    0.538799
        1490    0.538815
        1491    0.538813
        1492    0.538808
        1493    0.538818
        1494    0.538831
        1495    0.538839
        1496    0.538838
        1497    0.538828
        1498    0.538831
        1499    0.538829
        1500    0.538843
        1501    0.538847
        1502    0.538851
        1503    0.538849
        1504     0.53884
        1505    0.538825
        1506    0.538823
        1507    0.538839
        1508    0.538836
        1509    0.538829
        1510    0.538818
        1511     0.53882
        1512    0.538817
        1513    0.538815
        1514    0.538812
        1515    0.538819
        1516    0.538826
        1517    0.538821
        1518    0.538812
        1519    0.538807
        1520    0.538809
        1521      0.5388
        1522    0.538799
        1523    0.538806
        1524    0.538815
        1525     0.53882
        1526    0.538817
        1527    0.538811
        1528    0.538803
        1529    0.538808
        1530    0.538808
        1531     0.53881
        1532    0.538815
        1533    0.538823
        1534    0.538828
        1535    0.538823
        1536    0.538818
        1537    0.538814
        1538    0.538804
        1539    0.538799
        1540    0.538802
        1541    0.538797
        1542    0.538815
        1543    0.538815
        1544    0.538799
        1545    0.538799
        1546    0.538768
        1547    0.538755
        1548    0.538746
        1549    0.538743
        1550    0.538739
        1551    0.538729
        1552    0.538726
        1553    0.538722
        1554    0.538707
        1555    0.538702
        1556    0.538699
        1557     0.53868
        1558    0.538664
        1559    0.538659
        1560    0.538651
        1561    0.538639
        1562    0.538627
        1563    0.538621
        1564    0.538615
        1565    0.538622
        1566    0.538625
        1567    0.538613
        1568     0.53861
        1569    0.538601
        1570    0.538598
        1571    0.538603
        1572    0.538614
        1573    0.538617
        1574    0.538619
        1575    0.538628
        1576    0.538633
        1577     0.53864
        1578    0.538642
        1579    0.538654
        1580     0.53866
        1581    0.538662
        1582     0.53866
        1583    0.538648
        1584    0.538646
        1585    0.538645
        1586    0.538636
        1587    0.538628
        1588     0.53863
        1589    0.538626
        1590    0.538625
        1591    0.538628
        1592    0.538634
        1593    0.538637
        1594    0.538642
        1595    0.538644
        1596    0.538646
        1597    0.538651
        1598    0.538657
        1599    0.538664
        1600     0.53865
        1601    0.538652
        1602    0.538655
        1603    0.538654
        1604    0.538645
        1605    0.538652
        1606    0.538668
        1607    0.538677
        1608    0.538684
        1609    0.538677
        1610    0.538667
        1611     0.53866
        1612    0.538658
        1613     0.53866
        1614    0.538667
        1615    0.538671
        1616    0.538667
        1617    0.538674
        1618    0.538669
        1619    0.538664
        1620    0.538664
        1621    0.538663
        1622    0.538654
        1623    0.538649
        1624    0.538656
        1625    0.538646
        1626    0.538634
        1627    0.538626
        1628    0.538624
        1629    0.538631
        1630    0.538629
        1631    0.538621
        1632    0.538619
        1633    0.538619
        1634    0.538625
        1635     0.53863
        1636    0.538628
        1637    0.538634
        1638    0.538623
        1639     0.53862
        1640    0.538629
        1641    0.538638
        1642    0.538636
        1643    0.538629
        1644    0.538638
        1645    0.538641
        1646    0.538636
        1647    0.538635
        1648    0.538644
        1649    0.538656
        1650    0.538668
        1651    0.538675
        1652    0.538692
        1653    0.538704
        1654    0.538701
        1655    0.538706
        1656    0.538703
        1657    0.538699
        1658      0.5387
        1659    0.538689
        1660    0.538684
        1661    0.538664
        1662    0.538664
        1663    0.538654
        1664     0.53864
        1665    0.538647
        1666    0.538651
        1667    0.538646
        1668    0.538627
        1669    0.538634
        1670    0.538644
        1671    0.538645
        1672    0.538645
        1673    0.538641
        1674    0.538647
        1675    0.538659
        1676    0.538671
        1677    0.538686
        1678     0.53869
        1679    0.538705
        1680    0.538709
        1681    0.538704
        1682    0.538694
        1683    0.538684
        1684    0.538685
        1685    0.538685
        1686    0.538692
        1687    0.538703
        1688    0.538713
        1689    0.538705
        1690    0.538712
        1691    0.538731
        1692    0.538741
        1693    0.538763
        1694    0.538769
        1695    0.538776
        1696    0.538781
        1697      0.5388
        1698    0.538813
        1699    0.538819
        1700    0.538822
        1701    0.538826
        1702    0.538826
        1703    0.538829
        1704    0.538826
        1705    0.538826
        1706    0.538825
        1707    0.538837
        1708     0.53883
        1709     0.53884
        1710     0.53884
        1711    0.538835
        1712     0.53883
        1713    0.538829
        1714    0.538819
        1715    0.538827
        1716    0.538827
        1717    0.538819
        1718    0.538822
        1719    0.538828
        1720    0.538826
        1721    0.538821
        1722     0.53883
        1723    0.538831
        1724    0.538818
        1725    0.538809
        1726    0.538804
        1727    0.538811
        1728    0.538806
        1729    0.538817
        1730    0.538837
        1731    0.538832
        1732    0.538834
        1733    0.538836
        1734    0.538829
        1735    0.538821
        1736    0.538824
        1737    0.538824
        1738    0.538836
        1739     0.53883
        1740    0.538819
        1741    0.538809
        1742    0.538811
        1743    0.538825
        1744    0.538833
        1745    0.538845
        1746    0.538847
        1747    0.538847
        1748    0.538853
        1749    0.538848
        1750    0.538848
        1751    0.538849
        1752    0.538853
        1753    0.538851
        1754     0.53886
        1755     0.53887
        1756    0.538875
        1757    0.538889
        1758    0.538898
        1759    0.538893
        1760    0.538896
        1761    0.538903
        1762    0.538907
        1763    0.538907
        1764    0.538903
        1765    0.538892
        1766    0.538893
        1767    0.538911
        1768    0.538916
        1769    0.538914
        1770    0.538921
        1771     0.53893
        1772     0.53893
        1773    0.538926
        1774    0.538923
        1775    0.538921
        1776    0.538913
        1777    0.538901
        1778    0.538874
        1779    0.538873
        1780    0.538874
        1781    0.538873
        1782    0.538863
        1783    0.538859
        1784    0.538856
        1785    0.538851
        1786     0.53886
        1787     0.53887
        1788    0.538872
        1789    0.538875
        1790    0.538877
        1791    0.538874
        1792    0.538884
        1793    0.538904
        1794    0.538906
        1795    0.538901
        1796    0.538891
        1797    0.538886
        1798    0.538888
        1799    0.538868
        1800    0.538863
        1801    0.538866
        1802    0.538876
        1803    0.538878
        1804    0.538883
        1805    0.538884
        1806    0.538892
        1807    0.538906
        1808    0.538911
        1809    0.538911
        1810    0.538916
        1811    0.538911
        1812    0.538927
        1813    0.538916
        1814    0.538918
        1815    0.538934
        1816    0.538927
        1817    0.538922
        1818    0.538932
        1819    0.538927
        1820    0.538922
        1821    0.538926
        1822    0.538921
        1823    0.538924
        1824    0.538924
        1825    0.538936
        1826    0.538948
        1827    0.538946
        1828    0.538947
        1829    0.538948
        1830     0.53896
        1831    0.538964
        1832    0.538974
        1833    0.538983
        1834    0.538983
        1835    0.538966
        1836    0.538952
        1837    0.538952
        1838    0.538953
        1839    0.538956
        1840    0.538951
        1841    0.538939
        1842     0.53895
        1843    0.538951
        1844    0.538941
        1845    0.538945
        1846    0.538936
        1847    0.538918
        1848    0.538918
        1849    0.538913
        1850    0.538903
        1851    0.538896
        1852    0.538901
        1853     0.53889
        1854    0.538878
        1855    0.538876
        1856    0.538865
        1857    0.538856
        1858    0.538843
        1859    0.538816
        1860    0.538813
        1861    0.538799
        1862    0.538789
        1863    0.538788
        1864    0.538801
        1865    0.538805
        1866    0.538813
        1867    0.538814
        1868     0.53881
        1869    0.538812
        1870    0.538802
        1871    0.538795
        1872    0.538779
        1873    0.538774
        1874     0.53877
        1875    0.538774
        1876    0.538782
        1877    0.538783
        1878    0.538783
        1879    0.538779
        1880    0.538776
        1881    0.538775
        1882    0.538776
        1883    0.538773
        1884    0.538758
        1885    0.538745
        1886    0.538723
        1887    0.538715
        1888    0.538708
        1889    0.538705
        1890    0.538688
        1891    0.538676
        1892     0.53866
        1893     0.53865
        1894    0.538656
        1895    0.538665
        1896    0.538668
        1897    0.538652
        1898    0.538647
        1899    0.538649
        1900    0.538652
        1901    0.538654
        1902    0.538642
        1903    0.538637
        1904    0.538627
        1905    0.538619
        1906    0.538612
        1907    0.538594
        1908    0.538598
        1909    0.538598
        1910    0.538593
        1911     0.53859
        1912    0.538573
        1913     0.53858
        1914    0.538573
        1915    0.538578
        1916    0.538582
        1917    0.538572
        1918    0.538555
        1919    0.538554
        1920    0.538565
        1921    0.538561
        1922    0.538562
        1923    0.538561
        1924    0.538559
        1925    0.538558
        1926    0.538566
        1927     0.53857
        1928    0.538588
        1929    0.538597
        1930    0.538593
        1931    0.538604
        1932    0.538609
        1933    0.538609
        1934    0.538602
        1935    0.538592
        1936    0.538596
        1937    0.538593
        1938    0.538599
        1939    0.538588
        1940    0.538573
        1941    0.538566
        1942    0.538556
        1943    0.538548
        1944    0.538538
        1945     0.53852
        1946     0.53851
        1947    0.538508
        1948    0.538505
        1949      0.5385
        1950    0.538495
        1951    0.538487
        1952    0.538496
        1953    0.538484
        1954    0.538488
        1955    0.538486
        1956    0.538478
        1957    0.538475
        1958    0.538463
        1959    0.538466
        1960    0.538475
        1961    0.538472
        1962    0.538472
        1963    0.538484
        1964    0.538484
        1965    0.538487
        1966    0.538497
        1967    0.538498
        1968    0.538486
        1969    0.538478
        1970    0.538485
        1971    0.538488
        1972    0.538483
        1973     0.53849
        1974    0.538502
        1975    0.538514
        1976     0.53852
        1977    0.538532
        1978    0.538531
        1979    0.538524
        1980    0.538516
        1981    0.538509
        1982    0.538508
        1983    0.538495
        1984    0.538485
        1985    0.538471
        1986    0.538462
        1987    0.538467
        1988    0.538467
        1989    0.538455
        1990    0.538465
        1991    0.538451
        1992    0.538451
        1993    0.538454
        1994    0.538459
        1995    0.538469
        1996    0.538479
        1997    0.538478
        1998    0.538485
        1999    0.538492
        2000      0.5385
        2001    0.538497
        2002     0.53851
        2003    0.538515
        2004    0.538524
        2005    0.538524
        2006    0.538519
        2007    0.538519
        2008    0.538519
        2009    0.538528
        2010     0.53854
        2011    0.538541
        2012    0.538538
        2013    0.538537
        2014    0.538525
        2015    0.538519
        2016    0.538512
        2017    0.538492
        2018    0.538489
        2019    0.538477
        2020    0.538471
        2021    0.538464
        2022    0.538464
        2023    0.538468
        2024    0.538451
        2025    0.538452
        2026    0.538442
        2027    0.538442
        2028    0.538445
        2029    0.538454
        2030    0.538462
        2031    0.538454
        2032    0.538444
        2033    0.538439
        2034    0.538448
        2035    0.538453
        2036    0.538458
        2037    0.538465
        2038     0.53846
        2039    0.538463
        2040    0.538463
        2041    0.538454
        2042    0.538449
        2043    0.538462
        2044    0.538479
        2045    0.538486
        2046    0.538479
        2047    0.538466
        2048    0.538469
        2049    0.538461
        2050    0.538466
        2051    0.538481
        2052    0.538493
        2053      0.5385
        2054    0.538495
        2055    0.538494
        2056    0.538499
        2057    0.538491
        2058    0.538492
        2059    0.538502
        2060    0.538506
        2061    0.538499
        2062     0.53848
        2063    0.538471
        2064    0.538468
        2065    0.538465
        2066    0.538458
        2067    0.538447
        2068    0.538447
        2069    0.538454
        2070    0.538459
        2071    0.538471
        2072    0.538481
        2073    0.538489
        2074    0.538498
        2075    0.538491
        2076    0.538491
        2077    0.538498
        2078    0.538503
        2079    0.538498
        2080    0.538498
        2081    0.538497
        2082      0.5385
        2083    0.538504
        2084    0.538512
        2085    0.538519
        2086    0.538519
        2087    0.538524
        2088    0.538516
        2089    0.538506
        2090    0.538508
        2091    0.538501
        2092      0.5385
        2093    0.538492
        2094    0.538495
        2095    0.538505
        2096    0.538514
        2097    0.538519
        2098    0.538506
        2099    0.538502
        2100    0.538502
        2101    0.538508
        2102    0.538516
        2103    0.538518
        2104     0.53851
        2105    0.538515
        2106    0.538497
        2107    0.538484
        2108    0.538469
        2109    0.538466
        2110    0.538466
        2111    0.538471
        2112    0.538468
        2113    0.538463
        2114    0.538451
        2115    0.538447
        2116    0.538455
        2117    0.538463
        2118    0.538472
        2119     0.53847
        2120    0.538483
        2121    0.538484
        2122    0.538479
        2123    0.538486
        2124    0.538489
        2125    0.538494
        2126    0.538483
        2127    0.538483
        2128     0.53847
        2129     0.53846
        2130    0.538462
        2131    0.538467
        2132     0.53848
        2133    0.538479
        2134     0.53847
        2135    0.538464
        2136    0.538471
        2137    0.538476
        2138    0.538484
        2139    0.538489
        2140    0.538491
        2141    0.538499
        2142    0.538506
        2143    0.538496
        2144    0.538506
        2145    0.538516
        2146     0.53852
        2147     0.53851
        2148    0.538503
        2149    0.538495
        2150    0.538499
        2151    0.538514
        2152    0.538527
        2153    0.538522
        2154    0.538511
        2155    0.538508
        2156     0.53849
        2157    0.538495
        2158    0.538501
        2159    0.538506
        2160    0.538507
        2161    0.538482
        2162     0.53849
        2163    0.538499
        2164    0.538504
        2165    0.538506
        2166    0.538516
        2167    0.538511
        2168    0.538512
        2169    0.538499
        2170    0.538491
        2171    0.538488
        2172    0.538483
        2173    0.538482
        2174    0.538472
        2175    0.538466
        2176    0.538463
        2177    0.538459
        2178    0.538445
        2179    0.538435
        2180     0.53844
        2181    0.538443
        2182    0.538444
        2183    0.538454
        2184    0.538454
        2185    0.538452
        2186    0.538452
        2187    0.538439
        2188    0.538418
        2189     0.53841
        2190    0.538405
        2191    0.538404
        2192    0.538409
        2193    0.538411
        2194    0.538416
        2195    0.538417
        2196    0.538409
        2197      0.5384
        2198    0.538406
        2199    0.538408
        2200     0.53841
        2201    0.538407
        2202    0.538402
        2203    0.538399
        2204    0.538399
        2205    0.538394
        2206    0.538394
        2207    0.538398
        2208    0.538404
        2209    0.538403
        2210    0.538396
        2211    0.538408
        2212    0.538406
        2213    0.538398
        2214    0.538405
        2215    0.538412
        2216    0.538409
        2217    0.538401
        2218    0.538384
        2219    0.538383
        2220     0.53836
        2221     0.53835
        2222    0.538349
        2223    0.538347
        2224    0.538341
        2225    0.538344
        2226    0.538343
        2227    0.538359
        2228    0.538364
        2229    0.538356
        2230    0.538348
        2231    0.538345
        2232    0.538352
        2233    0.538354
        2234    0.538347
        2235    0.538346
        2236    0.538347
        2237    0.538339
        2238    0.538341
        2239    0.538345
        2240    0.538358
        2241    0.538358
        2242    0.538345
        2243    0.538347
        2244    0.538345
        2245    0.538341
        2246    0.538333
        2247    0.538333
        2248    0.538344
        2249    0.538341
        2250    0.538344
        2251    0.538354
        2252    0.538368
        2253    0.538368
        2254    0.538371
        2255    0.538365
        2256    0.538362
        2257    0.538376
        2258    0.538373
        2259    0.538372
        2260    0.538372
        2261     0.53838
        2262    0.538377
        2263    0.538372
        2264    0.538359
        2265    0.538342
        2266    0.538355
        2267    0.538363
        2268     0.53836
        2269    0.538365
        2270    0.538377
        2271    0.538382
        2272    0.538383
        2273     0.53838
        2274    0.538367
        2275    0.538359
        2276    0.538358
        2277    0.538361
        2278    0.538368
        2279    0.538361
        2280    0.538373
        2281    0.538371
        2282    0.538365
        2283    0.538365
        2284    0.538365
        2285    0.538362
        2286    0.538354
        2287    0.538348
        2288     0.53835
        2289     0.53836
        2290    0.538353
        2291    0.538347
        2292    0.538345
        2293     0.53835
        2294    0.538352
        2295    0.538354
        2296    0.538354
        2297    0.538338
        2298     0.53833
        2299    0.538323
        2300    0.538317
        2301    0.538325
        2302     0.53833
        2303    0.538329
        2304    0.538336
        2305    0.538331
        2306    0.538329
        2307    0.538329
        2308    0.538318
        2309     0.53832
        2310    0.538323
        2311    0.538319
        2312    0.538319
        2313    0.538312
        2314    0.538322
        2315    0.538337
        2316    0.538335
        2317    0.538331
        2318    0.538321
        2319    0.538323
        2320    0.538317
        2321    0.538304
        2322    0.538297
        2323    0.538294
        2324    0.538286
        2325    0.538288
        2326     0.53828
        2327    0.538269
        2328    0.538253
        2329    0.538253
        2330     0.53825
        2331    0.538258
        2332    0.538253
        2333    0.538247
        2334    0.538241
        2335    0.538242
        2336    0.538257
        2337    0.538265
        2338    0.538277
        2339    0.538288
        2340    0.538288
        2341    0.538292
        2342      0.5383
        2343     0.53832
        2344     0.53833
        2345    0.538338
        2346    0.538343
        2347    0.538328
        2348    0.538333
        2349    0.538335
        2350     0.53834
        2351    0.538348
        2352    0.538339
        2353    0.538337
        2354    0.538334
        2355    0.538344
        2356    0.538352
        2357    0.538339
        2358    0.538346
        2359    0.538356
        2360    0.538346
        2361    0.538327
        2362    0.538316
        2363    0.538318
        2364     0.53831
        2365    0.538297
        2366    0.538289
        2367    0.538284
        2368    0.538273
        2369    0.538263
        2370    0.538264
        2371    0.538272
        2372     0.53827
        2373    0.538267
        2374    0.538261
        2375    0.538271
        2376    0.538276
        2377    0.538277
        2378    0.538268
        2379    0.538271
        2380    0.538267
        2381    0.538267
        2382    0.538265
        2383    0.538267
        2384    0.538278
        2385    0.538285
        2386    0.538287
        2387     0.53829
        2388    0.538305
        2389    0.538303
        2390      0.5383
        2391    0.538304
        2392    0.538307
        2393    0.538317
        2394    0.538319
        2395    0.538324
        2396    0.538322
        2397    0.538321
        2398    0.538314
        2399    0.538318
        2400    0.538315
        2401    0.538316
        2402    0.538321
        2403    0.538337
        2404    0.538336
        2405    0.538323
        2406    0.538306
        2407    0.538299
        2408    0.538301
        2409    0.538308
        2410    0.538306
        2411    0.538305
        2412    0.538305
        2413    0.538308
        2414    0.538313
        2415    0.538315
        2416    0.538323
        2417    0.538325
        2418    0.538312
        2419    0.538311
        2420    0.538303
        2421    0.538301
        2422    0.538311
        2423    0.538314
        2424    0.538321
        2425    0.538318
        2426    0.538318
        2427    0.538313
        2428    0.538305
        2429    0.538304
        2430    0.538304
        2431    0.538306
        2432    0.538295
        2433    0.538287
        2434    0.538292
        2435    0.538281
        2436    0.538284
        2437    0.538287
        2438    0.538286
        2439    0.538283
        2440    0.538286
        2441     0.53829
        2442    0.538288
        2443    0.538291
        2444    0.538303
        2445    0.538313
        2446    0.538309
        2447    0.538322
        2448    0.538337
        2449    0.538342
        2450    0.538344
        2451    0.538339
        2452    0.538328
        2453    0.538333
        2454    0.538346
        2455    0.538346
        2456    0.538346
        2457    0.538359
        2458    0.538354
        2459    0.538351
        2460    0.538352
        2461    0.538347
        2462    0.538347
        2463    0.538352
        2464    0.538354
        2465     0.53837
        2466    0.538373
        2467    0.538365
        2468    0.538367
        2469    0.538367
        2470    0.538377
        2471    0.538375
        2472    0.538371
        2473    0.538374
        2474    0.538371
        2475    0.538355
        2476    0.538363
        2477    0.538368
        2478    0.538372
        2479    0.538376
        2480    0.538369
        2481    0.538359
        2482    0.538356
        2483    0.538347
        2484    0.538355
        2485    0.538358
        2486    0.538371
        2487    0.538386
        2488    0.538389
        2489    0.538379
        2490    0.538388
        2491    0.538391
        2492    0.538393
        2493    0.538398
        2494    0.538401
        2495    0.538401
        2496    0.538395
        2497    0.538398
        2498    0.538411
        2499    0.538406
        2500      0.5384
        2501    0.538392
        2502    0.538394
        2503    0.538391
        2504    0.538396
        2505    0.538399
        2506    0.538404
        2507    0.538398
        2508    0.538409
        2509    0.538401
        2510    0.538408
        2511    0.538413
        2512    0.538408
        2513    0.538416
        2514    0.538423
        2515    0.538419
        2516    0.538416
        2517    0.538412
        2518    0.538394
        2519    0.538391
        2520    0.538391
        2521    0.538392
        2522    0.538393
        2523    0.538389
        2524    0.538381
        2525    0.538398
        2526     0.53841
        2527    0.538419
        2528    0.538424
        2529    0.538424
        2530    0.538413
        2531    0.538406
        2532    0.538407
        2533    0.538417
        2534    0.538427
        2535    0.538441
        2536    0.538456
        2537    0.538465
        2538     0.53847
        2539    0.538456
        2540    0.538437
        2541    0.538426
        2542    0.538424
        2543     0.53842
        2544    0.538402
        2545    0.538404
        2546    0.538411
        2547    0.538412
        2548    0.538409
        2549    0.538409
        2550      0.5384
        2551    0.538381
        2552     0.53838
        2553    0.538364
        2554    0.538362
        2555     0.53837
        2556    0.538377
        2557    0.538379
        2558    0.538382
        2559     0.53839
        2560    0.538393
        2561    0.538406
        2562    0.538414
        2563    0.538426
        2564    0.538424
        2565    0.538429
        2566    0.538426
        2567    0.538429
        2568    0.538433
        2569    0.538436
        2570    0.538441
        2571    0.538439
        2572    0.538443
        2573    0.538455
        2574    0.538459
        2575    0.538464
        2576    0.538456
        2577    0.538448
        2578    0.538453
        2579    0.538437
        2580    0.538442
        2581    0.538442
        2582    0.538436
        2583    0.538438
        2584     0.53843
        2585    0.538431
        2586    0.538432
        2587    0.538436
        2588    0.538437
        2589    0.538438
        2590    0.538434
        2591    0.538443
        2592    0.538447
        2593     0.53844
        2594    0.538431
        2595    0.538415
        2596    0.538409
        2597    0.538401
        2598    0.538408
        2599    0.538409
        2600    0.538406
        2601    0.538397
        2602      0.5384
        2603    0.538399
        2604    0.538397
        2605    0.538391
        2606    0.538383
        2607    0.538376
        2608    0.538377
        2609    0.538379
        2610    0.538393
        2611    0.538401
        2612    0.538409
        2613    0.538413
        2614    0.538416
        2615    0.538423
        2616    0.538416
        2617    0.538415
        2618    0.538415
        2619    0.538426
        2620     0.53842
        2621    0.538414
        2622    0.538412
        2623    0.538411
        2624    0.538401
        2625    0.538403
        2626    0.538386
        2627    0.538389
        2628    0.538385
        2629     0.53838
        2630    0.538375
        2631     0.53838
        2632     0.53838
        2633    0.538374
        2634    0.538384
        2635    0.538384
        2636    0.538386
        2637    0.538386
        2638    0.538391
        2639    0.538388
        2640    0.538397
        2641    0.538402
        2642    0.538412
        2643    0.538423
        2644    0.538421
        2645    0.538428
        2646    0.538436
        2647    0.538433
        2648    0.538441
        2649    0.538443
        2650    0.538441
        2651    0.538449
        2652    0.538446
        2653    0.538443
        2654    0.538437
        2655    0.538437
        2656    0.538447
        2657    0.538451
        2658    0.538456
        2659    0.538463
        2660    0.538471
        2661    0.538468
        2662    0.538479
        2663    0.538457
        2664    0.538452
        2665    0.538459
        2666    0.538473
        2667     0.53847
        2668     0.53847
        2669    0.538458
        2670    0.538456
        2671    0.538452
        2672    0.538447
        2673    0.538444
        2674    0.538452
        2675    0.538458
        2676    0.538459
        2677    0.538465
        2678     0.53847
        2679    0.538471
        2680     0.53847
        2681    0.538461
        2682    0.538448
        2683    0.538451
        2684    0.538453
        2685    0.538455
        2686    0.538461
        2687    0.538463
        2688     0.53846
        2689    0.538451
        2690    0.538452
        2691    0.538443
        2692    0.538419
        2693    0.538407
        2694    0.538404
        2695    0.538412
        2696    0.538412
        2697    0.538409
        2698    0.538423
        2699    0.538436
        2700    0.538436
        2701    0.538449
        2702    0.538463
        2703    0.538468
        2704    0.538459
        2705    0.538445
        2706    0.538442
        2707    0.538437
        2708    0.538423
        2709    0.538423
        2710    0.538414
        2711    0.538409
        2712    0.538392
        2713    0.538389
        2714    0.538394
        2715    0.538405
        2716    0.538399
        2717    0.538396
        2718     0.53839
        2719    0.538391
        2720    0.538384
        2721    0.538381
        2722    0.538387
        2723    0.538386
        2724    0.538386
        2725    0.538383
        2726    0.538381
        2727    0.538399
        2728    0.538399
        2729    0.538393
        2730    0.538377
        2731    0.538379
        2732    0.538376
        2733    0.538382
        2734    0.538374
        2735    0.538379
        2736    0.538368
        2737    0.538359
        2738    0.538366
        2739    0.538361
        2740    0.538359
        2741    0.538355
        2742    0.538344
        2743    0.538349
        2744    0.538355
        2745    0.538354
        2746    0.538356
        2747    0.538357
        2748    0.538354
        2749     0.53835
        2750     0.53834
        2751    0.538348
        2752    0.538352
        2753    0.538352
        2754    0.538357
        2755    0.538358
        2756    0.538368
        2757    0.538363
        2758    0.538371
        2759    0.538381
        2760    0.538381
        2761    0.538401
        2762    0.538398
        2763    0.538398
        2764    0.538399
        2765    0.538389
        2766    0.538379
        2767    0.538368
        2768    0.538365
        2769    0.538363
        2770    0.538363
        2771    0.538359
        2772    0.538367
        2773    0.538378
        2774    0.538381
        2775    0.538391
        2776    0.538391
        2777    0.538388
        2778    0.538394
        2779    0.538393
        2780     0.53839
        2781    0.538401
        2782    0.538396
        2783    0.538395
        2784    0.538396
        2785    0.538404
        2786    0.538414
        2787    0.538423
        2788    0.538428
        2789    0.538439
        2790    0.538436
        2791    0.538441
        2792    0.538452
        2793    0.538466
        2794     0.53846
        2795    0.538453
        2796     0.53846
        2797    0.538465
        2798    0.538478
        2799    0.538476
        2800    0.538461
        2801    0.538466
        2802    0.538452
        2803    0.538453
        2804    0.538457
        2805    0.538457
        2806    0.538468
        2807    0.538481
        2808    0.538496
        2809    0.538485
        2810    0.538484
        2811    0.538481
        2812    0.538487
        2813     0.53848
        2814     0.53848
        2815    0.538489
        2816    0.538502
        2817    0.538505
        2818    0.538507
        2819    0.538519
        2820    0.538518
        2821    0.538524
        2822    0.538513
        2823     0.53852
        2824     0.53852
        2825    0.538515
        2826    0.538511
        2827    0.538498
        2828      0.5385
        2829     0.53851
        2830    0.538522
        2831    0.538532
        2832    0.538529
        2833    0.538535
        2834    0.538537
        2835    0.538534
        2836    0.538523
        2837    0.538532
        2838    0.538534
        2839    0.538553
        2840    0.538553
        2841    0.538555
        2842    0.538569
        2843    0.538572
        2844    0.538589
        2845    0.538591
        2846    0.538586
        2847    0.538583
        2848    0.538587
        2849    0.538591
        2850    0.538609
        2851    0.538616
        2852     0.53862
        2853    0.538624
        2854    0.538625
        2855    0.538626
        2856    0.538623
        2857    0.538623
        2858    0.538622
        2859    0.538619
        2860    0.538622
        2861    0.538635
        2862    0.538641
        2863    0.538644
        2864    0.538633
        2865    0.538624
        2866    0.538626
        2867    0.538631
        2868    0.538635
        2869    0.538635
        2870    0.538636
        2871    0.538633
        2872     0.53863
        2873    0.538616
        2874    0.538616
        2875    0.538617
        2876    0.538638
        2877    0.538647
        2878    0.538647
        2879    0.538649
        2880    0.538649
        2881    0.538655
        2882    0.538651
        2883    0.538634
        2884    0.538642
        2885    0.538657
        2886    0.538651
        2887    0.538636
        2888    0.538622
        2889    0.538628
        2890    0.538638
        2891    0.538656
        2892    0.538653
        2893    0.538649
        2894    0.538652
        2895    0.538646
        2896    0.538641
        2897    0.538634
        2898     0.53864
        2899     0.53862
        2900    0.538623
        2901    0.538617
        2902    0.538617
        2903    0.538613
        2904    0.538597
        2905    0.538591
        2906    0.538601
        2907    0.538596
        2908    0.538595
        2909     0.53859
        2910    0.538589
        2911     0.53859
        2912     0.53859
        2913    0.538586
        2914    0.538577
        2915    0.538575
        2916    0.538561
        2917    0.538557
        2918    0.538554
        2919    0.538549
        2920    0.538543
        2921    0.538539
        2922    0.538534
        2923    0.538536
        2924    0.538538
        2925    0.538538
        2926    0.538538
        2927    0.538546
        2928    0.538546
        2929    0.538543
        2930     0.53854
        2931    0.538543
        2932    0.538542
        2933    0.538549
        2934    0.538557
        2935    0.538548
        2936    0.538544
        2937    0.538551
        2938    0.538555
        2939    0.538564
        2940    0.538558
        2941    0.538544
        2942    0.538527
        2943    0.538506
        2944    0.538498
        2945    0.538495
        2946    0.538494
        2947    0.538485
        2948    0.538486
        2949    0.538485
        2950    0.538491
        2951    0.538507
        2952    0.538505
        2953    0.538515
        2954    0.538524
        2955    0.538535
        2956    0.538537
        2957    0.538549
        2958     0.53856
        2959    0.538562
        2960     0.53856
        2961    0.538545
        2962    0.538533
        2963    0.538525
        2964    0.538517
        2965    0.538513
        2966    0.538515
        2967     0.53851
        2968     0.53849
        2969    0.538479
        2970    0.538481
        2971    0.538474
        2972    0.538471
        2973    0.538469
        2974    0.538465
        2975    0.538463
        2976    0.538459
        2977    0.538459
        2978    0.538464
        2979    0.538461
        2980    0.538458
        2981    0.538461
        2982    0.538464
        2983    0.538466
        2984    0.538478
        2985    0.538491
        2986    0.538503
        2987    0.538525
        2988    0.538532
        2989    0.538534
        2990    0.538533
        2991    0.538531
        2992    0.538531
        2993    0.538533
        2994    0.538539
        2995    0.538532
        2996    0.538535
        2997    0.538549
        2998    0.538554
        2999    0.538561
        3000    0.538562
        3001    0.538571
        3002    0.538563
        3003    0.538565
        3004    0.538565
        3005     0.53857
        3006    0.538567
        3007    0.538567
        3008    0.538576
        3009    0.538579
        3010    0.538578
        3011    0.538574
        3012    0.538575
        3013    0.538581
        3014    0.538583
        3015    0.538579
        3016    0.538571
        3017    0.538573
        3018     0.53856
        3019    0.538551
        3020     0.53855
        3021    0.538552
        3022    0.538564
        3023     0.53857
        3024    0.538576
        3025    0.538584
        3026    0.538594
        3027    0.538594
        3028     0.53858
        3029    0.538566
        3030    0.538554
        3031    0.538554
        3032    0.538547
        3033    0.538545
        3034    0.538538
        3035    0.538541
        3036    0.538549
        3037    0.538547
        3038    0.538546
        3039    0.538543
        3040    0.538546
        3041    0.538549
        3042    0.538546
        3043    0.538537
        3044     0.53853
        3045    0.538542
        3046     0.53853
        3047    0.538515
        3048    0.538495
        3049    0.538492
        3050    0.538489
        3051    0.538492
        3052    0.538486
        3053    0.538482
        3054    0.538489
        3055    0.538494
        3056    0.538493
        3057    0.538488
        3058    0.538479
        3059    0.538488
        3060    0.538496
        3061    0.538509
        3062    0.538515
        3063    0.538513
        3064    0.538501
        3065    0.538497
        3066    0.538489
        3067    0.538485
        3068    0.538477
        3069    0.538479
        3070    0.538477
        3071    0.538474
        3072    0.538487
        3073    0.538485
        3074    0.538481
        3075    0.538484
        3076     0.53848
        3077    0.538477
        3078    0.538474
        3079    0.538478
        3080    0.538479
        3081    0.538473
        3082     0.53847
        3083     0.53847
        3084    0.538471
        3085    0.538479
        3086    0.538493
        3087    0.538496
        3088    0.538489
        3089    0.538492
        3090    0.538489
        3091    0.538481
        3092    0.538468
        3093    0.538466
        3094     0.53848
        3095    0.538476
        3096     0.53847
        3097    0.538464
        3098    0.538456
        3099    0.538456
        3100    0.538461
        3101     0.53846
        3102    0.538461
        3103    0.538452
        3104    0.538439
        3105    0.538434
        3106    0.538427
        3107    0.538441
        3108    0.538444
        3109    0.538442
        3110    0.538438
        3111     0.53845
        3112    0.538444
        3113    0.538447
        3114    0.538454
        3115    0.538457
        3116     0.53846
        3117    0.538465
        3118    0.538474
        3119    0.538472
        3120    0.538471
        3121    0.538474
        3122    0.538479
        3123    0.538474
        3124    0.538475
        3125    0.538479
        3126    0.538472
        3127    0.538461
        3128    0.538461
        3129    0.538472
        3130     0.53848
        3131    0.538481
        3132    0.538474
        3133    0.538479
        3134    0.538476
        3135    0.538473
        3136    0.538464
        3137    0.538461
        3138    0.538443
        3139    0.538453
        3140    0.538463
        3141    0.538463
        3142    0.538474
        3143    0.538477
        3144    0.538463
        3145     0.53845
        3146    0.538444
        3147    0.538453
        3148    0.538453
        3149    0.538452
        3150    0.538438
        3151    0.538438
        3152    0.538434
        3153    0.538441
        3154    0.538455
        3155    0.538461
        3156    0.538451
        3157    0.538453
        3158    0.538453
        3159    0.538453
        3160    0.538441
        3161    0.538433
        3162    0.538417
        3163    0.538409
        3164    0.538409
        3165    0.538417
        3166    0.538423
        3167     0.53842
        3168    0.538414
        3169    0.538405
        3170    0.538413
        3171    0.538415
        3172    0.538415
        3173    0.538418
        3174    0.538412
        3175    0.538423
        3176     0.53843
        3177    0.538425
        3178     0.53842
        3179    0.538417
        3180    0.538417
        3181    0.538419
        3182    0.538416
        3183    0.538416
        3184    0.538409
        3185    0.538409
        3186    0.538415
        3187    0.538432
        3188    0.538432
        3189    0.538437
        3190    0.538438
        3191    0.538453
        3192    0.538448
        3193    0.538457
        3194    0.538467
        3195    0.538463
        3196    0.538448
        3197    0.538441
        3198     0.53845
        3199    0.538454
        3200    0.538453
        3201    0.538449
        3202    0.538428
        3203    0.538412
        3204    0.538411
        3205    0.538408
        3206    0.538416
        3207    0.538424
        3208    0.538427
        3209    0.538416
        3210    0.538416
        3211    0.538421
        3212    0.538418
        3213    0.538415
        3214    0.538402
        3215     0.53839
        3216    0.538387
        3217    0.538398
        3218    0.538411
        3219    0.538423
        3220    0.538427
        3221    0.538436
        3222     0.53844
        3223    0.538444
        3224    0.538465
        3225    0.538474
        3226    0.538476
        3227    0.538459
        3228    0.538458
        3229    0.538461
        3230    0.538466
        3231     0.53846
        3232    0.538461
        3233    0.538467
        3234    0.538466
        3235    0.538463
        3236    0.538453
        3237    0.538447
        3238     0.53845
        3239    0.538452
        3240    0.538459
        3241    0.538453
        3242    0.538462
        3243    0.538455
        3244    0.538455
        3245    0.538449
        3246    0.538448
        3247    0.538454
        3248    0.538441
        3249    0.538426
        3250    0.538418
        3251    0.538417
        3252    0.538423
        3253    0.538432
        3254    0.538435
        3255    0.538438
        3256    0.538435
        3257    0.538431
        3258    0.538428
        3259    0.538425
        3260    0.538421
        3261    0.538404
        3262    0.538394
        3263     0.53839
        3264    0.538391
        3265    0.538391
        3266    0.538396
        3267    0.538401
        3268    0.538393
        3269    0.538407
        3270     0.53841
        3271    0.538421
        3272    0.538409
        3273    0.538407
        3274    0.538412
        3275    0.538417
        3276     0.53842
        3277    0.538421
        3278    0.538427
        3279    0.538428
        3280    0.538425
        3281    0.538411
        3282    0.538422
        3283    0.538431
        3284    0.538431
        3285    0.538442
        3286    0.538445
        3287    0.538441
        3288    0.538447
        3289    0.538451
        3290    0.538451
        3291    0.538453
        3292    0.538453
        3293    0.538456
        3294    0.538455
        3295    0.538457
        3296    0.538473
        3297    0.538473
        3298    0.538463
        3299    0.538472
        3300    0.538477
        3301    0.538481
        3302    0.538484
        3303     0.53848
        3304    0.538479
        3305    0.538465
        3306    0.538446
        3307    0.538422
        3308    0.538419
        3309    0.538424
        3310    0.538416
        3311    0.538427
        3312    0.538421
        3313     0.53842
        3314    0.538421
        3315    0.538426
        3316    0.538426
        3317    0.538437
        3318    0.538444
        3319    0.538429
        3320    0.538428
        3321    0.538418
        3322    0.538413
        3323    0.538413
        3324    0.538422
        3325    0.538408
        3326      0.5384
        3327      0.5384
        3328    0.538405
        3329    0.538418
        3330    0.538404
        3331    0.538396
        3332    0.538401
        3333    0.538408
        3334    0.538406
        3335    0.538406
        3336    0.538409
        3337    0.538412
        3338    0.538408
        3339    0.538412
        3340    0.538426
        3341    0.538432
        3342    0.538431
        3343    0.538431
        3344    0.538437
        3345     0.53844
        3346    0.538455
        3347    0.538457
        3348    0.538446
        3349    0.538443
        3350    0.538451
        3351    0.538459
        3352    0.538465
        3353    0.538457
        3354    0.538463
        3355    0.538461
        3356    0.538449
        3357    0.538449
        3358    0.538449
        3359     0.53845
        3360    0.538463
        3361    0.538475
        3362    0.538479
        3363    0.538487
        3364    0.538494
        3365    0.538492
        3366     0.53848
        3367    0.538466
        3368    0.538453
        3369    0.538449
        3370    0.538444
        3371     0.53844
        3372    0.538424
        3373    0.538431
        3374    0.538431
        3375    0.538442
        3376    0.538438
        3377    0.538441
        3378    0.538441
        3379     0.53845
        3380    0.538453
        3381    0.538452
        3382    0.538456
        3383     0.53845
        3384    0.538447
        3385    0.538446
        3386    0.538442
        3387    0.538439
        3388    0.538437
        3389    0.538429
        3390     0.53842
        3391    0.538412
        3392    0.538412
        3393    0.538414
        3394     0.53842
        3395    0.538402
        3396    0.538401
        3397    0.538412
        3398    0.538428
        3399    0.538436
        3400    0.538427
        3401    0.538427
        3402     0.53842
        3403    0.538406
        3404    0.538399
        3405    0.538402
        3406    0.538407
        3407    0.538407
        3408    0.538413
        3409    0.538404
        3410    0.538391
        3411    0.538386
        3412     0.53839
        3413    0.538388
        3414    0.538387
        3415    0.538384
        3416    0.538387
        3417    0.538383
        3418    0.538365
        3419    0.538359
        3420    0.538359
        3421    0.538343
        3422    0.538342
        3423    0.538349
        3424    0.538345
        3425    0.538342
        3426    0.538345
        3427    0.538345
        3428    0.538348
        3429    0.538342
        3430    0.538353
        3431    0.538362
        3432    0.538365
        3433    0.538353
        3434    0.538336
        3435    0.538336
        3436    0.538334
        3437    0.538337
        3438     0.53833
        3439    0.538338
        3440    0.538339
        3441    0.538347
        3442    0.538354
        3443    0.538365
        3444    0.538361
        3445    0.538356
        3446    0.538356
        3447    0.538358
        3448    0.538355
        3449    0.538358
        3450    0.538352
        3451    0.538353
        3452    0.538351
        3453    0.538347
        3454     0.53836
        3455    0.538362
        3456    0.538361
        3457    0.538355
        3458     0.53834
        3459    0.538343
        3460    0.538351
        3461    0.538358
        3462    0.538349
        3463    0.538351
        3464    0.538347
        3465    0.538342
        3466    0.538344
        3467    0.538338
        3468    0.538343
        3469    0.538334
        3470    0.538328
        3471    0.538327
        3472    0.538327
        3473    0.538327
        3474    0.538324
        3475    0.538327
        3476    0.538333
        3477    0.538323
        3478    0.538326
        3479     0.53832
        3480    0.538322
        3481    0.538327
        3482    0.538324
        3483    0.538331
        3484    0.538333
        3485    0.538336
        3486    0.538345
        3487    0.538366
        3488    0.538366
        3489    0.538368
        3490    0.538368
        3491    0.538365
        3492    0.538359
        3493    0.538362
        3494    0.538358
        3495    0.538352
        3496    0.538346
        3497    0.538354
        3498    0.538363
        3499    0.538366
        3500    0.538369
        3501    0.538372
        3502    0.538372
        3503    0.538363
        3504    0.538375
        3505    0.538374
        3506    0.538371
        3507    0.538374
        3508    0.538368
        3509    0.538366
        3510    0.538373
        3511    0.538386
        3512    0.538385
        3513    0.538394
        3514    0.538406
        3515    0.538406
        3516    0.538405
        3517    0.538405
        3518    0.538405
        3519    0.538405
        3520    0.538402
        3521    0.538398
        3522    0.538391
        3523    0.538403
        3524    0.538398
        3525      0.5384
        3526    0.538394
        3527    0.538384
        3528    0.538384
        3529    0.538387
        3530    0.538393
        3531    0.538396
        3532    0.538408
        3533    0.538404
        3534    0.538405
        3535    0.538395
        3536    0.538397
        3537    0.538403
        3538      0.5384
        3539    0.538393
        3540    0.538403
        3541    0.538411
        3542    0.538412
        3543    0.538414
        3544    0.538417
        3545    0.538419
        3546    0.538419
        3547    0.538416
        3548    0.538409
        3549    0.538413
        3550    0.538412
        3551    0.538402
        3552    0.538399
        3553    0.538394
        3554    0.538402
        3555    0.538402
        3556     0.53839
        3557     0.53838
        3558    0.538377
        3559    0.538376
        3560    0.538369
        3561     0.53837
        3562    0.538363
        3563    0.538369
        3564    0.538375
        3565    0.538369
        3566    0.538353
        3567    0.538345
        3568    0.538334
        3569    0.538343
        3570     0.53833
        3571    0.538341
        3572    0.538338
        3573    0.538339
        3574    0.538335
        3575    0.538338
        3576    0.538337
        3577    0.538337
        3578    0.538347
        3579    0.538353
        3580    0.538355
        3581    0.538354
        3582    0.538365
        3583    0.538364
        3584    0.538366
        3585    0.538364
        3586    0.538359
        3587    0.538351
        3588    0.538341
        3589    0.538344
        3590    0.538337
        3591     0.53833
        3592    0.538324
        3593    0.538308
        3594     0.53829
        3595    0.538295
        3596    0.538289
        3597    0.538276
        3598    0.538275
        3599    0.538265
        3600    0.538263
        3601    0.538252
        3602    0.538244
        3603    0.538245
        3604    0.538243
        3605     0.53824
        3606    0.538249
        3607    0.538249
        3608    0.538248
        3609    0.538247
        3610    0.538253
        3611    0.538247
        3612    0.538254
        3613    0.538259
        3614    0.538258
        3615    0.538258
        3616    0.538258
        3617    0.538255
        3618    0.538254
        3619    0.538258
        3620    0.538258
        3621    0.538264
        3622    0.538265
        3623    0.538257
        3624    0.538262
        3625    0.538268
        3626    0.538268
        3627    0.538273
        3628    0.538277
        3629    0.538265
        3630    0.538267
        3631    0.538264
        3632    0.538263
        3633    0.538269
        3634    0.538278
        3635    0.538287
        3636    0.538299
        3637      0.5383
        3638    0.538296
        3639    0.538305
        3640    0.538309
        3641    0.538305
        3642    0.538298
        3643    0.538298
        3644    0.538301
        3645    0.538295
        3646      0.5383
        3647    0.538307
        3648    0.538318
        3649    0.538321
        3650    0.538319
        3651    0.538325
        3652    0.538333
        3653    0.538343
        3654    0.538337
        3655    0.538345
        3656    0.538336
        3657    0.538332
        3658    0.538337
        3659    0.538335
        3660    0.538332
        3661    0.538337
        3662    0.538337
        3663     0.53833
        3664     0.53832
        3665    0.538318
        3666    0.538321
        3667    0.538329
        3668    0.538332
        3669    0.538345
        3670    0.538353
        3671    0.538354
        3672    0.538357
        3673    0.538344
        3674    0.538344
        3675    0.538346
        3676     0.53835
        3677     0.53834
        3678     0.53832
        3679    0.538308
        3680     0.53831
        3681    0.538309
        3682    0.538298
        3683    0.538291
        3684      0.5383
        3685    0.538313
        3686    0.538322
        3687    0.538334
        3688    0.538327
        3689    0.538326
        3690    0.538336
        3691    0.538343
        3692    0.538352
        3693    0.538351
        3694    0.538347
        3695    0.538353
        3696     0.53836
        3697    0.538369
        3698    0.538376
        3699    0.538381
        3700    0.538382
        3701     0.53838
        3702    0.538375
        3703    0.538376
        3704    0.538368
        3705    0.538364
        3706    0.538358
        3707    0.538353
        3708    0.538345
        3709     0.53835
        3710    0.538349
        3711    0.538365
        3712    0.538372
        3713    0.538377
        3714    0.538383
        3715    0.538389
        3716    0.538389
        3717    0.538379
        3718    0.538367
        3719    0.538361
        3720    0.538364
        3721     0.53837
        3722    0.538385
        3723    0.538384
        3724    0.538379
        3725    0.538385
        3726    0.538394
        3727    0.538391
        3728    0.538396
        3729    0.538389
        3730    0.538399
        3731    0.538412
        3732    0.538417
        3733    0.538407
        3734    0.538398
        3735    0.538411
        3736      0.5384
        3737    0.538401
        3738      0.5384
        3739    0.538405
        3740    0.538409
        3741    0.538431
        3742    0.538435
        3743     0.53843
        3744    0.538425
        3745    0.538414
        3746    0.538411
        3747    0.538419
        3748    0.538424
        3749    0.538412
        3750     0.53841
        3751    0.538413
        3752    0.538422
        3753    0.538413
        3754    0.538405
        3755    0.538405
        3756    0.538417
        3757    0.538415
        3758    0.538423
        3759    0.538429
        3760    0.538443
        3761    0.538462
        3762    0.538465
        3763     0.53848
        3764    0.538471
        3765    0.538464
        3766    0.538456
        3767    0.538456
        3768    0.538449
        3769    0.538439
        3770    0.538433
        3771    0.538416
        3772      0.5384
        3773    0.538395
        3774    0.538401
        3775    0.538412
        3776    0.538415
        3777    0.538425
        3778    0.538418
        3779    0.538421
        3780    0.538427
        3781    0.538436
        3782    0.538434
        3783    0.538427
        3784    0.538427
        3785    0.538433
        3786    0.538435
        3787    0.538436
        3788    0.538428
        3789     0.53842
        3790    0.538419
        3791    0.538421
        3792    0.538418
        3793    0.538421
        3794    0.538423
        3795    0.538428
        3796    0.538421
        3797    0.538426
        3798    0.538429
        3799    0.538425
        3800    0.538425
        3801    0.538426
        3802    0.538426
        3803    0.538424
        3804    0.538427
        3805     0.53843
        3806    0.538425
        3807    0.538433
        3808    0.538436
        3809    0.538434
        3810    0.538429
        3811    0.538423
        3812    0.538436
        3813    0.538449
        3814    0.538454
        3815    0.538455
        3816    0.538447
        3817    0.538444
        3818    0.538446
        3819    0.538453
        3820    0.538444
        3821    0.538446
        3822     0.53843
        3823    0.538432
        3824    0.538427
        3825    0.538423
        3826    0.538413
        3827    0.538396
        3828    0.538384
        3829    0.538385
        3830    0.538379
        3831    0.538379
        3832    0.538379
        3833    0.538375
        3834    0.538372
        3835    0.538366
        3836    0.538354
        3837    0.538361
        3838    0.538367
        3839    0.538365
        3840    0.538354
        3841    0.538361
        3842    0.538362
        3843    0.538367
        3844    0.538366
        3845    0.538376
        3846    0.538381
        3847    0.538387
        3848    0.538387
        3849    0.538388
        3850    0.538391
        3851    0.538406
        3852    0.538403
        3853    0.538409
        3854    0.538413
        3855    0.538421
        3856    0.538427
        3857    0.538434
        3858    0.538436
        3859    0.538433
        3860     0.53842
        3861    0.538426
        3862    0.538417
        3863    0.538422
        3864    0.538425
        3865    0.538425
        3866    0.538429
        3867    0.538424
        3868    0.538435
        3869    0.538431
        3870     0.53843
        3871    0.538433
        3872    0.538439
        3873     0.53844
        3874    0.538449
        3875    0.538446
        3876    0.538436
        3877    0.538426
        3878    0.538438
        3879    0.538445
        3880    0.538454
        3881     0.53846
        3882    0.538467
        3883    0.538469
        3884    0.538469
        3885    0.538466
        3886    0.538465
        3887    0.538473
        3888    0.538474
        3889    0.538478
        3890    0.538488
        3891    0.538478
        3892    0.538473
        3893    0.538458
        3894    0.538447
        3895    0.538444
        3896    0.538446
        3897    0.538451
        3898    0.538456
        3899    0.538463
        3900    0.538468
        3901    0.538463
        3902    0.538462
        3903    0.538469
        3904    0.538468
        3905     0.53846
        3906     0.53845
        3907    0.538445
        3908    0.538447
        3909     0.53845
        3910    0.538451
        3911    0.538457
        3912    0.538466
        3913     0.53847
        3914    0.538473
        3915    0.538474
        3916    0.538467
        3917    0.538459
        3918    0.538452
        3919    0.538444
        3920    0.538451
        3921     0.53845
        3922    0.538446
        3923    0.538456
        3924    0.538466
        3925    0.538459
        3926    0.538459
        3927    0.538446
        3928    0.538436
        3929    0.538436
        3930    0.538441
        3931    0.538458
        3932     0.53846
        3933    0.538454
        3934    0.538448
        3935    0.538449
        3936    0.538451
        3937    0.538459
        3938     0.53846
        3939    0.538458
        3940    0.538468
        3941    0.538464
        3942    0.538456
        3943    0.538454
        3944    0.538455
        3945    0.538471
        3946     0.53848
        3947    0.538477
        3948    0.538471
        3949    0.538473
        3950     0.53848
        3951    0.538488
        3952    0.538491
        3953    0.538494
        3954    0.538479
        3955    0.538481
        3956     0.53848
        3957    0.538488
        3958    0.538493
        3959    0.538487
        3960    0.538476
        3961     0.53847
        3962    0.538476
        3963    0.538485
        3964    0.538492
        3965    0.538493
        3966    0.538485
        3967    0.538488
        3968    0.538488
        3969    0.538484
        3970    0.538481
        3971    0.538485
        3972     0.53849
        3973    0.538491
        3974    0.538496
        3975    0.538474
        3976    0.538473
        3977     0.53847
        3978     0.53847
        3979    0.538473
        3980    0.538475
        3981    0.538479
        3982    0.538481
        3983    0.538471
        3984    0.538463
        3985    0.538454
        3986    0.538458
        3987    0.538456
        3988    0.538454
        3989    0.538463
        3990    0.538473
        3991    0.538459
        3992    0.538449
        3993    0.538441
        3994    0.538431
        3995    0.538434
        3996     0.53844
        3997    0.538448
        3998    0.538453
        3999    0.538457
        4000    0.538459
        4001    0.538453
        4002    0.538455
        4003    0.538463
        4004    0.538466
        4005    0.538458
        4006    0.538462
        4007    0.538462
        4008    0.538458
        4009    0.538464
        4010    0.538467
        4011    0.538471
        4012    0.538474
        4013    0.538483
        4014    0.538486
        4015    0.538492
        4016    0.538489
        4017     0.53849
        4018    0.538492
        4019    0.538483
        4020    0.538468
        4021    0.538452
        4022    0.538444
        4023    0.538444
        4024     0.53844
        4025     0.53845
        4026    0.538447
        4027    0.538452
        4028    0.538455
        4029    0.538459
        4030     0.53846
        4031    0.538466
        4032    0.538466
        4033    0.538471
        4034    0.538481
        4035    0.538488
        4036    0.538471
        4037    0.538465
        4038    0.538471
        4039    0.538479
        4040     0.53848
        4041    0.538486
        4042    0.538472
        4043    0.538472
        4044    0.538476
        4045    0.538481
        4046    0.538489
        4047    0.538489
        4048    0.538487
        4049    0.538487
        4050    0.538491
        4051    0.538487
        4052     0.53848
        4053    0.538477
        4054    0.538474
        4055     0.53847
        4056    0.538462
        4057    0.538459
        4058    0.538462
        4059    0.538478
        4060    0.538491
        4061    0.538484
        4062    0.538492
        4063    0.538491
        4064    0.538494
        4065    0.538494
        4066    0.538499
        4067    0.538493
        4068    0.538485
        4069    0.538482
        4070    0.538476
        4071    0.538476
        4072    0.538492
        4073    0.538491
        4074    0.538492
        4075    0.538508
        4076     0.53851
        4077    0.538518
        4078    0.538513
        4079    0.538516
        4080    0.538514
        4081    0.538516
        4082    0.538512
        4083    0.538517
        4084    0.538513
        4085    0.538505
        4086    0.538502
        4087    0.538515
        4088    0.538514
        4089    0.538508
        4090    0.538483
        4091    0.538471
        4092    0.538466
        4093    0.538473
        4094    0.538472
        4095    0.538465
        4096    0.538465
        4097    0.538451
        4098    0.538455
        4099    0.538457
        4100    0.538461
        4101    0.538464
        4102    0.538457
        4103    0.538458
        4104     0.53845
        4105    0.538446
        4106    0.538435
        4107    0.538425
        4108    0.538415
        4109    0.538412
        4110    0.538407
        4111    0.538421
        4112    0.538427
        4113    0.538433
        4114    0.538441
        4115    0.538447
        4116     0.53846
        4117    0.538469
        4118     0.53847
        4119    0.538479
        4120    0.538472
        4121    0.538476
        4122    0.538493
        4123    0.538499
        4124    0.538505
        4125    0.538499
        4126    0.538492
        4127    0.538496
        4128    0.538485
        4129    0.538471
        4130    0.538466
        4131    0.538452
        4132    0.538449
        4133    0.538445
        4134    0.538446
        4135    0.538458
        4136    0.538472
        4137    0.538471
        4138    0.538461
        4139    0.538457
        4140    0.538454
        4141    0.538453
        4142    0.538446
        4143     0.53845
        4144    0.538453
        4145    0.538456
        4146     0.53846
        4147    0.538463
        4148    0.538461
        4149    0.538447
        4150    0.538451
        4151    0.538447
        4152    0.538453
        4153    0.538454
        4154     0.53845
        4155    0.538456
        4156    0.538452
        4157    0.538438
        4158    0.538432
        4159    0.538424
        4160    0.538435
        4161    0.538446
        4162    0.538451
        4163    0.538451
        4164    0.538448
        4165    0.538443
        4166    0.538436
        4167    0.538432
        4168    0.538426
        4169    0.538412
        4170    0.538404
        4171    0.538394
        4172    0.538384
        4173    0.538386
        4174    0.538382
        4175    0.538384
        4176    0.538385
        4177     0.53839
        4178    0.538386
        4179    0.538389
        4180    0.538394
        4181    0.538399
        4182    0.538409
        4183    0.538407
        4184    0.538412
        4185    0.538421
        4186    0.538421
        4187     0.53843
        4188    0.538435
        4189    0.538435
        4190    0.538428
        4191    0.538413
        4192    0.538409
        4193    0.538408
        4194    0.538406
        4195    0.538402
        4196    0.538414
        4197    0.538411
        4198     0.53841
        4199    0.538398
        4200    0.538396
        4201    0.538393
        4202    0.538389
        4203    0.538382
        4204    0.538374
        4205    0.538367
        4206    0.538371
        4207    0.538378
        4208    0.538378
        4209    0.538386
        4210    0.538393
        4211    0.538398
        4212    0.538396
        4213    0.538397
        4214     0.53839
        4215    0.538392
        4216    0.538396
        4217    0.538402
        4218    0.538398
        4219    0.538394
        4220     0.53839
        4221      0.5384
        4222    0.538401
        4223    0.538401
        4224    0.538397
        4225    0.538393
        4226    0.538375
        4227    0.538368
        4228     0.53835
        4229    0.538361
        4230    0.538353
        4231    0.538351
        4232    0.538353
        4233    0.538355
        4234    0.538359
        4235    0.538353
        4236    0.538353
        4237    0.538348
        4238    0.538349
        4239    0.538352
        4240    0.538357
        4241    0.538357
        4242    0.538361
        4243    0.538358
        4244    0.538353
        4245     0.53835
        4246    0.538348
        4247    0.538348
        4248    0.538346
        4249    0.538335
        4250    0.538338
        4251    0.538341
        4252     0.53835
        4253    0.538354
        4254    0.538349
        4255    0.538349
        4256    0.538357
        4257    0.538364
        4258    0.538362
        4259    0.538356
        4260    0.538359
        4261    0.538363
        4262     0.53837
        4263    0.538361
        4264    0.538351
        4265    0.538357
        4266    0.538351
        4267     0.53835
        4268    0.538347
        4269    0.538349
        4270    0.538352
        4271    0.538351
        4272    0.538352
        4273    0.538361
        4274    0.538368
        4275    0.538369
        4276    0.538373
        4277    0.538364
        4278    0.538353
        4279    0.538351
        4280    0.538357
        4281    0.538357
        4282    0.538362
        4283    0.538373
        4284    0.538387
        4285    0.538393
        4286     0.53839
        4287    0.538382
        4288    0.538379
        4289    0.538381
        4290    0.538382
        4291    0.538381
        4292    0.538388
        4293    0.538385
        4294    0.538391
        4295    0.538392
        4296    0.538402
        4297    0.538398
        4298      0.5384
        4299    0.538407
        4300    0.538411
        4301    0.538417
        4302    0.538417
        4303    0.538413
        4304     0.53842
        4305    0.538426
        4306    0.538433
        4307    0.538433
        4308    0.538434
        4309     0.53843
        4310    0.538423
        4311    0.538421
        4312     0.53842
        4313    0.538421
        4314     0.53842
        4315    0.538411
        4316    0.538399
        4317    0.538392
        4318    0.538391
        4319    0.538391
        4320    0.538388
        4321    0.538393
        4322    0.538402
        4323    0.538405
        4324    0.538404
        4325    0.538407
        4326    0.538407
        4327    0.538404
        4328    0.538403
        4329    0.538396
        4330    0.538395
        4331    0.538401
        4332    0.538401
        4333    0.538395
        4334    0.538386
        4335    0.538383
        4336     0.53839
        4337    0.538393
        4338      0.5384
        4339    0.538389
        4340    0.538378
        4341    0.538368
        4342    0.538375
        4343    0.538367
        4344    0.538355
        4345    0.538349
        4346    0.538349
        4347    0.538349
        4348    0.538355
        4349    0.538359
        4350    0.538371
        4351    0.538372
        4352    0.538378
        4353    0.538377
        4354    0.538382
        4355    0.538381
        4356    0.538374
        4357    0.538365
        4358    0.538358
        4359    0.538348
        4360     0.53834
        4361     0.53834
        4362    0.538348
        4363    0.538343
        4364     0.53834
        4365    0.538339
        4366    0.538341
        4367    0.538342
        4368    0.538345
        4369    0.538363
        4370    0.538362
        4371    0.538351
        4372    0.538343
        4373    0.538333
        4374    0.538341
        4375    0.538344
        4376    0.538343
        4377    0.538345
        4378     0.53835
        4379    0.538343
        4380    0.538344
        4381    0.538337
        4382     0.53833
        4383    0.538316
        4384    0.538309
        4385    0.538305
        4386    0.538297
        4387     0.53831
        4388    0.538311
        4389    0.538307
        4390    0.538295
        4391    0.538296
        4392    0.538299
        4393    0.538303
        4394    0.538312
        4395    0.538316
        4396    0.538305
        4397    0.538295
        4398      0.5383
        4399      0.5383
        4400    0.538303
        4401    0.538311
        4402    0.538311
        4403    0.538302
        4404    0.538292
        4405    0.538266
        4406    0.538256
        4407    0.538269
        4408    0.538263
        4409    0.538261
        4410    0.538255
        4411    0.538254
        4412    0.538256
        4413    0.538259
        4414    0.538259
        4415    0.538268
        4416    0.538282
        4417    0.538287
        4418    0.538288
        4419    0.538298
        4420    0.538304
        4421    0.538305
        4422    0.538301
        4423    0.538305
        4424    0.538304
        4425    0.538308
        4426    0.538306
        4427    0.538305
        4428    0.538301
        4429    0.538298
        4430     0.53829
        4431    0.538291
        4432    0.538289
        4433    0.538289
        4434    0.538287
        4435    0.538278
        4436    0.538282
        4437    0.538284
        4438    0.538278
        4439     0.53828
        4440     0.53827
        4441     0.53827
        4442    0.538266
        4443    0.538261
        4444    0.538254
        4445    0.538258
        4446    0.538261
        4447    0.538256
        4448    0.538256
        4449    0.538256
        4450    0.538264
        4451    0.538273
        4452    0.538281
        4453    0.538277
        4454    0.538277
        4455    0.538275
        4456     0.53828
        4457    0.538275
        4458    0.538282
        4459    0.538286
        4460    0.538281
        4461     0.53828
        4462    0.538284
        4463     0.53828
        4464    0.538258
        4465    0.538248
        4466    0.538244
        4467    0.538242
        4468    0.538246
        4469    0.538254
        4470    0.538253
        4471     0.53825
        4472    0.538246
        4473    0.538252
        4474    0.538252
        4475    0.538252
        4476    0.538258
        4477    0.538262
        4478    0.538268
        4479    0.538273
        4480    0.538273
        4481    0.538271
        4482    0.538267
        4483    0.538271
        4484    0.538275
        4485     0.53827
        4486    0.538276
        4487    0.538283
        4488    0.538287
        4489     0.53829
        4490    0.538297
        4491    0.538304
        4492      0.5383
        4493    0.538294
        4494     0.53829
        4495    0.538289
        4496    0.538284
        4497    0.538278
        4498    0.538296
        4499    0.538294
        4500    0.538288
        4501    0.538286
        4502    0.538287
        4503    0.538293
        4504    0.538312
        4505    0.538318
        4506    0.538323
        4507    0.538328
        4508    0.538317
        4509     0.53831
        4510    0.538318
        4511    0.538324
        4512     0.53832
        4513    0.538309
        4514    0.538304
        4515    0.538297
        4516     0.53829
        4517    0.538279
        4518    0.538275
        4519    0.538271
        4520    0.538269
        4521    0.538267
        4522    0.538263
        4523    0.538263
        4524    0.538261
        4525    0.538265
        4526    0.538254
        4527    0.538257
        4528    0.538264
        4529    0.538266
        4530    0.538274
        4531     0.53828
        4532    0.538269
        4533    0.538269
        4534    0.538269
        4535    0.538279
        4536    0.538283
        4537    0.538297
        4538    0.538301
        4539    0.538296
        4540     0.53829
        4541    0.538294
        4542    0.538301
        4543    0.538299
        4544    0.538304
        4545    0.538309
        4546    0.538306
        4547    0.538298
        4548    0.538301
        4549      0.5383
        4550    0.538308
        4551    0.538308
        4552    0.538303
        4553    0.538303
        4554    0.538307
        4555    0.538306
        4556    0.538317
        4557    0.538328
        4558    0.538328
        4559    0.538332
        4560    0.538335
        4561    0.538333
        4562    0.538326
        4563    0.538323
        4564     0.53833
        4565    0.538326
        4566    0.538319
        4567    0.538321
        4568    0.538325
        4569    0.538333
        4570     0.53834
        4571    0.538334
        4572    0.538326
        4573    0.538331
        4574    0.538319
        4575     0.53832
        4576    0.538321
        4577    0.538307
        4578    0.538307
        4579    0.538306
        4580    0.538294
        4581    0.538292
        4582    0.538283
        4583    0.538273
        4584    0.538257
        4585    0.538257
        4586    0.538259
        4587    0.538256
        4588    0.538255
        4589    0.538264
        4590    0.538265
        4591    0.538267
        4592    0.538272
        4593     0.53827
        4594    0.538265
        4595     0.53826
        4596    0.538249
        4597     0.53825
        4598     0.53825
        4599    0.538253
        4600    0.538252
        4601    0.538245
        4602     0.53824
        4603    0.538236
        4604    0.538232
        4605    0.538218
        4606    0.538214
        4607    0.538217
        4608    0.538201
        4609    0.538198
        4610     0.53819
        4611    0.538192
        4612    0.538181
        4613     0.53818
        4614    0.538198
        4615    0.538196
        4616    0.538198
        4617    0.538187
        4618    0.538183
        4619    0.538175
        4620    0.538172
        4621    0.538175
        4622    0.538166
        4623    0.538159
        4624    0.538159
        4625    0.538152
        4626    0.538147
        4627    0.538142
        4628    0.538147
        4629    0.538131
        4630    0.538127
        4631    0.538129
        4632     0.53813
        4633    0.538129
        4634    0.538126
        4635    0.538135
        4636    0.538128
        4637     0.53812
        4638    0.538117
        4639    0.538112
        4640    0.538104
        4641    0.538096
        4642    0.538093
        4643    0.538095
        4644    0.538095
        4645    0.538091
        4646    0.538107
        4647     0.53812
        4648    0.538124
        4649     0.53813
        4650    0.538126
        4651    0.538131
        4652    0.538124
        4653    0.538115
        4654    0.538118
        4655    0.538118
        4656    0.538126
        4657    0.538125
        4658    0.538138
        4659    0.538153
        4660    0.538158
        4661    0.538157
        4662    0.538161
        4663    0.538159
        4664    0.538155
        4665    0.538149
        4666    0.538141
        4667    0.538154
        4668    0.538165
        4669    0.538174
        4670     0.53818
        4671    0.538184
        4672    0.538168
        4673     0.53816
        4674    0.538159
        4675    0.538149
        4676    0.538149
        4677    0.538155
        4678    0.538136
        4679    0.538128
        4680    0.538128
        4681    0.538132
        4682     0.53813
        4683    0.538133
        4684    0.538126
        4685    0.538119
        4686    0.538111
        4687    0.538109
        4688      0.5381
        4689    0.538094
        4690    0.538087
        4691    0.538078
        4692    0.538078
        4693    0.538079
        4694    0.538081
        4695    0.538078
        4696    0.538085
        4697    0.538089
        4698    0.538088
        4699    0.538094
        4700    0.538093
        4701    0.538104
        4702    0.538108
        4703    0.538107
        4704    0.538112
        4705    0.538116
        4706    0.538122
        4707    0.538125
        4708    0.538137
        4709    0.538134
        4710    0.538131
        4711    0.538132
        4712    0.538133
        4713    0.538123
        4714    0.538126
        4715    0.538113
        4716    0.538122
        4717    0.538125
        4718    0.538125
        4719    0.538122
        4720    0.538121
        4721    0.538117
        4722    0.538113
        4723    0.538113
        4724    0.538115
        4725    0.538112
        4726    0.538105
        4727    0.538111
        4728    0.538122
        4729    0.538122
        4730    0.538115
        4731    0.538113
        4732    0.538114
        4733    0.538116
        4734    0.538134
        4735    0.538138
        4736    0.538147
        4737    0.538145
        4738    0.538153
        4739    0.538164
        4740    0.538175
        4741    0.538181
        4742    0.538182
        4743    0.538179
        4744    0.538192
        4745    0.538196
        4746    0.538195
        4747    0.538187
        4748    0.538187
        4749    0.538173
        4750    0.538172
        4751    0.538172
        4752    0.538178
        4753    0.538178
        4754    0.538179
        4755    0.538171
        4756    0.538158
        4757    0.538162
        4758     0.53816
        4759    0.538145
        4760    0.538149
        4761    0.538144
        4762     0.53814
        4763    0.538144
        4764     0.53815
        4765    0.538159
        4766    0.538162
        4767    0.538165
        4768    0.538158
        4769    0.538149
        4770     0.53815
        4771    0.538154
        4772    0.538156
        4773    0.538156
        4774    0.538149
        4775    0.538152
        4776    0.538143
        4777    0.538144
        4778    0.538142
        4779    0.538142
        4780    0.538146
        4781    0.538135
        4782    0.538132
        4783     0.53813
        4784     0.53813
        4785    0.538124
        4786    0.538116
        4787    0.538109
        4788    0.538104
        4789    0.538104
        4790    0.538108
        4791    0.538111
        4792    0.538114
        4793    0.538114
        4794    0.538117
        4795    0.538107
        4796    0.538102
        4797    0.538106
        4798    0.538107
        4799    0.538105
        4800    0.538112
        4801    0.538115
        4802    0.538111
        4803    0.538118
        4804    0.538115
        4805     0.53812
        4806    0.538122
        4807    0.538127
        4808    0.538116
        4809    0.538115
        4810    0.538107
        4811    0.538103
        4812    0.538114
        4813    0.538108
        4814    0.538107
        4815    0.538102
        4816    0.538091
        4817    0.538097
        4818      0.5381
        4819    0.538098
        4820    0.538096
        4821    0.538101
        4822      0.5381
        4823    0.538103
        4824    0.538096
        4825    0.538106
        4826    0.538118
        4827    0.538116
        4828    0.538109
        4829    0.538108
        4830    0.538108
        4831    0.538097
        4832    0.538097
        4833     0.53811
        4834    0.538111
        4835    0.538106
        4836    0.538101
        4837    0.538101
        4838    0.538099
        4839    0.538098
        4840    0.538105
        4841    0.538103
        4842    0.538101
        4843    0.538097
        4844    0.538088
        4845     0.53808
        4846    0.538072
        4847    0.538076
        4848    0.538078
        4849    0.538078
        4850    0.538078
        4851    0.538082
        4852    0.538086
        4853    0.538089
        4854    0.538088
        4855    0.538085
        4856    0.538084
        4857    0.538072
        4858    0.538063
        4859    0.538066
        4860     0.53807
        4861    0.538069
        4862    0.538065
        4863    0.538066
        4864    0.538071
        4865    0.538072
        4866    0.538071
        4867    0.538071
        4868    0.538072
        4869    0.538071
        4870    0.538074
        4871    0.538065
        4872    0.538062
        4873    0.538049
        4874    0.538033
        4875    0.538018
        4876    0.538016
        4877    0.538012
        4878    0.538016
        4879    0.538011
        4880    0.538013
        4881     0.53802
        4882    0.538016
        4883    0.538018
        4884    0.538017
        4885     0.53801
        4886    0.538014
        4887    0.538004
        4888     0.53801
        4889    0.538009
        4890    0.538005
        4891    0.538001
        4892    0.538006
        4893    0.537998
        4894    0.537997
        4895     0.53799
        4896    0.537989
        4897    0.537979
        4898    0.537992
        4899    0.537999
        4900    0.538005
        4901    0.538006
        4902    0.538002
        4903       0.538
        4904    0.537998
        4905    0.537994
        4906    0.538001
        4907    0.538009
        4908    0.538013
        4909    0.538016
        4910    0.538017
        4911    0.538012
        4912    0.538016
        4913    0.538025
        4914     0.53803
        4915    0.538033
        4916    0.538034
        4917    0.538043
        4918    0.538053
        4919    0.538058
        4920    0.538056
        4921    0.538051
        4922    0.538046
        4923    0.538042
        4924    0.538037
        4925    0.538027
        4926    0.538032
        4927    0.538034
        4928    0.538039
        4929    0.538035
        4930    0.538029
        4931    0.538028
        4932    0.538024
        4933     0.53803
        4934    0.538042
        4935     0.53804
        4936    0.538041
        4937    0.538034
        4938    0.538035
        4939    0.538033
        4940    0.538027
        4941    0.538036
        4942    0.538043
        4943    0.538047
        4944    0.538037
        4945    0.538022
        4946    0.538021
        4947    0.538018
        4948    0.538013
        4949    0.538015
        4950    0.538011
        4951    0.538009
        4952    0.538006
        4953    0.538002
        4954    0.538003
        4955    0.537998
        4956    0.537999
        4957    0.537992
        4958    0.537985
        4959    0.537973
        4960    0.537973
        4961    0.537973
        4962    0.537972
        4963    0.537979
        4964     0.53798
        4965    0.537981
        4966    0.537987
        4967    0.537982
        4968    0.537978
        4969    0.537972
        4970    0.537976
        4971    0.537975
        4972    0.537966
        4973    0.537968
        4974    0.537956
        4975    0.537953
        4976    0.537947
        4977    0.537944
        4978     0.53795
        4979    0.537948
        4980    0.537941
        4981    0.537935
        4982    0.537919
        4983    0.537907
        4984    0.537904
        4985    0.537901
        4986    0.537899
        4987    0.537894
        4988    0.537893
        4989    0.537888
        4990    0.537891
        4991    0.537899
        4992    0.537899
        4993    0.537899
        4994    0.537902
        4995    0.537901
        4996    0.537891
        4997    0.537885
        4998    0.537877
        4999    0.537879
        5000    0.537875
        5001    0.537892
        5002    0.537895
        5003    0.537899
        5004    0.537909
        5005    0.537909
        5006    0.537914
        5007    0.537916
        5008    0.537917
        5009    0.537916
        5010    0.537912
        5011    0.537904
        5012    0.537899
        5013    0.537899
        5014    0.537897
        5015    0.537894
        5016    0.537888
        5017    0.537878
        5018    0.537877
        5019    0.537872
        5020    0.537871
        5021    0.537868
        5022     0.53787
        5023     0.53787
        5024    0.537879
        5025    0.537878
        5026    0.537877
        5027    0.537874
        5028    0.537879
        5029    0.537876
        5030     0.53787
        5031    0.537864
        5032    0.537854
        5033    0.537831
        5034    0.537833
        5035    0.537826
        5036    0.537824
        5037    0.537823
        5038     0.53782
        5039    0.537824
        5040    0.537835
        5041    0.537854
        5042    0.537857
        5043    0.537863
        5044    0.537852
        5045    0.537846
        5046    0.537851
        5047    0.537861
        5048    0.537855
        5049    0.537851
        5050    0.537851
        5051    0.537855
        5052    0.537854
        5053     0.53785
        5054    0.537837
        5055    0.537835
        5056    0.537841
        5057    0.537847
        5058     0.53785
        5059    0.537859
        5060    0.537858
        5061    0.537859
        5062    0.537865
        5063    0.537874
        5064    0.537882
        5065    0.537879
        5066    0.537871
        5067    0.537864
        5068    0.537862
        5069    0.537858
        5070    0.537859
        5071    0.537858
        5072    0.537861
        5073    0.537878
        5074    0.537878
        5075    0.537875
        5076     0.53788
        5077    0.537892
        5078    0.537894
        5079    0.537894
        5080    0.537886
        5081    0.537893
        5082    0.537874
        5083     0.53787
        5084    0.537873
        5085    0.537867
        5086    0.537863
        5087    0.537858
        5088    0.537867
        5089    0.537863
        5090     0.53787
        5091    0.537876
        5092    0.537877
        5093    0.537881
        5094    0.537877
        5095     0.53788
        5096    0.537884
        5097    0.537883
        5098    0.537878
        5099    0.537865
        5100    0.537844
        5101    0.537832
        5102    0.537836
        5103    0.537839
        5104    0.537847
        5105    0.537848
        5106    0.537845
        5107    0.537845
        5108    0.537853
        5109     0.53785
        5110     0.53785
        5111    0.537848
        5112    0.537843
        5113    0.537834
        5114    0.537832
        5115    0.537838
        5116    0.537831
        5117    0.537826
        5118    0.537828
        5119    0.537828
        5120    0.537832
        5121    0.537828
        5122    0.537842
        5123    0.537843
        5124    0.537834
        5125    0.537837
        5126    0.537821
        5127    0.537816
        5128    0.537805
        5129      0.5378
        5130      0.5378
        5131    0.537808
        5132    0.537814
        5133    0.537821
        5134    0.537822
        5135    0.537826
        5136    0.537832
        5137    0.537821
        5138    0.537827
        5139    0.537823
        5140    0.537822
        5141    0.537823
        5142    0.537829
        5143    0.537831
        5144    0.537826
        5145    0.537818
        5146    0.537816
        5147    0.537808
        5148    0.537808
        5149    0.537806
        5150    0.537798
        5151    0.537781
        5152    0.537771
        5153     0.53776
        5154    0.537755
        5155    0.537759
        5156    0.537761
        5157    0.537758
        5158    0.537762
        5159    0.537753
        5160     0.53774
        5161    0.537742
        5162     0.53775
        5163     0.53775
        5164     0.53775
        5165    0.537759
        5166    0.537762
        5167    0.537762
        5168    0.537762
        5169    0.537744
        5170    0.537744
        5171    0.537739
        5172    0.537735
        5173    0.537731
        5174    0.537746
        5175    0.537748
        5176    0.537737
        5177    0.537735
        5178    0.537743
        5179    0.537743
        5180    0.537736
        5181    0.537731
        5182    0.537729
        5183    0.537721
        5184    0.537716
        5185    0.537712
        5186    0.537714
        5187    0.537714
        5188    0.537725
        5189    0.537727
        5190    0.537737
        5191    0.537743
        5192    0.537753
        5193    0.537754
        5194    0.537765
        5195    0.537761
        5196    0.537768
        5197    0.537777
        5198     0.53778
        5199    0.537781
        5200    0.537783
        5201    0.537788
        5202    0.537783
        5203    0.537783
        5204    0.537783
        5205     0.53778
        5206    0.537784
        5207    0.537785
        5208    0.537788
        5209    0.537783
        5210    0.537778
        5211    0.537779
        5212    0.537789
        5213    0.537795
        5214    0.537794
        5215    0.537786
        5216    0.537784
        5217    0.537784
        5218    0.537786
        5219    0.537796
        5220    0.537802
        5221    0.537807
        5222     0.53781
        5223    0.537818
        5224    0.537819
        5225    0.537821
        5226    0.537804
        5227    0.537791
        5228    0.537792
        5229    0.537796
        5230    0.537796
        5231    0.537789
        5232    0.537785
        5233    0.537777
        5234     0.53779
        5235    0.537801
        5236    0.537805
        5237    0.537809
        5238    0.537812
        5239    0.537808
        5240    0.537808
        5241    0.537807
        5242    0.537809
        5243     0.53781
        5244    0.537809
        5245    0.537809
        5246    0.537811
        5247    0.537804
        5248    0.537804
        5249    0.537801
        5250    0.537799
        5251    0.537796
        5252    0.537792
        5253    0.537785
        5254    0.537775
        5255     0.53777
        5256    0.537771
        5257    0.537761
        5258    0.537759
        5259    0.537753
        5260    0.537756
        5261    0.537756
        5262    0.537745
        5263     0.53775
        5264    0.537756
        5265    0.537756
        5266    0.537756
        5267    0.537761
        5268    0.537764
        5269    0.537759
        5270    0.537749
        5271    0.537743
        5272    0.537737
        5273    0.537745
        5274    0.537748
        5275    0.537747
        5276    0.537742
        5277    0.537735
        5278    0.537741
        5279    0.537739
        5280    0.537732
        5281    0.537724
        5282     0.53772
        5283    0.537724
        5284    0.537718
        5285    0.537715
        5286    0.537712
        5287    0.537703
        5288    0.537703
        5289    0.537713
        5290    0.537715
        5291    0.537715
        5292    0.537709
        5293    0.537713
        5294    0.537722
        5295    0.537734
        5296    0.537748
        5297     0.53775
        5298    0.537742
        5299    0.537737
        5300    0.537728
        5301    0.537728
        5302    0.537732
        5303    0.537744
        5304    0.537744
        5305    0.537738
        5306    0.537734
        5307     0.53773
        5308    0.537723
        5309    0.537724
        5310     0.53771
        5311    0.537717
        5312    0.537714
        5313    0.537713
        5314    0.537715
        5315    0.537704
        5316    0.537703
        5317    0.537695
        5318    0.537688
        5319    0.537679
        5320    0.537674
        5321    0.537682
        5322    0.537678
        5323    0.537674
        5324    0.537672
        5325    0.537677
        5326    0.537669
        5327    0.537659
        5328    0.537653
        5329    0.537641
        5330    0.537645
        5331    0.537635
        5332    0.537639
        5333    0.537639
        5334     0.53765
        5335    0.537645
        5336    0.537641
        5337    0.537628
        5338    0.537623
        5339    0.537622
        5340    0.537627
        5341    0.537621
        5342    0.537608
        5343    0.537608
        5344    0.537607
        5345    0.537597
        5346    0.537585
        5347    0.537573
        5348    0.537567
        5349    0.537561
        5350    0.537544
        5351    0.537539
        5352    0.537533
        5353    0.537541
        5354    0.537539
        5355     0.53754
        5356    0.537535
        5357    0.537523
        5358    0.537527
        5359    0.537536
        5360    0.537549
        5361    0.537548
        5362    0.537541
        5363     0.53753
        5364    0.537537
        5365    0.537532
        5366    0.537522
        5367    0.537515
        5368    0.537523
        5369    0.537534
        5370    0.537533
        5371    0.537529
        5372    0.537529
        5373    0.537537
        5374     0.53753
        5375    0.537527
        5376    0.537533
        5377    0.537526
        5378     0.53753
        5379    0.537532
        5380    0.537538
        5381    0.537535
        5382    0.537527
        5383    0.537532
        5384    0.537527
        5385    0.537529
        5386     0.53753
        5387    0.537528
        5388    0.537528
        5389    0.537531
        5390    0.537536
        5391    0.537531
        5392    0.537517
        5393    0.537509
        5394    0.537498
        5395    0.537494
        5396    0.537503
        5397    0.537514
        5398    0.537514
        5399    0.537514
        5400    0.537512
        5401    0.537504
        5402    0.537506
        5403    0.537502
        5404    0.537493
        5405     0.53749
        5406    0.537489
        5407    0.537473
        5408    0.537464
        5409    0.537473
        5410    0.537476
        5411     0.53748
        5412    0.537484
        5413     0.53748
        5414    0.537472
        5415    0.537457
        5416    0.537453
        5417    0.537453
        5418    0.537452
        5419    0.537452
        5420    0.537442
        5421    0.537441
        5422    0.537441
        5423    0.537451
        5424    0.537448
        5425    0.537455
        5426    0.537459
        5427    0.537455
        5428    0.537454
        5429    0.537454
        5430    0.537453
        5431    0.537456
        5432    0.537455
        5433    0.537469
        5434    0.537463
        5435    0.537463
        5436    0.537464
        5437    0.537468
        5438    0.537476
        5439    0.537474
        5440    0.537464
        5441    0.537463
        5442     0.53746
        5443    0.537464
        5444    0.537463
        5445    0.537468
        5446    0.537472
        5447    0.537478
        5448    0.537478
        5449    0.537463
        5450    0.537468
        5451    0.537477
        5452    0.537476
        5453    0.537481
        5454    0.537472
        5455    0.537471
        5456    0.537455
        5457    0.537457
        5458    0.537451
        5459    0.537451
        5460    0.537446
        5461    0.537443
        5462    0.537451
        5463    0.537453
        5464    0.537451
        5465    0.537461
        5466    0.537468
        5467    0.537464
        5468     0.53747
        5469     0.53748
        5470    0.537479
        5471    0.537484
        5472    0.537495
        5473    0.537498
        5474      0.5375
        5475      0.5375
        5476    0.537502
        5477    0.537494
        5478    0.537491
        5479    0.537478
        5480    0.537477
        5481    0.537476
        5482    0.537481
        5483     0.53749
        5484    0.537494
        5485    0.537492
        5486    0.537482
        5487    0.537487
        5488     0.53749
        5489    0.537486
        5490    0.537485
        5491    0.537493
        5492    0.537481
        5493    0.537483
        5494    0.537476
        5495    0.537484
        5496    0.537478
        5497    0.537482
        5498    0.537477
        5499    0.537485
        5500    0.537502
        5501    0.537514
        5502    0.537518
        5503     0.53752
        5504    0.537528
        5505    0.537527
        5506    0.537522
        5507    0.537511
        5508    0.537503
        5509    0.537498
        5510    0.537497
        5511     0.53749
        5512    0.537487
        5513    0.537491
        5514    0.537498
        5515    0.537507
        5516     0.53751
        5517    0.537521
        5518    0.537527
        5519    0.537533
        5520    0.537536
        5521    0.537544
        5522    0.537544
        5523    0.537543
        5524     0.53753
        5525    0.537519
        5526    0.537527
        5527    0.537529
        5528    0.537531
        5529    0.537525
        5530    0.537521
        5531    0.537531
        5532    0.537533
        5533    0.537534
        5534    0.537531
        5535    0.537528
        5536    0.537523
        5537    0.537523
        5538    0.537518
        5539    0.537517
        5540    0.537515
        5541    0.537514
        5542    0.537519
        5543    0.537522
        5544    0.537526
        5545    0.537536
        5546    0.537531
        5547    0.537543
        5548    0.537557
        5549    0.537561
        5550    0.537556
        5551    0.537553
        5552    0.537551
        5553    0.537545
        5554    0.537559
        5555    0.537565
        5556    0.537579
        5557    0.537575
        5558     0.53756
        5559    0.537555
        5560    0.537545
        5561    0.537555
        5562    0.537565
        5563    0.537561
        5564    0.537557
        5565    0.537553
        5566    0.537555
        5567    0.537556
        5568    0.537564
        5569    0.537555
        5570    0.537556
        5571    0.537547
        5572    0.537546
        5573    0.537546
        5574    0.537546
        5575     0.53755
        5576    0.537558
        5577    0.537563
        5578    0.537566
        5579    0.537562
        5580    0.537565
        5581    0.537578
        5582    0.537579
        5583    0.537586
        5584    0.537585
        5585     0.53759
        5586    0.537598
        5587    0.537601
        5588    0.537601
        5589    0.537601
        5590      0.5376
        5591    0.537604
        5592    0.537597
        5593    0.537593
        5594    0.537594
        5595    0.537597
        5596    0.537584
        5597    0.537592
        5598    0.537604
        5599    0.537602
        5600    0.537597
        5601    0.537585
        5602    0.537577
        5603    0.537576
        5604     0.53757
        5605    0.537564
        5606    0.537568
        5607    0.537569
        5608    0.537563
        5609    0.537568
        5610    0.537563
        5611    0.537558
        5612    0.537563
        5613    0.537557
        5614    0.537552
        5615    0.537557
        5616    0.537559
        5617    0.537572
        5618    0.537573
        5619    0.537568
        5620    0.537574
        5621    0.537575
        5622    0.537571
        5623    0.537568
        5624    0.537574
        5625    0.537574
        5626    0.537586
        5627    0.537588
        5628    0.537589
        5629    0.537581
        5630    0.537565
        5631    0.537556
        5632    0.537552
        5633    0.537559
        5634    0.537549
        5635    0.537548
        5636    0.537542
        5637    0.537542
        5638    0.537557
        5639    0.537563
        5640    0.537575
        5641    0.537576
        5642    0.537583
        5643    0.537591
        5644    0.537584
        5645    0.537575
        5646    0.537576
        5647    0.537577
        5648    0.537577
        5649    0.537583
        5650    0.537581
        5651    0.537572
        5652    0.537563
        5653    0.537556
        5654    0.537555
        5655    0.537562
        5656    0.537563
        5657     0.53756
        5658    0.537554
        5659    0.537559
        5660    0.537553
        5661    0.537553
        5662     0.53756
        5663    0.537557
        5664    0.537549
        5665    0.537545
        5666    0.537542
        5667    0.537544
        5668     0.53754
        5669    0.537544
        5670    0.537538
        5671    0.537533
        5672    0.537526
        5673    0.537533
        5674    0.537532
        5675    0.537539
        5676    0.537549
        5677    0.537549
        5678    0.537546
        5679    0.537541
        5680     0.53754
        5681    0.537535
        5682     0.53753
        5683    0.537517
        5684    0.537508
        5685    0.537508
        5686    0.537512
        5687     0.53751
        5688    0.537499
        5689    0.537491
        5690    0.537488
        5691    0.537485
        5692    0.537492
        5693    0.537489
        5694    0.537496
        5695    0.537488
        5696    0.537483
        5697    0.537484
        5698     0.53748
        5699    0.537475
        5700    0.537464
        5701    0.537464
        5702    0.537464
        5703    0.537479
        5704    0.537478
        5705    0.537477
        5706     0.53748
        5707     0.53748
        5708    0.537488
        5709    0.537483
        5710    0.537487
        5711    0.537486
        5712    0.537491
        5713    0.537486
        5714    0.537484
        5715    0.537489
        5716    0.537494
        5717    0.537484
        5718    0.537481
        5719    0.537469
        5720    0.537475
        5721    0.537473
        5722     0.53747
        5723     0.53747
        5724    0.537473
        5725    0.537472
        5726    0.537484
        5727    0.537481
        5728    0.537475
        5729    0.537463
        5730    0.537455
        5731    0.537456
        5732    0.537449
        5733    0.537441
        5734     0.53744
        5735    0.537444
        5736    0.537443
        5737    0.537442
        5738    0.537436
        5739    0.537434
        5740    0.537429
        5741    0.537437
        5742    0.537431
        5743    0.537429
        5744    0.537425
        5745    0.537439
        5746    0.537442
        5747    0.537448
        5748    0.537446
        5749    0.537447
        5750     0.53745
        5751     0.53744
        5752    0.537442
        5753    0.537442
        5754    0.537434
        5755    0.537434
        5756    0.537446
        5757    0.537454
        5758    0.537467
        5759    0.537472
        5760    0.537475
        5761    0.537474
        5762    0.537475
        5763    0.537464
        5764     0.53747
        5765    0.537469
        5766    0.537455
        5767    0.537464
        5768    0.537457
        5769    0.537458
        5770    0.537453
        5771     0.53745
        5772    0.537452
        5773    0.537458
        5774    0.537454
        5775    0.537455
        5776    0.537461
        5777    0.537458
        5778    0.537469
        5779    0.537465
        5780     0.53746
        5781    0.537453
        5782     0.53744
        5783    0.537438
        5784    0.537427
        5785    0.537424
        5786    0.537432
        5787    0.537431
        5788    0.537435
        5789    0.537422
        5790    0.537406
        5791    0.537404
        5792    0.537402
        5793    0.537396
        5794    0.537393
        5795    0.537395
        5796    0.537396
        5797    0.537392
        5798    0.537388
        5799    0.537386
        5800    0.537382
        5801    0.537389
        5802    0.537386
        5803    0.537384
        5804    0.537369
        5805    0.537365
        5806    0.537354
        5807    0.537352
        5808    0.537352
        5809    0.537353
        5810    0.537362
        5811    0.537371
        5812     0.53737
        5813    0.537364
        5814    0.537358
        5815    0.537352
        5816     0.53735
        5817    0.537345
        5818    0.537346
        5819     0.53735
        5820    0.537346
        5821    0.537347
        5822    0.537356
        5823    0.537363
        5824    0.537369
        5825    0.537366
        5826    0.537361
        5827    0.537359
        5828    0.537358
        5829    0.537357
        5830    0.537353
        5831    0.537357
        5832    0.537341
        5833     0.53733
        5834    0.537323
        5835    0.537322
        5836    0.537319
        5837     0.53732
        5838    0.537322
        5839    0.537323
        5840    0.537317
        5841    0.537317
        5842    0.537322
        5843    0.537324
        5844    0.537324
        5845    0.537315
        5846    0.537323
        5847    0.537321
        5848     0.53732
        5849    0.537316
        5850     0.53731
        5851    0.537302
        5852    0.537298
        5853      0.5373
        5854    0.537304
        5855    0.537309
        5856     0.53731
        5857    0.537307
        5858     0.53731
        5859     0.53731
        5860    0.537311
        5861    0.537312
        5862    0.537304
        5863    0.537296
        5864    0.537295
        5865    0.537291
        5866    0.537295
        5867    0.537301
        5868    0.537304
        5869    0.537299
        5870    0.537289
        5871    0.537292
        5872    0.537291
        5873    0.537283
        5874     0.53728
        5875    0.537283
        5876     0.53729
        5877     0.53729
        5878    0.537292
        5879    0.537293
        5880    0.537293
        5881     0.53729
        5882    0.537289
        5883    0.537293
        5884    0.537294
        5885    0.537297
        5886    0.537297
        5887    0.537297
        5888    0.537297
        5889    0.537296
        5890    0.537299
        5891    0.537304
        5892    0.537297
        5893    0.537297
        5894    0.537301
        5895     0.53729
        5896    0.537286
        5897    0.537266
        5898    0.537255
        5899    0.537244
        5900    0.537247
        5901    0.537249
        5902    0.537254
        5903    0.537258
        5904    0.537267
        5905    0.537261
        5906    0.537254
        5907    0.537262
        5908    0.537272
        5909    0.537271
        5910    0.537267
        5911    0.537267
        5912    0.537261
        5913    0.537265
        5914    0.537262
        5915    0.537253
        5916    0.537251
        5917    0.537258
        5918    0.537263
        5919    0.537275
        5920    0.537281
        5921    0.537282
        5922    0.537286
        5923    0.537283
        5924    0.537283
        5925    0.537278
        5926    0.537282
        5927    0.537278
        5928     0.53728
        5929    0.537285
        5930    0.537292
        5931     0.53729
        5932    0.537287
        5933    0.537281
        5934    0.537269
        5935    0.537269
        5936     0.53727
        5937    0.537281
        5938    0.537283
        5939    0.537291
        5940    0.537286
        5941    0.537285
        5942    0.537284
        5943    0.537294
        5944    0.537297
        5945    0.537298
        5946    0.537302
        5947    0.537297
        5948    0.537295
        5949     0.53729
        5950    0.537287
        5951    0.537284
        5952    0.537294
        5953    0.537305
        5954    0.537315
        5955     0.53731
        5956    0.537318
        5957    0.537312
        5958    0.537305
        5959    0.537299
        5960    0.537293
        5961     0.53729
        5962    0.537299
        5963    0.537301
        5964    0.537305
        5965    0.537315
        5966    0.537317
        5967    0.537308
        5968    0.537312
        5969    0.537316
        5970    0.537316
        5971    0.537329
        5972     0.53733
        5973    0.537336
        5974    0.537323
        5975    0.537318
        5976    0.537313
        5977    0.537309
        5978    0.537304
        5979    0.537303
        5980    0.537309
        5981    0.537303
        5982    0.537307
        5983    0.537295
        5984    0.537286
        5985    0.537292
        5986    0.537294
        5987    0.537293
        5988    0.537287
        5989    0.537286
        5990    0.537283
        5991    0.537287
        5992    0.537289
        5993    0.537296
        5994    0.537304
        5995    0.537303
        5996    0.537306
        5997    0.537306
        5998    0.537296
        5999    0.537304
        6000    0.537305
        6001    0.537308
        6002    0.537302
        6003    0.537311
        6004    0.537316
        6005    0.537311
        6006    0.537301
        6007    0.537311
        6008    0.537316
        6009    0.537313
        6010     0.53731
        6011    0.537316
        6012    0.537322
        6013    0.537321
        6014    0.537319
        6015    0.537316
        6016    0.537315
        6017    0.537325
        6018    0.537324
        6019    0.537326
        6020    0.537333
        6021     0.53733
        6022    0.537332
        6023     0.53733
        6024    0.537339
        6025    0.537354
        6026    0.537356
        6027    0.537347
        6028    0.537336
        6029     0.53734
        6030    0.537335
        6031     0.53734
        6032    0.537339
        6033    0.537338
        6034    0.537332
        6035    0.537328
        6036     0.53733
        6037    0.537322
        6038    0.537318
        6039    0.537305
        6040    0.537296
        6041    0.537304
        6042    0.537308
        6043    0.537305
        6044    0.537306
        6045    0.537309
        6046    0.537308
        6047    0.537302
        6048    0.537296
        6049    0.537291
        6050    0.537286
        6051    0.537284
        6052    0.537299
        6053    0.537308
        6054    0.537315
        6055    0.537313
        6056    0.537314
        6057    0.537317
        6058    0.537318
        6059    0.537325
        6060    0.537331
        6061    0.537331
        6062    0.537338
        6063    0.537339
        6064    0.537336
        6065    0.537336
        6066    0.537327
        6067     0.53732
        6068    0.537319
        6069    0.537323
        6070    0.537333
        6071    0.537331
        6072    0.537331
        6073    0.537335
        6074    0.537337
        6075    0.537341
        6076    0.537348
        6077     0.53735
        6078    0.537352
        6079    0.537357
        6080    0.537362
        6081    0.537367
        6082    0.537357
        6083    0.537359
        6084    0.537354
        6085    0.537364
        6086    0.537369
        6087    0.537367
        6088    0.537363
        6089    0.537355
        6090    0.537367
        6091    0.537377
        6092    0.537379
        6093    0.537368
        6094    0.537369
        6095    0.537363
        6096     0.53736
        6097    0.537361
        6098    0.537362
        6099    0.537355
        6100    0.537353
        6101    0.537357
        6102    0.537359
        6103    0.537361
        6104    0.537351
        6105    0.537342
        6106    0.537334
        6107    0.537328
        6108    0.537331
        6109    0.537338
        6110    0.537338
        6111     0.53734
        6112    0.537345
        6113    0.537351
        6114    0.537354
        6115    0.537357
        6116     0.53735
        6117    0.537351
        6118    0.537345
        6119     0.53734
        6120    0.537334
        6121    0.537329
        6122    0.537323
        6123    0.537323
        6124     0.53732
        6125    0.537316
        6126     0.53731
        6127     0.53731
        6128    0.537315
        6129    0.537318
        6130    0.537312
        6131    0.537295
        6132    0.537286
        6133    0.537286
        6134     0.53729
        6135    0.537282
        6136    0.537283
        6137    0.537287
        6138    0.537292
        6139    0.537296
        6140    0.537301
        6141    0.537298
        6142    0.537292
        6143    0.537279
        6144    0.537267
        6145    0.537272
        6146    0.537267
        6147    0.537264
        6148    0.537265
        6149    0.537263
        6150    0.537253
        6151    0.537255
        6152     0.53725
        6153    0.537239
        6154    0.537237
        6155    0.537229
        6156    0.537226
        6157     0.53722
        6158    0.537219
        6159     0.53722
        6160    0.537223
        6161    0.537227
        6162    0.537228
        6163    0.537228
        6164    0.537221
        6165    0.537229
        6166     0.53723
        6167    0.537238
        6168    0.537237
        6169    0.537239
        6170    0.537243
        6171    0.537246
        6172    0.537245
        6173    0.537242
        6174    0.537244
        6175     0.53724
        6176    0.537253
        6177    0.537259
        6178    0.537263
        6179    0.537258
        6180    0.537253
        6181    0.537252
        6182     0.53725
        6183    0.537251
        6184    0.537252
        6185    0.537249
        6186    0.537242
        6187    0.537235
        6188    0.537225
        6189    0.537213
        6190    0.537213
        6191    0.537215
        6192    0.537212
        6193    0.537207
        6194    0.537214
        6195    0.537209
        6196    0.537203
        6197    0.537206
        6198    0.537208
        6199    0.537204
        6200    0.537206
        6201    0.537206
        6202    0.537209
        6203    0.537214
        6204    0.537218
        6205    0.537224
        6206    0.537228
        6207    0.537235
        6208    0.537243
        6209     0.53725
        6210    0.537251
        6211    0.537259
        6212    0.537271
        6213    0.537274
        6214    0.537273
        6215    0.537273
        6216    0.537282
        6217    0.537286
        6218    0.537283
        6219    0.537285
        6220    0.537289
        6221    0.537291
        6222    0.537285
        6223    0.537279
        6224    0.537277
        6225    0.537278
        6226    0.537287
        6227     0.53728
        6228    0.537278
        6229    0.537275
        6230    0.537274
        6231    0.537271
        6232    0.537267
        6233    0.537256
        6234    0.537261
        6235    0.537273
        6236    0.537274
        6237    0.537283
        6238    0.537294
        6239    0.537293
        6240    0.537297
        6241    0.537297
        6242    0.537295
        6243    0.537294
        6244    0.537304
        6245    0.537312
        6246    0.537308
        6247    0.537302
        6248    0.537302
        6249    0.537303
        6250    0.537312
        6251    0.537323
        6252    0.537321
        6253    0.537319
        6254    0.537325
        6255    0.537324
        6256    0.537322
        6257    0.537324
        6258    0.537329
        6259    0.537338
        6260    0.537339
        6261    0.537336
        6262    0.537329
        6263    0.537338
        6264    0.537334
        6265    0.537339
        6266    0.537342
        6267    0.537343
        6268    0.537341
        6269    0.537337
        6270    0.537342
        6271    0.537347
        6272    0.537353
        6273    0.537348
        6274    0.537352
        6275    0.537355
        6276    0.537367
        6277    0.537374
        6278    0.537372
        6279    0.537372
        6280    0.537364
        6281    0.537355
        6282    0.537348
        6283    0.537352
        6284    0.537354
        6285    0.537352
        6286    0.537358
        6287    0.537355
        6288    0.537354
        6289    0.537352
        6290    0.537342
        6291    0.537332
        6292     0.53734
        6293    0.537345
        6294    0.537347
        6295    0.537359
        6296    0.537366
        6297    0.537366
        6298    0.537365
        6299    0.537367
        6300    0.537366
        6301    0.537362
        6302    0.537368
        6303    0.537364
        6304    0.537366
        6305    0.537363
        6306    0.537374
        6307    0.537379
        6308    0.537391
        6309     0.53739
        6310    0.537386
        6311    0.537383
        6312    0.537384
        6313    0.537373
        6314    0.537354
        6315    0.537348
        6316    0.537356
        6317    0.537355
        6318    0.537353
        6319    0.537355
        6320    0.537355
        6321    0.537371
        6322     0.53738
        6323    0.537382
        6324    0.537379
        6325    0.537376
        6326    0.537369
        6327    0.537361
        6328    0.537353
        6329    0.537347
        6330    0.537339
        6331    0.537336
        6332    0.537338
        6333    0.537339
        6334    0.537333
        6335     0.53733
        6336    0.537324
        6337    0.537315
        6338    0.537302
        6339    0.537292
        6340    0.537296
        6341    0.537302
        6342    0.537299
        6343    0.537302
        6344    0.537302
        6345    0.537314
        6346    0.537317
        6347     0.53731
        6348    0.537315
        6349    0.537307
        6350    0.537305
        6351    0.537313
        6352    0.537314
        6353    0.537303
        6354    0.537308
        6355    0.537302
        6356    0.537298
        6357    0.537306
        6358    0.537308
        6359     0.53731
        6360    0.537306
        6361    0.537309
        6362    0.537313
        6363    0.537317
        6364     0.53732
        6365    0.537315
        6366    0.537304
        6367    0.537304
        6368    0.537306
        6369    0.537313
        6370    0.537317
        6371    0.537312
        6372     0.53731
        6373    0.537308
        6374    0.537305
        6375    0.537308
        6376    0.537313
        6377    0.537327
        6378    0.537333
        6379    0.537338
        6380    0.537337
        6381    0.537327
        6382    0.537313
        6383    0.537307
        6384    0.537303
        6385    0.537304
        6386    0.537318
        6387    0.537325
        6388    0.537333
        6389     0.53734
        6390    0.537339
        6391    0.537328
        6392     0.53731
        6393      0.5373
        6394    0.537301
        6395    0.537291
        6396     0.53728
        6397    0.537273
        6398    0.537268
        6399    0.537267
        6400    0.537261
        6401    0.537257
        6402    0.537258
        6403    0.537244
        6404    0.537251
        6405    0.537254
        6406    0.537246
        6407     0.53725
        6408    0.537253
        6409    0.537264
        6410    0.537264
        6411    0.537263
        6412    0.537248
        6413    0.537238
        6414    0.537232
        6415    0.537238
        6416    0.537245
        6417    0.537244
        6418     0.53723
        6419    0.537224
        6420    0.537225
        6421    0.537219
        6422     0.53722
        6423    0.537219
        6424    0.537214
        6425    0.537209
        6426    0.537206
        6427    0.537196
        6428    0.537194
        6429    0.537193
        6430    0.537194
        6431    0.537187
        6432     0.53718
        6433    0.537176
        6434    0.537167
        6435    0.537154
        6436    0.537143
        6437    0.537137
        6438     0.53714
        6439    0.537147
        6440     0.53714
        6441    0.537135
        6442    0.537129
        6443    0.537129
        6444    0.537142
        6445     0.53714
        6446    0.537143
        6447    0.537142
        6448    0.537138
        6449    0.537146
        6450    0.537149
        6451    0.537148
        6452    0.537147
        6453    0.537152
        6454    0.537154
        6455    0.537147
        6456    0.537146
        6457    0.537154
        6458    0.537148
        6459    0.537154
        6460    0.537147
        6461    0.537147
        6462    0.537149
        6463    0.537148
        6464    0.537151
        6465    0.537152
        6466    0.537144
        6467    0.537139
        6468    0.537137
        6469    0.537145
        6470    0.537155
        6471    0.537163
        6472     0.53717
        6473    0.537175
        6474    0.537171
        6475    0.537174
        6476     0.53718
        6477    0.537177
        6478    0.537178
        6479    0.537183
        6480    0.537195
        6481    0.537208
        6482    0.537205
        6483    0.537197
        6484    0.537198
        6485    0.537194
        6486    0.537194
        6487    0.537193
        6488    0.537193
        6489    0.537192
        6490    0.537196
        6491    0.537189
        6492    0.537183
        6493    0.537187
        6494    0.537181
        6495    0.537185
        6496    0.537188
        6497    0.537199
        6498    0.537207
        6499    0.537211
        6500    0.537223
        6501     0.53723
        6502    0.537239
        6503     0.53725
        6504    0.537255
        6505    0.537249
        6506    0.537251
        6507    0.537259
        6508    0.537263
        6509    0.537269
        6510    0.537267
        6511    0.537265
        6512    0.537261
        6513    0.537265
        6514    0.537268
        6515    0.537276
        6516     0.53728
        6517    0.537289
        6518    0.537289
        6519    0.537293
        6520    0.537305
        6521    0.537305
        6522    0.537316
        6523    0.537329
        6524    0.537332
        6525     0.53733
        6526    0.537334
        6527    0.537335
        6528    0.537326
        6529    0.537328
        6530    0.537324
        6531    0.537325
        6532    0.537311
        6533    0.537304
        6534     0.53729
        6535    0.537283
        6536    0.537275
        6537    0.537278
        6538    0.537283
        6539     0.53728
        6540    0.537272
        6541    0.537264
        6542    0.537258
        6543     0.53725
        6544    0.537259
        6545    0.537263
        6546    0.537266
        6547     0.53727
        6548     0.53727
        6549    0.537269
        6550    0.537271
        6551     0.53727
        6552     0.53727
        6553    0.537278
        6554    0.537277
        6555    0.537276
        6556     0.53728
        6557    0.537278
        6558    0.537274
        6559    0.537275
        6560     0.53728
        6561    0.537288
        6562     0.53729
        6563    0.537296
        6564    0.537293
        6565    0.537293
        6566    0.537292
        6567    0.537299
        6568      0.5373
        6569    0.537297
        6570    0.537294
        6571    0.537301
        6572    0.537314
        6573    0.537312
        6574    0.537317
        6575    0.537315
        6576    0.537319
        6577    0.537322
        6578    0.537327
        6579    0.537336
        6580    0.537335
        6581    0.537329
        6582    0.537334
        6583    0.537335
        6584    0.537334
        6585    0.537334
        6586     0.53733
        6587    0.537329
        6588    0.537322
        6589    0.537322
        6590    0.537324
        6591    0.537319
        6592    0.537318
        6593    0.537319
        6594    0.537326
        6595    0.537324
        6596    0.537322
        6597    0.537307
        6598    0.537296
        6599     0.53729
        6600    0.537292
        6601    0.537287
        6602    0.537291
        6603    0.537287
        6604    0.537293
        6605    0.537288
        6606    0.537281
        6607    0.537281
        6608    0.537282
        6609    0.537276
        6610    0.537268
        6611    0.537255
        6612    0.537253
        6613    0.537254
        6614    0.537249
        6615    0.537248
        6616    0.537244
        6617    0.537244
        6618    0.537238
        6619    0.537242
        6620    0.537238
        6621    0.537241
        6622     0.53724
        6623     0.53724
        6624    0.537246
        6625    0.537233
        6626    0.537232
        6627    0.537233
        6628     0.53723
        6629    0.537227
        6630    0.537221
        6631    0.537217
        6632    0.537219
        6633    0.537222
        6634    0.537229
        6635    0.537225
        6636    0.537219
        6637    0.537211
        6638    0.537212
        6639    0.537213
        6640    0.537203
        6641    0.537194
        6642    0.537195
        6643    0.537199
        6644      0.5372
        6645    0.537204
        6646    0.537204
        6647    0.537206
        6648    0.537203
        6649    0.537195
        6650    0.537198
        6651    0.537198
        6652    0.537194
        6653    0.537196
        6654    0.537202
        6655    0.537198
        6656    0.537196
        6657    0.537194
        6658    0.537192
        6659    0.537182
        6660    0.537191
        6661    0.537191
        6662    0.537188
        6663    0.537181
        6664     0.53718
        6665    0.537182
        6666    0.537179
        6667    0.537178
        6668    0.537167
        6669    0.537176
        6670    0.537181
        6671    0.537178
        6672    0.537179
        6673    0.537177
        6674     0.53717
        6675    0.537162
        6676     0.53715
        6677    0.537143
        6678    0.537144
        6679    0.537132
        6680    0.537114
        6681    0.537116
        6682    0.537124
        6683    0.537126
        6684    0.537124
        6685    0.537127
        6686    0.537133
        6687     0.53714
        6688    0.537144
        6689    0.537149
        6690    0.537148
        6691    0.537149
        6692    0.537151
        6693    0.537149
        6694    0.537152
        6695    0.537152
        6696    0.537156
        6697    0.537153
        6698    0.537155
        6699    0.537157
        6700    0.537153
        6701    0.537145
        6702    0.537154
        6703    0.537155
        6704    0.537162
        6705    0.537166
        6706    0.537165
        6707    0.537166
        6708    0.537176
        6709    0.537184
        6710    0.537192
        6711    0.537193
        6712    0.537209
        6713    0.537212
        6714     0.53722
        6715     0.53722
        6716     0.53723
        6717    0.537234
        6718    0.537235
        6719    0.537228
        6720    0.537228
        6721    0.537238
        6722    0.537237
        6723    0.537239
        6724    0.537241
        6725    0.537242
        6726    0.537251
        6727    0.537251
        6728    0.537243
        6729     0.53723
        6730    0.537231
        6731    0.537234
        6732    0.537239
        6733    0.537231
        6734    0.537226
        6735    0.537219
        6736    0.537217
        6737    0.537212
        6738    0.537218
        6739    0.537216
        6740    0.537233
        6741    0.537225
        6742     0.53723
        6743    0.537231
        6744    0.537222
        6745    0.537225
        6746    0.537229
        6747    0.537229
        6748    0.537226
        6749    0.537211
        6750    0.537196
        6751    0.537186
        6752    0.537181
        6753    0.537179
        6754    0.537184
        6755     0.53719
        6756     0.53719
        6757    0.537186
        6758    0.537186
        6759    0.537185
        6760    0.537187
        6761    0.537191
        6762    0.537189
        6763    0.537184
        6764    0.537187
        6765    0.537193
        6766     0.53719
        6767    0.537193
        6768    0.537195
        6769    0.537195
        6770    0.537195
        6771    0.537195
        6772    0.537199
        6773      0.5372
        6774    0.537211
        6775     0.53722
        6776    0.537228
        6777    0.537224
        6778    0.537223
        6779    0.537218
        6780    0.537224
        6781    0.537228
        6782    0.537235
        6783    0.537238
        6784    0.537235
        6785     0.53724
        6786    0.537249
        6787    0.537249
        6788    0.537249
        6789    0.537251
        6790    0.537248
        6791    0.537254
        6792    0.537258
        6793    0.537267
        6794    0.537281
        6795    0.537279
        6796    0.537279
        6797    0.537282
        6798    0.537293
        6799    0.537296
        6800      0.5373
        6801    0.537303
        6802    0.537299
        6803    0.537293
        6804     0.53729
        6805    0.537285
        6806    0.537282
        6807    0.537282
        6808    0.537275
        6809    0.537268
        6810    0.537265
        6811    0.537263
        6812     0.53725
        6813    0.537249
        6814    0.537236
        6815    0.537235
        6816    0.537237
        6817    0.537243
        6818    0.537248
        6819    0.537261
        6820    0.537262
        6821    0.537264
        6822    0.537265
        6823    0.537268
        6824    0.537262
        6825     0.53727
        6826    0.537274
        6827    0.537287
        6828    0.537285
        6829    0.537288
        6830    0.537285
        6831     0.53728
        6832    0.537286
        6833    0.537279
        6834    0.537282
        6835    0.537276
        6836    0.537271
        6837    0.537271
        6838    0.537279
        6839    0.537285
        6840    0.537289
        6841     0.53729
        6842    0.537292
        6843    0.537291
        6844      0.5373
        6845    0.537302
        6846    0.537309
        6847    0.537317
        6848    0.537311
        6849    0.537315
        6850    0.537308
        6851    0.537312
        6852     0.53731
        6853    0.537313
        6854    0.537318
        6855    0.537314
        6856    0.537321
        6857    0.537326
        6858    0.537325
        6859    0.537331
        6860    0.537331
        6861    0.537329
        6862    0.537322
        6863    0.537318
        6864    0.537316
        6865    0.537322
        6866    0.537328
        6867    0.537333
        6868    0.537332
        6869     0.53733
        6870    0.537327
        6871    0.537332
        6872    0.537338
        6873    0.537345
        6874    0.537345
        6875    0.537352
        6876    0.537356
        6877    0.537356
        6878    0.537363
        6879     0.53737
        6880    0.537374
        6881    0.537372
        6882    0.537382
        6883    0.537388
        6884    0.537395
        6885    0.537385
        6886    0.537388
        6887     0.53738
        6888     0.53738
        6889     0.53737
        6890    0.537371
        6891    0.537377
        6892    0.537385
        6893    0.537391
        6894    0.537385
        6895    0.537389
        6896     0.53739
        6897    0.537394
        6898    0.537385
        6899     0.53738
        6900     0.53737
        6901    0.537363
        6902    0.537357
        6903     0.53736
        6904    0.537367
        6905    0.537375
        6906    0.537374
        6907    0.537374
        6908    0.537375
        6909    0.537373
        6910    0.537371
        6911    0.537382
        6912    0.537388
        6913    0.537391
        6914    0.537395
        6915    0.537395
        6916    0.537391
        6917    0.537398
        6918     0.53741
        6919    0.537418
        6920    0.537414
        6921     0.53742
        6922    0.537422
        6923    0.537412
        6924    0.537404
        6925    0.537409
        6926    0.537409
        6927    0.537416
        6928    0.537421
        6929    0.537421
        6930    0.537413
        6931    0.537413
        6932    0.537416
        6933     0.53742
        6934    0.537417
        6935    0.537425
        6936    0.537421
        6937    0.537421
        6938    0.537414
        6939    0.537407
        6940    0.537414
        6941    0.537409
        6942     0.53741
        6943    0.537409
        6944    0.537411
        6945     0.53741
        6946    0.537414
        6947    0.537412
        6948    0.537411
        6949    0.537411
        6950    0.537399
        6951    0.537403
        6952    0.537415
        6953    0.537418
        6954    0.537413
        6955    0.537417
        6956     0.53742
        6957    0.537426
        6958    0.537429
        6959    0.537421
        6960    0.537422
        6961    0.537433
        6962     0.53744
        6963    0.537444
        6964    0.537436
        6965    0.537442
        6966    0.537429
        6967     0.53743
        6968    0.537429
        6969    0.537418
        6970    0.537421
        6971    0.537432
        6972     0.53744
        6973    0.537443
        6974    0.537444
        6975    0.537446
        6976    0.537461
        6977     0.53746
        6978    0.537459
        6979    0.537457
        6980    0.537457
        6981    0.537452
        6982    0.537451
        6983    0.537457
        6984    0.537455
        6985    0.537453
        6986    0.537451
        6987    0.537447
        6988     0.53745
        6989    0.537456
        6990    0.537454
        6991     0.53745
        6992    0.537458
        6993    0.537459
        6994    0.537451
        6995    0.537444
        6996    0.537443
        6997    0.537437
        6998    0.537441
        6999    0.537446
        7000    0.537446
        7001    0.537437
        7002     0.53744
        7003    0.537442
        7004    0.537444
        7005    0.537445
        7006    0.537443
        7007    0.537449
        7008    0.537452
        7009    0.537448
        7010    0.537449
        7011    0.537445
        7012    0.537449
        7013    0.537443
        7014    0.537443
        7015    0.537442
        7016    0.537445
        7017    0.537448
        7018    0.537457
        7019    0.537455
        7020    0.537463
        7021    0.537464
        7022    0.537463
        7023    0.537465
        7024    0.537468
        7025    0.537473
        7026    0.537477
        7027    0.537473
        7028    0.537463
        7029     0.53746
        7030    0.537461
        7031    0.537455
        7032    0.537454
        7033    0.537458
        7034    0.537452
        7035    0.537445
        7036    0.537452
        7037     0.53746
        7038    0.537459
        7039    0.537462
        7040    0.537461
        7041    0.537463
        7042    0.537464
        7043    0.537469
        7044    0.537475
        7045    0.537478
        7046    0.537466
        7047    0.537456
        7048    0.537466
        7049     0.53747
        7050    0.537476
        7051    0.537482
        7052    0.537488
        7053     0.53749
        7054    0.537496
        7055    0.537501
        7056    0.537501
        7057    0.537498
        7058    0.537498
        7059    0.537496
        7060    0.537499
        7061      0.5375
        7062    0.537499
        7063      0.5375
        7064    0.537496
        7065    0.537495
        7066    0.537498
        7067      0.5375
        7068    0.537497
        7069    0.537487
        7070    0.537481
        7071    0.537474
        7072    0.537474
        7073    0.537469
        7074    0.537464
        7075    0.537457
        7076    0.537455
        7077    0.537454
        7078    0.537451
        7079    0.537447
        7080    0.537457
        7081    0.537452
        7082    0.537453
        7083    0.537449
        7084    0.537451
        7085    0.537463
        7086    0.537465
        7087    0.537461
        7088     0.53746
        7089    0.537466
        7090    0.537471
        7091    0.537481
        7092    0.537473
        7093    0.537469
        7094    0.537469
        7095     0.53748
        7096    0.537487
        7097     0.53749
        7098    0.537483
        7099    0.537474
        7100    0.537474
        7101    0.537484
        7102    0.537479
        7103    0.537478
        7104    0.537477
        7105    0.537476
        7106    0.537471
        7107    0.537475
        7108    0.537478
        7109    0.537483
        7110    0.537487
        7111    0.537491
        7112    0.537487
        7113    0.537493
        7114    0.537496
        7115    0.537493
        7116    0.537484
        7117    0.537486
        7118    0.537489
        7119    0.537493
        7120    0.537498
        7121    0.537501
        7122    0.537501
        7123    0.537499
        7124    0.537506
        7125    0.537507
        7126    0.537509
        7127    0.537502
        7128    0.537498
        7129     0.53749
        7130    0.537479
        7131    0.537482
        7132    0.537483
        7133    0.537482
        7134     0.53748
        7135    0.537482
        7136    0.537488
        7137    0.537487
        7138    0.537486
        7139    0.537488
        7140     0.53748
        7141    0.537487
        7142    0.537495
        7143      0.5375
        7144    0.537501
        7145    0.537498
        7146    0.537493
        7147    0.537488
        7148    0.537478
        7149    0.537482
        7150    0.537487
        7151    0.537493
        7152     0.53749
        7153    0.537494
        7154    0.537504
        7155    0.537507
        7156    0.537502
        7157      0.5375
        7158    0.537501
        7159    0.537498
        7160    0.537494
        7161    0.537498
        7162      0.5375
        7163    0.537502
        7164    0.537505
        7165    0.537505
        7166    0.537504
        7167    0.537489
        7168    0.537481
        7169    0.537475
        7170    0.537462
        7171    0.537463
        7172    0.537459
        7173    0.537449
        7174    0.537441
        7175     0.53744
        7176    0.537453
        7177    0.537458
        7178    0.537463
        7179    0.537475
        7180    0.537484
        7181    0.537491
        7182    0.537494
        7183    0.537496
        7184      0.5375
        7185      0.5375
        7186    0.537503
        7187    0.537498
        7188    0.537502
        7189    0.537501
        7190    0.537497
        7191    0.537484
        7192    0.537474
        7193    0.537462
        7194    0.537456
        7195    0.537471
        7196    0.537478
        7197    0.537488
        7198    0.537496
        7199    0.537508
        7200    0.537512
        7201    0.537525
        7202    0.537527
        7203    0.537535
        7204    0.537538
        7205    0.537544
        7206    0.537547
        7207    0.537544
        7208    0.537542
        7209     0.53754
        7210    0.537544
        7211    0.537546
        7212    0.537546
        7213    0.537541
        7214    0.537537
        7215    0.537536
        7216    0.537536
        7217    0.537543
        7218    0.537539
        7219    0.537538
        7220     0.53754
        7221    0.537538
        7222    0.537537
        7223    0.537524
        7224    0.537527
        7225    0.537527
        7226    0.537532
        7227     0.53752
        7228     0.53752
        7229    0.537525
        7230    0.537515
        7231    0.537524
        7232     0.53752
        7233    0.537523
        7234    0.537527
        7235    0.537524
        7236    0.537519
        7237     0.53751
        7238    0.537503
        7239    0.537502
        7240    0.537509
        7241    0.537512
        7242    0.537507
        7243      0.5375
        7244    0.537494
        7245    0.537483
        7246    0.537497
        7247    0.537504
        7248    0.537502
        7249    0.537499
        7250    0.537503
        7251    0.537503
        7252    0.537495
        7253    0.537496
        7254    0.537489
        7255    0.537493
        7256    0.537493
        7257    0.537491
        7258    0.537489
        7259    0.537497
        7260    0.537501
        7261    0.537498
        7262      0.5375
        7263    0.537504
        7264    0.537495
        7265    0.537491
        7266    0.537486
        7267    0.537489
        7268    0.537492
        7269      0.5375
        7270    0.537504
        7271    0.537508
        7272    0.537497
        7273    0.537497
        7274    0.537488
        7275    0.537478
        7276    0.537481
        7277    0.537486
        7278    0.537494
        7279    0.537507
        7280    0.537509
        7281     0.53752
        7282    0.537522
        7283    0.537525
        7284    0.537524
        7285    0.537519
        7286    0.537523
        7287    0.537518
        7288    0.537519
        7289     0.53752
        7290     0.53752
        7291    0.537529
        7292    0.537526
        7293     0.53752
        7294    0.537526
        7295    0.537532
        7296    0.537528
        7297    0.537541
        7298     0.53755
        7299     0.53755
        7300    0.537548
        7301    0.537552
        7302    0.537548
        7303    0.537547
        7304    0.537542
        7305    0.537541
        7306    0.537551
        7307    0.537549
        7308    0.537551
        7309    0.537556
        7310    0.537556
        7311     0.53755
        7312     0.53754
        7313    0.537546
        7314    0.537544
        7315    0.537536
        7316    0.537538
        7317    0.537543
        7318    0.537547
        7319    0.537539
        7320    0.537539
        7321    0.537549
        7322    0.537549
        7323    0.537544
        7324    0.537531
        7325    0.537527
        7326    0.537529
        7327    0.537534
        7328    0.537533
        7329     0.53753
        7330    0.537527
        7331    0.537522
        7332    0.537526
        7333    0.537523
        7334    0.537525
        7335    0.537533
        7336    0.537531
        7337    0.537529
        7338    0.537533
        7339    0.537529
        7340    0.537529
        7341    0.537533
        7342    0.537533
        7343     0.53753
        7344    0.537525
        7345    0.537524
        7346    0.537519
        7347    0.537523
        7348    0.537519
        7349    0.537509
        7350      0.5375
        7351      0.5375
        7352    0.537506
        7353    0.537515
        7354    0.537513
        7355    0.537499
        7356    0.537497
        7357    0.537503
        7358      0.5375
        7359    0.537508
        7360    0.537508
        7361    0.537506
        7362    0.537505
        7363    0.537508
        7364    0.537518
        7365    0.537523
        7366     0.53752
        7367    0.537515
        7368    0.537516
        7369    0.537519
        7370    0.537521
        7371    0.537532
        7372    0.537534
        7373    0.537539
        7374    0.537552
        7375    0.537557
        7376    0.537567
        7377    0.537572
        7378    0.537569
        7379    0.537572
        7380    0.537577
        7381    0.537571
        7382    0.537572
        7383    0.537579
        7384    0.537584
        7385    0.537591
        7386    0.537588
        7387    0.537583
        7388    0.537573
        7389    0.537565
        7390    0.537555
        7391    0.537556
        7392    0.537557
        7393    0.537556
        7394    0.537566
        7395    0.537567
        7396    0.537571
        7397     0.53758
        7398    0.537578
        7399    0.537573
        7400    0.537575
        7401    0.537573
        7402    0.537568
        7403    0.537564
        7404    0.537563
        7405    0.537562
        7406    0.537557
        7407    0.537558
        7408    0.537554
        7409    0.537551
        7410    0.537553
        7411    0.537562
        7412    0.537566
        7413    0.537563
        7414    0.537557
        7415    0.537555
        7416    0.537553
        7417    0.537554
        7418     0.53756
        7419    0.537559
        7420     0.53756
        7421    0.537568
        7422    0.537558
        7423    0.537552
        7424    0.537538
        7425    0.537533
        7426    0.537543
        7427    0.537546
        7428    0.537557
        7429    0.537565
        7430    0.537565
        7431    0.537565
        7432    0.537569
        7433    0.537575
        7434    0.537562
        7435    0.537569
        7436    0.537576
        7437    0.537583
        7438    0.537585
        7439    0.537586
        7440    0.537592
        7441    0.537587
        7442    0.537593
        7443    0.537596
        7444    0.537595
        7445    0.537588
        7446    0.537586
        7447    0.537586
        7448    0.537583
        7449    0.537587
        7450    0.537592
        7451    0.537589
        7452    0.537589
        7453    0.537587
        7454     0.53759
        7455    0.537598
        7456    0.537608
        7457    0.537606
        7458    0.537609
        7459    0.537606
        7460    0.537606
        7461    0.537608
        7462     0.53762
        7463     0.53762
        7464    0.537626
        7465    0.537632
        7466    0.537631
        7467     0.53763
        7468    0.537635
        7469    0.537639
        7470    0.537644
        7471    0.537641
        7472    0.537629
        7473     0.53762
        7474    0.537622
        7475    0.537631
        7476    0.537637
        7477    0.537638
        7478    0.537637
        7479    0.537645
        7480    0.537651
        7481     0.53766
        7482    0.537659
        7483    0.537661
        7484    0.537661
        7485    0.537663
        7486    0.537663
        7487    0.537661
        7488    0.537652
        7489    0.537651
        7490    0.537648
        7491    0.537643
        7492    0.537646
        7493    0.537642
        7494    0.537648
        7495    0.537656
        7496    0.537659
        7497    0.537662
        7498    0.537667
        7499    0.537666
        7500    0.537666
        7501    0.537666
        7502    0.537673
        7503    0.537669
        7504    0.537661
        7505    0.537653
        7506    0.537648
        7507    0.537636
        7508    0.537635
        7509    0.537625
        7510    0.537616
        7511    0.537613
        7512    0.537618
        7513    0.537602
        7514    0.537601
        7515    0.537593
        7516    0.537587
        7517     0.53759
        7518    0.537584
        7519    0.537577
        7520    0.537567
        7521    0.537558
        7522    0.537552
        7523    0.537545
        7524    0.537546
        7525    0.537555
        7526    0.537552
        7527    0.537538
        7528     0.53754
        7529    0.537532
        7530    0.537533
        7531    0.537534
        7532    0.537533
        7533    0.537529
        7534    0.537528
        7535    0.537532
        7536     0.53753
        7537    0.537537
        7538    0.537527
        7539    0.537526
        7540    0.537522
        7541    0.537519
        7542    0.537513
        7543    0.537511
        7544     0.53751
        7545     0.53752
        7546    0.537512
        7547     0.53752
        7548    0.537519
        7549    0.537533
        7550    0.537538
        7551    0.537542
        7552    0.537547
        7553    0.537547
        7554    0.537547
        7555    0.537546
        7556    0.537546
        7557    0.537552
        7558    0.537541
        7559    0.537536
        7560    0.537535
        7561     0.53753
        7562    0.537523
        7563    0.537525
        7564    0.537524
        7565     0.53753
        7566    0.537528
        7567    0.537528
        7568    0.537519
        7569    0.537523
        7570    0.537523
        7571    0.537523
        7572    0.537521
        7573     0.53752
        7574    0.537525
        7575     0.53752
        7576    0.537524
        7577    0.537525
        7578    0.537515
        7579    0.537517
        7580    0.537522
        7581    0.537526
        7582     0.53752
        7583    0.537532
        7584    0.537524
        7585    0.537519
        7586    0.537511
        7587    0.537505
        7588    0.537505
        7589    0.537502
        7590    0.537504
        7591    0.537503
        7592    0.537507
        7593    0.537508
        7594    0.537509
        7595    0.537506
        7596     0.53751
        7597    0.537506
        7598    0.537509
        7599    0.537508
        7600    0.537503
        7601    0.537505
        7602    0.537505
        7603    0.537506
        7604    0.537505
        7605    0.537501
        7606    0.537511
        7607    0.537518
        7608    0.537512
        7609    0.537506
        7610    0.537506
        7611    0.537504
        7612    0.537509
        7613    0.537511
        7614    0.537505
        7615    0.537507
        7616    0.537501
        7617    0.537497
        7618    0.537493
        7619    0.537488
        7620    0.537487
        7621    0.537494
        7622    0.537497
        7623    0.537502
        7624    0.537495
        7625    0.537498
        7626    0.537504
        7627    0.537507
        7628    0.537506
        7629    0.537498
        7630    0.537503
        7631    0.537495
        7632    0.537485
        7633    0.537482
        7634    0.537484
        7635    0.537494
        7636    0.537501
        7637      0.5375
        7638    0.537491
        7639    0.537479
        7640    0.537482
        7641    0.537485
        7642    0.537487
        7643    0.537482
        7644     0.53748
        7645     0.53748
        7646     0.53748
        7647    0.537477
        7648    0.537471
        7649    0.537464
        7650    0.537455
        7651    0.537459
        7652    0.537451
        7653    0.537452
        7654    0.537462
        7655    0.537459
        7656    0.537463
        7657    0.537473
        7658    0.537478
        7659    0.537473
        7660    0.537476
        7661    0.537478
        7662    0.537474
        7663    0.537485
        7664    0.537497
        7665    0.537505
        7666    0.537497
        7667    0.537494
        7668     0.53748
        7669    0.537474
        7670    0.537476
        7671    0.537472
        7672    0.537462
        7673    0.537463
        7674    0.537465
        7675    0.537459
        7676    0.537446
        7677     0.53745
        7678    0.537445
        7679    0.537441
        7680    0.537443
        7681    0.537445
        7682    0.537434
        7683    0.537436
        7684    0.537432
        7685    0.537432
        7686     0.53743
        7687    0.537424
        7688    0.537424
        7689    0.537428
        7690    0.537427
        7691    0.537431
        7692    0.537427
        7693    0.537434
        7694    0.537436
        7695    0.537437
        7696    0.537424
        7697    0.537407
        7698    0.537399
        7699    0.537394
        7700    0.537392
        7701     0.53739
        7702    0.537397
        7703    0.537397
        7704    0.537395
        7705    0.537386
        7706    0.537374
        7707    0.537374
        7708    0.537375
        7709    0.537375
        7710    0.537372
        7711    0.537363
        7712    0.537359
        7713    0.537356
        7714    0.537355
        7715    0.537366
        7716    0.537358
        7717    0.537353
        7718    0.537342
        7719    0.537343
        7720    0.537347
        7721    0.537347
        7722    0.537347
        7723    0.537351
        7724    0.537357
        7725    0.537348
        7726    0.537344
        7727    0.537352
        7728    0.537353
        7729    0.537348
        7730    0.537354
        7731    0.537356
        7732    0.537354
        7733    0.537355
        7734    0.537364
        7735    0.537358
        7736    0.537356
        7737    0.537365
        7738    0.537372
        7739    0.537374
        7740    0.537377
        7741    0.537385
        7742    0.537385
        7743    0.537385
        7744    0.537387
        7745    0.537383
        7746    0.537383
        7747    0.537374
        7748    0.537375
        7749    0.537391
        7750    0.537392
        7751    0.537383
        7752     0.53739
        7753    0.537398
        7754    0.537389
        7755    0.537381
        7756    0.537373
        7757    0.537375
        7758    0.537362
        7759    0.537362
        7760     0.53736
        7761    0.537354
        7762    0.537344
        7763    0.537347
        7764    0.537349
        7765    0.537348
        7766    0.537339
        7767    0.537349
        7768    0.537353
        7769    0.537348
        7770    0.537348
        7771    0.537359
        7772    0.537349
        7773    0.537347
        7774    0.537349
        7775    0.537345
        7776    0.537336
        7777    0.537331
        7778    0.537332
        7779    0.537333
        7780    0.537334
        7781    0.537335
        7782    0.537334
        7783    0.537338
        7784     0.53734
        7785    0.537333
        7786    0.537315
        7787    0.537316
        7788    0.537309
        7789    0.537303
        7790    0.537304
        7791    0.537304
        7792    0.537313
        7793    0.537317
        7794    0.537311
        7795    0.537316
        7796    0.537305
        7797    0.537306
        7798    0.537313
        7799     0.53731
        7800    0.537312
        7801    0.537314
        7802    0.537308
        7803    0.537296
        7804    0.537289
        7805    0.537293
        7806    0.537298
        7807    0.537301
        7808     0.53731
        7809    0.537302
        7810    0.537284
        7811    0.537269
        7812    0.537269
        7813    0.537275
        7814    0.537281
        7815    0.537273
        7816    0.537272
        7817    0.537276
        7818    0.537274
        7819    0.537268
        7820    0.537267
        7821    0.537275
        7822    0.537273
        7823    0.537274
        7824    0.537278
        7825     0.53728
        7826    0.537273
        7827    0.537268
        7828    0.537274
        7829    0.537273
        7830    0.537275
        7831    0.537273
        7832    0.537281
        7833    0.537292
        7834    0.537293
        7835    0.537287
        7836    0.537284
        7837    0.537283
        7838    0.537273
        7839     0.53728
        7840    0.537279
        7841     0.53728
        7842    0.537282
        7843    0.537274
        7844    0.537274
        7845    0.537277
        7846    0.537278
        7847    0.537275
        7848    0.537264
        7849    0.537261
        7850    0.537258
        7851    0.537254
        7852    0.537251
        7853    0.537251
        7854    0.537252
        7855     0.53726
        7856    0.537266
        7857    0.537266
        7858    0.537262
        7859    0.537248
        7860    0.537245
        7861    0.537244
        7862    0.537246
        7863    0.537243
        7864    0.537241
        7865    0.537239
        7866    0.537245
        7867    0.537246
        7868    0.537262
        7869    0.537275
        7870    0.537276
        7871     0.53727
        7872    0.537275
        7873    0.537273
        7874    0.537272
        7875    0.537269
        7876    0.537262
        7877    0.537259
        7878     0.53725
        7879    0.537244
        7880    0.537247
        7881    0.537243
        7882    0.537237
        7883    0.537235
        7884    0.537232
        7885    0.537237
        7886    0.537239
        7887    0.537249
        7888    0.537252
        7889     0.53725
        7890     0.53724
        7891    0.537237
        7892    0.537231
        7893    0.537226
        7894    0.537223
        7895    0.537225
        7896    0.537227
        7897    0.537229
        7898     0.53723
        7899    0.537232
        7900    0.537237
        7901    0.537244
        7902    0.537245
        7903    0.537244
        7904    0.537254
        7905    0.537256
        7906    0.537256
        7907    0.537256
        7908    0.537262
        7909    0.537264
        7910    0.537272
        7911    0.537274
        7912    0.537276
        7913    0.537273
        7914    0.537277
        7915    0.537278
        7916    0.537282
        7917    0.537283
        7918    0.537288
        7919    0.537296
        7920    0.537297
        7921    0.537297
        7922    0.537301
        7923    0.537303
        7924    0.537306
        7925    0.537303
        7926    0.537309
        7927    0.537308
        7928    0.537308
        7929    0.537308
        7930     0.53731
        7931    0.537304
        7932    0.537304
        7933    0.537309
        7934     0.53731
        7935    0.537316
        7936    0.537326
        7937    0.537336
        7938    0.537339
        7939    0.537343
        7940    0.537348
        7941    0.537345
        7942    0.537339
        7943    0.537335
        7944    0.537327
        7945     0.53733
        7946    0.537331
        7947    0.537335
        7948    0.537337
        7949    0.537331
        7950    0.537335
        7951    0.537328
        7952    0.537326
        7953    0.537324
        7954    0.537322
        7955    0.537326
        7956    0.537323
        7957    0.537318
        7958    0.537317
        7959    0.537315
        7960    0.537314
        7961    0.537313
        7962    0.537317
        7963    0.537317
        7964    0.537315
        7965    0.537325
        7966    0.537322
        7967     0.53732
        7968    0.537321
        7969    0.537327
        7970     0.53733
        7971    0.537337
        7972    0.537333
        7973    0.537337
        7974    0.537343
        7975    0.537349
        7976    0.537355
        7977    0.537359
        7978    0.537363
        7979    0.537364
        7980    0.537368
        7981    0.537365
        7982    0.537368
        7983    0.537364
        7984    0.537367
        7985    0.537374
        7986    0.537378
        7987    0.537367
        7988    0.537365
        7989    0.537364
        7990    0.537365
        7991    0.537364
        7992    0.537363
        7993    0.537357
        7994    0.537348
        7995    0.537343
        7996    0.537336
        7997    0.537341
        7998    0.537341
        7999    0.537338
        8000    0.537338
        8001    0.537335
        8002    0.537333
        8003    0.537325
        8004    0.537322
        8005    0.537333
        8006    0.537338
        8007     0.53734
        8008    0.537343
        8009    0.537342
        8010    0.537338
        8011    0.537342
        8012    0.537347
        8013     0.53735
        8014    0.537351
        8015    0.537356
        8016     0.53735
        8017    0.537349
        8018    0.537349
        8019    0.537353
        8020    0.537356
        8021    0.537355
        8022    0.537351
        8023     0.53735
        8024    0.537355
        8025    0.537357
        8026    0.537356
        8027    0.537357
        8028    0.537362
        8029    0.537364
        8030    0.537362
        8031    0.537361
        8032    0.537361
        8033    0.537355
        8034    0.537357
        8035    0.537357
        8036    0.537356
        8037    0.537357
        8038    0.537366
        8039     0.53738
        8040    0.537386
        8041    0.537384
        8042    0.537376
        8043    0.537376
        8044    0.537382
        8045    0.537378
        8046    0.537376
        8047    0.537374
        8048    0.537384
        8049    0.537383
        8050    0.537382
        8051    0.537382
        8052    0.537381
        8053    0.537389
        8054    0.537389
        8055    0.537387
        8056    0.537394
        8057    0.537397
        8058    0.537393
        8059    0.537393
        8060    0.537396
        8061    0.537395
        8062    0.537396
        8063    0.537395
        8064     0.53739
        8065    0.537398
        8066      0.5374
        8067    0.537406
        8068    0.537411
        8069    0.537414
        8070     0.53741
        8071     0.53741
        8072    0.537407
        8073    0.537409
        8074    0.537407
        8075    0.537407
        8076    0.537408
        8077     0.53741
        8078    0.537415
        8079    0.537421
        8080    0.537415
        8081    0.537418
        8082    0.537408
        8083    0.537403
        8084    0.537405
        8085    0.537404
        8086    0.537407
        8087    0.537413
        8088    0.537412
        8089    0.537417
        8090    0.537418
        8091    0.537425
        8092    0.537418
        8093    0.537416
        8094    0.537412
        8095    0.537417
        8096    0.537419
        8097    0.537428
        8098    0.537424
        8099    0.537422
        8100    0.537424
        8101    0.537426
        8102     0.53743
        8103    0.537434
        8104    0.537435
        8105     0.53744
        8106    0.537453
        8107    0.537449
        8108     0.53745
        8109    0.537461
        8110    0.537462
        8111    0.537462
        8112    0.537467
        8113    0.537466
        8114    0.537461
        8115    0.537449
        8116    0.537443
        8117    0.537428
        8118    0.537415
        8119    0.537408
        8120    0.537401
        8121    0.537413
        8122    0.537421
        8123     0.53742
        8124     0.53742
        8125    0.537421
        8126    0.537416
        8127    0.537412
        8128    0.537421
        8129    0.537431
        8130    0.537434
        8131    0.537438
        8132    0.537433
        8133    0.537436
        8134    0.537438
        8135    0.537444
        8136    0.537448
        8137    0.537453
        8138    0.537451
        8139    0.537442
        8140    0.537447
        8141    0.537444
        8142     0.53745
        8143    0.537455
        8144    0.537453
        8145    0.537454
        8146    0.537455
        8147    0.537446
        8148    0.537456
        8149    0.537465
        8150    0.537467
        8151     0.53746
        8152    0.537457
        8153    0.537462
        8154    0.537454
        8155    0.537455
        8156    0.537455
        8157    0.537449
        8158    0.537449
        8159    0.537448
        8160    0.537459
        8161    0.537463
        8162    0.537469
        8163    0.537463
        8164    0.537461
        8165    0.537463
        8166    0.537464
        8167    0.537467
        8168    0.537458
        8169    0.537462
        8170    0.537463
        8171    0.537461
        8172    0.537451
        8173     0.53745
        8174    0.537443
        8175    0.537446
        8176    0.537447
        8177    0.537435
        8178    0.537443
        8179    0.537443
        8180    0.537435
        8181    0.537438
        8182    0.537445
        8183    0.537445
        8184    0.537443
        8185    0.537446
        8186     0.53744
        8187    0.537438
        8188    0.537446
        8189     0.53745
        8190    0.537444
        8191    0.537445
        8192    0.537447
        8193    0.537455
        8194     0.53745
        8195    0.537451
        8196    0.537449
        8197    0.537452
        8198    0.537448
        8199    0.537448
        8200    0.537448
        8201    0.537442
        8202    0.537441
        8203    0.537448
        8204    0.537446
        8205    0.537445
        8206    0.537446
        8207    0.537443
        8208    0.537441
        8209    0.537442
        8210     0.53744
        8211    0.537442
        8212     0.53744
        8213    0.537426
        8214    0.537416
        8215    0.537418
        8216    0.537423
        8217    0.537422
        8218     0.53742
        8219    0.537424
        8220    0.537426
        8221    0.537419
        8222    0.537414
        8223    0.537414
        8224    0.537414
        8225    0.537413
        8226    0.537408
        8227    0.537402
        8228    0.537402
        8229    0.537403
        8230    0.537404
        8231    0.537404
        8232    0.537413
        8233    0.537407
        8234      0.5374
        8235    0.537404
        8236      0.5374
        8237    0.537395
        8238    0.537391
        8239     0.53739
        8240    0.537386
        8241    0.537394
        8242     0.53739
        8243    0.537381
        8244     0.53738
        8245    0.537375
        8246    0.537365
        8247    0.537361
        8248    0.537354
        8249    0.537348
        8250    0.537338
        8251    0.537333
        8252    0.537322
        8253    0.537316
        8254    0.537318
        8255     0.53733
        8256    0.537333
        8257    0.537337
        8258    0.537329
        8259    0.537322
        8260    0.537324
        8261    0.537325
        8262    0.537309
        8263    0.537302
        8264    0.537299
        8265    0.537305
        8266     0.53731
        8267    0.537311
        8268    0.537313
        8269    0.537313
        8270    0.537318
        8271     0.53733
        8272    0.537333
        8273    0.537329
        8274    0.537332
        8275    0.537337
        8276    0.537337
        8277    0.537347
        8278    0.537352
        8279    0.537358
        8280    0.537358
        8281    0.537359
        8282    0.537357
        8283     0.53736
        8284    0.537365
        8285    0.537368
        8286    0.537376
        8287    0.537375
        8288    0.537368
        8289    0.537367
        8290    0.537364
        8291     0.53736
        8292     0.53736
        8293    0.537354
        8294    0.537354
        8295     0.53736
        8296    0.537362
        8297    0.537364
        8298     0.53736
        8299    0.537367
        8300     0.53736
        8301    0.537354
        8302    0.537353
        8303    0.537356
        8304    0.537355
        8305    0.537362
        8306    0.537359
        8307    0.537365
        8308    0.537367
        8309    0.537367
        8310     0.53737
        8311    0.537372
        8312    0.537379
        8313    0.537376
        8314     0.53738
        8315    0.537375
        8316    0.537374
        8317    0.537376
        8318    0.537384
        8319    0.537384
        8320    0.537384
        8321    0.537381
        8322    0.537386
        8323    0.537385
        8324    0.537391
        8325    0.537394
        8326     0.53739
        8327    0.537386
        8328    0.537392
        8329    0.537401
        8330    0.537405
        8331     0.53741
        8332    0.537414
        8333    0.537412
        8334    0.537409
        8335    0.537408
        8336    0.537409
        8337    0.537403
        8338      0.5374
        8339    0.537386
        8340    0.537379
        8341     0.53738
        8342    0.537372
        8343    0.537373
        8344    0.537375
        8345    0.537382
        8346    0.537374
        8347    0.537376
        8348    0.537375
        8349    0.537374
        8350    0.537377
        8351    0.537378
        8352    0.537389
        8353    0.537394
        8354    0.537402
        8355    0.537411
        8356    0.537408
        8357     0.53741
        8358    0.537414
        8359    0.537418
        8360    0.537419
        8361     0.53742
        8362    0.537426
        8363    0.537434
        8364    0.537433
        8365     0.53743
        8366    0.537432
        8367    0.537438
        8368    0.537448
        8369    0.537458
        8370    0.537459
        8371     0.53746
        8372    0.537461
        8373    0.537458
        8374    0.537458
        8375    0.537456
        8376    0.537454
        8377    0.537457
        8378     0.53747
        8379    0.537472
        8380    0.537472
        8381    0.537472
        8382    0.537469
        8383    0.537468
        8384     0.53747
        8385     0.53747
        8386    0.537471
        8387    0.537475
        8388    0.537474
        8389    0.537475
        8390    0.537466
        8391    0.537466
        8392    0.537474
        8393    0.537479
        8394    0.537475
        8395    0.537479
        8396    0.537478
        8397     0.53749
        8398    0.537483
        8399    0.537482
        8400    0.537483
        8401    0.537473
        8402    0.537475
        8403    0.537478
        8404    0.537476
        8405    0.537469
        8406    0.537469
        8407    0.537478
        8408    0.537472
        8409    0.537474
        8410    0.537474
        8411    0.537469
        8412    0.537466
        8413    0.537468
        8414    0.537473
        8415    0.537466
        8416    0.537464
        8417    0.537458
        8418    0.537457
        8419    0.537455
        8420    0.537457
        8421    0.537463
        8422    0.537449
        8423    0.537452
        8424    0.537454
        8425    0.537447
        8426    0.537445
        8427    0.537443
        8428    0.537444
        8429    0.537441
        8430    0.537443
        8431    0.537443
        8432    0.537452
        8433    0.537457
        8434    0.537464
        8435    0.537473
        8436    0.537476
        8437    0.537479
        8438     0.53748
        8439    0.537486
        8440    0.537485
        8441    0.537486
        8442    0.537493
        8443    0.537491
        8444    0.537502
        8445    0.537503
        8446    0.537503
        8447    0.537503
        8448     0.53749
        8449    0.537483
        8450    0.537485
        8451    0.537492
        8452    0.537488
        8453    0.537486
        8454    0.537483
        8455    0.537483
        8456    0.537495
        8457    0.537498
        8458    0.537498
        8459    0.537504
        8460    0.537508
        8461    0.537516
        8462    0.537511
        8463    0.537505
        8464    0.537511
        8465     0.53751
        8466    0.537506
        8467    0.537511
        8468    0.537515
        8469    0.537517
        8470    0.537514
        8471    0.537504
        8472    0.537502
        8473    0.537502
        8474    0.537511
        8475    0.537511
        8476    0.537512
        8477    0.537514
        8478    0.537517
        8479    0.537519
        8480    0.537516
        8481    0.537516
        8482    0.537522
        8483    0.537523
        8484    0.537519
        8485    0.537518
        8486    0.537518
        8487    0.537526
        8488    0.537518
        8489    0.537513
        8490    0.537516
        8491    0.537525
        8492    0.537526
        8493    0.537535
        8494    0.537536
        8495    0.537543
        8496    0.537546
        8497    0.537552
        8498    0.537552
        8499    0.537552
        8500    0.537554
        8501    0.537564
        8502     0.53757
        8503    0.537579
        8504    0.537583
        8505     0.53758
        8506    0.537583
        8507    0.537587
        8508    0.537588
        8509    0.537589
        8510    0.537594
        8511    0.537595
        8512    0.537595
        8513    0.537591
        8514    0.537591
        8515    0.537592
        8516    0.537587
        8517    0.537585
        8518    0.537582
        8519     0.53758
        8520    0.537578
        8521    0.537575
        8522    0.537591
        8523     0.53759
        8524    0.537588
        8525    0.537586
        8526    0.537587
        8527    0.537589
        8528    0.537587
        8529    0.537586
        8530    0.537584
        8531     0.53758
        8532    0.537575
        8533    0.537576
        8534    0.537576
        8535    0.537574
        8536    0.537576
        8537     0.53757
        8538    0.537565
        8539    0.537566
        8540    0.537561
        8541    0.537562
        8542    0.537561
        8543    0.537556
        8544    0.537551
        8545    0.537545
        8546    0.537548
        8547    0.537539
        8548    0.537539
        8549    0.537533
        8550    0.537531
        8551    0.537525
        8552    0.537525
        8553    0.537523
        8554    0.537533
        8555    0.537537
        8556    0.537544
        8557    0.537548
        8558    0.537562
        8559    0.537567
        8560    0.537573
        8561    0.537573
        8562    0.537582
        8563     0.53758
        8564    0.537576
        8565    0.537565
        8566    0.537557
        8567    0.537559
        8568     0.53755
        8569    0.537538
        8570    0.537535
        8571    0.537532
        8572    0.537533
        8573    0.537531
        8574    0.537541
        8575    0.537552
        8576    0.537547
        8577    0.537556
        8578     0.53755
        8579     0.53755
        8580    0.537552
        8581    0.537553
        8582    0.537546
        8583    0.537542
        8584     0.53754
        8585    0.537536
        8586    0.537536
        8587    0.537532
        8588    0.537521
        8589    0.537518
        8590    0.537516
        8591    0.537513
        8592    0.537516
        8593    0.537521
        8594    0.537523
        8595    0.537509
        8596    0.537511
        8597     0.53751
        8598    0.537512
        8599    0.537517
        8600     0.53752
        8601    0.537525
        8602     0.53753
        8603     0.53754
        8604    0.537551
        8605    0.537551
        8606    0.537551
        8607    0.537545
        8608    0.537552
        8609    0.537558
        8610    0.537554
        8611    0.537552
        8612     0.53755
        8613    0.537542
        8614    0.537536
        8615    0.537539
        8616    0.537539
        8617    0.537538
        8618    0.537545
        8619    0.537553
        8620    0.537561
        8621    0.537563
        8622    0.537559
        8623    0.537564
        8624    0.537564
        8625    0.537561
        8626    0.537557
        8627    0.537547
        8628    0.537541
        8629     0.53753
        8630    0.537528
        8631    0.537527
        8632    0.537527
        8633    0.537529
        8634    0.537525
        8635     0.53752
        8636     0.53753
        8637    0.537526
        8638    0.537528
        8639    0.537528
        8640    0.537527
        8641    0.537526
        8642     0.53753
        8643    0.537529
        8644    0.537534
        8645    0.537536
        8646    0.537547
        8647    0.537548
        8648    0.537543
        8649    0.537534
        8650    0.537535
        8651    0.537537
        8652    0.537543
        8653    0.537534
        8654     0.53754
        8655    0.537535
        8656    0.537532
        8657    0.537528
        8658    0.537516
        8659    0.537525
        8660    0.537531
        8661    0.537536
        8662    0.537545
        8663    0.537548
        8664    0.537549
        8665    0.537548
        8666    0.537548
        8667     0.53755
        8668    0.537556
        8669    0.537562
        8670     0.53757
        8671    0.537575
        8672    0.537576
        8673    0.537569
        8674    0.537558
        8675    0.537555
        8676    0.537559
        8677    0.537561
        8678    0.537571
        8679    0.537578
        8680    0.537575
        8681    0.537572
        8682    0.537573
        8683    0.537568
        8684    0.537574
        8685    0.537582
        8686    0.537579
        8687    0.537574
        8688    0.537567
        8689    0.537563
        8690     0.53756
        8691    0.537552
        8692    0.537544
        8693    0.537545
        8694    0.537532
        8695    0.537529
        8696    0.537529
        8697    0.537532
        8698    0.537534
        8699    0.537538
        8700    0.537551
        8701    0.537553
        8702    0.537562
        8703    0.537564
        8704    0.537558
        8705    0.537553
        8706    0.537546
        8707     0.53755
        8708    0.537545
        8709    0.537548
        8710    0.537548
        8711    0.537545
        8712    0.537537
        8713    0.537534
        8714    0.537539
        8715    0.537537
        8716    0.537529
        8717    0.537532
        8718     0.53753
        8719    0.537519
        8720    0.537518
        8721    0.537517
        8722    0.537515
        8723    0.537514
        8724    0.537513
        8725    0.537504
        8726    0.537495
        8727    0.537493
        8728    0.537497
        8729    0.537481
        8730    0.537481
        8731    0.537482
        8732    0.537474
        8733    0.537461
        8734    0.537453
        8735     0.53745
        8736    0.537436
        8737    0.537437
        8738    0.537424
        8739    0.537411
        8740    0.537412
        8741    0.537407
        8742    0.537412
        8743    0.537418
        8744     0.53742
        8745    0.537419
        8746    0.537416
        8747     0.53742
        8748    0.537418
        8749     0.53743
        8750    0.537435
        8751    0.537438
        8752     0.53743
        8753    0.537428
        8754    0.537427
        8755    0.537421
        8756    0.537412
        8757     0.53741
        8758    0.537398
        8759    0.537395
        8760    0.537393
        8761    0.537388
        8762    0.537381
        8763    0.537378
        8764    0.537376
        8765    0.537381
        8766    0.537384
        8767    0.537384
        8768    0.537384
        8769    0.537387
        8770    0.537392
        8771    0.537394
        8772    0.537399
        8773    0.537403
        8774    0.537407
        8775    0.537404
        8776    0.537396
        8777    0.537391
        8778    0.537378
        8779    0.537375
        8780     0.53737
        8781    0.537373
        8782    0.537379
        8783    0.537375
        8784    0.537365
        8785    0.537357
        8786    0.537357
        8787    0.537361
        8788     0.53737
        8789    0.537364
        8790    0.537362
        8791    0.537355
        8792    0.537348
        8793    0.537356
        8794    0.537361
        8795    0.537352
        8796    0.537349
        8797     0.53735
        8798    0.537347
        8799    0.537338
        8800    0.537332
        8801    0.537334
        8802    0.537336
        8803    0.537341
        8804    0.537342
        8805    0.537339
        8806    0.537342
        8807     0.53734
        8808    0.537342
        8809    0.537346
        8810    0.537334
        8811     0.53734
        8812    0.537338
        8813    0.537344
        8814    0.537339
        8815    0.537335
        8816    0.537326
        8817    0.537321
        8818     0.53732
        8819    0.537323
        8820     0.53732
        8821    0.537321
        8822    0.537321
        8823    0.537321
        8824    0.537323
        8825    0.537318
        8826    0.537315
        8827    0.537312
        8828    0.537315
        8829    0.537318
        8830    0.537315
        8831    0.537318
        8832    0.537329
        8833    0.537333
        8834    0.537334
        8835    0.537334
        8836    0.537329
        8837    0.537332
        8838    0.537335
        8839    0.537333
        8840    0.537332
        8841    0.537329
        8842     0.53733
        8843    0.537325
        8844    0.537335
        8845    0.537336
        8846    0.537339
        8847    0.537342
        8848    0.537345
        8849    0.537344
        8850    0.537341
        8851    0.537337
        8852    0.537338
        8853    0.537333
        8854    0.537328
        8855    0.537321
        8856     0.53731
        8857    0.537304
        8858    0.537288
        8859    0.537276
        8860    0.537268
        8861    0.537275
        8862    0.537277
        8863    0.537274
        8864    0.537269
        8865    0.537272
        8866    0.537277
        8867    0.537276
        8868    0.537275
        8869    0.537271
        8870    0.537276
        8871    0.537282
        8872    0.537288
        8873     0.53729
        8874    0.537294
        8875    0.537298
        8876    0.537297
        8877    0.537299
        8878    0.537301
        8879    0.537289
        8880    0.537286
        8881    0.537291
        8882    0.537287
        8883    0.537288
        8884    0.537282
        8885    0.537292
        8886    0.537288
        8887    0.537289
        8888    0.537294
        8889    0.537288
        8890    0.537275
        8891    0.537266
        8892    0.537259
        8893    0.537253
        8894    0.537252
        8895    0.537248
        8896    0.537235
        8897    0.537241
        8898     0.53724
        8899    0.537237
        8900    0.537231
        8901    0.537215
        8902    0.537212
        8903    0.537213
        8904    0.537211
        8905    0.537214
        8906    0.537222
        8907    0.537229
        8908    0.537231
        8909    0.537227
        8910    0.537222
        8911    0.537226
        8912     0.53723
        8913    0.537232
        8914    0.537231
        8915     0.53723
        8916    0.537235
        8917    0.537236
        8918    0.537234
        8919    0.537226
        8920    0.537221
        8921    0.537224
        8922    0.537217
        8923    0.537216
        8924     0.53721
        8925    0.537208
        8926    0.537209
        8927    0.537218
        8928    0.537217
        8929     0.53722
        8930    0.537223
        8931    0.537219
        8932     0.53722
        8933    0.537221
        8934    0.537213
        8935    0.537206
        8936    0.537203
        8937    0.537209
        8938    0.537212
        8939    0.537214
        8940    0.537209
        8941    0.537207
        8942    0.537205
        8943    0.537214
        8944    0.537217
        8945    0.537213
        8946     0.53721
        8947    0.537207
        8948    0.537214
        8949    0.537217
        8950    0.537216
        8951    0.537216
        8952     0.53722
        8953    0.537214
        8954     0.53721
        8955    0.537205
        8956    0.537203
        8957    0.537211
        8958    0.537213
        8959    0.537209
        8960    0.537204
        8961    0.537207
        8962    0.537203
        8963    0.537208
        8964    0.537207
        8965    0.537217
        8966    0.537225
        8967    0.537231
        8968    0.537231
        8969    0.537228
        8970    0.537227
        8971    0.537221
        8972    0.537224
        8973    0.537233
        8974    0.537234
        8975     0.53724
        8976    0.537245
        8977    0.537251
        8978    0.537252
        8979    0.537255
        8980    0.537251
        8981     0.53724
        8982    0.537235
        8983    0.537227
        8984    0.537218
        8985    0.537216
        8986     0.53721
        8987    0.537199
        8988    0.537188
        8989    0.537184
        8990    0.537181
        8991     0.53718
        8992    0.537181
        8993    0.537187
        8994    0.537194
        8995    0.537193
        8996    0.537197
        8997    0.537196
        8998    0.537198
        8999    0.537197
        9000    0.537203
        9001      0.5372
        9002    0.537211
        9003    0.537204
        9004     0.53721
        9005    0.537199
        9006     0.53719
        9007    0.537186
        9008    0.537192
        9009    0.537193
        9010    0.537195
        9011      0.5372
        9012      0.5372
        9013    0.537202
        9014    0.537204
        9015    0.537203
        9016    0.537203
        9017    0.537199
        9018    0.537192
        9019    0.537183
        9020    0.537178
        9021     0.53718
        9022    0.537186
        9023    0.537187
        9024    0.537181
        9025    0.537182
        9026    0.537176
        9027    0.537167
        9028    0.537166
        9029    0.537177
        9030    0.537182
        9031    0.537184
        9032    0.537182
        9033    0.537181
        9034    0.537177
        9035    0.537173
        9036    0.537178
        9037    0.537174
        9038    0.537177
        9039    0.537177
        9040    0.537181
        9041     0.53718
        9042    0.537182
        9043    0.537184
        9044    0.537191
        9045     0.53719
        9046     0.53719
        9047    0.537191
        9048    0.537194
        9049    0.537186
        9050    0.537194
        9051      0.5372
        9052      0.5372
        9053    0.537192
        9054     0.53719
        9055    0.537192
        9056    0.537191
        9057    0.537187
        9058    0.537195
        9059    0.537198
        9060    0.537195
        9061    0.537193
        9062    0.537195
        9063    0.537197
        9064    0.537201
        9065    0.537206
        9066    0.537203
        9067    0.537208
        9068    0.537206
        9069    0.537203
        9070      0.5372
        9071    0.537197
        9072    0.537198
        9073    0.537192
        9074    0.537191
        9075     0.53719
        9076    0.537178
        9077    0.537173
        9078    0.537172
        9079    0.537178
        9080    0.537183
        9081    0.537181
        9082    0.537177
        9083    0.537185
        9084     0.53719
        9085    0.537195
        9086    0.537208
        9087    0.537211
        9088    0.537209
        9089    0.537215
        9090    0.537223
        9091    0.537225
        9092    0.537221
        9093    0.537226
        9094    0.537226
        9095    0.537236
        9096    0.537247
        9097    0.537245
        9098    0.537242
        9099    0.537239
        9100    0.537242
        9101     0.53724
        9102    0.537233
        9103    0.537228
        9104    0.537225
        9105     0.53722
        9106    0.537216
        9107    0.537223
        9108    0.537221
        9109    0.537215
        9110    0.537206
        9111      0.5372
        9112    0.537191
        9113    0.537192
        9114      0.5372
        9115    0.537202
        9116    0.537202
        9117    0.537201
        9118    0.537202
        9119    0.537204
        9120    0.537208
        9121    0.537205
        9122    0.537205
        9123      0.5372
        9124      0.5372
        9125    0.537203
        9126    0.537204
        9127    0.537196
        9128    0.537194
        9129    0.537186
        9130    0.537187
        9131    0.537187
        9132    0.537189
        9133    0.537187
        9134    0.537192
        9135    0.537197
        9136     0.53719
        9137    0.537185
        9138    0.537184
        9139    0.537177
        9140    0.537166
        9141    0.537163
        9142    0.537162
        9143    0.537156
        9144    0.537144
        9145    0.537142
        9146    0.537139
        9147    0.537137
        9148    0.537127
        9149    0.537126
        9150     0.53712
        9151    0.537118
        9152    0.537117
        9153    0.537116
        9154    0.537108
        9155      0.5371
        9156    0.537101
        9157    0.537095
        9158    0.537088
        9159    0.537076
        9160    0.537061
        9161    0.537061
        9162    0.537062
        9163    0.537071
        9164    0.537064
        9165    0.537055
        9166    0.537046
        9167     0.53705
        9168    0.537051
        9169     0.53705
        9170    0.537055
        9171    0.537062
        9172    0.537057
        9173    0.537054
        9174     0.53705
        9175    0.537048
        9176    0.537056
        9177    0.537058
        9178     0.53706
        9179    0.537058
        9180    0.537066
        9181    0.537067
        9182    0.537069
        9183    0.537067
        9184     0.53707
        9185    0.537065
        9186    0.537067
        9187    0.537068
        9188    0.537069
        9189    0.537072
        9190    0.537066
        9191    0.537065
        9192    0.537059
        9193     0.53705
        9194    0.537048
        9195    0.537047
        9196     0.53704
        9197    0.537037
        9198    0.537036
        9199    0.537034
        9200    0.537033
        9201    0.537037
        9202    0.537032
        9203     0.53703
        9204    0.537032
        9205    0.537028
        9206    0.537029
        9207    0.537032
        9208    0.537027
        9209    0.537021
        9210     0.53702
        9211    0.537016
        9212    0.537015
        9213    0.537017
        9214    0.537009
        9215    0.537005
        9216    0.537004
        9217       0.537
        9218    0.537002
        9219    0.536997
        9220    0.536999
        9221    0.537003
        9222    0.537011
        9223    0.537006
        9224    0.536998
        9225    0.536998
        9226    0.536993
        9227    0.536985
        9228    0.536989
        9229    0.536986
        9230     0.53698
        9231    0.536969
        9232    0.536968
        9233    0.536957
        9234    0.536964
        9235    0.536971
        9236    0.536975
        9237    0.536982
        9238    0.536977
        9239    0.536977
        9240    0.536977
        9241    0.536973
        9242    0.536973
        9243    0.536982
        9244    0.536983
        9245    0.536986
        9246    0.536986
        9247    0.536983
        9248    0.536977
        9249    0.536974
        9250    0.536971
        9251    0.536971
        9252    0.536963
        9253    0.536975
        9254    0.536985
        9255    0.536987
        9256    0.536981
        9257    0.536976
        9258     0.53698
        9259    0.536975
        9260     0.53698
        9261    0.536978
        9262    0.536974
        9263    0.536973
        9264    0.536976
        9265    0.536983
        9266    0.536994
        9267    0.537003
        9268    0.537011
        9269    0.537016
        9270    0.537013
        9271    0.537016
        9272    0.537012
        9273    0.537025
        9274    0.537027
        9275     0.53702
        9276    0.537007
        9277    0.537004
        9278    0.536996
        9279    0.536993
        9280    0.536996
        9281    0.536996
        9282    0.536991
        9283    0.536988
        9284     0.53698
        9285    0.536981
        9286    0.536976
        9287    0.536973
        9288    0.536974
        9289    0.536968
        9290     0.53697
        9291    0.536967
        9292     0.53696
        9293    0.536955
        9294    0.536957
        9295    0.536954
        9296    0.536957
        9297    0.536959
        9298    0.536965
        9299    0.536963
        9300    0.536965
        9301    0.536965
        9302     0.53697
        9303    0.536969
        9304    0.536969
        9305    0.536968
        9306    0.536963
        9307    0.536969
        9308    0.536978
        9309    0.536982
        9310    0.536975
        9311    0.536971
        9312    0.536966
        9313    0.536969
        9314     0.53697
        9315    0.536962
        9316    0.536961
        9317    0.536959
        9318    0.536959
        9319    0.536964
        9320    0.536968
        9321    0.536972
        9322    0.536973
        9323    0.536968
        9324    0.536969
        9325    0.536973
        9326    0.536961
        9327    0.536962
        9328    0.536964
        9329    0.536965
        9330    0.536973
        9331    0.536972
        9332    0.536979
        9333    0.536977
        9334    0.536981
        9335    0.536986
        9336    0.536995
        9337    0.536995
        9338    0.536986
        9339    0.536985
        9340    0.536986
        9341    0.536991
        9342    0.536991
        9343    0.536982
        9344    0.536982
        9345    0.536984
        9346    0.536993
        9347    0.536995
        9348    0.537001
        9349    0.536996
        9350    0.536998
        9351    0.536989
        9352    0.536985
        9353    0.536978
        9354     0.53698
        9355    0.536974
        9356    0.536969
        9357    0.536965
        9358    0.536972
        9359     0.53697
        9360    0.536969
        9361     0.53697
        9362    0.536966
        9363    0.536963
        9364    0.536963
        9365    0.536955
        9366     0.53695
        9367    0.536939
        9368    0.536929
        9369    0.536924
        9370    0.536922
        9371    0.536915
        9372    0.536916
        9373    0.536917
        9374    0.536918
        9375    0.536918
        9376    0.536919
        9377    0.536919
        9378    0.536924
        9379    0.536932
        9380    0.536936
        9381    0.536945
        9382    0.536941
        9383    0.536932
        9384    0.536928
        9385    0.536926
        9386    0.536923
        9387    0.536923
        9388     0.53693
        9389    0.536929
        9390    0.536926
        9391    0.536935
        9392    0.536931
        9393    0.536936
        9394    0.536945
        9395    0.536954
        9396    0.536954
        9397     0.53695
        9398    0.536953
        9399    0.536957
        9400    0.536944
        9401    0.536943
        9402    0.536939
        9403    0.536939
        9404     0.53694
        9405    0.536947
        9406    0.536951
        9407    0.536949
        9408    0.536948
        9409    0.536955
        9410    0.536947
        9411    0.536943
        9412    0.536942
        9413    0.536942
        9414    0.536935
        9415    0.536925
        9416    0.536923
        9417     0.53692
        9418    0.536918
        9419    0.536911
        9420    0.536919
        9421    0.536918
        9422    0.536915
        9423    0.536918
        9424    0.536913
        9425    0.536914
        9426    0.536913
        9427    0.536919
        9428    0.536917
        9429    0.536912
        9430    0.536916
        9431    0.536915
        9432    0.536924
        9433    0.536923
        9434    0.536928
        9435    0.536933
        9436    0.536934
        9437    0.536926
        9438    0.536929
        9439    0.536926
        9440    0.536931
        9441    0.536929
        9442    0.536932
        9443    0.536933
        9444    0.536938
        9445    0.536937
        9446    0.536937
        9447    0.536934
        9448     0.53693
        9449    0.536935
        9450    0.536938
        9451    0.536939
        9452    0.536939
        9453    0.536945
        9454    0.536946
        9455    0.536942
        9456    0.536941
        9457    0.536941
        9458    0.536937
        9459    0.536944
        9460    0.536955
        9461    0.536951
        9462    0.536953
        9463    0.536957
        9464    0.536956
        9465    0.536959
        9466    0.536957
        9467    0.536956
        9468    0.536958
        9469    0.536958
        9470    0.536963
        9471    0.536968
        9472    0.536969
        9473    0.536968
        9474    0.536967
        9475    0.536965
        9476    0.536959
        9477    0.536964
        9478    0.536972
        9479    0.536974
        9480    0.536974
        9481    0.536977
        9482    0.536982
        9483    0.536982
        9484    0.536985
        9485    0.536977
        9486    0.536976
        9487    0.536978
        9488    0.536987
        9489    0.536979
        9490    0.536978
        9491    0.536972
        9492    0.536965
        9493    0.536966
        9494    0.536965
        9495    0.536953
        9496    0.536953
        9497    0.536956
        9498     0.53696
        9499    0.536959
        9500    0.536948
        9501    0.536939
        9502    0.536929
        9503    0.536931
        9504    0.536939
        9505    0.536941
        9506    0.536941
        9507    0.536948
        9508    0.536954
        9509    0.536956
        9510    0.536962
        9511    0.536963
        9512    0.536963
        9513    0.536968
        9514    0.536977
        9515    0.536979
        9516    0.536967
        9517    0.536968
        9518    0.536978
        9519    0.536986
        9520    0.536988
        9521     0.53699
        9522    0.536999
        9523    0.536996
        9524    0.536986
        9525    0.536982
        9526    0.536987
        9527    0.536987
        9528     0.53699
        9529    0.536989
        9530    0.536986
        9531    0.536991
        9532    0.536991
        9533    0.536988
        9534    0.536978
        9535    0.536975
        9536    0.536976
        9537    0.536975
        9538    0.536978
        9539    0.536976
        9540    0.536967
        9541    0.536959
        9542    0.536959
        9543    0.536959
        9544    0.536969
        9545    0.536976
        9546    0.536975
        9547    0.536984
        9548    0.536986
        9549    0.536986
        9550    0.536983
        9551    0.536978
        9552    0.536977
        9553    0.536983
        9554    0.536977
        9555    0.536978
        9556    0.536969
        9557    0.536962
        9558    0.536964
        9559    0.536963
        9560    0.536964
        9561    0.536963
        9562    0.536967
        9563    0.536962
        9564    0.536975
        9565    0.536975
        9566    0.536983
        9567    0.536992
        9568    0.537005
        9569    0.537006
        9570    0.537004
        9571    0.536994
        9572    0.536992
        9573     0.53699
        9574    0.536983
        9575     0.53698
        9576    0.536981
        9577    0.536978
        9578     0.53698
        9579    0.536976
        9580    0.536974
        9581    0.536976
        9582    0.536988
        9583    0.536987
        9584    0.536991
        9585    0.536991
        9586    0.536987
        9587    0.536987
        9588    0.536994
        9589    0.536998
        9590    0.537004
        9591    0.537008
        9592    0.537009
        9593    0.537004
        9594    0.537009
        9595    0.537015
        9596    0.537021
        9597    0.537026
        9598    0.537029
        9599    0.537035
        9600    0.537033
        9601    0.537026
        9602    0.537028
        9603    0.537031
        9604    0.537029
        9605    0.537028
        9606    0.537028
        9607    0.537028
        9608    0.537021
        9609    0.537009
        9610    0.536998
        9611    0.536997
        9612    0.536999
        9613    0.537004
        9614    0.537006
        9615    0.537007
        9616    0.537007
        9617       0.537
        9618    0.537006
        9619    0.537007
        9620    0.537015
        9621    0.537031
        9622     0.53704
        9623    0.537047
        9624    0.537056
        9625    0.537062
        9626    0.537066
        9627    0.537067
        9628    0.537076
        9629    0.537067
        9630    0.537072
        9631    0.537074
        9632    0.537074
        9633    0.537074
        9634    0.537078
        9635    0.537076
        9636    0.537076
        9637    0.537069
        9638    0.537069
        9639    0.537065
        9640    0.537066
        9641     0.53706
        9642    0.537059
        9643    0.537057
        9644     0.53706
        9645    0.537064
        9646    0.537062
        9647    0.537064
        9648    0.537063
        9649    0.537057
        9650    0.537055
        9651    0.537055
        9652     0.53706
        9653    0.537064
        9654    0.537065
        9655    0.537058
        9656    0.537066
        9657    0.537074
        9658    0.537074
        9659    0.537083
        9660    0.537091
        9661    0.537095
        9662    0.537088
        9663    0.537091
        9664    0.537084
        9665    0.537085
        9666     0.53708
        9667    0.537091
        9668    0.537101
        9669    0.537106
        9670    0.537102
        9671    0.537096
        9672    0.537098
        9673    0.537096
        9674    0.537095
        9675    0.537099
        9676    0.537102
        9677    0.537104
        9678    0.537115
        9679    0.537111
        9680    0.537113
        9681    0.537118
        9682    0.537112
        9683    0.537107
        9684    0.537113
        9685    0.537124
        9686    0.537122
        9687    0.537119
        9688    0.537117
        9689     0.53712
        9690    0.537115
        9691    0.537115
        9692     0.53712
        9693     0.53711
        9694    0.537104
        9695    0.537099
        9696    0.537098
        9697    0.537091
        9698    0.537082
        9699    0.537076
        9700     0.53707
        9701    0.537064
        9702    0.537061
        9703    0.537062
        9704    0.537062
        9705    0.537064
        9706    0.537057
        9707    0.537056
        9708    0.537049
        9709    0.537048
        9710    0.537042
        9711    0.537035
        9712    0.537029
        9713    0.537025
        9714    0.537017
        9715     0.53701
        9716    0.537009
        9717    0.537002
        9718     0.53699
        9719    0.536987
        9720    0.536986
        9721    0.536991
        9722    0.536989
        9723    0.536987
        9724    0.536978
        9725    0.536978
        9726    0.536975
        9727    0.536976
        9728    0.536978
        9729    0.536976
        9730    0.536973
        9731    0.536977
        9732    0.536971
        9733    0.536974
        9734    0.536977
        9735    0.536974
        9736    0.536971
        9737    0.536977
        9738    0.536977
        9739    0.536981
        9740    0.536986
        9741    0.536991
        9742    0.536995
        9743    0.536999
        9744    0.537006
        9745    0.537011
        9746    0.537015
        9747    0.537017
        9748     0.53702
        9749    0.537016
        9750    0.537018
        9751    0.537014
        9752    0.537013
        9753    0.537008
        9754    0.537003
        9755    0.537004
        9756    0.537006
        9757    0.537015
        9758    0.537027
        9759    0.537032
        9760    0.537034
        9761    0.537034
        9762    0.537034
        9763    0.537035
        9764     0.53704
        9765    0.537042
        9766    0.537046
        9767    0.537044
        9768    0.537043
        9769    0.537038
        9770    0.537047
        9771    0.537044
        9772     0.53705
        9773    0.537051
        9774    0.537053
        9775    0.537057
        9776    0.537061
        9777    0.537066
        9778    0.537063
        9779     0.53706
        9780    0.537061
        9781     0.53706
        9782    0.537056
        9783    0.537056
        9784    0.537057
        9785    0.537045
        9786    0.537039
        9787    0.537039
        9788    0.537035
        9789     0.53703
        9790    0.537027
        9791    0.537021
        9792    0.537017
        9793    0.537021
        9794     0.53702
        9795    0.537019
        9796    0.537013
        9797    0.537015
        9798    0.537026
        9799    0.537028
        9800    0.537031
        9801     0.53704
        9802    0.537042
        9803    0.537046
        9804     0.53705
        9805    0.537052
        9806    0.537063
        9807    0.537064
        9808     0.53707
        9809    0.537069
        9810    0.537072
        9811    0.537073
        9812    0.537082
        9813    0.537086
        9814    0.537089
        9815    0.537084
        9816    0.537077
        9817    0.537074
        9818    0.537066
        9819    0.537066
        9820    0.537071
        9821    0.537075
        9822    0.537081
        9823    0.537076
        9824    0.537071
        9825     0.53706
        9826    0.537058
        9827    0.537061
        9828     0.53706
        9829    0.537065
        9830    0.537066
        9831    0.537069
        9832     0.53706
        9833    0.537065
        9834    0.537058
        9835    0.537055
        9836    0.537041
        9837    0.537037
        9838    0.537035
        9839    0.537029
        9840    0.537031
        9841    0.537026
        9842    0.537022
        9843    0.537033
        9844    0.537033
        9845    0.537032
        9846     0.53703
        9847    0.537027
        9848    0.537031
        9849    0.537027
        9850    0.537025
        9851    0.537025
        9852    0.537022
        9853    0.537021
        9854    0.537031
        9855     0.53704
        9856    0.537043
        9857     0.53704
        9858    0.537044
        9859    0.537041
        9860    0.537034
        9861    0.537031
        9862     0.53703
        9863    0.537034
        9864    0.537039
        9865    0.537038
        9866    0.537036
        9867     0.53704
        9868    0.537034
        9869    0.537029
        9870    0.537024
        9871    0.537027
        9872    0.537031
        9873    0.537027
        9874    0.537036
        9875    0.537041
        9876    0.537048
        9877    0.537049
        9878     0.53705
        9879    0.537049
        9880    0.537049
        9881    0.537048
        9882    0.537045
        9883    0.537052
        9884    0.537054
        9885     0.53705
        9886    0.537052
        9887    0.537047
        9888    0.537051
        9889    0.537057
        9890    0.537068
        9891    0.537069
        9892    0.537067
        9893    0.537069
        9894    0.537063
        9895    0.537061
        9896    0.537059
        9897     0.53706
        9898    0.537062
        9899    0.537057
        9900    0.537055
        9901    0.537058
        9902    0.537059
        9903    0.537062
        9904    0.537061
        9905    0.537065
        9906    0.537075
        9907    0.537077
        9908    0.537078
        9909    0.537085
        9910    0.537084
        9911    0.537076
        9912    0.537076
        9913    0.537078
        9914    0.537071
        9915    0.537063
        9916    0.537061
        9917    0.537059
        9918    0.537049
        9919    0.537058
        9920    0.537064
        9921     0.53707
        9922     0.53707
        9923    0.537068
        9924    0.537065
        9925    0.537066
        9926    0.537063
        9927    0.537069
        9928    0.537073
        9929    0.537085
        9930    0.537083
        9931    0.537089
        9932    0.537087
        9933    0.537082
        9934    0.537083
        9935    0.537086
        9936    0.537088
        9937    0.537093
        9938    0.537098
        9939    0.537098
        9940    0.537101
        9941    0.537099
        9942    0.537099
        9943    0.537093
        9944    0.537091
        9945    0.537094
        9946    0.537089
        9947    0.537083
        9948    0.537074
        9949    0.537065
        9950    0.537062
        9951    0.537062
        9952    0.537068
        9953    0.537071
        9954    0.537071
        9955    0.537079
        9956    0.537079
        9957    0.537082
        9958    0.537079
        9959    0.537076
        9960    0.537079
        9961     0.53708
        9962    0.537074
        9963    0.537065
        9964    0.537059
        9965    0.537068
        9966    0.537071
        9967    0.537069
        9968    0.537075
        9969    0.537079
        9970    0.537082
        9971    0.537084
        9972    0.537079
        9973    0.537078
        9974    0.537075
        9975    0.537078
        9976    0.537079
        9977    0.537082
        9978    0.537089
        9979    0.537088
        9980    0.537091
        9981    0.537098
        9982    0.537099
        9983    0.537101
        9984    0.537099
        9985    0.537103
        9986    0.537103
        9987    0.537101
        9988    0.537091
        9989    0.537092
        9990    0.537089
        9991    0.537094
        9992      0.5371
        9993      0.5371
        9994    0.537103
        9995    0.537108
        9996    0.537115
        9997    0.537112
        9998    0.537113
        9999     0.53711
       10000    0.537108
       10001    0.537107
       10002    0.537099
       10003    0.537089
       10004    0.537099
       10005    0.537096
       10006    0.537095
       10007     0.53709
       10008    0.537089
       10009    0.537087
       10010    0.537089
       10011    0.537089
       10012      0.5371
       10013    0.537106
       10014    0.537114
       10015     0.53712
       10016    0.537112
       10017    0.537111
       10018     0.53711
       10019    0.537099
       10020    0.537087
       10021    0.537087
       10022    0.537091
       10023    0.537096
       10024    0.537099
       10025    0.537094
       10026    0.537088
       10027    0.537081
       10028    0.537078
       10029     0.53707
       10030    0.537064
       10031    0.537059
       10032    0.537059
       10033    0.537058
       10034    0.537056
       10035    0.537061
       10036    0.537066
       10037    0.537061
       10038    0.537059
       10039    0.537051
       10040    0.537047
       10041    0.537044
       10042    0.537047
       10043     0.53704
       10044    0.537031
       10045    0.537025
       10046    0.537022
       10047    0.537024
       10048    0.537024
       10049    0.537016
       10050    0.537016
       10051     0.53701
       10052    0.537015
       10053    0.537016
       10054    0.537007
       10055    0.537007
       10056    0.537008
       10057    0.537009
       10058    0.537015
       10059    0.537013
       10060    0.537007
       10061    0.537007
       10062    0.537008
       10063    0.537013
       10064     0.53702
       10065    0.537024
       10066    0.537022
       10067    0.537026
       10068    0.537038
       10069     0.53704
       10070    0.537045
       10071    0.537041
       10072     0.53703
       10073    0.537023
       10074    0.537024
       10075    0.537029
       10076     0.53703
       10077    0.537025
       10078    0.537024
       10079    0.537025
       10080     0.53703
       10081    0.537028
       10082    0.537022
       10083    0.537019
       10084    0.537027
       10085    0.537033
       10086    0.537042
       10087    0.537045
       10088    0.537045
       10089    0.537048
       10090    0.537043
       10091    0.537046
       10092    0.537042
       10093    0.537042
       10094    0.537043
       10095    0.537037
       10096    0.537043
       10097     0.53704
       10098    0.537041
       10099    0.537044
       10100    0.537041
       10101     0.53703
       10102    0.537025
       10103    0.537024
       10104    0.537027
       10105    0.537028
       10106     0.53703
       10107    0.537034
       10108     0.53703
       10109    0.537016
       10110    0.537013
       10111    0.537011
       10112    0.537015
       10113    0.537012
       10114    0.537008
       10115    0.537006
       10116    0.537006
       10117    0.537009
       10118    0.537011
       10119    0.537016
       10120    0.537014
       10121    0.537011
       10122    0.537013
       10123    0.537011
       10124    0.537013
       10125    0.537019
       10126    0.537016
       10127    0.537019
       10128    0.537016
       10129    0.537015
       10130    0.537019
       10131    0.537026
       10132    0.537032
       10133    0.537038
       10134    0.537043
       10135    0.537037
       10136    0.537031
       10137    0.537033
       10138     0.53703
       10139    0.537034
       10140    0.537041
       10141    0.537038
       10142    0.537038
       10143    0.537034
       10144    0.537037
       10145    0.537041
       10146    0.537046
       10147     0.53705
       10148    0.537058
       10149    0.537056
       10150    0.537057
       10151    0.537059
       10152    0.537058
       10153    0.537047
       10154    0.537045
       10155    0.537052
       10156    0.537054
       10157    0.537057
       10158    0.537058
       10159    0.537062
       10160    0.537059
       10161    0.537059
       10162    0.537063
       10163     0.53707
       10164    0.537077
       10165    0.537081
       10166    0.537079
       10167    0.537084
       10168    0.537088
       10169    0.537091
       10170    0.537089
       10171    0.537093
       10172    0.537093
       10173    0.537096
       10174    0.537096
       10175    0.537089
       10176    0.537093
       10177    0.537092
       10178    0.537087
       10179    0.537081
       10180    0.537076
       10181    0.537081
       10182    0.537088
       10183    0.537086
       10184    0.537087
       10185    0.537091
       10186    0.537094
       10187    0.537097
       10188    0.537102
       10189    0.537103
       10190    0.537101
       10191    0.537097
       10192    0.537104
       10193    0.537113
       10194    0.537115
       10195    0.537115
       10196     0.53711
       10197    0.537101
       10198    0.537093
       10199    0.537086
       10200    0.537086
       10201    0.537086
       10202    0.537088
       10203    0.537085
       10204    0.537084
       10205    0.537087
       10206    0.537099
       10207    0.537105
       10208    0.537106
       10209    0.537114
       10210    0.537117
       10211    0.537113
       10212    0.537117
       10213    0.537117
       10214    0.537117
       10215    0.537114
       10216    0.537114
       10217    0.537114
       10218    0.537116
       10219    0.537118
       10220    0.537115
       10221    0.537116
       10222    0.537118
       10223     0.53712
       10224    0.537123
       10225    0.537116
       10226    0.537117
       10227    0.537116
       10228    0.537115
       10229    0.537108
       10230    0.537103
       10231    0.537103
       10232    0.537104
       10233    0.537104
       10234    0.537106
       10235    0.537114
       10236    0.537113
       10237    0.537121
       10238    0.537127
       10239    0.537122
       10240    0.537127
       10241    0.537121
       10242    0.537112
       10243    0.537105
       10244    0.537102
       10245    0.537106
       10246    0.537112
       10247    0.537123
       10248    0.537124
       10249    0.537121
       10250    0.537123
       10251    0.537122
       10252    0.537119
       10253     0.53712
       10254    0.537126
       10255    0.537135
       10256    0.537133
       10257    0.537137
       10258    0.537147
       10259    0.537141
       10260    0.537143
       10261    0.537143
       10262     0.53714
       10263    0.537144
       10264    0.537147
       10265    0.537145
       10266    0.537135
       10267    0.537123
       10268    0.537122
       10269    0.537123
       10270    0.537126
       10271    0.537126
       10272    0.537122
       10273    0.537124
       10274    0.537119
       10275    0.537122
       10276     0.53712
       10277    0.537119
       10278    0.537117
       10279    0.537105
       10280    0.537099
       10281    0.537095
       10282    0.537098
       10283    0.537103
       10284      0.5371
       10285    0.537101
       10286    0.537101
       10287    0.537104
       10288    0.537094
       10289    0.537084
       10290    0.537081
       10291    0.537073
       10292    0.537067
       10293    0.537062
       10294    0.537051
       10295    0.537054
       10296    0.537064
       10297    0.537075
       10298    0.537075
       10299    0.537066
       10300    0.537063
       10301    0.537058
       10302    0.537058
       10303    0.537061
       10304    0.537064
       10305    0.537066
       10306    0.537067
       10307    0.537062
       10308    0.537059
       10309    0.537057
       10310    0.537059
       10311    0.537057
       10312    0.537057
       10313    0.537057
       10314    0.537058
       10315    0.537056
       10316    0.537054
       10317    0.537058
       10318    0.537063
       10319    0.537066
       10320    0.537069
       10321    0.537075
       10322    0.537085
       10323    0.537095
       10324    0.537099
       10325    0.537108
       10326    0.537107
       10327    0.537095
       10328    0.537092
       10329    0.537098
       10330    0.537097
       10331    0.537094
       10332    0.537096
       10333    0.537094
       10334    0.537097
       10335    0.537094
       10336     0.53709
       10337    0.537081
       10338    0.537078
       10339     0.53708
       10340    0.537079
       10341    0.537072
       10342     0.53707
       10343    0.537071
       10344    0.537077
       10345    0.537086
       10346    0.537086
       10347    0.537085
       10348    0.537089
       10349    0.537099
       10350    0.537097
       10351    0.537091
       10352     0.53709
       10353    0.537093
       10354    0.537091
       10355    0.537088
       10356     0.53709
       10357    0.537086
       10358    0.537092
       10359    0.537094
       10360    0.537099
       10361    0.537097
       10362     0.53709
       10363    0.537093
       10364     0.53709
       10365    0.537081
       10366    0.537072
       10367    0.537067
       10368     0.53706
       10369    0.537063
       10370    0.537059
       10371    0.537064
       10372    0.537063
       10373    0.537062
       10374    0.537062
       10375    0.537055
       10376    0.537055
       10377    0.537046
       10378    0.537037
       10379    0.537047
       10380    0.537048
       10381    0.537049
       10382    0.537047
       10383    0.537045
       10384    0.537042
       10385    0.537045
       10386    0.537042
       10387    0.537046
       10388    0.537052
       10389    0.537053
       10390     0.53705
       10391    0.537043
       10392    0.537044
       10393    0.537041
       10394    0.537041
       10395    0.537046
       10396    0.537051
       10397    0.537059
       10398    0.537062
       10399    0.537056
       10400    0.537057
       10401    0.537057
       10402    0.537062
       10403    0.537065
       10404    0.537064
       10405    0.537073
       10406    0.537069
       10407    0.537076
       10408    0.537076
       10409    0.537078
       10410    0.537084
       10411    0.537084
       10412    0.537088
       10413    0.537088
       10414    0.537091
       10415    0.537088
       10416    0.537091
       10417    0.537093
       10418    0.537098
       10419    0.537101
       10420    0.537102
       10421    0.537099
       10422    0.537089
       10423     0.53709
       10424    0.537085
       10425    0.537083
       10426    0.537086
       10427    0.537093
       10428    0.537094
       10429    0.537086
       10430    0.537079
       10431    0.537072
       10432    0.537068
       10433     0.53707
       10434    0.537068
       10435    0.537063
       10436    0.537061
       10437    0.537069
       10438    0.537068
       10439    0.537067
       10440     0.53706
       10441    0.537059
       10442    0.537067
       10443    0.537075
       10444     0.53707
       10445    0.537072
       10446    0.537077
       10447    0.537089
       10448    0.537089
       10449    0.537092
       10450    0.537092
       10451    0.537087
       10452    0.537081
       10453    0.537076
       10454    0.537077
       10455    0.537073
       10456    0.537077
       10457    0.537083
       10458    0.537086
       10459    0.537089
       10460    0.537084
       10461    0.537082
       10462    0.537087
       10463    0.537094
       10464    0.537098
       10465    0.537098
       10466    0.537098
       10467    0.537088
       10468    0.537091
       10469    0.537093
       10470    0.537096
       10471    0.537105
       10472    0.537113
       10473     0.53712
       10474     0.53711
       10475     0.53711
       10476    0.537111
       10477    0.537106
       10478    0.537107
       10479    0.537113
       10480    0.537119
       10481    0.537123
       10482    0.537121
       10483    0.537122
       10484    0.537121
       10485    0.537113
       10486    0.537108
       10487    0.537103
       10488    0.537103
       10489    0.537107
       10490    0.537114
       10491    0.537116
       10492     0.53712
       10493     0.53712
       10494    0.537122
       10495    0.537119
       10496    0.537115
       10497     0.53711
       10498    0.537107
       10499    0.537096
       10500    0.537093
       10501    0.537088
       10502    0.537091
       10503     0.53709
       10504    0.537096
       10505    0.537097
       10506    0.537101
       10507    0.537105
       10508    0.537095
       10509    0.537091
       10510    0.537096
       10511    0.537098
       10512      0.5371
       10513    0.537095
       10514    0.537093
       10515    0.537096
       10516    0.537093
       10517    0.537099
       10518    0.537098
       10519    0.537092
       10520    0.537088
       10521    0.537078
       10522    0.537079
       10523     0.53708
       10524    0.537078
       10525    0.537086
       10526    0.537091
       10527    0.537093
       10528    0.537099
       10529    0.537101
       10530    0.537097
       10531      0.5371
       10532    0.537103
       10533    0.537106
       10534    0.537105
       10535    0.537105
       10536    0.537109
       10537    0.537103
       10538    0.537102
       10539    0.537095
       10540    0.537093
       10541    0.537088
       10542    0.537091
       10543    0.537088
       10544    0.537094
       10545    0.537092
       10546    0.537085
       10547     0.53709
       10548    0.537086
       10549    0.537083
       10550    0.537079
       10551    0.537073
       10552    0.537077
       10553    0.537084
       10554    0.537081
       10555    0.537089
       10556     0.53709
       10557     0.53709
       10558    0.537087
       10559    0.537084
       10560    0.537078
       10561    0.537073
       10562    0.537068
       10563    0.537063
       10564     0.53706
       10565    0.537053
       10566     0.53705
       10567    0.537051
       10568    0.537049
       10569    0.537059
       10570    0.537058
       10571    0.537061
       10572     0.53706
       10573    0.537061
       10574    0.537064
       10575    0.537069
       10576    0.537076
       10577    0.537079
       10578    0.537086
       10579    0.537085
       10580    0.537077
       10581    0.537066
       10582    0.537058
       10583    0.537054
       10584    0.537038
       10585    0.537031
       10586    0.537027
       10587    0.537023
       10588    0.537024
       10589    0.537018
       10590    0.537019
       10591    0.537022
       10592    0.537006
       10593       0.537
       10594    0.537002
       10595    0.536994
       10596    0.536987
       10597    0.536981
       10598    0.536972
       10599     0.53697
       10600    0.536966
       10601    0.536969
       10602    0.536967
       10603    0.536963
       10604    0.536966
       10605    0.536965
       10606    0.536963
       10607    0.536959
       10608    0.536957
       10609     0.53696
       10610    0.536963
       10611    0.536962
       10612    0.536954
       10613    0.536943
       10614    0.536946
       10615    0.536946
       10616    0.536949
       10617    0.536953
       10618    0.536953
       10619    0.536947
       10620     0.53694
       10621    0.536933
       10622    0.536934
       10623    0.536932
       10624    0.536924
       10625    0.536923
       10626    0.536929
       10627    0.536936
       10628    0.536934
       10629     0.53693
       10630    0.536921
       10631    0.536919
       10632    0.536915
       10633    0.536914
       10634    0.536916
       10635    0.536918
       10636    0.536919
       10637    0.536925
       10638    0.536922
       10639    0.536921
       10640    0.536919
       10641    0.536919
       10642    0.536908
       10643    0.536905
       10644    0.536903
       10645    0.536896
       10646    0.536884
       10647    0.536883
       10648    0.536885
       10649    0.536876
       10650    0.536877
       10651    0.536882
       10652    0.536888
       10653    0.536889
       10654    0.536887
       10655    0.536884
       10656    0.536879
       10657    0.536878
       10658    0.536872
       10659    0.536864
       10660     0.53686
       10661    0.536864
       10662    0.536866
       10663    0.536868
       10664    0.536873
       10665    0.536874
       10666    0.536871
       10667    0.536863
       10668     0.53686
       10669    0.536859
       10670     0.53686
       10671     0.53686
       10672    0.536863
       10673    0.536861
       10674    0.536855
       10675    0.536855
       10676    0.536851
       10677     0.53686
       10678    0.536858
       10679    0.536857
       10680    0.536866
       10681    0.536869
       10682    0.536871
       10683    0.536878
       10684    0.536876
       10685    0.536876
       10686    0.536874
       10687    0.536884
       10688    0.536893
       10689      0.5369
       10690    0.536907
       10691    0.536908
       10692    0.536909
       10693    0.536902
       10694    0.536906
       10695    0.536902
       10696    0.536893
       10697    0.536892
       10698    0.536897
       10699    0.536902
       10700    0.536903
       10701    0.536904
       10702     0.53689
       10703    0.536886
       10704    0.536886
       10705    0.536886
       10706    0.536887
       10707    0.536884
       10708    0.536889
       10709    0.536897
       10710    0.536903
       10711    0.536896
       10712    0.536901
       10713    0.536902
       10714    0.536904
       10715     0.53691
       10716    0.536919
       10717    0.536924
       10718     0.53693
       10719    0.536935
       10720    0.536926
       10721    0.536928
       10722    0.536928
       10723    0.536927
       10724    0.536926
       10725    0.536931
       10726    0.536937
       10727    0.536931
       10728    0.536938
       10729    0.536935
       10730    0.536944
       10731    0.536943
       10732    0.536937
       10733    0.536929
       10734    0.536921
       10735     0.53692
       10736    0.536914
       10737    0.536912
       10738    0.536914
       10739    0.536917
       10740    0.536926
       10741    0.536925
       10742    0.536928
       10743    0.536928
       10744    0.536929
       10745    0.536929
       10746    0.536932
       10747     0.53693
       10748    0.536925
       10749    0.536916
       10750    0.536914
       10751    0.536917
       10752    0.536926
       10753    0.536925
       10754     0.53692
       10755    0.536919
       10756    0.536924
       10757    0.536927
       10758    0.536926
       10759     0.53693
       10760    0.536929
       10761    0.536932
       10762    0.536935
       10763    0.536939
       10764    0.536935
       10765    0.536932
       10766    0.536932
       10767    0.536942
       10768     0.53694
       10769    0.536943
       10770    0.536938
       10771    0.536944
       10772    0.536939
       10773    0.536935
       10774    0.536936
       10775    0.536938
       10776    0.536941
       10777    0.536939
       10778    0.536938
       10779    0.536938
       10780    0.536943
       10781    0.536945
       10782    0.536955
       10783    0.536955
       10784    0.536955
       10785     0.53696
       10786    0.536964
       10787    0.536963
       10788    0.536962
       10789    0.536959
       10790    0.536962
       10791    0.536961
       10792    0.536968
       10793     0.53697
       10794    0.536967
       10795    0.536963
       10796    0.536966
       10797    0.536971
       10798    0.536973
       10799    0.536978
       10800    0.536982
       10801    0.536986
       10802    0.536988
       10803    0.536983
       10804    0.536982
       10805     0.53699
       10806    0.536994
       10807    0.537003
       10808       0.537
       10809    0.536985
       10810    0.536983
       10811     0.53699
       10812    0.536987
       10813    0.536984
       10814    0.536982
       10815     0.53698
       10816    0.536977
       10817    0.536973
       10818    0.536978
       10819    0.536985
       10820    0.536982
       10821     0.53698
       10822    0.536976
       10823    0.536966
       10824     0.53696
       10825    0.536963
       10826    0.536957
       10827    0.536957
       10828     0.53695
       10829     0.53695
       10830    0.536957
       10831     0.53696
       10832    0.536962
       10833    0.536962
       10834    0.536954
       10835    0.536947
       10836    0.536949
       10837    0.536958
       10838    0.536967
       10839    0.536966
       10840    0.536963
       10841    0.536963
       10842    0.536967
       10843     0.53696
       10844    0.536958
       10845    0.536958
       10846     0.53696
       10847    0.536964
       10848    0.536956
       10849    0.536945
       10850     0.53694
       10851    0.536944
       10852    0.536945
       10853    0.536944
       10854    0.536941
       10855     0.53693
       10856    0.536922
       10857    0.536928
       10858    0.536933
       10859    0.536943
       10860    0.536944
       10861     0.53695
       10862    0.536944
       10863    0.536938
       10864    0.536942
       10865    0.536943
       10866     0.53694
       10867    0.536934
       10868    0.536933
       10869     0.53693
       10870    0.536931
       10871    0.536931
       10872    0.536927
       10873    0.536931
       10874    0.536936
       10875    0.536937
       10876     0.53694
       10877    0.536949
       10878    0.536955
       10879    0.536957
       10880    0.536954
       10881    0.536952
       10882    0.536951
       10883    0.536951
       10884    0.536952
       10885    0.536946
       10886    0.536938
       10887    0.536931
       10888    0.536919
       10889    0.536911
       10890    0.536916
       10891    0.536921
       10892    0.536922
       10893    0.536922
       10894    0.536922
       10895    0.536927
       10896    0.536926
       10897    0.536922
       10898    0.536928
       10899    0.536926
       10900    0.536927
       10901    0.536927
       10902     0.53693
       10903    0.536932
       10904    0.536928
       10905    0.536928
       10906    0.536932
       10907    0.536933
       10908    0.536922
       10909    0.536927
       10910     0.53693
       10911    0.536933
       10912     0.53693
       10913    0.536938
       10914    0.536942
       10915    0.536941
       10916    0.536943
       10917    0.536946
       10918    0.536945
       10919     0.53694
       10920    0.536931
       10921    0.536929
       10922    0.536928
       10923    0.536927
       10924    0.536924
       10925    0.536919
       10926    0.536927
       10927    0.536923
       10928    0.536926
       10929     0.53693
       10930    0.536932
       10931    0.536925
       10932    0.536929
       10933    0.536924
       10934    0.536923
       10935     0.53693
       10936    0.536932
       10937    0.536934
       10938    0.536934
       10939    0.536933
       10940    0.536935
       10941    0.536936
       10942    0.536928
       10943    0.536924
       10944    0.536926
       10945     0.53693
       10946    0.536927
       10947    0.536927
       10948    0.536925
       10949    0.536932
       10950    0.536925
       10951    0.536919
       10952    0.536922
       10953    0.536917
       10954    0.536915
       10955    0.536911
       10956    0.536916
       10957     0.53692
       10958    0.536921
       10959    0.536924
       10960    0.536928
       10961     0.53693
       10962    0.536926
       10963    0.536923
       10964    0.536912
       10965    0.536911
       10966    0.536917
       10967    0.536914
       10968    0.536909
       10969    0.536907
       10970    0.536908
       10971    0.536907
       10972    0.536901
       10973    0.536895
       10974    0.536891
       10975    0.536892
       10976    0.536894
       10977    0.536903
       10978    0.536905
       10979    0.536895
       10980    0.536896
       10981    0.536894
       10982    0.536885
       10983    0.536881
       10984    0.536871
       10985    0.536865
       10986    0.536865
       10987    0.536861
       10988    0.536866
       10989    0.536864
       10990     0.53686
       10991    0.536857
       10992    0.536857
       10993    0.536862
       10994    0.536861
       10995    0.536856
       10996    0.536856
       10997    0.536851
       10998    0.536847
       10999     0.53685
       11000     0.53685
       11001    0.536848
       11002     0.53685
       11003    0.536842
       11004    0.536839
       11005    0.536839
       11006    0.536838
       11007    0.536832
       11008     0.53683
       11009    0.536827
       11010    0.536827
       11011    0.536827
       11012    0.536833
       11013    0.536838
       11014    0.536835
       11015    0.536835
       11016    0.536831
       11017    0.536837
       11018    0.536846
       11019    0.536838
       11020    0.536841
       11021    0.536844
       11022     0.53685
       11023    0.536844
       11024    0.536848
       11025    0.536851
       11026    0.536858
       11027    0.536863
       11028    0.536862
       11029    0.536847
       11030     0.53685
       11031    0.536848
       11032    0.536841
       11033    0.536834
       11034    0.536828
       11035     0.53683
       11036    0.536824
       11037    0.536821
       11038    0.536819
       11039    0.536812
       11040    0.536805
       11041    0.536806
       11042    0.536809
       11043    0.536809
       11044    0.536812
       11045    0.536818
       11046    0.536828
       11047    0.536828
       11048    0.536837
       11049    0.536839
       11050    0.536834
       11051    0.536832
       11052    0.536839
       11053    0.536842
       11054    0.536834
       11055    0.536833
       11056    0.536829
       11057    0.536822
       11058    0.536817
       11059    0.536813
       11060    0.536816
       11061    0.536817
       11062    0.536814
       11063     0.53682
       11064    0.536828
       11065    0.536829
       11066    0.536832
       11067    0.536833
       11068    0.536835
       11069    0.536834
       11070    0.536835
       11071    0.536833
       11072    0.536839
       11073    0.536841
       11074     0.53684
       11075     0.53684
       11076    0.536849
       11077    0.536858
       11078    0.536862
       11079    0.536865
       11080    0.536865
       11081    0.536864
       11082     0.53686
       11083     0.53686
       11084    0.536865
       11085    0.536863
       11086    0.536866
       11087    0.536859
       11088    0.536866
       11089    0.536869
       11090    0.536869
       11091    0.536871
       11092    0.536874
       11093    0.536876
       11094    0.536878
       11095    0.536881
       11096    0.536883
       11097    0.536886
       11098    0.536885
       11099    0.536883
       11100    0.536877
       11101    0.536875
       11102    0.536873
       11103    0.536877
       11104    0.536881
       11105    0.536879
       11106    0.536881
       11107    0.536883
       11108    0.536884
       11109    0.536887
       11110    0.536892
       11111    0.536899
       11112    0.536897
       11113    0.536901
       11114    0.536903
       11115    0.536906
       11116    0.536904
       11117    0.536909
       11118    0.536916
       11119    0.536913
       11120     0.53691
       11121     0.53691
       11122    0.536908
       11123    0.536909
       11124    0.536914
       11125    0.536918
       11126    0.536922
       11127    0.536924
       11128     0.53693
       11129    0.536927
       11130    0.536927
       11131    0.536921
       11132    0.536923
       11133    0.536931
       11134    0.536932
       11135    0.536934
       11136    0.536931
       11137    0.536933
       11138    0.536932
       11139    0.536937
       11140    0.536933
       11141    0.536935
       11142    0.536934
       11143    0.536939
       11144    0.536932
       11145     0.53693
       11146    0.536929
       11147    0.536932
       11148    0.536936
       11149    0.536943
       11150    0.536936
       11151    0.536934
       11152    0.536931
       11153    0.536929
       11154    0.536933
       11155     0.53693
       11156    0.536935
       11157    0.536934
       11158    0.536931
       11159    0.536932
       11160    0.536928
       11161    0.536929
       11162     0.53693
       11163    0.536931
       11164    0.536933
       11165    0.536932
       11166    0.536933
       11167    0.536936
       11168     0.53693
       11169    0.536938
       11170    0.536942
       11171    0.536947
       11172    0.536944
       11173    0.536933
       11174    0.536932
       11175    0.536933
       11176    0.536927
       11177    0.536915
       11178     0.53691
       11179    0.536903
       11180    0.536897
       11181    0.536892
       11182     0.53689
       11183     0.53689
       11184    0.536889
       11185    0.536887
       11186     0.53688
       11187    0.536875
       11188    0.536874
       11189    0.536871
       11190    0.536876
       11191    0.536871
       11192    0.536872
       11193    0.536873
       11194     0.53687
       11195    0.536871
       11196    0.536865
       11197    0.536851
       11198    0.536841
       11199    0.536837
       11200    0.536839
       11201    0.536836
       11202     0.53684
       11203    0.536835
       11204    0.536838
       11205    0.536836
       11206    0.536838
       11207    0.536838
       11208    0.536839
       11209    0.536831
       11210    0.536835
       11211    0.536834
       11212    0.536842
       11213     0.53684
       11214    0.536833
       11215    0.536826
       11216    0.536818
       11217    0.536812
       11218    0.536805
       11219    0.536805
       11220    0.536798
       11221    0.536796
       11222    0.536787
       11223    0.536785
       11224    0.536783
       11225    0.536782
       11226    0.536782
       11227    0.536782
       11228    0.536789
       11229    0.536787
       11230    0.536785
       11231    0.536792
       11232    0.536793
       11233    0.536795
       11234      0.5368
       11235    0.536802
       11236    0.536801
       11237    0.536801
       11238    0.536794
       11239     0.53679
       11240     0.53678
       11241    0.536775
       11242    0.536773
       11243    0.536775
       11244    0.536776
       11245    0.536778
       11246    0.536775
       11247    0.536771
       11248    0.536773
       11249     0.53678
       11250    0.536777
       11251     0.53678
       11252    0.536784
       11253    0.536789
       11254    0.536791
       11255    0.536783
       11256     0.53678
       11257    0.536772
       11258    0.536768
       11259    0.536772
       11260    0.536774
       11261     0.53677
       11262    0.536764
       11263    0.536763
       11264    0.536766
       11265    0.536766
       11266    0.536767
       11267    0.536769
       11268     0.53677
       11269    0.536767
       11270    0.536764
       11271     0.53676
       11272     0.53676
       11273    0.536762
       11274    0.536764
       11275    0.536768
       11276    0.536759
       11277    0.536761
       11278    0.536761
       11279    0.536767
       11280    0.536773
       11281    0.536772
       11282    0.536773
       11283    0.536765
       11284    0.536757
       11285    0.536755
       11286    0.536755
       11287    0.536755
       11288     0.53676
       11289    0.536753
       11290    0.536748
       11291    0.536735
       11292    0.536735
       11293     0.53674
       11294    0.536743
       11295    0.536744
       11296    0.536741
       11297    0.536743
       11298    0.536743
       11299    0.536738
       11300     0.53674
       11301    0.536741
       11302    0.536745
       11303    0.536738
       11304    0.536729
       11305    0.536729
       11306    0.536729
       11307    0.536723
       11308     0.53672
       11309    0.536724
       11310    0.536722
       11311    0.536714
       11312    0.536713
       11313    0.536715
       11314    0.536715
       11315    0.536715
       11316    0.536725
       11317    0.536735
       11318    0.536737
       11319    0.536732
       11320    0.536726
       11321    0.536724
       11322    0.536727
       11323    0.536727
       11324    0.536728
       11325    0.536727
       11326    0.536729
       11327    0.536727
       11328    0.536733
       11329    0.536737
       11330    0.536738
       11331    0.536744
       11332    0.536743
       11333    0.536742
       11334    0.536745
       11335    0.536749
       11336    0.536748
       11337    0.536739
       11338    0.536741
       11339    0.536745
       11340    0.536741
       11341     0.53674
       11342    0.536738
       11343    0.536735
       11344    0.536733
       11345    0.536728
       11346    0.536727
       11347    0.536729
       11348    0.536726
       11349    0.536722
       11350    0.536718
       11351     0.53671
       11352    0.536709
       11353    0.536705
       11354      0.5367
       11355    0.536703
       11356    0.536699
       11357    0.536692
       11358    0.536693
       11359    0.536697
       11360    0.536692
       11361    0.536685
       11362    0.536681
       11363    0.536676
       11364    0.536673
       11365    0.536673
       11366    0.536672
       11367    0.536677
       11368    0.536678
       11369    0.536682
       11370    0.536682
       11371    0.536682
       11372    0.536679
       11373    0.536668
       11374    0.536663
       11375    0.536668
       11376    0.536681
       11377    0.536679
       11378    0.536682
       11379    0.536686
       11380    0.536688
       11381    0.536695
       11382    0.536688
       11383    0.536691
       11384    0.536684
       11385     0.53668
       11386    0.536669
       11387    0.536656
       11388    0.536642
       11389     0.53663
       11390    0.536638
       11391    0.536631
       11392    0.536625
       11393    0.536619
       11394    0.536621
       11395    0.536617
       11396    0.536613
       11397    0.536614
       11398    0.536612
       11399    0.536614
       11400    0.536611
       11401    0.536611
       11402    0.536608
       11403    0.536603
       11404    0.536604
       11405    0.536607
       11406    0.536608
       11407    0.536612
       11408    0.536608
       11409    0.536608
       11410    0.536609
       11411    0.536613
       11412    0.536615
       11413    0.536615
       11414    0.536623
       11415    0.536625
       11416     0.53662
       11417    0.536624
       11418    0.536625
       11419     0.53663
       11420    0.536628
       11421    0.536628
       11422    0.536623
       11423    0.536621
       11424     0.53662
       11425    0.536625
       11426    0.536616
       11427    0.536611
       11428    0.536603
       11429    0.536598
       11430    0.536604
       11431    0.536607
       11432    0.536599
       11433     0.53659
       11434     0.53659
       11435     0.53659
       11436    0.536593
       11437    0.536588
       11438    0.536586
       11439    0.536589
       11440    0.536594
       11441    0.536593
       11442    0.536592
       11443    0.536588
       11444    0.536588
       11445     0.53659
       11446    0.536591
       11447    0.536594
       11448    0.536598
       11449    0.536605
       11450    0.536607
       11451    0.536615
       11452    0.536611
       11453    0.536612
       11454     0.53661
       11455    0.536613
       11456    0.536611
       11457     0.53661
       11458    0.536615
       11459    0.536611
       11460    0.536607
       11461    0.536601
       11462    0.536596
       11463    0.536592
       11464    0.536592
       11465    0.536589
       11466    0.536589
       11467    0.536592
       11468     0.53659
       11469     0.53659
       11470    0.536594
       11471    0.536597
       11472    0.536598
       11473    0.536598
       11474    0.536601
       11475    0.536604
       11476    0.536606
       11477    0.536607
       11478    0.536609
       11479    0.536604
       11480    0.536601
       11481      0.5366
       11482    0.536598
       11483    0.536593
       11484    0.536591
       11485    0.536591
       11486    0.536599
       11487    0.536605
       11488     0.53661
       11489    0.536611
       11490    0.536607
       11491    0.536612
       11492     0.53661
       11493    0.536612
       11494    0.536613
       11495    0.536621
       11496    0.536626
       11497    0.536629
       11498    0.536638
       11499    0.536642
       11500    0.536647
       11501    0.536643
       11502    0.536635
       11503    0.536633
       11504    0.536627
       11505    0.536624
       11506    0.536616
       11507    0.536624
       11508    0.536619
       11509    0.536618
       11510    0.536616
       11511    0.536611
       11512    0.536611
       11513      0.5366
       11514    0.536602
       11515    0.536603
       11516    0.536602
       11517    0.536601
       11518    0.536596
       11519    0.536589
       11520    0.536585
       11521    0.536581
       11522    0.536572
       11523    0.536574
       11524    0.536587
       11525    0.536589
       11526    0.536588
       11527    0.536589
       11528    0.536596
       11529    0.536603
       11530    0.536607
       11531    0.536602
       11532      0.5366
       11533    0.536603
       11534    0.536607
       11535    0.536608
       11536    0.536616
       11537    0.536616
       11538     0.53661
       11539    0.536613
       11540    0.536615
       11541     0.53661
       11542    0.536607
       11543     0.53661
       11544    0.536613
       11545    0.536615
       11546    0.536625
       11547    0.536624
       11548    0.536613
       11549    0.536609
       11550    0.536604
       11551    0.536605
       11552     0.53661
       11553    0.536607
       11554    0.536602
       11555    0.536592
       11556    0.536588
       11557    0.536586
       11558     0.53659
       11559    0.536589
       11560     0.53659
       11561    0.536594
       11562      0.5366
       11563    0.536604
       11564    0.536605
       11565    0.536606
       11566    0.536606
       11567    0.536605
       11568    0.536609
       11569    0.536615
       11570    0.536622
       11571    0.536622
       11572    0.536628
       11573    0.536631
       11574    0.536628
       11575    0.536629
       11576    0.536632
       11577    0.536634
       11578    0.536632
       11579    0.536631
       11580    0.536627
       11581    0.536627
       11582    0.536627
       11583    0.536623
       11584     0.53662
       11585    0.536619
       11586    0.536616
       11587    0.536609
       11588    0.536606
       11589    0.536605
       11590    0.536605
       11591    0.536605
       11592    0.536614
       11593    0.536612
       11594    0.536614
       11595    0.536616
       11596    0.536618
       11597    0.536623
       11598     0.53662
       11599    0.536633
       11600    0.536644
       11601    0.536642
       11602    0.536638
       11603    0.536638
       11604    0.536634
       11605    0.536633
       11606    0.536643
       11607    0.536646
       11608    0.536648
       11609     0.53665
       11610    0.536652
       11611     0.53665
       11612    0.536651
       11613    0.536647
       11614    0.536639
       11615    0.536639
       11616    0.536646
       11617    0.536647
       11618     0.53665
       11619    0.536643
       11620    0.536637
       11621    0.536638
       11622    0.536634
       11623    0.536638
       11624    0.536645
       11625    0.536643
       11626    0.536642
       11627    0.536638
       11628    0.536642
       11629    0.536643
       11630    0.536642
       11631    0.536636
       11632    0.536625
       11633    0.536617
       11634    0.536615
       11635    0.536618
       11636    0.536614
       11637     0.53661
       11638     0.53661
       11639     0.53661
       11640    0.536604
       11641    0.536598
       11642    0.536595
       11643     0.53659
       11644     0.53659
       11645    0.536584
       11646    0.536576
       11647     0.53658
       11648    0.536576
       11649    0.536577
       11650    0.536574
       11651    0.536573
       11652    0.536559
       11653    0.536554
       11654    0.536542
       11655    0.536533
       11656    0.536528
       11657    0.536529
       11658    0.536531
       11659    0.536534
       11660    0.536534
       11661    0.536539
       11662    0.536534
       11663    0.536534
       11664     0.53653
       11665    0.536525
       11666    0.536519
       11667    0.536516
       11668    0.536513
       11669    0.536517
       11670    0.536514
       11671    0.536515
       11672    0.536518
       11673    0.536514
       11674    0.536509
       11675    0.536506
       11676    0.536504
       11677    0.536509
       11678    0.536512
       11679    0.536505
       11680    0.536505
       11681    0.536508
       11682    0.536513
       11683    0.536515
       11684    0.536518
       11685    0.536517
       11686     0.53652
       11687    0.536515
       11688    0.536514
       11689    0.536512
       11690    0.536516
       11691    0.536512
       11692    0.536508
       11693    0.536507
       11694     0.53651
       11695    0.536504
       11696    0.536515
       11697    0.536521
       11698    0.536519
       11699    0.536518
       11700    0.536513
       11701    0.536509
       11702    0.536506
       11703    0.536502
       11704    0.536504
       11705    0.536494
       11706    0.536489
       11707    0.536488
       11708    0.536491
       11709    0.536487
       11710    0.536488
       11711    0.536488
       11712    0.536482
       11713     0.53648
       11714    0.536482
       11715    0.536495
       11716    0.536503
       11717    0.536504
       11718    0.536501
       11719    0.536495
       11720    0.536493
       11721    0.536486
       11722    0.536485
       11723    0.536488
       11724    0.536491
       11725    0.536496
       11726      0.5365
       11727      0.5365
       11728    0.536492
       11729    0.536488
       11730    0.536485
       11731    0.536489
       11732    0.536492
       11733    0.536491
       11734    0.536497
       11735    0.536503
       11736    0.536509
       11737    0.536515
       11738    0.536521
       11739    0.536526
       11740    0.536532
       11741    0.536529
       11742    0.536527
       11743    0.536519
       11744    0.536513
       11745    0.536507
       11746    0.536501
       11747    0.536493
       11748    0.536487
       11749    0.536488
       11750    0.536482
       11751    0.536479
       11752    0.536476
       11753    0.536473
       11754    0.536471
       11755    0.536471
       11756    0.536468
       11757    0.536473
       11758    0.536469
       11759    0.536466
       11760    0.536462
       11761    0.536455
       11762    0.536459
       11763    0.536459
       11764    0.536459
       11765    0.536455
       11766    0.536449
       11767    0.536437
       11768    0.536434
       11769    0.536435
       11770     0.53644
       11771    0.536445
       11772    0.536445
       11773    0.536447
       11774    0.536454
       11775    0.536459
       11776    0.536458
       11777    0.536459
       11778    0.536463
       11779    0.536463
       11780     0.53647
       11781    0.536473
       11782    0.536477
       11783    0.536477
       11784     0.53647
       11785     0.53647
       11786    0.536467
       11787     0.53647
       11788    0.536473
       11789    0.536474
       11790    0.536467
       11791    0.536466
       11792    0.536463
       11793    0.536467
       11794    0.536472
       11795    0.536467
       11796    0.536467
       11797    0.536464
       11798    0.536459
       11799    0.536462
       11800    0.536463
       11801    0.536458
       11802    0.536457
       11803    0.536459
       11804    0.536461
       11805    0.536461
       11806    0.536469
       11807    0.536465
       11808    0.536468
       11809    0.536471
       11810    0.536478
       11811    0.536482
       11812    0.536485
       11813    0.536481
       11814     0.53648
       11815    0.536476
       11816    0.536466
       11817    0.536472
       11818    0.536476
       11819    0.536476
       11820     0.53647
       11821    0.536466
       11822    0.536463
       11823    0.536462
       11824    0.536466
       11825    0.536461
       11826     0.53646
       11827    0.536459
       11828    0.536459
       11829    0.536465
       11830    0.536464
       11831    0.536466
       11832    0.536468
       11833     0.53647
       11834    0.536469
       11835    0.536469
       11836    0.536473
       11837    0.536472
       11838    0.536468
       11839    0.536469
       11840    0.536467
       11841    0.536464
       11842    0.536464
       11843    0.536457
       11844    0.536455
       11845    0.536461
       11846    0.536462
       11847    0.536456
       11848    0.536452
       11849    0.536454
       11850    0.536456
       11851    0.536455
       11852    0.536461
       11853    0.536466
       11854     0.53646
       11855    0.536454
       11856    0.536454
       11857    0.536445
       11858    0.536444
       11859     0.53644
       11860    0.536443
       11861    0.536448
       11862     0.53645
       11863    0.536459
       11864    0.536461
       11865    0.536466
       11866    0.536462
       11867    0.536454
       11868    0.536447
       11869     0.53645
       11870    0.536457
       11871    0.536455
       11872    0.536448
       11873     0.53645
       11874    0.536456
       11875     0.53646
       11876     0.53646
       11877     0.53645
       11878    0.536444
       11879    0.536444
       11880    0.536435
       11881    0.536434
       11882    0.536431
       11883    0.536431
       11884    0.536428
       11885    0.536431
       11886     0.53643
       11887     0.53643
       11888    0.536433
       11889    0.536435
       11890    0.536439
       11891    0.536441
       11892     0.53644
       11893    0.536442
       11894    0.536444
       11895    0.536437
       11896    0.536431
       11897     0.53644
       11898    0.536447
       11899    0.536448
       11900    0.536446
       11901    0.536448
       11902    0.536455
       11903    0.536454
       11904    0.536451
       11905    0.536446
       11906    0.536444
       11907    0.536439
       11908    0.536447
       11909    0.536443
       11910    0.536445
       11911    0.536448
       11912    0.536447
       11913    0.536443
       11914    0.536442
       11915    0.536436
       11916    0.536427
       11917    0.536426
       11918    0.536426
       11919    0.536421
       11920    0.536424
       11921    0.536427
       11922    0.536433
       11923    0.536437
       11924    0.536441
       11925    0.536452
       11926    0.536453
       11927     0.53645
       11928    0.536445
       11929    0.536444
       11930     0.53644
       11931    0.536434
       11932    0.536434
       11933    0.536428
       11934     0.53643
       11935    0.536435
       11936    0.536437
       11937    0.536442
       11938    0.536444
       11939    0.536453
       11940    0.536452
       11941    0.536455
       11942    0.536451
       11943     0.53645
       11944    0.536457
       11945    0.536452
       11946    0.536455
       11947    0.536456
       11948    0.536454
       11949    0.536459
       11950    0.536463
       11951    0.536462
       11952    0.536467
       11953    0.536471
       11954     0.53647
       11955    0.536466
       11956    0.536472
       11957    0.536469
       11958    0.536469
       11959    0.536465
       11960    0.536461
       11961    0.536459
       11962    0.536457
       11963     0.53646
       11964    0.536453
       11965    0.536449
       11966    0.536452
       11967    0.536457
       11968    0.536455
       11969    0.536454
       11970    0.536458
       11971    0.536455
       11972    0.536453
       11973    0.536444
       11974     0.53645
       11975    0.536443
       11976    0.536438
       11977    0.536438
       11978    0.536438
       11979    0.536448
       11980    0.536457
       11981    0.536461
       11982    0.536463
       11983    0.536462
       11984    0.536462
       11985     0.53647
       11986     0.53647
       11987    0.536467
       11988    0.536462
       11989    0.536457
       11990    0.536459
       11991    0.536458
       11992    0.536461
       11993     0.53646
       11994    0.536458
       11995    0.536453
       11996    0.536457
       11997    0.536459
       11998    0.536461
       11999     0.53646
       12000    0.536464
       12001    0.536464
       12002     0.53647
       12003    0.536474
       12004    0.536481
       12005    0.536474
       12006     0.53647
       12007    0.536468
       12008    0.536467
       12009    0.536462
       12010     0.53647
       12011    0.536472
       12012    0.536466
       12013    0.536469
       12014    0.536469
       12015    0.536473
       12016    0.536466
       12017     0.53647
       12018    0.536472
       12019    0.536475
       12020    0.536474
       12021     0.53647
       12022    0.536469
       12023    0.536473
       12024    0.536471
       12025     0.53647
       12026    0.536463
       12027    0.536469
       12028    0.536471
       12029     0.53647
       12030    0.536474
       12031    0.536473
       12032    0.536468
       12033    0.536464
       12034    0.536464
       12035    0.536467
       12036    0.536468
       12037    0.536464
       12038    0.536468
       12039    0.536471
       12040    0.536477
       12041    0.536481
       12042    0.536485
       12043     0.53648
       12044    0.536479
       12045    0.536481
       12046    0.536485
       12047     0.53648
       12048    0.536477
       12049    0.536479
       12050     0.53648
       12051    0.536481
       12052     0.53648
       12053    0.536473
       12054    0.536475
       12055    0.536474
       12056    0.536472
       12057    0.536479
       12058    0.536487
       12059    0.536493
       12060    0.536494
       12061     0.53649
       12062    0.536488
       12063    0.536486
       12064    0.536488
       12065    0.536479
       12066     0.53648
       12067    0.536483
       12068    0.536491
       12069    0.536498
       12070    0.536498
       12071    0.536496
       12072    0.536497
       12073      0.5365
       12074    0.536499
       12075    0.536494
       12076    0.536489
       12077    0.536495
       12078    0.536495
       12079    0.536494
       12080     0.53649
       12081    0.536492
       12082    0.536499
       12083    0.536506
       12084     0.53651
       12085    0.536511
       12086    0.536515
       12087    0.536515
       12088    0.536515
       12089    0.536517
       12090    0.536516
       12091    0.536509
       12092    0.536509
       12093    0.536505
       12094     0.53651
       12095    0.536507
       12096    0.536512
       12097    0.536516
       12098    0.536515
       12099    0.536512
       12100    0.536503
       12101    0.536496
       12102    0.536491
       12103    0.536487
       12104    0.536489
       12105    0.536496
       12106      0.5365
       12107    0.536501
       12108    0.536506
       12109    0.536509
       12110    0.536509
       12111    0.536502
       12112    0.536494
       12113     0.53649
       12114    0.536486
       12115    0.536489
       12116    0.536483
       12117    0.536479
       12118     0.53647
       12119    0.536462
       12120    0.536468
       12121    0.536471
       12122     0.53647
       12123    0.536475
       12124    0.536478
       12125    0.536478
       12126    0.536488
       12127     0.53649
       12128    0.536495
       12129     0.53649
       12130    0.536493
       12131    0.536504
       12132    0.536516
       12133    0.536516
       12134    0.536515
       12135    0.536515
       12136    0.536512
       12137    0.536509
       12138    0.536509
       12139    0.536511
       12140    0.536514
       12141    0.536515
       12142    0.536514
       12143     0.53651
       12144    0.536508
       12145    0.536508
       12146     0.53651
       12147    0.536508
       12148    0.536513
       12149     0.53651
       12150    0.536511
       12151    0.536518
       12152    0.536516
       12153    0.536517
       12154    0.536518
       12155    0.536521
       12156     0.53653
       12157     0.53653
       12158    0.536534
       12159    0.536534
       12160    0.536532
       12161    0.536534
       12162    0.536538
       12163    0.536538
       12164    0.536539
       12165    0.536541
       12166    0.536546
       12167    0.536546
       12168    0.536543
       12169    0.536546
       12170    0.536548
       12171    0.536554
       12172    0.536553
       12173    0.536555
       12174    0.536555
       12175    0.536559
       12176    0.536563
       12177    0.536569
       12178     0.53657
       12179    0.536567
       12180    0.536577
       12181    0.536579
       12182    0.536583
       12183    0.536578
       12184    0.536576
       12185    0.536572
       12186    0.536576
       12187    0.536577
       12188     0.53658
       12189    0.536578
       12190    0.536576
       12191    0.536582
       12192    0.536582
       12193     0.53658
       12194    0.536575
       12195    0.536574
       12196    0.536577
       12197    0.536575
       12198    0.536577
       12199    0.536576
       12200    0.536578
       12201    0.536579
       12202    0.536575
       12203    0.536571
       12204    0.536569
       12205    0.536562
       12206    0.536565
       12207    0.536567
       12208    0.536571
       12209    0.536567
       12210    0.536567
       12211    0.536563
       12212    0.536554
       12213    0.536548
       12214    0.536552
       12215    0.536554
       12216    0.536551
       12217    0.536552
       12218    0.536546
       12219    0.536545
       12220    0.536541
       12221    0.536532
       12222    0.536533
       12223    0.536537
       12224    0.536538
       12225     0.53654
       12226    0.536541
       12227    0.536542
       12228    0.536552
       12229    0.536552
       12230    0.536549
       12231    0.536544
       12232    0.536539
       12233    0.536538
       12234    0.536539
       12235    0.536541
       12236    0.536541
       12237    0.536543
       12238    0.536547
       12239    0.536549
       12240    0.536546
       12241    0.536548
       12242    0.536547
       12243    0.536552
       12244    0.536551
       12245     0.53655
       12246    0.536549
       12247    0.536562
       12248    0.536565
       12249    0.536564
       12250    0.536568
       12251    0.536564
       12252    0.536559
       12253    0.536559
       12254    0.536562
       12255    0.536563
       12256    0.536567
       12257    0.536562
       12258    0.536558
       12259    0.536552
       12260    0.536548
       12261    0.536549
       12262    0.536547
       12263    0.536551
       12264    0.536557
       12265    0.536559
       12266    0.536558
       12267    0.536553
       12268    0.536545
       12269    0.536537
       12270    0.536535
       12271    0.536526
       12272    0.536526
       12273    0.536515
       12274    0.536516
       12275    0.536517
       12276    0.536507
       12277    0.536506
       12278    0.536512
       12279    0.536514
       12280    0.536511
       12281    0.536507
       12282    0.536513
       12283    0.536519
       12284     0.53652
       12285    0.536523
       12286    0.536521
       12287    0.536525
       12288    0.536527
       12289    0.536532
       12290    0.536535
       12291    0.536541
       12292    0.536548
       12293    0.536545
       12294    0.536555
       12295    0.536558
       12296    0.536562
       12297     0.53656
       12298    0.536558
       12299    0.536558
       12300    0.536552
       12301    0.536553
       12302    0.536553
       12303    0.536548
       12304    0.536544
       12305    0.536541
       12306    0.536534
       12307     0.53654
       12308    0.536546
       12309    0.536543
       12310    0.536542
       12311    0.536541
       12312    0.536544
       12313    0.536538
       12314    0.536537
       12315     0.53654
       12316    0.536539
       12317     0.53653
       12318    0.536527
       12319    0.536529
       12320    0.536531
       12321    0.536542
       12322    0.536542
       12323    0.536543
       12324    0.536543
       12325    0.536543
       12326     0.53654
       12327    0.536549
       12328    0.536551
       12329    0.536557
       12330    0.536563
       12331    0.536569
       12332    0.536572
       12333    0.536571
       12334    0.536568
       12335     0.53657
       12336     0.53657
       12337    0.536563
       12338    0.536559
       12339    0.536561
       12340    0.536556
       12341     0.53656
       12342    0.536559
       12343    0.536561
       12344    0.536559
       12345    0.536559
       12346    0.536564
       12347    0.536564
       12348    0.536555
       12349     0.53655
       12350    0.536548
       12351    0.536549
       12352    0.536554
       12353     0.53655
       12354    0.536555
       12355     0.53655
       12356    0.536546
       12357    0.536553
       12358    0.536558
       12359     0.53656
       12360    0.536559
       12361     0.53655
       12362    0.536557
       12363    0.536557
       12364    0.536552
       12365    0.536551
       12366    0.536548
       12367    0.536543
       12368    0.536545
       12369     0.53654
       12370     0.53654
       12371     0.53653
       12372    0.536528
       12373    0.536532
       12374    0.536531
       12375    0.536533
       12376    0.536533
       12377    0.536534
       12378    0.536542
       12379    0.536547
       12380    0.536548
       12381    0.536549
       12382    0.536552
       12383    0.536557
       12384    0.536559
       12385    0.536561
       12386    0.536563
       12387    0.536565
       12388    0.536567
       12389    0.536568
       12390    0.536571
       12391    0.536572
       12392    0.536571
       12393    0.536581
       12394    0.536587
       12395    0.536588
       12396     0.53659
       12397    0.536592
       12398    0.536598
       12399    0.536596
       12400    0.536595
       12401    0.536594
       12402    0.536591
       12403    0.536595
       12404    0.536595
       12405     0.53659
       12406    0.536594
       12407    0.536591
       12408    0.536588
       12409    0.536585
       12410    0.536585
       12411    0.536592
       12412    0.536591
       12413    0.536583
       12414    0.536591
       12415    0.536593
       12416    0.536594
       12417      0.5366
       12418    0.536599
       12419    0.536603
       12420    0.536599
       12421    0.536604
       12422    0.536606
       12423    0.536603
       12424    0.536604
       12425    0.536599
       12426    0.536604
       12427    0.536606
       12428    0.536613
       12429     0.53661
       12430    0.536604
       12431    0.536606
       12432    0.536608
       12433    0.536605
       12434    0.536608
       12435    0.536607
       12436    0.536605
       12437    0.536612
       12438    0.536606
       12439    0.536609
       12440    0.536614
       12441    0.536614
       12442    0.536619
       12443    0.536618
       12444    0.536616
       12445    0.536615
       12446    0.536617
       12447    0.536617
       12448    0.536622
       12449    0.536628
       12450    0.536624
       12451    0.536616
       12452    0.536616
       12453    0.536615
       12454    0.536618
       12455    0.536615
       12456    0.536606
       12457    0.536604
       12458    0.536597
       12459    0.536599
       12460    0.536601
       12461    0.536603
       12462    0.536598
       12463    0.536603
       12464    0.536607
       12465    0.536612
       12466    0.536613
       12467     0.53661
       12468    0.536604
       12469    0.536608
       12470    0.536609
       12471    0.536601
       12472    0.536605
       12473    0.536603
       12474    0.536607
       12475    0.536604
       12476      0.5366
       12477    0.536604
       12478    0.536608
       12479    0.536611
       12480    0.536619
       12481    0.536619
       12482    0.536622
       12483    0.536619
       12484    0.536618
       12485    0.536621
       12486     0.53661
       12487    0.536616
       12488    0.536622
       12489    0.536624
       12490    0.536621
       12491     0.53662
       12492     0.53662
       12493    0.536625
       12494    0.536621
       12495    0.536629
       12496    0.536633
       12497     0.53663
       12498    0.536637
       12499    0.536643
       12500    0.536648
       12501    0.536649
       12502    0.536643
       12503    0.536641
       12504    0.536638
       12505     0.53663
       12506    0.536623
       12507    0.536621
       12508    0.536623
       12509    0.536629
       12510    0.536635
       12511    0.536635
       12512    0.536628
       12513    0.536628
       12514    0.536624
       12515     0.53662
       12516    0.536611
       12517    0.536611
       12518    0.536612
       12519    0.536616
       12520    0.536619
       12521    0.536618
       12522    0.536619
       12523     0.53662
       12524    0.536629
       12525    0.536627
       12526    0.536628
       12527    0.536633
       12528    0.536637
       12529    0.536639
       12530    0.536639
       12531    0.536638
       12532    0.536637
       12533    0.536638
       12534    0.536641
       12535    0.536642
       12536    0.536642
       12537     0.53663
       12538     0.53663
       12539     0.53664
       12540    0.536643
       12541    0.536648
       12542    0.536653
       12543    0.536649
       12544    0.536639
       12545    0.536638
       12546    0.536636
       12547    0.536632
       12548     0.53663
       12549    0.536622
       12550    0.536617
       12551    0.536621
       12552     0.53662
       12553    0.536618
       12554     0.53662
       12555    0.536623
       12556    0.536626
       12557    0.536627
       12558    0.536628
       12559    0.536625
       12560    0.536629
       12561    0.536637
       12562    0.536639
       12563    0.536645
       12564    0.536645
       12565    0.536649
       12566    0.536645
       12567    0.536645
       12568     0.53664
       12569    0.536643
       12570    0.536652
       12571    0.536652
       12572    0.536654
       12573    0.536651
       12574    0.536647
       12575    0.536651
       12576    0.536648
       12577    0.536652
       12578    0.536656
       12579    0.536664
       12580    0.536668
       12581    0.536671
       12582    0.536673
       12583    0.536678
       12584    0.536681
       12585    0.536687
       12586    0.536694
       12587     0.53669
       12588    0.536691
       12589    0.536692
       12590    0.536694
       12591    0.536699
       12592    0.536696
       12593    0.536697
       12594    0.536696
       12595    0.536687
       12596    0.536688
       12597    0.536689
       12598    0.536694
       12599    0.536694
       12600    0.536694
       12601    0.536697
       12602    0.536693
       12603    0.536696
       12604    0.536692
       12605    0.536683
       12606     0.53668
       12607    0.536682
       12608     0.53668
       12609    0.536681
       12610    0.536682
       12611     0.53668
       12612     0.53668
       12613    0.536675
       12614    0.536677
       12615    0.536667
       12616    0.536663
       12617    0.536665
       12618    0.536659
       12619    0.536653
       12620    0.536651
       12621     0.53665
       12622    0.536652
       12623     0.53666
       12624    0.536658
       12625    0.536653
       12626    0.536658
       12627    0.536658
       12628    0.536652
       12629    0.536649
       12630    0.536646
       12631    0.536639
       12632    0.536638
       12633    0.536631
       12634    0.536625
       12635    0.536622
       12636     0.53662
       12637    0.536619
       12638    0.536619
       12639    0.536625
       12640    0.536627
       12641    0.536625
       12642    0.536622
       12643    0.536623
       12644     0.53663
       12645    0.536632
       12646     0.53663
       12647    0.536628
       12648    0.536628
       12649    0.536624
       12650    0.536626
       12651    0.536623
       12652    0.536625
       12653    0.536632
       12654    0.536629
       12655    0.536624
       12656    0.536623
       12657    0.536627
       12658    0.536625
       12659    0.536625
       12660    0.536625
       12661    0.536626
       12662    0.536626
       12663    0.536633
       12664    0.536636
       12665    0.536642
       12666    0.536642
       12667    0.536637
       12668    0.536638
       12669    0.536637
       12670    0.536632
       12671    0.536642
       12672     0.53664
       12673    0.536634
       12674    0.536635
       12675    0.536633
       12676    0.536628
       12677    0.536631
       12678    0.536636
       12679    0.536635
       12680     0.53663
       12681    0.536629
       12682    0.536634
       12683    0.536636
       12684     0.53664
       12685    0.536637
       12686    0.536634
       12687    0.536636
       12688     0.53664
       12689    0.536637
       12690    0.536639
       12691    0.536633
       12692    0.536635
       12693    0.536641
       12694    0.536646
       12695    0.536644
       12696    0.536642
       12697     0.53664
       12698    0.536637
       12699    0.536643
       12700    0.536645
       12701    0.536644
       12702    0.536641
       12703    0.536648
       12704    0.536649
       12705    0.536654
       12706    0.536658
       12707    0.536662
       12708    0.536665
       12709     0.53667
       12710     0.53667
       12711    0.536671
       12712     0.53667
       12713    0.536666
       12714    0.536665
       12715    0.536667
       12716    0.536671
       12717    0.536674
       12718    0.536677
       12719    0.536675
       12720     0.53668
       12721    0.536688
       12722     0.53669
       12723    0.536692
       12724    0.536692
       12725    0.536686
       12726    0.536681
       12727    0.536667
       12728    0.536661
       12729    0.536658
       12730    0.536656
       12731    0.536657
       12732    0.536657
       12733    0.536652
       12734    0.536653
       12735    0.536651
       12736    0.536652
       12737    0.536647
       12738    0.536646
       12739    0.536648
       12740    0.536647
       12741    0.536649
       12742    0.536656
       12743    0.536659
       12744    0.536665
       12745    0.536669
       12746    0.536677
       12747    0.536685
       12748    0.536691
       12749    0.536694
       12750    0.536689
       12751    0.536688
       12752    0.536682
       12753     0.53668
       12754    0.536676
       12755    0.536673
       12756    0.536674
       12757    0.536677
       12758    0.536682
       12759     0.53669
       12760    0.536692
       12761    0.536697
       12762    0.536697
       12763      0.5367
       12764    0.536699
       12765    0.536689
       12766     0.53668
       12767    0.536676
       12768    0.536674
       12769    0.536678
       12770    0.536675
       12771    0.536666
       12772    0.536656
       12773    0.536657
       12774    0.536653
       12775    0.536653
       12776    0.536652
       12777    0.536651
       12778    0.536656
       12779    0.536661
       12780    0.536663
       12781    0.536666
       12782    0.536668
       12783    0.536674
       12784    0.536681
       12785    0.536687
       12786    0.536688
       12787    0.536685
       12788    0.536679
       12789    0.536675
       12790    0.536674
       12791    0.536672
       12792    0.536674
       12793    0.536676
       12794    0.536682
       12795    0.536692
       12796    0.536692
       12797    0.536696
       12798    0.536698
       12799    0.536704
       12800     0.53671
       12801    0.536712
       12802    0.536706
       12803    0.536705
       12804    0.536712
       12805    0.536714
       12806    0.536708
       12807     0.53671
       12808    0.536701
       12809      0.5367
       12810    0.536707
       12811    0.536706
       12812      0.5367
       12813    0.536701
       12814    0.536701
       12815    0.536701
       12816    0.536703
       12817    0.536706
       12818    0.536704
       12819    0.536706
       12820    0.536698
       12821    0.536699
       12822    0.536699
       12823    0.536701
       12824    0.536696
       12825    0.536691
       12826    0.536692
       12827    0.536685
       12828    0.536684
       12829    0.536686
       12830    0.536685
       12831    0.536681
       12832    0.536679
       12833     0.53668
       12834    0.536682
       12835     0.53668
       12836    0.536681
       12837    0.536682
       12838    0.536687
       12839    0.536685
       12840    0.536689
       12841    0.536694
       12842      0.5367
       12843    0.536704
       12844    0.536705
       12845    0.536709
       12846    0.536708
       12847    0.536706
       12848    0.536703
       12849    0.536705
       12850    0.536706
       12851    0.536704
       12852    0.536699
       12853    0.536693
       12854    0.536687
       12855    0.536678
       12856    0.536678
       12857    0.536681
       12858    0.536685
       12859     0.53669
       12860    0.536691
       12861    0.536699
       12862    0.536701
       12863    0.536706
       12864    0.536711
       12865    0.536713
       12866    0.536714
       12867    0.536711
       12868    0.536703
       12869    0.536692
       12870    0.536689
       12871    0.536687
       12872    0.536688
       12873     0.53669
       12874    0.536691
       12875    0.536692
       12876     0.53669
       12877     0.53669
       12878    0.536694
       12879    0.536692
       12880      0.5367
       12881    0.536704
       12882    0.536714
       12883    0.536713
       12884    0.536709
       12885    0.536704
       12886    0.536704
       12887    0.536701
       12888    0.536699
       12889    0.536701
       12890    0.536702
       12891    0.536704
       12892    0.536703
       12893    0.536704
       12894    0.536707
       12895    0.536707
       12896    0.536711
       12897    0.536715
       12898    0.536718
       12899    0.536723
       12900    0.536727
       12901    0.536726
       12902    0.536727
       12903    0.536727
       12904    0.536726
       12905    0.536728
       12906    0.536727
       12907    0.536721
       12908    0.536722
       12909    0.536718
       12910    0.536715
       12911    0.536717
       12912    0.536717
       12913    0.536719
       12914    0.536726
       12915     0.53673
       12916    0.536729
       12917    0.536726
       12918    0.536732
       12919     0.53673
       12920    0.536723
       12921    0.536725
       12922    0.536723
       12923    0.536726
       12924    0.536728
       12925    0.536726
       12926    0.536729
       12927    0.536732
       12928    0.536733
       12929    0.536733
       12930    0.536729
       12931    0.536726
       12932    0.536722
       12933    0.536721
       12934    0.536725
       12935    0.536723
       12936    0.536718
       12937    0.536714
       12938    0.536707
       12939    0.536699
       12940    0.536691
       12941    0.536691
       12942    0.536685
       12943    0.536679
       12944    0.536676
       12945    0.536666
       12946    0.536675
       12947    0.536682
       12948    0.536685
       12949    0.536685
       12950    0.536688
       12951    0.536689
       12952     0.53669
       12953    0.536701
       12954     0.53671
       12955    0.536712
       12956    0.536713
       12957    0.536714
       12958    0.536711
       12959    0.536711
       12960    0.536713
       12961    0.536705
       12962    0.536696
       12963    0.536696
       12964      0.5367
       12965    0.536711
       12966    0.536708
       12967    0.536706
       12968    0.536702
       12969    0.536703
       12970    0.536704
       12971    0.536696
       12972    0.536701
       12973    0.536708
       12974    0.536708
       12975    0.536708
       12976    0.536711
       12977    0.536717
       12978    0.536726
       12979    0.536726
       12980    0.536721
       12981    0.536716
       12982    0.536715
       12983    0.536712
       12984    0.536716
       12985    0.536715
       12986    0.536716
       12987    0.536716
       12988     0.53671
       12989    0.536712
       12990    0.536719
       12991    0.536712
       12992    0.536712
       12993    0.536707
       12994    0.536704
       12995     0.53671
       12996    0.536712
       12997    0.536713
       12998    0.536713
       12999    0.536711
       13000    0.536717
       13001    0.536716
       13002     0.53671
       13003     0.53671
       13004    0.536711
       13005    0.536707
       13006    0.536709
       13007    0.536709
       13008     0.53671
       13009    0.536709
       13010    0.536714
       13011     0.53671
       13012    0.536703
       13013    0.536699
       13014      0.5367
       13015    0.536696
       13016     0.53669
       13017    0.536695
       13018    0.536691
       13019    0.536684
       13020    0.536688
       13021    0.536685
       13022    0.536686
       13023    0.536691
       13024     0.53669
       13025    0.536683
       13026    0.536682
       13027    0.536688
       13028    0.536693
       13029    0.536699
       13030    0.536698
       13031    0.536699
       13032      0.5367
       13033    0.536703
       13034    0.536707
       13035    0.536708
       13036    0.536714
       13037    0.536714
       13038    0.536716
       13039    0.536713
       13040    0.536708
       13041    0.536705
       13042    0.536703
       13043    0.536703
       13044    0.536698
       13045    0.536693
       13046    0.536686
       13047    0.536684
       13048    0.536677
       13049    0.536684
       13050    0.536685
       13051     0.53669
       13052    0.536693
       13053    0.536696
       13054    0.536691
       13055    0.536692
       13056     0.53669
       13057    0.536687
       13058    0.536684
       13059    0.536681
       13060    0.536684
       13061     0.53669
       13062    0.536697
       13063    0.536702
       13064    0.536702
       13065    0.536699
       13066    0.536698
       13067    0.536696
       13068    0.536704
       13069    0.536705
       13070    0.536701
       13071    0.536693
       13072    0.536691
       13073    0.536699
       13074    0.536705
       13075      0.5367
       13076    0.536696
       13077    0.536691
       13078    0.536688
       13079    0.536687
       13080    0.536685
       13081    0.536688
       13082    0.536687
       13083    0.536682
       13084    0.536685
       13085    0.536682
       13086    0.536679
       13087    0.536683
       13088    0.536681
       13089    0.536685
       13090    0.536686
       13091    0.536684
       13092    0.536683
       13093    0.536687
       13094     0.53669
       13095    0.536688
       13096     0.53669
       13097    0.536696
       13098    0.536691
       13099    0.536694
       13100    0.536694
       13101    0.536695
       13102    0.536692
       13103    0.536692
       13104    0.536698
       13105    0.536704
       13106    0.536707
       13107    0.536707
       13108    0.536703
       13109    0.536701
       13110    0.536698
       13111    0.536697
       13112    0.536697
       13113    0.536696
       13114    0.536697
       13115    0.536701
       13116    0.536698
       13117    0.536698
       13118    0.536687
       13119    0.536682
       13120    0.536676
       13121    0.536679
       13122    0.536681
       13123    0.536679
       13124    0.536676
       13125    0.536683
       13126    0.536678
       13127    0.536679
       13128    0.536678
       13129    0.536679
       13130     0.53668
       13131    0.536679
       13132    0.536686
       13133    0.536689
       13134    0.536691
       13135    0.536699
       13136    0.536699
       13137    0.536701
       13138    0.536701
       13139    0.536697
       13140    0.536697
       13141    0.536705
       13142    0.536714
       13143    0.536714
       13144    0.536708
       13145    0.536708
       13146    0.536708
       13147    0.536707
       13148      0.5367
       13149    0.536703
       13150    0.536705
       13151      0.5367
       13152    0.536698
       13153    0.536695
       13154    0.536692
       13155    0.536696
       13156      0.5367
       13157    0.536702
       13158    0.536696
       13159    0.536694
       13160    0.536698
       13161      0.5367
       13162    0.536704
       13163    0.536702
       13164    0.536704
       13165    0.536703
       13166    0.536702
       13167    0.536707
       13168    0.536704
       13169    0.536704
       13170    0.536702
       13171    0.536698
       13172    0.536695
       13173    0.536704
       13174    0.536702
       13175    0.536705
       13176    0.536704
       13177     0.53671
       13178    0.536705
       13179    0.536705
       13180    0.536708
       13181    0.536709
       13182    0.536703
       13183    0.536704
       13184    0.536705
       13185    0.536704
       13186    0.536704
       13187    0.536698
       13188    0.536697
       13189    0.536698
       13190    0.536705
       13191    0.536708
       13192    0.536704
       13193    0.536703
       13194    0.536697
       13195    0.536698
       13196      0.5367
       13197    0.536701
       13198    0.536703
       13199    0.536706
       13200    0.536709
       13201    0.536708
       13202    0.536711
       13203    0.536707
       13204    0.536713
       13205    0.536713
       13206     0.53671
       13207    0.536717
       13208    0.536718
       13209     0.53671
       13210    0.536709
       13211    0.536708
       13212    0.536712
       13213    0.536712
       13214     0.53671
       13215    0.536717
       13216    0.536712
       13217    0.536719
       13218    0.536719
       13219    0.536722
       13220    0.536719
       13221    0.536725
       13222     0.53673
       13223    0.536728
       13224    0.536729
       13225    0.536728
       13226    0.536731
       13227    0.536732
       13228    0.536733
       13229     0.53674
       13230    0.536735
       13231    0.536729
       13232    0.536725
       13233    0.536729
       13234    0.536733
       13235    0.536738
       13236    0.536733
       13237    0.536736
       13238    0.536748
       13239    0.536756
       13240    0.536762
       13241    0.536766
       13242    0.536766
       13243    0.536763
       13244    0.536761
       13245    0.536761
       13246     0.53676
       13247     0.53676
       13248    0.536755
       13249     0.53675
       13250     0.53675
       13251    0.536743
       13252    0.536744
       13253    0.536745
       13254    0.536752
       13255    0.536754
       13256    0.536763
       13257    0.536771
       13258    0.536773
       13259    0.536776
       13260    0.536782
       13261    0.536779
       13262    0.536771
       13263    0.536773
       13264    0.536784
       13265    0.536787
       13266    0.536793
       13267    0.536796
       13268    0.536799
       13269    0.536799
       13270    0.536795
       13271    0.536798
       13272      0.5368
       13273    0.536809
       13274    0.536814
       13275    0.536818
       13276    0.536816
       13277     0.53681
       13278    0.536814
       13279    0.536819
       13280    0.536824
       13281    0.536823
       13282    0.536829
       13283     0.53684
       13284    0.536834
       13285    0.536836
       13286     0.53684
       13287    0.536838
       13288     0.53684
       13289    0.536845
       13290    0.536849
       13291    0.536854
       13292    0.536854
       13293    0.536857
       13294    0.536864
       13295    0.536859
       13296     0.53686
       13297    0.536859
       13298     0.53686
       13299    0.536863
       13300    0.536866
       13301    0.536861
       13302     0.53686
       13303    0.536868
       13304    0.536861
       13305    0.536847
       13306    0.536845
       13307    0.536847
       13308    0.536847
       13309    0.536848
       13310    0.536845
       13311    0.536842
       13312    0.536841
       13313    0.536843
       13314    0.536844
       13315    0.536844
       13316    0.536846
       13317     0.53685
       13318    0.536852
       13319    0.536854
       13320    0.536858
       13321     0.53686
       13322    0.536857
       13323    0.536858
       13324    0.536862
       13325    0.536861
       13326    0.536863
       13327    0.536865
       13328    0.536868
       13329    0.536875
       13330    0.536878
       13331    0.536875
       13332    0.536878
       13333    0.536877
       13334    0.536875
       13335    0.536876
       13336    0.536875
       13337    0.536874
       13338    0.536869
       13339     0.53687
       13340    0.536869
       13341    0.536866
       13342    0.536852
       13343    0.536855
       13344    0.536857
       13345    0.536853
       13346    0.536855
       13347    0.536857
       13348    0.536859
       13349    0.536854
       13350    0.536857
       13351    0.536862
       13352    0.536865
       13353    0.536875
       13354    0.536882
       13355    0.536882
       13356    0.536887
       13357     0.53689
       13358    0.536893
       13359    0.536895
       13360    0.536896
       13361    0.536897
       13362      0.5369
       13363    0.536902
       13364    0.536904
       13365    0.536905
       13366    0.536909
       13367    0.536914
       13368    0.536915
       13369    0.536921
       13370    0.536923
       13371    0.536922
       13372    0.536918
       13373    0.536914
       13374    0.536916
       13375    0.536917
       13376    0.536928
       13377    0.536931
       13378    0.536931
       13379    0.536935
       13380    0.536934
       13381    0.536934
       13382     0.53693
       13383    0.536928
       13384    0.536925
       13385    0.536925
       13386    0.536917
       13387    0.536907
       13388     0.53691
       13389    0.536918
       13390    0.536916
       13391    0.536918
       13392    0.536915
       13393    0.536912
       13394    0.536913
       13395    0.536913
       13396    0.536913
       13397    0.536915
       13398    0.536922
       13399    0.536921
       13400    0.536912
       13401    0.536905
       13402    0.536899
       13403    0.536889
       13404    0.536889
       13405    0.536895
       13406    0.536885
       13407     0.53688
       13408    0.536875
       13409    0.536875
       13410    0.536883
       13411    0.536883
       13412    0.536881
       13413    0.536873
       13414    0.536865
       13415    0.536865
       13416    0.536864
       13417     0.53686
       13418    0.536867
       13419    0.536873
       13420    0.536875
       13421    0.536877
       13422    0.536882
       13423    0.536888
       13424    0.536893
       13425    0.536889
       13426    0.536888
       13427    0.536893
       13428    0.536894
       13429    0.536896
       13430    0.536898
       13431    0.536896
       13432    0.536897
       13433    0.536895
       13434    0.536903
       13435    0.536903
       13436    0.536898
       13437    0.536899
       13438    0.536893
       13439    0.536885
       13440    0.536886
       13441     0.53688
       13442    0.536877
       13443    0.536878
       13444    0.536881
       13445    0.536885
       13446    0.536881
       13447     0.53688
       13448    0.536885
       13449    0.536889
       13450    0.536885
       13451    0.536881
       13452    0.536884
       13453    0.536888
       13454     0.53689
       13455    0.536889
       13456    0.536895
       13457    0.536896
       13458    0.536893
       13459    0.536898
       13460    0.536898
       13461    0.536894
       13462    0.536898
       13463    0.536901
       13464      0.5369
       13465    0.536898
       13466      0.5369
       13467    0.536899
       13468    0.536905
       13469    0.536904
       13470    0.536902
       13471    0.536904
       13472    0.536902
       13473      0.5369
       13474      0.5369
       13475    0.536899
       13476    0.536895
       13477    0.536897
       13478    0.536897
       13479    0.536902
       13480    0.536905
       13481    0.536909
       13482    0.536912
       13483    0.536911
       13484    0.536911
       13485    0.536906
       13486    0.536913
       13487    0.536911
       13488    0.536909
       13489    0.536904
       13490    0.536899
       13491    0.536901
       13492    0.536899
       13493    0.536898
       13494      0.5369
       13495    0.536907
       13496    0.536907
       13497    0.536908
       13498    0.536912
       13499    0.536916
       13500    0.536917
       13501    0.536917
       13502    0.536915
       13503    0.536918
       13504    0.536923
       13505    0.536926
       13506    0.536928
       13507    0.536934
       13508    0.536935
       13509    0.536936
       13510    0.536935
       13511    0.536937
       13512    0.536936
       13513    0.536938
       13514    0.536942
       13515     0.53693
       13516    0.536931
       13517    0.536931
       13518    0.536924
       13519    0.536917
       13520    0.536912
       13521    0.536914
       13522    0.536919
       13523    0.536921
       13524    0.536921
       13525    0.536918
       13526    0.536919
       13527    0.536922
       13528    0.536921
       13529    0.536914
       13530    0.536915
       13531    0.536906
       13532    0.536906
       13533    0.536906
       13534    0.536907
       13535    0.536903
       13536    0.536904
       13537    0.536905
       13538    0.536906
       13539    0.536906
       13540    0.536912
       13541    0.536907
       13542    0.536908
       13543    0.536907
       13544    0.536906
       13545    0.536899
       13546    0.536886
       13547    0.536879
       13548    0.536874
       13549    0.536875
       13550    0.536878
       13551    0.536874
       13552    0.536877
       13553    0.536879
       13554    0.536878
       13555     0.53688
       13556    0.536886
       13557    0.536894
       13558    0.536896
       13559      0.5369
       13560    0.536899
       13561    0.536891
       13562    0.536886
       13563    0.536889
       13564    0.536896
       13565    0.536901
       13566    0.536901
       13567    0.536899
       13568    0.536905
       13569    0.536908
       13570     0.53691
       13571    0.536911
       13572    0.536912
       13573    0.536924
       13574    0.536919
       13575     0.53692
       13576    0.536922
       13577    0.536919
       13578     0.53692
       13579    0.536919
       13580    0.536919
       13581    0.536919
       13582    0.536921
       13583    0.536927
       13584    0.536933
       13585    0.536926
       13586    0.536925
       13587    0.536918
       13588    0.536915
       13589    0.536919
       13590    0.536913
       13591    0.536907
       13592    0.536907
       13593    0.536899
       13594    0.536903
       13595    0.536902
       13596    0.536898
       13597    0.536892
       13598    0.536889
       13599    0.536892
       13600    0.536896
       13601    0.536896
       13602    0.536899
       13603    0.536902
       13604      0.5369
       13605    0.536902
       13606      0.5369
       13607    0.536898
       13608    0.536898
       13609    0.536902
       13610    0.536904
       13611    0.536903
       13612    0.536898
       13613    0.536894
       13614     0.53689
       13615    0.536893
       13616    0.536895
       13617    0.536893
       13618     0.53689
       13619    0.536891
       13620     0.53689
       13621    0.536889
       13622     0.53689
       13623    0.536877
       13624    0.536874
       13625    0.536863
       13626    0.536861
       13627    0.536861
       13628    0.536861
       13629    0.536862
       13630    0.536862
       13631    0.536862
       13632    0.536862
       13633    0.536863
       13634    0.536866
       13635    0.536869
       13636    0.536872
       13637    0.536873
       13638    0.536873
       13639    0.536876
       13640    0.536874
       13641    0.536862
       13642    0.536862
       13643    0.536851
       13644     0.53685
       13645    0.536849
       13646    0.536854
       13647    0.536853
       13648    0.536851
       13649    0.536839
       13650     0.53684
       13651    0.536837
       13652    0.536836
       13653    0.536832
       13654    0.536827
       13655    0.536829
       13656    0.536829
       13657    0.536835
       13658    0.536836
       13659    0.536839
       13660    0.536839
       13661    0.536838
       13662    0.536838
       13663    0.536846
       13664    0.536853
       13665    0.536854
       13666    0.536849
       13667    0.536847
       13668    0.536852
       13669    0.536855
       13670    0.536859
       13671    0.536862
       13672    0.536865
       13673    0.536864
       13674    0.536862
       13675     0.53686
       13676    0.536865
       13677    0.536866
       13678    0.536868
       13679    0.536866
       13680    0.536868
       13681    0.536874
       13682    0.536878
       13683    0.536884
       13684    0.536886
       13685    0.536887
       13686    0.536889
       13687    0.536893
       13688    0.536891
       13689    0.536891
       13690    0.536894
       13691    0.536902
       13692    0.536901
       13693    0.536904
       13694    0.536901
       13695      0.5369
       13696    0.536902
       13697    0.536908
       13698    0.536911
       13699    0.536906
       13700      0.5369
       13701    0.536906
       13702    0.536912
       13703    0.536918
       13704    0.536917
       13705    0.536917
       13706    0.536916
       13707    0.536919
       13708    0.536919
       13709    0.536918
       13710    0.536922
       13711    0.536921
       13712    0.536919
       13713    0.536923
       13714    0.536927
       13715    0.536928
       13716    0.536929
       13717    0.536925
       13718    0.536919
       13719    0.536924
       13720    0.536926
       13721    0.536921
       13722    0.536913
       13723    0.536907
       13724    0.536904
       13725    0.536903
       13726      0.5369
       13727    0.536902
       13728    0.536907
       13729    0.536904
       13730    0.536905
       13731    0.536903
       13732    0.536907
       13733    0.536913
       13734    0.536912
       13735    0.536915
       13736    0.536914
       13737    0.536912
       13738     0.53691
       13739    0.536917
       13740    0.536922
       13741    0.536932
       13742    0.536937
       13743     0.53694
       13744    0.536942
       13745    0.536948
       13746    0.536949
       13747    0.536951
       13748    0.536946
       13749    0.536939
       13750    0.536934
       13751    0.536929
       13752    0.536926
       13753    0.536928
       13754    0.536926
       13755    0.536929
       13756    0.536926
       13757     0.53693
       13758    0.536934
       13759    0.536937
       13760    0.536936
       13761    0.536936
       13762    0.536939
       13763    0.536945
       13764    0.536939
       13765    0.536936
       13766    0.536934
       13767    0.536934
       13768    0.536945
       13769    0.536949
       13770    0.536951
       13771    0.536946
       13772    0.536948
       13773    0.536944
       13774    0.536942
       13775    0.536937
       13776    0.536943
       13777    0.536942
       13778    0.536943
       13779    0.536941
       13780    0.536946
       13781    0.536952
       13782    0.536951
       13783    0.536945
       13784    0.536946
       13785    0.536944
       13786    0.536942
       13787    0.536937
       13788    0.536937
       13789    0.536943
       13790    0.536946
       13791    0.536946
       13792    0.536942
       13793     0.53694
       13794     0.53694
       13795    0.536941
       13796    0.536939
       13797    0.536939
       13798    0.536945
       13799    0.536946
       13800    0.536955
       13801    0.536952
       13802    0.536954
       13803    0.536949
       13804    0.536948
       13805    0.536949
       13806    0.536954
       13807    0.536961
       13808     0.53696
       13809    0.536961
       13810    0.536959
       13811     0.53696
       13812    0.536957
       13813    0.536953
       13814    0.536947
       13815     0.53695
       13816    0.536957
       13817    0.536964
       13818     0.53697
       13819     0.53697
       13820    0.536972
       13821    0.536972
       13822    0.536977
       13823    0.536977
       13824    0.536974
       13825    0.536974
       13826    0.536967
       13827    0.536964
       13828    0.536965
       13829    0.536973
       13830    0.536969
       13831    0.536969
       13832    0.536967
       13833    0.536966
       13834    0.536963
       13835    0.536952
       13836    0.536947
       13837    0.536939
       13838    0.536937
       13839    0.536938
       13840    0.536938
       13841    0.536937
       13842    0.536944
       13843    0.536949
       13844    0.536947
       13845    0.536949
       13846    0.536949
       13847    0.536951
       13848    0.536955
       13849     0.53696
       13850    0.536964
       13851    0.536964
       13852    0.536965
       13853    0.536971
       13854    0.536974
       13855    0.536968
       13856    0.536957
       13857     0.53695
       13858    0.536946
       13859    0.536934
       13860    0.536934
       13861    0.536935
       13862    0.536941
       13863    0.536943
       13864    0.536943
       13865    0.536945
       13866    0.536949
       13867    0.536943
       13868    0.536946
       13869    0.536948
       13870     0.53695
       13871    0.536952
       13872    0.536957
       13873    0.536958
       13874    0.536962
       13875    0.536963
       13876    0.536969
       13877    0.536978
       13878    0.536979
       13879    0.536981
       13880    0.536982
       13881    0.536977
       13882    0.536973
       13883     0.53697
       13884    0.536972
       13885     0.53697
       13886    0.536971
       13887     0.53697
       13888    0.536976
       13889    0.536975
       13890    0.536977
       13891    0.536977
       13892    0.536978
       13893    0.536981
       13894    0.536977
       13895    0.536978
       13896    0.536979
       13897    0.536983
       13898    0.536981
       13899     0.53698
       13900    0.536972
       13901    0.536962
       13902    0.536963
       13903    0.536959
       13904    0.536953
       13905    0.536952
       13906    0.536945
       13907     0.53694
       13908    0.536938
       13909    0.536938
       13910    0.536934
       13911    0.536936
       13912    0.536933
       13913    0.536935
       13914    0.536934
       13915    0.536932
       13916    0.536931
       13917    0.536926
       13918     0.53693
       13919    0.536925
       13920    0.536922
       13921    0.536921
       13922     0.53692
       13923    0.536924
       13924    0.536932
       13925    0.536932
       13926    0.536931
       13927    0.536934
       13928     0.53693
       13929     0.53693
       13930    0.536931
       13931    0.536929
       13932    0.536927
       13933    0.536932
       13934    0.536936
       13935    0.536942
       13936    0.536946
       13937    0.536948
       13938    0.536954
       13939    0.536951
       13940    0.536949
       13941    0.536947
       13942    0.536952
       13943    0.536958
       13944    0.536962
       13945    0.536966
       13946    0.536964
       13947    0.536975
       13948    0.536975
       13949    0.536978
       13950    0.536975
       13951     0.53697
       13952    0.536971
       13953    0.536972
       13954    0.536974
       13955    0.536976
       13956    0.536974
       13957    0.536974
       13958    0.536972
       13959    0.536967
       13960    0.536964
       13961     0.53696
       13962    0.536959
       13963    0.536956
       13964    0.536956
       13965    0.536951
       13966    0.536948
       13967    0.536945
       13968    0.536953
       13969    0.536949
       13970    0.536951
       13971    0.536956
       13972    0.536954
       13973    0.536955
       13974    0.536951
       13975    0.536948
       13976    0.536954
       13977    0.536955
       13978    0.536959
       13979    0.536961
       13980    0.536957
       13981    0.536954
       13982    0.536956
       13983    0.536956
       13984    0.536964
       13985    0.536971
       13986    0.536972
       13987    0.536973
       13988     0.53698
       13989    0.536986
       13990    0.536988
       13991    0.536994
       13992    0.536995
       13993    0.536997
       13994    0.536998
       13995    0.537001
       13996    0.537008
       13997    0.537012
       13998    0.537014
       13999    0.537015
       14000    0.537016
       14001    0.537013
       14002    0.537009
       14003    0.537014
       14004    0.537015
       14005    0.537019
       14006    0.537017
       14007    0.537018
       14008    0.537017
       14009     0.53701
       14010    0.537016
       14011    0.537016
       14012    0.537009
       14013    0.537014
       14014    0.537013
       14015    0.537016
       14016    0.537019
       14017    0.537019
       14018    0.537024
       14019    0.537018
       14020    0.537013
       14021    0.537004
       14022    0.536994
       14023     0.53699
       14024    0.536987
       14025    0.536987
       14026    0.536993
       14027     0.53699
       14028    0.536991
       14029    0.536989
       14030    0.536989
       14031    0.536981
       14032    0.536981
       14033    0.536982
       14034     0.53698
       14035    0.536979
       14036     0.53698
       14037    0.536979
       14038    0.536975
       14039    0.536969
       14040    0.536965
       14041    0.536965
       14042    0.536966
       14043    0.536968
       14044    0.536966
       14045    0.536968
       14046    0.536974
       14047    0.536977
       14048    0.536976
       14049    0.536976
       14050    0.536977
       14051    0.536983
       14052    0.536978
       14053    0.536976
       14054    0.536977
       14055    0.536979
       14056    0.536978
       14057    0.536975
       14058    0.536965
       14059    0.536957
       14060    0.536957
       14061    0.536959
       14062    0.536955
       14063    0.536949
       14064    0.536949
       14065    0.536956
       14066    0.536958
       14067    0.536959
       14068    0.536948
       14069    0.536945
       14070    0.536953
       14071    0.536954
       14072     0.53695
       14073    0.536958
       14074    0.536964
       14075    0.536969
       14076     0.53697
       14077    0.536973
       14078    0.536976
       14079    0.536974
       14080    0.536978
       14081    0.536979
       14082    0.536979
       14083    0.536977
       14084    0.536985
       14085    0.536985
       14086    0.536978
       14087    0.536977
       14088    0.536977
       14089    0.536973
       14090    0.536967
       14091    0.536963
       14092    0.536962
       14093    0.536964
       14094    0.536968
       14095    0.536966
       14096    0.536965
       14097    0.536961
       14098    0.536954
       14099    0.536958
       14100    0.536955
       14101     0.53696
       14102    0.536955
       14103    0.536945
       14104    0.536938
       14105    0.536931
       14106    0.536929
       14107    0.536925
       14108    0.536926
       14109    0.536935
       14110     0.53694
       14111    0.536941
       14112    0.536942
       14113    0.536939
       14114    0.536939
       14115    0.536938
       14116    0.536938
       14117    0.536938
       14118    0.536936
       14119    0.536929
       14120    0.536922
       14121    0.536921
       14122    0.536917
       14123    0.536921
       14124    0.536919
       14125    0.536918
       14126     0.53692
       14127    0.536917
       14128    0.536912
       14129    0.536904
       14130    0.536896
       14131    0.536896
       14132    0.536896
       14133      0.5369
       14134      0.5369
       14135    0.536898
       14136    0.536901
       14137    0.536902
       14138    0.536904
       14139    0.536904
       14140    0.536896
       14141    0.536887
       14142     0.53688
       14143    0.536881
       14144    0.536885
       14145    0.536883
       14146    0.536875
       14147    0.536877
       14148    0.536876
       14149    0.536873
       14150     0.53687
       14151     0.53686
       14152    0.536861
       14153    0.536855
       14154    0.536852
       14155    0.536845
       14156    0.536848
       14157    0.536846
       14158    0.536847
       14159    0.536844
       14160    0.536844
       14161    0.536851
       14162    0.536846
       14163    0.536849
       14164    0.536848
       14165    0.536846
       14166    0.536842
       14167    0.536846
       14168    0.536853
       14169     0.53685
       14170    0.536847
       14171    0.536852
       14172    0.536844
       14173    0.536835
       14174     0.53683
       14175    0.536827
       14176    0.536828
       14177    0.536824
       14178    0.536822
       14179     0.53682
       14180    0.536823
       14181    0.536827
       14182    0.536833
       14183    0.536829
       14184    0.536833
       14185    0.536834
       14186    0.536834
       14187    0.536835
       14188    0.536838
       14189    0.536842
       14190    0.536842
       14191    0.536838
       14192    0.536839
       14193    0.536838
       14194    0.536845
       14195    0.536843
       14196    0.536845
       14197    0.536842
       14198    0.536844
       14199    0.536849
       14200    0.536853
       14201    0.536849
       14202    0.536847
       14203    0.536854
       14204    0.536856
       14205    0.536856
       14206    0.536867
       14207    0.536869
       14208    0.536867
       14209    0.536867
       14210    0.536865
       14211    0.536861
       14212    0.536861
       14213    0.536864
       14214    0.536862
       14215    0.536858
       14216    0.536852
       14217    0.536847
       14218    0.536841
       14219    0.536842
       14220    0.536836
       14221    0.536831
       14222    0.536824
       14223    0.536823
       14224    0.536821
       14225     0.53682
       14226    0.536814
       14227    0.536818
       14228    0.536814
       14229    0.536811
       14230    0.536807
       14231    0.536802
       14232    0.536801
       14233    0.536794
       14234    0.536792
       14235    0.536792
       14236    0.536789
       14237     0.53679
       14238    0.536788
       14239    0.536789
       14240    0.536799
       14241    0.536805
       14242     0.53681
       14243    0.536808
       14244    0.536815
       14245    0.536815
       14246    0.536814
       14247     0.53682
       14248    0.536821
       14249    0.536824
       14250    0.536825
       14251    0.536828
       14252    0.536823
       14253    0.536818
       14254    0.536815
       14255    0.536814
       14256    0.536813
       14257    0.536808
       14258    0.536803
       14259      0.5368
       14260    0.536793
       14261    0.536791
       14262    0.536794
       14263    0.536801
       14264    0.536801
       14265    0.536798
       14266    0.536796
       14267    0.536794
       14268    0.536788
       14269    0.536791
       14270    0.536789
       14271    0.536786
       14272    0.536787
       14273    0.536784
       14274    0.536783
       14275    0.536782
       14276    0.536781
       14277    0.536784
       14278    0.536781
       14279     0.53678
       14280    0.536779
       14281    0.536778
       14282     0.53678
       14283    0.536785
       14284    0.536781
       14285    0.536782
       14286    0.536783
       14287    0.536788
       14288     0.53679
       14289    0.536789
       14290    0.536785
       14291    0.536794
       14292    0.536796
       14293    0.536797
       14294    0.536799
       14295    0.536803
       14296    0.536796
       14297    0.536799
       14298    0.536796
       14299    0.536792
       14300    0.536793
       14301    0.536791
       14302    0.536791
       14303    0.536796
       14304    0.536799
       14305    0.536803
       14306    0.536801
       14307    0.536804
       14308    0.536804
       14309    0.536803
       14310    0.536802
       14311    0.536799
       14312    0.536793
       14313    0.536791
       14314    0.536787
       14315    0.536786
       14316    0.536782
       14317    0.536778
       14318    0.536775
       14319    0.536772
       14320    0.536763
       14321     0.53676
       14322    0.536755
       14323    0.536759
       14324    0.536759
       14325    0.536761
       14326    0.536752
       14327    0.536749
       14328    0.536754
       14329    0.536752
       14330    0.536756
       14331    0.536759
       14332    0.536767
       14333    0.536774
       14334    0.536772
       14335    0.536768
       14336    0.536769
       14337    0.536764
       14338     0.53677
       14339    0.536775
       14340    0.536778
       14341    0.536779
       14342    0.536774
       14343    0.536773
       14344    0.536767
       14345    0.536766
       14346    0.536767
       14347    0.536764
       14348    0.536762
       14349     0.53676
       14350    0.536764
       14351    0.536767
       14352    0.536759
       14353    0.536757
       14354    0.536758
       14355    0.536755
       14356    0.536756
       14357    0.536756
       14358    0.536753
       14359     0.53675
       14360    0.536745
       14361    0.536745
       14362    0.536744
       14363    0.536744
       14364    0.536739
       14365    0.536732
       14366    0.536737
       14367    0.536734
       14368    0.536739
       14369     0.53674
       14370    0.536739
       14371    0.536735
       14372    0.536739
       14373    0.536741
       14374    0.536736
       14375    0.536727
       14376    0.536724
       14377     0.53672
       14378    0.536719
       14379    0.536718
       14380    0.536715
       14381    0.536718
       14382    0.536719
       14383    0.536721
       14384    0.536721
       14385    0.536717
       14386    0.536714
       14387    0.536716
       14388    0.536711
       14389    0.536709
       14390     0.53671
       14391    0.536715
       14392    0.536724
       14393     0.53672
       14394    0.536717
       14395    0.536712
       14396    0.536706
       14397    0.536703
       14398    0.536695
       14399    0.536687
       14400    0.536685
       14401    0.536684
       14402    0.536689
       14403     0.53669
       14404    0.536694
       14405    0.536698
       14406      0.5367
       14407    0.536704
       14408    0.536702
       14409    0.536705
       14410     0.53671
       14411    0.536711
       14412    0.536704
       14413    0.536707
       14414    0.536704
       14415    0.536712
       14416    0.536713
       14417    0.536716
       14418    0.536721
       14419    0.536723
       14420    0.536721
       14421    0.536723
       14422    0.536725
       14423    0.536726
       14424    0.536729
       14425    0.536723
       14426     0.53673
       14427    0.536729
       14428    0.536728
       14429    0.536737
       14430    0.536738
       14431    0.536737
       14432    0.536739
       14433     0.53674
       14434    0.536744
       14435    0.536744
       14436    0.536748
       14437    0.536755
       14438    0.536755
       14439    0.536749
       14440    0.536745
       14441    0.536746
       14442    0.536744
       14443     0.53674
       14444    0.536744
       14445    0.536744
       14446    0.536752
       14447    0.536755
       14448    0.536748
       14449     0.53675
       14450    0.536749
       14451    0.536747
       14452    0.536746
       14453    0.536743
       14454    0.536745
       14455    0.536751
       14456     0.53675
       14457    0.536748
       14458    0.536748
       14459    0.536752
       14460    0.536753
       14461    0.536756
       14462    0.536755
       14463    0.536753
       14464    0.536757
       14465    0.536759
       14466    0.536757
       14467    0.536748
       14468    0.536748
       14469    0.536749
       14470    0.536751
       14471    0.536751
       14472    0.536756
       14473    0.536761
       14474    0.536762
       14475    0.536762
       14476    0.536757
       14477     0.53675
       14478    0.536751
       14479    0.536748
       14480    0.536748
       14481    0.536753
       14482    0.536754
       14483    0.536761
       14484     0.53676
       14485    0.536766
       14486    0.536774
       14487    0.536776
       14488    0.536777
       14489    0.536777
       14490     0.53678
       14491    0.536774
       14492    0.536771
       14493    0.536766
       14494    0.536765
       14495    0.536769
       14496    0.536767
       14497    0.536765
       14498    0.536769
       14499    0.536762
       14500    0.536759
       14501    0.536754
       14502    0.536749
       14503    0.536738
       14504    0.536735
       14505    0.536727
       14506    0.536725
       14507    0.536719
       14508    0.536718
       14509    0.536708
       14510    0.536703
       14511    0.536701
       14512    0.536694
       14513    0.536692
       14514    0.536691
       14515     0.53669
       14516    0.536689
       14517    0.536688
       14518     0.53669
       14519    0.536692
       14520    0.536692
       14521    0.536691
       14522    0.536691
       14523    0.536696
       14524    0.536698
       14525    0.536699
       14526      0.5367
       14527    0.536699
       14528    0.536698
       14529    0.536687
       14530    0.536682
       14531    0.536677
       14532    0.536673
       14533    0.536673
       14534    0.536672
       14535    0.536673
       14536    0.536671
       14537    0.536665
       14538    0.536663
       14539    0.536669
       14540    0.536669
       14541    0.536669
       14542    0.536674
       14543    0.536674
       14544    0.536677
       14545    0.536671
       14546    0.536665
       14547     0.53666
       14548    0.536661
       14549    0.536668
       14550     0.53667
       14551    0.536677
       14552    0.536681
       14553    0.536677
       14554    0.536674
       14555    0.536678
       14556    0.536684
       14557    0.536689
       14558     0.53669
       14559    0.536697
       14560    0.536695
       14561    0.536694
       14562    0.536691
       14563    0.536689
       14564    0.536688
       14565    0.536686
       14566    0.536686
       14567    0.536691
       14568    0.536695
       14569    0.536697
       14570    0.536694
       14571    0.536693
       14572     0.53669
       14573    0.536693
       14574    0.536691
       14575    0.536683
       14576    0.536681
       14577    0.536677
       14578    0.536673
       14579     0.53667
       14580     0.53667
       14581    0.536669
       14582     0.53667
       14583     0.53667
       14584    0.536671
       14585    0.536677
       14586    0.536674
       14587    0.536676
       14588    0.536676
       14589    0.536672
       14590    0.536663
       14591    0.536659
       14592    0.536657
       14593     0.53666
       14594    0.536665
       14595    0.536668
       14596    0.536664
       14597    0.536665
       14598    0.536664
       14599    0.536658
       14600    0.536653
       14601    0.536649
       14602    0.536647
       14603    0.536643
       14604    0.536642
       14605    0.536644
       14606    0.536637
       14607    0.536629
       14608    0.536629
       14609    0.536631
       14610    0.536631
       14611    0.536632
       14612    0.536637
       14613    0.536645
       14614    0.536641
       14615    0.536639
       14616    0.536642
       14617    0.536639
       14618    0.536641
       14619    0.536638
       14620    0.536642
       14621    0.536642
       14622    0.536636
       14623    0.536636
       14624    0.536635
       14625    0.536629
       14626    0.536627
       14627    0.536631
       14628    0.536639
       14629     0.53664
       14630    0.536641
       14631    0.536635
       14632    0.536623
       14633    0.536626
       14634    0.536628
       14635    0.536627
       14636    0.536624
       14637     0.53662
       14638    0.536615
       14639    0.536616
       14640    0.536616
       14641    0.536622
       14642    0.536626
       14643    0.536622
       14644    0.536624
       14645    0.536625
       14646    0.536624
       14647    0.536623
       14648    0.536617
       14649    0.536613
       14650    0.536608
       14651    0.536609
       14652    0.536613
       14653    0.536613
       14654    0.536621
       14655     0.53663
       14656    0.536628
       14657    0.536624
       14658    0.536626
       14659    0.536624
       14660    0.536621
       14661    0.536625
       14662    0.536622
       14663    0.536626
       14664    0.536629
       14665    0.536633
       14666    0.536632
       14667    0.536638
       14668    0.536642
       14669    0.536644
       14670    0.536642
       14671    0.536645
       14672    0.536651
       14673    0.536648
       14674    0.536651
       14675    0.536654
       14676    0.536661
       14677    0.536668
       14678    0.536667
       14679    0.536663
       14680    0.536664
       14681    0.536653
       14682    0.536654
       14683    0.536655
       14684    0.536662
       14685    0.536663
       14686    0.536661
       14687    0.536669
       14688    0.536671
       14689    0.536675
       14690     0.53668
       14691    0.536685
       14692     0.53669
       14693    0.536695
       14694    0.536703
       14695    0.536705
       14696    0.536706
       14697    0.536709
       14698    0.536711
       14699     0.53671
       14700    0.536708
       14701    0.536709
       14702    0.536712
       14703    0.536713
       14704    0.536716
       14705    0.536721
       14706    0.536728
       14707    0.536732
       14708    0.536739
       14709    0.536732
       14710    0.536731
       14711    0.536733
       14712    0.536733
       14713    0.536732
       14714    0.536731
       14715     0.53673
       14716     0.53673
       14717    0.536728
       14718    0.536726
       14719    0.536729
       14720    0.536726
       14721    0.536727
       14722     0.53673
       14723    0.536735
       14724    0.536734
       14725    0.536734
       14726    0.536737
       14727    0.536735
       14728    0.536732
       14729    0.536731
       14730     0.53673
       14731     0.53674
       14732    0.536743
       14733    0.536739
       14734    0.536741
       14735    0.536738
       14736    0.536742
       14737    0.536743
       14738    0.536744
       14739    0.536745
       14740     0.53674
       14741    0.536733
       14742    0.536732
       14743    0.536734
       14744     0.53673
       14745    0.536732
       14746    0.536737
       14747    0.536741
       14748    0.536736
       14749    0.536738
       14750    0.536741
       14751    0.536744
       14752    0.536743
       14753    0.536741
       14754    0.536736
       14755    0.536738
       14756    0.536738
       14757    0.536731
       14758    0.536727
       14759    0.536726
       14760    0.536725
       14761    0.536718
       14762    0.536716
       14763    0.536718
       14764    0.536726
       14765    0.536729
       14766    0.536731
       14767    0.536737
       14768    0.536737
       14769    0.536741
       14770    0.536748
       14771     0.53675
       14772    0.536749
       14773     0.53675
       14774    0.536754
       14775     0.53676
       14776    0.536765
       14777    0.536773
       14778    0.536775
       14779    0.536771
       14780    0.536765
       14781    0.536756
       14782    0.536754
       14783    0.536743
       14784    0.536745
       14785    0.536752
       14786    0.536751
       14787    0.536752
       14788     0.53675
       14789    0.536749
       14790    0.536749
       14791    0.536752
       14792    0.536755
       14793    0.536753
       14794    0.536755
       14795    0.536756
       14796    0.536758
       14797    0.536753
       14798    0.536749
       14799    0.536752
       14800    0.536753
       14801    0.536753
       14802    0.536752
       14803    0.536749
       14804    0.536749
       14805    0.536744
       14806    0.536744
       14807    0.536746
       14808    0.536741
       14809    0.536744
       14810    0.536746
       14811     0.53675
       14812    0.536751
       14813     0.53675
       14814    0.536746
       14815    0.536741
       14816    0.536743
       14817    0.536743
       14818    0.536745
       14819    0.536741
       14820    0.536736
       14821    0.536736
       14822    0.536736
       14823    0.536737
       14824    0.536733
       14825    0.536723
       14826    0.536719
       14827    0.536723
       14828    0.536725
       14829     0.53673
       14830    0.536731
       14831    0.536734
       14832    0.536732
       14833    0.536737
       14834    0.536746
       14835    0.536745
       14836    0.536749
       14837    0.536752
       14838    0.536759
       14839     0.53676
       14840    0.536762
       14841    0.536759
       14842    0.536752
       14843    0.536754
       14844    0.536756
       14845     0.53676
       14846    0.536761
       14847    0.536758
       14848    0.536752
       14849    0.536753
       14850     0.53675
       14851     0.53675
       14852    0.536754
       14853    0.536762
       14854     0.53677
       14855    0.536773
       14856    0.536775
       14857    0.536772
       14858    0.536767
       14859    0.536763
       14860    0.536767
       14861    0.536767
       14862    0.536769
       14863    0.536773
       14864    0.536771
       14865    0.536771
       14866    0.536771
       14867    0.536767
       14868    0.536765
       14869    0.536763
       14870    0.536768
       14871    0.536771
       14872    0.536767
       14873    0.536761
       14874    0.536757
       14875    0.536759
       14876    0.536753
       14877    0.536756
       14878    0.536755
       14879    0.536754
       14880     0.53675
       14881    0.536751
       14882    0.536749
       14883     0.53675
       14884    0.536751
       14885    0.536751
       14886    0.536747
       14887    0.536749
       14888    0.536753
       14889    0.536754
       14890    0.536753
       14891    0.536754
       14892     0.53676
       14893    0.536757
       14894    0.536761
       14895     0.53676
       14896    0.536756
       14897    0.536763
       14898    0.536761
       14899    0.536761
       14900    0.536769
       14901    0.536768
       14902    0.536775
       14903     0.53677
       14904    0.536768
       14905    0.536769
       14906    0.536769
       14907     0.53676
       14908    0.536758
       14909    0.536763
       14910    0.536766
       14911    0.536769
       14912    0.536765
       14913    0.536763
       14914    0.536758
       14915    0.536764
       14916    0.536766
       14917    0.536771
       14918    0.536779
       14919    0.536788
       14920    0.536787
       14921    0.536786
       14922    0.536786
       14923    0.536788
       14924    0.536783
       14925     0.53678
       14926    0.536787
       14927    0.536792
       14928    0.536793
       14929    0.536796
       14930    0.536793
       14931    0.536798
       14932    0.536799
       14933    0.536796
       14934    0.536792
       14935    0.536784
       14936    0.536778
       14937    0.536769
       14938    0.536762
       14939    0.536759
       14940    0.536756
       14941    0.536761
       14942    0.536769
       14943    0.536768
       14944    0.536772
       14945     0.53677
       14946    0.536768
       14947    0.536765
       14948    0.536766
       14949    0.536766
       14950    0.536766
       14951    0.536763
       14952    0.536763
       14953     0.53676
       14954    0.536756
       14955    0.536759
       14956    0.536762
       14957    0.536758
       14958    0.536747
       14959    0.536739
       14960    0.536741
       14961     0.53674
       14962    0.536743
       14963    0.536743
       14964    0.536744
       14965    0.536739
       14966    0.536738
       14967    0.536742
       14968    0.536737
       14969    0.536738
       14970    0.536742
       14971     0.53674
       14972    0.536741
       14973    0.536745
       14974     0.53674
       14975    0.536726
       14976    0.536721
       14977    0.536714
       14978    0.536713
       14979    0.536709
       14980    0.536714
       14981    0.536718
       14982    0.536716
       14983    0.536715
       14984    0.536713
       14985    0.536712
       14986    0.536713
       14987    0.536715
       14988    0.536711
       14989    0.536714
       14990    0.536714
       14991    0.536706
       14992    0.536698
       14993    0.536693
       14994     0.53668
       14995    0.536671
       14996    0.536667
       14997    0.536658
       14998    0.536657
       14999    0.536654
       15000    0.536659
       15001    0.536659
       15002    0.536658
       15003    0.536657
       15004    0.536654
       15005    0.536655
       15006    0.536652
       15007    0.536652
       15008    0.536657
       15009    0.536658
       15010    0.536662
       15011    0.536665
       15012     0.53666
       15013    0.536661
       15014    0.536666
       15015    0.536667
       15016    0.536665
       15017    0.536661
       15018    0.536664
       15019    0.536657
       15020     0.53666
       15021    0.536656
       15022    0.536656
       15023    0.536659
       15024    0.536662
       15025     0.53667
       15026    0.536671
       15027     0.53667
       15028    0.536675
       15029    0.536678
       15030    0.536677
       15031    0.536683
       15032    0.536683
       15033    0.536679
       15034    0.536678
       15035    0.536676
       15036    0.536678
       15037    0.536682
       15038    0.536685
       15039    0.536693
       15040    0.536694
       15041    0.536694
       15042    0.536693
       15043     0.53669
       15044    0.536689
       15045    0.536689
       15046    0.536686
       15047    0.536684
       15048     0.53669
       15049      0.5367
       15050    0.536706
       15051    0.536712
       15052    0.536717
       15053    0.536715
       15054     0.53671
       15055    0.536705
       15056    0.536696
       15057    0.536698
       15058    0.536699
       15059    0.536697
       15060    0.536692
       15061    0.536689
       15062    0.536691
       15063    0.536688
       15064    0.536683
       15065    0.536691
       15066    0.536691
       15067    0.536694
       15068    0.536694
       15069     0.53669
       15070     0.53669
       15071    0.536693
       15072    0.536692
       15073    0.536691
       15074    0.536694
       15075    0.536691
       15076    0.536692
       15077    0.536695
       15078     0.53669
       15079     0.53669
       15080    0.536691
       15081    0.536692
       15082    0.536692
       15083    0.536695
       15084    0.536694
       15085    0.536692
       15086    0.536687
       15087    0.536687
       15088    0.536692
       15089    0.536692
       15090     0.53669
       15091    0.536695
       15092      0.5367
       15093    0.536704
       15094    0.536704
       15095    0.536701
       15096    0.536707
       15097    0.536714
       15098     0.53671
       15099    0.536715
       15100    0.536718
       15101    0.536725
       15102    0.536733
       15103    0.536735
       15104     0.53674
       15105    0.536744
       15106    0.536743
       15107    0.536745
       15108    0.536744
       15109    0.536741
       15110    0.536748
       15111    0.536754
       15112    0.536757
       15113     0.53676
       15114     0.53676
       15115    0.536759
       15116    0.536762
       15117    0.536768
       15118    0.536766
       15119    0.536759
       15120    0.536745
       15121    0.536744
       15122     0.53674
       15123     0.53674
       15124    0.536748
       15125    0.536752
       15126    0.536761
       15127    0.536766
       15128    0.536765
       15129    0.536768
       15130    0.536773
       15131    0.536776
       15132    0.536779
       15133    0.536779
       15134    0.536777
       15135    0.536777
       15136    0.536775
       15137    0.536779
       15138    0.536774
       15139    0.536775
       15140    0.536777
       15141    0.536777
       15142    0.536777
       15143    0.536774
       15144     0.53677
       15145    0.536767
       15146    0.536764
       15147    0.536768
       15148    0.536767
       15149    0.536767
       15150    0.536764
       15151     0.53676
       15152    0.536761
       15153    0.536759
       15154    0.536752
       15155     0.53675
       15156    0.536754
       15157    0.536758
       15158    0.536756
       15159    0.536757
       15160    0.536764
       15161    0.536769
       15162    0.536776
       15163    0.536775
       15164    0.536772
       15165    0.536773
       15166    0.536778
       15167    0.536782
       15168    0.536783
       15169    0.536787
       15170     0.53679
       15171    0.536788
       15172    0.536788
       15173    0.536785
       15174    0.536789
       15175    0.536794
       15176    0.536795
       15177    0.536796
       15178    0.536793
       15179    0.536794
       15180    0.536792
       15181    0.536793
       15182    0.536796
       15183    0.536786
       15184    0.536782
       15185    0.536779
       15186    0.536779
       15187     0.53678
       15188    0.536783
       15189     0.53678
       15190    0.536784
       15191    0.536781
       15192    0.536783
       15193    0.536784
       15194    0.536787
       15195    0.536785
       15196    0.536783
       15197    0.536784
       15198    0.536785
       15199     0.53678
       15200    0.536781
       15201    0.536788
       15202    0.536787
       15203    0.536784
       15204    0.536782
       15205    0.536785
       15206    0.536787
       15207    0.536791
       15208    0.536803
       15209      0.5368
       15210    0.536802
       15211    0.536801
       15212    0.536801
       15213    0.536804
       15214    0.536805
       15215    0.536806
       15216    0.536809
       15217    0.536805
       15218    0.536805
       15219    0.536805
       15220    0.536807
       15221    0.536803
       15222      0.5368
       15223    0.536799
       15224    0.536803
       15225    0.536806
       15226    0.536805
       15227    0.536796
       15228    0.536789
       15229    0.536793
       15230    0.536795
       15231    0.536797
       15232    0.536795
       15233    0.536793
       15234    0.536795
       15235    0.536798
       15236    0.536797
       15237    0.536799
       15238    0.536798
       15239    0.536796
       15240    0.536796
       15241    0.536797
       15242    0.536801
       15243    0.536798
       15244    0.536793
       15245    0.536783
       15246    0.536781
       15247    0.536787
       15248    0.536792
       15249    0.536795
       15250    0.536801
       15251    0.536799
       15252    0.536804
       15253    0.536803
       15254    0.536798
       15255      0.5368
       15256    0.536802
       15257      0.5368
       15258    0.536794
       15259    0.536799
       15260      0.5368
       15261    0.536797
       15262    0.536801
       15263    0.536806
       15264     0.53681
       15265    0.536815
       15266    0.536817
       15267    0.536819
       15268    0.536824
       15269     0.53682
       15270    0.536818
       15271    0.536818
       15272    0.536817
       15273    0.536813
       15274    0.536812
       15275    0.536813
       15276    0.536808
       15277    0.536807
       15278      0.5368
       15279    0.536796
       15280    0.536793
       15281    0.536788
       15282    0.536789
       15283    0.536792
       15284    0.536801
       15285    0.536798
       15286    0.536805
       15287    0.536808
       15288    0.536809
       15289     0.53681
       15290    0.536807
       15291    0.536807
       15292    0.536801
       15293    0.536795
       15294    0.536801
       15295    0.536807
       15296    0.536814
       15297    0.536819
       15298    0.536815
       15299    0.536818
       15300    0.536821
       15301    0.536821
       15302     0.53682
       15303    0.536823
       15304    0.536825
       15305    0.536821
       15306    0.536821
       15307    0.536817
       15308    0.536819
       15309    0.536807
       15310    0.536808
       15311     0.53681
       15312    0.536803
       15313    0.536803
       15314    0.536805
       15315    0.536807
       15316    0.536808
       15317    0.536811
       15318    0.536816
       15319    0.536816
       15320    0.536819
       15321    0.536818
       15322    0.536812
       15323    0.536808
       15324    0.536805
       15325    0.536801
       15326    0.536806
       15327    0.536806
       15328    0.536813
       15329    0.536817
       15330    0.536818
       15331    0.536817
       15332    0.536824
       15333    0.536825
       15334    0.536821
       15335    0.536819
       15336    0.536821
       15337    0.536824
       15338    0.536834
       15339    0.536838
       15340    0.536842
       15341    0.536845
       15342    0.536845
       15343    0.536849
       15344     0.53685
       15345    0.536848
       15346    0.536852
       15347    0.536856
       15348    0.536857
       15349    0.536857
       15350    0.536854
       15351    0.536856
       15352    0.536859
       15353    0.536858
       15354    0.536861
       15355    0.536854
       15356    0.536854
       15357    0.536848
       15358    0.536844
       15359    0.536844
       15360    0.536846
       15361    0.536846
       15362    0.536842
       15363    0.536836
       15364    0.536832
       15365    0.536834
       15366    0.536834
       15367    0.536837
       15368    0.536839
       15369    0.536835
       15370    0.536828
       15371    0.536826
       15372    0.536827
       15373     0.53683
       15374    0.536832
       15375    0.536835
       15376     0.53684
       15377    0.536838
       15378     0.53684
       15379    0.536842
       15380    0.536835
       15381    0.536835
       15382    0.536832
       15383    0.536838
       15384    0.536837
       15385    0.536837
       15386    0.536834
       15387    0.536833
       15388    0.536823
       15389    0.536825
       15390    0.536833
       15391    0.536841
       15392    0.536842
       15393    0.536842
       15394    0.536839
       15395    0.536836
       15396    0.536837
       15397    0.536833
       15398    0.536833
       15399    0.536828
       15400    0.536827
       15401    0.536825
       15402    0.536825
       15403    0.536822
       15404    0.536823
       15405    0.536814
       15406    0.536813
       15407    0.536812
       15408    0.536821
       15409    0.536821
       15410    0.536823
       15411    0.536832
       15412    0.536832
       15413    0.536834
       15414    0.536837
       15415    0.536845
       15416    0.536845
       15417     0.53684
       15418    0.536834
       15419    0.536835
       15420    0.536828
       15421    0.536829
       15422    0.536825
       15423    0.536822
       15424    0.536827
       15425     0.53683
       15426    0.536829
       15427    0.536828
       15428     0.53682
       15429    0.536814
       15430    0.536805
       15431    0.536802
       15432    0.536805
       15433    0.536803
       15434    0.536805
       15435    0.536809
       15436    0.536821
       15437     0.53683
       15438    0.536832
       15439    0.536828
       15440    0.536826
       15441    0.536821
       15442    0.536823
       15443    0.536821
       15444    0.536826
       15445    0.536824
       15446    0.536829
       15447     0.53683
       15448    0.536823
       15449    0.536824
       15450    0.536821
       15451    0.536822
       15452    0.536821
       15453    0.536825
       15454    0.536831
       15455    0.536827
       15456    0.536822
       15457    0.536831
       15458    0.536832
       15459    0.536833
       15460    0.536835
       15461     0.53683
       15462    0.536834
       15463    0.536835
       15464    0.536837
       15465    0.536833
       15466    0.536841
       15467    0.536846
       15468    0.536847
       15469    0.536851
       15470    0.536854
       15471    0.536854
       15472     0.53686
       15473    0.536866
       15474    0.536864
       15475    0.536867
       15476    0.536858
       15477     0.53686
       15478    0.536859
       15479    0.536863
       15480    0.536859
       15481    0.536856
       15482    0.536853
       15483    0.536851
       15484     0.53685
       15485    0.536845
       15486     0.53684
       15487    0.536838
       15488    0.536835
       15489    0.536836
       15490     0.53684
       15491    0.536843
       15492    0.536841
       15493    0.536833
       15494     0.53683
       15495    0.536831
       15496    0.536829
       15497    0.536833
       15498    0.536839
       15499    0.536846
       15500    0.536845
       15501    0.536846
       15502    0.536843
       15503    0.536844
       15504     0.53685
       15505    0.536849
       15506    0.536852
       15507    0.536846
       15508    0.536845
       15509    0.536843
       15510    0.536844
       15511     0.53684
       15512    0.536845
       15513    0.536849
       15514    0.536853
       15515    0.536851
       15516    0.536851
       15517    0.536849
       15518     0.53685
       15519    0.536858
       15520    0.536857
       15521    0.536857
       15522    0.536856
       15523    0.536855
       15524    0.536856
       15525    0.536859
       15526    0.536858
       15527    0.536861
       15528    0.536863
       15529    0.536862
       15530    0.536862
       15531    0.536859
       15532    0.536849
       15533    0.536848
       15534    0.536852
       15535    0.536856
       15536     0.53686
       15537     0.53686
       15538    0.536856
       15539    0.536852
       15540    0.536857
       15541    0.536857
       15542    0.536855
       15543    0.536848
       15544    0.536846
       15545    0.536853
       15546    0.536853
       15547    0.536857
       15548    0.536862
       15549    0.536864
       15550    0.536866
       15551    0.536866
       15552    0.536864
       15553    0.536861
       15554    0.536861
       15555    0.536859
       15556    0.536862
       15557    0.536863
       15558     0.53686
       15559    0.536859
       15560    0.536858
       15561    0.536858
       15562    0.536854
       15563     0.53686
       15564     0.53686
       15565    0.536865
       15566    0.536864
       15567    0.536859
       15568    0.536858
       15569    0.536854
       15570     0.53686
       15571    0.536864
       15572    0.536866
       15573    0.536862
       15574     0.53686
       15575    0.536862
       15576    0.536866
       15577    0.536865
       15578    0.536868
       15579    0.536867
       15580     0.53687
       15581    0.536866
       15582    0.536866
       15583    0.536863
       15584    0.536861
       15585    0.536859
       15586     0.53686
       15587    0.536859
       15588    0.536858
       15589    0.536862
       15590    0.536865
       15591     0.53686
       15592    0.536862
       15593    0.536859
       15594    0.536859
       15595    0.536862
       15596    0.536863
       15597    0.536868
       15598    0.536865
       15599    0.536866
       15600    0.536865
       15601    0.536867
       15602    0.536865
       15603    0.536866
       15604    0.536868
       15605    0.536869
       15606    0.536873
       15607    0.536881
       15608    0.536887
       15609    0.536881
       15610     0.53688
       15611    0.536879
       15612    0.536879
       15613    0.536887
       15614    0.536889
       15615    0.536891
       15616    0.536899
       15617    0.536905
       15618    0.536908
       15619    0.536909
       15620    0.536913
       15621    0.536918
       15622     0.53692
       15623    0.536915
       15624    0.536918
       15625    0.536922
       15626    0.536929
       15627    0.536927
       15628    0.536931
       15629    0.536928
       15630     0.53692
       15631    0.536915
       15632    0.536916
       15633    0.536913
       15634    0.536911
       15635     0.53691
       15636    0.536901
       15637    0.536901
       15638    0.536901
       15639    0.536907
       15640    0.536904
       15641      0.5369
       15642    0.536902
       15643    0.536901
       15644    0.536899
       15645    0.536904
       15646    0.536911
       15647    0.536913
       15648    0.536913
       15649    0.536912
       15650    0.536911
       15651    0.536908
       15652    0.536902
       15653    0.536899
       15654    0.536898
       15655      0.5369
       15656     0.53689
       15657    0.536889
       15658    0.536891
       15659    0.536885
       15660    0.536883
       15661    0.536882
       15662    0.536885
       15663    0.536883
       15664    0.536886
       15665    0.536888
       15666    0.536896
       15667    0.536907
       15668    0.536903
       15669    0.536905
       15670    0.536905
       15671    0.536901
       15672    0.536899
       15673    0.536896
       15674    0.536894
       15675    0.536898
       15676    0.536901
       15677    0.536898
       15678    0.536896
       15679    0.536895
       15680    0.536896
       15681    0.536893
       15682    0.536894
       15683      0.5369
       15684    0.536903
       15685    0.536908
       15686     0.53691
       15687    0.536907
       15688    0.536908
       15689    0.536904
       15690    0.536907
       15691    0.536908
       15692    0.536902
       15693    0.536899
       15694    0.536894
       15695    0.536901
       15696    0.536901
       15697    0.536908
       15698    0.536907
       15699    0.536913
       15700    0.536911
       15701    0.536914
       15702    0.536919
       15703    0.536925
       15704    0.536925
       15705    0.536922
       15706    0.536916
       15707    0.536908
       15708    0.536912
       15709    0.536916
       15710    0.536914
       15711    0.536907
       15712    0.536908
       15713    0.536911
       15714    0.536912
       15715    0.536917
       15716    0.536922
       15717    0.536924
       15718    0.536927
       15719     0.53693
       15720    0.536934
       15721    0.536939
       15722    0.536939
       15723     0.53694
       15724    0.536941
       15725    0.536941
       15726    0.536939
       15727    0.536941
       15728     0.53694
       15729    0.536941
       15730    0.536947
       15731    0.536951
       15732    0.536953
       15733    0.536949
       15734    0.536946
       15735    0.536947
       15736    0.536947
       15737    0.536953
       15738    0.536955
       15739    0.536959
       15740    0.536967
       15741    0.536978
       15742     0.53698
       15743    0.536982
       15744    0.536971
       15745    0.536967
       15746    0.536965
       15747     0.53697
       15748    0.536973
       15749    0.536969
       15750    0.536969
       15751    0.536974
       15752    0.536976
       15753    0.536976
       15754    0.536974
       15755    0.536978
       15756    0.536982
       15757    0.536985
       15758    0.536984
       15759    0.536982
       15760    0.536981
       15761    0.536984
       15762    0.536982
       15763    0.536986
       15764    0.536991
       15765    0.536991
       15766    0.536998
       15767    0.537001
       15768    0.537004
       15769    0.537006
       15770    0.537009
       15771    0.537009
       15772    0.537008
       15773    0.537002
       15774    0.537003
       15775    0.537003
       15776    0.536998
       15777    0.536997
       15778    0.536989
       15779     0.53699
       15780    0.536985
       15781    0.536985
       15782    0.536987
       15783    0.536983
       15784    0.536983
       15785    0.536987
       15786    0.536993
       15787    0.536995
       15788    0.536994
       15789    0.536996
       15790    0.536994
       15791    0.536997
       15792    0.537003
       15793    0.536996
       15794    0.536991
       15795    0.536986
       15796    0.536982
       15797    0.536983
       15798    0.536986
       15799    0.536989
       15800    0.536983
       15801    0.536987
       15802    0.536993
       15803    0.536992
       15804    0.536987
       15805    0.536981
       15806    0.536976
       15807    0.536976
       15808    0.536971
       15809    0.536972
       15810    0.536967
       15811    0.536963
       15812    0.536968
       15813    0.536964
       15814    0.536964
       15815    0.536959
       15816    0.536961
       15817    0.536963
       15818     0.53696
       15819    0.536963
       15820    0.536967
       15821    0.536972
       15822    0.536976
       15823    0.536983
       15824    0.536988
       15825    0.536991
       15826    0.536995
       15827    0.536995
       15828    0.536993
       15829    0.536993
       15830    0.536996
       15831    0.537003
       15832    0.537008
       15833    0.537009
       15834     0.53701
       15835    0.537009
       15836    0.537003
       15837    0.536993
       15838    0.536982
       15839    0.536981
       15840    0.536981
       15841    0.536982
       15842    0.536978
       15843    0.536974
       15844    0.536974
       15845    0.536973
       15846    0.536975
       15847    0.536979
       15848    0.536982
       15849    0.536986
       15850     0.53699
       15851    0.536992
       15852    0.536991
       15853    0.536984
       15854    0.536982
       15855    0.536972
       15856    0.536963
       15857     0.53696
       15858    0.536954
       15859     0.53695
       15860    0.536948
       15861    0.536948
       15862    0.536932
       15863     0.53693
       15864    0.536931
       15865    0.536926
       15866    0.536927
       15867    0.536923
       15868    0.536922
       15869    0.536919
       15870    0.536916
       15871    0.536915
       15872    0.536908
       15873    0.536909
       15874    0.536905
       15875    0.536898
       15876    0.536891
       15877    0.536896
       15878    0.536898
       15879      0.5369
       15880    0.536903
       15881    0.536903
       15882    0.536907
       15883    0.536911
       15884    0.536911
       15885    0.536913
       15886    0.536909
       15887    0.536903
       15888    0.536894
       15889    0.536884
       15890    0.536882
       15891    0.536889
       15892    0.536887
       15893    0.536882
       15894    0.536886
       15895    0.536889
       15896    0.536901
       15897    0.536902
       15898    0.536903
       15899      0.5369
       15900    0.536897
       15901    0.536892
       15902    0.536894
       15903    0.536894
       15904    0.536896
       15905      0.5369
       15906    0.536897
       15907    0.536896
       15908    0.536897
       15909    0.536895
       15910    0.536895
       15911    0.536893
       15912    0.536899
       15913    0.536903
       15914    0.536904
       15915    0.536906
       15916    0.536901
       15917    0.536899
       15918    0.536893
       15919    0.536896
       15920    0.536893
       15921    0.536899
       15922    0.536897
       15923    0.536896
       15924    0.536898
       15925    0.536901
       15926    0.536906
       15927    0.536907
       15928    0.536907
       15929    0.536911
       15930    0.536905
       15931    0.536906
       15932    0.536905
       15933    0.536902
       15934    0.536898
       15935    0.536896
       15936    0.536894
       15937    0.536891
       15938    0.536884
       15939    0.536886
       15940    0.536883
       15941    0.536888
       15942    0.536887
       15943    0.536889
       15944    0.536895
       15945    0.536897
       15946     0.53689
       15947    0.536884
       15948    0.536877
       15949    0.536875
       15950    0.536867
       15951    0.536872
       15952     0.53687
       15953    0.536875
       15954     0.53688
       15955    0.536884
       15956     0.53688
       15957    0.536883
       15958    0.536874
       15959    0.536876
       15960    0.536873
       15961    0.536868
       15962    0.536867
       15963     0.53687
       15964    0.536869
       15965    0.536865
       15966    0.536868
       15967    0.536868
       15968    0.536869
       15969     0.53687
       15970    0.536876
       15971    0.536878
       15972    0.536877
       15973    0.536875
       15974    0.536868
       15975    0.536865
       15976    0.536865
       15977    0.536865
       15978    0.536864
       15979    0.536867
       15980    0.536869
       15981    0.536869
       15982    0.536875
       15983    0.536875
       15984    0.536877
       15985    0.536874
       15986    0.536878
       15987    0.536875
       15988    0.536879
       15989    0.536879
       15990    0.536874
       15991    0.536875
       15992    0.536875
       15993    0.536877
       15994    0.536876
       15995    0.536878
       15996    0.536876
       15997    0.536877
       15998    0.536873
       15999    0.536881
       16000    0.536887
       16001    0.536884
       16002    0.536886
       16003    0.536887
       16004    0.536886
       16005    0.536893
       16006    0.536895
       16007     0.53689
       16008    0.536891
       16009    0.536889
       16010    0.536887
       16011    0.536882
       16012    0.536888
       16013    0.536893
       16014    0.536899
       16015    0.536901
       16016    0.536904
       16017      0.5369
       16018    0.536901
       16019    0.536896
       16020    0.536892
       16021     0.53689
       16022     0.53689
       16023    0.536894
       16024    0.536898
       16025    0.536905
       16026    0.536908
       16027    0.536912
       16028    0.536914
       16029    0.536912
       16030    0.536911
       16031    0.536907
       16032    0.536898
       16033    0.536897
       16034    0.536896
       16035    0.536897
       16036    0.536897
       16037    0.536896
       16038    0.536898
       16039    0.536902
       16040    0.536898
       16041    0.536902
       16042    0.536895
       16043      0.5369
       16044    0.536904
       16045    0.536906
       16046    0.536902
       16047    0.536899
       16048    0.536896
       16049    0.536895
       16050    0.536898
       16051    0.536906
       16052    0.536909
       16053     0.53691
       16054    0.536917
       16055     0.53692
       16056     0.53692
       16057    0.536924
       16058    0.536927
       16059    0.536923
       16060     0.53692
       16061     0.53692
       16062    0.536919
       16063     0.53692
       16064    0.536921
       16065     0.53692
       16066    0.536925
       16067    0.536931
       16068    0.536929
       16069    0.536923
       16070    0.536915
       16071    0.536921
       16072    0.536922
       16073    0.536922
       16074    0.536925
       16075    0.536928
       16076    0.536926
       16077    0.536927
       16078    0.536927
       16079    0.536924
       16080    0.536925
       16081    0.536926
       16082     0.53693
       16083    0.536934
       16084    0.536938
       16085    0.536936
       16086    0.536936
       16087    0.536933
       16088    0.536931
       16089    0.536927
       16090    0.536928
       16091    0.536928
       16092    0.536928
       16093    0.536931
       16094     0.53693
       16095     0.53693
       16096    0.536925
       16097    0.536923
       16098    0.536919
       16099    0.536916
       16100    0.536913
       16101    0.536911
       16102    0.536908
       16103    0.536903
       16104    0.536905
       16105    0.536911
       16106    0.536916
       16107    0.536918
       16108    0.536918
       16109    0.536914
       16110    0.536918
       16111    0.536922
       16112    0.536922
       16113    0.536922
       16114     0.53692
       16115    0.536921
       16116    0.536924
       16117    0.536925
       16118    0.536926
       16119    0.536927
       16120    0.536923
       16121    0.536919
       16122    0.536912
       16123    0.536915
       16124    0.536916
       16125    0.536921
       16126    0.536923
       16127    0.536922
       16128    0.536922
       16129    0.536923
       16130    0.536927
       16131    0.536929
       16132     0.53693
       16133    0.536925
       16134     0.53692
       16135    0.536913
       16136    0.536912
       16137    0.536911
       16138    0.536907
       16139    0.536907
       16140    0.536905
       16141    0.536911
       16142    0.536908
       16143    0.536906
       16144    0.536908
       16145     0.53691
       16146    0.536911
       16147    0.536907
       16148    0.536901
       16149    0.536908
       16150    0.536912
       16151    0.536916
       16152     0.53692
       16153    0.536927
       16154    0.536927
       16155    0.536925
       16156    0.536926
       16157    0.536919
       16158     0.53692
       16159    0.536922
       16160    0.536921
       16161    0.536913
       16162    0.536913
       16163     0.53691
       16164    0.536906
       16165    0.536907
       16166    0.536905
       16167      0.5369
       16168    0.536899
       16169    0.536895
       16170    0.536891
       16171    0.536886
       16172    0.536883
       16173    0.536882
       16174    0.536888
       16175    0.536891
       16176    0.536891
       16177    0.536895
       16178    0.536898
       16179    0.536897
       16180    0.536894
       16181    0.536889
       16182    0.536889
       16183     0.53689
       16184    0.536887
       16185    0.536882
       16186    0.536885
       16187     0.53689
       16188    0.536896
       16189    0.536896
       16190    0.536893
       16191    0.536897
       16192    0.536901
       16193    0.536896
       16194    0.536892
       16195     0.53689
       16196     0.53689
       16197    0.536891
       16198    0.536892
       16199    0.536888
       16200    0.536888
       16201    0.536887
       16202    0.536882
       16203    0.536882
       16204    0.536879
       16205    0.536881
       16206    0.536883
       16207    0.536883
       16208    0.536888
       16209    0.536888
       16210    0.536884
       16211    0.536885
       16212    0.536882
       16213    0.536881
       16214    0.536882
       16215    0.536874
       16216    0.536872
       16217    0.536876
       16218    0.536872
       16219    0.536872
       16220    0.536875
       16221    0.536877
       16222    0.536872
       16223    0.536869
       16224    0.536871
       16225    0.536873
       16226     0.53688
       16227    0.536878
       16228    0.536878
       16229    0.536881
       16230    0.536885
       16231    0.536879
       16232    0.536879
       16233    0.536873
       16234    0.536869
       16235    0.536864
       16236     0.53686
       16237    0.536856
       16238    0.536856
       16239    0.536857
       16240     0.53686
       16241    0.536862
       16242    0.536865
       16243    0.536871
       16244    0.536872
       16245    0.536873
       16246    0.536876
       16247     0.53688
       16248    0.536884
       16249    0.536884
       16250    0.536884
       16251    0.536878
       16252    0.536872
       16253    0.536868
       16254    0.536868
       16255    0.536869
       16256    0.536869
       16257     0.53687
       16258     0.53687
       16259    0.536866
       16260    0.536863
       16261    0.536861
       16262    0.536862
       16263    0.536863
       16264    0.536863
       16265    0.536864
       16266    0.536865
       16267    0.536863
       16268    0.536864
       16269     0.53686
       16270    0.536861
       16271    0.536857
       16272    0.536854
       16273    0.536851
       16274    0.536849
       16275    0.536843
       16276    0.536848
       16277    0.536843
       16278    0.536842
       16279    0.536842
       16280    0.536836
       16281     0.53683
       16282    0.536831
       16283    0.536828
       16284    0.536828
       16285     0.53683
       16286     0.53683
       16287    0.536827
       16288    0.536826
       16289    0.536823
       16290    0.536825
       16291    0.536823
       16292    0.536822
       16293    0.536823
       16294    0.536821
       16295    0.536821
       16296    0.536825
       16297    0.536829
       16298     0.53683
       16299    0.536838
       16300    0.536837
       16301    0.536834
       16302    0.536828
       16303    0.536827
       16304    0.536818
       16305    0.536816
       16306    0.536812
       16307    0.536809
       16308    0.536808
       16309    0.536803
       16310    0.536796
       16311    0.536788
       16312     0.53679
       16313    0.536786
       16314    0.536785
       16315    0.536787
       16316    0.536782
       16317    0.536783
       16318    0.536775
       16319    0.536775
       16320    0.536768
       16321    0.536766
       16322     0.53677
       16323    0.536775
       16324    0.536773
       16325    0.536773
       16326     0.53677
       16327    0.536773
       16328    0.536775
       16329    0.536778
       16330    0.536785
       16331     0.53679
       16332    0.536793
       16333    0.536799
       16334    0.536805
       16335    0.536805
       16336    0.536804
       16337    0.536805
       16338    0.536808
       16339     0.53681
       16340    0.536814
       16341    0.536814
       16342    0.536811
       16343    0.536813
       16344     0.53681
       16345    0.536806
       16346    0.536808
       16347    0.536811
       16348     0.53681
       16349    0.536807
       16350    0.536801
       16351      0.5368
       16352    0.536805
       16353    0.536804
       16354    0.536814
       16355    0.536816
       16356    0.536814
       16357    0.536802
       16358    0.536794
       16359    0.536794
       16360    0.536795
       16361    0.536797
       16362    0.536798
       16363    0.536795
       16364    0.536789
       16365    0.536793
       16366    0.536789
       16367    0.536794
       16368    0.536788
       16369    0.536786
       16370    0.536784
       16371    0.536784
       16372    0.536787
       16373    0.536782
       16374     0.53678
       16375    0.536779
       16376    0.536778
       16377    0.536777
       16378    0.536781
       16379    0.536785
       16380    0.536785
       16381    0.536782
       16382    0.536777
       16383    0.536774
       16384    0.536772
       16385    0.536769
       16386    0.536765
       16387    0.536761
       16388    0.536761
       16389    0.536761
       16390     0.53676
       16391    0.536757
       16392    0.536754
       16393    0.536751
       16394    0.536752
       16395    0.536755
       16396    0.536756
       16397    0.536757
       16398    0.536756
       16399    0.536754
       16400    0.536754
       16401    0.536753
       16402    0.536754
       16403    0.536757
       16404    0.536755
       16405    0.536757
       16406    0.536755
       16407    0.536761
       16408    0.536763
       16409    0.536759
       16410    0.536762
       16411    0.536763
       16412    0.536761
       16413    0.536764
       16414    0.536762
       16415    0.536765
       16416    0.536769
       16417    0.536775
       16418    0.536779
       16419     0.53678
       16420    0.536782
       16421    0.536785
       16422    0.536787
       16423    0.536786
       16424    0.536785
       16425     0.53678
       16426    0.536775
       16427    0.536778
       16428    0.536781
       16429    0.536782
       16430    0.536786
       16431    0.536785
       16432    0.536783
       16433    0.536785
       16434     0.53679
       16435    0.536791
       16436    0.536788
       16437    0.536791
       16438    0.536791
       16439    0.536794
       16440    0.536798
       16441    0.536798
       16442    0.536803
       16443    0.536809
       16444    0.536811
       16445    0.536817
       16446    0.536815
       16447    0.536817
       16448    0.536815
       16449     0.53681
       16450    0.536808
       16451    0.536808
       16452    0.536809
       16453     0.53681
       16454    0.536813
       16455    0.536814
       16456    0.536813
       16457    0.536815
       16458     0.53682
       16459    0.536822
       16460    0.536814
       16461    0.536805
       16462    0.536801
       16463    0.536803
       16464    0.536802
       16465    0.536798
       16466      0.5368
       16467    0.536804
       16468     0.53681
       16469    0.536811
       16470    0.536811
       16471    0.536813
       16472     0.53681
       16473    0.536807
       16474    0.536811
       16475    0.536817
       16476    0.536818
       16477    0.536818
       16478    0.536821
       16479    0.536821
       16480     0.53682
       16481    0.536822
       16482    0.536823
       16483    0.536823
       16484    0.536822
       16485    0.536825
       16486    0.536821
       16487    0.536818
       16488    0.536823
       16489    0.536826
       16490    0.536822
       16491    0.536817
       16492    0.536807
       16493    0.536802
       16494    0.536799
       16495    0.536797
       16496    0.536801
       16497    0.536798
       16498    0.536797
       16499    0.536792
       16500    0.536792
       16501    0.536796
       16502      0.5368
       16503    0.536799
       16504    0.536797
       16505    0.536795
       16506    0.536793
       16507    0.536793
       16508    0.536798
       16509    0.536807
       16510    0.536809
       16511    0.536808
       16512    0.536803
       16513    0.536802
       16514    0.536802
       16515      0.5368
       16516    0.536798
       16517    0.536798
       16518    0.536796
       16519    0.536792
       16520    0.536795
       16521    0.536795
       16522    0.536794
       16523    0.536802
       16524      0.5368
       16525    0.536802
       16526    0.536804
       16527    0.536806
       16528    0.536806
       16529     0.53681
       16530    0.536813
       16531    0.536812
       16532    0.536812
       16533    0.536805
       16534    0.536803
       16535    0.536807
       16536    0.536808
       16537    0.536811
       16538    0.536814
       16539    0.536817
       16540    0.536806
       16541      0.5368
       16542    0.536793
       16543    0.536795
       16544      0.5368
       16545    0.536801
       16546    0.536801
       16547    0.536797
       16548    0.536795
       16549    0.536794
       16550    0.536798
       16551    0.536794
       16552    0.536796
       16553    0.536804
       16554    0.536797
       16555    0.536795
       16556    0.536788
       16557    0.536789
       16558    0.536787
       16559    0.536788
       16560     0.53679
       16561    0.536787
       16562    0.536792
       16563    0.536797
       16564    0.536798
       16565      0.5368
       16566    0.536807
       16567    0.536808
       16568    0.536803
       16569    0.536802
       16570    0.536805
       16571    0.536804
       16572    0.536807
       16573     0.53681
       16574    0.536813
       16575    0.536812
       16576    0.536814
       16577    0.536816
       16578    0.536814
       16579    0.536811
       16580    0.536804
       16581    0.536806
       16582    0.536802
       16583    0.536801
       16584    0.536798
       16585    0.536794
       16586    0.536787
       16587     0.53678
       16588    0.536777
       16589    0.536765
       16590    0.536766
       16591     0.53676
       16592    0.536761
       16593    0.536765
       16594    0.536761
       16595    0.536757
       16596    0.536754
       16597    0.536745
       16598     0.53674
       16599    0.536739
       16600    0.536734
       16601     0.53673
       16602     0.53673
       16603    0.536725
       16604    0.536728
       16605     0.53673
       16606    0.536729
       16607     0.53672
       16608    0.536715
       16609    0.536714
       16610    0.536707
       16611    0.536709
       16612    0.536708
       16613    0.536702
       16614      0.5367
       16615    0.536697
       16616    0.536698
       16617      0.5367
       16618    0.536698
       16619    0.536693
       16620    0.536693
       16621    0.536692
       16622    0.536694
       16623    0.536692
       16624    0.536695
       16625    0.536688
       16626    0.536682
       16627    0.536685
       16628    0.536686
       16629    0.536689
       16630    0.536689
       16631    0.536691
       16632    0.536692
       16633    0.536691
       16634    0.536697
       16635    0.536704
       16636    0.536702
       16637    0.536709
       16638     0.53671
       16639    0.536708
       16640    0.536709
       16641    0.536711
       16642     0.53671
       16643    0.536706
       16644    0.536704
       16645    0.536694
       16646    0.536687
       16647    0.536681
       16648    0.536683
       16649    0.536689
       16650    0.536693
       16651    0.536685
       16652    0.536681
       16653     0.53668
       16654    0.536681
       16655     0.53668
       16656    0.536677
       16657    0.536677
       16658    0.536676
       16659    0.536675
       16660    0.536676
       16661    0.536675
       16662    0.536677
       16663    0.536675
       16664    0.536676
       16665    0.536672
       16666    0.536663
       16667    0.536663
       16668     0.53666
       16669    0.536658
       16670    0.536652
       16671    0.536649
       16672     0.53665
       16673    0.536645
       16674    0.536642
       16675    0.536641
       16676    0.536637
       16677    0.536633
       16678    0.536629
       16679    0.536627
       16680    0.536626
       16681    0.536623
       16682    0.536623
       16683    0.536622
       16684    0.536619
       16685    0.536617
       16686    0.536615
       16687    0.536615
       16688    0.536619
       16689    0.536618
       16690    0.536615
       16691     0.53662
       16692    0.536615
       16693    0.536617
       16694     0.53662
       16695    0.536623
       16696    0.536621
       16697    0.536625
       16698    0.536633
       16699    0.536632
       16700     0.53664
       16701    0.536644
       16702    0.536644
       16703     0.53664
       16704     0.53664
       16705    0.536636
       16706    0.536631
       16707    0.536626
       16708    0.536626
       16709    0.536627
       16710    0.536632
       16711    0.536637
       16712    0.536643
       16713    0.536645
       16714    0.536639
       16715    0.536642
       16716    0.536647
       16717    0.536647
       16718    0.536646
       16719    0.536652
       16720    0.536652
       16721    0.536651
       16722    0.536644
       16723    0.536643
       16724    0.536649
       16725    0.536647
       16726     0.53665
       16727    0.536653
       16728     0.53666
       16729    0.536663
       16730    0.536664
       16731    0.536657
       16732     0.53665
       16733    0.536639
       16734    0.536639
       16735    0.536646
       16736    0.536649
       16737     0.53665
       16738    0.536654
       16739    0.536658
       16740    0.536657
       16741    0.536659
       16742    0.536656
       16743    0.536653
       16744    0.536656
       16745    0.536659
       16746    0.536656
       16747    0.536658
       16748    0.536655
       16749    0.536645
       16750    0.536645
       16751    0.536641
       16752    0.536633
       16753    0.536635
       16754    0.536635
       16755    0.536632
       16756    0.536633
       16757    0.536635
       16758    0.536631
       16759    0.536636
       16760    0.536628
       16761    0.536625
       16762    0.536625
       16763    0.536631
       16764    0.536635
       16765    0.536635
       16766    0.536635
       16767    0.536635
       16768    0.536633
       16769    0.536637
       16770     0.53664
       16771    0.536638
       16772    0.536633
       16773    0.536634
       16774    0.536627
       16775    0.536625
       16776     0.53662
       16777    0.536616
       16778    0.536611
       16779    0.536606
       16780    0.536605
       16781    0.536602
       16782     0.53661
       16783    0.536611
       16784    0.536617
       16785    0.536622
       16786    0.536624
       16787    0.536621
       16788    0.536618
       16789    0.536618
       16790    0.536622
       16791    0.536624
       16792    0.536621
       16793    0.536617
       16794    0.536613
       16795    0.536611
       16796    0.536608
       16797    0.536604
       16798    0.536606
       16799    0.536607
       16800     0.53661
       16801    0.536608
       16802    0.536608
       16803    0.536605
       16804    0.536602
       16805    0.536596
       16806     0.53659
       16807    0.536593
       16808    0.536593
       16809    0.536588
       16810    0.536589
       16811    0.536586
       16812    0.536588
       16813     0.53659
       16814    0.536589
       16815    0.536599
       16816    0.536602
       16817    0.536604
       16818    0.536604
       16819    0.536605
       16820    0.536611
       16821    0.536619
       16822    0.536617
       16823    0.536619
       16824    0.536613
       16825    0.536609
       16826    0.536604
       16827    0.536606
       16828    0.536611
       16829    0.536618
       16830    0.536619
       16831    0.536623
       16832    0.536622
       16833    0.536616
       16834    0.536622
       16835    0.536623
       16836    0.536628
       16837     0.53662
       16838    0.536615
       16839    0.536609
       16840    0.536604
       16841    0.536604
       16842    0.536607
       16843    0.536608
       16844    0.536606
       16845    0.536611
       16846    0.536615
       16847    0.536613
       16848    0.536611
       16849    0.536606
       16850    0.536611
       16851    0.536607
       16852    0.536611
       16853    0.536604
       16854     0.53661
       16855    0.536614
       16856    0.536618
       16857    0.536621
       16858    0.536621
       16859    0.536616
       16860     0.53662
       16861    0.536617
       16862     0.53661
       16863    0.536613
       16864    0.536616
       16865     0.53662
       16866    0.536622
       16867    0.536628
       16868    0.536632
       16869    0.536633
       16870    0.536631
       16871     0.53663
       16872    0.536628
       16873    0.536631
       16874    0.536635
       16875    0.536627
       16876    0.536627
       16877    0.536625
       16878    0.536629
       16879    0.536633
       16880    0.536631
       16881    0.536628
       16882    0.536631
       16883    0.536633
       16884    0.536633
       16885    0.536635
       16886     0.53663
       16887    0.536627
       16888    0.536629
       16889    0.536624
       16890    0.536622
       16891    0.536626
       16892    0.536627
       16893    0.536631
       16894    0.536636
       16895     0.53664
       16896    0.536637
       16897    0.536635
       16898    0.536632
       16899    0.536625
       16900    0.536617
       16901    0.536612
       16902    0.536611
       16903    0.536612
       16904    0.536618
       16905    0.536625
       16906    0.536625
       16907    0.536628
       16908    0.536629
       16909    0.536635
       16910    0.536636
       16911    0.536636
       16912     0.53664
       16913    0.536648
       16914    0.536655
       16915    0.536657
       16916    0.536652
       16917    0.536656
       16918    0.536655
       16919    0.536651
       16920    0.536645
       16921    0.536644
       16922    0.536641
       16923    0.536646
       16924    0.536648
       16925    0.536648
       16926    0.536646
       16927    0.536644
       16928    0.536638
       16929    0.536641
       16930    0.536646
       16931    0.536651
       16932    0.536655
       16933    0.536651
       16934    0.536647
       16935    0.536642
       16936    0.536643
       16937    0.536647
       16938    0.536649
       16939     0.53666
       16940    0.536662
       16941    0.536661
       16942    0.536663
       16943    0.536667
       16944    0.536669
       16945    0.536671
       16946    0.536673
       16947    0.536673
       16948    0.536668
       16949    0.536672
       16950    0.536672
       16951     0.53667
       16952    0.536668
       16953    0.536667
       16954     0.53666
       16955    0.536659
       16956    0.536658
       16957    0.536661
       16958    0.536664
       16959    0.536667
       16960    0.536659
       16961    0.536654
       16962    0.536651
       16963    0.536652
       16964    0.536653
       16965    0.536656
       16966    0.536653
       16967    0.536651
       16968    0.536654
       16969    0.536653
       16970    0.536656
       16971    0.536661
       16972     0.53666
       16973    0.536664
       16974    0.536666
       16975     0.53667
       16976     0.53667
       16977    0.536675
       16978    0.536674
       16979    0.536676
       16980    0.536676
       16981    0.536675
       16982    0.536679
       16983    0.536675
       16984    0.536674
       16985    0.536682
       16986    0.536681
       16987    0.536684
       16988    0.536678
       16989    0.536676
       16990    0.536675
       16991    0.536678
       16992    0.536678
       16993    0.536677
       16994    0.536679
       16995    0.536672
       16996    0.536675
       16997    0.536677
       16998     0.53668
       16999    0.536679
       17000    0.536679
       17001    0.536682
       17002    0.536682
       17003    0.536686
       17004    0.536686
       17005    0.536687
       17006    0.536683
       17007    0.536683
       17008    0.536681
       17009    0.536679
       17010    0.536683
       17011    0.536687
       17012    0.536687
       17013    0.536696
       17014      0.5367
       17015    0.536704
       17016    0.536702
       17017    0.536705
       17018    0.536707
       17019    0.536714
       17020    0.536712
       17021    0.536708
       17022    0.536709
       17023    0.536709
       17024    0.536707
       17025    0.536707
       17026    0.536705
       17027    0.536705
       17028    0.536704
       17029    0.536694
       17030    0.536692
       17031    0.536689
       17032    0.536683
       17033    0.536683
       17034    0.536683
       17035    0.536687
       17036    0.536687
       17037    0.536685
       17038    0.536685
       17039     0.53668
       17040    0.536679
       17041    0.536681
       17042    0.536683
       17043    0.536682
       17044    0.536679
       17045    0.536675
       17046    0.536674
       17047    0.536681
       17048    0.536685
       17049    0.536688
       17050    0.536691
       17051    0.536695
       17052      0.5367
       17053    0.536703
       17054    0.536705
       17055    0.536704
       17056    0.536705
       17057    0.536703
       17058    0.536703
       17059    0.536704
       17060    0.536709
       17061    0.536718
       17062    0.536724
       17063    0.536725
       17064    0.536728
       17065    0.536735
       17066    0.536739
       17067    0.536737
       17068    0.536735
       17069    0.536738
       17070    0.536743
       17071    0.536746
       17072    0.536746
       17073    0.536742
       17074    0.536744
       17075    0.536748
       17076     0.53675
       17077    0.536752
       17078    0.536757
       17079    0.536764
       17080    0.536762
       17081    0.536761
       17082    0.536763
       17083    0.536762
       17084    0.536763
       17085    0.536765
       17086    0.536769
       17087    0.536762
       17088    0.536759
       17089    0.536761
       17090    0.536763
       17091    0.536765
       17092    0.536764
       17093    0.536763
       17094    0.536764
       17095    0.536766
       17096    0.536768
       17097    0.536768
       17098    0.536767
       17099    0.536767
       17100    0.536767
       17101    0.536767
       17102    0.536777
       17103     0.53678
       17104    0.536781
       17105    0.536782
       17106    0.536779
       17107    0.536775
       17108    0.536771
       17109    0.536768
       17110    0.536775
       17111    0.536772
       17112    0.536763
       17113    0.536762
       17114    0.536766
       17115    0.536769
       17116    0.536765
       17117    0.536762
       17118    0.536765
       17119    0.536759
       17120    0.536758
       17121    0.536763
       17122    0.536768
       17123    0.536775
       17124    0.536774
       17125    0.536761
       17126    0.536755
       17127    0.536748
       17128    0.536745
       17129    0.536747
       17130     0.53675
       17131    0.536753
       17132    0.536757
       17133    0.536752
       17134    0.536755
       17135    0.536758
       17136    0.536754
       17137    0.536751
       17138     0.53675
       17139    0.536745
       17140    0.536743
       17141    0.536741
       17142    0.536735
       17143    0.536729
       17144    0.536723
       17145    0.536726
       17146    0.536726
       17147    0.536728
       17148    0.536725
       17149    0.536718
       17150    0.536713
       17151    0.536714
       17152    0.536712
       17153    0.536717
       17154    0.536719
       17155     0.53672
       17156    0.536723
       17157    0.536729
       17158    0.536735
       17159    0.536741
       17160    0.536744
       17161    0.536746
       17162    0.536742
       17163    0.536743
       17164    0.536738
       17165     0.53674
       17166    0.536737
       17167    0.536735
       17168    0.536731
       17169    0.536737
       17170    0.536741
       17171    0.536738
       17172    0.536734
       17173    0.536731
       17174    0.536729
       17175    0.536729
       17176    0.536729
       17177     0.53673
       17178    0.536723
       17179    0.536724
       17180    0.536723
       17181    0.536719
       17182    0.536712
       17183    0.536705
       17184    0.536708
       17185    0.536708
       17186    0.536708
       17187    0.536709
       17188    0.536712
       17189    0.536716
       17190    0.536719
       17191    0.536722
       17192    0.536729
       17193    0.536729
       17194    0.536722
       17195    0.536717
       17196    0.536711
       17197    0.536708
       17198    0.536705
       17199    0.536701
       17200    0.536694
       17201    0.536696
       17202    0.536704
       17203    0.536702
       17204      0.5367
       17205    0.536699
       17206    0.536701
       17207    0.536701
       17208    0.536707
       17209    0.536707
       17210    0.536708
       17211     0.53671
       17212     0.53671
       17213    0.536712
       17214    0.536711
       17215    0.536711
       17216    0.536709
       17217     0.53671
       17218    0.536715
       17219    0.536719
       17220    0.536717
       17221    0.536724
       17222     0.53673
       17223    0.536727
       17224    0.536728
       17225    0.536731
       17226    0.536735
       17227    0.536738
       17228    0.536741
       17229    0.536739
       17230     0.53674
       17231    0.536745
       17232    0.536744
       17233    0.536744
       17234    0.536748
       17235    0.536754
       17236    0.536759
       17237    0.536763
       17238    0.536766
       17239    0.536763
       17240    0.536768
       17241    0.536773
       17242    0.536776
       17243     0.53678
       17244    0.536785
       17245    0.536795
       17246    0.536798
       17247    0.536803
       17248    0.536806
       17249    0.536807
       17250    0.536805
       17251    0.536805
       17252    0.536805
       17253    0.536805
       17254    0.536805
       17255    0.536809
       17256    0.536811
       17257    0.536807
       17258     0.53681
       17259    0.536811
       17260    0.536807
       17261    0.536808
       17262    0.536807
       17263    0.536806
       17264    0.536807
       17265    0.536811
       17266     0.53681
       17267    0.536809
       17268    0.536802
       17269    0.536803
       17270    0.536804
       17271      0.5368
       17272    0.536806
       17273    0.536809
       17274    0.536813
       17275     0.53681
       17276    0.536813
       17277    0.536822
       17278    0.536824
       17279    0.536824
       17280     0.53682
       17281    0.536815
       17282    0.536815
       17283    0.536816
       17284    0.536817
       17285    0.536817
       17286    0.536815
       17287    0.536812
       17288    0.536812
       17289    0.536814
       17290    0.536811
       17291    0.536806
       17292    0.536803
       17293    0.536802
       17294    0.536804
       17295    0.536807
       17296    0.536808
       17297    0.536805
       17298    0.536805
       17299    0.536807
       17300     0.53681
       17301    0.536807
       17302    0.536805
       17303    0.536803
       17304    0.536806
       17305     0.53681
       17306    0.536811
       17307    0.536808
       17308     0.53681
       17309    0.536814
       17310    0.536817
       17311    0.536811
       17312    0.536813
       17313    0.536814
       17314    0.536814
       17315    0.536816
       17316    0.536814
       17317    0.536817
       17318    0.536823
       17319    0.536822
       17320     0.53682
       17321    0.536813
       17322    0.536807
       17323    0.536804
       17324    0.536803
       17325    0.536803
       17326    0.536802
       17327    0.536806
       17328    0.536805
       17329    0.536807
       17330    0.536802
       17331    0.536796
       17332    0.536791
       17333    0.536784
       17334    0.536782
       17335    0.536781
       17336    0.536781
       17337    0.536778
       17338    0.536772
       17339    0.536772
       17340    0.536772
       17341    0.536773
       17342    0.536773
       17343     0.53677
       17344    0.536766
       17345    0.536769
       17346    0.536769
       17347     0.53677
       17348    0.536768
       17349    0.536766
       17350    0.536768
       17351    0.536768
       17352     0.53677
       17353     0.53677
       17354    0.536773
       17355    0.536776
       17356    0.536777
       17357    0.536775
       17358    0.536772
       17359    0.536775
       17360    0.536779
       17361    0.536776
       17362    0.536772
       17363     0.53677
       17364    0.536765
       17365    0.536769
       17366    0.536771
       17367    0.536775
       17368    0.536775
       17369     0.53677
       17370    0.536767
       17371    0.536767
       17372    0.536765
       17373    0.536767
       17374     0.53677
       17375    0.536771
       17376    0.536773
       17377    0.536775
       17378    0.536773
       17379    0.536772
       17380    0.536775
       17381    0.536778
       17382    0.536784
       17383    0.536784
       17384    0.536779
       17385    0.536781
       17386    0.536792
       17387    0.536795
       17388    0.536791
       17389    0.536794
       17390    0.536792
       17391    0.536795
       17392    0.536794
       17393    0.536797
       17394    0.536799
       17395    0.536795
       17396    0.536788
       17397    0.536781
       17398    0.536777
       17399    0.536769
       17400    0.536774
       17401    0.536774
       17402    0.536781
       17403    0.536782
       17404    0.536787
       17405    0.536787
       17406    0.536794
       17407    0.536796
       17408    0.536794
       17409    0.536792
       17410    0.536792
       17411    0.536794
       17412    0.536793
       17413    0.536792
       17414    0.536799
       17415    0.536802
       17416    0.536803
       17417    0.536801
       17418    0.536804
       17419    0.536802
       17420    0.536803
       17421      0.5368
       17422    0.536798
       17423    0.536795
       17424    0.536796
       17425    0.536793
       17426    0.536784
       17427    0.536783
       17428    0.536784
       17429    0.536782
       17430    0.536778
       17431    0.536782
       17432    0.536786
       17433    0.536785
       17434     0.53678
       17435    0.536777
       17436    0.536778
       17437     0.53678
       17438     0.53678
       17439     0.53678
       17440    0.536781
       17441    0.536778
       17442    0.536776
       17443    0.536776
       17444    0.536772
       17445    0.536763
       17446    0.536756
       17447    0.536753
       17448    0.536749
       17449    0.536743
       17450    0.536741
       17451    0.536738
       17452    0.536743
       17453    0.536749
       17454    0.536748
       17455    0.536748
       17456    0.536745
       17457    0.536747
       17458     0.53675
       17459    0.536755
       17460    0.536761
       17461    0.536766
       17462    0.536765
       17463    0.536768
       17464    0.536767
       17465    0.536768
       17466    0.536768
       17467    0.536772
       17468    0.536774
       17469     0.53678
       17470     0.53678
       17471    0.536781
       17472    0.536778
       17473    0.536781
       17474    0.536779
       17475    0.536777
       17476    0.536783
       17477    0.536788
       17478    0.536795
       17479    0.536796
       17480    0.536798
       17481    0.536799
       17482    0.536802
       17483    0.536807
       17484    0.536803
       17485    0.536804
       17486    0.536806
       17487    0.536812
       17488    0.536808
       17489    0.536813
       17490    0.536813
       17491    0.536814
       17492    0.536813
       17493    0.536812
       17494    0.536818
       17495    0.536823
       17496    0.536829
       17497     0.53683
       17498    0.536838
       17499    0.536844
       17500    0.536844
       17501    0.536837
       17502    0.536834
       17503    0.536835
       17504     0.53683
       17505    0.536833
       17506    0.536831
       17507    0.536831
       17508    0.536831
       17509    0.536831
       17510    0.536831
       17511     0.53683
       17512    0.536828
       17513    0.536824
       17514    0.536825
       17515    0.536825
       17516    0.536824
       17517    0.536822
       17518    0.536821
       17519    0.536817
       17520     0.53681
       17521    0.536809
       17522    0.536809
       17523    0.536808
       17524     0.53681
       17525    0.536812
       17526     0.53681
       17527    0.536808
       17528    0.536808
       17529    0.536803
       17530    0.536804
       17531    0.536807
       17532     0.53681
       17533    0.536812
       17534    0.536812
       17535    0.536813
       17536    0.536814
       17537    0.536814
       17538    0.536819
       17539    0.536826
       17540    0.536831
       17541    0.536837
       17542     0.53684
       17543    0.536843
       17544    0.536844
       17545    0.536842
       17546    0.536842
       17547    0.536847
       17548    0.536858
       17549    0.536867
       17550    0.536873
       17551    0.536877
       17552    0.536881
       17553    0.536885
       17554    0.536883
       17555    0.536886
       17556    0.536891
       17557    0.536886
       17558    0.536887
       17559    0.536884
       17560    0.536881
       17561    0.536878
       17562    0.536883
       17563     0.53689
       17564    0.536889
       17565    0.536894
       17566    0.536899
       17567    0.536901
       17568    0.536899
       17569    0.536899
       17570    0.536898
       17571    0.536895
       17572    0.536891
       17573    0.536882
       17574    0.536875
       17575    0.536874
       17576    0.536878
       17577     0.53688
       17578    0.536881
       17579    0.536883
       17580    0.536885
       17581    0.536875
       17582    0.536876
       17583    0.536878
       17584    0.536879
       17585    0.536884
       17586    0.536885
       17587    0.536885
       17588    0.536888
       17589    0.536889
       17590    0.536892
       17591    0.536898
       17592    0.536903
       17593    0.536901
       17594    0.536902
       17595    0.536902
       17596    0.536897
       17597    0.536893
       17598    0.536893
       17599    0.536884
       17600     0.53688
       17601    0.536875
       17602    0.536878
       17603    0.536881
       17604    0.536877
       17605    0.536879
       17606    0.536875
       17607    0.536875
       17608    0.536867
       17609    0.536869
       17610    0.536864
       17611    0.536863
       17612     0.53686
       17613    0.536857
       17614    0.536852
       17615    0.536852
       17616    0.536852
       17617    0.536853
       17618    0.536861
       17619    0.536862
       17620    0.536861
       17621    0.536864
       17622    0.536863
       17623    0.536862
       17624    0.536865
       17625    0.536865
       17626    0.536865
       17627    0.536866
       17628    0.536865
       17629    0.536863
       17630    0.536866
       17631     0.53686
       17632    0.536863
       17633    0.536862
       17634    0.536866
       17635    0.536867
       17636    0.536861
       17637    0.536859
       17638    0.536861
       17639    0.536865
       17640    0.536873
       17641    0.536875
       17642    0.536876
       17643    0.536872
       17644    0.536867
       17645    0.536869
       17646    0.536868
       17647    0.536864
       17648    0.536864
       17649     0.53686
       17650    0.536859
       17651    0.536859
       17652     0.53686
       17653    0.536861
       17654    0.536864
       17655    0.536864
       17656    0.536872
       17657    0.536876
       17658     0.53688
       17659    0.536882
       17660    0.536881
       17661    0.536882
       17662    0.536882
       17663    0.536887
       17664    0.536883
       17665    0.536883
       17666    0.536883
       17667    0.536881
       17668    0.536887
       17669    0.536889
       17670     0.53689
       17671    0.536891
       17672    0.536887
       17673    0.536891
       17674    0.536888
       17675    0.536895
       17676    0.536892
       17677    0.536886
       17678    0.536885
       17679    0.536889
       17680    0.536892
       17681    0.536891
       17682    0.536893
       17683    0.536893
       17684    0.536891
       17685     0.53689
       17686    0.536889
       17687    0.536884
       17688    0.536882
       17689     0.53688
       17690    0.536884
       17691    0.536878
       17692    0.536879
       17693    0.536879
       17694    0.536881
       17695    0.536876
       17696    0.536874
       17697    0.536876
       17698    0.536876
       17699     0.53688
       17700    0.536884
       17701    0.536884
       17702    0.536885
       17703     0.53689
       17704    0.536894
       17705    0.536899
       17706      0.5369
       17707    0.536903
       17708    0.536904
       17709    0.536903
       17710    0.536907
       17711    0.536905
       17712    0.536912
       17713    0.536915
       17714    0.536916
       17715     0.53691
       17716    0.536907
       17717    0.536907
       17718    0.536906
       17719    0.536906
       17720    0.536902
       17721    0.536899
       17722    0.536897
       17723      0.5369
       17724    0.536899
       17725    0.536898
       17726    0.536892
       17727     0.53689
       17728    0.536888
       17729    0.536891
       17730     0.53689
       17731    0.536892
       17732    0.536892
       17733    0.536895
       17734    0.536895
       17735    0.536901
       17736    0.536904
       17737    0.536906
       17738     0.53691
       17739    0.536914
       17740    0.536913
       17741    0.536913
       17742    0.536911
       17743    0.536915
       17744    0.536909
       17745    0.536908
       17746    0.536903
       17747    0.536898
       17748    0.536895
       17749    0.536892
       17750    0.536888
       17751    0.536887
       17752    0.536883
       17753    0.536885
       17754    0.536883
       17755    0.536879
       17756    0.536882
       17757    0.536884
       17758    0.536881
       17759    0.536881
       17760    0.536883
       17761    0.536883
       17762    0.536876
       17763    0.536874
       17764    0.536868
       17765    0.536864
       17766    0.536859
       17767     0.53686
       17768    0.536864
       17769    0.536857
       17770    0.536854
       17771    0.536856
       17772    0.536857
       17773     0.53686
       17774    0.536864
       17775    0.536871
       17776    0.536873
       17777    0.536872
       17778    0.536864
       17779    0.536859
       17780    0.536856
       17781    0.536855
       17782    0.536859
       17783    0.536859
       17784    0.536862
       17785    0.536857
       17786    0.536851
       17787    0.536855
       17788    0.536853
       17789    0.536853
       17790    0.536851
       17791     0.53685
       17792    0.536851
       17793    0.536852
       17794     0.53685
       17795    0.536846
       17796    0.536843
       17797    0.536843
       17798    0.536841
       17799    0.536844
       17800    0.536843
       17801     0.53684
       17802    0.536841
       17803    0.536844
       17804    0.536844
       17805    0.536838
       17806    0.536834
       17807     0.53683
       17808    0.536823
       17809    0.536828
       17810    0.536826
       17811    0.536828
       17812    0.536829
       17813    0.536825
       17814     0.53683
       17815    0.536834
       17816    0.536829
       17817    0.536827
       17818    0.536824
       17819    0.536827
       17820    0.536832
       17821    0.536832
       17822    0.536826
       17823    0.536823
       17824    0.536821
       17825    0.536825
       17826    0.536824
       17827    0.536815
       17828    0.536812
       17829    0.536811
       17830    0.536809
       17831    0.536801
       17832    0.536795
       17833    0.536792
       17834    0.536787
       17835    0.536781
       17836    0.536778
       17837    0.536783
       17838    0.536791
       17839    0.536795
       17840    0.536799
       17841    0.536795
       17842    0.536792
       17843    0.536791
       17844    0.536796
       17845    0.536797
       17846    0.536805
       17847    0.536811
       17848    0.536814
       17849    0.536815
       17850    0.536813
       17851     0.53681
       17852     0.53681
       17853     0.53681
       17854     0.53681
       17855    0.536816
       17856    0.536818
       17857    0.536819
       17858    0.536817
       17859    0.536822
       17860    0.536826
       17861     0.53683
       17862    0.536823
       17863    0.536822
       17864    0.536827
       17865    0.536831
       17866     0.53683
       17867    0.536832
       17868    0.536829
       17869    0.536824
       17870     0.53682
       17871    0.536814
       17872    0.536808
       17873    0.536813
       17874    0.536817
       17875    0.536815
       17876    0.536817
       17877    0.536815
       17878     0.53682
       17879    0.536823
       17880    0.536826
       17881    0.536832
       17882    0.536838
       17883     0.53684
       17884    0.536838
       17885    0.536844
       17886     0.53684
       17887    0.536835
       17888    0.536834
       17889     0.53683
       17890     0.53683
       17891    0.536828
       17892    0.536828
       17893    0.536824
       17894    0.536827
       17895     0.53683
       17896     0.53683
       17897     0.53683
       17898    0.536836
       17899    0.536837
       17900    0.536837
       17901    0.536839
       17902    0.536842
       17903     0.53684
       17904    0.536838
       17905    0.536834
       17906    0.536836
       17907    0.536839
       17908    0.536837
       17909    0.536833
       17910    0.536832
       17911    0.536835
       17912     0.53684
       17913    0.536843
       17914    0.536842
       17915    0.536838
       17916    0.536838
       17917    0.536844
       17918    0.536848
       17919    0.536852
       17920     0.53685
       17921    0.536848
       17922    0.536846
       17923    0.536843
       17924    0.536836
       17925    0.536831
       17926    0.536827
       17927    0.536831
       17928    0.536836
       17929    0.536833
       17930     0.53684
       17931    0.536841
       17932    0.536837
       17933    0.536841
       17934    0.536839
       17935    0.536838
       17936    0.536835
       17937    0.536836
       17938    0.536832
       17939     0.53683
       17940    0.536828
       17941    0.536833
       17942    0.536831
       17943    0.536829
       17944    0.536829
       17945    0.536832
       17946    0.536836
       17947    0.536838
       17948    0.536837
       17949    0.536839
       17950    0.536834
       17951    0.536834
       17952    0.536831
       17953    0.536833
       17954    0.536833
       17955    0.536834
       17956    0.536839
       17957     0.53684
       17958    0.536838
       17959     0.53684
       17960    0.536835
       17961    0.536834
       17962     0.53683
       17963    0.536831
       17964    0.536827
       17965    0.536835
       17966    0.536839
       17967    0.536844
       17968    0.536847
       17969    0.536846
       17970    0.536839
       17971    0.536837
       17972    0.536839
       17973    0.536843
       17974    0.536843
       17975    0.536841
       17976     0.53685
       17977     0.53686
       17978    0.536858
       17979    0.536854
       17980    0.536856
       17981    0.536852
       17982    0.536852
       17983    0.536856
       17984    0.536857
       17985    0.536858
       17986    0.536862
       17987    0.536861
       17988    0.536864
       17989    0.536863
       17990    0.536867
       17991     0.53687
       17992    0.536868
       17993    0.536869
       17994    0.536866
       17995    0.536862
       17996     0.53686
       17997     0.53686
       17998    0.536861
       17999    0.536867
       18000    0.536867
       18001    0.536867
       18002    0.536875
       18003    0.536876
       18004    0.536878
       18005    0.536884
       18006    0.536888
       18007    0.536892
       18008    0.536896
       18009    0.536897
       18010    0.536897
       18011    0.536894
       18012    0.536892
       18013    0.536891
       18014    0.536892
       18015    0.536892
       18016    0.536893
       18017    0.536894
       18018    0.536898
       18019    0.536896
       18020    0.536895
       18021    0.536899
       18022    0.536905
       18023    0.536912
       18024     0.53692
       18025    0.536919
       18026    0.536922
       18027    0.536926
       18028    0.536922
       18029    0.536917
       18030    0.536917
       18031    0.536917
       18032    0.536914
       18033    0.536912
       18034    0.536917
       18035    0.536915
       18036    0.536916
       18037     0.53692
       18038    0.536916
       18039    0.536911
       18040    0.536909
       18041    0.536907
       18042    0.536898
       18043    0.536898
       18044    0.536899
       18045    0.536897
       18046    0.536895
       18047    0.536895
       18048    0.536895
       18049    0.536894
       18050    0.536898
       18051    0.536898
       18052    0.536899
       18053      0.5369
       18054      0.5369
       18055      0.5369
       18056    0.536898
       18057    0.536898
       18058    0.536903
       18059    0.536898
       18060    0.536899
       18061    0.536896
       18062    0.536892
       18063    0.536891
       18064    0.536887
       18065    0.536887
       18066    0.536886
       18067    0.536887
       18068    0.536892
       18069    0.536891
       18070    0.536891
       18071    0.536887
       18072    0.536889
       18073    0.536885
       18074     0.53689
       18075    0.536893
       18076    0.536897
       18077    0.536894
       18078    0.536892
       18079    0.536893
       18080    0.536898
       18081    0.536897
       18082    0.536893
       18083    0.536893
       18084    0.536891
       18085    0.536892
       18086    0.536894
       18087     0.53689
       18088     0.53689
       18089    0.536891
       18090    0.536896
       18091    0.536901
       18092    0.536902
       18093    0.536903
       18094      0.5369
       18095    0.536897
       18096    0.536892
       18097    0.536891
       18098    0.536894
       18099    0.536895
       18100    0.536895
       18101    0.536902
       18102    0.536897
       18103    0.536892
       18104    0.536889
       18105    0.536892
       18106    0.536895
       18107    0.536895
       18108    0.536895
       18109    0.536896
       18110    0.536894
       18111    0.536888
       18112    0.536884
       18113    0.536879
       18114    0.536879
       18115    0.536883
       18116     0.53689
       18117    0.536895
       18118    0.536897
       18119    0.536894
       18120    0.536898
       18121    0.536895
       18122    0.536894
       18123    0.536893
       18124    0.536889
       18125    0.536883
       18126    0.536884
       18127    0.536887
       18128    0.536884
       18129     0.53688
       18130    0.536884
       18131     0.53688
       18132    0.536878
       18133     0.53688
       18134    0.536879
       18135    0.536875
       18136    0.536877
       18137    0.536871
       18138    0.536864
       18139    0.536863
       18140    0.536864
       18141    0.536861
       18142    0.536859
       18143    0.536858
       18144    0.536857
       18145    0.536856
       18146    0.536861
       18147    0.536864
       18148    0.536869
       18149    0.536872
       18150    0.536873
       18151    0.536876
       18152    0.536887
       18153    0.536888
       18154    0.536886
       18155    0.536883
       18156    0.536885
       18157    0.536887
       18158    0.536888
       18159    0.536892
       18160    0.536896
       18161    0.536896
       18162    0.536903
       18163    0.536904
       18164      0.5369
       18165    0.536894
       18166    0.536891
       18167    0.536889
       18168    0.536889
       18169    0.536887
       18170    0.536887
       18171     0.53689
       18172    0.536894
       18173    0.536893
       18174    0.536891
       18175    0.536894
       18176    0.536895
       18177    0.536897
       18178      0.5369
       18179    0.536903
       18180    0.536906
       18181    0.536909
       18182     0.53691
       18183    0.536907
       18184    0.536905
       18185    0.536898
       18186    0.536896
       18187    0.536887
       18188    0.536884
       18189    0.536885
       18190    0.536887
       18191     0.53689
       18192    0.536893
       18193    0.536897
       18194      0.5369
       18195    0.536899
       18196      0.5369
       18197    0.536902
       18198    0.536902
       18199    0.536896
       18200    0.536894
       18201    0.536891
       18202    0.536895
       18203    0.536896
       18204      0.5369
       18205    0.536904
       18206    0.536903
       18207    0.536899
       18208    0.536899
       18209      0.5369
       18210    0.536895
       18211    0.536894
       18212    0.536894
       18213    0.536894
       18214    0.536894
       18215    0.536894
       18216    0.536895
       18217    0.536899
       18218    0.536899
       18219    0.536902
       18220    0.536903
       18221    0.536904
       18222    0.536906
       18223    0.536907
       18224      0.5369
       18225    0.536892
       18226    0.536894
       18227    0.536894
       18228    0.536897
       18229    0.536898
       18230    0.536896
       18231    0.536892
       18232    0.536894
       18233    0.536894
       18234    0.536899
       18235      0.5369
       18236    0.536905
       18237    0.536906
       18238    0.536912
       18239    0.536917
       18240    0.536921
       18241    0.536919
       18242    0.536917
       18243    0.536917
       18244    0.536915
       18245    0.536911
       18246    0.536911
       18247    0.536912
       18248    0.536914
       18249    0.536912
       18250    0.536903
       18251    0.536901
       18252    0.536899
       18253    0.536904
       18254    0.536901
       18255    0.536898
       18256    0.536893
       18257    0.536893
       18258    0.536885
       18259    0.536887
       18260    0.536887
       18261    0.536891
       18262    0.536892
       18263    0.536891
       18264    0.536887
       18265     0.53689
       18266    0.536887
       18267    0.536888
       18268    0.536886
       18269    0.536884
       18270    0.536889
       18271    0.536892
       18272    0.536892
       18273    0.536895
       18274    0.536892
       18275    0.536886
       18276    0.536886
       18277    0.536882
       18278    0.536877
       18279     0.53687
       18280    0.536862
       18281    0.536855
       18282    0.536855
       18283    0.536854
       18284    0.536854
       18285    0.536855
       18286    0.536859
       18287    0.536856
       18288     0.53685
       18289    0.536848
       18290    0.536845
       18291    0.536836
       18292    0.536831
       18293    0.536825
       18294    0.536828
       18295    0.536829
       18296    0.536829
       18297    0.536829
       18298     0.53683
       18299    0.536832
       18300    0.536837
       18301    0.536843
       18302    0.536841
       18303    0.536843
       18304    0.536843
       18305    0.536846
       18306    0.536842
       18307     0.53684
       18308    0.536839
       18309    0.536838
       18310    0.536837
       18311    0.536836
       18312    0.536834
       18313    0.536833
       18314    0.536833
       18315    0.536837
       18316    0.536837
       18317    0.536839
       18318    0.536841
       18319    0.536842
       18320    0.536839
       18321     0.53684
       18322    0.536835
       18323    0.536829
       18324    0.536834
       18325    0.536839
       18326    0.536837
       18327    0.536837
       18328     0.53684
       18329    0.536837
       18330    0.536834
       18331    0.536841
       18332     0.53684
       18333    0.536845
       18334    0.536843
       18335    0.536841
       18336     0.53684
       18337    0.536845
       18338    0.536845
       18339    0.536852
       18340    0.536855
       18341    0.536857
       18342    0.536861
       18343    0.536862
       18344    0.536861
       18345    0.536863
       18346    0.536864
       18347    0.536864
       18348    0.536867
       18349    0.536865
       18350    0.536865
       18351    0.536861
       18352    0.536862
       18353    0.536862
       18354    0.536864
       18355    0.536869
       18356     0.53687
       18357     0.53687
       18358    0.536873
       18359     0.53687
       18360    0.536867
       18361    0.536864
       18362    0.536855
       18363    0.536856
       18364    0.536857
       18365    0.536855
       18366    0.536853
       18367    0.536854
       18368    0.536859
       18369    0.536863
       18370    0.536864
       18371    0.536862
       18372     0.53686
       18373    0.536863
       18374    0.536866
       18375    0.536868
       18376    0.536866
       18377    0.536862
       18378    0.536864
       18379    0.536865
       18380    0.536858
       18381    0.536856
       18382    0.536849
       18383    0.536844
       18384    0.536846
       18385    0.536839
       18386    0.536836
       18387    0.536837
       18388    0.536837
       18389    0.536838
       18390    0.536836
       18391    0.536831
       18392    0.536826
       18393    0.536825
       18394    0.536826
       18395    0.536825
       18396    0.536824
       18397    0.536825
       18398    0.536826
       18399    0.536825
       18400     0.53683
       18401    0.536837
       18402    0.536835
       18403    0.536835
       18404    0.536832
       18405    0.536824
       18406    0.536822
       18407    0.536821
       18408    0.536825
       18409    0.536828
       18410    0.536829
       18411    0.536829
       18412    0.536824
       18413    0.536825
       18414    0.536824
       18415    0.536826
       18416    0.536824
       18417    0.536824
       18418    0.536828
       18419    0.536834
       18420    0.536833
       18421    0.536842
       18422    0.536848
       18423    0.536846
       18424    0.536842
       18425    0.536844
       18426    0.536843
       18427    0.536847
       18428    0.536847
       18429    0.536848
       18430    0.536848
       18431    0.536846
       18432    0.536844
       18433    0.536849
       18434    0.536846
       18435    0.536847
       18436    0.536848
       18437    0.536847
       18438    0.536846
       18439    0.536849
       18440    0.536846
       18441    0.536845
       18442    0.536848
       18443    0.536846
       18444    0.536846
       18445    0.536845
       18446    0.536845
       18447    0.536842
       18448    0.536848
       18449    0.536849
       18450    0.536846
       18451    0.536844
       18452    0.536842
       18453    0.536845
       18454    0.536839
       18455    0.536843
       18456    0.536844
       18457    0.536847
       18458     0.53685
       18459    0.536851
       18460    0.536849
       18461    0.536847
       18462    0.536849
       18463    0.536852
       18464    0.536849
       18465    0.536848
       18466    0.536853
       18467    0.536855
       18468    0.536851
       18469    0.536847
       18470    0.536849
       18471     0.53685
       18472    0.536848
       18473    0.536852
       18474    0.536851
       18475    0.536855
       18476    0.536853
       18477    0.536854
       18478    0.536857
       18479    0.536854
       18480    0.536852
       18481    0.536858
       18482    0.536857
       18483    0.536855
       18484    0.536852
       18485    0.536853
       18486    0.536854
       18487    0.536855
       18488    0.536854
       18489    0.536859
       18490    0.536865
       18491    0.536868
       18492    0.536867
       18493    0.536863
       18494    0.536866
       18495    0.536863
       18496    0.536867
       18497    0.536871
       18498    0.536873
       18499    0.536876
       18500    0.536878
       18501    0.536877
       18502     0.53688
       18503    0.536884
       18504    0.536883
       18505    0.536887
       18506    0.536888
       18507    0.536888
       18508    0.536887
       18509    0.536889
       18510    0.536887
       18511    0.536886
       18512    0.536878
       18513    0.536876
       18514    0.536874
       18515    0.536873
       18516    0.536871
       18517    0.536873
       18518     0.53687
       18519     0.53687
       18520     0.53687
       18521    0.536865
       18522    0.536866
       18523    0.536868
       18524    0.536869
       18525    0.536867
       18526    0.536872
       18527     0.53688
       18528    0.536884
       18529     0.53689
       18530    0.536895
       18531    0.536898
       18532      0.5369
       18533    0.536899
       18534    0.536894
       18535    0.536897
       18536    0.536899
       18537    0.536902
       18538    0.536907
       18539    0.536903
       18540    0.536905
       18541    0.536903
       18542    0.536904
       18543    0.536904
       18544    0.536902
       18545    0.536905
       18546    0.536909
       18547    0.536912
       18548    0.536914
       18549    0.536913
       18550    0.536913
       18551    0.536911
       18552    0.536909
       18553    0.536913
       18554    0.536914
       18555    0.536912
       18556    0.536911
       18557    0.536909
       18558    0.536905
       18559    0.536901
       18560    0.536898
       18561    0.536893
       18562    0.536887
       18563    0.536881
       18564    0.536879
       18565    0.536878
       18566     0.53687
       18567    0.536866
       18568     0.53687
       18569    0.536875
       18570     0.53688
       18571     0.53688
       18572    0.536879
       18573    0.536877
       18574    0.536878
       18575    0.536875
       18576    0.536872
       18577     0.53687
       18578    0.536868
       18579    0.536872
       18580    0.536871
       18581    0.536877
       18582    0.536882
       18583    0.536881
       18584     0.53688
       18585    0.536868
       18586    0.536863
       18587    0.536864
       18588    0.536861
       18589    0.536861
       18590    0.536863
       18591    0.536866
       18592    0.536874
       18593    0.536877
       18594    0.536873
       18595    0.536877
       18596     0.53688
       18597    0.536875
       18598    0.536877
       18599    0.536878
       18600    0.536874
       18601    0.536873
       18602     0.53688
       18603    0.536877
       18604     0.53687
       18605    0.536873
       18606     0.53687
       18607    0.536869
       18608    0.536865
       18609    0.536859
       18610    0.536851
       18611    0.536852
       18612    0.536854
       18613    0.536856
       18614    0.536856
       18615    0.536853
       18616    0.536856
       18617    0.536856
       18618     0.53685
       18619    0.536847
       18620    0.536846
       18621    0.536845
       18622    0.536846
       18623    0.536851
       18624    0.536852
       18625    0.536853
       18626    0.536855
       18627    0.536856
       18628    0.536853
       18629    0.536857
       18630    0.536855
       18631    0.536856
       18632    0.536859
       18633    0.536857
       18634    0.536857
       18635    0.536863
       18636    0.536861
       18637    0.536863
       18638    0.536864
       18639    0.536871
       18640    0.536872
       18641    0.536877
       18642    0.536877
       18643    0.536882
       18644    0.536887
       18645    0.536887
       18646     0.53689
       18647     0.53689
       18648    0.536888
       18649    0.536891
       18650     0.53689
       18651    0.536894
       18652    0.536891
       18653    0.536885
       18654    0.536884
       18655    0.536882
       18656    0.536882
       18657    0.536879
       18658    0.536877
       18659    0.536874
       18660    0.536871
       18661    0.536865
       18662    0.536861
       18663    0.536853
       18664    0.536848
       18665    0.536844
       18666    0.536839
       18667    0.536837
       18668    0.536831
       18669    0.536834
       18670    0.536838
       18671    0.536839
       18672    0.536837
       18673     0.53684
       18674    0.536838
       18675    0.536837
       18676    0.536833
       18677     0.53683
       18678     0.53682
       18679    0.536818
       18680    0.536815
       18681    0.536813
       18682    0.536813
       18683    0.536817
       18684    0.536808
       18685    0.536804
       18686    0.536805
       18687    0.536805
       18688    0.536803
       18689    0.536802
       18690    0.536796
       18691    0.536799
       18692    0.536798
       18693    0.536798
       18694    0.536796
       18695    0.536797
       18696    0.536793
       18697    0.536796
       18698    0.536796
       18699    0.536789
       18700     0.53679
       18701    0.536793
       18702    0.536789
       18703    0.536791
       18704    0.536788
       18705    0.536785
       18706    0.536782
       18707    0.536778
       18708    0.536778
       18709    0.536773
       18710    0.536772
       18711    0.536768
       18712     0.53676
       18713    0.536759
       18714    0.536755
       18715    0.536754
       18716    0.536752
       18717     0.53675
       18718    0.536753
       18719    0.536753
       18720    0.536753
       18721    0.536756
       18722    0.536759
       18723    0.536757
       18724    0.536755
       18725    0.536754
       18726    0.536759
       18727    0.536765
       18728    0.536767
       18729    0.536766
       18730     0.53677
       18731    0.536773
       18732    0.536769
       18733    0.536763
       18734    0.536758
       18735    0.536753
       18736    0.536754
       18737    0.536759
       18738    0.536759
       18739    0.536763
       18740    0.536766
       18741    0.536768
       18742    0.536771
       18743    0.536771
       18744    0.536769
       18745    0.536766
       18746    0.536762
       18747    0.536762
       18748    0.536762
       18749    0.536765
       18750    0.536767
       18751    0.536761
       18752    0.536756
       18753    0.536758
       18754    0.536762
       18755    0.536762
       18756    0.536763
       18757    0.536766
       18758    0.536765
       18759    0.536766
       18760     0.53677
       18761    0.536773
       18762    0.536775
       18763    0.536775
       18764    0.536768
       18765    0.536761
       18766    0.536759
       18767    0.536755
       18768    0.536748
       18769    0.536741
       18770     0.53674
       18771    0.536738
       18772    0.536733
       18773    0.536739
       18774    0.536735
       18775    0.536734
       18776    0.536737
       18777     0.53674
       18778    0.536746
       18779     0.53674
       18780    0.536748
       18781    0.536751
       18782    0.536744
       18783    0.536745
       18784    0.536744
       18785    0.536739
       18786    0.536734
       18787    0.536732
       18788    0.536728
       18789    0.536731
       18790    0.536725
       18791    0.536732
       18792    0.536732
       18793    0.536735
       18794    0.536735
       18795    0.536731
       18796    0.536726
       18797     0.53672
       18798    0.536721
       18799    0.536719
       18800    0.536724
       18801    0.536725
       18802    0.536729
       18803    0.536726
       18804    0.536728
       18805    0.536728
       18806    0.536731
       18807    0.536726
       18808    0.536724
       18809    0.536722
       18810    0.536716
       18811    0.536714
       18812     0.53671
       18813    0.536706
       18814    0.536711
       18815    0.536716
       18816    0.536719
       18817    0.536725
       18818    0.536732
       18819    0.536733
       18820    0.536739
       18821    0.536734
       18822    0.536729
       18823    0.536723
       18824    0.536719
       18825    0.536717
       18826    0.536714
       18827    0.536718
       18828    0.536717
       18829    0.536721
       18830    0.536719
       18831    0.536713
       18832    0.536709
       18833    0.536709
       18834    0.536704
       18835    0.536705
       18836    0.536705
       18837    0.536704
       18838    0.536705
       18839    0.536703
       18840      0.5367
       18841    0.536696
       18842    0.536699
       18843    0.536695
       18844    0.536692
       18845    0.536695
       18846    0.536694
       18847    0.536697
       18848    0.536692
       18849     0.53669
       18850    0.536693
       18851    0.536695
       18852    0.536693
       18853    0.536692
       18854    0.536694
       18855    0.536692
       18856    0.536693
       18857    0.536701
       18858    0.536709
       18859    0.536711
       18860    0.536714
       18861    0.536721
       18862    0.536723
       18863    0.536724
       18864    0.536718
       18865    0.536719
       18866    0.536714
       18867    0.536712
       18868    0.536711
       18869    0.536713
       18870    0.536716
       18871    0.536715
       18872    0.536714
       18873    0.536715
       18874    0.536711
       18875    0.536709
       18876    0.536712
       18877    0.536712
       18878     0.53671
       18879    0.536711
       18880    0.536715
       18881     0.53671
       18882    0.536712
       18883    0.536716
       18884    0.536721
       18885    0.536724
       18886    0.536722
       18887    0.536723
       18888    0.536723
       18889    0.536721
       18890    0.536718
       18891    0.536717
       18892    0.536715
       18893    0.536716
       18894    0.536712
       18895    0.536711
       18896    0.536712
       18897     0.53671
       18898    0.536704
       18899    0.536704
       18900    0.536703
       18901    0.536698
       18902    0.536696
       18903    0.536697
       18904    0.536696
       18905    0.536691
       18906    0.536691
       18907    0.536694
       18908    0.536697
       18909    0.536694
       18910    0.536695
       18911    0.536694
       18912    0.536694
       18913    0.536692
       18914    0.536691
       18915    0.536697
       18916    0.536697
       18917      0.5367
       18918    0.536702
       18919    0.536708
       18920    0.536712
       18921    0.536709
       18922    0.536708
       18923    0.536705
       18924    0.536711
       18925    0.536718
       18926    0.536721
       18927    0.536722
       18928    0.536724
       18929    0.536719
       18930    0.536717
       18931    0.536717
       18932    0.536714
       18933     0.53671
       18934    0.536715
       18935    0.536718
       18936    0.536719
       18937    0.536721
       18938    0.536721
       18939    0.536721
       18940    0.536719
       18941    0.536722
       18942    0.536723
       18943    0.536726
       18944    0.536729
       18945     0.53673
       18946    0.536734
       18947    0.536735
       18948    0.536729
       18949    0.536727
       18950    0.536732
       18951     0.53673
       18952    0.536726
       18953    0.536723
       18954    0.536719
       18955     0.53672
       18956    0.536716
       18957    0.536715
       18958    0.536721
       18959    0.536723
       18960    0.536728
       18961    0.536725
       18962    0.536721
       18963    0.536721
       18964    0.536729
       18965    0.536735
       18966    0.536731
       18967    0.536731
       18968    0.536732
       18969    0.536735
       18970    0.536735
       18971    0.536735
       18972    0.536733
       18973    0.536733
       18974    0.536737
       18975    0.536736
       18976    0.536738
       18977    0.536736
       18978    0.536738
       18979    0.536736
       18980    0.536738
       18981    0.536743
       18982    0.536743
       18983    0.536749
       18984    0.536753
       18985     0.53675
       18986    0.536754
       18987    0.536751
       18988    0.536749
       18989    0.536748
       18990    0.536753
       18991    0.536753
       18992    0.536754
       18993    0.536756
       18994    0.536753
       18995    0.536754
       18996    0.536754
       18997    0.536752
       18998    0.536754
       18999    0.536745
       19000    0.536745
       19001    0.536743
       19002     0.53674
       19003    0.536731
       19004    0.536729
       19005    0.536726
       19006    0.536728
       19007    0.536732
       19008    0.536731
       19009    0.536732
       19010    0.536733
       19011    0.536737
       19012    0.536741
       19013    0.536743
       19014    0.536749
       19015    0.536753
       19016    0.536756
       19017    0.536754
       19018    0.536758
       19019    0.536759
       19020    0.536761
       19021    0.536762
       19022    0.536766
       19023    0.536772
       19024    0.536778
       19025    0.536784
       19026    0.536787
       19027    0.536788
       19028    0.536786
       19029    0.536783
       19030    0.536783
       19031    0.536786
       19032    0.536785
       19033    0.536784
       19034    0.536789
       19035    0.536789
       19036    0.536793
       19037    0.536791
       19038    0.536789
       19039    0.536786
       19040     0.53678
       19041    0.536778
       19042    0.536778
       19043    0.536775
       19044    0.536779
       19045    0.536784
       19046    0.536782
       19047    0.536781
       19048    0.536778
       19049    0.536781
       19050     0.53678
       19051    0.536778
       19052    0.536781
       19053    0.536784
       19054     0.53678
       19055     0.53678
       19056    0.536783
       19057    0.536785
       19058    0.536789
       19059    0.536789
       19060    0.536787
       19061    0.536784
       19062    0.536781
       19063    0.536775
       19064    0.536778
       19065    0.536779
       19066    0.536776
       19067    0.536776
       19068    0.536768
       19069    0.536761
       19070    0.536754
       19071    0.536754
       19072    0.536751
       19073    0.536749
       19074    0.536751
       19075    0.536756
       19076    0.536757
       19077    0.536752
       19078     0.53675
       19079    0.536754
       19080    0.536754
       19081    0.536752
       19082    0.536752
       19083    0.536747
       19084    0.536746
       19085    0.536743
       19086    0.536737
       19087    0.536737
       19088    0.536737
       19089    0.536731
       19090    0.536729
       19091    0.536732
       19092    0.536731
       19093    0.536733
       19094    0.536732
       19095    0.536736
       19096    0.536731
       19097    0.536734
       19098    0.536739
       19099    0.536737
       19100     0.53674
       19101    0.536746
       19102    0.536745
       19103    0.536745
       19104    0.536739
       19105    0.536739
       19106    0.536734
       19107     0.53673
       19108    0.536729
       19109    0.536723
       19110    0.536721
       19111    0.536719
       19112    0.536718
       19113    0.536722
       19114    0.536725
       19115    0.536726
       19116    0.536728
       19117    0.536728
       19118    0.536728
       19119     0.53673
       19120    0.536734
       19121    0.536735
       19122    0.536736
       19123    0.536737
       19124    0.536738
       19125    0.536742
       19126    0.536744
       19127    0.536741
       19128    0.536739
       19129     0.53674
       19130    0.536737
       19131    0.536733
       19132    0.536723
       19133    0.536723
       19134    0.536723
       19135    0.536725
       19136    0.536724
       19137    0.536729
       19138     0.53673
       19139    0.536729
       19140    0.536723
       19141    0.536719
       19142    0.536715
       19143    0.536713
       19144    0.536715
       19145    0.536714
       19146    0.536717
       19147    0.536713
       19148    0.536715
       19149    0.536715
       19150    0.536716
       19151    0.536716
       19152    0.536715
       19153    0.536713
       19154    0.536715
       19155    0.536714
       19156    0.536712
       19157    0.536714
       19158    0.536714
       19159     0.53672
       19160    0.536721
       19161     0.53672
       19162    0.536718
       19163    0.536722
       19164    0.536722
       19165    0.536728
       19166    0.536732
       19167    0.536726
       19168    0.536732
       19169    0.536727
       19170    0.536729
       19171    0.536731
       19172    0.536727
       19173    0.536724
       19174    0.536727
       19175    0.536729
       19176    0.536721
       19177    0.536719
       19178    0.536719
       19179    0.536721
       19180     0.53672
       19181    0.536718
       19182    0.536713
       19183    0.536712
       19184    0.536708
       19185    0.536702
       19186      0.5367
       19187    0.536701
       19188      0.5367
       19189    0.536699
       19190    0.536702
       19191    0.536709
       19192     0.53671
       19193    0.536713
       19194    0.536708
       19195    0.536705
       19196    0.536706
       19197    0.536707
       19198    0.536709
       19199    0.536708
       19200    0.536713
       19201    0.536718
       19202     0.53672
       19203    0.536725
       19204    0.536731
       19205    0.536733
       19206    0.536733
       19207    0.536734
       19208    0.536732
       19209    0.536734
       19210    0.536742
       19211    0.536738
       19212    0.536738
       19213    0.536736
       19214    0.536739
       19215    0.536743
       19216    0.536739
       19217    0.536738
       19218    0.536733
       19219    0.536732
       19220    0.536727
       19221    0.536725
       19222    0.536729
       19223    0.536729
       19224    0.536731
       19225    0.536727
       19226    0.536726
       19227    0.536731
       19228    0.536732
       19229    0.536732
       19230     0.53673
       19231    0.536732
       19232    0.536735
       19233    0.536732
       19234    0.536729
       19235    0.536731
       19236    0.536732
       19237    0.536733
       19238    0.536734
       19239    0.536736
       19240    0.536738
       19241    0.536745
       19242    0.536751
       19243     0.53675
       19244    0.536749
       19245    0.536749
       19246    0.536748
       19247    0.536753
       19248    0.536754
       19249    0.536758
       19250    0.536756
       19251    0.536758
       19252    0.536759
       19253    0.536759
       19254    0.536761
       19255    0.536757
       19256    0.536756
       19257    0.536749
       19258    0.536744
       19259    0.536743
       19260    0.536738
       19261    0.536734
       19262    0.536732
       19263    0.536728
       19264    0.536732
       19265    0.536735
       19266    0.536738
       19267     0.53674
       19268    0.536742
       19269    0.536741
       19270    0.536741
       19271    0.536742
       19272    0.536745
       19273    0.536746
       19274    0.536749
       19275    0.536749
       19276     0.53675
       19277     0.53675
       19278    0.536751
       19279    0.536753
       19280    0.536757
       19281    0.536762
       19282    0.536765
       19283    0.536763
       19284    0.536768
       19285    0.536764
       19286    0.536765
       19287     0.53676
       19288    0.536754
       19289    0.536758
       19290    0.536755
       19291    0.536755
       19292    0.536758
       19293    0.536759
       19294    0.536756
       19295    0.536756
       19296     0.53675
       19297    0.536753
       19298    0.536753
       19299    0.536756
       19300    0.536758
       19301    0.536757
       19302    0.536759
       19303    0.536763
       19304    0.536764
       19305    0.536768
       19306    0.536767
       19307    0.536766
       19308    0.536767
       19309    0.536767
       19310    0.536771
       19311    0.536772
       19312    0.536768
       19313    0.536769
       19314    0.536771
       19315     0.53677
       19316     0.53677
       19317    0.536775
       19318    0.536771
       19319     0.53677
       19320     0.53677
       19321    0.536773
       19322    0.536768
       19323     0.53677
       19324    0.536773
       19325    0.536778
       19326     0.53678
       19327    0.536781
       19328    0.536783
       19329    0.536788
       19330     0.53679
       19331    0.536799
       19332    0.536807
       19333    0.536805
       19334    0.536811
       19335    0.536809
       19336    0.536804
       19337    0.536802
       19338    0.536801
       19339    0.536804
       19340    0.536805
       19341    0.536804
       19342    0.536799
       19343    0.536796
       19344    0.536797
       19345    0.536797
       19346    0.536802
       19347    0.536804
       19348    0.536807
       19349    0.536811
       19350     0.53681
       19351    0.536809
       19352    0.536811
       19353    0.536809
       19354    0.536804
       19355    0.536797
       19356    0.536799
       19357    0.536798
       19358    0.536796
       19359    0.536793
       19360    0.536785
       19361    0.536776
       19362    0.536778
       19363    0.536773
       19364    0.536774
       19365     0.53677
       19366    0.536763
       19367    0.536758
       19368    0.536758
       19369    0.536756
       19370    0.536752
       19371    0.536751
       19372    0.536753
       19373    0.536757
       19374    0.536756
       19375    0.536758
       19376     0.53676
       19377    0.536761
       19378    0.536764
       19379    0.536766
       19380    0.536769
       19381    0.536769
       19382    0.536769
       19383    0.536765
       19384    0.536765
       19385    0.536759
       19386    0.536757
       19387    0.536756
       19388    0.536757
       19389    0.536757
       19390    0.536757
       19391    0.536758
       19392    0.536757
       19393     0.53676
       19394    0.536756
       19395    0.536755
       19396    0.536755
       19397    0.536753
       19398    0.536751
       19399    0.536749
       19400     0.53675
       19401    0.536749
       19402    0.536748
       19403    0.536751
       19404    0.536753
       19405    0.536751
       19406     0.53675
       19407     0.53675
       19408     0.53675
       19409    0.536749
       19410    0.536753
       19411    0.536756
       19412    0.536756
       19413    0.536759
       19414    0.536756
       19415    0.536762
       19416    0.536758
       19417    0.536756
       19418     0.53675
       19419    0.536744
       19420     0.53674
       19421    0.536738
       19422    0.536741
       19423    0.536748
       19424     0.53675
       19425    0.536752
       19426    0.536753
       19427    0.536752
       19428    0.536755
       19429     0.53676
       19430    0.536757
       19431    0.536752
       19432     0.53675
       19433    0.536745
       19434    0.536745
       19435    0.536742
       19436    0.536735
       19437    0.536735
       19438    0.536735
       19439    0.536738
       19440     0.53674
       19441    0.536741
       19442    0.536731
       19443    0.536729
       19444    0.536729
       19445    0.536724
       19446    0.536723
       19447    0.536725
       19448    0.536731
       19449    0.536736
       19450    0.536735
       19451    0.536732
       19452    0.536736
       19453    0.536738
       19454    0.536735
       19455    0.536733
       19456    0.536735
       19457    0.536732
       19458    0.536735
       19459    0.536739
       19460    0.536747
       19461    0.536752
       19462     0.53675
       19463    0.536752
       19464    0.536749
       19465    0.536745
       19466    0.536743
       19467    0.536745
       19468    0.536748
       19469    0.536748
       19470    0.536746
       19471    0.536745
       19472    0.536741
       19473     0.53674
       19474    0.536743
       19475    0.536744
       19476    0.536742
       19477    0.536741
       19478    0.536737
       19479    0.536739
       19480    0.536745
       19481    0.536749
       19482    0.536749
       19483    0.536752
       19484    0.536751
       19485    0.536751
       19486    0.536752
       19487    0.536751
       19488    0.536751
       19489    0.536755
       19490    0.536758
       19491    0.536756
       19492    0.536756
       19493    0.536754
       19494    0.536753
       19495    0.536755
       19496    0.536759
       19497    0.536753
       19498    0.536751
       19499     0.53675
       19500    0.536745
       19501    0.536746
       19502    0.536747
       19503    0.536749
       19504    0.536752
       19505    0.536752
       19506    0.536755
       19507    0.536753
       19508    0.536755
       19509    0.536754
       19510    0.536753
       19511    0.536754
       19512    0.536747
       19513    0.536742
       19514    0.536741
       19515    0.536745
       19516    0.536741
       19517    0.536735
       19518    0.536738
       19519    0.536738
       19520    0.536738
       19521    0.536738
       19522     0.53674
       19523    0.536733
       19524    0.536734
       19525    0.536732
       19526    0.536731
       19527    0.536737
       19528    0.536735
       19529    0.536736
       19530    0.536734
       19531    0.536733
       19532    0.536737
       19533    0.536737
       19534    0.536737
       19535    0.536738
       19536     0.53674
       19537     0.53674
       19538    0.536746
       19539    0.536749
       19540    0.536749
       19541    0.536746
       19542    0.536746
       19543    0.536743
       19544    0.536742
       19545    0.536737
       19546    0.536743
       19547    0.536746
       19548    0.536748
       19549    0.536748
       19550    0.536747
       19551    0.536746
       19552    0.536748
       19553    0.536748
       19554    0.536746
       19555    0.536746
       19556    0.536746
       19557    0.536743
       19558    0.536745
       19559    0.536751
       19560    0.536754
       19561    0.536754
       19562    0.536755
       19563    0.536759
       19564    0.536762
       19565    0.536766
       19566    0.536765
       19567    0.536764
       19568    0.536763
       19569     0.53677
       19570    0.536773
       19571     0.53677
       19572    0.536767
       19573    0.536759
       19574    0.536759
       19575    0.536761
       19576    0.536759
       19577    0.536765
       19578    0.536763
       19579    0.536761
       19580    0.536761
       19581    0.536757
       19582    0.536755
       19583    0.536758
       19584    0.536762
       19585    0.536773
       19586    0.536781
       19587    0.536782
       19588    0.536776
       19589    0.536778
       19590    0.536783
       19591    0.536787
       19592    0.536782
       19593    0.536784
       19594    0.536781
       19595    0.536785
       19596    0.536787
       19597    0.536788
       19598    0.536788
       19599    0.536782
       19600    0.536782
       19601    0.536778
       19602    0.536773
       19603    0.536775
       19604    0.536778
       19605     0.53678
       19606     0.53678
       19607    0.536781
       19608    0.536786
       19609    0.536789
       19610    0.536786
       19611    0.536787
       19612    0.536786
       19613    0.536783
       19614    0.536784
       19615     0.53678
       19616    0.536777
       19617    0.536778
       19618    0.536782
       19619    0.536782
       19620    0.536782
       19621    0.536781
       19622    0.536779
       19623    0.536776
       19624    0.536776
       19625    0.536772
       19626    0.536772
       19627    0.536774
       19628    0.536772
       19629    0.536774
       19630     0.53678
       19631    0.536777
       19632    0.536772
       19633    0.536764
       19634    0.536758
       19635    0.536753
       19636    0.536744
       19637    0.536738
       19638     0.53674
       19639    0.536743
       19640    0.536749
       19641     0.53675
       19642    0.536753
       19643    0.536758
       19644    0.536759
       19645    0.536753
       19646    0.536755
       19647    0.536757
       19648    0.536759
       19649    0.536762
       19650    0.536764
       19651    0.536763
       19652    0.536769
       19653    0.536771
       19654    0.536767
       19655    0.536768
       19656    0.536772
       19657    0.536773
       19658    0.536775
       19659    0.536773
       19660    0.536773
       19661    0.536774
       19662    0.536774
       19663    0.536779
       19664    0.536779
       19665    0.536778
       19666     0.53678
       19667    0.536782
       19668    0.536784
       19669    0.536781
       19670    0.536785
       19671    0.536786
       19672    0.536786
       19673    0.536787
       19674    0.536786
       19675    0.536788
       19676     0.53679
       19677    0.536789
       19678    0.536791
       19679    0.536787
       19680    0.536788
       19681     0.53678
       19682    0.536777
       19683    0.536775
       19684    0.536781
       19685    0.536782
       19686     0.53678
       19687    0.536776
       19688    0.536776
       19689    0.536773
       19690    0.536773
       19691    0.536777
       19692    0.536781
       19693    0.536784
       19694    0.536787
       19695    0.536785
       19696    0.536787
       19697    0.536786
       19698    0.536789
       19699     0.53679
       19700    0.536791
       19701    0.536793
       19702    0.536796
       19703    0.536798
       19704    0.536793
       19705     0.53679
       19706    0.536787
       19707     0.53679
       19708    0.536786
       19709    0.536788
       19710    0.536791
       19711    0.536798
       19712    0.536801
       19713    0.536795
       19714    0.536796
       19715    0.536796
       19716    0.536798
       19717    0.536803
       19718    0.536803
       19719    0.536797
       19720    0.536795
       19721    0.536794
       19722    0.536794
       19723    0.536789
       19724    0.536782
       19725    0.536781
       19726     0.53678
       19727    0.536777
       19728    0.536777
       19729    0.536774
       19730    0.536774
       19731    0.536774
       19732    0.536775
       19733    0.536772
       19734    0.536773
       19735    0.536773
       19736    0.536774
       19737    0.536774
       19738    0.536769
       19739    0.536772
       19740    0.536771
       19741    0.536769
       19742    0.536763
       19743     0.53676
       19744    0.536763
       19745    0.536764
       19746    0.536763
       19747    0.536763
       19748    0.536766
       19749    0.536766
       19750    0.536767
       19751    0.536776
       19752    0.536774
       19753    0.536775
       19754     0.53677
       19755    0.536772
       19756    0.536772
       19757    0.536777
       19758     0.53678
       19759     0.53679
       19760    0.536794
       19761    0.536796
       19762    0.536794
       19763    0.536789
       19764    0.536794
       19765    0.536799
       19766    0.536802
       19767      0.5368
       19768    0.536801
       19769    0.536803
       19770    0.536801
       19771    0.536798
       19772    0.536794
       19773     0.53679
       19774    0.536793
       19775    0.536789
       19776    0.536791
       19777    0.536798
       19778    0.536798
       19779    0.536802
       19780    0.536807
       19781    0.536813
       19782     0.53681
       19783    0.536812
       19784    0.536811
       19785    0.536812
       19786    0.536814
       19787    0.536813
       19788     0.53682
       19789    0.536826
       19790    0.536826
       19791    0.536823
       19792    0.536822
       19793    0.536822
       19794    0.536824
       19795    0.536825
       19796    0.536825
       19797    0.536835
       19798    0.536834
       19799    0.536841
       19800     0.53684
       19801    0.536837
       19802    0.536839
       19803    0.536839
       19804    0.536835
       19805    0.536837
       19806     0.53684
       19807    0.536838
       19808    0.536839
       19809    0.536841
       19810    0.536839
       19811    0.536838
       19812     0.53684
       19813    0.536844
       19814     0.53684
       19815    0.536839
       19816    0.536843
       19817     0.53684
       19818    0.536844
       19819     0.53685
       19820    0.536849
       19821    0.536858
       19822    0.536864
       19823    0.536864
       19824    0.536862
       19825     0.53686
       19826    0.536858
       19827    0.536856
       19828    0.536855
       19829    0.536853
       19830     0.53685
       19831     0.53685
       19832    0.536847
       19833    0.536847
       19834    0.536847
       19835    0.536847
       19836    0.536841
       19837    0.536837
       19838    0.536833
       19839    0.536835
       19840    0.536842
       19841    0.536843
       19842    0.536841
       19843    0.536841
       19844    0.536844
       19845    0.536846
       19846    0.536853
       19847    0.536857
       19848    0.536862
       19849    0.536868
       19850     0.53687
       19851    0.536869
       19852    0.536864
       19853    0.536862
       19854    0.536863
       19855    0.536861
       19856    0.536868
       19857    0.536873
       19858    0.536876
       19859    0.536875
       19860    0.536869
       19861    0.536867
       19862    0.536862
       19863    0.536859
       19864    0.536855
       19865    0.536851
       19866    0.536851
       19867    0.536855
       19868    0.536853
       19869     0.53685
       19870    0.536841
       19871    0.536838
       19872    0.536838
       19873    0.536836
       19874    0.536836
       19875    0.536839
       19876    0.536844
       19877    0.536846
       19878    0.536848
       19879    0.536848
       19880    0.536848
       19881    0.536848
       19882    0.536847
       19883    0.536846
       19884    0.536846
       19885    0.536848
       19886    0.536853
       19887    0.536852
       19888     0.53685
       19889     0.53685
       19890    0.536854
       19891     0.53685
       19892    0.536855
       19893    0.536849
       19894    0.536849
       19895    0.536846
       19896    0.536848
       19897    0.536849
       19898    0.536848
       19899    0.536855
       19900    0.536858
       19901     0.53686
       19902    0.536862
       19903    0.536865
       19904    0.536869
       19905    0.536874
       19906    0.536876
       19907     0.53688
       19908    0.536877
       19909    0.536879
       19910    0.536885
       19911    0.536891
       19912    0.536896
       19913    0.536892
       19914    0.536888
       19915    0.536885
       19916    0.536883
       19917    0.536881
       19918    0.536877
       19919    0.536876
       19920    0.536872
       19921    0.536874
       19922    0.536871
       19923    0.536873
       19924    0.536871
       19925    0.536874
       19926    0.536871
       19927     0.53687
       19928    0.536874
       19929    0.536877
       19930    0.536872
       19931    0.536878
       19932     0.53688
       19933    0.536882
       19934    0.536884
       19935    0.536883
       19936    0.536881
       19937    0.536884
       19938    0.536885
       19939    0.536888
       19940    0.536889
       19941    0.536893
       19942    0.536892
       19943    0.536891
       19944    0.536888
       19945    0.536886
       19946    0.536883
       19947    0.536878
       19948    0.536883
       19949    0.536887
       19950    0.536889
       19951    0.536884
       19952    0.536883
       19953    0.536883
       19954    0.536884
       19955    0.536891
       19956    0.536889
       19957    0.536888
       19958    0.536893
       19959    0.536893
       19960    0.536894
       19961    0.536889
       19962    0.536885
       19963    0.536883
       19964    0.536884
       19965    0.536882
       19966    0.536876
       19967    0.536874
       19968    0.536873
       19969    0.536868
       19970     0.53687
       19971    0.536864
       19972    0.536866
       19973     0.53687
       19974    0.536871
       19975    0.536875
       19976     0.53688
       19977    0.536879
       19978    0.536883
       19979    0.536886
       19980    0.536889
       19981    0.536885
       19982    0.536888
       19983    0.536888
       19984    0.536888
       19985    0.536886
       19986    0.536887
       19987    0.536881
       19988    0.536881
       19989     0.53688
       19990    0.536879
       19991    0.536875
       19992    0.536875
       19993    0.536871
       19994     0.53687
       19995    0.536875
       19996    0.536882
       19997    0.536877
       19998    0.536869
       19999    0.536865
       20000    0.536864
