#     BLOCK:   ACTUAL_TE:    TE_AVE:      ERROR:
           1       -0.52       -0.52           0
           2       -0.52       -0.52           0
           3       -0.36   -0.466667   0.0435465
           4       -0.36       -0.44        0.04
           5       -0.52      -0.456   0.0350542
           6       -0.36       -0.44   0.0326599
           7       -0.36   -0.428571    0.029927
           8       -0.52       -0.44   0.0282843
           9       -0.28   -0.422222   0.0302164
          10       -0.36      -0.416    0.027828
          11       -0.52   -0.425455   0.0268563
          12       -0.68   -0.446667   0.0319142
          13       -0.36       -0.44   0.0301476
          14       -0.52   -0.445714   0.0285306
          15        -0.6      -0.456   0.0284222
          16        -0.6      -0.465   0.0280346
          17        -0.6   -0.472941   0.0274872
          18       -0.68   -0.484444   0.0282649
          19        -0.6   -0.490526   0.0274238
          20       -0.44      -0.488   0.0261687
          21       -0.28   -0.478095   0.0267314
          22       -0.52       -0.48   0.0255841
          23       -0.36   -0.474783   0.0249981
          24       -0.44   -0.473333   0.0239985
          25       -0.36     -0.4688   0.0234628
          26       -0.44   -0.467692   0.0225865
          27        -0.6   -0.472593   0.0222752
          28       -0.36   -0.468571   0.0218396
          29       -0.44   -0.467586   0.0211087
          30       -0.36      -0.464   0.0207075
          31       -0.52   -0.465806   0.0201181
          32       -0.44      -0.465   0.0195056
          33       -0.52   -0.466667   0.0189856
          34       -0.68   -0.472941   0.0194364
          35       -0.52   -0.474286   0.0189275
          36       -0.52   -0.475556   0.0184443
          37       -0.36   -0.472432   0.0182083
          38       -0.52   -0.473684   0.0177721
          39       -0.28   -0.468718   0.0179969
          40       -0.28      -0.464   0.0181549
          41        -0.2   -0.457561   0.0188193
          42       -0.36   -0.455238   0.0185141
          43        -0.2   -0.449302   0.0190112
          44       -0.44   -0.449091   0.0185803
          45       -0.52   -0.450667   0.0182341
          46       -0.44   -0.450435   0.0178392
          47       -0.28   -0.446809   0.0178244
          48       -0.68   -0.451667    0.018103
          49       -0.68   -0.456327   0.0183235
          50       -0.36     -0.4544    0.018058
          51       -0.52   -0.455686   0.0177497
          52       -0.44   -0.455385   0.0174109
          53       -0.28   -0.452075   0.0173941
          54        -0.2   -0.447407   0.0176872
          55       -0.52   -0.448727   0.0174148
          56       -0.44   -0.448571   0.0171045
          57       -0.44   -0.448421   0.0168051
          58       -0.36   -0.446897   0.0165844
          59       -0.44    -0.44678   0.0163037
          60       -0.44   -0.446667   0.0160324
          61       -0.28   -0.443934   0.0160007
          62       -0.36   -0.442581   0.0157998
          63       -0.52    -0.44381   0.0155967
          64       -0.28    -0.44125   0.0155616
          65       -0.36       -0.44   0.0153723
          66       -0.52   -0.441212   0.0151871
          67        -0.6   -0.443582   0.0151442
          68       -0.36   -0.442353   0.0149713
          69       -0.44   -0.442319   0.0147544
          70       -0.44   -0.442286   0.0145436
          71       -0.68   -0.445634   0.0147191
          72       -0.36   -0.444444   0.0145627
          73       -0.52   -0.445479   0.0143999
          74       -0.52   -0.446486   0.0142405
          75       -0.44     -0.4464   0.0140509
          76       -0.28   -0.444211   0.0140355
          77       -0.28   -0.442078   0.0140144
          78       -0.36   -0.441026   0.0138741
          79       -0.36       -0.44   0.0137364
          80       -0.36      -0.439    0.013601
          81       -0.28   -0.437037    0.013574
          82       -0.28   -0.435122   0.0135429
          83       -0.36   -0.434217   0.0134099
          84       -0.44   -0.434286   0.0132505
          85       -0.36   -0.433412   0.0131234
          86       -0.68   -0.436279   0.0132803
          87        -0.6   -0.438161   0.0132603
          88       -0.68   -0.440909   0.0133914
          89       -0.52   -0.441798   0.0132704
          90       -0.44   -0.441778   0.0131229
          91       -0.44   -0.441758   0.0129788
          92       -0.36    -0.44087   0.0128681
          93       -0.44    -0.44086   0.0127297
          94       -0.36       -0.44   0.0126233
          95       -0.44       -0.44   0.0124904
          96       -0.68     -0.4425    0.012608
          97       -0.52   -0.443299   0.0125033
          98       -0.36   -0.442449   0.0124046
          99       -0.28   -0.440808   0.0123874
         100       -0.28     -0.4392   0.0123674
         101       -0.44   -0.439208    0.012245
         102       -0.52       -0.44   0.0121505
         103       -0.52   -0.440777   0.0120574
         104       -0.68   -0.443077   0.0121589
         105       -0.68   -0.445333   0.0122506
         106        -0.6   -0.446792   0.0122217
         107       -0.36   -0.445981   0.0121343
         108       -0.52   -0.446667   0.0120413
         109       -0.52   -0.447339   0.0119496
         110       -0.12   -0.444364   0.0122059
         111        -0.2   -0.442162   0.0122929
         112       -0.36   -0.441429    0.012205
         113        -0.6   -0.442832   0.0121774
         114       -0.68   -0.444912    0.012247
         115       -0.52   -0.445565   0.0121579
         116       -0.52   -0.446207     0.01207
         117       -0.28   -0.444786   0.0120501
         118       -0.52   -0.445424   0.0119649
         119       -0.44   -0.445378   0.0118644
         120       -0.68   -0.447333   0.0119255
         121        -0.6   -0.448595   0.0118935
         122       -0.44   -0.448525   0.0117963
         123       -0.52   -0.449106   0.0117147
         124       -0.28   -0.447742   0.0116993
         125       -0.52    -0.44832     0.01162
         126       -0.52   -0.448889   0.0115417
         127       -0.52   -0.449449   0.0114644
         128       -0.52       -0.45    0.011388
         129        -0.2   -0.448062   0.0114635
         130       -0.44      -0.448   0.0113755
         131       -0.36   -0.447328   0.0113084
         132       -0.44   -0.447273   0.0112229
         133       -0.36   -0.446617   0.0111577
         134       -0.28   -0.445373   0.0111435
         135       -0.28   -0.444148   0.0111281
         136       -0.44   -0.444118   0.0110463
         137       -0.52   -0.444672   0.0109795
         138        -0.6   -0.445797   0.0109575
         139       -0.52   -0.446331   0.0108917
         140       -0.44   -0.446286    0.010814
         141       -0.36   -0.445674   0.0107546
         142       -0.52   -0.446197   0.0106916
         143       -0.44   -0.446154   0.0106169
         144       -0.52   -0.446667   0.0105556
         145       -0.36   -0.446069   0.0104997
         146       -0.36   -0.445479   0.0104443
         147       -0.44   -0.445442   0.0103733
         148       -0.44   -0.445405   0.0103033
         149       -0.44   -0.445369   0.0102342
         150       -0.44   -0.445333    0.010166
         151        -0.6   -0.446358   0.0101502
         152       -0.36   -0.445789   0.0100993
         153       -0.52   -0.446275   0.0100449
         154       -0.36   -0.445714   0.0099953
         155       -0.52   -0.446194   0.0099423
         156       -0.36   -0.445641  0.00989391
         157       -0.52   -0.446115  0.00984222
         158       -0.52   -0.446582  0.00979103
         159       -0.44   -0.446541  0.00972954
         160       -0.36      -0.446  0.00968375
         161       -0.28   -0.444969  0.00967834
         162       -0.52   -0.445432  0.00962967
         163       -0.28   -0.444417  0.00962393
         164       -0.28   -0.443415  0.00961732
         165       -0.28   -0.442424  0.00960989
         166       -0.12   -0.440482  0.00974631
         167       -0.44   -0.440479  0.00968795
         168       -0.36       -0.44  0.00964212
         169       -0.52   -0.440473  0.00959668
         170       -0.52   -0.440941  0.00955163
         171       -0.52   -0.441404  0.00950695
         172       -0.52    -0.44186  0.00946265
         173       -0.44    -0.44185  0.00940796
         174       -0.44   -0.441839   0.0093539
         175       -0.12       -0.44  0.00947952
         176       -0.52   -0.440455  0.00943655
         177       -0.52   -0.440904  0.00939393
         178       -0.36   -0.440449  0.00935214
         179       -0.44   -0.440447   0.0092999
         180       -0.44   -0.440444  0.00924823
         181       -0.44   -0.440442  0.00919714
         182       -0.36       -0.44  0.00915722
         183       -0.44       -0.44  0.00910718
         184       -0.36   -0.439565  0.00906805
         185       -0.52       -0.44  0.00902945
         186       -0.52    -0.44043  0.00899115
         187        -0.6   -0.441283  0.00898347
         188       -0.36   -0.440851  0.00894608
         189       -0.52    -0.44127  0.00890854
         190       -0.44   -0.441263  0.00886166
         191       -0.36   -0.440838  0.00882547
         192       -0.44   -0.440833  0.00877951
         193       -0.44   -0.440829  0.00873402
         194       -0.44   -0.440825    0.008689
         195       -0.52   -0.441231  0.00865392
         196       -0.36   -0.440816  0.00861969
         197       -0.28       -0.44   0.0086145
         198       -0.52   -0.440404  0.00858046
         199       -0.52   -0.440804  0.00854666
         200       -0.52     -0.4412   0.0085131
         201       -0.44   -0.441194  0.00847074
         202       -0.52   -0.441584  0.00843779
         203       -0.28   -0.440788  0.00843368
         204       -0.36   -0.440392  0.00840164
         205       -0.44    -0.44039  0.00836065
         206       -0.68   -0.441553  0.00840059
         207        -0.6   -0.442319  0.00839481
         208       -0.68   -0.443462  0.00843186
         209       -0.44   -0.443445  0.00839153
         210       -0.44   -0.443429  0.00835159
         211       -0.52   -0.443791  0.00831989
         212       -0.36   -0.443396  0.00829003
         213       -0.36   -0.443005  0.00826035
         214        -0.6   -0.443738  0.00825426
         215       -0.44   -0.443721  0.00821589
         216       -0.28   -0.442963  0.00821274
         217       -0.44   -0.442949   0.0081749
         218       -0.52   -0.443303  0.00814504
         219        -0.2   -0.442192  0.00818326
         220        -0.6   -0.442909  0.00817745
         221        -0.6    -0.44362  0.00817128
         222       -0.44   -0.443604  0.00813449
         223       -0.28    -0.44287  0.00813103
         224       -0.52   -0.443214  0.00810202
         225        -0.6   -0.443911  0.00809592
         226       -0.68   -0.444956  0.00812721
         227       -0.52   -0.445286  0.00809813
         228       -0.52   -0.445614  0.00806924
         229       -0.44    -0.44559  0.00803404
         230        -0.6   -0.446261  0.00802711
         231       -0.52    -0.44658   0.0079987
         232       -0.28   -0.445862  0.00799639
         233       -0.36   -0.445494  0.00797056
         234       -0.36   -0.445128  0.00794486
         235        -0.6   -0.445787  0.00793834
         236       -0.44   -0.445763  0.00790474
         237       -0.44   -0.445738  0.00787143
         238       -0.36   -0.445378  0.00784659
         239        -0.6   -0.446025  0.00784039
         240        -0.6   -0.446667  0.00783392
         241        -0.6   -0.447303  0.00782721
         242       -0.44   -0.447273  0.00779493
         243       -0.52   -0.447572  0.00776859
         244       -0.44   -0.447541  0.00773682
         245       -0.68    -0.44849   0.0077632
         246       -0.52    -0.44878  0.00773708
         247       -0.52   -0.449069  0.00771113
         248       -0.76   -0.450323  0.00778129
         249       -0.52   -0.450602  0.00775507
         250       -0.68    -0.45152  0.00777815
         251       -0.52   -0.451793  0.00775194
         252        -0.6   -0.452381  0.00774346
         253       -0.44   -0.452332  0.00771301
         254       -0.52   -0.452598  0.00768724
         255        -0.6   -0.453176  0.00767879
         256       -0.68   -0.454062  0.00769975
         257       -0.68   -0.454942  0.00771981
         258        -0.6   -0.455504  0.00771034
         259       -0.52   -0.455753  0.00768459
         260       -0.52      -0.456    0.007659
         261       -0.52   -0.456245  0.00763358
         262       -0.44   -0.456183   0.0076047
         263       -0.44   -0.456122  0.00757603
         264        -0.6   -0.456667  0.00756691
         265        -0.6   -0.457208  0.00755767
         266       -0.44   -0.457143  0.00752953
         267       -0.44   -0.457079   0.0075016
         268       -0.44   -0.457015  0.00747388
         269       -0.44   -0.456952  0.00744637
         270       -0.44   -0.456889  0.00741905
         271       -0.28   -0.456236  0.00742033
         272       -0.28   -0.455588  0.00742129
         273       -0.52   -0.455824  0.00739785
         274       -0.44   -0.455766  0.00737108
         275       -0.52      -0.456  0.00734797
         276       -0.52   -0.456232  0.00732501
         277       -0.36   -0.455884   0.0073068
         278       -0.52   -0.456115  0.00728415
         279       -0.44   -0.456057  0.00725828
         280       -0.28   -0.455429  0.00725954
         281       -0.44   -0.455374  0.00723391
         282       -0.28   -0.454752  0.00723494
         283       -0.44     -0.4547  0.00720956
         284       -0.52    -0.45493  0.00718784
         285       -0.28   -0.454316  0.00718878
         286        -0.6   -0.454825  0.00718167
         287       -0.36   -0.454495  0.00716424
         288       -0.28   -0.453889  0.00716494
         289       -0.52   -0.454118   0.0071438
         290       -0.28   -0.453517  0.00714435
         291       -0.36   -0.453196  0.00712703
         292        -0.2   -0.452329  0.00715517
         293       -0.36   -0.452014  0.00713769
         294       -0.52   -0.452245  0.00711715
         295        -0.6   -0.452746  0.00711063
         296        -0.6   -0.453243  0.00710399
         297       -0.28    -0.45266  0.00710398
         298       -0.52   -0.452886  0.00708373
         299       -0.52    -0.45311   0.0070636
         300       -0.52   -0.453333  0.00704357
         301       -0.44   -0.453289  0.00702031
         302       -0.04   -0.451921   0.0071292
         303       -0.44   -0.451881  0.00710578
         304       -0.44   -0.451842  0.00708251
         305       -0.52   -0.452066  0.00706281
         306        -0.6   -0.452549  0.00705626
         307       -0.36   -0.452248  0.00703971
         308       -0.44   -0.452208  0.00701697
         309        -0.6   -0.452686  0.00701054
         310        -0.6   -0.453161  0.00700401
         311       -0.52   -0.453376  0.00698479
         312       -0.52    -0.45359  0.00696567
         313       -0.52   -0.453802  0.00694664
         314       -0.36   -0.453503  0.00693094
         315       -0.28   -0.452952  0.00693079
         316       -0.28   -0.452405  0.00693043
         317       -0.52   -0.452618  0.00691185
         318       -0.36   -0.452327  0.00689625
         319       -0.36   -0.452038   0.0068807
         320       -0.52    -0.45225  0.00686247
         321       -0.68    -0.45296  0.00687768
         322        -0.6   -0.453416  0.00687146
         323       -0.52   -0.453622  0.00685328
         324       -0.44    -0.45358  0.00683225
         325       -0.36   -0.453292   0.0068173
         326       -0.44   -0.453252  0.00679651
         327       -0.44   -0.453211  0.00677584
         328       -0.44   -0.453171   0.0067553
         329       -0.12   -0.452158  0.00681025
         330       -0.36   -0.451879  0.00679534
         331       -0.36   -0.451601  0.00678048
         332       -0.52   -0.451807  0.00676318
         333        -0.2   -0.451051  0.00678501
         334       -0.36   -0.450778  0.00677017
         335       -0.36   -0.450507  0.00675539
         336       -0.52   -0.450714  0.00673845
         337       -0.36   -0.450445  0.00672382
         338        -0.6   -0.450888  0.00671847
         339       -0.52   -0.451091  0.00670175
         340       -0.52   -0.451294   0.0066851
         341       -0.52   -0.451496  0.00666853
         342       -0.52   -0.451696  0.00665204
         343       -0.68   -0.452362  0.00666587
         344       -0.68   -0.453023  0.00667925
         345       -0.28   -0.452522  0.00667869
         346       -0.52   -0.452717  0.00666224
         347       -0.52   -0.452911  0.00664586
         348        -0.6   -0.453333  0.00664019
         349       -0.36   -0.453066  0.00662655
         350       -0.44   -0.453029  0.00660772
         351        -0.6   -0.453447  0.00660215
         352       -0.44   -0.453409   0.0065835
         353       -0.12   -0.452465  0.00663226
         354       -0.44   -0.452429  0.00661362
         355       -0.52    -0.45262  0.00659772
         356       -0.36    -0.45236  0.00658432
         357       -0.68   -0.452997  0.00659668
         358       -0.36   -0.452737  0.00658337
         359        -0.2   -0.452033  0.00660256
         360       -0.52   -0.452222  0.00658692
         361       -0.44   -0.452188  0.00656876
         362       -0.52   -0.452376  0.00655329
         363       -0.52   -0.452562  0.00653788
         364       -0.44   -0.452527  0.00652001
         365       -0.52   -0.452712  0.00650477
         366       -0.44   -0.452678  0.00648709
         367       -0.52   -0.452861    0.006472
         368       -0.44   -0.452826  0.00645451
         369        -0.6   -0.453225  0.00644933
         370       -0.68   -0.453838  0.00646096
         371       -0.76   -0.454663  0.00649603
         372        -0.6   -0.455054  0.00649031
         373       -0.68   -0.455657  0.00650086
         374       -0.52   -0.455829  0.00648576
         375       -0.44   -0.455787   0.0064686
         376       -0.44   -0.455745  0.00645153
         377       -0.36   -0.455491  0.00643942
         378       -0.52   -0.455661  0.00642464
         379       -0.44    -0.45562  0.00640782
         380       -0.28   -0.455158  0.00640761
         381        -0.6   -0.455538  0.00640206
         382       -0.52   -0.455707  0.00638752
         383       -0.28   -0.455248   0.0063873
         384       -0.44   -0.455208  0.00637079
         385       -0.36   -0.454961  0.00635904
         386       -0.36   -0.454715  0.00634732
         387       -0.28   -0.454264  0.00634695
         388       -0.28   -0.453814  0.00634647
         389        -0.6    -0.45419  0.00634127
         390       -0.52   -0.454359  0.00632725
         391        -0.6   -0.454731  0.00632202
         392       -0.36    -0.45449  0.00631051
         393       -0.36   -0.454249  0.00629904
         394       -0.52   -0.454416  0.00628526
         395       -0.44    -0.45438  0.00626945
         396       -0.44   -0.454343  0.00625373
         397       -0.52   -0.454509  0.00624016
         398       -0.44   -0.454472  0.00622459
         399       -0.76   -0.455238  0.00625591
         400       -0.52     -0.4554  0.00624236
         401       -0.36   -0.455162  0.00623133
         402       -0.52   -0.455323  0.00621791
         403       -0.44   -0.455285   0.0062026
         404       -0.44   -0.455248  0.00618736
         405       -0.44    -0.45521   0.0061722
         406       -0.52   -0.455369  0.00615906
         407       -0.52   -0.455528  0.00614598
         408       -0.44    -0.45549  0.00613103
         409       -0.36   -0.455257  0.00612048
         410       -0.36   -0.455024  0.00610996
         411       -0.52   -0.455182  0.00609714
         412       -0.36   -0.454951  0.00608672
         413        -0.6   -0.455303   0.0060821
         414       -0.44   -0.455266  0.00606753
         415       -0.36   -0.455036  0.00605725
         416       -0.28   -0.454615  0.00605728
         417       -0.28   -0.454197  0.00605721
         418        -0.2   -0.453589  0.00607317
         419       -0.68   -0.454129  0.00608267
         420       -0.76   -0.454857  0.00611163
         421        -0.6   -0.455202  0.00610683
         422        -0.6   -0.455545  0.00610199
         423       -0.68   -0.456076  0.00611059
         424        -0.6   -0.456415   0.0061056
         425       -0.52   -0.456565  0.00609307
         426        -0.6   -0.456901  0.00608806
         427        -0.6   -0.457237  0.00608302
         428       -0.28   -0.456822  0.00608288
         429       -0.44   -0.456783  0.00606883
         430       -0.44   -0.456744  0.00605484
         431       -0.44   -0.456705  0.00604092
         432       -0.28   -0.456296  0.00604077
         433       -0.36   -0.456074  0.00603091
         434       -0.36   -0.455853  0.00602107
         435        -0.6   -0.456184  0.00601635
         436       -0.44   -0.456147  0.00600266
         437        -0.2   -0.455561  0.00601747
         438       -0.44   -0.455525  0.00600384
         439       -0.28   -0.455125  0.00600346
         440        -0.6   -0.455455  0.00599884
         441       -0.44    -0.45542  0.00598534
         442        -0.6   -0.455747  0.00598073
         443        -0.6   -0.456072  0.00597609
         444       -0.36   -0.455856  0.00596655
         445       -0.44    -0.45582  0.00595324
         446       -0.44   -0.455785     0.00594
         447       -0.28   -0.455391  0.00593972
         448        -0.2   -0.454821  0.00595375
         449       -0.36    -0.45461  0.00594424
         450       -0.28   -0.454222  0.00594368
         451       -0.44   -0.454191  0.00593058
         452       -0.44   -0.454159  0.00591754
         453       -0.52   -0.454305  0.00590627
         454        -0.2   -0.453744  0.00591976
         455       -0.44   -0.453714  0.00590683
         456       -0.68   -0.454211  0.00591468
         457        -0.6    -0.45453  0.00591033
         458       -0.44   -0.454498  0.00589751
         459       -0.52   -0.454641  0.00588639
         460       -0.44   -0.454609  0.00587368
         461       -0.44   -0.454577  0.00586103
         462       -0.36   -0.454372  0.00585191
         463       -0.44   -0.454341  0.00583936
         464       -0.28   -0.453966  0.00583885
         465       -0.36   -0.453763  0.00582979
         466       -0.44   -0.453734  0.00581735
         467       -0.44   -0.453704  0.00580497
         468       -0.44   -0.453675  0.00579264
         469       -0.36   -0.453475  0.00578373
         470       -0.36   -0.453277  0.00577484
         471       -0.36   -0.453079  0.00576598
         472       -0.52    -0.45322   0.0057555
         473       -0.52   -0.453362  0.00574507
         474        -0.6   -0.453671  0.00574127
         475       -0.52   -0.453811  0.00573088
         476       -0.52    -0.45395  0.00572053
         477       -0.36   -0.453753  0.00571193
         478       -0.28   -0.453389  0.00571153
         479       -0.28   -0.453027  0.00571107
         480       -0.36   -0.452833  0.00570246
         481        -0.2   -0.452308  0.00571477
         482       -0.36   -0.452116  0.00570613
         483       -0.44   -0.452091  0.00569437
         484       -0.52   -0.452231  0.00568433
         485       -0.36   -0.452041  0.00567579
         486        0.04   -0.451029   0.0057537
         487       -0.28   -0.450678  0.00575259
         488       -0.44   -0.450656  0.00574085
         489       -0.36    -0.45047   0.0057321
         490        -0.2   -0.449959  0.00574315
         491       -0.36   -0.449776  0.00573437
         492        -0.6   -0.450081  0.00573084
         493       -0.44   -0.450061  0.00571925
         494        -0.6   -0.450364  0.00571572
         495       -0.52   -0.450505  0.00570591
         496        -0.6   -0.450806  0.00570236
         497       -0.28   -0.450463  0.00570123
         498       -0.28    -0.45012  0.00570005
         499        -0.6   -0.450421  0.00569654
         500       -0.68    -0.45088  0.00570362
         501       -0.68   -0.451337  0.00571054
         502       -0.76   -0.451952  0.00573217
         503       -0.68   -0.452406  0.00573867
         504       -0.52    -0.45254  0.00572886
         505       -0.52   -0.452673  0.00571907
         506       -0.44   -0.452648  0.00570782
         507       -0.44   -0.452623  0.00569662
         508       -0.28   -0.452283  0.00569553
         509       -0.44   -0.452259  0.00568439
         510       -0.52   -0.452392   0.0056748
         511       -0.28   -0.452055  0.00567371
         512        -0.2   -0.451563  0.00568395
         513       -0.36   -0.451384  0.00567567
         514       -0.52   -0.451518   0.0056662
         515       -0.44   -0.451495  0.00565524
         516       -0.68   -0.451938  0.00566159
         517       -0.76   -0.452534  0.00568191
         518        -0.6   -0.452819  0.00567807
         519       -0.52   -0.452948   0.0056686
         520       -0.36   -0.452769  0.00566052
         521       -0.52   -0.452898  0.00565112
         522       -0.36    -0.45272   0.0056431
         523        -0.2   -0.452237  0.00565296
         524       -0.36   -0.452061  0.00564491
         525       -0.36   -0.451886  0.00563688
         526       -0.36   -0.451711  0.00562887
         527       -0.44   -0.451689  0.00561824
         528       -0.68   -0.452121  0.00562421
         529       -0.68   -0.452552  0.00563005
         530        -0.6    -0.45283   0.0056263
         531        -0.6   -0.453107  0.00562252
         532       -0.36   -0.452932  0.00561468
         533       -0.28   -0.452608  0.00561351
         534       -0.28   -0.452285   0.0056123
         535       -0.52   -0.452411  0.00560324
         536       -0.28    -0.45209  0.00560201
         537       -0.44   -0.452067  0.00559162
         538       -0.36   -0.451896  0.00558384
         539       -0.52   -0.452022  0.00557491
         540       -0.52   -0.452148  0.00556601
         541       -0.52   -0.452274  0.00555714
         542       -0.36   -0.452103  0.00554949
         543       -0.28   -0.451786  0.00554831
         544       -0.44   -0.451765  0.00553816
         545       -0.36   -0.451596  0.00553055
         546       -0.36   -0.451429  0.00552297
         547       -0.52   -0.451554  0.00551429
         548       -0.68   -0.451971  0.00551997
         549       -0.52   -0.452095   0.0055113
         550       -0.52   -0.452218  0.00550266
         551       -0.44   -0.452196  0.00549272
         552        -0.6   -0.452464  0.00548929
         553       -0.36   -0.452297  0.00548191
         554        -0.6   -0.452563   0.0054785
         555       -0.52   -0.452685  0.00546997
         556       -0.52   -0.452806  0.00546148
         557       -0.68   -0.453214  0.00546688
         558       -0.52   -0.453333  0.00545839
         559       -0.52   -0.453453  0.00544993
         560       -0.68   -0.453857  0.00545519
         561       -0.44   -0.453832  0.00544553
         562       -0.28   -0.453523  0.00544461
         563       -0.28   -0.453215  0.00544366
         564       -0.12   -0.452624  0.00546597
         565       -0.44   -0.452602  0.00545635
         566       -0.44    -0.45258  0.00544675
         567       -0.28   -0.452275  0.00544564
         568       -0.44   -0.452254   0.0054361
         569       -0.28   -0.451951  0.00543497
         570       -0.52    -0.45207  0.00542674
         571       -0.36   -0.451909  0.00541963
         572       -0.44   -0.451888   0.0054102
         573       -0.52   -0.452007  0.00540206
         574       -0.52   -0.452125  0.00539395
         575       -0.44   -0.452104  0.00538461
         576       -0.44   -0.452083   0.0053753
         577        -0.6    -0.45234   0.0053721
         578       -0.68   -0.452734  0.00537722
         579        -0.6   -0.452988  0.00537395
         580        -0.6   -0.453241  0.00537066
         581       -0.44   -0.453219  0.00536146
         582       -0.28   -0.452921   0.0053605
         583        -0.6   -0.453173  0.00535724
         584       -0.36   -0.453014  0.00535044
         585       -0.04   -0.452308  0.00538768
         586       -0.28   -0.452014   0.0053865
         587       -0.52   -0.452129  0.00537857
         588       -0.68   -0.452517  0.00538336
         589       -0.52   -0.452632  0.00537544
         590       -0.68   -0.453017  0.00538013
         591       -0.44   -0.452995  0.00537107
         592       -0.44   -0.452973  0.00536204
         593        -0.6   -0.453221  0.00535873
         594       -0.44   -0.453199  0.00534975
         595       -0.52   -0.453311  0.00534194
         596       -0.36   -0.453154  0.00533527
         597        -0.2    -0.45273  0.00534316
         598       -0.44   -0.452709  0.00533427
         599        -0.2   -0.452287  0.00534202
         600       -0.28      -0.452  0.00534083
         601       -0.28   -0.451714   0.0053396
         602       -0.28   -0.451429  0.00533835
         603       -0.52   -0.451542  0.00533071
         604       -0.52   -0.451656  0.00532308
         605       -0.52   -0.451769  0.00531548
         606       -0.44   -0.451749  0.00530675
         607        -0.6   -0.451993  0.00530362
         608       -0.52   -0.452105  0.00529608
         609       -0.44   -0.452085  0.00528742
         610       -0.36   -0.451934  0.00528091
         611       -0.44   -0.451915   0.0052723
         612       -0.52   -0.452026  0.00526486
         613       -0.52   -0.452137  0.00525744
         614       -0.52   -0.452248  0.00525004
         615       -0.36   -0.452098  0.00524364
         616       -0.36   -0.451948  0.00523726
         617       -0.28   -0.451669  0.00523618
         618       -0.44    -0.45165  0.00522774
         619       -0.52   -0.451761  0.00522046
         620       -0.12   -0.451226   0.0052394
         621       -0.44   -0.451208  0.00523099
         622       -0.52   -0.451318  0.00522375
         623       -0.36   -0.451172  0.00521742
         624        -0.2   -0.450769  0.00522456
         625       -0.36   -0.450624  0.00521822
         626       -0.28   -0.450351    0.005217
         627       -0.36   -0.450207  0.00521067
         628       -0.28   -0.449936  0.00520942
         629       -0.36   -0.449793   0.0052031
         630       -0.44   -0.449778  0.00519486
         631       -0.28   -0.449509  0.00519359
         632        -0.6   -0.449747  0.00519083
         633       -0.52   -0.449858  0.00518381
         634       -0.44   -0.449842  0.00517566
         635        -0.6   -0.450079  0.00517291
         636        -0.6   -0.450314  0.00517014
         637       -0.52   -0.450424  0.00516319
         638       -0.44   -0.450408  0.00515512
         639       -0.44   -0.450391  0.00514708
         640       -0.44   -0.450375  0.00513906
         641       -0.52   -0.450484  0.00513219
         642       -0.68   -0.450841  0.00513663
         643       -0.36     -0.4507  0.00513059
         644       -0.36   -0.450559  0.00512455
         645       -0.52   -0.450667  0.00511774
         646       -0.52   -0.450774  0.00511094
         647       -0.44   -0.450757  0.00510307
         648       -0.44   -0.450741  0.00509522
         649       -0.52   -0.450847  0.00508849
         650       -0.68     -0.4512  0.00509286
         651        -0.6   -0.451429  0.00509016
         652       -0.52   -0.451534  0.00508344
         653       -0.68   -0.451884  0.00508768
         654       -0.44   -0.451865  0.00507993
         655       -0.28   -0.451603  0.00507895
         656       -0.28   -0.451341  0.00507794
         657       -0.52   -0.451446  0.00507129
         658       -0.52    -0.45155  0.00506465
         659       -0.36   -0.451411  0.00505887
         660        -0.6   -0.451636  0.00505621
         661       -0.36   -0.451498  0.00505046
         662       -0.44    -0.45148  0.00504286
         663       -0.36   -0.451342  0.00503714
         664       -0.44   -0.451325  0.00502959
         665       -0.28   -0.451068  0.00502862
         666       -0.44   -0.451051  0.00502109
         667       -0.44   -0.451034  0.00501359
         668       -0.52   -0.451138  0.00500715
         669        -0.6    -0.45136  0.00500461
         670       -0.52   -0.451463  0.00499819
         671       -0.28   -0.451207  0.00499727
         672       -0.36   -0.451071  0.00499167
         673       -0.52   -0.451174  0.00498531
         674       -0.52   -0.451276  0.00497896
         675       -0.52   -0.451378  0.00497262
         676       -0.44   -0.451361  0.00496529
         677       -0.68   -0.451699  0.00496943
         678        -0.6   -0.451917  0.00496691
         679        -0.2   -0.451546  0.00497344
         680       -0.68   -0.451882  0.00497746
         681        -0.6     -0.4521   0.0049749
         682       -0.36   -0.451965  0.00496943
         683       -0.36    -0.45183  0.00496398
         684        -0.6   -0.452047  0.00496145
         685       -0.36   -0.451912  0.00495603
         686        -0.2   -0.451545  0.00496239
         687       -0.36   -0.451412  0.00495695
         688       -0.52   -0.451512  0.00495075
         689       -0.36   -0.451379  0.00494535
         690       -0.44   -0.451362  0.00493821
         691       -0.28   -0.451114  0.00493728
         692       -0.44   -0.451098  0.00493017
         693       -0.52   -0.451198  0.00492406
         694       -0.68   -0.451527  0.00492799
         695       -0.36   -0.451396  0.00492266
         696       -0.44   -0.451379  0.00491562
         697       -0.36   -0.451248  0.00491031
         698       -0.36   -0.451117  0.00490502
         699       -0.44   -0.451102  0.00489802
         700       -0.44   -0.451086  0.00489105
         701       -0.68   -0.451412  0.00489496
         702       -0.76   -0.451852  0.00490769
         703       -0.52   -0.451949  0.00490167
         704       -0.44   -0.451932  0.00489473
         705       -0.52   -0.452028  0.00488874
         706       -0.36   -0.451898  0.00488356
         707       -0.12   -0.451429  0.00489916
         708       -0.36   -0.451299  0.00489394
         709        -0.2   -0.450945  0.00489986
         710       -0.28   -0.450704  0.00489887
         711        -0.6   -0.450914  0.00489648
         712       -0.44   -0.450899  0.00488962
         713       -0.52   -0.450996  0.00488373
         714       -0.36   -0.450868  0.00487855
         715       -0.36   -0.450741  0.00487338
         716       -0.44   -0.450726   0.0048666
         717       -0.36     -0.4506  0.00486145
         718       -0.28   -0.450362  0.00486049
         719       -0.52   -0.450459  0.00485469
         720       -0.28   -0.450222  0.00485372
         721       -0.52   -0.450319  0.00484795
         722       -0.44   -0.450305  0.00484126
         723       -0.44    -0.45029  0.00483458
         724       -0.52   -0.450387  0.00482886
         725       -0.28   -0.450152  0.00482792
         726       -0.36   -0.450028  0.00482286
         727        -0.6   -0.450234  0.00482064
         728       -0.52    -0.45033  0.00481497
         729       -0.28   -0.450096  0.00481403
         730       -0.28   -0.449863  0.00481307
         731        -0.2   -0.449521  0.00481861
         732        -0.6   -0.449727  0.00481641
         733       -0.44   -0.449714  0.00480986
         734        -0.6   -0.449918  0.00480766
         735       -0.76    -0.45034   0.0048196
         736       -0.68   -0.450652  0.00482314
         737        -0.6   -0.450855  0.00482085
         738        -0.6   -0.451057  0.00481855
         739        -0.6   -0.451258  0.00481624
         740       -0.44   -0.451243  0.00480976
         741       -0.36    -0.45112  0.00480484
         742       -0.84   -0.451644  0.00482687
         743        -0.6   -0.451844   0.0048245
         744       -0.44   -0.451828  0.00481804
         745        -0.6   -0.452027  0.00481568
         746       -0.44   -0.452011  0.00480925
         747       -0.44   -0.451995  0.00480284
         748        -0.6   -0.452193  0.00480049
         749       -0.44   -0.452176  0.00479411
         750       -0.28   -0.451947  0.00479321
         751        -0.6   -0.452144  0.00479088
         752        -0.6    -0.45234  0.00478854
         753       -0.36   -0.452218  0.00478375
         754        -0.6   -0.452414  0.00478142
         755       -0.52   -0.452503  0.00477593
         756       -0.52   -0.452593  0.00477044
         757        -0.6   -0.452787  0.00476811
         758        -0.6   -0.452982  0.00476578
         759       -0.52    -0.45307  0.00476032
         760        -0.6   -0.453263  0.00475798
         761       -0.76   -0.453666  0.00476877
         762       -0.44   -0.453648  0.00476254
         763       -0.52   -0.453735  0.00475709
         764       -0.84   -0.454241  0.00477766
         765       -0.76   -0.454641   0.0047881
         766       -0.52   -0.454726  0.00478261
         767       -0.52   -0.454811  0.00477713
         768       -0.36   -0.454688  0.00477251
         769       -0.52   -0.454772  0.00476706
         770        -0.6   -0.454961   0.0047646
         771       -0.36   -0.454838  0.00476001
         772       -0.44   -0.454819  0.00475388
         773       -0.44   -0.454799  0.00474777
         774        -0.6   -0.454987  0.00474534
         775       -0.36   -0.454865   0.0047408
         776        -0.6   -0.455052  0.00473838
         777       -0.44   -0.455032  0.00473232
         778       -0.52   -0.455116  0.00472697
         779       -0.36   -0.454994  0.00472248
         780       -0.52   -0.455077  0.00471716
         781        -0.6   -0.455262  0.00471477
         782       -0.52   -0.455345  0.00470947
         783       -0.44   -0.455326   0.0047035
         784       -0.52   -0.455408  0.00469822
         785       -0.52    -0.45549  0.00469296
         786       -0.12   -0.455064  0.00470636
         787        -0.2    -0.45474  0.00471152
         788       -0.28   -0.454518  0.00471076
         789       -0.36   -0.454398  0.00470631
         790       -0.44    -0.45438  0.00470039
         791       -0.52   -0.454463  0.00469518
         792        -0.6   -0.454646  0.00469284
         793       -0.36   -0.454527  0.00468844
         794       -0.36   -0.454408  0.00468405
         795       -0.36   -0.454289  0.00467966
         796        -0.6   -0.454472  0.00467736
         797       -0.52   -0.454555  0.00467222
         798       -0.68   -0.454837   0.0046749
         799       -0.36   -0.454718  0.00467055
         800       -0.68      -0.455  0.00467319
         801        -0.6   -0.455181  0.00467087
         802       -0.52   -0.455262  0.00466574
         803       -0.68   -0.455542  0.00466832
         804       -0.76    -0.45592  0.00467784
         805        -0.6   -0.456099  0.00467546
         806       -0.36    -0.45598  0.00467117
         807       -0.52   -0.456059  0.00466606
         808        -0.6   -0.456238  0.00466368
         809       -0.36   -0.456119  0.00465944
         810       -0.68   -0.456395  0.00466188
         811        -0.6   -0.456572  0.00465949
         812       -0.68   -0.456847  0.00466187
         813       -0.68   -0.457122  0.00466421
         814       -0.68   -0.457396  0.00466651
         815       -0.52   -0.457472  0.00466141
         816        -0.6   -0.457647  0.00465897
         817       -0.68   -0.457919  0.00466121
         818       -0.68   -0.458191  0.00466341
         819       -0.44   -0.458168  0.00465777
         820       -0.44   -0.458146  0.00465214
         821       -0.44   -0.458124  0.00464653
         822       -0.52     -0.4582  0.00464149
         823       -0.36    -0.45808  0.00463738
         824       -0.44   -0.458058  0.00463181
         825       -0.44   -0.458036  0.00462624
         826        -0.2   -0.457724  0.00463118
         827       -0.28   -0.457509  0.00463056
         828       -0.44   -0.457488  0.00462502
         829        -0.6    -0.45766  0.00462263
         830        -0.6   -0.457831  0.00462024
         831       -0.76   -0.458195  0.00462897
         832       -0.52   -0.458269    0.004624
         833       -0.44   -0.458247   0.0046185
         834       -0.52   -0.458321  0.00461356
         835       -0.44   -0.458299  0.00460808
         836       -0.44   -0.458278  0.00460262
         837       -0.44   -0.458256  0.00459718
         838       -0.36   -0.458138  0.00459319
         839       -0.36   -0.458021   0.0045892
         840        -0.2   -0.457714  0.00459401
         841       -0.28   -0.457503   0.0045934
         842        -0.6   -0.457672  0.00459106
         843       -0.52   -0.457746  0.00458621
         844       -0.36    -0.45763  0.00458224
         845       -0.44   -0.457609  0.00457686
         846       -0.68   -0.457872    0.004579
         847        -0.6    -0.45804  0.00457666
         848       -0.36   -0.457925  0.00457273
         849       -0.52   -0.457998  0.00456793
         850       -0.36   -0.457882  0.00456401
         851       -0.52   -0.457955  0.00455923
         852       -0.28   -0.457746  0.00455866
         853       -0.44   -0.457726  0.00455336
         854       -0.76    -0.45808  0.00456177
         855       -0.68   -0.458339  0.00456381
         856       -0.36   -0.458224  0.00455992
         857       -0.36    -0.45811  0.00455604
         858       -0.52   -0.458182   0.0045513
         859       -0.28   -0.457974  0.00455073
         860        -0.2   -0.457674  0.00455531
         861       -0.52   -0.457747   0.0045506
         862        -0.6   -0.457912  0.00454831
         863       -0.44   -0.457891  0.00454309
         864       -0.52   -0.457963   0.0045384
         865       -0.52   -0.458035  0.00453372
         866       -0.52   -0.458106  0.00452905
         867       -0.28   -0.457901  0.00452848
         868       -0.36   -0.457788  0.00452467
         869        -0.2   -0.457491  0.00452917
         870       -0.44   -0.457471  0.00452401
         871        -0.6   -0.457635  0.00452178
         872       -0.68    -0.45789  0.00452378
         873       -0.84   -0.458328  0.00453972
         874       -0.68   -0.458581   0.0045416
         875        -0.6   -0.458743  0.00453929
         876       -0.44   -0.458721  0.00453416
         877       -0.44     -0.4587  0.00452904
         878       -0.52    -0.45877  0.00452442
         879       -0.44   -0.458749  0.00451932
         880        -0.6   -0.458909  0.00451704
         881       -0.68    -0.45916  0.00451887
         882        -0.6    -0.45932  0.00451657
         883       -0.36   -0.459207  0.00451286
         884       -0.36   -0.459095  0.00450915
         885       -0.68   -0.459345  0.00451095
         886       -0.52   -0.459413  0.00450638
         887        -0.2   -0.459121  0.00451078
         888       -0.52   -0.459189  0.00450622
         889       -0.44   -0.459168  0.00450121
         890       -0.36   -0.459056  0.00449753
         891        -0.6   -0.459214  0.00449526
         892       -0.68   -0.459462  0.00449703
         893       -0.76   -0.459798  0.00450457
         894       -0.68   -0.460045  0.00450626
         895       -0.52   -0.460112  0.00450172
         896       -0.12   -0.459732  0.00451268
         897       -0.36   -0.459621  0.00450901
         898       -0.28   -0.459421  0.00450843
         899       -0.52   -0.459488  0.00450392
         900        -0.6   -0.459644  0.00450162
         901        -0.6     -0.4598  0.00449931
         902       -0.36    -0.45969  0.00449569
         903       -0.44   -0.459668  0.00449076
         904       -0.36   -0.459558  0.00448715
         905       -0.44   -0.459536  0.00448224
         906       -0.36   -0.459426  0.00447864
         907        -0.6   -0.459581  0.00447638
         908       -0.52   -0.459648  0.00447195
         909       -0.36   -0.459538  0.00446837
         910       -0.44   -0.459516  0.00446351
         911       -0.52   -0.459583  0.00445911
         912        -0.6   -0.459737  0.00445687
         913       -0.52   -0.459803  0.00445248
         914        -0.6   -0.459956  0.00445025
         915        -0.6   -0.460109  0.00444802
         916       -0.44   -0.460087  0.00444322
         917       -0.44   -0.460065  0.00443843
         918       -0.44   -0.460044  0.00443364
         919       -0.68   -0.460283  0.00443528
         920       -0.68   -0.460522  0.00443688
         921       -0.36   -0.460413   0.0044334
         922       -0.36   -0.460304  0.00442993
         923        -0.6   -0.460455  0.00442772
         924       -0.44   -0.460433  0.00442298
         925       -0.52   -0.460497  0.00441867
         926       -0.44   -0.460475  0.00441395
         927       -0.52   -0.460539  0.00440966
         928       -0.52   -0.460603  0.00440537
         929       -0.44   -0.460581  0.00440069
         930       -0.52   -0.460645  0.00439642
         931       -0.68   -0.460881    0.004398
         932       -0.44   -0.460858  0.00439334
         933       -0.44   -0.460836  0.00438869
         934       -0.52   -0.460899  0.00438445
         935        -0.6   -0.461048  0.00438228
         936       -0.28   -0.460855  0.00438187
         937       -0.44   -0.460832  0.00437725
         938       -0.52   -0.460896  0.00437304
         939       -0.44   -0.460873  0.00436844
         940       -0.36   -0.460766  0.00436511
         941       -0.28   -0.460574  0.00436469
         942       -0.44   -0.460552  0.00436011
         943       -0.44    -0.46053  0.00435554
         944       -0.44   -0.460508  0.00435098
         945       -0.44   -0.460487  0.00434643
         946       -0.04   -0.460042  0.00436451
         947       -0.52   -0.460106  0.00436036
         948       -0.52   -0.460169  0.00435622
         949       -0.36   -0.460063  0.00435291
         950       -0.28   -0.459874  0.00435245
         951        -0.2     -0.4596  0.00435644
         952       -0.12   -0.459244  0.00436645
         953        -0.2   -0.458972  0.00437033
         954       -0.52   -0.459036  0.00436622
         955       -0.44   -0.459016  0.00436169
         956       -0.52   -0.459079  0.00435759
         957       -0.44    -0.45906  0.00435309
         958       -0.52   -0.459123  0.00434901
         959        -0.6    -0.45927  0.00434695
         960       -0.68     -0.4595   0.0043485
         961       -0.36   -0.459396  0.00434521
         962        -0.6   -0.459543  0.00434315
         963       -0.44   -0.459522  0.00433869
         964       -0.52   -0.459585  0.00433464
         965       -0.44   -0.459565   0.0043302
         966       -0.52   -0.459627  0.00432616
         967       -0.52    -0.45969  0.00432214
         968       -0.68   -0.459917  0.00432366
         969       -0.52   -0.459979  0.00431965
         970        -0.6   -0.460124   0.0043176
         971        -0.6   -0.460268  0.00431556
         972        -0.6   -0.460412  0.00431351
         973       -0.52   -0.460473  0.00430952
         974        -0.6   -0.460616  0.00430747
         975       -0.36   -0.460513  0.00430429
         976       -0.52   -0.460574  0.00430031
         977       -0.52   -0.460635  0.00429634
         978        -0.6   -0.460777  0.00429431
         979       -0.52   -0.460838  0.00429035
         980        -0.6    -0.46098  0.00428832
         981       -0.44   -0.460958    0.004284
         982       -0.52   -0.461018  0.00428006
         983        -0.6    -0.46116  0.00427804
         984       -0.44   -0.461138  0.00427375
         985       -0.36   -0.461036  0.00427064
         986       -0.36   -0.460933  0.00426754
         987       -0.36   -0.460831  0.00426444
         988       -0.68   -0.461053  0.00426589
         989       -0.68   -0.461274  0.00426732
         990       -0.36   -0.461172  0.00426423
         991       -0.28   -0.460989  0.00426385
         992        -0.6   -0.461129  0.00426185
         993        -0.6   -0.461269  0.00425985
         994       -0.76   -0.461569  0.00426616
         995       -0.36   -0.461467  0.00426309
         996       -0.52   -0.461526  0.00425922
         997        -0.6   -0.461665  0.00425721
         998       -0.68   -0.461884  0.00425856
         999       -0.52   -0.461942  0.00425469
        1000       -0.28    -0.46176  0.00425433
        1001       -0.44   -0.461738  0.00425013
        1002       -0.44   -0.461717  0.00424595
        1003       -0.44   -0.461695  0.00424177
        1004       -0.44   -0.461673   0.0042376
        1005       -0.76    -0.46197  0.00424377
        1006       -0.68   -0.462187  0.00424508
        1007       -0.52   -0.462244  0.00424125
        1008       -0.44   -0.462222   0.0042371
        1009       -0.52   -0.462279  0.00423329
        1010       -0.52   -0.462337  0.00422948
        1011        -0.6   -0.462473  0.00422749
        1012       -0.44   -0.462451  0.00422337
        1013        -0.6   -0.462586  0.00422138
        1014       -0.76    -0.46288   0.0042274
        1015       -0.44   -0.462857  0.00422329
        1016       -0.36   -0.462756  0.00422035
        1017       -0.68    -0.46297   0.0042216
        1018       -0.68   -0.463183  0.00422284
        1019       -0.36   -0.463081  0.00421991
        1020       -0.36    -0.46298  0.00421698
        1021       -0.44   -0.462958  0.00421291
        1022       -0.28   -0.462779  0.00421259
        1023       -0.28     -0.4626  0.00421226
        1024       -0.52   -0.462656  0.00420852
        1025       -0.68   -0.462868  0.00420975
        1026       -0.52   -0.462924  0.00420601
        1027       -0.36   -0.462824  0.00420311
        1028       -0.36   -0.462724  0.00420021
        1029       -0.52   -0.462779   0.0041965
        1030       -0.52   -0.462835  0.00419279
        1031       -0.52    -0.46289  0.00418909
        1032        -0.6   -0.463023  0.00418714
        1033        -0.6   -0.463156  0.00418519
        1034       -0.44   -0.463133   0.0041812
        1035        -0.6   -0.463266  0.00417925
        1036        -0.6   -0.463398   0.0041773
        1037       -0.36   -0.463298  0.00417446
        1038       -0.44   -0.463276   0.0041705
        1039       -0.68   -0.463484   0.0041717
        1040       -0.76   -0.463769  0.00417742
        1041       -0.28   -0.463593  0.00417714
        1042       -0.36   -0.463493  0.00417431
        1043       -0.36   -0.463394  0.00417149
        1044       -0.44   -0.463372  0.00416755
        1045       -0.28   -0.463196  0.00416726
        1046       -0.68   -0.463403  0.00416842
        1047       -0.44   -0.463381   0.0041645
        1048       -0.44   -0.463359  0.00416059
        1049       -0.52   -0.463413  0.00415697
        1050       -0.36   -0.463314  0.00415418
        1051       -0.28    -0.46314  0.00415389
        1052       -0.44   -0.463118     0.00415
        1053        -0.2   -0.462868  0.00415357
        1054       -0.68   -0.463074  0.00415474
        1055       -0.68    -0.46328  0.00415588
        1056       -0.52   -0.463333  0.00415229
        1057       -0.52   -0.463387  0.00414871
        1058       -0.52    -0.46344  0.00414514
        1059       -0.44   -0.463418  0.00414128
        1060       -0.36   -0.463321  0.00413852
        1061       -0.44   -0.463299  0.00413468
        1062       -0.68   -0.463503  0.00413582
        1063       -0.44   -0.463481  0.00413199
        1064       -0.44   -0.463459  0.00412816
        1065       -0.44   -0.463437  0.00412435
        1066        -0.6   -0.463565  0.00412247
        1067       -0.68   -0.463768  0.00412359
        1068        -0.6   -0.463895   0.0041217
        1069       -0.44   -0.463873  0.00411791
        1070       -0.36   -0.463776   0.0041152
        1071       -0.52   -0.463828  0.00411169
        1072       -0.52   -0.463881  0.00410819
        1073       -0.68   -0.464082   0.0041093
        1074       -0.04   -0.463687   0.0041244
        1075       -0.36   -0.463591  0.00412169
        1076       -0.52   -0.463643  0.00411819
        1077       -0.44   -0.463621  0.00411443
        1078       -0.52   -0.463673  0.00411094
        1079       -0.36   -0.463577  0.00410826
        1080       -0.44   -0.463556  0.00410451
        1081       -0.44   -0.463534  0.00410077
        1082       -0.36   -0.463438   0.0040981
        1083       -0.36   -0.463343  0.00409543
        1084       -0.28   -0.463173  0.00409514
        1085       -0.36   -0.463078  0.00409247
        1086       -0.36   -0.462983   0.0040898
        1087       -0.36   -0.462889  0.00408714
        1088       -0.52   -0.462941  0.00408372
        1089        -0.6   -0.463067  0.00408191
        1090       -0.36   -0.462972  0.00407926
        1091        -0.2   -0.462731  0.00408263
        1092       -0.36   -0.462637  0.00407998
        1093       -0.44   -0.462617   0.0040763
        1094       -0.28    -0.46245  0.00407599
        1095       -0.36   -0.462356  0.00407334
        1096       -0.36   -0.462263  0.00407069
        1097       -0.52   -0.462315  0.00406732
        1098        -0.6   -0.462441  0.00406555
        1099       -0.44    -0.46242   0.0040619
        1100       -0.12   -0.462109  0.00407012
        1101       -0.52   -0.462162  0.00406676
        1102       -0.44   -0.462142  0.00406312
        1103       -0.28   -0.461976  0.00406279
        1104        -0.6   -0.462101  0.00406104
        1105        -0.6   -0.462226  0.00405928
        1106       -0.52   -0.462278  0.00405594
        1107        -0.6   -0.462403  0.00405419
        1108        -0.6   -0.462527  0.00405243
        1109       -0.52   -0.462579  0.00404911
        1110       -0.52   -0.462631  0.00404579
        1111       -0.44    -0.46261   0.0040422
        1112       -0.44    -0.46259  0.00403862
        1113       -0.28   -0.462426  0.00403832
        1114        -0.2    -0.46219  0.00404156
        1115       -0.52   -0.462242  0.00403826
        1116       -0.36   -0.462151  0.00403569
        1117       -0.52   -0.462202   0.0040324
        1118       -0.44   -0.462182  0.00402885
        1119       -0.36   -0.462091  0.00402628
        1120       -0.44   -0.462071  0.00402273
        1121       -0.44   -0.462052  0.00401919
        1122       -0.36   -0.461961  0.00401664
        1123       -0.36    -0.46187  0.00401409
        1124       -0.36   -0.461779  0.00401154
        1125       -0.52   -0.461831  0.00400831
        1126       -0.52   -0.461883  0.00400508
        1127       -0.68   -0.462076   0.0040062
        1128       -0.52   -0.462128  0.00400298
        1129       -0.76   -0.462391  0.00400812
        1130       -0.44   -0.462372  0.00400462
        1131        -0.6   -0.462493  0.00400293
        1132       -0.52   -0.462544  0.00399972
        1133       -0.28   -0.462383  0.00399943
        1134       -0.28   -0.462222  0.00399914
        1135       -0.44   -0.462203  0.00399566
        1136       -0.52   -0.462254  0.00399247
        1137       -0.76   -0.462515  0.00399753
        1138       -0.68   -0.462707  0.00399859
        1139       -0.44   -0.462687  0.00399513
        1140       -0.52   -0.462737  0.00399194
        1141       -0.44   -0.462717  0.00398849
        1142       -0.36   -0.462627  0.00398601
        1143       -0.44   -0.462607  0.00398257
        1144       -0.36   -0.462517   0.0039801
        1145       -0.52   -0.462568  0.00397694
        1146        -0.6   -0.462688  0.00397528
        1147       -0.44   -0.462668  0.00397186
        1148       -0.36   -0.462578  0.00396941
        1149        -0.2    -0.46235  0.00397253
        1150       -0.28   -0.462191  0.00397224
        1151        -0.6   -0.462311  0.00397059
        1152       -0.28   -0.462153  0.00397029
        1153       -0.44   -0.462134   0.0039669
        1154       -0.28   -0.461976   0.0039666
        1155       -0.44   -0.461957  0.00396321
        1156       -0.36   -0.461869  0.00396076
        1157       -0.44    -0.46185  0.00395738
        1158       -0.28   -0.461693  0.00395708
        1159       -0.36   -0.461605  0.00395464
        1160       -0.44   -0.461586  0.00395128
        1161       -0.36   -0.461499  0.00394884
        1162        -0.6   -0.461618  0.00394724
        1163       -0.44   -0.461599  0.00394389
        1164       -0.52   -0.461649  0.00394082
        1165       -0.68   -0.461837  0.00394189
        1166        -0.6   -0.461955  0.00394029
        1167        -0.6   -0.462074  0.00393869
        1168       -0.28   -0.461918   0.0039384
        1169       -0.44   -0.461899  0.00393508
        1170       -0.52   -0.461949  0.00393203
        1171       -0.44    -0.46193  0.00392872
        1172       -0.36   -0.461843  0.00392633
        1173       -0.36   -0.461756  0.00392394
        1174       -0.36    -0.46167  0.00392155
        1175       -0.52   -0.461719  0.00391853
        1176        -0.6   -0.461837  0.00391696
        1177       -0.44   -0.461818  0.00391368
        1178       -0.44     -0.4618   0.0039104
        1179       -0.36   -0.461713  0.00390804
        1180       -0.68   -0.461898   0.0039091
        1181       -0.44    -0.46188  0.00390583
        1182       -0.44   -0.461861  0.00390257
        1183       -0.44   -0.461843  0.00389932
        1184       -0.44   -0.461824  0.00389607
        1185       -0.36   -0.461738  0.00389373
        1186       -0.12    -0.46145  0.00390109
        1187       -0.12   -0.461163   0.0039084
        1188       -0.44   -0.461145  0.00390515
        1189       -0.68   -0.461329   0.0039062
        1190       -0.52   -0.461378  0.00390323
        1191        -0.6   -0.461495  0.00390168
        1192       -0.52   -0.461544  0.00389872
        1193       -0.28   -0.461391  0.00389842
        1194       -0.28    -0.46124  0.00389811
        1195        -0.6   -0.461356  0.00389658
        1196        -0.6   -0.461472  0.00389505
        1197       -0.44   -0.461454  0.00389184
        1198       -0.36   -0.461369  0.00388951
        1199       -0.68   -0.461551  0.00389054
        1200       -0.44   -0.461533  0.00388734
        1201       -0.52   -0.461582   0.0038844
        1202       -0.52   -0.461631  0.00388148
        1203       -0.68   -0.461812  0.00388249
        1204        -0.6   -0.461927  0.00388096
        1205       -0.52   -0.461975  0.00387804
        1206       -0.36   -0.461891  0.00387575
        1207       -0.44   -0.461872  0.00387258
        1208       -0.76   -0.462119  0.00387723
        1209       -0.76   -0.462366  0.00388184
        1210        -0.6   -0.462479   0.0038803
        1211       -0.52   -0.462527  0.00387739
        1212        -0.6    -0.46264  0.00387585
        1213       -0.44   -0.462622   0.0038727
        1214       -0.28   -0.462471  0.00387243
        1215       -0.12   -0.462189  0.00387948
        1216       -0.36   -0.462105   0.0038772
        1217       -0.52   -0.462153  0.00387431
        1218        -0.6   -0.462266  0.00387278
        1219       -0.68   -0.462445  0.00387372
        1220       -0.36   -0.462361  0.00387146
        1221       -0.36   -0.462277  0.00386919
        1222       -0.36   -0.462193  0.00386693
        1223       -0.28   -0.462044  0.00386664
        1224       -0.52   -0.462092  0.00386377
        1225       -0.68   -0.462269  0.00386471
        1226       -0.76   -0.462512  0.00386918
        1227       -0.52   -0.462559  0.00386631
        1228       -0.44   -0.462541   0.0038632
        1229        -0.6   -0.462653  0.00386168
        1230       -0.36   -0.462569  0.00385944
        1231       -0.52   -0.462616  0.00385659
        1232       -0.36   -0.462532  0.00385436
        1233       -0.28   -0.462384  0.00385407
        1234       -0.36   -0.462301  0.00385184
        1235       -0.44   -0.462283  0.00384877
        1236       -0.28   -0.462136  0.00384848
        1237       -0.28   -0.461989  0.00384818
        1238       -0.36   -0.461906  0.00384595
        1239       -0.52   -0.461953  0.00384314
        1240       -0.36   -0.461871  0.00384092
        1241       -0.28   -0.461724  0.00384062
        1242       -0.28   -0.461578  0.00384031
        1243       -0.44   -0.461561  0.00383726
        1244        -0.6   -0.461672  0.00383579
        1245       -0.52   -0.461719  0.00383299
        1246       -0.52   -0.461766   0.0038302
        1247       -0.52   -0.461812  0.00382742
        1248       -0.52   -0.461859  0.00382463
        1249       -0.52   -0.461906  0.00382185
        1250        -0.6   -0.462016  0.00382039
        1251       -0.68    -0.46219  0.00382131
        1252       -0.68   -0.462364  0.00382222
        1253       -0.52    -0.46241  0.00381944
        1254       -0.36   -0.462329  0.00381727
        1255       -0.44   -0.462311  0.00381427
        1256       -0.52   -0.462357  0.00381151
        1257        -0.6   -0.462466  0.00381005
        1258        -0.6   -0.462576  0.00380859
        1259       -0.44   -0.462558  0.00380561
        1260       -0.44    -0.46254  0.00380263
        1261       -0.36   -0.462458  0.00380048
        1262       -0.44   -0.462441  0.00379751
        1263       -0.28   -0.462296  0.00379725
        1264       -0.52   -0.462342  0.00379452
        1265        -0.6   -0.462451  0.00379308
        1266       -0.52   -0.462496  0.00379036
        1267       -0.36   -0.462415  0.00378823
        1268       -0.28   -0.462271  0.00378797
        1269       -0.36   -0.462191  0.00378585
        1270       -0.28   -0.462047  0.00378558
        1271       -0.52   -0.462093  0.00378288
        1272       -0.36   -0.462013  0.00378076
        1273       -0.44   -0.461995  0.00377783
        1274       -0.28   -0.461852  0.00377756
        1275       -0.52   -0.461898  0.00377487
        1276        -0.6   -0.462006  0.00377347
        1277       -0.52   -0.462052  0.00377078
        1278       -0.44   -0.462034  0.00376787
        1279       -0.52    -0.46208   0.0037652
        1280       -0.44   -0.462063   0.0037623
        1281        -0.6    -0.46217   0.0037609
        1282        -0.6   -0.462278   0.0037595
        1283       -0.36   -0.462198  0.00375742
        1284       -0.36   -0.462118  0.00375533
        1285       -0.52   -0.462163  0.00375268
        1286        -0.2    -0.46196   0.0037553
        1287       -0.52   -0.462005  0.00375265
        1288       -0.44   -0.461988  0.00374978
        1289       -0.44   -0.461971  0.00374691
        1290       -0.44   -0.461953  0.00374404
        1291       -0.36   -0.461875  0.00374197
        1292       -0.52    -0.46192  0.00373935
        1293       -0.52   -0.461964  0.00373672
        1294       -0.52   -0.462009  0.00373411
        1295        -0.6   -0.462116  0.00373274
        1296       -0.52    -0.46216  0.00373013
        1297        -0.2   -0.461958  0.00373273
        1298       -0.36    -0.46188  0.00373068
        1299       -0.52   -0.461925  0.00372807
        1300       -0.36   -0.461846  0.00372603
        1301        -0.2   -0.461645   0.0037286
        1302       -0.36   -0.461567  0.00372655
        1303        -0.2   -0.461366  0.00372909
        1304       -0.28   -0.461227  0.00372883
        1305       -0.36   -0.461149  0.00372678
        1306       -0.44   -0.461133  0.00372396
        1307       -0.44   -0.461117  0.00372114
        1308       -0.36    -0.46104   0.0037191
        1309       -0.52   -0.461085  0.00371653
        1310       -0.52    -0.46113  0.00371397
        1311       -0.12    -0.46087  0.00372024
        1312       -0.44   -0.460854  0.00371744
        1313       -0.36   -0.460777   0.0037154
        1314        -0.2   -0.460578  0.00371787
        1315       -0.44   -0.460563  0.00371507
        1316       -0.28   -0.460426  0.00371478
        1317       -0.68   -0.460592   0.0037157
        1318       -0.44   -0.460577  0.00371292
        1319       -0.36     -0.4605  0.00371088
        1320       -0.36   -0.460424  0.00370885
        1321       -0.44   -0.460409  0.00370608
        1322       -0.52   -0.460454  0.00370355
        1323       -0.52   -0.460499  0.00370102
        1324       -0.52   -0.460544   0.0036985
        1325       -0.52   -0.460589  0.00369598
        1326       -0.52   -0.460633  0.00369347
        1327       -0.44   -0.460618  0.00369072
        1328       -0.28   -0.460482  0.00369044
        1329       -0.52   -0.460527  0.00368794
        1330       -0.28   -0.460391  0.00368766
        1331       -0.52   -0.460436  0.00368516
        1332       -0.44    -0.46042  0.00368243
        1333       -0.44   -0.460405   0.0036797
        1334       -0.36    -0.46033  0.00367771
        1335       -0.44   -0.460315  0.00367499
        1336       -0.52   -0.460359  0.00367251
        1337        -0.2   -0.460165  0.00367492
        1338       -0.52   -0.460209  0.00367244
        1339       -0.52   -0.460254  0.00366997
        1340       -0.52   -0.460299   0.0036675
        1341       -0.52   -0.460343  0.00366504
        1342       -0.28   -0.460209  0.00366477
        1343       -0.28   -0.460074   0.0036645
        1344       -0.28    -0.45994  0.00366422
        1345        -0.2   -0.459747  0.00366659
        1346       -0.28   -0.459614   0.0036663
        1347       -0.52   -0.459659  0.00366385
        1348       -0.36   -0.459585  0.00366188
        1349       -0.44    -0.45957  0.00365919
        1350       -0.44   -0.459556  0.00365651
        1351       -0.52     -0.4596  0.00365408
        1352       -0.44   -0.459586   0.0036514
        1353       -0.68   -0.459749  0.00365234
        1354        -0.2   -0.459557  0.00365467
        1355       -0.44   -0.459542    0.003652
        1356       -0.52   -0.459587  0.00364958
        1357       -0.44   -0.459573  0.00364692
        1358       -0.68   -0.459735  0.00364785
        1359       -0.52   -0.459779  0.00364543
        1360       -0.52   -0.459824  0.00364302
        1361        -0.6   -0.459927   0.0036418
        1362       -0.36   -0.459853  0.00363987
        1363       -0.44   -0.459839  0.00363722
        1364       -0.52   -0.459883  0.00363482
        1365       -0.76   -0.460103  0.00363881
        1366       -0.76   -0.460322  0.00364276
        1367       -0.76   -0.460541  0.00364668
        1368       -0.68   -0.460702  0.00364755
        1369       -0.36   -0.460628  0.00364562
        1370       -0.52   -0.460672  0.00364322
        1371       -0.52   -0.460715  0.00364082
        1372       -0.52   -0.460758  0.00363842
        1373       -0.44   -0.460743   0.0036358
        1374       -0.44   -0.460728  0.00363319
        1375       -0.52   -0.460771   0.0036308
        1376       -0.44   -0.460756  0.00362819
        1377       -0.44   -0.460741  0.00362559
        1378       -0.68     -0.4609  0.00362645
        1379       -0.68   -0.461059   0.0036273
        1380       -0.36   -0.460986  0.00362541
        1381       -0.68   -0.461144  0.00362625
        1382       -0.44   -0.461129  0.00362366
        1383       -0.44   -0.461114  0.00362107
        1384        -0.6   -0.461214  0.00361985
        1385        -0.2   -0.461025  0.00362214
        1386        -0.2   -0.460837  0.00362442
        1387       -0.36   -0.460764  0.00362254
        1388       -0.52   -0.460807  0.00362018
        1389       -0.68   -0.460965  0.00362101
        1390       -0.44    -0.46095  0.00361844
        1391       -0.28    -0.46082  0.00361817
        1392       -0.52   -0.460862  0.00361582
        1393       -0.36    -0.46079  0.00361395
        1394       -0.52   -0.460832  0.00361161
        1395       -0.44   -0.460817  0.00360905
        1396       -0.52    -0.46086  0.00360672
        1397       -0.44   -0.460845  0.00360416
        1398       -0.52   -0.460887  0.00360183
        1399       -0.52   -0.460929  0.00359951
        1400        -0.6   -0.461029  0.00359831
        1401       -0.52   -0.461071  0.00359599
        1402       -0.36   -0.460999  0.00359414
        1403       -0.52   -0.461041  0.00359183
        1404        -0.6    -0.46114  0.00359063
        1405        -0.6   -0.461238  0.00358944
        1406       -0.28    -0.46111   0.0035892
        1407       -0.68   -0.461265  0.00359002
        1408       -0.76   -0.461477  0.00359373
        1409       -0.28   -0.461348  0.00359349
        1410       -0.44   -0.461333  0.00359097
        1411       -0.52   -0.461375  0.00358867
        1412       -0.68    -0.46153  0.00358946
        1413       -0.52   -0.461571  0.00358716
        1414       -0.28   -0.461443  0.00358692
        1415        -0.6   -0.461541  0.00358572
        1416       -0.68   -0.461695  0.00358651
        1417       -0.68   -0.461849  0.00358729
        1418        -0.6   -0.461946  0.00358608
        1419        -0.6   -0.462044  0.00358487
        1420       -0.44   -0.462028  0.00358238
        1421       -0.44   -0.462013  0.00357989
        1422       -0.44   -0.461997  0.00357741
        1423       -0.44   -0.461982  0.00357493
        1424        -0.6   -0.462079  0.00357373
        1425       -0.28   -0.461951  0.00357351
        1426       -0.52   -0.461992  0.00357123
        1427       -0.52   -0.462032  0.00356896
        1428       -0.36   -0.461961  0.00356718
        1429       -0.52   -0.462001  0.00356491
        1430        -0.6   -0.462098  0.00356372
        1431       -0.36   -0.462027  0.00356195
        1432       -0.36   -0.461955  0.00356017
        1433       -0.44    -0.46194  0.00355772
        1434        -0.6   -0.462036  0.00355654
        1435       -0.44   -0.462021   0.0035541
        1436       -0.44   -0.462006  0.00355166
        1437       -0.36   -0.461935  0.00354989
        1438       -0.52   -0.461975  0.00354766
        1439       -0.52   -0.462015  0.00354542
        1440       -0.52   -0.462056  0.00354319
        1441       -0.28   -0.461929  0.00354298
        1442       -0.36   -0.461859  0.00354123
        1443       -0.52   -0.461899    0.003539
        1444       -0.44   -0.461884  0.00353658
        1445        -0.6   -0.461979  0.00353543
        1446       -0.28   -0.461853  0.00353522
        1447       -0.28   -0.461728  0.00353501
        1448       -0.52   -0.461768   0.0035328
        1449       -0.68   -0.461919  0.00353357
        1450       -0.52   -0.461959  0.00353136
        1451       -0.52   -0.461999  0.00352915
        1452       -0.36   -0.461928  0.00352742
        1453       -0.44   -0.461913  0.00352503
        1454        -0.6   -0.462008  0.00352388
        1455       -0.44   -0.461993  0.00352149
        1456       -0.28   -0.461868  0.00352129
        1457       -0.44   -0.461853  0.00351891
        1458        -0.2   -0.461674  0.00352107
        1459       -0.44   -0.461659  0.00351869
        1460       -0.44   -0.461644  0.00351631
        1461        -0.6   -0.461739  0.00351518
        1462        -0.6   -0.461833  0.00351405
        1463       -0.52   -0.461873  0.00351187
        1464       -0.52   -0.461913   0.0035097
        1465       -0.44   -0.461898  0.00350733
        1466       -0.52   -0.461937  0.00350516
        1467       -0.52   -0.461977    0.003503
        1468       -0.44   -0.461962  0.00350064
        1469        -0.6   -0.462056  0.00349952
        1470       -0.44   -0.462041  0.00349717
        1471        -0.6   -0.462135  0.00349605
        1472       -0.52   -0.462174   0.0034939
        1473       -0.52   -0.462213  0.00349175
        1474       -0.52   -0.462252   0.0034896
        1475       -0.44   -0.462237  0.00348727
        1476       -0.44   -0.462222  0.00348494
        1477       -0.44   -0.462207  0.00348261
        1478        -0.2    -0.46203  0.00348477
        1479       -0.12   -0.461799  0.00349008
        1480       -0.44   -0.461784  0.00348775
        1481       -0.36   -0.461715  0.00348607
        1482       -0.44     -0.4617  0.00348375
        1483       -0.36   -0.461632  0.00348208
        1484       -0.44   -0.461617  0.00347976
        1485       -0.44   -0.461603  0.00347745
        1486        -0.2   -0.461427  0.00347956
        1487       -0.28   -0.461305  0.00347936
        1488       -0.28   -0.461183  0.00347915
        1489       -0.44   -0.461169  0.00347685
        1490       -0.36   -0.461101  0.00347517
        1491       -0.36   -0.461033  0.00347351
        1492        -0.6   -0.461126  0.00347243
        1493       -0.44   -0.461112  0.00347013
        1494       -0.52   -0.461151  0.00346803
        1495       -0.44   -0.461137  0.00346574
        1496        -0.6    -0.46123  0.00346467
        1497       -0.52   -0.461269  0.00346257
        1498       -0.44   -0.461255  0.00346029
        1499       -0.52   -0.461294   0.0034582
        1500       -0.36   -0.461227  0.00345656
        1501       -0.44   -0.461213  0.00345428
        1502       -0.52   -0.461252  0.00345221
        1503       -0.52   -0.461291  0.00345013
        1504        -0.6   -0.461383  0.00344907
        1505       -0.52   -0.461422    0.003447
        1506       -0.44   -0.461408  0.00344474
        1507       -0.52   -0.461447  0.00344267
        1508        -0.6   -0.461538  0.00344161
        1509       -0.52   -0.461577  0.00343955
        1510        -0.6   -0.461669   0.0034385
        1511        -0.6    -0.46176  0.00343744
        1512       -0.52   -0.461799  0.00343538
        1513       -0.52   -0.461837  0.00343333
        1514       -0.36    -0.46177  0.00343172
        1515       -0.36   -0.461703  0.00343011
        1516       -0.36   -0.461636   0.0034285
        1517        -0.6   -0.461727  0.00342746
        1518       -0.52   -0.461765  0.00342541
        1519        -0.6   -0.461856  0.00342437
        1520        -0.6   -0.461947  0.00342332
        1521       -0.68   -0.462091  0.00342407
        1522       -0.52   -0.462129  0.00342203
        1523       -0.28   -0.462009  0.00342187
        1524       -0.44   -0.461995  0.00341966
        1525        -0.2   -0.461823  0.00342173
        1526       -0.68   -0.461966  0.00342247
        1527       -0.44   -0.461952  0.00342026
        1528       -0.52    -0.46199  0.00341823
        1529       -0.28   -0.461871  0.00341807
        1530       -0.44   -0.461856  0.00341586
        1531       -0.28   -0.461737   0.0034157
        1532       -0.28   -0.461619  0.00341553
        1533       -0.36   -0.461553  0.00341394
        1534        -0.6   -0.461643  0.00341291
        1535       -0.44   -0.461629  0.00341072
        1536       -0.44   -0.461615  0.00340852
        1537       -0.52   -0.461653  0.00340652
        1538        -0.6   -0.461743  0.00340549
        1539       -0.28   -0.461624  0.00340533
        1540        -0.6   -0.461714   0.0034043
        1541       -0.44     -0.4617  0.00340212
        1542       -0.36   -0.461634  0.00340055
        1543        -0.6   -0.461724  0.00339953
        1544       -0.52   -0.461762  0.00339754
        1545       -0.68   -0.461903  0.00339827
        1546       -0.84   -0.462147  0.00340487
        1547       -0.76    -0.46234   0.0034081
        1548       -0.44   -0.462326  0.00340593
        1549       -0.52   -0.462363  0.00340394
        1550       -0.36   -0.462297  0.00340238
        1551       -0.36   -0.462231  0.00340083
        1552       -0.52   -0.462268  0.00339884
        1553       -0.52   -0.462305  0.00339685
        1554       -0.68   -0.462445  0.00339756
        1555       -0.44   -0.462431   0.0033954
        1556       -0.44   -0.462416  0.00339325
        1557        -0.6   -0.462505  0.00339222
        1558        -0.6   -0.462593  0.00339119
        1559       -0.28   -0.462476  0.00339104
        1560       -0.44   -0.462462   0.0033889
        1561        -0.6    -0.46255  0.00338787
        1562       -0.52   -0.462586   0.0033859
        1563        -0.6   -0.462674  0.00338488
        1564       -0.44    -0.46266  0.00338274
        1565       -0.28   -0.462543  0.00338259
        1566       -0.28   -0.462427  0.00338244
        1567       -0.44   -0.462412  0.00338031
        1568        -0.6     -0.4625   0.0033793
        1569       -0.52   -0.462537  0.00337734
        1570       -0.52   -0.462573  0.00337539
        1571       -0.28   -0.462457  0.00337524
        1572       -0.44   -0.462443  0.00337312
        1573       -0.68   -0.462581  0.00337381
        1574       -0.28   -0.462465  0.00337366
        1575       -0.36     -0.4624  0.00337215
        1576       -0.52   -0.462437  0.00337021
        1577       -0.36   -0.462372  0.00336869
        1578        -0.2   -0.462205  0.00337066
        1579       -0.36   -0.462141  0.00336915
        1580       -0.36   -0.462076  0.00336764
        1581       -0.52   -0.462113   0.0033657
        1582       -0.44   -0.462099  0.00336361
        1583       -0.28   -0.461984  0.00336345
        1584       -0.36   -0.461919  0.00336194
        1585       -0.12   -0.461703  0.00336673
        1586        -0.6   -0.461791  0.00336574
        1587       -0.52   -0.461827  0.00336382
        1588        -0.6   -0.461914  0.00336283
        1589       -0.52   -0.461951  0.00336091
        1590       -0.36   -0.461887  0.00335941
        1591       -0.52   -0.461923  0.00335749
        1592       -0.44    -0.46191  0.00335541
        1593       -0.36   -0.461846  0.00335392
        1594        -0.6   -0.461932  0.00335293
        1595       -0.28   -0.461818  0.00335277
        1596       -0.44   -0.461805   0.0033507
        1597       -0.36   -0.461741   0.0033492
        1598       -0.36   -0.461677  0.00334771
        1599       -0.44   -0.461664  0.00334565
        1600       -0.52     -0.4617  0.00334375
        1601       -0.44   -0.461686  0.00334169
        1602       -0.52   -0.461723  0.00333981
        1603       -0.52   -0.461759  0.00333792
        1604        -0.6   -0.461845  0.00333695
        1605       -0.36   -0.461782  0.00333548
        1606       -0.36   -0.461719    0.003334
        1607       -0.44   -0.461705  0.00333195
        1608       -0.52   -0.461741  0.00333008
        1609       -0.44   -0.461728  0.00332804
        1610       -0.68   -0.461863  0.00332873
        1611        -0.6   -0.461949  0.00332777
        1612       -0.28   -0.461836  0.00332762
        1613       -0.36   -0.461773  0.00332615
        1614       -0.44    -0.46176  0.00332412
        1615       -0.44   -0.461746  0.00332209
        1616       -0.68   -0.461881  0.00332278
        1617       -0.52   -0.461917  0.00332092
        1618       -0.44   -0.461904  0.00331889
        1619       -0.44    -0.46189  0.00331687
        1620       -0.52   -0.461926  0.00331502
        1621       -0.76    -0.46211  0.00331807
        1622       -0.68   -0.462244  0.00331874
        1623       -0.52    -0.46228  0.00331688
        1624       -0.52   -0.462315  0.00331503
        1625       -0.44   -0.462302  0.00331302
        1626       -0.76   -0.462485  0.00331604
        1627        -0.6   -0.462569  0.00331508
        1628       -0.44   -0.462555  0.00331307
        1629       -0.44   -0.462541  0.00331107
        1630        -0.6   -0.462626  0.00331011
        1631       -0.52   -0.462661  0.00330827
        1632        -0.6   -0.462745  0.00330731
        1633       -0.44   -0.462731  0.00330531
        1634       -0.28   -0.462619  0.00330518
        1635       -0.52   -0.462654  0.00330335
        1636       -0.52   -0.462689  0.00330151
        1637       -0.44   -0.462676  0.00329952
        1638        -0.6   -0.462759  0.00329858
        1639       -0.44   -0.462746  0.00329659
        1640       -0.36   -0.462683  0.00329518
        1641       -0.44   -0.462669   0.0032932
        1642       -0.36   -0.462607  0.00329179
        1643       -0.52   -0.462642  0.00328997
        1644       -0.52   -0.462676  0.00328815
        1645        -0.2   -0.462517  0.00329003
        1646        -0.6     -0.4626  0.00328909
        1647       -0.52   -0.462635  0.00328728
        1648       -0.36   -0.462573  0.00328587
        1649        -0.2   -0.462414  0.00328774
        1650       -0.28   -0.462303   0.0032876
        1651       -0.36   -0.462241  0.00328619
        1652       -0.36   -0.462179  0.00328479
        1653       -0.28   -0.462069  0.00328465
        1654       -0.36   -0.462007  0.00328324
        1655       -0.36   -0.461946  0.00328184
        1656        -0.6   -0.462029  0.00328091
        1657       -0.44   -0.462016  0.00327896
        1658       -0.36   -0.461954  0.00327756
        1659       -0.52   -0.461989  0.00327577
        1660       -0.52   -0.462024  0.00327398
        1661       -0.68   -0.462155  0.00327464
        1662       -0.44   -0.462142   0.0032727
        1663        -0.6   -0.462225  0.00327178
        1664       -0.52    -0.46226     0.00327
        1665       -0.44   -0.462246  0.00326806
        1666       -0.44   -0.462233  0.00326613
        1667       -0.68   -0.462364  0.00326678
        1668       -0.52   -0.462398    0.003265
        1669       -0.28   -0.462289  0.00326488
        1670       -0.44   -0.462275  0.00326295
        1671       -0.36   -0.462214  0.00326157
        1672        -0.6   -0.462297  0.00326066
        1673       -0.36   -0.462236  0.00325928
        1674       -0.36   -0.462174  0.00325791
        1675       -0.12    -0.46197  0.00326236
        1676        -0.2   -0.461814  0.00326416
        1677       -0.52   -0.461849   0.0032624
        1678       -0.28    -0.46174  0.00326225
        1679       -0.28   -0.461632   0.0032621
        1680       -0.44   -0.461619  0.00326019
        1681        -0.6   -0.461701  0.00325929
        1682       -0.52   -0.461736  0.00325753
        1683       -0.44   -0.461723  0.00325562
        1684       -0.52   -0.461758  0.00325387
        1685       -0.36   -0.461697   0.0032525
        1686       -0.52   -0.461732  0.00325076
        1687        -0.2   -0.461577  0.00325253
        1688       -0.28   -0.461469  0.00325238
        1689       -0.36   -0.461409  0.00325101
        1690       -0.36   -0.461349  0.00324964
        1691       -0.36   -0.461289  0.00324827
        1692        -0.2   -0.461135  0.00325002
        1693        -0.2   -0.460981  0.00325176
        1694       -0.36   -0.460921  0.00325039
        1695       -0.28   -0.460814  0.00325022
        1696       -0.12   -0.460613  0.00325451
        1697       -0.28   -0.460507  0.00325433
        1698       -0.44   -0.460495  0.00325244
        1699       -0.44   -0.460483  0.00325055
        1700       -0.36   -0.460424  0.00324917
        1701       -0.44   -0.460412  0.00324729
        1702       -0.44     -0.4604   0.0032454
        1703       -0.36   -0.460341  0.00324403
        1704       -0.44   -0.460329  0.00324215
        1705       -0.36    -0.46027  0.00324078
        1706       -0.36   -0.460211  0.00323941
        1707        -0.6   -0.460293  0.00323855
        1708       -0.52   -0.460328  0.00323684
        1709       -0.44   -0.460316  0.00323497
        1710       -0.36   -0.460257  0.00323361
        1711       -0.52   -0.460292  0.00323191
        1712        -0.6   -0.460374  0.00323105
        1713       -0.52   -0.460409  0.00322935
        1714       -0.36    -0.46035    0.003228
        1715       -0.44   -0.460338  0.00322614
        1716        -0.6    -0.46042  0.00322529
        1717       -0.52   -0.460454  0.00322359
        1718       -0.36   -0.460396  0.00322225
        1719       -0.52    -0.46043  0.00322056
        1720       -0.68   -0.460558  0.00322122
        1721       -0.52   -0.460593  0.00321953
        1722       -0.52   -0.460627  0.00321785
        1723       -0.52   -0.460662  0.00321616
        1724        -0.6   -0.460742  0.00321531
        1725        -0.6   -0.460823  0.00321446
        1726        -0.6   -0.460904  0.00321361
        1727       -0.44   -0.460892  0.00321177
        1728       -0.36   -0.460833  0.00321044
        1729       -0.44   -0.460821  0.00320861
        1730       -0.28   -0.460717  0.00320846
        1731       -0.52   -0.460751  0.00320679
        1732       -0.44   -0.460739  0.00320496
        1733       -0.52   -0.460773  0.00320329
        1734        -0.6   -0.460854  0.00320245
        1735       -0.52   -0.460888  0.00320079
        1736       -0.52   -0.460922  0.00319912
        1737       -0.44    -0.46091   0.0031973
        1738        -0.6    -0.46099  0.00319647
        1739       -0.68   -0.461116  0.00319711
        1740        -0.6   -0.461195  0.00319627
        1741        -0.6   -0.461275  0.00319542
        1742       -0.44   -0.461263  0.00319361
        1743       -0.44   -0.461251   0.0031918
        1744        -0.6    -0.46133  0.00319097
        1745        -0.6    -0.46141  0.00319013
        1746        -0.6   -0.461489  0.00318929
        1747        -0.6   -0.461568  0.00318845
        1748       -0.36    -0.46151  0.00318715
        1749       -0.44   -0.461498  0.00318535
        1750       -0.36    -0.46144  0.00318406
        1751       -0.44   -0.461428  0.00318227
        1752        -0.6   -0.461507  0.00318143
        1753       -0.44   -0.461495  0.00317964
        1754       -0.44   -0.461482  0.00317785
        1755        -0.6   -0.461561  0.00317702
        1756       -0.36   -0.461503  0.00317574
        1757        -0.2   -0.461355  0.00317742
        1758       -0.28   -0.461251  0.00317728
        1759       -0.52   -0.461285  0.00317565
        1760       -0.36   -0.461227  0.00317437
        1761       -0.44   -0.461215  0.00317259
        1762       -0.68   -0.461339  0.00317322
        1763        -0.6   -0.461418  0.00317239
        1764       -0.52   -0.461451  0.00317077
        1765       -0.44   -0.461439    0.003169
        1766       -0.36   -0.461382  0.00316772
        1767        -0.2   -0.461234  0.00316938
        1768       -0.44   -0.461222  0.00316761
        1769       -0.52   -0.461255  0.00316599
        1770        -0.2   -0.461107  0.00316764
        1771       -0.52   -0.461141  0.00316603
        1772        -0.6   -0.461219  0.00316521
        1773        -0.2   -0.461072  0.00316686
        1774       -0.52   -0.461105  0.00316524
        1775       -0.52   -0.461138  0.00316363
        1776       -0.44   -0.461126  0.00316188
        1777       -0.52   -0.461159  0.00316027
        1778       -0.76   -0.461327  0.00316296
        1779       -0.36    -0.46127  0.00316169
        1780        -0.6   -0.461348  0.00316088
        1781        -0.6   -0.461426  0.00316006
        1782       -0.44   -0.461414  0.00315831
        1783       -0.52   -0.461447  0.00315671
        1784       -0.68    -0.46157  0.00315732
        1785       -0.36   -0.461513  0.00315606
        1786       -0.36   -0.461456  0.00315481
        1787       -0.28   -0.461354  0.00315467
        1788       -0.68   -0.461477  0.00315528
        1789       -0.44   -0.461465  0.00315354
        1790       -0.68   -0.461587  0.00315414
        1791       -0.52   -0.461619  0.00315255
        1792       -0.36   -0.461563   0.0031513
        1793       -0.36   -0.461506  0.00315005
        1794       -0.52   -0.461538  0.00314846
        1795       -0.44   -0.461526  0.00314673
        1796       -0.52   -0.461559  0.00314515
        1797       -0.36   -0.461503   0.0031439
        1798       -0.52   -0.461535  0.00314232
        1799       -0.52   -0.461568  0.00314075
        1800       -0.52     -0.4616  0.00313917
        1801        -0.6   -0.461677  0.00313837
        1802       -0.44   -0.461665  0.00313665
        1803       -0.28   -0.461564  0.00313653
        1804       -0.44   -0.461552  0.00313481
        1805       -0.36   -0.461496  0.00313358
        1806       -0.36    -0.46144  0.00313235
        1807       -0.36   -0.461384  0.00313112
        1808       -0.36   -0.461327  0.00312989
        1809       -0.44   -0.461316  0.00312818
        1810       -0.44   -0.461304  0.00312647
        1811       -0.28   -0.461204  0.00312635
        1812       -0.28   -0.461104  0.00312622
        1813       -0.52   -0.461136  0.00312467
        1814       -0.44   -0.461125  0.00312297
        1815       -0.36   -0.461069  0.00312174
        1816       -0.44   -0.461057  0.00312004
        1817        -0.6   -0.461134  0.00311926
        1818       -0.44   -0.461122  0.00311757
        1819       -0.52   -0.461154  0.00311602
        1820       -0.28   -0.461055   0.0031159
        1821       -0.44   -0.461043  0.00311421
        1822       -0.52   -0.461076  0.00311267
        1823       -0.52   -0.461108  0.00311113
        1824       -0.44   -0.461096  0.00310945
        1825       -0.28   -0.460997  0.00310933
        1826       -0.28   -0.460898   0.0031092
        1827       -0.36   -0.460843  0.00310799
        1828       -0.44   -0.460832  0.00310631
        1829       -0.44    -0.46082  0.00310463
        1830        -0.2   -0.460678  0.00310621
        1831       -0.44   -0.460666  0.00310453
        1832       -0.44   -0.460655  0.00310286
        1833       -0.52   -0.460687  0.00310133
        1834       -0.52    -0.46072  0.00309981
        1835       -0.76   -0.460883  0.00310241
        1836        -0.6   -0.460959  0.00310165
        1837       -0.68   -0.461078  0.00310225
        1838       -0.36   -0.461023  0.00310105
        1839       -0.44   -0.461011  0.00309938
        1840        -0.6   -0.461087  0.00309862
        1841       -0.52   -0.461119   0.0030971
        1842       -0.36   -0.461064  0.00309591
        1843       -0.36   -0.461009  0.00309471
        1844       -0.44   -0.460998  0.00309305
        1845       -0.52    -0.46103  0.00309154
        1846       -0.76   -0.461192  0.00309411
        1847       -0.52   -0.461224   0.0030926
        1848       -0.52   -0.461255  0.00309109
        1849       -0.44   -0.461244  0.00308944
        1850       -0.36   -0.461189  0.00308825
        1851       -0.44   -0.461178   0.0030866
        1852       -0.44   -0.461166  0.00308496
        1853        -0.6   -0.461241   0.0030842
        1854        -0.6   -0.461316  0.00308345
        1855        -0.6   -0.461391  0.00308269
        1856       -0.44   -0.461379  0.00308105
        1857        -0.6   -0.461454   0.0030803
        1858       -0.76   -0.461615  0.00308283
        1859        -0.6   -0.461689  0.00308207
        1860        -0.6   -0.461763  0.00308131
        1861       -0.76   -0.461924  0.00308382
        1862       -0.44   -0.461912  0.00308218
        1863       -0.28   -0.461814  0.00308207
        1864       -0.36    -0.46176   0.0030809
        1865       -0.28   -0.461662  0.00308079
        1866       -0.28   -0.461565  0.00308068
        1867       -0.36    -0.46151  0.00307951
        1868       -0.44   -0.461499  0.00307788
        1869       -0.36   -0.461445  0.00307672
        1870       -0.44   -0.461433  0.00307509
        1871       -0.68    -0.46155  0.00307567
        1872       -0.68   -0.461667  0.00307624
        1873        -0.6   -0.461741  0.00307548
        1874       -0.52   -0.461772    0.003074
        1875       -0.36   -0.461717  0.00307284
        1876       -0.36   -0.461663  0.00307168
        1877       -0.44   -0.461652  0.00307006
        1878       -0.44    -0.46164  0.00306845
        1879        -0.6   -0.461714   0.0030677
        1880       -0.44   -0.461702  0.00306609
        1881       -0.52   -0.461733  0.00306462
        1882       -0.52   -0.461764  0.00306314
        1883       -0.52   -0.461795  0.00306167
        1884       -0.68   -0.461911  0.00306224
        1885       -0.68   -0.462027   0.0030628
        1886       -0.76   -0.462185  0.00306525
        1887       -0.52   -0.462215  0.00306378
        1888       -0.52   -0.462246  0.00306231
        1889       -0.68   -0.462361  0.00306285
        1890       -0.68   -0.462476   0.0030634
        1891        -0.6   -0.462549  0.00306264
        1892       -0.76   -0.462706  0.00306505
        1893       -0.52   -0.462736  0.00306358
        1894       -0.28    -0.46264  0.00306349
        1895       -0.44   -0.462628  0.00306189
        1896       -0.44   -0.462616   0.0030603
        1897        -0.6   -0.462688  0.00305954
        1898       -0.44   -0.462677  0.00305796
        1899       -0.52   -0.462707  0.00305649
        1900       -0.52   -0.462737  0.00305503
        1901        -0.6   -0.462809  0.00305428
        1902        -0.6   -0.462881  0.00305353
        1903       -0.52   -0.462911  0.00305207
        1904        -0.6   -0.462983  0.00305131
        1905       -0.44   -0.462971  0.00304974
        1906        -0.6   -0.463043  0.00304898
        1907       -0.52   -0.463073  0.00304753
        1908       -0.52   -0.463103  0.00304608
        1909       -0.52   -0.463133  0.00304463
        1910       -0.52   -0.463162  0.00304318
        1911        -0.6   -0.463234  0.00304243
        1912       -0.52   -0.463264  0.00304099
        1913       -0.52   -0.463293  0.00303954
        1914       -0.52   -0.463323   0.0030381
        1915       -0.52   -0.463352  0.00303665
        1916       -0.52   -0.463382  0.00303521
        1917       -0.52   -0.463412  0.00303377
        1918       -0.84   -0.463608  0.00303854
        1919        -0.6   -0.463679  0.00303779
        1920       -0.44   -0.463667  0.00303623
        1921       -0.52   -0.463696  0.00303479
        1922       -0.52   -0.463725  0.00303335
        1923       -0.44   -0.463713   0.0030318
        1924       -0.52   -0.463742  0.00303037
        1925       -0.28   -0.463647   0.0030303
        1926       -0.36   -0.463593   0.0030292
        1927       -0.04   -0.463373  0.00303559
        1928       -0.28   -0.463278  0.00303551
        1929       -0.44   -0.463266  0.00303396
        1930       -0.36   -0.463212  0.00303286
        1931       -0.28   -0.463118  0.00303277
        1932       -0.44   -0.463106  0.00303123
        1933       -0.52   -0.463135   0.0030298
        1934       -0.36   -0.463082   0.0030287
        1935       -0.52   -0.463111  0.00302728
        1936        -0.6   -0.463182  0.00302654
        1937       -0.36   -0.463129  0.00302545
        1938       -0.52   -0.463158  0.00302403
        1939       -0.52   -0.463187  0.00302261
        1940       -0.68   -0.463299  0.00302312
        1941        -0.6   -0.463369  0.00302238
        1942        -0.6    -0.46344  0.00302164
        1943       -0.68   -0.463551  0.00302214
        1944        -0.6   -0.463621   0.0030214
        1945        -0.6   -0.463692  0.00302066
        1946       -0.52    -0.46372  0.00301925
        1947        -0.6    -0.46379  0.00301851
        1948       -0.52   -0.463819   0.0030171
        1949        -0.6   -0.463889  0.00301636
        1950       -0.44   -0.463877  0.00301484
        1951       -0.52   -0.463906  0.00301343
        1952       -0.52   -0.463934  0.00301202
        1953        -0.6   -0.464004  0.00301129
        1954       -0.44   -0.463992  0.00300977
        1955       -0.36   -0.463939   0.0030087
        1956       -0.36   -0.463885  0.00300763
        1957        -0.2   -0.463751  0.00300912
        1958       -0.52   -0.463779  0.00300772
        1959       -0.44   -0.463767  0.00300621
        1960       -0.52   -0.463796  0.00300481
        1961       -0.52   -0.463825  0.00300341
        1962       -0.36   -0.463772  0.00300235
        1963       -0.44    -0.46376  0.00300084
        1964       -0.52   -0.463788  0.00299945
        1965       -0.44   -0.463776  0.00299795
        1966       -0.52   -0.463805  0.00299656
        1967       -0.36   -0.463752   0.0029955
        1968        -0.6   -0.463821  0.00299478
        1969       -0.52    -0.46385   0.0029934
        1970       -0.36   -0.463797  0.00299234
        1971       -0.36   -0.463744  0.00299129
        1972       -0.44   -0.463732  0.00298979
        1973       -0.36    -0.46368  0.00298874
        1974       -0.52   -0.463708  0.00298736
        1975       -0.44   -0.463696  0.00298587
        1976        -0.6   -0.463765  0.00298516
        1977       -0.52   -0.463794  0.00298379
        1978       -0.52   -0.463822  0.00298241
        1979       -0.52    -0.46385  0.00298104
        1980        -0.6   -0.463919  0.00298033
        1981       -0.52   -0.463948  0.00297896
        1982       -0.52   -0.463976  0.00297759
        1983       -0.52   -0.464004  0.00297622
        1984        -0.6   -0.464073  0.00297551
        1985        -0.6   -0.464141   0.0029748
        1986       -0.44   -0.464129  0.00297333
        1987        -0.6   -0.464197  0.00297262
        1988        -0.6   -0.464266  0.00297191
        1989       -0.44   -0.464253  0.00297044
        1990        -0.6   -0.464322  0.00296973
        1991       -0.52    -0.46435  0.00296837
        1992       -0.44   -0.464337   0.0029669
        1993       -0.44   -0.464325  0.00296544
        1994       -0.44   -0.464313  0.00296398
        1995       -0.28   -0.464221  0.00296393
        1996       -0.44   -0.464208  0.00296247
        1997       -0.52   -0.464236  0.00296112
        1998       -0.52   -0.464264  0.00295977
        1999       -0.44   -0.464252  0.00295831
        2000       -0.52    -0.46428  0.00295696
        2001       -0.28   -0.464188  0.00295692
        2002        -0.2   -0.464056  0.00295839
        2003       -0.44   -0.464044  0.00295693
        2004       -0.28   -0.463952  0.00295688
        2005       -0.44    -0.46394  0.00295543
        2006       -0.36   -0.463888  0.00295441
        2007       -0.28   -0.463797  0.00295436
        2008       -0.28   -0.463705  0.00295431
        2009       -0.44   -0.463693  0.00295286
        2010        -0.2   -0.463562  0.00295431
        2011       -0.44    -0.46355  0.00295286
        2012       -0.36   -0.463499  0.00295184
        2013       -0.36   -0.463448  0.00295082
        2014       -0.52   -0.463476  0.00294949
        2015        -0.6   -0.463543  0.00294881
        2016       -0.68   -0.463651   0.0029493
        2017       -0.52   -0.463679  0.00294797
        2018       -0.52   -0.463707  0.00294664
        2019       -0.36   -0.463655  0.00294563
        2020       -0.36   -0.463604  0.00294462
        2021       -0.52   -0.463632  0.00294329
        2022        -0.6   -0.463699  0.00294261
        2023       -0.52   -0.463727  0.00294128
        2024        -0.6   -0.463794   0.0029406
        2025       -0.68   -0.463901  0.00294109
        2026       -0.52   -0.463929  0.00293977
        2027       -0.52   -0.463957  0.00293845
        2028       -0.44   -0.463945  0.00293702
        2029       -0.44   -0.463933   0.0029356
        2030       -0.52   -0.463961  0.00293428
        2031       -0.52   -0.463988  0.00293297
        2032        -0.6   -0.464055  0.00293229
        2033       -0.36   -0.464004  0.00293129
        2034       -0.44   -0.463992  0.00292987
        2035       -0.52    -0.46402  0.00292856
        2036       -0.52   -0.464047  0.00292725
        2037       -0.44   -0.464035  0.00292584
        2038       -0.12   -0.463867  0.00292927
        2039       -0.44   -0.463855  0.00292786
        2040       -0.36   -0.463804  0.00292686
        2041       -0.36   -0.463753  0.00292587
        2042       -0.36   -0.463702  0.00292488
        2043       -0.36   -0.463651  0.00292389
        2044       -0.28   -0.463562  0.00292384
        2045       -0.44    -0.46355  0.00292243
        2046       -0.68   -0.463656  0.00292292
        2047       -0.52   -0.463683  0.00292162
        2048       -0.36   -0.463633  0.00292063
        2049       -0.44   -0.463621  0.00291923
        2050       -0.44    -0.46361  0.00291783
        2051       -0.36   -0.463559  0.00291684
        2052       -0.28    -0.46347  0.00291679
        2053       -0.36   -0.463419  0.00291581
        2054        -0.6   -0.463486  0.00291514
        2055       -0.44   -0.463474  0.00291375
        2056       -0.28   -0.463385   0.0029137
        2057       -0.44   -0.463374   0.0029123
        2058       -0.44   -0.463362  0.00291091
        2059       -0.36   -0.463312  0.00290993
        2060       -0.52    -0.46334  0.00290865
        2061       -0.68   -0.463445  0.00290913
        2062       -0.52   -0.463472  0.00290785
        2063       -0.52     -0.4635  0.00290657
        2064       -0.36    -0.46345   0.0029056
        2065       -0.52   -0.463477  0.00290432
        2066       -0.52   -0.463504  0.00290304
        2067       -0.52   -0.463532  0.00290177
        2068        -0.6   -0.463598  0.00290111
        2069       -0.44   -0.463586  0.00289973
        2070       -0.28   -0.463498  0.00289969
        2071       -0.28   -0.463409  0.00289964
        2072        -0.2   -0.463282  0.00290103
        2073       -0.36   -0.463232  0.00290006
        2074       -0.44   -0.463221  0.00289868
        2075       -0.52   -0.463248  0.00289741
        2076       -0.36   -0.463198  0.00289644
        2077       -0.52   -0.463226  0.00289518
        2078       -0.36   -0.463176  0.00289421
        2079       -0.44   -0.463165  0.00289284
        2080       -0.36   -0.463115  0.00289187
        2081       -0.44   -0.463104  0.00289051
        2082       -0.44   -0.463093  0.00288914
        2083       -0.36   -0.463044  0.00288818
        2084        -0.2   -0.462917  0.00288955
        2085       -0.36   -0.462868  0.00288858
        2086       -0.44   -0.462857  0.00288722
        2087       -0.28    -0.46277  0.00288716
        2088       -0.52   -0.462797  0.00288591
        2089        -0.6   -0.462863  0.00288528
        2090       -0.52    -0.46289  0.00288403
        2091       -0.44   -0.462879  0.00288267
        2092       -0.68   -0.462983  0.00288316
        2093       -0.52    -0.46301  0.00288191
        2094       -0.52   -0.463037  0.00288066
        2095       -0.44   -0.463026  0.00287931
        2096       -0.28   -0.462939  0.00287926
        2097       -0.52   -0.462966  0.00287801
        2098        -0.6   -0.463031  0.00287738
        2099       -0.52   -0.463059  0.00287614
        2100       -0.52   -0.463086   0.0028749
        2101       -0.44   -0.463075  0.00287355
        2102       -0.68   -0.463178  0.00287404
        2103        -0.6   -0.463243  0.00287341
        2104       -0.52    -0.46327  0.00287217
        2105       -0.52   -0.463297  0.00287093
        2106       -0.76   -0.463438  0.00287302
        2107       -0.76   -0.463579   0.0028751
        2108       -0.68   -0.463681  0.00287557
        2109       -0.44    -0.46367  0.00287423
        2110       -0.52   -0.463697  0.00287299
        2111       -0.28    -0.46361  0.00287295
        2112       -0.44   -0.463598  0.00287161
        2113       -0.44   -0.463587  0.00287027
        2114       -0.68    -0.46369  0.00287074
        2115       -0.36   -0.463641   0.0028698
        2116       -0.36   -0.463592  0.00286886
        2117       -0.36   -0.463543  0.00286792
        2118       -0.44   -0.463532  0.00286659
        2119       -0.44   -0.463521  0.00286526
        2120       -0.36   -0.463472  0.00286432
        2121       -0.36   -0.463423  0.00286339
        2122       -0.44   -0.463412  0.00286206
        2123       -0.52   -0.463439  0.00286084
        2124       -0.36    -0.46339   0.0028599
        2125       -0.36   -0.463341  0.00285897
        2126       -0.52   -0.463368  0.00285775
        2127       -0.36   -0.463319  0.00285682
        2128       -0.52   -0.463346   0.0028556
        2129       -0.52   -0.463372  0.00285439
        2130       -0.44   -0.463362  0.00285307
        2131       -0.44   -0.463351  0.00285175
        2132       -0.28   -0.463265  0.00285171
        2133       -0.52   -0.463291   0.0028505
        2134        -0.6   -0.463355  0.00284988
        2135       -0.44   -0.463344  0.00284857
        2136       -0.36   -0.463296  0.00284764
        2137       -0.44   -0.463285  0.00284633
        2138       -0.44   -0.463274  0.00284502
        2139       -0.36   -0.463226   0.0028441
        2140       -0.52   -0.463252  0.00284289
        2141       -0.28   -0.463167  0.00284286
        2142       -0.44   -0.463156  0.00284155
        2143       -0.28    -0.46307  0.00284151
        2144       -0.28   -0.462985  0.00284147
        2145       -0.28     -0.4629  0.00284142
        2146       -0.52   -0.462926  0.00284022
        2147        -0.6    -0.46299  0.00283962
        2148        -0.6   -0.463054  0.00283901
        2149       -0.44   -0.463043  0.00283771
        2150       -0.52    -0.46307  0.00283651
        2151       -0.04   -0.462873  0.00284201
        2152       -0.52     -0.4629  0.00284081
        2153        -0.6   -0.462963   0.0028402
        2154        -0.6   -0.463027   0.0028396
        2155       -0.52   -0.463053   0.0028384
        2156        -0.6   -0.463117   0.0028378
        2157        -0.2   -0.462995   0.0028391
        2158       -0.44   -0.462984  0.00283781
        2159       -0.44   -0.462974  0.00283651
        2160       -0.68   -0.463074  0.00283698
        2161       -0.52     -0.4631  0.00283579
        2162       -0.28   -0.463016  0.00283574
        2163       -0.44   -0.463005  0.00283445
        2164       -0.44   -0.462994  0.00283316
        2165       -0.36   -0.462947  0.00283225
        2166       -0.52   -0.462973  0.00283106
        2167       -0.44   -0.462963  0.00282978
        2168       -0.52   -0.462989  0.00282859
        2169       -0.52   -0.463015  0.00282741
        2170       -0.68   -0.463115  0.00282788
        2171       -0.52   -0.463141   0.0028267
        2172       -0.68   -0.463241  0.00282716
        2173       -0.52   -0.463267  0.00282598
        2174        -0.6    -0.46333  0.00282538
        2175        -0.6   -0.463393  0.00282478
        2176       -0.36   -0.463346  0.00282388
        2177        -0.6   -0.463408  0.00282328
        2178       -0.52   -0.463434   0.0028221
        2179       -0.36   -0.463387  0.00282121
        2180       -0.44   -0.463376  0.00281993
        2181       -0.52   -0.463402  0.00281876
        2182       -0.52   -0.463428  0.00281759
        2183       -0.44   -0.463417  0.00281632
        2184       -0.36    -0.46337  0.00281542
        2185        -0.6   -0.463432  0.00281483
        2186       -0.76   -0.463568  0.00281681
        2187       -0.76   -0.463704  0.00281878
        2188        -0.6   -0.463766  0.00281818
        2189       -0.44   -0.463755  0.00281691
        2190       -0.44   -0.463744  0.00281565
        2191       -0.36   -0.463697  0.00281476
        2192       -0.36    -0.46365  0.00281388
        2193       -0.52   -0.463675  0.00281271
        2194       -0.36   -0.463628  0.00281182
        2195       -0.44   -0.463617  0.00281056
        2196       -0.68   -0.463716  0.00281101
        2197        -0.6   -0.463778  0.00281042
        2198       -0.52   -0.463803  0.00280925
        2199       -0.36   -0.463756  0.00280837
        2200       -0.52   -0.463782  0.00280721
        2201       -0.36   -0.463735  0.00280633
        2202       -0.52    -0.46376  0.00280517
        2203        -0.6   -0.463822  0.00280458
        2204       -0.44   -0.463811  0.00280333
        2205       -0.44     -0.4638  0.00280208
        2206       -0.44    -0.46379  0.00280083
        2207       -0.36   -0.463743  0.00279996
        2208       -0.44   -0.463732  0.00279871
        2209       -0.44   -0.463721  0.00279746
        2210       -0.36   -0.463674  0.00279659
        2211       -0.36   -0.463627  0.00279572
        2212       -0.36    -0.46358  0.00279485
        2213       -0.52   -0.463606   0.0027937
        2214       -0.44   -0.463595  0.00279246
        2215       -0.36   -0.463549  0.00279159
        2216       -0.68   -0.463646  0.00279204
        2217       -0.68   -0.463744  0.00279248
        2218       -0.68   -0.463841  0.00279293
        2219       -0.52   -0.463867  0.00279178
        2220       -0.68   -0.463964  0.00279222
        2221        -0.6   -0.464025  0.00279164
        2222       -0.52    -0.46405  0.00279049
        2223        -0.6   -0.464112  0.00278991
        2224       -0.52   -0.464137  0.00278877
        2225       -0.36    -0.46409  0.00278791
        2226       -0.52   -0.464115  0.00278677
        2227       -0.36   -0.464068  0.00278591
        2228        -0.6   -0.464129  0.00278533
        2229        -0.6    -0.46419  0.00278474
        2230        -0.6   -0.464251  0.00278416
        2231       -0.44    -0.46424  0.00278293
        2232       -0.36   -0.464194  0.00278208
        2233       -0.44   -0.464183  0.00278085
        2234       -0.52   -0.464208  0.00277972
        2235        -0.6   -0.464268  0.00277914
        2236       -0.68   -0.464365  0.00277957
        2237       -0.28   -0.464283  0.00277955
        2238       -0.36   -0.464236   0.0027787
        2239       -0.52   -0.464261  0.00277757
        2240       -0.28   -0.464179  0.00277755
        2241        -0.6   -0.464239  0.00277697
        2242       -0.52   -0.464264  0.00277584
        2243       -0.52   -0.464289  0.00277472
        2244       -0.44   -0.464278   0.0027735
        2245       -0.68   -0.464374  0.00277393
        2246        -0.6   -0.464435  0.00277335
        2247       -0.44   -0.464424  0.00277214
        2248       -0.44   -0.464413  0.00277093
        2249       -0.44   -0.464402  0.00276972
        2250       -0.44   -0.464391  0.00276851
        2251        -0.2   -0.464274  0.00276977
        2252       -0.44   -0.464263  0.00276856
        2253        -0.6   -0.464323  0.00276799
        2254       -0.44   -0.464312  0.00276678
        2255        -0.6   -0.464373  0.00276621
        2256       -0.28   -0.464291  0.00276619
        2257       -0.44    -0.46428  0.00276498
        2258       -0.44   -0.464269  0.00276378
        2259       -0.36   -0.464223  0.00276294
        2260       -0.36   -0.464177   0.0027621
        2261       -0.52   -0.464202  0.00276099
        2262       -0.44   -0.464191  0.00275979
        2263       -0.44    -0.46418  0.00275859
        2264        -0.6    -0.46424  0.00275803
        2265        -0.6     -0.4643  0.00275746
        2266       -0.12   -0.464148  0.00276043
        2267        -0.6   -0.464208  0.00275986
        2268       -0.52   -0.464233  0.00275875
        2269       -0.28   -0.464152  0.00275873
        2270       -0.28    -0.46407  0.00275871
        2271       -0.36   -0.464025  0.00275787
        2272       -0.44   -0.464014  0.00275668
        2273       -0.44   -0.464004  0.00275549
        2274       -0.52   -0.464028  0.00275439
        2275       -0.52   -0.464053  0.00275329
        2276       -0.52   -0.464077  0.00275219
        2277       -0.44   -0.464067    0.002751
        2278       -0.52   -0.464091   0.0027499
        2279       -0.28   -0.464011  0.00274988
        2280       -0.52   -0.464035  0.00274878
        2281       -0.44   -0.464025   0.0027476
        2282       -0.44   -0.464014  0.00274641
        2283       -0.36   -0.463968  0.00274559
        2284       -0.28   -0.463888  0.00274557
        2285       -0.76   -0.464018  0.00274742
        2286        -0.6   -0.464077  0.00274686
        2287        -0.6   -0.464136  0.00274631
        2288       -0.28   -0.464056  0.00274628
        2289       -0.44   -0.464045   0.0027451
        2290        -0.6   -0.464105  0.00274455
        2291       -0.44   -0.464094  0.00274337
        2292       -0.36   -0.464049  0.00274255
        2293       -0.36   -0.464003  0.00274173
        2294       -0.52   -0.464028  0.00274064
        2295        -0.6   -0.464087  0.00274009
        2296        -0.6   -0.464146  0.00273953
        2297       -0.68    -0.46424  0.00273995
        2298       -0.52   -0.464265  0.00273887
        2299       -0.52   -0.464289  0.00273778
        2300        -0.6   -0.464348  0.00273723
        2301       -0.36   -0.464302  0.00273642
        2302       -0.44   -0.464292  0.00273525
        2303       -0.44   -0.464281  0.00273408
        2304       -0.44   -0.464271  0.00273291
        2305       -0.68   -0.464364  0.00273333
        2306       -0.44   -0.464354  0.00273216
        2307       -0.52   -0.464378  0.00273109
        2308       -0.52   -0.464402  0.00273001
        2309       -0.44   -0.464392  0.00272885
        2310       -0.44   -0.464381  0.00272769
        2311        -0.6    -0.46444  0.00272714
        2312       -0.52   -0.464464  0.00272606
        2313       -0.36   -0.464419  0.00272526
        2314        -0.2   -0.464304  0.00272648
        2315       -0.36   -0.464259  0.00272567
        2316       -0.76   -0.464387  0.00272748
        2317       -0.68    -0.46448  0.00272789
        2318       -0.44   -0.464469  0.00272674
        2319       -0.52   -0.464493  0.00272567
        2320       -0.52   -0.464517   0.0027246
        2321        -0.6   -0.464576  0.00272405
        2322        -0.6   -0.464634   0.0027235
        2323        -0.6   -0.464692  0.00272295
        2324        -0.6    -0.46475   0.0027224
        2325       -0.52   -0.464774  0.00272133
        2326       -0.76   -0.464901  0.00272312
        2327        -0.6   -0.464959  0.00272257
        2328       -0.44   -0.464948  0.00272142
        2329       -0.52   -0.464972  0.00272036
        2330       -0.44   -0.464961  0.00271921
        2331       -0.28   -0.464882   0.0027192
        2332       -0.52   -0.464906  0.00271814
        2333       -0.52   -0.464929  0.00271708
        2334       -0.44   -0.464919  0.00271593
        2335       -0.36   -0.464874  0.00271514
        2336        -0.2    -0.46476  0.00271634
        2337       -0.28   -0.464681  0.00271633
        2338       -0.44   -0.464671  0.00271519
        2339       -0.52   -0.464694  0.00271413
        2340       -0.36    -0.46465  0.00271334
        2341       -0.52   -0.464673  0.00271229
        2342       -0.28   -0.464594  0.00271227
        2343        -0.2   -0.464481  0.00271347
        2344       -0.28   -0.464403  0.00271345
        2345       -0.44   -0.464392  0.00271231
        2346       -0.52   -0.464416  0.00271126
        2347       -0.52    -0.46444  0.00271021
        2348       -0.52   -0.464463  0.00270916
        2349       -0.52   -0.464487  0.00270811
        2350       -0.44   -0.464477  0.00270698
        2351        -0.6   -0.464534  0.00270644
        2352        -0.6   -0.464592   0.0027059
        2353       -0.52   -0.464615  0.00270485
        2354       -0.52   -0.464639  0.00270381
        2355       -0.44   -0.464628  0.00270268
        2356       -0.36   -0.464584   0.0027019
        2357        -0.6   -0.464641  0.00270136
        2358       -0.36   -0.464597  0.00270058
        2359        -0.6   -0.464655  0.00270004
        2360        -0.6   -0.464712  0.00269951
        2361        -0.6   -0.464769  0.00269897
        2362       -0.76   -0.464894  0.00270072
        2363       -0.52   -0.464917  0.00269968
        2364        -0.6   -0.464975  0.00269914
        2365       -0.52   -0.464998   0.0026981
        2366       -0.36   -0.464954  0.00269733
        2367       -0.68   -0.465044  0.00269772
        2368        -0.6   -0.465101  0.00269718
        2369        -0.6   -0.465158  0.00269664
        2370       -0.52   -0.465181   0.0026956
        2371       -0.28   -0.465103   0.0026956
        2372       -0.28   -0.465025  0.00269559
        2373       -0.52   -0.465048  0.00269455
        2374       -0.44   -0.465038  0.00269344
        2375       -0.28    -0.46496  0.00269343
        2376        -0.6   -0.465017   0.0026929
        2377        -0.6   -0.465074  0.00269236
        2378       -0.52   -0.465097  0.00269133
        2379       -0.36   -0.465053  0.00269056
        2380       -0.52   -0.465076  0.00268953
        2381       -0.52   -0.465099   0.0026885
        2382        -0.2   -0.464987  0.00268967
        2383       -0.44   -0.464977  0.00268857
        2384       -0.36   -0.464933   0.0026878
        2385       -0.52   -0.464956  0.00268677
        2386        -0.6   -0.465013  0.00268624
        2387       -0.44   -0.465002  0.00268514
        2388       -0.36   -0.464958  0.00268437
        2389       -0.52   -0.464981  0.00268335
        2390       -0.12   -0.464837   0.0026861
        2391       -0.36   -0.464793  0.00268534
        2392        -0.2   -0.464682   0.0026865
        2393       -0.44   -0.464672  0.00268539
        2394       -0.44   -0.464662  0.00268429
        2395       -0.28   -0.464585  0.00268428
        2396       -0.44   -0.464574  0.00268318
        2397       -0.52   -0.464597  0.00268216
        2398       -0.52   -0.464621  0.00268114
        2399       -0.52   -0.464644  0.00268012
        2400        -0.6     -0.4647   0.0026796
        2401       -0.36   -0.464656  0.00267884
        2402       -0.44   -0.464646  0.00267774
        2403       -0.36   -0.464603  0.00267698
        2404        -0.6   -0.464659  0.00267646
        2405        -0.6   -0.464715  0.00267594
        2406        -0.6   -0.464771  0.00267542
        2407       -0.52   -0.464794   0.0026744
        2408       -0.68   -0.464884  0.00267479
        2409       -0.44   -0.464873  0.00267369
        2410       -0.36    -0.46483  0.00267294
        2411       -0.52   -0.464853  0.00267193
        2412        -0.2   -0.464743  0.00267308
        2413       -0.44   -0.464733  0.00267199
        2414       -0.52   -0.464756  0.00267098
        2415       -0.28   -0.464679  0.00267097
        2416       -0.36   -0.464636  0.00267021
        2417       -0.52   -0.464659  0.00266921
        2418        -0.6   -0.464715  0.00266869
        2419       -0.44   -0.464704  0.00266761
        2420       -0.44   -0.464694  0.00266652
        2421       -0.36   -0.464651  0.00266577
        2422       -0.44   -0.464641  0.00266469
        2423       -0.28   -0.464565  0.00266468
        2424       -0.52   -0.464587  0.00266368
        2425        -0.6   -0.464643  0.00266317
        2426       -0.44   -0.464633  0.00266209
        2427       -0.68   -0.464722  0.00266247
        2428       -0.52   -0.464745  0.00266147
        2429        -0.6     -0.4648  0.00266096
        2430        -0.2   -0.464691  0.00266209
        2431       -0.36   -0.464648  0.00266135
        2432       -0.44   -0.464638  0.00266027
        2433       -0.52   -0.464661  0.00265928
        2434       -0.52   -0.464684  0.00265828
        2435       -0.52   -0.464706  0.00265729
        2436       -0.36   -0.464663  0.00265654
        2437       -0.44   -0.464653  0.00265547
        2438       -0.44   -0.464643   0.0026544
        2439       -0.44   -0.464633  0.00265333
        2440       -0.28   -0.464557  0.00265332
        2441       -0.44   -0.464547  0.00265226
        2442       -0.52    -0.46457  0.00265127
        2443       -0.36   -0.464527  0.00265053
        2444       -0.28   -0.464452  0.00265052
        2445       -0.28   -0.464376  0.00265051
        2446       -0.44   -0.464366  0.00264944
        2447       -0.44   -0.464356  0.00264838
        2448       -0.44   -0.464346  0.00264732
        2449        -0.6   -0.464402  0.00264681
        2450        -0.6   -0.464457  0.00264631
        2451        -0.6   -0.464512  0.00264581
        2452       -0.28   -0.464437   0.0026458
        2453       -0.36   -0.464395  0.00264507
        2454       -0.36   -0.464352  0.00264433
        2455       -0.52   -0.464375  0.00264335
        2456       -0.52   -0.464397  0.00264237
        2457       -0.36   -0.464355  0.00264164
        2458       -0.52   -0.464378  0.00264066
        2459       -0.44   -0.464368   0.0026396
        2460       -0.44   -0.464358  0.00263855
        2461        -0.6   -0.464413  0.00263805
        2462       -0.52   -0.464435  0.00263708
        2463       -0.44   -0.464425  0.00263603
        2464       -0.36   -0.464383   0.0026353
        2465        -0.2   -0.464276  0.00263641
        2466       -0.44   -0.464266  0.00263536
        2467       -0.36   -0.464224  0.00263463
        2468       -0.36   -0.464182   0.0026339
        2469        -0.6   -0.464237  0.00263341
        2470       -0.36   -0.464194  0.00263268
        2471       -0.36   -0.464152  0.00263195
        2472        -0.6   -0.464207  0.00263146
        2473       -0.44   -0.464197  0.00263041
        2474       -0.36   -0.464155  0.00262969
        2475       -0.52   -0.464178  0.00262872
        2476       -0.36   -0.464136    0.002628
        2477       -0.44   -0.464126  0.00262696
        2478       -0.36   -0.464084  0.00262623
        2479       -0.44   -0.464074  0.00262519
        2480       -0.44   -0.464065  0.00262415
        2481       -0.52   -0.464087  0.00262319
        2482       -0.36   -0.464045  0.00262247
        2483       -0.36   -0.464003  0.00262175
        2484       -0.28   -0.463929  0.00262174
        2485       -0.28   -0.463855  0.00262173
        2486       -0.28   -0.463781  0.00262171
        2487       -0.28   -0.463707   0.0026217
        2488       -0.52    -0.46373  0.00262074
        2489       -0.52   -0.463753  0.00261979
        2490       -0.36   -0.463711  0.00261907
        2491       -0.36   -0.463669  0.00261835
        2492       -0.52   -0.463692  0.00261739
        2493       -0.36    -0.46365  0.00261668
        2494       -0.52   -0.463673  0.00261572
        2495       -0.52   -0.463695  0.00261477
        2496       -0.44   -0.463686  0.00261374
        2497       -0.36   -0.463644  0.00261303
        2498       -0.36   -0.463603  0.00261231
        2499       -0.44   -0.463593  0.00261128
        2500       -0.28    -0.46352  0.00261127
        2501       -0.36   -0.463479  0.00261055
        2502       -0.44   -0.463469  0.00260953
        2503       -0.44    -0.46346   0.0026085
        2504       -0.36   -0.463419  0.00260779
        2505       -0.28   -0.463345  0.00260777
        2506       -0.44   -0.463336  0.00260675
        2507       -0.28   -0.463263  0.00260673
        2508        -0.6   -0.463317  0.00260627
        2509       -0.44   -0.463308  0.00260524
        2510       -0.28   -0.463235  0.00260523
        2511       -0.52   -0.463258  0.00260429
        2512       -0.52    -0.46328  0.00260335
        2513       -0.44   -0.463271  0.00260233
        2514       -0.44   -0.463262  0.00260131
        2515        -0.6   -0.463316  0.00260085
        2516       -0.52   -0.463339  0.00259991
        2517       -0.44   -0.463329  0.00259889
        2518        -0.6   -0.463384  0.00259843
        2519       -0.52   -0.463406  0.00259749
        2520       -0.44   -0.463397  0.00259648
        2521       -0.36   -0.463356  0.00259577
        2522       -0.44   -0.463347  0.00259476
        2523       -0.76   -0.463464  0.00259639
        2524       -0.52   -0.463487  0.00259546
        2525        -0.2   -0.463382  0.00259653
        2526       -0.28    -0.46331  0.00259652
        2527        -0.2   -0.463205  0.00259758
        2528       -0.36   -0.463165  0.00259687
        2529       -0.52   -0.463187  0.00259594
        2530        -0.6   -0.463241  0.00259548
        2531       -0.52   -0.463264  0.00259455
        2532       -0.28   -0.463191  0.00259454
        2533       -0.36    -0.46315  0.00259383
        2534       -0.12   -0.463015  0.00259634
        2535       -0.28   -0.462943  0.00259632
        2536       -0.44   -0.462934  0.00259531
        2537       -0.52   -0.462956  0.00259439
        2538       -0.44   -0.462947  0.00259338
        2539       -0.52    -0.46297  0.00259246
        2540       -0.68   -0.463055  0.00259284
        2541       -0.44   -0.463046  0.00259184
        2542        -0.6     -0.4631  0.00259138
        2543       -0.44   -0.463091  0.00259038
        2544        -0.6   -0.463145  0.00258992
        2545       -0.52   -0.463167    0.002589
        2546       -0.36   -0.463126   0.0025883
        2547       -0.44   -0.463117   0.0025873
        2548       -0.52    -0.46314  0.00258638
        2549       -0.44   -0.463131  0.00258538
        2550       -0.68   -0.463216  0.00258576
        2551        -0.6   -0.463269  0.00258531
        2552        -0.6   -0.463323  0.00258485
        2553       -0.36   -0.463282  0.00258415
        2554       -0.28   -0.463211  0.00258414
        2555       -0.44   -0.463202  0.00258314
        2556       -0.44   -0.463192  0.00258215
        2557       -0.52   -0.463215  0.00258123
        2558       -0.44   -0.463206  0.00258024
        2559        -0.2   -0.463103  0.00258128
        2560       -0.36   -0.463063  0.00258059
        2561       -0.44   -0.463053  0.00257959
        2562       -0.28   -0.462982  0.00257958
        2563       -0.44   -0.462973  0.00257859
        2564       -0.44   -0.462964   0.0025776
        2565       -0.44   -0.462955  0.00257661
        2566       -0.52   -0.462977   0.0025757
        2567       -0.52      -0.463  0.00257479
        2568       -0.52   -0.463022  0.00257388
        2569        -0.6   -0.463075  0.00257343
        2570        -0.6   -0.463128  0.00257298
        2571       -0.28   -0.463057  0.00257297
        2572       -0.36   -0.463017  0.00257228
        2573       -0.36   -0.462977  0.00257159
        2574       -0.52   -0.462999  0.00257069
        2575       -0.36   -0.462959     0.00257
        2576        -0.6   -0.463012  0.00256955
        2577       -0.44   -0.463003  0.00256857
        2578       -0.44   -0.462995  0.00256759
        2579       -0.44   -0.462986  0.00256661
        2580       -0.52   -0.463008  0.00256571
        2581       -0.52    -0.46303  0.00256481
        2582        -0.6   -0.463083  0.00256437
        2583       -0.68   -0.463167  0.00256475
        2584        -0.6    -0.46322   0.0025643
        2585       -0.52   -0.463242  0.00256341
        2586        -0.6   -0.463295  0.00256296
        2587       -0.52   -0.463317  0.00256206
        2588       -0.44   -0.463308  0.00256109
        2589       -0.36   -0.463268  0.00256041
        2590       -0.44   -0.463259  0.00255944
        2591       -0.36   -0.463219  0.00255876
        2592       -0.52   -0.463241  0.00255787
        2593        -0.6   -0.463293  0.00255742
        2594        -0.6   -0.463346  0.00255698
        2595       -0.52   -0.463368  0.00255609
        2596       -0.52    -0.46339   0.0025552
        2597       -0.36    -0.46335  0.00255452
        2598       -0.28   -0.463279  0.00255452
        2599       -0.44    -0.46327  0.00255355
        2600        -0.6   -0.463323  0.00255311
        2601       -0.44   -0.463314  0.00255214
        2602       -0.44   -0.463305  0.00255118
        2603       -0.52   -0.463327  0.00255029
        2604        -0.6   -0.463379  0.00254985
        2605       -0.44    -0.46337  0.00254889
        2606       -0.44   -0.463361  0.00254792
        2607       -0.44   -0.463353  0.00254696
        2608       -0.52   -0.463374  0.00254608
        2609       -0.44   -0.463365  0.00254512
        2610       -0.28   -0.463295  0.00254511
        2611       -0.36   -0.463255  0.00254445
        2612       -0.44   -0.463247  0.00254349
        2613       -0.28   -0.463176  0.00254348
        2614       -0.36   -0.463137  0.00254281
        2615       -0.36   -0.463098  0.00254215
        2616       -0.36   -0.463058  0.00254148
        2617       -0.28   -0.462988  0.00254147
        2618       -0.28   -0.462918  0.00254146
        2619       -0.36   -0.462879   0.0025408
        2620       -0.68   -0.462962  0.00254118
        2621       -0.36   -0.462923  0.00254051
        2622       -0.28   -0.462853   0.0025405
        2623       -0.44   -0.462844  0.00253955
        2624       -0.44   -0.462835  0.00253859
        2625       -0.44   -0.462827  0.00253764
        2626       -0.44   -0.462818  0.00253669
        2627        -0.6    -0.46287  0.00253626
        2628        -0.6   -0.462922  0.00253583
        2629       -0.44   -0.462914  0.00253488
        2630       -0.68   -0.462996  0.00253526
        2631       -0.52   -0.463018  0.00253439
        2632       -0.36   -0.462979  0.00253373
        2633       -0.52      -0.463  0.00253286
        2634       -0.44   -0.462992  0.00253192
        2635       -0.44   -0.462983  0.00253097
        2636       -0.36   -0.462944  0.00253031
        2637       -0.36   -0.462905  0.00252965
        2638       -0.44   -0.462896  0.00252871
        2639       -0.36   -0.462857  0.00252805
        2640       -0.44   -0.462848  0.00252711
        2641       -0.52    -0.46287  0.00252624
        2642        -0.2   -0.462771  0.00252725
        2643       -0.52   -0.462792  0.00252638
        2644       -0.36   -0.462753  0.00252573
        2645       -0.36   -0.462715  0.00252507
        2646       -0.52   -0.462736  0.00252421
        2647       -0.44   -0.462728  0.00252327
        2648       -0.44   -0.462719  0.00252233
        2649       -0.44    -0.46271  0.00252139
        2650       -0.36   -0.462672  0.00252074
        2651        -0.2   -0.462573  0.00252174
        2652       -0.68   -0.462655  0.00252212
        2653       -0.68   -0.462737   0.0025225
        2654       -0.36   -0.462698  0.00252184
        2655       -0.36   -0.462659  0.00252119
        2656       -0.36    -0.46262  0.00252054
        2657       -0.44   -0.462612   0.0025196
        2658       -0.28   -0.462543  0.00251959
        2659       -0.44   -0.462535  0.00251866
        2660       -0.36   -0.462496  0.00251801
        2661       -0.52   -0.462518  0.00251715
        2662       -0.68     -0.4626  0.00251753
        2663        -0.6   -0.462651  0.00251712
        2664       -0.52   -0.462673  0.00251626
        2665       -0.28   -0.462604  0.00251625
        2666       -0.36   -0.462566   0.0025156
        2667       -0.52   -0.462587  0.00251475
        2668       -0.44   -0.462579  0.00251382
        2669       -0.28    -0.46251  0.00251381
        2670        -0.6   -0.462562   0.0025134
        2671       -0.68   -0.462643  0.00251378
        2672        -0.6   -0.462695  0.00251336
        2673       -0.52   -0.462716  0.00251251
        2674       -0.36   -0.462678  0.00251187
        2675       -0.36   -0.462639  0.00251122
        2676       -0.52   -0.462661  0.00251037
        2677       -0.28   -0.462592  0.00251036
        2678       -0.36   -0.462554  0.00250972
        2679       -0.44   -0.462546  0.00250879
        2680       -0.68   -0.462627  0.00250917
        2681        -0.6   -0.462678  0.00250876
        2682       -0.44    -0.46267  0.00250784
        2683       -0.44   -0.462661  0.00250692
        2684        -0.2   -0.462563  0.00250789
        2685       -0.44   -0.462555  0.00250697
        2686       -0.44   -0.462547  0.00250605
        2687       -0.44   -0.462538  0.00250513
        2688       -0.52    -0.46256  0.00250429
        2689       -0.36   -0.462521  0.00250365
        2690       -0.52   -0.462543  0.00250281
        2691        -0.6   -0.462594   0.0025024
        2692       -0.44   -0.462585  0.00250149
        2693       -0.44   -0.462577  0.00250057
        2694       -0.44   -0.462569  0.00249966
        2695       -0.36   -0.462531  0.00249902
        2696       -0.44   -0.462522  0.00249811
        2697       -0.28   -0.462455   0.0024981
        2698        -0.2   -0.462357  0.00249907
        2699       -0.36   -0.462319  0.00249843
        2700       -0.28   -0.462252  0.00249841
        2701       -0.36   -0.462214  0.00249778
        2702        -0.2   -0.462117  0.00249874
        2703       -0.44   -0.462109  0.00249782
        2704        -0.6    -0.46216  0.00249742
        2705        -0.6   -0.462211  0.00249702
        2706       -0.52   -0.462232  0.00249619
        2707        -0.6   -0.462283  0.00249578
        2708       -0.52   -0.462304  0.00249495
        2709       -0.52   -0.462326  0.00249412
        2710       -0.36   -0.462288  0.00249349
        2711       -0.68   -0.462368  0.00249386
        2712       -0.76   -0.462478  0.00249536
        2713       -0.44    -0.46247  0.00249445
        2714       -0.36   -0.462432  0.00249382
        2715       -0.36   -0.462394  0.00249318
        2716       -0.52   -0.462415  0.00249235
        2717       -0.44   -0.462407  0.00249145
        2718       -0.44   -0.462399  0.00249055
        2719       -0.44   -0.462391  0.00248965
        2720       -0.44   -0.462382  0.00248874
        2721       -0.52   -0.462404  0.00248792
        2722       -0.52   -0.462425   0.0024871
        2723       -0.28   -0.462358  0.00248708
        2724       -0.52   -0.462379  0.00248626
        2725       -0.52     -0.4624  0.00248544
        2726       -0.28   -0.462333  0.00248543
        2727       -0.28   -0.462266  0.00248542
        2728       -0.52   -0.462287  0.00248459
        2729        -0.6   -0.462338   0.0024842
        2730        -0.6   -0.462388   0.0024838
        2731       -0.68   -0.462468  0.00248417
        2732       -0.52   -0.462489  0.00248335
        2733        -0.6   -0.462539  0.00248295
        2734       -0.36   -0.462502  0.00248232
        2735       -0.36   -0.462464   0.0024817
        2736        -0.6   -0.462515   0.0024813
        2737       -0.36   -0.462477  0.00248068
        2738       -0.36    -0.46244  0.00248005
        2739       -0.44   -0.462432  0.00247916
        2740       -0.44   -0.462423  0.00247827
        2741       -0.68   -0.462503  0.00247864
        2742       -0.52   -0.462524  0.00247782
        2743        -0.6   -0.462574  0.00247742
        2744       -0.52   -0.462595  0.00247661
        2745       -0.44   -0.462587  0.00247572
        2746       -0.28    -0.46252  0.00247571
        2747       -0.44   -0.462512  0.00247482
        2748        -0.6   -0.462562  0.00247443
        2749       -0.44   -0.462554  0.00247354
        2750       -0.28   -0.462487  0.00247353
        2751       -0.44   -0.462479  0.00247265
        2752       -0.44   -0.462471  0.00247176
        2753       -0.44   -0.462463  0.00247088
        2754       -0.44   -0.462455     0.00247
        2755       -0.52   -0.462475  0.00246919
        2756       -0.52   -0.462496  0.00246838
        2757       -0.44   -0.462488   0.0024675
        2758       -0.44    -0.46248  0.00246662
        2759       -0.28   -0.462414  0.00246661
        2760        -0.2   -0.462319  0.00246755
        2761       -0.44   -0.462311  0.00246667
        2762        -0.6   -0.462361  0.00246628
        2763        -0.6    -0.46241  0.00246589
        2764       -0.68   -0.462489  0.00246625
        2765       -0.68   -0.462568  0.00246661
        2766        -0.6   -0.462617  0.00246622
        2767       -0.52   -0.462638  0.00246542
        2768       -0.52   -0.462659  0.00246462
        2769        -0.6   -0.462709  0.00246422
        2770       -0.36   -0.462671  0.00246361
        2771       -0.44   -0.462663  0.00246274
        2772       -0.28   -0.462597  0.00246273
        2773       -0.44   -0.462589  0.00246186
        2774       -0.52    -0.46261  0.00246106
        2775       -0.36   -0.462573  0.00246045
        2776        -0.6   -0.462622  0.00246006
        2777       -0.52   -0.462643  0.00245926
        2778       -0.44   -0.462635  0.00245839
        2779        -0.6   -0.462684    0.002458
        2780       -0.52   -0.462705   0.0024572
        2781       -0.44   -0.462697  0.00245633
        2782       -0.52   -0.462717  0.00245554
        2783       -0.52   -0.462738  0.00245474
        2784       -0.52   -0.462759  0.00245394
        2785       -0.36   -0.462722  0.00245334
        2786       -0.44   -0.462714  0.00245247
        2787       -0.28   -0.462648  0.00245247
        2788       -0.44    -0.46264   0.0024516
        2789        -0.6   -0.462689  0.00245122
        2790       -0.52    -0.46271  0.00245043
        2791       -0.28   -0.462644  0.00245042
        2792       -0.12   -0.462521  0.00245262
        2793       -0.44   -0.462513  0.00245175
        2794       -0.68   -0.462591  0.00245211
        2795        -0.6    -0.46264  0.00245172
        2796       -0.36   -0.462604  0.00245112
        2797        -0.2    -0.46251  0.00245204
        2798       -0.28   -0.462445  0.00245203
        2799       -0.76   -0.462551  0.00245346
        2800        -0.6     -0.4626  0.00245308
        2801        -0.6   -0.462649  0.00245269
        2802        -0.6   -0.462698  0.00245231
        2803       -0.36   -0.462661   0.0024517
        2804       -0.36   -0.462625   0.0024511
        2805       -0.44   -0.462617  0.00245024
        2806        -0.2   -0.462523  0.00245116
        2807       -0.36   -0.462487  0.00245056
        2808        -0.6   -0.462536  0.00245017
        2809        -0.6   -0.462585  0.00244979
        2810        -0.6   -0.462633   0.0024494
        2811       -0.28   -0.462568  0.00244939
        2812       -0.44    -0.46256  0.00244854
        2813       -0.76   -0.462666  0.00244995
        2814       -0.52   -0.462687  0.00244916
        2815        -0.2   -0.462593  0.00245007
        2816       -0.52   -0.462614  0.00244928
        2817       -0.44   -0.462606  0.00244843
        2818       -0.52   -0.462626  0.00244764
        2819       -0.36    -0.46259  0.00244705
        2820        -0.6   -0.462638  0.00244666
        2821        -0.6   -0.462687  0.00244628
        2822       -0.52   -0.462707   0.0024455
        2823       -0.44   -0.462699  0.00244465
        2824       -0.52    -0.46272  0.00244386
        2825        -0.6   -0.462768  0.00244348
        2826       -0.52   -0.462788   0.0024427
        2827        -0.6   -0.462837  0.00244232
        2828        -0.2   -0.462744  0.00244322
        2829       -0.12   -0.462623  0.00244536
        2830       -0.52   -0.462643  0.00244458
        2831       -0.36   -0.462607  0.00244399
        2832        -0.6   -0.462655  0.00244361
        2833       -0.44   -0.462647  0.00244276
        2834        -0.6   -0.462696  0.00244238
        2835       -0.44   -0.462688  0.00244153
        2836       -0.44    -0.46268  0.00244068
        2837       -0.52     -0.4627   0.0024399
        2838       -0.36   -0.462664  0.00243931
        2839       -0.36   -0.462628  0.00243872
        2840        -0.6   -0.462676  0.00243834
        2841        -0.2   -0.462584  0.00243923
        2842       -0.36   -0.462548  0.00243864
        2843        -0.2   -0.462455  0.00243953
        2844       -0.36   -0.462419  0.00243894
        2845       -0.44   -0.462411   0.0024381
        2846       -0.52   -0.462431  0.00243732
        2847       -0.28   -0.462367  0.00243731
        2848       -0.52   -0.462388  0.00243654
        2849       -0.36   -0.462352  0.00243595
        2850       -0.36   -0.462316  0.00243536
        2851       -0.52   -0.462336  0.00243459
        2852       -0.44   -0.462328  0.00243375
        2853       -0.44    -0.46232  0.00243291
        2854       -0.36   -0.462285  0.00243232
        2855       -0.52   -0.462305  0.00243155
        2856       -0.36   -0.462269  0.00243096
        2857       -0.36   -0.462233  0.00243038
        2858       -0.44   -0.462225  0.00242954
        2859       -0.28   -0.462162  0.00242952
        2860        -0.2    -0.46207   0.0024304
        2861       -0.36   -0.462034  0.00242982
        2862       -0.52   -0.462055  0.00242905
        2863       -0.52   -0.462075  0.00242829
        2864        -0.6   -0.462123  0.00242792
        2865       -0.52   -0.462143  0.00242715
        2866       -0.44   -0.462135  0.00242632
        2867       -0.44   -0.462128  0.00242548
        2868       -0.44    -0.46212  0.00242465
        2869       -0.28   -0.462056  0.00242464
        2870        -0.6   -0.462105  0.00242427
        2871       -0.52   -0.462125  0.00242351
        2872       -0.44   -0.462117  0.00242268
        2873        -0.6   -0.462165  0.00242231
        2874       -0.28   -0.462102  0.00242229
        2875       -0.36   -0.462066  0.00242171
        2876       -0.28   -0.462003   0.0024217
        2877        -0.2   -0.461912  0.00242257
        2878       -0.36   -0.461876  0.00242198
        2879       -0.36   -0.461841   0.0024214
        2880       -0.44   -0.461833  0.00242057
        2881       -0.44   -0.461826  0.00241974
        2882       -0.68   -0.461901  0.00242009
        2883        -0.6   -0.461949  0.00241972
        2884        -0.2   -0.461859  0.00242059
        2885       -0.36   -0.461823  0.00242001
        2886       -0.52   -0.461843  0.00241925
        2887       -0.52   -0.461864   0.0024185
        2888        -0.6   -0.461911  0.00241813
        2889       -0.44   -0.461904  0.00241731
        2890       -0.44   -0.461896  0.00241648
        2891       -0.36   -0.461861  0.00241591
        2892       -0.52   -0.461881  0.00241515
        2893       -0.36   -0.461846  0.00241458
        2894       -0.28   -0.461783  0.00241456
        2895       -0.36   -0.461748  0.00241398
        2896        -0.6   -0.461796  0.00241362
        2897        -0.6   -0.461843  0.00241326
        2898        -0.6   -0.461891   0.0024129
        2899       -0.52   -0.461911  0.00241215
        2900       -0.44   -0.461903  0.00241133
        2901       -0.52   -0.461923  0.00241058
        2902       -0.52   -0.461943  0.00240983
        2903       -0.44   -0.461936  0.00240901
        2904       -0.52   -0.461956  0.00240827
        2905       -0.36   -0.461921  0.00240769
        2906        -0.6   -0.461968  0.00240733
        2907        -0.6   -0.462016  0.00240697
        2908       -0.52   -0.462036  0.00240623
        2909       -0.52   -0.462056  0.00240548
        2910        -0.6   -0.462103  0.00240512
        2911       -0.44   -0.462095  0.00240431
        2912       -0.44   -0.462088   0.0024035
        2913       -0.52   -0.462108  0.00240275
        2914       -0.52   -0.462128  0.00240201
        2915       -0.52   -0.462148  0.00240127
        2916        -0.6   -0.462195  0.00240091
        2917        -0.6   -0.462242  0.00240055
        2918       -0.44   -0.462234  0.00239974
        2919       -0.68   -0.462309  0.00240008
        2920       -0.52   -0.462329  0.00239934
        2921        -0.6   -0.462376  0.00239898
        2922        -0.6   -0.462423  0.00239862
        2923       -0.44   -0.462415  0.00239781
        2924        -0.6   -0.462462  0.00239745
        2925        -0.6   -0.462509   0.0023971
        2926       -0.52   -0.462529  0.00239636
        2927       -0.44   -0.462521  0.00239555
        2928       -0.44   -0.462514  0.00239474
        2929       -0.52   -0.462533  0.00239401
        2930       -0.28   -0.462471    0.002394
        2931       -0.44   -0.462463   0.0023932
        2932       -0.36   -0.462428  0.00239263
        2933       -0.04   -0.462284  0.00239615
        2934       -0.44   -0.462277  0.00239535
        2935       -0.68   -0.462351  0.00239568
        2936       -0.44   -0.462343  0.00239487
        2937       -0.44   -0.462336  0.00239407
        2938        -0.6   -0.462383  0.00239371
        2939       -0.52   -0.462402  0.00239298
        2940        -0.6   -0.462449  0.00239262
        2941       -0.68   -0.462523  0.00239295
        2942       -0.68   -0.462597  0.00239328
        2943        -0.6   -0.462644  0.00239292
        2944       -0.52   -0.462663  0.00239219
        2945        -0.6    -0.46271  0.00239183
        2946       -0.52   -0.462729   0.0023911
        2947        -0.6   -0.462776  0.00239074
        2948       -0.44   -0.462768  0.00238994
        2949        -0.6   -0.462815  0.00238959
        2950       -0.44   -0.462807  0.00238879
        2951       -0.28   -0.462745  0.00238878
        2952       -0.44   -0.462737  0.00238799
        2953       -0.36   -0.462702  0.00238743
        2954       -0.44   -0.462695  0.00238663
        2955       -0.36    -0.46266  0.00238608
        2956       -0.12   -0.462544  0.00238809
        2957       -0.36   -0.462509  0.00238753
        2958       -0.28   -0.462448  0.00238752
        2959       -0.52   -0.462467  0.00238679
        2960        -0.6   -0.462514  0.00238644
        2961        -0.6    -0.46256  0.00238608
        2962       -0.52   -0.462579  0.00238536
        2963       -0.52   -0.462599  0.00238463
        2964       -0.52   -0.462618  0.00238391
        2965       -0.52   -0.462637  0.00238318
        2966       -0.36   -0.462603  0.00238263
        2967        -0.6   -0.462649  0.00238227
        2968        -0.6   -0.462695  0.00238192
        2969       -0.36   -0.462661  0.00238137
        2970       -0.44   -0.462653  0.00238058
        2971       -0.52   -0.462673  0.00237986
        2972        -0.6   -0.462719  0.00237951
        2973       -0.44   -0.462711  0.00237872
        2974       -0.68   -0.462784  0.00237904
        2975       -0.52   -0.462803  0.00237832
        2976        -0.6   -0.462849  0.00237797
        2977       -0.44   -0.462842  0.00237718
        2978        -0.6   -0.462888  0.00237683
        2979       -0.44    -0.46288  0.00237604
        2980       -0.28   -0.462819  0.00237604
        2981       -0.44   -0.462811  0.00237525
        2982       -0.52    -0.46283  0.00237453
        2983       -0.52   -0.462849  0.00237381
        2984       -0.52   -0.462869   0.0023731
        2985       -0.44   -0.462861  0.00237231
        2986       -0.12   -0.462746   0.0023743
        2987       -0.12   -0.462631  0.00237627
        2988       -0.36   -0.462597  0.00237572
        2989       -0.44   -0.462589  0.00237494
        2990       -0.28   -0.462528  0.00237493
        2991       -0.52   -0.462548  0.00237422
        2992       -0.44    -0.46254  0.00237343
        2993        -0.2   -0.462452  0.00237426
        2994       -0.52   -0.462472  0.00237355
        2995       -0.36   -0.462437    0.002373
        2996       -0.36   -0.462403  0.00237246
        2997       -0.44   -0.462396  0.00237168
        2998       -0.44   -0.462388   0.0023709
        2999       -0.28   -0.462327  0.00237089
        3000       -0.36   -0.462293  0.00237034
        3001       -0.68   -0.462366  0.00237066
        3002        -0.6   -0.462412  0.00237031
        3003       -0.44   -0.462404  0.00236954
        3004       -0.36    -0.46237  0.00236899
        3005       -0.36   -0.462336  0.00236845
        3006       -0.36   -0.462302  0.00236791
        3007        -0.2   -0.462215  0.00236872
        3008       -0.36   -0.462181  0.00236818
        3009       -0.36   -0.462147  0.00236764
        3010       -0.36   -0.462113  0.00236709
        3011       -0.36   -0.462079  0.00236655
        3012       -0.28   -0.462019  0.00236654
        3013       -0.52   -0.462038  0.00236583
        3014       -0.52   -0.462057  0.00236512
        3015       -0.36   -0.462023  0.00236458
        3016        -0.6   -0.462069  0.00236424
        3017        -0.6   -0.462115   0.0023639
        3018       -0.44   -0.462107  0.00236313
        3019       -0.44     -0.4621  0.00236235
        3020       -0.52   -0.462119  0.00236165
        3021       -0.28   -0.462059  0.00236164
        3022       -0.36   -0.462025   0.0023611
        3023       -0.28   -0.461965  0.00236108
        3024        -0.6   -0.462011  0.00236074
        3025       -0.44   -0.462003  0.00235998
        3026       -0.44   -0.461996  0.00235921
        3027       -0.52   -0.462015  0.00235851
        3028        -0.6   -0.462061  0.00235817
        3029        -0.6   -0.462106  0.00235783
        3030       -0.44   -0.462099  0.00235706
        3031       -0.36   -0.462065  0.00235652
        3032       -0.52   -0.462084  0.00235582
        3033        -0.6    -0.46213  0.00235549
        3034        -0.2   -0.462044  0.00235629
        3035       -0.36    -0.46201  0.00235576
        3036       -0.52   -0.462029  0.00235506
        3037       -0.52   -0.462048  0.00235436
        3038       -0.52   -0.462067  0.00235366
        3039       -0.52   -0.462086  0.00235297
        3040       -0.44   -0.462079   0.0023522
        3041       -0.52   -0.462098  0.00235151
        3042       -0.52   -0.462117  0.00235081
        3043       -0.52   -0.462136  0.00235011
        3044       -0.68   -0.462208  0.00235043
        3045       -0.44     -0.4622  0.00234967
        3046       -0.52   -0.462219  0.00234898
        3047        -0.6   -0.462265  0.00234864
        3048        -0.6    -0.46231  0.00234831
        3049       -0.44   -0.462302  0.00234755
        3050       -0.36   -0.462269  0.00234702
        3051       -0.52   -0.462288  0.00234632
        3052       -0.44    -0.46228  0.00234557
        3053       -0.52   -0.462299  0.00234487
        3054       -0.12   -0.462187  0.00234678
        3055       -0.36   -0.462154  0.00234625
        3056       -0.44   -0.462147   0.0023455
        3057       -0.52   -0.462166  0.00234481
        3058       -0.44   -0.462158  0.00234405
        3059       -0.36   -0.462125  0.00234352
        3060       -0.36   -0.462092  0.00234299
        3061       -0.36   -0.462058  0.00234247
        3062       -0.52   -0.462077  0.00234178
        3063       -0.52   -0.462096  0.00234109
        3064       -0.76   -0.462193  0.00234234
        3065       -0.68   -0.462264  0.00234266
        3066        -0.6   -0.462309  0.00234232
        3067       -0.68    -0.46238  0.00234263
        3068       -0.44   -0.462373  0.00234188
        3069       -0.52   -0.462392  0.00234119
        3070       -0.52    -0.46241  0.00234051
        3071        -0.2   -0.462325   0.0023413
        3072        -0.2    -0.46224   0.0023421
        3073       -0.52   -0.462258  0.00234141
        3074       -0.52   -0.462277  0.00234073
        3075        -0.2   -0.462192  0.00234152
        3076       -0.36   -0.462159  0.00234099
        3077       -0.36   -0.462125  0.00234047
        3078       -0.44   -0.462118  0.00233972
        3079       -0.36   -0.462085  0.00233919
        3080       -0.52   -0.462104  0.00233851
        3081       -0.44   -0.462097  0.00233776
        3082       -0.52   -0.462116  0.00233708
        3083       -0.52   -0.462134   0.0023364
        3084       -0.36   -0.462101  0.00233587
        3085       -0.28   -0.462042  0.00233586
        3086       -0.44   -0.462035  0.00233512
        3087       -0.44   -0.462028  0.00233437
        3088       -0.52   -0.462047  0.00233369
        3089       -0.52   -0.462065  0.00233301
        3090       -0.44   -0.462058  0.00233227
        3091       -0.52   -0.462077  0.00233159
        3092       -0.52   -0.462096  0.00233091
        3093       -0.44   -0.462089  0.00233016
        3094       -0.36   -0.462056  0.00232964
        3095       -0.52   -0.462074  0.00232897
        3096       -0.52   -0.462093  0.00232829
        3097        -0.6   -0.462138  0.00232796
        3098       -0.44    -0.46213  0.00232722
        3099       -0.36   -0.462097  0.00232671
        3100       -0.44    -0.46209  0.00232597
        3101       -0.52   -0.462109  0.00232529
        3102       -0.52   -0.462128  0.00232462
        3103       -0.68   -0.462198  0.00232493
        3104        -0.6   -0.462242   0.0023246
        3105       -0.76   -0.462338  0.00232583
        3106       -0.52   -0.462357  0.00232516
        3107       -0.52   -0.462375  0.00232448
        3108       -0.52   -0.462394  0.00232381
        3109       -0.28   -0.462335   0.0023238
        3110       -0.44   -0.462328  0.00232306
        3111       -0.36   -0.462295  0.00232255
        3112       -0.52   -0.462314  0.00232188
        3113       -0.44   -0.462306  0.00232114
        3114       -0.36   -0.462274  0.00232063
        3115       -0.44   -0.462266   0.0023199
        3116       -0.36   -0.462234  0.00231938
        3117       -0.52   -0.462252  0.00231871
        3118       -0.36   -0.462219   0.0023182
        3119       -0.28   -0.462161   0.0023182
        3120       -0.36   -0.462128  0.00231768
        3121       -0.44   -0.462121  0.00231695
        3122       -0.52    -0.46214  0.00231628
        3123        -0.6   -0.462184  0.00231596
        3124       -0.36   -0.462151  0.00231545
        3125       -0.52    -0.46217  0.00231479
        3126       -0.68   -0.462239  0.00231509
        3127        -0.6   -0.462283  0.00231477
        3128       -0.44   -0.462276  0.00231404
        3129       -0.44   -0.462269  0.00231331
        3130       -0.36   -0.462236  0.00231281
        3131       -0.44   -0.462229  0.00231208
        3132       -0.68   -0.462299  0.00231239
        3133       -0.52   -0.462317  0.00231172
        3134       -0.52   -0.462336  0.00231106
        3135       -0.36   -0.462303  0.00231055
        3136       -0.52   -0.462321  0.00230989
        3137       -0.44   -0.462314  0.00230916
        3138        -0.6   -0.462358  0.00230884
        3139       -0.36   -0.462326  0.00230834
        3140       -0.44   -0.462318  0.00230761
        3141       -0.28    -0.46226  0.00230761
        3142       -0.28   -0.462202   0.0023076
        3143       -0.44   -0.462195  0.00230688
        3144       -0.68   -0.462265  0.00230719
        3145        -0.6   -0.462308  0.00230687
        3146       -0.44   -0.462301  0.00230614
        3147       -0.36   -0.462269  0.00230564
        3148        -0.6   -0.462313  0.00230532
        3149       -0.68   -0.462382  0.00230563
        3150        -0.6   -0.462425  0.00230531
        3151       -0.44   -0.462418  0.00230459
        3152       -0.36   -0.462386  0.00230409
        3153       -0.28   -0.462328  0.00230408
        3154       -0.36   -0.462295  0.00230358
        3155       -0.52   -0.462314  0.00230292
        3156        -0.6   -0.462357  0.00230261
        3157       -0.44    -0.46235  0.00230189
        3158       -0.44   -0.462343  0.00230117
        3159        -0.6   -0.462387  0.00230085
        3160       -0.52   -0.462405   0.0023002
        3161       -0.68   -0.462474   0.0023005
        3162       -0.68   -0.462543   0.0023008
        3163       -0.52   -0.462561  0.00230015
        3164       -0.44   -0.462554  0.00229943
        3165       -0.52   -0.462572  0.00229877
        3166       -0.52    -0.46259  0.00229812
        3167       -0.52   -0.462608  0.00229747
        3168        -0.6   -0.462652  0.00229715
        3169       -0.28   -0.462594  0.00229715
        3170       -0.44   -0.462587  0.00229643
        3171       -0.36   -0.462554  0.00229594
        3172       -0.52   -0.462573  0.00229529
        3173       -0.44   -0.462565  0.00229457
        3174       -0.36   -0.462533  0.00229408
        3175       -0.36   -0.462501  0.00229358
        3176       -0.52   -0.462519  0.00229293
        3177       -0.52   -0.462537  0.00229228
        3178       -0.36   -0.462505  0.00229179
        3179       -0.44   -0.462498  0.00229108
        3180       -0.36   -0.462465  0.00229058
        3181       -0.68   -0.462534  0.00229088
        3182       -0.52   -0.462552  0.00229024
        3183        -0.6   -0.462595  0.00228992
        3184        -0.6   -0.462638  0.00228961
        3185        -0.6   -0.462681   0.0022893
        3186       -0.28   -0.462624   0.0022893
        3187       -0.44   -0.462617  0.00228859
        3188       -0.52   -0.462635  0.00228794
        3189       -0.68   -0.462703  0.00228824
        3190       -0.52   -0.462721  0.00228759
        3191       -0.44   -0.462714  0.00228689
        3192       -0.44   -0.462707  0.00228618
        3193       -0.44     -0.4627  0.00228548
        3194       -0.52   -0.462718  0.00228483
        3195       -0.52   -0.462736  0.00228419
        3196       -0.52   -0.462753  0.00228354
        3197       -0.68   -0.462821  0.00228384
        3198       -0.36   -0.462789  0.00228335
        3199       -0.44   -0.462782  0.00228265
        3200       -0.52     -0.4628  0.00228201
        3201        -0.6   -0.462843   0.0022817
        3202        -0.6   -0.462886  0.00228138
        3203       -0.44   -0.462879  0.00228068
        3204       -0.52   -0.462896  0.00228004
        3205       -0.44   -0.462889  0.00227934
        3206       -0.36   -0.462857  0.00227886
        3207       -0.44    -0.46285  0.00227816
        3208        -0.6   -0.462893  0.00227785
        3209       -0.52   -0.462911  0.00227721
        3210       -0.36   -0.462879  0.00227672
        3211       -0.28   -0.462822  0.00227673
        3212       -0.52   -0.462839  0.00227609
        3213       -0.52   -0.462857  0.00227545
        3214       -0.76    -0.46295  0.00227662
        3215       -0.44   -0.462942  0.00227592
        3216       -0.28   -0.462886  0.00227592
        3217       -0.52   -0.462903  0.00227529
        3218       -0.36   -0.462871   0.0022748
        3219       -0.44   -0.462864  0.00227411
        3220       -0.36   -0.462832  0.00227363
        3221       -0.36     -0.4628  0.00227314
        3222       -0.28   -0.462744  0.00227315
        3223       -0.36   -0.462712  0.00227267
        3224        -0.2    -0.46263  0.00227342
        3225       -0.36   -0.462598  0.00227294
        3226        -0.6   -0.462641  0.00227263
        3227        -0.6   -0.462684  0.00227233
        3228       -0.44   -0.462677  0.00227163
        3229       -0.28    -0.46262  0.00227164
        3230       -0.44   -0.462613  0.00227094
        3231        -0.6   -0.462656  0.00227064
        3232       -0.36   -0.462624  0.00227016
        3233       -0.28   -0.462567  0.00227016
        3234       -0.52   -0.462585  0.00226953
        3235       -0.44   -0.462578  0.00226883
        3236       -0.52   -0.462596   0.0022682
        3237       -0.44   -0.462589  0.00226751
        3238       -0.52   -0.462607  0.00226688
        3239       -0.44     -0.4626  0.00226619
        3240       -0.44   -0.462593   0.0022655
        3241        -0.6   -0.462635   0.0022652
        3242       -0.36   -0.462603  0.00226472
        3243       -0.44   -0.462596  0.00226404
        3244       -0.52   -0.462614  0.00226341
        3245        -0.6   -0.462656  0.00226311
        3246       -0.44   -0.462649  0.00226242
        3247        -0.6   -0.462692  0.00226212
        3248       -0.68   -0.462759  0.00226241
        3249       -0.52   -0.462776  0.00226178
        3250        -0.6   -0.462818  0.00226148
        3251       -0.44   -0.462811   0.0022608
        3252       -0.36    -0.46278  0.00226032
        3253       -0.36   -0.462748  0.00225985
        3254       -0.68   -0.462815  0.00226014
        3255       -0.28   -0.462759  0.00226014
        3256       -0.36   -0.462727  0.00225967
        3257       -0.36   -0.462696   0.0022592
        3258       -0.44   -0.462689  0.00225851
        3259       -0.44   -0.462682  0.00225783
        3260       -0.52   -0.462699  0.00225721
        3261       -0.68   -0.462766   0.0022575
        3262       -0.36   -0.462735  0.00225703
        3263       -0.52   -0.462752   0.0022564
        3264       -0.44   -0.462745  0.00225572
        3265       -0.52   -0.462763   0.0022551
        3266       -0.36   -0.462731  0.00225463
        3267       -0.52   -0.462749  0.00225401
        3268       -0.44   -0.462742  0.00225333
        3269       -0.28   -0.462686  0.00225333
        3270       -0.28    -0.46263  0.00225333
        3271       -0.52   -0.462648  0.00225271
        3272       -0.52   -0.462665  0.00225209
        3273       -0.52   -0.462683  0.00225147
        3274       -0.36   -0.462651    0.002251
        3275       -0.36    -0.46262  0.00225054
        3276        -0.6   -0.462662  0.00225024
        3277       -0.36    -0.46263  0.00224977
        3278       -0.44   -0.462624  0.00224909
        3279       -0.44   -0.462617  0.00224842
        3280       -0.68   -0.462683  0.00224871
        3281       -0.44   -0.462676  0.00224804
        3282       -0.36   -0.462645  0.00224757
        3283       -0.52   -0.462662  0.00224695
        3284       -0.52    -0.46268  0.00224634
        3285       -0.44   -0.462673  0.00224566
        3286       -0.28   -0.462617  0.00224567
        3287       -0.44    -0.46261  0.00224499
        3288       -0.36   -0.462579  0.00224453
        3289       -0.52   -0.462597  0.00224391
        3290       -0.44    -0.46259  0.00224324
        3291       -0.52   -0.462607  0.00224263
        3292       -0.36   -0.462576  0.00224216
        3293        -0.6   -0.462618  0.00224187
        3294       -0.44   -0.462611   0.0022412
        3295        -0.2   -0.462531  0.00224194
        3296       -0.44   -0.462524  0.00224127
        3297        -0.6   -0.462566  0.00224098
        3298        -0.6   -0.462608  0.00224068
        3299       -0.36   -0.462577  0.00224022
        3300       -0.44    -0.46257  0.00223955
        3301       -0.52   -0.462587  0.00223894
        3302       -0.52   -0.462604  0.00223833
        3303       -0.52   -0.462622  0.00223772
        3304       -0.36   -0.462591  0.00223726
        3305       -0.68   -0.462657  0.00223755
        3306       -0.76   -0.462747  0.00223868
        3307        -0.6   -0.462788  0.00223839
        3308        -0.6    -0.46283  0.00223809
        3309       -0.52   -0.462847  0.00223748
        3310       -0.68   -0.462912  0.00223777
        3311       -0.36   -0.462881  0.00223731
        3312       -0.44   -0.462874  0.00223665
        3313       -0.36   -0.462843  0.00223619
        3314       -0.44   -0.462836  0.00223552
        3315       -0.36   -0.462805  0.00223506
        3316       -0.52   -0.462823  0.00223445
        3317       -0.44   -0.462816  0.00223379
        3318        -0.6   -0.462857   0.0022335
        3319       -0.52   -0.462874  0.00223289
        3320       -0.52   -0.462892  0.00223229
        3321       -0.44   -0.462885  0.00223163
        3322       -0.52   -0.462902  0.00223102
        3323       -0.52   -0.462919  0.00223042
        3324        -0.6    -0.46296  0.00223013
        3325       -0.68   -0.463026  0.00223041
        3326        -0.6   -0.463067  0.00223012
        3327       -0.44    -0.46306  0.00222946
        3328       -0.28   -0.463005  0.00222947
        3329       -0.36   -0.462974  0.00222901
        3330       -0.36   -0.462943  0.00222856
        3331       -0.52    -0.46296  0.00222796
        3332       -0.44   -0.462953   0.0022273
        3333       -0.52    -0.46297   0.0022267
        3334        -0.6   -0.463011  0.00222641
        3335       -0.44   -0.463004  0.00222575
        3336       -0.52   -0.463022  0.00222515
        3337        -0.6   -0.463063  0.00222486
        3338       -0.44   -0.463056   0.0022242
        3339       -0.36   -0.463025  0.00222375
        3340       -0.52   -0.463042  0.00222315
        3341       -0.52   -0.463059  0.00222255
        3342       -0.44   -0.463052   0.0022219
        3343       -0.44   -0.463045  0.00222124
        3344        -0.2   -0.462967  0.00222197
        3345       -0.28   -0.462912  0.00222198
        3346       -0.36   -0.462881  0.00222153
        3347       -0.44   -0.462874  0.00222088
        3348       -0.68   -0.462939  0.00222116
        3349       -0.36   -0.462908  0.00222071
        3350       -0.44   -0.462901  0.00222006
        3351       -0.36   -0.462871  0.00221961
        3352       -0.52   -0.462888  0.00221901
        3353       -0.52   -0.462905  0.00221841
        3354        -0.2   -0.462826  0.00221914
        3355        -0.6   -0.462867  0.00221885
        3356       -0.52   -0.462884  0.00221826
        3357       -0.36   -0.462854  0.00221781
        3358       -0.44   -0.462847  0.00221716
        3359       -0.28   -0.462792  0.00221716
        3360       -0.28   -0.462738  0.00221717
        3361       -0.44   -0.462731  0.00221652
        3362       -0.36   -0.462701  0.00221607
        3363       -0.28   -0.462646  0.00221608
        3364       -0.36   -0.462616  0.00221563
        3365        -0.6   -0.462657  0.00221535
        3366        -0.6   -0.462698  0.00221507
        3367       -0.44   -0.462691  0.00221442
        3368        -0.6   -0.462732  0.00221414
        3369       -0.52   -0.462749  0.00221355
        3370       -0.44   -0.462742   0.0022129
        3371        -0.6   -0.462783  0.00221262
        3372        -0.6   -0.462823  0.00221234
        3373       -0.52    -0.46284  0.00221174
        3374       -0.52   -0.462857  0.00221115
        3375       -0.36   -0.462827  0.00221071
        3376        -0.6   -0.462867  0.00221043
        3377        -0.2   -0.462789  0.00221114
        3378       -0.36   -0.462759   0.0022107
        3379       -0.44   -0.462752  0.00221005
        3380       -0.28   -0.462698  0.00221006
        3381       -0.28   -0.462644  0.00221007
        3382       -0.52   -0.462661  0.00220948
        3383       -0.44   -0.462654  0.00220884
        3384       -0.36   -0.462624  0.00220839
        3385       -0.44   -0.462617  0.00220775
        3386        -0.6   -0.462658  0.00220747
        3387       -0.44   -0.462651  0.00220683
        3388       -0.52   -0.462668  0.00220624
        3389       -0.68   -0.462732  0.00220652
        3390       -0.76    -0.46282  0.00220761
        3391        -0.2   -0.462743  0.00220832
        3392       -0.44   -0.462736  0.00220768
        3393       -0.52   -0.462753   0.0022071
        3394        -0.6   -0.462793  0.00220682
        3395       -0.76   -0.462881   0.0022079
        3396       -0.44   -0.462874  0.00220726
        3397       -0.36   -0.462844  0.00220682
        3398        -0.2   -0.462766  0.00220753
        3399       -0.44    -0.46276  0.00220689
        3400        -0.6     -0.4628  0.00220661
        3401       -0.36    -0.46277  0.00220616
        3402        -0.6    -0.46281  0.00220589
        3403       -0.68   -0.462874  0.00220616
        3404       -0.52   -0.462891  0.00220558
        3405       -0.36    -0.46286  0.00220513
        3406       -0.36    -0.46283  0.00220469
        3407       -0.36     -0.4628  0.00220425
        3408       -0.68   -0.462864  0.00220453
        3409        -0.6   -0.462904  0.00220425
        3410        -0.6   -0.462944  0.00220397
        3411       -0.52   -0.462961  0.00220339
        3412       -0.44   -0.462954  0.00220275
        3413       -0.52   -0.462971  0.00220217
        3414       -0.52   -0.462988  0.00220159
        3415       -0.44   -0.462981  0.00220095
        3416       -0.36   -0.462951  0.00220051
        3417       -0.68   -0.463014  0.00220079
        3418        -0.6   -0.463054  0.00220051
        3419       -0.52   -0.463071  0.00219993
        3420       -0.76   -0.463158    0.002201
        3421        -0.6   -0.463198  0.00220072
        3422       -0.36   -0.463168  0.00220028
        3423       -0.52   -0.463184   0.0021997
        3424       -0.68   -0.463248  0.00219997
        3425       -0.44   -0.463241  0.00219934
        3426       -0.52   -0.463257  0.00219876
        3427       -0.44   -0.463251  0.00219813
        3428       -0.44   -0.463244   0.0021975
        3429        -0.6   -0.463284  0.00219722
        3430       -0.36   -0.463254  0.00219678
        3431       -0.44   -0.463247  0.00219615
        3432       -0.44    -0.46324  0.00219552
        3433       -0.68   -0.463303  0.00219579
        3434        -0.6   -0.463343  0.00219551
        3435        -0.6   -0.463383  0.00219523
        3436       -0.52   -0.463399  0.00219466
        3437        -0.6   -0.463439  0.00219438
        3438       -0.52   -0.463455   0.0021938
        3439        -0.6   -0.463495  0.00219352
        3440       -0.44   -0.463488   0.0021929
        3441       -0.44   -0.463482  0.00219227
        3442       -0.44   -0.463475  0.00219164
        3443       -0.44   -0.463468  0.00219102
        3444        -0.6   -0.463508  0.00219074
        3445       -0.52   -0.463524  0.00219017
        3446       -0.52    -0.46354  0.00218959
        3447       -0.36    -0.46351  0.00218916
        3448       -0.36    -0.46348  0.00218873
        3449       -0.52   -0.463497  0.00218816
        3450       -0.52   -0.463513  0.00218759
        3451       -0.36   -0.463483  0.00218716
        3452        -0.6   -0.463523  0.00218688
        3453       -0.52   -0.463539  0.00218631
        3454       -0.28   -0.463486  0.00218632
        3455       -0.44   -0.463479   0.0021857
        3456       -0.44   -0.463472  0.00218508
        3457       -0.44   -0.463465  0.00218446
        3458       -0.44   -0.463459  0.00218384
        3459       -0.52   -0.463475  0.00218327
        3460       -0.52   -0.463491   0.0021827
        3461       -0.36   -0.463461  0.00218227
        3462       -0.52   -0.463478   0.0021817
        3463       -0.44   -0.463471  0.00218108
        3464       -0.68   -0.463533  0.00218135
        3465       -0.36   -0.463504  0.00218092
        3466       -0.44   -0.463497   0.0021803
        3467       -0.52   -0.463513  0.00217974
        3468        -0.6   -0.463552  0.00217946
        3469       -0.68   -0.463615  0.00217973
        3470       -0.36   -0.463585   0.0021793
        3471       -0.52   -0.463601  0.00217874
        3472       -0.52   -0.463618  0.00217817
        3473       -0.52   -0.463634   0.0021776
        3474       -0.36   -0.463604  0.00217718
        3475       -0.44   -0.463597  0.00217656
        3476       -0.44    -0.46359  0.00217595
        3477       -0.52   -0.463607  0.00217538
        3478        -0.6   -0.463646  0.00217511
        3479       -0.44   -0.463639   0.0021745
        3480       -0.52   -0.463655  0.00217393
        3481       -0.52   -0.463671  0.00217337
        3482       -0.36   -0.463642  0.00217295
        3483       -0.28   -0.463589  0.00217296
        3484       -0.52   -0.463605   0.0021724
        3485       -0.36   -0.463575  0.00217198
        3486        -0.2     -0.4635  0.00217267
        3487       -0.52   -0.463516  0.00217211
        3488       -0.36   -0.463486  0.00217169
        3489        -0.6   -0.463525  0.00217142
        3490       -0.52   -0.463542  0.00217086
        3491        -0.6   -0.463581  0.00217059
        3492       -0.52   -0.463597  0.00217003
        3493       -0.44    -0.46359  0.00216942
        3494        -0.6   -0.463629  0.00216915
        3495       -0.52   -0.463645  0.00216859
        3496        -0.6   -0.463684  0.00216832
        3497       -0.28   -0.463632  0.00216833
        3498       -0.52   -0.463648  0.00216777
        3499       -0.36   -0.463618  0.00216735
        3500       -0.36   -0.463589  0.00216694
        3501       -0.28   -0.463536  0.00216695
        3502        -0.6   -0.463575  0.00216668
        3503       -0.44   -0.463568  0.00216608
        3504       -0.36   -0.463539  0.00216566
        3505        -0.6   -0.463578  0.00216539
        3506       -0.44   -0.463571  0.00216478
        3507       -0.44   -0.463564  0.00216418
        3508       -0.44   -0.463558  0.00216357
        3509       -0.28   -0.463505  0.00216359
        3510       -0.28   -0.463453   0.0021636
        3511        -0.6   -0.463492  0.00216334
        3512       -0.52   -0.463508  0.00216278
        3513        -0.2   -0.463433  0.00216346
        3514       -0.28   -0.463381  0.00216348
        3515       -0.36   -0.463351  0.00216306
        3516       -0.44   -0.463345  0.00216246
        3517        -0.6   -0.463384  0.00216219
        3518       -0.36   -0.463354  0.00216178
        3519       -0.52    -0.46337  0.00216122
        3520        -0.6   -0.463409  0.00216096
        3521       -0.36    -0.46338  0.00216054
        3522        -0.2   -0.463305  0.00216122
        3523       -0.36   -0.463276  0.00216081
        3524       -0.52   -0.463292  0.00216026
        3525       -0.44   -0.463285  0.00215965
        3526       -0.52   -0.463301   0.0021591
        3527       -0.44   -0.463295   0.0021585
        3528        -0.2    -0.46322  0.00215918
        3529       -0.44   -0.463213  0.00215857
        3530       -0.52   -0.463229  0.00215802
        3531       -0.52   -0.463246  0.00215747
        3532       -0.52   -0.463262  0.00215692
        3533       -0.52   -0.463278  0.00215637
        3534       -0.52   -0.463294  0.00215582
        3535       -0.44   -0.463287  0.00215522
        3536       -0.04   -0.463167  0.00215793
        3537       -0.44   -0.463161  0.00215733
        3538        -0.6     -0.4632  0.00215707
        3539       -0.52   -0.463216  0.00215652
        3540       -0.52   -0.463232  0.00215597
        3541        -0.6    -0.46327  0.00215571
        3542       -0.28   -0.463219  0.00215572
        3543       -0.44   -0.463212  0.00215512
        3544       -0.36   -0.463183  0.00215471
        3545       -0.52   -0.463199  0.00215416
        3546       -0.44   -0.463192  0.00215356
        3547       -0.52   -0.463208  0.00215302
        3548       -0.52   -0.463224  0.00215247
        3549       -0.44   -0.463218  0.00215187
        3550        -0.6   -0.463256  0.00215161
        3551       -0.44    -0.46325  0.00215101
        3552        -0.6   -0.463288  0.00215075
        3553       -0.36   -0.463259  0.00215034
        3554       -0.68    -0.46332   0.0021506
        3555        -0.6   -0.463359  0.00215034
        3556        -0.6   -0.463397  0.00215008
        3557       -0.36   -0.463368  0.00214967
        3558       -0.44   -0.463361  0.00214908
        3559        -0.6     -0.4634  0.00214882
        3560        -0.6   -0.463438  0.00214856
        3561       -0.52   -0.463454  0.00214801
        3562       -0.52    -0.46347  0.00214747
        3563        -0.2   -0.463396  0.00214814
        3564       -0.44   -0.463389  0.00214755
        3565       -0.68    -0.46345   0.0021478
        3566       -0.68   -0.463511  0.00214806
        3567       -0.52   -0.463527  0.00214751
        3568       -0.36   -0.463498  0.00214711
        3569       -0.52   -0.463514  0.00214657
        3570       -0.36   -0.463485  0.00214616
        3571       -0.36   -0.463456  0.00214575
        3572       -0.36   -0.463427  0.00214535
        3573       -0.52   -0.463442  0.00214481
        3574       -0.68   -0.463503  0.00214506
        3575       -0.44   -0.463497  0.00214447
        3576       -0.52   -0.463512  0.00214393
        3577       -0.52   -0.463528  0.00214339
        3578       -0.36   -0.463499  0.00214299
        3579       -0.52   -0.463515  0.00214245
        3580        -0.6   -0.463553  0.00214219
        3581       -0.44   -0.463546   0.0021416
        3582       -0.36   -0.463518   0.0021412
        3583       -0.44   -0.463511  0.00214061
        3584       -0.44   -0.463504  0.00214002
        3585       -0.52    -0.46352  0.00213948
        3586       -0.28   -0.463469   0.0021395
        3587        -0.6   -0.463507  0.00213924
        3588       -0.36   -0.463478  0.00213884
        3589       -0.44   -0.463472  0.00213825
        3590       -0.36   -0.463443  0.00213785
        3591        -0.6   -0.463481  0.00213759
        3592       -0.68   -0.463541  0.00213785
        3593       -0.68   -0.463601   0.0021381
        3594       -0.44   -0.463595  0.00213752
        3595       -0.36   -0.463566  0.00213712
        3596        -0.6   -0.463604  0.00213686
        3597       -0.52    -0.46362  0.00213632
        3598        -0.6   -0.463658  0.00213607
        3599        -0.6   -0.463695  0.00213581
        3600       -0.52   -0.463711  0.00213527
        3601       -0.68   -0.463771  0.00213552
        3602       -0.44   -0.463765  0.00213494
        3603       -0.36   -0.463736  0.00213454
        3604       -0.52   -0.463751  0.00213401
        3605       -0.44   -0.463745  0.00213343
        3606       -0.52    -0.46376  0.00213289
        3607       -0.52   -0.463776  0.00213236
        3608       -0.36   -0.463747  0.00213196
        3609       -0.44   -0.463741  0.00213138
        3610       -0.44   -0.463734   0.0021308
        3611       -0.52    -0.46375  0.00213027
        3612       -0.68    -0.46381  0.00213052
        3613        -0.6   -0.463847  0.00213026
        3614       -0.52   -0.463863  0.00212973
        3615       -0.52   -0.463878   0.0021292
        3616        -0.6   -0.463916  0.00212894
        3617       -0.36   -0.463887  0.00212854
        3618       -0.36   -0.463858  0.00212815
        3619       -0.28   -0.463808  0.00212817
        3620       -0.44   -0.463801  0.00212759
        3621       -0.44   -0.463795  0.00212701
        3622       -0.44   -0.463788  0.00212644
        3623       -0.52   -0.463803  0.00212591
        3624       -0.28   -0.463753  0.00212592
        3625       -0.52   -0.463768  0.00212539
        3626       -0.44   -0.463762  0.00212482
        3627       -0.28   -0.463711  0.00212484
        3628       -0.44   -0.463705  0.00212426
        3629        -0.6   -0.463742  0.00212401
        3630       -0.36   -0.463713  0.00212361
        3631       -0.44   -0.463707  0.00212304
        3632       -0.44     -0.4637  0.00212246
        3633       -0.36   -0.463672  0.00212207
        3634       -0.28   -0.463621  0.00212209
        3635       -0.36   -0.463593   0.0021217
        3636       -0.44   -0.463586  0.00212112
        3637       -0.36   -0.463558  0.00212073
        3638       -0.44   -0.463551  0.00212016
        3639       -0.44   -0.463545  0.00211959
        3640       -0.36   -0.463516   0.0021192
        3641       -0.44    -0.46351  0.00211862
        3642       -0.44   -0.463504  0.00211805
        3643       -0.52   -0.463519  0.00211753
        3644       -0.52   -0.463535    0.002117
        3645       -0.28   -0.463484  0.00211702
        3646       -0.28   -0.463434  0.00211704
        3647       -0.28   -0.463384  0.00211705
        3648       -0.36   -0.463355  0.00211666
        3649        -0.6   -0.463393  0.00211641
        3650       -0.68   -0.463452  0.00211667
        3651       -0.44   -0.463446   0.0021161
        3652       -0.36   -0.463417  0.00211571
        3653       -0.36   -0.463389  0.00211532
        3654       -0.44   -0.463383  0.00211475
        3655       -0.36   -0.463354  0.00211436
        3656        -0.6   -0.463392  0.00211411
        3657        -0.6   -0.463429  0.00211386
        3658       -0.52   -0.463445  0.00211334
        3659       -0.52    -0.46346  0.00211282
        3660       -0.44   -0.463454  0.00211225
        3661       -0.36   -0.463425  0.00211186
        3662        -0.6   -0.463463  0.00211162
        3663        -0.6     -0.4635  0.00211137
        3664       -0.44   -0.463493   0.0021108
        3665       -0.44   -0.463487  0.00211024
        3666       -0.36   -0.463459  0.00210985
        3667       -0.28   -0.463409  0.00210987
        3668       -0.36   -0.463381  0.00210948
        3669       -0.44   -0.463374  0.00210892
        3670       -0.36   -0.463346  0.00210853
        3671       -0.36   -0.463318  0.00210814
        3672       -0.44   -0.463312  0.00210758
        3673       -0.44   -0.463305  0.00210701
        3674       -0.36   -0.463277  0.00210663
        3675       -0.44   -0.463271  0.00210606
        3676       -0.44   -0.463264   0.0021055
        3677       -0.44   -0.463258  0.00210494
        3678       -0.68   -0.463317  0.00210519
        3679        -0.6   -0.463354  0.00210495
        3680       -0.44   -0.463348  0.00210438
        3681        -0.6   -0.463385  0.00210414
        3682       -0.44   -0.463379  0.00210358
        3683       -0.52   -0.463394  0.00210306
        3684       -0.44   -0.463388   0.0021025
        3685       -0.28   -0.463338  0.00210252
        3686        -0.2   -0.463266  0.00210316
        3687       -0.28   -0.463217  0.00210318
        3688       -0.52   -0.463232  0.00210267
        3689       -0.44   -0.463226   0.0021021
        3690       -0.28   -0.463176  0.00210212
        3691        -0.6   -0.463213  0.00210188
        3692        -0.6    -0.46325  0.00210164
        3693       -0.44   -0.463244  0.00210108
        3694       -0.52   -0.463259  0.00210056
        3695        -0.6   -0.463296  0.00210032
        3696       -0.44    -0.46329  0.00209976
        3697       -0.28    -0.46324  0.00209978
        3698       -0.44   -0.463234  0.00209922
        3699       -0.28   -0.463185  0.00209924
        3700       -0.44   -0.463178  0.00209868
        3701       -0.36    -0.46315   0.0020983
        3702       -0.52   -0.463166  0.00209779
        3703        -0.6   -0.463203  0.00209755
        3704       -0.44   -0.463197  0.00209699
        3705        -0.6   -0.463233  0.00209675
        3706       -0.52   -0.463249  0.00209624
        3707       -0.52   -0.463264  0.00209573
        3708       -0.52   -0.463279  0.00209522
        3709       -0.52   -0.463295  0.00209471
        3710       -0.36   -0.463267  0.00209433
        3711       -0.28   -0.463217  0.00209435
        3712       -0.36    -0.46319  0.00209397
        3713       -0.36   -0.463162  0.00209359
        3714       -0.44   -0.463156  0.00209304
        3715       -0.36   -0.463128  0.00209266
        3716       -0.52   -0.463143  0.00209215
        3717        -0.6    -0.46318  0.00209191
        3718        -0.6   -0.463217  0.00209167
        3719       -0.44   -0.463211  0.00209112
        3720       -0.44   -0.463204  0.00209057
        3721       -0.28   -0.463155  0.00209058
        3722       -0.44   -0.463149  0.00209003
        3723       -0.44   -0.463143  0.00208948
        3724        -0.6   -0.463179  0.00208924
        3725       -0.36   -0.463152  0.00208886
        3726        -0.2   -0.463081   0.0020895
        3727        -0.6   -0.463118  0.00208926
        3728       -0.52   -0.463133  0.00208875
        3729       -0.44   -0.463127   0.0020882
        3730       -0.28   -0.463078  0.00208822
        3731       -0.12   -0.462986  0.00208968
        3732       -0.44    -0.46298  0.00208913
        3733        -0.6   -0.463016   0.0020889
        3734       -0.36   -0.462989  0.00208852
        3735       -0.28    -0.46294  0.00208853
        3736        -0.6   -0.462976   0.0020883
        3737       -0.44    -0.46297  0.00208775
        3738       -0.36   -0.462943  0.00208737
        3739        -0.6   -0.462979  0.00208713
        3740       -0.28    -0.46293  0.00208715
        3741       -0.12   -0.462839   0.0020886
        3742        -0.6   -0.462875  0.00208837
        3743        -0.6   -0.462912  0.00208813
        3744       -0.44   -0.462906  0.00208758
        3745       -0.68   -0.462964  0.00208783
        3746       -0.44   -0.462958  0.00208728
        3747       -0.28   -0.462909  0.00208729
        3748       -0.44   -0.462903  0.00208675
        3749       -0.36   -0.462875  0.00208637
        3750       -0.52   -0.462891  0.00208587
        3751       -0.52   -0.462906  0.00208537
        3752       -0.52   -0.462921  0.00208487
        3753       -0.52   -0.462936  0.00208437
        3754       -0.52   -0.462952  0.00208387
        3755       -0.44   -0.462945  0.00208332
        3756       -0.52   -0.462961  0.00208282
        3757       -0.36   -0.462933  0.00208245
        3758       -0.44   -0.462927   0.0020819
        3759       -0.28   -0.462878  0.00208192
        3760       -0.28    -0.46283  0.00208193
        3761       -0.36   -0.462802  0.00208156
        3762       -0.28   -0.462754  0.00208157
        3763       -0.44   -0.462748  0.00208103
        3764       -0.44   -0.462742  0.00208048
        3765       -0.68   -0.462799  0.00208073
        3766       -0.44   -0.462793  0.00208019
        3767       -0.44   -0.462787  0.00207965
        3768       -0.44   -0.462781   0.0020791
        3769        -0.6   -0.462818  0.00207887
        3770       -0.84   -0.462918  0.00208072
        3771       -0.76   -0.462997  0.00208166
        3772       -0.52   -0.463012  0.00208117
        3773       -0.36   -0.462984  0.00208079
        3774       -0.44   -0.462978  0.00208025
        3775       -0.28    -0.46293  0.00208026
        3776        -0.6   -0.462966  0.00208003
        3777       -0.28   -0.462918  0.00208004
        3778       -0.52   -0.462933  0.00207955
        3779       -0.52   -0.462948  0.00207905
        3780       -0.28   -0.462899  0.00207907
        3781       -0.44   -0.462893  0.00207852
        3782       -0.36   -0.462866  0.00207815
        3783       -0.52   -0.462881  0.00207766
        3784       -0.36   -0.462854  0.00207729
        3785       -0.36   -0.462827  0.00207692
        3786       -0.44   -0.462821  0.00207638
        3787        -0.6   -0.462857  0.00207614
        3788        -0.6   -0.462893  0.00207591
        3789       -0.44   -0.462887  0.00207537
        3790       -0.44   -0.462881  0.00207483
        3791       -0.68   -0.462939  0.00207508
        3792       -0.36   -0.462911  0.00207471
        3793       -0.36   -0.462884  0.00207434
        3794       -0.44   -0.462878   0.0020738
        3795       -0.44   -0.462872  0.00207326
        3796       -0.36   -0.462845  0.00207289
        3797       -0.44   -0.462839  0.00207236
        3798       -0.52   -0.462854  0.00207186
        3799       -0.52   -0.462869  0.00207137
        3800       -0.44   -0.462863  0.00207084
        3801       -0.52   -0.462878  0.00207035
        3802        -0.6   -0.462914  0.00207012
        3803        -0.6    -0.46295  0.00206989
        3804       -0.52   -0.462965   0.0020694
        3805       -0.44   -0.462959  0.00206886
        3806       -0.52   -0.462974  0.00206837
        3807       -0.44   -0.462968  0.00206784
        3808       -0.52   -0.462983  0.00206735
        3809       -0.52   -0.462998  0.00206686
        3810       -0.44   -0.462992  0.00206633
        3811       -0.36   -0.462965  0.00206596
        3812        -0.2   -0.462896  0.00206657
        3813       -0.52   -0.462911  0.00206608
        3814       -0.44   -0.462905  0.00206555
        3815       -0.44   -0.462899  0.00206502
        3816       -0.68   -0.462956  0.00206526
        3817       -0.44    -0.46295  0.00206473
        3818       -0.52   -0.462965  0.00206424
        3819        -0.6   -0.463001  0.00206401
        3820       -0.68   -0.463058  0.00206425
        3821       -0.52   -0.463072  0.00206377
        3822       -0.52   -0.463087  0.00206328
        3823       -0.36    -0.46306  0.00206292
        3824       -0.52   -0.463075  0.00206243
        3825       -0.68   -0.463132  0.00206267
        3826        -0.6   -0.463168  0.00206244
        3827        -0.6   -0.463204  0.00206221
        3828       -0.52   -0.463218  0.00206173
        3829       -0.44   -0.463212   0.0020612
        3830        -0.6   -0.463248  0.00206097
        3831       -0.52   -0.463263  0.00206049
        3832       -0.44   -0.463257  0.00205996
        3833       -0.68   -0.463313   0.0020602
        3834        -0.6   -0.463349  0.00205997
        3835       -0.52   -0.463364  0.00205948
        3836       -0.36   -0.463337  0.00205912
        3837       -0.28   -0.463289  0.00205914
        3838        -0.6   -0.463325  0.00205891
        3839       -0.44   -0.463319  0.00205838
        3840       -0.44   -0.463312  0.00205786
        3841       -0.28   -0.463265  0.00205787
        3842       -0.52    -0.46328  0.00205739
        3843       -0.44   -0.463273  0.00205686
        3844       -0.44   -0.463267  0.00205634
        3845       -0.28    -0.46322  0.00205636
        3846       -0.52   -0.463235  0.00205587
        3847       -0.44   -0.463228  0.00205535
        3848       -0.52   -0.463243  0.00205487
        3849       -0.28   -0.463196  0.00205489
        3850       -0.36   -0.463169  0.00205453
        3851       -0.36   -0.463142  0.00205417
        3852       -0.36   -0.463115  0.00205381
        3853       -0.44   -0.463109  0.00205328
        3854       -0.36   -0.463083  0.00205293
        3855       -0.52   -0.463097  0.00205245
        3856       -0.52   -0.463112  0.00205197
        3857       -0.36   -0.463085  0.00205161
        3858       -0.52     -0.4631  0.00205113
        3859       -0.52   -0.463115  0.00205065
        3860       -0.36   -0.463088  0.00205029
        3861       -0.28   -0.463041  0.00205031
        3862       -0.44   -0.463035  0.00204979
        3863       -0.44   -0.463029  0.00204927
        3864       -0.36   -0.463002  0.00204891
        3865       -0.52   -0.463017  0.00204843
        3866        -0.6   -0.463052  0.00204821
        3867       -0.44   -0.463046  0.00204769
        3868       -0.44    -0.46304  0.00204717
        3869        -0.6   -0.463076  0.00204695
        3870        -0.6   -0.463111  0.00204672
        3871       -0.36   -0.463084  0.00204637
        3872       -0.36   -0.463058  0.00204601
        3873       -0.36   -0.463031  0.00204566
        3874       -0.44   -0.463025  0.00204514
        3875       -0.68   -0.463081  0.00204538
        3876       -0.68   -0.463137  0.00204561
        3877       -0.28    -0.46309  0.00204563
        3878       -0.44   -0.463084  0.00204511
        3879       -0.36   -0.463057  0.00204476
        3880       -0.28    -0.46301  0.00204478
        3881       -0.28   -0.462963  0.00204479
        3882       -0.36   -0.462937  0.00204444
        3883       -0.36    -0.46291  0.00204408
        3884       -0.52   -0.462925  0.00204361
        3885       -0.68   -0.462981  0.00204385
        3886       -0.28   -0.462934  0.00204386
        3887       -0.52   -0.462948  0.00204339
        3888       -0.44   -0.462942  0.00204287
        3889       -0.44   -0.462936  0.00204236
        3890        -0.6   -0.462972  0.00204214
        3891       -0.36   -0.462945  0.00204178
        3892       -0.68   -0.463001  0.00204202
        3893       -0.68   -0.463057  0.00204225
        3894       -0.76   -0.463133  0.00204315
        3895       -0.68   -0.463189  0.00204339
        3896       -0.28   -0.463142   0.0020434
        3897       -0.44   -0.463136  0.00204289
        3898       -0.52    -0.46315  0.00204242
        3899       -0.36   -0.463124  0.00204206
        3900       -0.52   -0.463138  0.00204159
        3901        -0.6   -0.463174  0.00204137
        3902       -0.44   -0.463168  0.00204086
        3903       -0.36   -0.463141   0.0020405
        3904       -0.44   -0.463135  0.00203999
        3905        -0.6    -0.46317  0.00203977
        3906       -0.44   -0.463164  0.00203926
        3907       -0.28   -0.463117  0.00203927
        3908       -0.28   -0.463071  0.00203929
        3909       -0.36   -0.463044  0.00203894
        3910       -0.52   -0.463059  0.00203847
        3911       -0.36   -0.463032  0.00203812
        3912       -0.36   -0.463006  0.00203777
        3913       -0.36    -0.46298  0.00203742
        3914       -0.44   -0.462974   0.0020369
        3915       -0.52   -0.462989  0.00203643
        3916       -0.52   -0.463003  0.00203597
        3917       -0.52   -0.463018   0.0020355
        3918       -0.44   -0.463012  0.00203499
        3919       -0.68   -0.463067  0.00203522
        3920        -0.6   -0.463102    0.002035
        3921       -0.36   -0.463076  0.00203465
        3922       -0.44    -0.46307  0.00203414
        3923        -0.2   -0.463003  0.00203473
        3924       -0.52   -0.463017  0.00203426
        3925       -0.52   -0.463032   0.0020338
        3926       -0.68   -0.463087  0.00203403
        3927       -0.68   -0.463142  0.00203426
        3928       -0.52   -0.463157  0.00203379
        3929       -0.36   -0.463131  0.00203345
        3930       -0.44   -0.463125  0.00203294
        3931       -0.44   -0.463119  0.00203243
        3932       -0.44   -0.463113  0.00203192
        3933        -0.6   -0.463148   0.0020317
        3934       -0.52   -0.463162  0.00203124
        3935       -0.52   -0.463177  0.00203077
        3936       -0.44   -0.463171  0.00203026
        3937       -0.36   -0.463145  0.00202992
        3938       -0.52   -0.463159  0.00202945
        3939       -0.44   -0.463153  0.00202895
        3940       -0.44   -0.463147  0.00202844
        3941       -0.52   -0.463162  0.00202798
        3942       -0.44   -0.463156  0.00202747
        3943       -0.44    -0.46315  0.00202697
        3944       -0.52   -0.463164   0.0020265
        3945       -0.04   -0.463057  0.00202883
        3946       -0.52   -0.463071  0.00202836
        3947       -0.52   -0.463086   0.0020279
        3948       -0.52     -0.4631  0.00202744
        3949       -0.52   -0.463115  0.00202698
        3950       -0.52   -0.463129  0.00202651
        3951       -0.28   -0.463083  0.00202653
        3952        -0.2   -0.463016  0.00202711
        3953        -0.6   -0.463051   0.0020269
        3954        -0.6   -0.463085  0.00202668
        3955       -0.52     -0.4631  0.00202622
        3956       -0.36   -0.463074  0.00202587
        3957       -0.44   -0.463068  0.00202537
        3958       -0.44   -0.463062  0.00202487
        3959        -0.6   -0.463097  0.00202465
        3960        -0.6   -0.463131  0.00202443
        3961       -0.44   -0.463125  0.00202393
        3962       -0.36   -0.463099  0.00202359
        3963       -0.36   -0.463073  0.00202324
        3964       -0.36   -0.463047   0.0020229
        3965        -0.6   -0.463082  0.00202269
        3966       -0.44   -0.463076  0.00202218
        3967       -0.44    -0.46307  0.00202168
        3968       -0.28   -0.463024   0.0020217
        3969       -0.36   -0.462998  0.00202136
        3970       -0.52   -0.463013   0.0020209
        3971       -0.36   -0.462987  0.00202056
        3972       -0.44   -0.462981  0.00202006
        3973       -0.36   -0.462955  0.00201971
        3974        -0.6   -0.462989   0.0020195
        3975       -0.68   -0.463044  0.00201973
        3976        -0.6   -0.463078  0.00201951
        3977       -0.44   -0.463073  0.00201902
        3978       -0.28   -0.463027  0.00201903
        3979       -0.36   -0.463001  0.00201869
        3980       -0.52   -0.463015  0.00201823
        3981        -0.6   -0.463049  0.00201802
        3982        -0.6   -0.463084  0.00201781
        3983        -0.6   -0.463118  0.00201759
        3984       -0.68   -0.463173  0.00201782
        3985       -0.28   -0.463127  0.00201784
        3986       -0.44   -0.463121  0.00201734
        3987       -0.44   -0.463115  0.00201684
        3988       -0.52   -0.463129  0.00201639
        3989       -0.36   -0.463104  0.00201605
        3990        -0.6   -0.463138  0.00201583
        3991       -0.68   -0.463192  0.00201606
        3992       -0.68   -0.463246  0.00201629
        3993       -0.52   -0.463261  0.00201583
        3994       -0.52   -0.463275  0.00201538
        3995       -0.36   -0.463249  0.00201504
        3996       -0.28   -0.463203  0.00201506
        3997       -0.12   -0.463117  0.00201638
        3998       -0.44   -0.463112  0.00201589
        3999       -0.28   -0.463066   0.0020159
        4000       -0.68    -0.46312  0.00201613
        4001       -0.52   -0.463134  0.00201567
        4002       -0.36   -0.463108  0.00201533
        4003       -0.44   -0.463103  0.00201484
        4004       -0.44   -0.463097  0.00201434
        4005       -0.52   -0.463111  0.00201389
        4006       -0.28   -0.463065  0.00201391
        4007       -0.36    -0.46304  0.00201357
        4008        -0.6   -0.463074  0.00201336
        4009        -0.2   -0.463008  0.00201392
        4010       -0.36   -0.462983  0.00201358
        4011       -0.36   -0.462957  0.00201325
        4012       -0.36   -0.462931  0.00201291
        4013       -0.44   -0.462925  0.00201241
        4014        -0.2    -0.46286  0.00201298
        4015        -0.2   -0.462795  0.00201354
        4016        -0.6   -0.462829  0.00201333
        4017       -0.68   -0.462883  0.00201355
        4018       -0.68   -0.462937  0.00201378
        4019       -0.76   -0.463011  0.00201463
        4020       -0.68   -0.463065  0.00201486
        4021        -0.6   -0.463099  0.00201464
        4022       -0.52   -0.463113  0.00201419
        4023       -0.44   -0.463107   0.0020137
        4024       -0.28   -0.463062  0.00201371
        4025       -0.52   -0.463076  0.00201326
        4026        -0.6    -0.46311  0.00201305
        4027       -0.44   -0.463104  0.00201256
        4028       -0.28   -0.463059  0.00201257
        4029       -0.36   -0.463033  0.00201223
        4030       -0.28   -0.462988  0.00201225
        4031       -0.28   -0.462942  0.00201226
        4032       -0.36   -0.462917  0.00201192
        4033       -0.44   -0.462911  0.00201143
        4034       -0.44   -0.462905  0.00201094
        4035       -0.44     -0.4629  0.00201045
        4036        -0.6   -0.462934  0.00201024
        4037        -0.6   -0.462968  0.00201003
        4038       -0.36   -0.462942  0.00200969
        4039       -0.44   -0.462936   0.0020092
        4040       -0.36   -0.462911  0.00200887
        4041       -0.52   -0.462925  0.00200842
        4042       -0.44   -0.462919  0.00200793
        4043       -0.36   -0.462894   0.0020076
        4044       -0.44   -0.462888  0.00200711
        4045       -0.28   -0.462843  0.00200712
        4046       -0.36   -0.462818  0.00200678
        4047       -0.52   -0.462832  0.00200634
        4048       -0.44   -0.462826  0.00200585
        4049       -0.52    -0.46284  0.00200541
        4050       -0.44   -0.462835  0.00200492
        4051       -0.52   -0.462849  0.00200447
        4052       -0.44   -0.462843  0.00200399
        4053       -0.44   -0.462837   0.0020035
        4054       -0.68   -0.462891  0.00200372
        4055       -0.52   -0.462905  0.00200328
        4056        -0.6   -0.462939  0.00200307
        4057        -0.6   -0.462973  0.00200286
        4058       -0.44   -0.462967  0.00200237
        4059       -0.28   -0.462922  0.00200239
        4060       -0.44   -0.462916   0.0020019
        4061       -0.44   -0.462911  0.00200142
        4062       -0.44   -0.462905  0.00200093
        4063       -0.52   -0.462919  0.00200049
        4064       -0.52   -0.462933  0.00200005
        4065       -0.36   -0.462908  0.00199971
        4066       -0.44   -0.462902  0.00199923
        4067       -0.68   -0.462955  0.00199945
        4068       -0.52    -0.46297  0.00199901
        4069        -0.6   -0.463003   0.0019988
        4070        -0.6   -0.463037  0.00199859
        4071       -0.28   -0.462992  0.00199861
        4072       -0.28   -0.462947  0.00199862
        4073       -0.52   -0.462961  0.00199818
        4074       -0.36   -0.462936  0.00199785
        4075       -0.44    -0.46293  0.00199737
        4076       -0.28   -0.462885  0.00199738
        4077       -0.52   -0.462899  0.00199694
        4078       -0.68   -0.462952  0.00199716
        4079       -0.52   -0.462966  0.00199672
        4080       -0.36   -0.462941  0.00199639
        4081        -0.6   -0.462975  0.00199618
        4082       -0.36    -0.46295  0.00199585
        4083       -0.44   -0.462944  0.00199537
        4084        -0.6   -0.462977  0.00199517
        4085       -0.44   -0.462972  0.00199469
        4086       -0.44   -0.462966  0.00199421
        4087       -0.36   -0.462941  0.00199388
        4088       -0.44   -0.462935   0.0019934
        4089       -0.68   -0.462989  0.00199362
        4090       -0.76   -0.463061  0.00199445
        4091        -0.6   -0.463095  0.00199425
        4092       -0.44   -0.463089  0.00199377
        4093        -0.2   -0.463025  0.00199431
        4094       -0.68   -0.463078  0.00199453
        4095       -0.44   -0.463072  0.00199405
        4096       -0.44   -0.463066  0.00199357
        4097        -0.6     -0.4631  0.00199337
        4098       -0.36   -0.463075  0.00199304
        4099       -0.44   -0.463069  0.00199256
        4100       -0.28   -0.463024  0.00199258
        4101       -0.52   -0.463038  0.00199214
        4102       -0.28   -0.462994  0.00199215
        4103        -0.6   -0.463027  0.00199195
        4104       -0.44   -0.463021  0.00199147
        4105       -0.68   -0.463074  0.00199169
        4106       -0.68   -0.463127   0.0019919
        4107        -0.6    -0.46316  0.00199169
        4108        -0.6   -0.463194  0.00199149
        4109       -0.68   -0.463247   0.0019917
        4110        -0.6    -0.46328   0.0019915
        4111        -0.2   -0.463216  0.00199204
        4112       -0.44    -0.46321  0.00199156
        4113       -0.44   -0.463204  0.00199109
        4114       -0.36   -0.463179  0.00199076
        4115       -0.28   -0.463135  0.00199078
        4116       -0.36    -0.46311  0.00199045
        4117       -0.52   -0.463124  0.00199001
        4118       -0.28   -0.463079  0.00199003
        4119       -0.52   -0.463093  0.00198959
        4120       -0.52   -0.463107  0.00198916
        4121       -0.44   -0.463101  0.00198868
        4122       -0.36   -0.463076  0.00198836
        4123       -0.44   -0.463071  0.00198788
        4124       -0.52   -0.463084  0.00198745
        4125       -0.52   -0.463098  0.00198702
        4126        -0.6   -0.463131  0.00198681
        4127        -0.6   -0.463165  0.00198661
        4128       -0.68   -0.463217  0.00198682
        4129       -0.52   -0.463231  0.00198639
        4130       -0.52   -0.463245  0.00198595
        4131        -0.6   -0.463278  0.00198575
        4132       -0.52   -0.463291  0.00198531
        4133       -0.44   -0.463286  0.00198484
        4134       -0.44    -0.46328  0.00198437
        4135       -0.44   -0.463274   0.0019839
        4136       -0.44   -0.463269  0.00198343
        4137        -0.6   -0.463302  0.00198322
        4138       -0.68   -0.463354  0.00198343
        4139       -0.52   -0.463368    0.001983
        4140       -0.44   -0.463362  0.00198253
        4141        -0.6   -0.463395  0.00198233
        4142       -0.44    -0.46339  0.00198186
        4143       -0.44   -0.463384  0.00198139
        4144       -0.52   -0.463398  0.00198096
        4145       -0.36   -0.463373  0.00198063
        4146       -0.28   -0.463329  0.00198065
        4147       -0.68   -0.463381  0.00198086
        4148       -0.44   -0.463375  0.00198039
        4149       -0.44   -0.463369  0.00197992
        4150       -0.44   -0.463364  0.00197945
        4151       -0.44   -0.463358  0.00197898
        4152       -0.52   -0.463372  0.00197856
        4153        -0.6   -0.463405  0.00197835
        4154       -0.36    -0.46338  0.00197803
        4155       -0.44   -0.463374  0.00197756
        4156       -0.52   -0.463388  0.00197714
        4157        -0.6   -0.463421  0.00197693
        4158       -0.52   -0.463434   0.0019765
        4159       -0.52   -0.463448  0.00197608
        4160       -0.28   -0.463404  0.00197609
        4161       -0.28    -0.46336  0.00197611
        4162       -0.44   -0.463354  0.00197564
        4163       -0.44   -0.463349  0.00197518
        4164       -0.52   -0.463362  0.00197475
        4165       -0.44   -0.463357  0.00197428
        4166       -0.44   -0.463351  0.00197382
        4167        -0.6   -0.463384  0.00197362
        4168        -0.6   -0.463417  0.00197341
        4169       -0.68   -0.463468  0.00197362
        4170       -0.44   -0.463463  0.00197316
        4171        -0.6   -0.463496  0.00197296
        4172       -0.44    -0.46349  0.00197249
        4173       -0.52   -0.463503  0.00197207
        4174       -0.52   -0.463517  0.00197164
        4175       -0.36   -0.463492  0.00197132
        4176       -0.44   -0.463487  0.00197086
        4177       -0.44   -0.463481   0.0019704
        4178       -0.52   -0.463494  0.00196997
        4179       -0.52   -0.463508  0.00196955
        4180       -0.44   -0.463502  0.00196908
        4181       -0.36   -0.463478  0.00196877
        4182       -0.52   -0.463491  0.00196834
        4183       -0.52   -0.463505  0.00196792
        4184       -0.36    -0.46348   0.0019676
        4185       -0.68   -0.463532  0.00196781
        4186       -0.36   -0.463507   0.0019675
        4187        -0.2   -0.463444  0.00196804
        4188       -0.28     -0.4634  0.00196805
        4189       -0.36   -0.463376  0.00196774
        4190        -0.6   -0.463408  0.00196754
        4191       -0.44   -0.463403  0.00196708
        4192       -0.44   -0.463397  0.00196662
        4193        -0.6    -0.46343  0.00196642
        4194        -0.6   -0.463462  0.00196622
        4195       -0.28   -0.463418  0.00196624
        4196       -0.28   -0.463375  0.00196625
        4197       -0.36    -0.46335  0.00196594
        4198        -0.6   -0.463383  0.00196574
        4199       -0.52   -0.463396  0.00196532
        4200       -0.44    -0.46339  0.00196486
        4201       -0.44   -0.463385   0.0019644
        4202       -0.44   -0.463379  0.00196394
        4203        -0.6   -0.463412  0.00196374
        4204        -0.6   -0.463444  0.00196354
        4205        -0.6   -0.463477  0.00196334
        4206       -0.44   -0.463471  0.00196288
        4207       -0.28   -0.463428   0.0019629
        4208       -0.44   -0.463422  0.00196244
        4209       -0.28   -0.463378  0.00196246
        4210       -0.52   -0.463392  0.00196204
        4211       -0.44   -0.463386  0.00196158
        4212       -0.44   -0.463381  0.00196112
        4213       -0.44   -0.463375  0.00196067
        4214       -0.44    -0.46337  0.00196021
        4215       -0.28   -0.463326  0.00196023
        4216       -0.52    -0.46334  0.00195981
        4217       -0.52   -0.463353  0.00195939
        4218       -0.52   -0.463367  0.00195897
        4219        -0.6   -0.463399  0.00195877
        4220       -0.36   -0.463374  0.00195846
        4221        -0.2   -0.463312  0.00195899
        4222       -0.52   -0.463325  0.00195858
        4223       -0.52   -0.463339  0.00195816
        4224       -0.44   -0.463333   0.0019577
        4225        -0.6   -0.463366  0.00195751
        4226       -0.68   -0.463417  0.00195771
        4227        -0.6   -0.463449  0.00195752
        4228        -0.6   -0.463482  0.00195732
        4229       -0.52   -0.463495   0.0019569
        4230       -0.68   -0.463546  0.00195711
        4231       -0.44   -0.463541  0.00195666
        4232       -0.44   -0.463535   0.0019562
        4233       -0.36   -0.463511  0.00195589
        4234       -0.52   -0.463524  0.00195548
        4235       -0.44   -0.463518  0.00195502
        4236       -0.52   -0.463532  0.00195461
        4237       -0.52   -0.463545  0.00195419
        4238       -0.36   -0.463521  0.00195388
        4239       -0.52   -0.463534  0.00195347
        4240       -0.44   -0.463528  0.00195301
        4241       -0.36   -0.463504   0.0019527
        4242       -0.28   -0.463461  0.00195272
        4243       -0.44   -0.463455  0.00195227
        4244       -0.44    -0.46345  0.00195182
        4245       -0.52   -0.463463   0.0019514
        4246       -0.36   -0.463439   0.0019511
        4247       -0.28   -0.463395  0.00195112
        4248        -0.6   -0.463427  0.00195092
        4249       -0.44   -0.463422  0.00195047
        4250       -0.36   -0.463398  0.00195016
        4251       -0.36   -0.463373  0.00194986
        4252        -0.2   -0.463311  0.00195038
        4253       -0.44   -0.463306  0.00194993
        4254       -0.52   -0.463319  0.00194952
        4255       -0.44   -0.463314  0.00194907
        4256       -0.28   -0.463271  0.00194908
        4257       -0.36   -0.463246  0.00194878
        4258        -0.6   -0.463279  0.00194858
        4259       -0.36   -0.463254  0.00194828
        4260       -0.36    -0.46323  0.00194797
        4261        -0.2   -0.463168  0.00194849
        4262       -0.36   -0.463144  0.00194819
        4263       -0.44   -0.463139  0.00194774
        4264       -0.28   -0.463096  0.00194775
        4265        -0.2   -0.463034  0.00194827
        4266       -0.52   -0.463047  0.00194786
        4267       -0.36   -0.463023  0.00194756
        4268       -0.36   -0.462999  0.00194725
        4269       -0.36   -0.462975  0.00194694
        4270       -0.28   -0.462932  0.00194696
        4271       -0.44   -0.462927  0.00194651
        4272       -0.36   -0.462903   0.0019462
        4273       -0.28    -0.46286  0.00194622
        4274       -0.52   -0.462873  0.00194581
        4275        -0.6   -0.462905  0.00194562
        4276       -0.52   -0.462919  0.00194521
        4277       -0.68   -0.462969  0.00194542
        4278       -0.44   -0.462964  0.00194497
        4279       -0.44   -0.462959  0.00194452
        4280       -0.44   -0.462953  0.00194408
        4281       -0.52   -0.462967  0.00194367
        4282       -0.28   -0.462924  0.00194368
        4283       -0.36     -0.4629  0.00194338
        4284       -0.28   -0.462857  0.00194339
        4285       -0.28   -0.462814  0.00194341
        4286        -0.6   -0.462846  0.00194322
        4287       -0.52    -0.46286  0.00194281
        4288       -0.52   -0.462873   0.0019424
        4289       -0.28    -0.46283  0.00194242
        4290       -0.28   -0.462788  0.00194243
        4291       -0.36   -0.462764  0.00194213
        4292       -0.52   -0.462777  0.00194172
        4293        -0.6   -0.462809  0.00194153
        4294       -0.52   -0.462823  0.00194112
        4295       -0.28    -0.46278  0.00194114
        4296       -0.44   -0.462775  0.00194069
        4297       -0.36   -0.462751  0.00194039
        4298       -0.44   -0.462745  0.00193995
        4299       -0.36   -0.462722  0.00193964
        4300       -0.28   -0.462679  0.00193966
        4301       -0.36   -0.462655  0.00193935
        4302       -0.44    -0.46265  0.00193891
        4303       -0.52   -0.462663   0.0019385
        4304       -0.36   -0.462639   0.0019382
        4305       -0.52   -0.462653   0.0019378
        4306       -0.52   -0.462666  0.00193739
        4307       -0.36   -0.462642  0.00193709
        4308       -0.52   -0.462656  0.00193668
        4309       -0.52   -0.462669  0.00193628
        4310       -0.52   -0.462682  0.00193588
        4311       -0.44   -0.462677  0.00193544
        4312       -0.28   -0.462635  0.00193545
        4313       -0.68   -0.462685  0.00193566
        4314       -0.44    -0.46268  0.00193522
        4315        -0.6   -0.462711  0.00193503
        4316       -0.52   -0.462725  0.00193463
        4317       -0.52   -0.462738  0.00193422
        4318       -0.52   -0.462751  0.00193382
        4319       -0.52   -0.462765  0.00193342
        4320       -0.36   -0.462741  0.00193312
        4321       -0.44   -0.462735  0.00193268
        4322       -0.52   -0.462749  0.00193228
        4323       -0.52   -0.462762  0.00193187
        4324       -0.28    -0.46272  0.00193189
        4325       -0.52   -0.462733  0.00193149
        4326       -0.52   -0.462746  0.00193109
        4327       -0.52   -0.462759  0.00193069
        4328       -0.52   -0.462773  0.00193029
        4329       -0.52   -0.462786  0.00192988
        4330       -0.28   -0.462744   0.0019299
        4331       -0.52   -0.462757   0.0019295
        4332        -0.2   -0.462696  0.00193001
        4333       -0.68   -0.462746  0.00193021
        4334       -0.52    -0.46276  0.00192981
        4335       -0.52   -0.462773  0.00192941
        4336       -0.36   -0.462749  0.00192911
        4337       -0.12    -0.46267  0.00193029
        4338       -0.36   -0.462646  0.00192999
        4339       -0.68   -0.462696  0.00193019
        4340       -0.52    -0.46271  0.00192979
        4341       -0.44   -0.462704  0.00192936
        4342       -0.44   -0.462699  0.00192892
        4343       -0.52   -0.462712  0.00192852
        4344       -0.68   -0.462762  0.00192872
        4345       -0.52   -0.462776  0.00192833
        4346        -0.6   -0.462807  0.00192814
        4347       -0.28   -0.462765  0.00192816
        4348       -0.28   -0.462723  0.00192817
        4349       -0.44   -0.462718  0.00192773
        4350       -0.52   -0.462731  0.00192734
        4351       -0.44   -0.462726   0.0019269
        4352       -0.52   -0.462739   0.0019265
        4353       -0.44   -0.462734  0.00192607
        4354       -0.36    -0.46271  0.00192577
        4355       -0.44   -0.462705  0.00192533
        4356       -0.52   -0.462718  0.00192494
        4357       -0.52   -0.462731  0.00192454
        4358       -0.68   -0.462781  0.00192474
        4359       -0.68   -0.462831  0.00192495
        4360       -0.44   -0.462826  0.00192451
        4361       -0.28   -0.462784  0.00192453
        4362       -0.52   -0.462797  0.00192413
        4363        -0.6   -0.462828  0.00192395
        4364       -0.28   -0.462786  0.00192396
        4365       -0.36   -0.462763  0.00192367
        4366       -0.36   -0.462739  0.00192337
        4367       -0.44   -0.462734  0.00192294
        4368       -0.36   -0.462711  0.00192264
        4369       -0.44   -0.462705  0.00192221
        4370        -0.6   -0.462737  0.00192202
        4371       -0.52    -0.46275  0.00192163
        4372       -0.68     -0.4628  0.00192183
        4373       -0.44   -0.462794   0.0019214
        4374       -0.12   -0.462716  0.00192256
        4375       -0.44   -0.462711  0.00192212
        4376       -0.52   -0.462724  0.00192173
        4377       -0.52   -0.462737  0.00192134
        4378       -0.52    -0.46275  0.00192094
        4379       -0.52   -0.462763  0.00192055
        4380       -0.36    -0.46274  0.00192025
        4381       -0.76   -0.462808  0.00192101
        4382       -0.52   -0.462821  0.00192062
        4383       -0.68    -0.46287  0.00192082
        4384       -0.52   -0.462883  0.00192042
        4385        -0.6   -0.462914  0.00192024
        4386       -0.36   -0.462891  0.00191995
        4387       -0.28   -0.462849  0.00191996
        4388       -0.44   -0.462844  0.00191953
        4389       -0.52   -0.462857  0.00191914
        4390        -0.6   -0.462888  0.00191896
        4391       -0.44   -0.462883  0.00191853
        4392       -0.52   -0.462896  0.00191813
        4393       -0.36   -0.462873  0.00191784
        4394        -0.2   -0.462813  0.00191834
        4395       -0.36    -0.46279  0.00191804
        4396       -0.52   -0.462803  0.00191765
        4397       -0.68   -0.462852  0.00191785
        4398       -0.44   -0.462847  0.00191742
        4399       -0.28   -0.462805  0.00191743
        4400       -0.36   -0.462782  0.00191714
        4401       -0.28    -0.46274  0.00191716
        4402       -0.36   -0.462717  0.00191686
        4403       -0.52    -0.46273  0.00191647
        4404       -0.76   -0.462797  0.00191722
        4405       -0.84   -0.462883   0.0019187
        4406       -0.44   -0.462878  0.00191827
        4407       -0.36   -0.462855  0.00191798
        4408        -0.6   -0.462886   0.0019178
        4409        -0.6   -0.462917  0.00191761
        4410        -0.6   -0.462948  0.00191743
        4411        -0.6   -0.462979  0.00191725
        4412       -0.44   -0.462974  0.00191682
        4413       -0.44   -0.462969  0.00191639
        4414       -0.44   -0.462963  0.00191597
        4415       -0.28   -0.462922  0.00191598
        4416       -0.44   -0.462917  0.00191555
        4417       -0.44   -0.462911  0.00191513
        4418       -0.44   -0.462906   0.0019147
        4419       -0.52   -0.462919  0.00191431
        4420       -0.28   -0.462878  0.00191432
        4421       -0.36   -0.462855  0.00191403
        4422       -0.52   -0.462867  0.00191364
        4423       -0.44   -0.462862  0.00191322
        4424       -0.44   -0.462857  0.00191279
        4425       -0.52    -0.46287   0.0019124
        4426       -0.52   -0.462883  0.00191201
        4427       -0.52   -0.462896  0.00191163
        4428        -0.6   -0.462927  0.00191145
        4429       -0.44   -0.462922  0.00191102
        4430       -0.68   -0.462971  0.00191122
        4431       -0.44   -0.462965  0.00191079
        4432       -0.36   -0.462942   0.0019105
        4433       -0.36   -0.462919  0.00191021
        4434       -0.68   -0.462968  0.00191041
        4435       -0.36   -0.462945  0.00191012
        4436       -0.44    -0.46294   0.0019097
        4437       -0.52   -0.462952  0.00190931
        4438       -0.52   -0.462965  0.00190892
        4439       -0.52   -0.462978  0.00190854
        4440       -0.52   -0.462991  0.00190815
        4441       -0.28    -0.46295  0.00190816
        4442       -0.52   -0.462963  0.00190778
        4443       -0.52   -0.462975  0.00190739
        4444        -0.6   -0.463006  0.00190721
        4445       -0.44   -0.463001  0.00190679
        4446       -0.28    -0.46296  0.00190681
        4447       -0.28   -0.462919  0.00190682
        4448       -0.52   -0.462932  0.00190643
        4449       -0.44   -0.462927  0.00190601
        4450       -0.44   -0.462921  0.00190559
        4451       -0.28    -0.46288  0.00190561
        4452       -0.36   -0.462857  0.00190532
        4453        -0.6   -0.462888  0.00190514
        4454        -0.6   -0.462919  0.00190496
        4455       -0.36   -0.462896  0.00190467
        4456       -0.44    -0.46289  0.00190425
        4457       -0.44   -0.462885  0.00190383
        4458       -0.52   -0.462898  0.00190345
        4459       -0.52   -0.462911  0.00190306
        4460       -0.44   -0.462906  0.00190264
        4461       -0.52   -0.462919  0.00190226
        4462       -0.44   -0.462913  0.00190184
        4463       -0.52   -0.462926  0.00190146
        4464       -0.52   -0.462939  0.00190108
        4465       -0.68   -0.462988  0.00190127
        4466        -0.6   -0.463018  0.00190109
        4467        -0.2   -0.462959  0.00190158
        4468       -0.12   -0.462883   0.0019027
        4469       -0.44   -0.462878  0.00190228
        4470        -0.6   -0.462908  0.00190211
        4471       -0.44   -0.462903  0.00190169
        4472       -0.28   -0.462862   0.0019017
        4473       -0.36   -0.462839  0.00190142
        4474       -0.36   -0.462816  0.00190113
        4475       -0.68   -0.462865  0.00190132
        4476       -0.44    -0.46286  0.00190091
        4477       -0.52   -0.462872  0.00190052
        4478       -0.52   -0.462885  0.00190014
        4479       -0.44    -0.46288  0.00189973
        4480       -0.44   -0.462875  0.00189931
        4481       -0.44    -0.46287  0.00189889
        4482       -0.28   -0.462829  0.00189891
        4483       -0.44   -0.462824  0.00189849
        4484       -0.44   -0.462819  0.00189807
        4485       -0.44   -0.462814  0.00189766
        4486       -0.52   -0.462827  0.00189728
        4487       -0.28   -0.462786  0.00189729
        4488       -0.44   -0.462781  0.00189687
        4489       -0.44   -0.462776  0.00189646
        4490        -0.2   -0.462717  0.00189694
        4491       -0.44   -0.462712  0.00189652
        4492        -0.6   -0.462743  0.00189635
        4493       -0.44   -0.462738  0.00189593
        4494       -0.68   -0.462786  0.00189613
        4495       -0.36   -0.462763  0.00189584
        4496       -0.52   -0.462776  0.00189546
        4497       -0.52   -0.462789  0.00189508
        4498       -0.36   -0.462766   0.0018948
        4499       -0.36   -0.462743  0.00189452
        4500       -0.52   -0.462756  0.00189414
        4501       -0.44    -0.46275  0.00189373
        4502        -0.6   -0.462781  0.00189355
        4503       -0.28    -0.46274  0.00189356
        4504       -0.28     -0.4627  0.00189358
        4505       -0.36   -0.462677   0.0018933
        4506       -0.36   -0.462654  0.00189301
        4507       -0.44   -0.462649   0.0018926
        4508       -0.36   -0.462626  0.00189232
        4509       -0.52   -0.462639  0.00189194
        4510        -0.2   -0.462581  0.00189242
        4511       -0.36   -0.462558  0.00189213
        4512       -0.68   -0.462606  0.00189233
        4513       -0.68   -0.462655  0.00189252
        4514       -0.52   -0.462667  0.00189214
        4515        -0.6   -0.462698  0.00189197
        4516        -0.6   -0.462728   0.0018918
        4517       -0.44   -0.462723  0.00189138
        4518        -0.6   -0.462753  0.00189121
        4519       -0.36   -0.462731  0.00189093
        4520       -0.68   -0.462779  0.00189112
        4521       -0.52   -0.462791  0.00189074
        4522       -0.28   -0.462751  0.00189076
        4523       -0.44   -0.462746  0.00189035
        4524       -0.44   -0.462741  0.00188993
        4525       -0.52   -0.462754  0.00188956
        4526        -0.6   -0.462784  0.00188939
        4527        -0.6   -0.462814  0.00188921
        4528       -0.52   -0.462827  0.00188884
        4529       -0.36   -0.462804  0.00188856
        4530       -0.44   -0.462799  0.00188815
        4531       -0.52   -0.462812  0.00188777
        4532       -0.44   -0.462807  0.00188736
        4533       -0.44   -0.462802  0.00188695
        4534       -0.28   -0.462761  0.00188697
        4535       -0.28   -0.462721  0.00188698
        4536       -0.28   -0.462681  0.00188699
        4537       -0.28   -0.462641  0.00188701
        4538       -0.28     -0.4626  0.00188702
        4539       -0.36   -0.462578  0.00188674
        4540       -0.44   -0.462573  0.00188633
        4541       -0.28   -0.462532  0.00188634
        4542       -0.44   -0.462528  0.00188594
        4543       -0.52    -0.46254  0.00188556
        4544       -0.28     -0.4625  0.00188558
        4545       -0.52   -0.462513   0.0018852
        4546       -0.44   -0.462508   0.0018848
        4547       -0.44   -0.462503  0.00188439
        4548       -0.36    -0.46248  0.00188411
        4549       -0.44   -0.462475   0.0018837
        4550       -0.44    -0.46247  0.00188329
        4551       -0.44   -0.462465  0.00188289
        4552        -0.6   -0.462496  0.00188271
        4553       -0.52   -0.462508  0.00188234
        4554       -0.36   -0.462486  0.00188206
        4555       -0.68   -0.462533  0.00188226
        4556       -0.36   -0.462511  0.00188198
        4557       -0.52   -0.462524  0.00188161
        4558       -0.36   -0.462501  0.00188133
        4559       -0.36   -0.462479  0.00188105
        4560       -0.36   -0.462456  0.00188077
        4561        -0.6   -0.462486   0.0018806
        4562        -0.6   -0.462516  0.00188043
        4563       -0.36   -0.462494  0.00188015
        4564        -0.6   -0.462524  0.00187998
        4565        -0.6   -0.462554  0.00187981
        4566       -0.28   -0.462514  0.00187983
        4567       -0.44   -0.462509  0.00187942
        4568       -0.52   -0.462522  0.00187905
        4569       -0.28   -0.462482  0.00187906
        4570       -0.44   -0.462477  0.00187866
        4571       -0.52    -0.46249  0.00187829
        4572       -0.44   -0.462485  0.00187789
        4573        -0.6   -0.462515  0.00187772
        4574        -0.6   -0.462545  0.00187755
        4575        -0.6   -0.462575  0.00187738
        4576       -0.68   -0.462622  0.00187757
        4577       -0.76   -0.462687  0.00187828
        4578       -0.44   -0.462682  0.00187788
        4579       -0.44   -0.462677  0.00187747
        4580        -0.6   -0.462707   0.0018773
        4581       -0.52    -0.46272  0.00187693
        4582        -0.6    -0.46275  0.00187676
        4583       -0.68   -0.462797  0.00187695
        4584       -0.52    -0.46281  0.00187659
        4585        -0.6    -0.46284  0.00187641
        4586        -0.6    -0.46287  0.00187624
        4587       -0.36   -0.462847  0.00187597
        4588       -0.36   -0.462825  0.00187569
        4589       -0.44    -0.46282  0.00187529
        4590       -0.44   -0.462815  0.00187489
        4591       -0.36   -0.462792  0.00187462
        4592       -0.44   -0.462787  0.00187421
        4593       -0.68   -0.462835   0.0018744
        4594       -0.44    -0.46283    0.001874
        4595        -0.6    -0.46286  0.00187383
        4596       -0.44   -0.462855  0.00187343
        4597       -0.44    -0.46285  0.00187303
        4598       -0.52   -0.462862  0.00187266
        4599       -0.44   -0.462857  0.00187226
        4600        -0.6   -0.462887  0.00187209
        4601       -0.52   -0.462899  0.00187173
        4602       -0.52   -0.462912  0.00187136
        4603       -0.52   -0.462924    0.001871
        4604       -0.68   -0.462971  0.00187118
        4605       -0.52   -0.462984  0.00187082
        4606       -0.52   -0.462996  0.00187045
        4607       -0.52   -0.463008  0.00187009
        4608       -0.44   -0.463003  0.00186969
        4609        -0.6   -0.463033  0.00186952
        4610       -0.36   -0.463011  0.00186925
        4611       -0.52   -0.463023  0.00186888
        4612       -0.44   -0.463018  0.00186848
        4613       -0.36   -0.462996  0.00186821
        4614       -0.52   -0.463008  0.00186785
        4615       -0.52   -0.463021  0.00186748
        4616       -0.44   -0.463016  0.00186709
        4617       -0.52   -0.463028  0.00186672
        4618       -0.52    -0.46304  0.00186636
        4619        -0.6    -0.46307  0.00186619
        4620       -0.68   -0.463117  0.00186638
        4621       -0.36   -0.463095  0.00186611
        4622       -0.52   -0.463107  0.00186574
        4623        -0.6   -0.463136  0.00186558
        4624       -0.36   -0.463114   0.0018653
        4625       -0.68   -0.463161  0.00186549
        4626       -0.68   -0.463208  0.00186568
        4627       -0.28   -0.463168  0.00186569
        4628       -0.36   -0.463146  0.00186542
        4629        -0.6   -0.463176  0.00186525
        4630       -0.52   -0.463188  0.00186489
        4631       -0.52     -0.4632  0.00186453
        4632       -0.44   -0.463195  0.00186413
        4633       -0.44    -0.46319  0.00186374
        4634       -0.44   -0.463185  0.00186334
        4635       -0.44    -0.46318  0.00186295
        4636       -0.68   -0.463227  0.00186313
        4637       -0.52   -0.463239  0.00186277
        4638        -0.6   -0.463269   0.0018626
        4639        -0.6   -0.463298  0.00186243
        4640       -0.36   -0.463276  0.00186217
        4641       -0.44   -0.463271  0.00186177
        4642       -0.36   -0.463249   0.0018615
        4643       -0.44   -0.463244  0.00186111
        4644       -0.52   -0.463256  0.00186075
        4645       -0.44   -0.463251  0.00186036
        4646       -0.28   -0.463211  0.00186037
        4647       -0.28   -0.463172  0.00186039
        4648       -0.36    -0.46315  0.00186012
        4649       -0.36   -0.463128  0.00185985
        4650       -0.28   -0.463088  0.00185987
        4651       -0.44   -0.463083  0.00185948
        4652       -0.52   -0.463095  0.00185912
        4653       -0.52   -0.463108  0.00185876
        4654       -0.68   -0.463154  0.00185894
        4655       -0.44   -0.463149  0.00185855
        4656       -0.36   -0.463127  0.00185828
        4657       -0.52   -0.463139  0.00185793
        4658       -0.28     -0.4631  0.00185794
        4659       -0.28   -0.463061  0.00185796
        4660        -0.6    -0.46309  0.00185779
        4661       -0.36   -0.463068  0.00185753
        4662        -0.6   -0.463097  0.00185736
        4663       -0.52    -0.46311    0.001857
        4664       -0.68   -0.463156  0.00185719
        4665       -0.52   -0.463168  0.00185683
        4666       -0.36   -0.463146  0.00185656
        4667        -0.2    -0.46309  0.00185702
        4668        -0.2   -0.463033  0.00185748
        4669       -0.52   -0.463046  0.00185712
        4670       -0.36   -0.463024  0.00185685
        4671        -0.6   -0.463053  0.00185669
        4672       -0.76   -0.463116  0.00185738
        4673        -0.6   -0.463146  0.00185721
        4674       -0.44   -0.463141  0.00185682
        4675        -0.6    -0.46317  0.00185665
        4676       -0.36   -0.463148  0.00185639
        4677        -0.6   -0.463177  0.00185622
        4678       -0.68   -0.463224   0.0018564
        4679       -0.52   -0.463236  0.00185605
        4680       -0.44   -0.463231  0.00185566
        4681       -0.36   -0.463209  0.00185539
        4682       -0.28    -0.46317  0.00185541
        4683       -0.44   -0.463165  0.00185502
        4684       -0.28   -0.463126  0.00185503
        4685       -0.44   -0.463121  0.00185464
        4686       -0.44   -0.463116  0.00185425
        4687        -0.6   -0.463145  0.00185409
        4688       -0.68   -0.463191  0.00185427
        4689        -0.6    -0.46322   0.0018541
        4690       -0.68   -0.463267  0.00185428
        4691       -0.52   -0.463279  0.00185393
        4692       -0.44   -0.463274  0.00185354
        4693       -0.36   -0.463252  0.00185328
        4694        -0.6   -0.463281  0.00185311
        4695       -0.52   -0.463293  0.00185275
        4696       -0.36   -0.463271  0.00185249
        4697       -0.36   -0.463249  0.00185223
        4698       -0.28    -0.46321  0.00185224
        4699       -0.36   -0.463188  0.00185198
        4700       -0.36   -0.463166  0.00185172
        4701       -0.12   -0.463093  0.00185276
        4702       -0.28   -0.463054  0.00185277
        4703       -0.28   -0.463015  0.00185279
        4704       -0.28   -0.462976   0.0018528
        4705       -0.28   -0.462937  0.00185282
        4706        -0.2   -0.462881  0.00185327
        4707       -0.44   -0.462877  0.00185288
        4708       -0.44   -0.462872  0.00185249
        4709        -0.6   -0.462901  0.00185233
        4710       -0.28   -0.462862  0.00185234
        4711        -0.6   -0.462891  0.00185218
        4712       -0.52   -0.462903  0.00185182
        4713       -0.52   -0.462915  0.00185147
        4714       -0.68   -0.462961  0.00185165
        4715        -0.6    -0.46299  0.00185149
        4716       -0.12   -0.462918  0.00185252
        4717       -0.44   -0.462913  0.00185213
        4718       -0.52   -0.462925  0.00185178
        4719       -0.52   -0.462937  0.00185143
        4720       -0.36   -0.462915  0.00185117
        4721       -0.52   -0.462927  0.00185081
        4722       -0.52   -0.462939  0.00185046
        4723       -0.52   -0.462952  0.00185011
        4724       -0.36    -0.46293  0.00184984
        4725       -0.52   -0.462942  0.00184949
        4726       -0.52   -0.462954  0.00184914
        4727       -0.28   -0.462915  0.00184915
        4728       -0.36   -0.462893  0.00184889
        4729       -0.52   -0.462905  0.00184854
        4730       -0.36   -0.462884  0.00184828
        4731       -0.52   -0.462896  0.00184793
        4732       -0.44   -0.462891  0.00184754
        4733       -0.28   -0.462852  0.00184756
        4734       -0.52   -0.462864   0.0018472
        4735       -0.44    -0.46286  0.00184682
        4736       -0.28   -0.462821  0.00184683
        4737       -0.28   -0.462782  0.00184685
        4738       -0.28   -0.462744  0.00184686
        4739        -0.2   -0.462688   0.0018473
        4740       -0.28    -0.46265  0.00184732
        4741       -0.36   -0.462628  0.00184705
        4742       -0.52    -0.46264   0.0018467
        4743       -0.36   -0.462619  0.00184644
        4744       -0.44   -0.462614  0.00184606
        4745       -0.52   -0.462626  0.00184571
        4746       -0.44   -0.462621  0.00184532
        4747       -0.44   -0.462616  0.00184494
        4748        -0.6   -0.462645  0.00184478
        4749       -0.44   -0.462641   0.0018444
        4750       -0.52   -0.462653  0.00184405
        4751       -0.44   -0.462648  0.00184367
        4752       -0.44   -0.462643  0.00184329
        4753       -0.28   -0.462605   0.0018433
        4754       -0.68    -0.46265  0.00184348
        4755       -0.76   -0.462713  0.00184415
        4756        -0.6   -0.462742  0.00184399
        4757       -0.44   -0.462737  0.00184361
        4758       -0.52   -0.462749  0.00184326
        4759        -0.6   -0.462778   0.0018431
        4760       -0.52    -0.46279  0.00184275
        4761       -0.52   -0.462802   0.0018424
        4762       -0.52   -0.462814  0.00184205
        4763       -0.36   -0.462792  0.00184179
        4764       -0.36   -0.462771  0.00184153
        4765       -0.44   -0.462766  0.00184115
        4766       -0.36   -0.462744  0.00184089
        4767       -0.36   -0.462723  0.00184063
        4768        -0.6   -0.462752  0.00184047
        4769       -0.52   -0.462764  0.00184012
        4770        -0.6   -0.462792  0.00183996
        4771       -0.36   -0.462771   0.0018397
        4772       -0.36   -0.462749  0.00183945
        4773       -0.44   -0.462745  0.00183907
        4774        -0.6   -0.462773  0.00183891
        4775        -0.6   -0.462802  0.00183874
        4776        -0.6   -0.462831  0.00183858
        4777       -0.44   -0.462826  0.00183821
        4778       -0.44   -0.462821  0.00183783
        4779       -0.44   -0.462816  0.00183745
        4780        -0.6   -0.462845  0.00183729
        4781       -0.52   -0.462857  0.00183694
        4782       -0.44   -0.462852  0.00183656
        4783       -0.52   -0.462864  0.00183622
        4784       -0.68    -0.46291   0.0018364
        4785        -0.6   -0.462938  0.00183624
        4786        -0.6   -0.462967  0.00183608
        4787       -0.68   -0.463012  0.00183625
        4788       -0.44   -0.463008  0.00183588
        4789       -0.36   -0.462986  0.00183562
        4790        -0.2   -0.462931  0.00183606
        4791       -0.44   -0.462926  0.00183568
        4792       -0.36   -0.462905  0.00183542
        4793       -0.44     -0.4629  0.00183504
        4794       -0.76   -0.462962  0.00183571
        4795       -0.44   -0.462957  0.00183533
        4796        -0.6   -0.462986  0.00183517
        4797       -0.28   -0.462948  0.00183518
        4798       -0.52    -0.46296  0.00183484
        4799       -0.52   -0.462971   0.0018345
        4800       -0.52   -0.462983  0.00183415
        4801       -0.44   -0.462979  0.00183378
        4802       -0.52    -0.46299  0.00183343
        4803       -0.52   -0.463002  0.00183309
        4804       -0.44   -0.462998  0.00183272
        4805       -0.44   -0.462993  0.00183234
        4806       -0.44   -0.462988  0.00183197
        4807       -0.52      -0.463  0.00183162
        4808       -0.76   -0.463062  0.00183228
        4809       -0.52   -0.463073  0.00183194
        4810       -0.52   -0.463085   0.0018316
        4811        -0.6   -0.463114  0.00183144
        4812       -0.44   -0.463109  0.00183106
        4813       -0.52   -0.463121  0.00183072
        4814       -0.52   -0.463133  0.00183038
        4815        -0.6   -0.463161  0.00183022
        4816       -0.28   -0.463123  0.00183023
        4817       -0.36   -0.463102  0.00182998
        4818       -0.36    -0.46308  0.00182973
        4819       -0.52   -0.463092  0.00182938
        4820       -0.44   -0.463087  0.00182901
        4821       -0.44   -0.463082  0.00182864
        4822       -0.36   -0.463061  0.00182838
        4823       -0.44   -0.463056  0.00182801
        4824       -0.36   -0.463035  0.00182776
        4825        -0.2    -0.46298  0.00182819
        4826        -0.6   -0.463009  0.00182803
        4827        -0.6   -0.463037  0.00182787
        4828       -0.36   -0.463016  0.00182762
        4829        -0.6   -0.463044  0.00182746
        4830        -0.6   -0.463072   0.0018273
        4831       -0.44   -0.463068  0.00182693
        4832       -0.44   -0.463063  0.00182656
        4833        -0.6   -0.463091   0.0018264
        4834       -0.52   -0.463103  0.00182606
        4835       -0.44   -0.463098  0.00182569
        4836       -0.52    -0.46311  0.00182535
        4837       -0.52   -0.463122  0.00182501
        4838       -0.36     -0.4631  0.00182476
        4839        -0.2   -0.463046  0.00182519
        4840       -0.52   -0.463058  0.00182485
        4841       -0.44   -0.463053  0.00182448
        4842       -0.44   -0.463048  0.00182411
        4843        -0.6   -0.463077  0.00182395
        4844        -0.6   -0.463105  0.00182379
        4845       -0.44     -0.4631  0.00182342
        4846        -0.6   -0.463128  0.00182327
        4847       -0.52    -0.46314  0.00182293
        4848       -0.36   -0.463119  0.00182268
        4849       -0.36   -0.463098  0.00182242
        4850       -0.36   -0.463076  0.00182217
        4851       -0.44   -0.463072   0.0018218
        4852       -0.44   -0.463067  0.00182143
        4853        -0.2   -0.463013  0.00182187
        4854       -0.52   -0.463024  0.00182153
        4855        -0.6   -0.463053  0.00182137
        4856       -0.68   -0.463097  0.00182154
        4857        -0.6   -0.463125  0.00182139
        4858       -0.68    -0.46317  0.00182156
        4859       -0.36   -0.463149  0.00182131
        4860       -0.44   -0.463144  0.00182094
        4861       -0.52   -0.463156   0.0018206
        4862       -0.36   -0.463135  0.00182035
        4863       -0.36   -0.463113   0.0018201
        4864       -0.36   -0.463092  0.00181985
        4865        -0.6    -0.46312  0.00181969
        4866       -0.52   -0.463132  0.00181936
        4867        -0.2   -0.463078  0.00181979
        4868        -0.2   -0.463024  0.00182021
        4869       -0.28   -0.462986  0.00182023
        4870       -0.68   -0.463031   0.0018204
        4871       -0.68   -0.463075  0.00182057
        4872        -0.6   -0.463103  0.00182042
        4873       -0.68   -0.463148  0.00182059
        4874       -0.76   -0.463209  0.00182123
        4875       -0.68   -0.463253   0.0018214
        4876        -0.6   -0.463281  0.00182124
        4877       -0.52   -0.463293  0.00182091
        4878       -0.52   -0.463305  0.00182057
        4879        -0.6   -0.463333  0.00182041
        4880       -0.36   -0.463311  0.00182016
        4881       -0.28   -0.463274  0.00182018
        4882        -0.6   -0.463302  0.00182002
        4883       -0.28   -0.463264  0.00182003
        4884        -0.6   -0.463292  0.00181988
        4885       -0.52   -0.463304  0.00181954
        4886        -0.6   -0.463332  0.00181938
        4887       -0.36   -0.463311  0.00181913
        4888       -0.36    -0.46329  0.00181888
        4889       -0.52   -0.463301  0.00181855
        4890       -0.44   -0.463297  0.00181818
        4891       -0.52   -0.463308  0.00181785
        4892       -0.44   -0.463303  0.00181748
        4893       -0.52   -0.463315  0.00181715
        4894       -0.52   -0.463327  0.00181682
        4895        -0.6   -0.463354  0.00181666
        4896       -0.68   -0.463399  0.00181683
        4897        -0.6   -0.463427  0.00181667
        4898       -0.44   -0.463422   0.0018163
        4899       -0.36   -0.463401  0.00181606
        4900       -0.36    -0.46338  0.00181581
        4901       -0.36   -0.463358  0.00181556
        4902       -0.52    -0.46337  0.00181523
        4903        -0.6   -0.463398  0.00181507
        4904       -0.44   -0.463393  0.00181471
        4905       -0.44   -0.463388  0.00181434
        4906        -0.2   -0.463335  0.00181477
        4907       -0.52   -0.463346  0.00181443
        4908       -0.44   -0.463341  0.00181407
        4909       -0.44   -0.463337  0.00181371
        4910       -0.52   -0.463348  0.00181337
        4911       -0.68   -0.463392  0.00181354
        4912       -0.52   -0.463404  0.00181321
        4913       -0.28   -0.463367  0.00181322
        4914        -0.2   -0.463313  0.00181365
        4915       -0.44   -0.463308  0.00181328
        4916       -0.44   -0.463303  0.00181292
        4917       -0.36   -0.463282  0.00181268
        4918        -0.2   -0.463229   0.0018131
        4919       -0.36   -0.463208  0.00181285
        4920       -0.52    -0.46322  0.00181252
        4921       -0.76    -0.46328  0.00181315
        4922        -0.6   -0.463308    0.001813
        4923       -0.44   -0.463303  0.00181264
        4924       -0.68   -0.463347   0.0018128
        4925       -0.68   -0.463391  0.00181297
        4926       -0.36    -0.46337  0.00181272
        4927       -0.52   -0.463381  0.00181239
        4928       -0.52   -0.463393  0.00181206
        4929       -0.44   -0.463388   0.0018117
        4930       -0.36   -0.463367  0.00181145
        4931        -0.6   -0.463395  0.00181129
        4932       -0.52   -0.463406  0.00181096
        4933       -0.36   -0.463385  0.00181072
        4934       -0.28   -0.463348  0.00181073
        4935       -0.44   -0.463343  0.00181037
        4936       -0.36   -0.463323  0.00181013
        4937       -0.44   -0.463318  0.00180977
        4938       -0.36   -0.463297  0.00180952
        4939       -0.44   -0.463292  0.00180916
        4940       -0.36   -0.463271  0.00180891
        4941       -0.44   -0.463267  0.00180855
        4942       -0.36   -0.463246  0.00180831
        4943       -0.52   -0.463257  0.00180798
        4944       -0.68   -0.463301  0.00180815
        4945       -0.52   -0.463312  0.00180782
        4946       -0.44   -0.463308  0.00180746
        4947        -0.6   -0.463335   0.0018073
        4948       -0.44   -0.463331  0.00180694
        4949       -0.52   -0.463342  0.00180661
        4950        -0.2   -0.463289  0.00180703
        4951        -0.6   -0.463317  0.00180688
        4952       -0.44   -0.463312  0.00180652
        4953       -0.68   -0.463356  0.00180668
        4954       -0.44   -0.463351  0.00180633
        4955       -0.44   -0.463346  0.00180597
        4956       -0.52   -0.463358  0.00180564
        4957       -0.68   -0.463401   0.0018058
        4958       -0.52   -0.463413  0.00180548
        4959       -0.36   -0.463392  0.00180523
        4960        -0.6   -0.463419  0.00180508
        4961       -0.52   -0.463431  0.00180475
        4962       -0.44   -0.463426  0.00180439
        4963       -0.52   -0.463437  0.00180407
        4964       -0.36   -0.463417  0.00180382
        4965       -0.52   -0.463428   0.0018035
        4966       -0.52   -0.463439  0.00180317
        4967       -0.68   -0.463483  0.00180333
        4968       -0.68   -0.463527   0.0018035
        4969        -0.6   -0.463554  0.00180334
        4970       -0.52   -0.463565  0.00180301
        4971       -0.44   -0.463561  0.00180266
        4972       -0.36    -0.46354  0.00180242
        4973       -0.68   -0.463583  0.00180258
        4974       -0.52   -0.463595  0.00180225
        4975        -0.6   -0.463622   0.0018021
        4976        -0.6    -0.46365  0.00180194
        4977        -0.6   -0.463677  0.00180179
        4978       -0.36   -0.463656  0.00180155
        4979       -0.36   -0.463635  0.00180131
        4980       -0.68   -0.463679  0.00180147
        4981       -0.76   -0.463738  0.00180209
        4982       -0.76   -0.463798  0.00180271
        4983        -0.6   -0.463825  0.00180256
        4984       -0.52   -0.463836  0.00180223
        4985       -0.44   -0.463831  0.00180187
        4986       -0.68   -0.463875  0.00180203
        4987       -0.52   -0.463886  0.00180171
        4988       -0.44   -0.463881  0.00180135
        4989       -0.12   -0.463812  0.00180231
        4990       -0.52   -0.463824  0.00180198
        4991       -0.44   -0.463819  0.00180163
        4992       -0.44   -0.463814  0.00180127
        4993        -0.2   -0.463761  0.00180169
        4994       -0.28   -0.463724   0.0018017
        4995       -0.36   -0.463704  0.00180146
        4996        -0.6   -0.463731  0.00180131
        4997       -0.68   -0.463774  0.00180147
        4998       -0.44    -0.46377  0.00180111
        4999       -0.52   -0.463781  0.00180079
        5000       -0.36    -0.46376  0.00180055
        5001        -0.2   -0.463707  0.00180096
        5002       -0.36   -0.463687  0.00180072
        5003       -0.52   -0.463698  0.00180039
        5004       -0.52   -0.463709  0.00180007
        5005       -0.44   -0.463704  0.00179972
        5006       -0.52   -0.463716  0.00179939
        5007       -0.44   -0.463711  0.00179904
        5008       -0.52   -0.463722  0.00179871
        5009       -0.52   -0.463733  0.00179839
        5010        -0.6    -0.46376  0.00179824
        5011       -0.44   -0.463756  0.00179789
        5012       -0.52   -0.463767  0.00179756
        5013       -0.52   -0.463778  0.00179724
        5014       -0.52   -0.463789  0.00179691
        5015        -0.6   -0.463817  0.00179676
        5016        -0.6   -0.463844  0.00179661
        5017       -0.52   -0.463855  0.00179628
        5018       -0.44    -0.46385  0.00179593
        5019        -0.6   -0.463877  0.00179578
        5020       -0.44   -0.463873  0.00179543
        5021       -0.52   -0.463884  0.00179511
        5022       -0.36   -0.463863  0.00179487
        5023       -0.44   -0.463858  0.00179452
        5024       -0.36   -0.463838  0.00179428
        5025       -0.28   -0.463801  0.00179429
        5026       -0.44   -0.463796  0.00179394
        5027       -0.44   -0.463792  0.00179359
        5028       -0.52   -0.463803  0.00179327
        5029       -0.52   -0.463814  0.00179295
        5030       -0.68   -0.463857  0.00179311
        5031       -0.68     -0.4639  0.00179327
        5032       -0.76   -0.463959  0.00179388
        5033        -0.6   -0.463986  0.00179372
        5034        -0.6   -0.464013  0.00179357
        5035        -0.6    -0.46404  0.00179342
        5036       -0.52   -0.464051  0.00179309
        5037       -0.52   -0.464062  0.00179277
        5038       -0.44   -0.464057  0.00179242
        5039       -0.44   -0.464052  0.00179207
        5040       -0.44   -0.464048  0.00179173
        5041       -0.36   -0.464027  0.00179149
        5042       -0.28    -0.46399  0.00179151
        5043       -0.44   -0.463986  0.00179116
        5044        -0.6   -0.464013    0.001791
        5045        -0.6    -0.46404  0.00179085
        5046       -0.44   -0.464035   0.0017905
        5047       -0.52   -0.464046  0.00179018
        5048       -0.52   -0.464057  0.00178986
        5049        -0.6   -0.464084  0.00178971
        5050       -0.44   -0.464079  0.00178936
        5051       -0.36   -0.464059  0.00178913
        5052       -0.44   -0.464054  0.00178878
        5053       -0.52   -0.464065  0.00178846
        5054       -0.52   -0.464076  0.00178814
        5055       -0.68   -0.464119   0.0017883
        5056       -0.44   -0.464114  0.00178795
        5057       -0.44   -0.464109   0.0017876
        5058       -0.28   -0.464073  0.00178762
        5059       -0.36   -0.464052  0.00178738
        5060       -0.52   -0.464063  0.00178706
        5061       -0.44   -0.464058  0.00178672
        5062       -0.44   -0.464054  0.00178637
        5063       -0.52   -0.464065  0.00178605
        5064       -0.44    -0.46406  0.00178571
        5065       -0.68   -0.464103  0.00178586
        5066        -0.6   -0.464129  0.00178571
        5067       -0.52   -0.464141  0.00178539
        5068       -0.52   -0.464152  0.00178507
        5069       -0.36   -0.464131  0.00178484
        5070       -0.44   -0.464126   0.0017845
        5071       -0.36   -0.464106  0.00178426
        5072       -0.36   -0.464085  0.00178403
        5073       -0.68   -0.464128  0.00178418
        5074       -0.52   -0.464139  0.00178387
        5075       -0.52    -0.46415  0.00178355
        5076       -0.44   -0.464145   0.0017832
        5077       -0.44    -0.46414  0.00178286
        5078       -0.52   -0.464151  0.00178254
        5079        -0.6   -0.464178  0.00178239
        5080        -0.6   -0.464205  0.00178224
        5081       -0.52   -0.464216  0.00178192
        5082       -0.52   -0.464227  0.00178161
        5083        -0.6   -0.464253  0.00178146
        5084       -0.68   -0.464296  0.00178161
        5085       -0.52   -0.464307  0.00178129
        5086        -0.6   -0.464333  0.00178114
        5087       -0.44   -0.464329   0.0017808
        5088       -0.28   -0.464292  0.00178082
        5089       -0.52   -0.464303   0.0017805
        5090       -0.28   -0.464267  0.00178052
        5091        -0.2   -0.464215  0.00178093
        5092       -0.44   -0.464211  0.00178058
        5093       -0.44   -0.464206  0.00178024
        5094       -0.28    -0.46417  0.00178026
        5095       -0.36   -0.464149  0.00178003
        5096       -0.44   -0.464144  0.00177968
        5097       -0.44    -0.46414  0.00177934
        5098       -0.68   -0.464182   0.0017795
        5099       -0.52   -0.464193  0.00177918
        5100       -0.68   -0.464235  0.00177933
        5101        -0.6   -0.464262  0.00177919
        5102       -0.68   -0.464304  0.00177934
        5103       -0.44   -0.464299    0.001779
        5104       -0.52    -0.46431  0.00177868
        5105       -0.52   -0.464321  0.00177837
        5106       -0.52   -0.464332  0.00177805
        5107       -0.44   -0.464327  0.00177771
        5108       -0.36   -0.464307  0.00177748
        5109        -0.6   -0.464334  0.00177733
        5110       -0.36   -0.464313   0.0017771
        5111       -0.52   -0.464324  0.00177678
        5112        -0.6   -0.464351  0.00177664
        5113       -0.36    -0.46433  0.00177641
        5114        -0.6   -0.464357  0.00177626
        5115       -0.36   -0.464336  0.00177603
        5116        -0.6   -0.464363  0.00177588
        5117        -0.6   -0.464389  0.00177573
        5118       -0.52     -0.4644  0.00177541
        5119       -0.36    -0.46438  0.00177518
        5120       -0.52   -0.464391  0.00177487
        5121       -0.36    -0.46437  0.00177464
        5122       -0.44   -0.464365   0.0017743
        5123       -0.52   -0.464376  0.00177399
        5124       -0.44   -0.464372  0.00177365
        5125       -0.52   -0.464382  0.00177334
        5126       -0.44   -0.464378    0.001773
        5127        -0.6   -0.464404  0.00177285
        5128       -0.52   -0.464415  0.00177253
        5129       -0.52   -0.464426  0.00177222
        5130       -0.36   -0.464405  0.00177199
        5131       -0.44   -0.464401  0.00177165
        5132       -0.36    -0.46438  0.00177143
        5133       -0.36    -0.46436   0.0017712
        5134       -0.44   -0.464355  0.00177086
        5135       -0.52   -0.464366  0.00177055
        5136        -0.6   -0.464393   0.0017704
        5137       -0.44   -0.464388  0.00177006
        5138       -0.36   -0.464367  0.00176983
        5139       -0.44   -0.464363   0.0017695
        5140       -0.44   -0.464358  0.00176916
        5141       -0.44   -0.464353  0.00176882
        5142       -0.36   -0.464333  0.00176859
        5143       -0.36   -0.464313  0.00176836
        5144        -0.6   -0.464339  0.00176822
        5145        -0.6   -0.464365  0.00176807
        5146       -0.68   -0.464407  0.00176822
        5147       -0.44   -0.464403  0.00176789
        5148       -0.44   -0.464398  0.00176755
        5149        -0.6   -0.464424   0.0017674
        5150       -0.68   -0.464466  0.00176755
        5151       -0.52   -0.464477  0.00176724
        5152        -0.6   -0.464503   0.0017671
        5153       -0.76    -0.46456  0.00176768
        5154       -0.68   -0.464602  0.00176784
        5155       -0.52   -0.464613  0.00176753
        5156       -0.44   -0.464608  0.00176719
        5157       -0.36   -0.464588  0.00176696
        5158        -0.6   -0.464614  0.00176681
        5159       -0.68   -0.464656  0.00176697
        5160       -0.44   -0.464651  0.00176663
        5161       -0.52   -0.464662  0.00176632
        5162       -0.52   -0.464673  0.00176601
        5163       -0.28   -0.464637  0.00176603
        5164        -0.6   -0.464663  0.00176588
        5165       -0.28   -0.464627   0.0017659
        5166       -0.52   -0.464638  0.00176559
        5167       -0.36   -0.464618  0.00176537
        5168       -0.52   -0.464628  0.00176506
        5169       -0.52   -0.464639  0.00176475
        5170       -0.68   -0.464681   0.0017649
        5171        -0.6   -0.464707  0.00176475
        5172       -0.52   -0.464718  0.00176444
        5173       -0.44   -0.464713  0.00176411
        5174       -0.44   -0.464708  0.00176377
        5175       -0.36   -0.464688  0.00176355
        5176       -0.76   -0.464745  0.00176413
        5177       -0.28   -0.464709  0.00176415
        5178       -0.36   -0.464689  0.00176393
        5179       -0.44   -0.464684  0.00176359
        5180       -0.68   -0.464726  0.00176374
        5181       -0.44   -0.464721  0.00176341
        5182       -0.52   -0.464732   0.0017631
        5183       -0.44   -0.464727  0.00176277
        5184        -0.6   -0.464753  0.00176262
        5185       -0.52   -0.464764  0.00176231
        5186       -0.52   -0.464774    0.001762
        5187       -0.36   -0.464754  0.00176178
        5188       -0.36   -0.464734  0.00176156
        5189       -0.44   -0.464729  0.00176122
        5190       -0.28   -0.464694  0.00176124
        5191        -0.2   -0.464643  0.00176164
        5192       -0.44   -0.464638  0.00176131
        5193       -0.36   -0.464618  0.00176109
        5194       -0.44   -0.464613  0.00176075
        5195       -0.28   -0.464577  0.00176077
        5196       -0.28   -0.464542  0.00176079
        5197       -0.36   -0.464522  0.00176057
        5198       -0.36   -0.464502  0.00176034
        5199        -0.6   -0.464528   0.0017602
        5200       -0.36   -0.464508  0.00175998
        5201       -0.52   -0.464518  0.00175967
        5202       -0.52   -0.464529  0.00175936
        5203       -0.52    -0.46454  0.00175906
        5204        -0.2   -0.464489  0.00175945
        5205       -0.28   -0.464453  0.00175947
        5206       -0.44   -0.464449  0.00175914
        5207       -0.36   -0.464429  0.00175892
        5208       -0.52   -0.464439  0.00175861
        5209       -0.52    -0.46445  0.00175831
        5210       -0.52   -0.464461    0.001758
        5211       -0.36   -0.464441  0.00175778
        5212       -0.36   -0.464421  0.00175756
        5213       -0.44   -0.464416  0.00175722
        5214       -0.52   -0.464427  0.00175692
        5215       -0.52   -0.464437  0.00175662
        5216       -0.36   -0.464417  0.00175639
        5217       -0.44   -0.464412  0.00175606
        5218       -0.28   -0.464377  0.00175608
        5219       -0.44   -0.464372  0.00175575
        5220       -0.44   -0.464368  0.00175542
        5221       -0.28   -0.464333  0.00175544
        5222       -0.52   -0.464343  0.00175514
        5223       -0.28   -0.464308  0.00175515
        5224       -0.52   -0.464319  0.00175485
        5225       -0.44   -0.464314  0.00175452
        5226        -0.6    -0.46434  0.00175438
        5227        -0.6   -0.464366  0.00175423
        5228        -0.6   -0.464392  0.00175409
        5229       -0.44   -0.464387  0.00175376
        5230       -0.52   -0.464398  0.00175346
        5231        -0.6   -0.464424  0.00175331
        5232       -0.68   -0.464465  0.00175346
        5233       -0.44    -0.46446  0.00175313
        5234       -0.28   -0.464425  0.00175315
        5235       -0.28    -0.46439  0.00175317
        5236       -0.28   -0.464354  0.00175319
        5237       -0.44    -0.46435  0.00175286
        5238       -0.52    -0.46436  0.00175256
        5239       -0.36   -0.464341  0.00175234
        5240       -0.44   -0.464336  0.00175201
        5241       -0.28   -0.464301  0.00175203
        5242       -0.44   -0.464296   0.0017517
        5243       -0.36   -0.464276  0.00175148
        5244       -0.36   -0.464256  0.00175126
        5245       -0.52   -0.464267  0.00175096
        5246       -0.52   -0.464278  0.00175066
        5247        -0.6   -0.464303  0.00175051
        5248       -0.68   -0.464345  0.00175066
        5249       -0.36   -0.464325  0.00175044
        5250       -0.52   -0.464335  0.00175014
        5251        -0.6   -0.464361     0.00175
        5252       -0.52   -0.464372   0.0017497
        5253       -0.52   -0.464382   0.0017494
        5254       -0.68   -0.464423  0.00174954
        5255       -0.52   -0.464434  0.00174924
        5256        -0.6    -0.46446   0.0017491
        5257        -0.6   -0.464485  0.00174896
        5258        -0.6   -0.464511  0.00174882
        5259       -0.68   -0.464552  0.00174896
        5260       -0.28   -0.464517  0.00174898
        5261       -0.68   -0.464558  0.00174913
        5262       -0.52   -0.464569  0.00174883
        5263       -0.44   -0.464564   0.0017485
        5264       -0.36   -0.464544  0.00174828
        5265       -0.52   -0.464555  0.00174798
        5266       -0.52   -0.464565  0.00174768
        5267       -0.44    -0.46456  0.00174736
        5268       -0.44   -0.464556  0.00174703
        5269       -0.68   -0.464597  0.00174718
        5270       -0.44   -0.464592  0.00174685
        5271       -0.36   -0.464572  0.00174663
        5272        -0.6   -0.464598  0.00174649
        5273       -0.44   -0.464593  0.00174617
        5274       -0.36   -0.464573  0.00174595
        5275       -0.36   -0.464554  0.00174573
        5276       -0.52   -0.464564  0.00174543
        5277       -0.44   -0.464559  0.00174511
        5278       -0.36    -0.46454  0.00174489
        5279       -0.44   -0.464535  0.00174456
        5280       -0.44    -0.46453  0.00174424
        5281       -0.52   -0.464541  0.00174394
        5282       -0.44   -0.464536  0.00174362
        5283       -0.52   -0.464547  0.00174332
        5284       -0.44   -0.464542  0.00174299
        5285        -0.6   -0.464568  0.00174285
        5286        -0.6   -0.464593  0.00174271
        5287       -0.52   -0.464604  0.00174241
        5288       -0.52   -0.464614  0.00174212
        5289       -0.44    -0.46461  0.00174179
        5290       -0.68    -0.46465  0.00174194
        5291       -0.44   -0.464646  0.00174162
        5292       -0.44   -0.464641  0.00174129
        5293       -0.28   -0.464606  0.00174131
        5294       -0.28   -0.464571  0.00174133
        5295        -0.2   -0.464521  0.00174172
        5296       -0.12   -0.464456  0.00174261
        5297       -0.44   -0.464452  0.00174228
        5298        -0.6   -0.464477  0.00174214
        5299       -0.44   -0.464473  0.00174182
        5300       -0.52   -0.464483  0.00174152
        5301       -0.44   -0.464478   0.0017412
        5302       -0.28   -0.464444  0.00174122
        5303       -0.36   -0.464424    0.001741
        5304       -0.44   -0.464419  0.00174068
        5305       -0.36     -0.4644  0.00174046
        5306        -0.6   -0.464425  0.00174032
        5307        -0.6   -0.464451  0.00174018
        5308       -0.44   -0.464446  0.00173986
        5309       -0.52   -0.464457  0.00173957
        5310       -0.52   -0.464467  0.00173927
        5311       -0.44   -0.464462  0.00173895
        5312        -0.6   -0.464488  0.00173881
        5313       -0.36   -0.464468  0.00173859
        5314       -0.44   -0.464464  0.00173827
        5315       -0.68   -0.464504  0.00173842
        5316       -0.52   -0.464515  0.00173812
        5317       -0.52   -0.464525  0.00173783
        5318       -0.68   -0.464566  0.00173797
        5319       -0.44   -0.464561  0.00173765
        5320       -0.44   -0.464556  0.00173733
        5321       -0.28   -0.464522  0.00173735
        5322        -0.6   -0.464547  0.00173721
        5323       -0.36   -0.464528  0.00173699
        5324       -0.44   -0.464523  0.00173667
        5325       -0.36   -0.464503  0.00173646
        5326       -0.76   -0.464559  0.00173702
        5327       -0.44   -0.464554   0.0017367
        5328       -0.68   -0.464595  0.00173684
        5329        -0.6    -0.46462   0.0017367
        5330       -0.52    -0.46463  0.00173641
        5331       -0.44   -0.464626  0.00173609
        5332       -0.28   -0.464591  0.00173611
        5333       -0.28   -0.464557  0.00173613
        5334       -0.52   -0.464567  0.00173583
        5335       -0.52   -0.464577  0.00173554
        5336        -0.6   -0.464603   0.0017354
        5337        -0.6   -0.464628  0.00173526
        5338       -0.52   -0.464638  0.00173497
        5339       -0.44   -0.464634  0.00173465
        5340       -0.28   -0.464599  0.00173467
        5341        -0.6   -0.464625  0.00173453
        5342       -0.76    -0.46468  0.00173508
        5343       -0.52    -0.46469  0.00173479
        5344       -0.44   -0.464686  0.00173447
        5345       -0.76   -0.464741  0.00173503
        5346        -0.6   -0.464766  0.00173489
        5347       -0.52   -0.464777  0.00173459
        5348        -0.6   -0.464802  0.00173445
        5349        -0.6   -0.464827  0.00173431
        5350       -0.52   -0.464837  0.00173402
        5351       -0.36   -0.464818  0.00173381
        5352       -0.44   -0.464813  0.00173349
        5353       -0.52   -0.464823   0.0017332
        5354       -0.36   -0.464804  0.00173298
        5355        -0.6   -0.464829  0.00173284
        5356       -0.68   -0.464869  0.00173298
        5357       -0.44   -0.464865  0.00173267
        5358       -0.28    -0.46483  0.00173269
        5359       -0.04   -0.464751  0.00173418
        5360        -0.2   -0.464701  0.00173456
        5361       -0.68   -0.464742   0.0017347
        5362        -0.6   -0.464767  0.00173456
        5363        -0.6   -0.464792  0.00173442
        5364       -0.44   -0.464787   0.0017341
        5365        -0.6   -0.464813  0.00173396
        5366       -0.68   -0.464853   0.0017341
        5367       -0.28   -0.464818  0.00173412
        5368       -0.28   -0.464784  0.00173414
        5369       -0.44   -0.464779  0.00173382
        5370       -0.44   -0.464775   0.0017335
        5371       -0.52   -0.464785  0.00173321
        5372       -0.04   -0.464706  0.00173469
        5373       -0.44   -0.464701  0.00173438
        5374       -0.44   -0.464697  0.00173406
        5375       -0.52   -0.464707  0.00173377
        5376       -0.36   -0.464687  0.00173355
        5377       -0.44   -0.464683  0.00173324
        5378       -0.36   -0.464663  0.00173302
        5379       -0.36   -0.464644  0.00173281
        5380       -0.52   -0.464654  0.00173252
        5381        -0.6   -0.464679  0.00173238
        5382       -0.76   -0.464734  0.00173293
        5383       -0.52   -0.464745  0.00173264
        5384       -0.84   -0.464814  0.00173372
        5385       -0.44    -0.46481   0.0017334
        5386       -0.28   -0.464775  0.00173342
        5387       -0.52   -0.464786  0.00173313
        5388       -0.44   -0.464781  0.00173281
        5389       -0.52   -0.464791  0.00173252
        5390       -0.36   -0.464772  0.00173231
        5391        -0.6   -0.464797  0.00173217
        5392       -0.68   -0.464837  0.00173231
        5393       -0.52   -0.464847  0.00173201
        5394       -0.52   -0.464857  0.00173172
        5395        -0.6   -0.464882  0.00173158
        5396       -0.12   -0.464818  0.00173244
        5397       -0.44   -0.464814  0.00173213
        5398       -0.36   -0.464794  0.00173192
        5399        -0.6   -0.464819  0.00173178
        5400       -0.36     -0.4648  0.00173156
        5401       -0.36   -0.464781  0.00173135
        5402       -0.44   -0.464776  0.00173104
        5403        -0.6   -0.464801   0.0017309
        5404       -0.52   -0.464811  0.00173061
        5405       -0.52   -0.464821  0.00173032
        5406       -0.52   -0.464832  0.00173003
        5407       -0.68   -0.464871  0.00173017
        5408       -0.44   -0.464867  0.00172985
        5409        -0.2   -0.464818  0.00173022
        5410       -0.28   -0.464784  0.00173024
        5411        -0.6   -0.464809   0.0017301
        5412       -0.36   -0.464789  0.00172989
        5413       -0.68   -0.464829  0.00173003
        5414        -0.6   -0.464854  0.00172989
        5415       -0.68   -0.464894  0.00173003
        5416        -0.6   -0.464919  0.00172989
        5417       -0.52   -0.464929   0.0017296
        5418       -0.44   -0.464924  0.00172928
        5419       -0.68   -0.464964  0.00172942
        5420       -0.52   -0.464974  0.00172913
        5421       -0.44    -0.46497  0.00172882
        5422       -0.36    -0.46495  0.00172861
        5423       -0.44   -0.464946  0.00172829
        5424       -0.52   -0.464956  0.00172801
        5425       -0.52   -0.464966  0.00172772
        5426       -0.52   -0.464976  0.00172743
        5427       -0.44   -0.464971  0.00172712
        5428       -0.44   -0.464967   0.0017268
        5429       -0.36   -0.464948  0.00172659
        5430       -0.44   -0.464943  0.00172628
        5431        -0.6   -0.464968  0.00172614
        5432       -0.36   -0.464948  0.00172593
        5433       -0.36   -0.464929  0.00172572
        5434       -0.44   -0.464925  0.00172541
        5435        -0.6   -0.464949  0.00172527
        5436       -0.44   -0.464945  0.00172496
        5437       -0.52   -0.464955  0.00172468
        5438       -0.52   -0.464965  0.00172439
        5439       -0.36   -0.464946  0.00172418
        5440       -0.76      -0.465  0.00172472
        5441       -0.36   -0.464981  0.00172451
        5442       -0.44   -0.464976   0.0017242
        5443       -0.44   -0.464972  0.00172388
        5444       -0.44   -0.464967  0.00172357
        5445       -0.52   -0.464977  0.00172329
        5446       -0.28   -0.464943  0.00172331
        5447       -0.44   -0.464938    0.001723
        5448       -0.44   -0.464934  0.00172269
        5449       -0.44   -0.464929  0.00172238
        5450       -0.28   -0.464895  0.00172239
        5451       -0.28   -0.464861  0.00172241
        5452       -0.28   -0.464828  0.00172243
        5453       -0.52   -0.464838  0.00172214
        5454        -0.6   -0.464862  0.00172201
        5455        -0.6   -0.464887  0.00172187
        5456        -0.6   -0.464912  0.00172173
        5457       -0.44   -0.464907  0.00172142
        5458       -0.68   -0.464947  0.00172156
        5459       -0.52   -0.464957  0.00172127
        5460       -0.68   -0.464996  0.00172141
        5461        -0.6   -0.465021  0.00172127
        5462       -0.36   -0.465002  0.00172106
        5463       -0.28   -0.464968  0.00172108
        5464       -0.28   -0.464934   0.0017211
        5465       -0.52   -0.464944  0.00172081
        5466       -0.52   -0.464954  0.00172053
        5467       -0.68   -0.464994  0.00172066
        5468        -0.2   -0.464945  0.00172103
        5469       -0.36   -0.464926  0.00172082
        5470       -0.36   -0.464907  0.00172061
        5471       -0.28   -0.464873  0.00172063
        5472       -0.36   -0.464854  0.00172042
        5473       -0.44   -0.464849  0.00172011
        5474       -0.04   -0.464772  0.00172155
        5475       -0.44   -0.464767  0.00172124
        5476       -0.52   -0.464777  0.00172096
        5477       -0.52   -0.464787  0.00172067
        5478       -0.52   -0.464797  0.00172039
        5479        -0.6   -0.464822  0.00172025
        5480       -0.28   -0.464788  0.00172027
        5481       -0.44   -0.464784  0.00171996
        5482       -0.28    -0.46475  0.00171998
        5483        -0.2   -0.464702  0.00172034
        5484       -0.52   -0.464712  0.00172006
        5485        -0.6   -0.464737  0.00171992
        5486       -0.68   -0.464776  0.00172005
        5487       -0.44   -0.464771  0.00171975
        5488        -0.6   -0.464796  0.00171961
        5489       -0.52   -0.464806  0.00171932
        5490       -0.44   -0.464801  0.00171902
        5491       -0.44   -0.464797  0.00171871
        5492       -0.68   -0.464836  0.00171884
        5493       -0.36   -0.464817  0.00171864
        5494        -0.6   -0.464842   0.0017185
        5495       -0.44   -0.464837  0.00171819
        5496       -0.36   -0.464818  0.00171799
        5497       -0.44   -0.464814  0.00171768
        5498        -0.6   -0.464838  0.00171754
        5499       -0.12   -0.464775  0.00171838
        5500       -0.28   -0.464742  0.00171839
        5501       -0.36   -0.464723  0.00171818
        5502       -0.52   -0.464733   0.0017179
        5503       -0.36   -0.464714   0.0017177
        5504       -0.52   -0.464724  0.00171741
        5505       -0.44   -0.464719  0.00171711
        5506        -0.6   -0.464744  0.00171697
        5507        -0.6   -0.464768  0.00171683
        5508       -0.44   -0.464764  0.00171653
        5509       -0.36   -0.464745  0.00171632
        5510       -0.36   -0.464726  0.00171612
        5511       -0.52   -0.464736  0.00171583
        5512       -0.44   -0.464731  0.00171553
        5513       -0.36   -0.464712  0.00171532
        5514       -0.36   -0.464694  0.00171512
        5515       -0.28    -0.46466  0.00171513
        5516       -0.44   -0.464656  0.00171483
        5517        -0.2   -0.464608  0.00171519
        5518       -0.44   -0.464603  0.00171488
        5519       -0.52   -0.464613   0.0017146
        5520       -0.52   -0.464623  0.00171432
        5521       -0.44   -0.464619  0.00171401
        5522        -0.6   -0.464643  0.00171388
        5523        -0.6   -0.464668  0.00171374
        5524       -0.52   -0.464678  0.00171346
        5525       -0.52   -0.464688  0.00171318
        5526       -0.28   -0.464654   0.0017132
        5527        -0.6   -0.464679  0.00171306
        5528       -0.52   -0.464689  0.00171278
        5529       -0.52   -0.464699   0.0017125
        5530       -0.28   -0.464665  0.00171252
        5531       -0.44   -0.464661  0.00171221
        5532       -0.44   -0.464657  0.00171191
        5533       -0.44   -0.464652  0.00171161
        5534       -0.68   -0.464691  0.00171174
        5535       -0.52   -0.464701  0.00171146
        5536       -0.52   -0.464711  0.00171118
        5537       -0.44   -0.464707  0.00171088
        5538        -0.6   -0.464731  0.00171074
        5539       -0.44   -0.464726  0.00171044
        5540       -0.28   -0.464693  0.00171046
        5541       -0.44   -0.464689  0.00171015
        5542       -0.36    -0.46467  0.00170995
        5543       -0.52    -0.46468  0.00170967
        5544       -0.28   -0.464646  0.00170969
        5545       -0.44   -0.464642  0.00170938
        5546       -0.44   -0.464638  0.00170908
        5547       -0.28   -0.464604   0.0017091
        5548       -0.36   -0.464585  0.00170889
        5549       -0.36   -0.464567  0.00170869
        5550       -0.44   -0.464562  0.00170839
        5551       -0.52   -0.464572  0.00170811
        5552       -0.52   -0.464582  0.00170783
        5553       -0.44   -0.464578  0.00170753
        5554       -0.28   -0.464544  0.00170754
        5555       -0.12   -0.464482  0.00170836
        5556       -0.36   -0.464464  0.00170816
        5557       -0.68   -0.464502  0.00170829
        5558       -0.68   -0.464541  0.00170842
        5559       -0.44   -0.464537  0.00170812
        5560       -0.52   -0.464547  0.00170784
        5561        -0.2   -0.464499   0.0017082
        5562       -0.44   -0.464495   0.0017079
        5563        -0.6   -0.464519  0.00170776
        5564       -0.52   -0.464529  0.00170749
        5565       -0.68   -0.464568  0.00170762
        5566       -0.52   -0.464578  0.00170734
        5567       -0.36   -0.464559  0.00170714
        5568       -0.68   -0.464598  0.00170727
        5569       -0.52   -0.464608  0.00170699
        5570       -0.68   -0.464646  0.00170712
        5571        -0.6   -0.464671  0.00170699
        5572       -0.12   -0.464609   0.0017078
        5573       -0.68   -0.464647  0.00170793
        5574       -0.52   -0.464657  0.00170766
        5575       -0.36   -0.464639  0.00170745
        5576       -0.36    -0.46462  0.00170725
        5577       -0.36   -0.464601  0.00170705
        5578       -0.44   -0.464597  0.00170675
        5579       -0.44   -0.464592  0.00170645
        5580       -0.44   -0.464588  0.00170615
        5581       -0.44   -0.464583  0.00170585
        5582        -0.2   -0.464536   0.0017062
        5583       -0.52   -0.464546  0.00170592
        5584       -0.28   -0.464513  0.00170594
        5585        -0.2   -0.464466  0.00170629
        5586       -0.36   -0.464447  0.00170609
        5587       -0.36   -0.464428  0.00170588
        5588       -0.44   -0.464424  0.00170558
        5589        -0.6   -0.464448  0.00170545
        5590       -0.36   -0.464429  0.00170525
        5591       -0.52   -0.464439  0.00170497
        5592        -0.6   -0.464464  0.00170484
        5593       -0.44   -0.464459  0.00170454
        5594       -0.44   -0.464455  0.00170424
        5595        -0.6   -0.464479  0.00170411
        5596       -0.44   -0.464475  0.00170381
        5597        -0.2   -0.464427  0.00170416
        5598       -0.28   -0.464394  0.00170418
        5599        -0.6   -0.464419  0.00170404
        5600       -0.68   -0.464457  0.00170417
        5601       -0.44   -0.464453  0.00170387
        5602       -0.52   -0.464463   0.0017036
        5603       -0.52   -0.464473  0.00170332
        5604       -0.52   -0.464483  0.00170305
        5605       -0.44   -0.464478  0.00170275
        5606       -0.52   -0.464488  0.00170248
        5607       -0.36   -0.464469  0.00170227
        5608       -0.36   -0.464451  0.00170207
        5609       -0.52   -0.464461   0.0017018
        5610       -0.44   -0.464456   0.0017015
        5611       -0.52   -0.464466  0.00170123
        5612        -0.6    -0.46449  0.00170109
        5613       -0.52     -0.4645  0.00170082
        5614       -0.44   -0.464496  0.00170052
        5615       -0.36   -0.464477  0.00170032
        5616       -0.44   -0.464473  0.00170002
        5617       -0.52   -0.464483  0.00169975
        5618       -0.52   -0.464493  0.00169948
        5619       -0.36   -0.464474  0.00169928
        5620       -0.52   -0.464484    0.001699
        5621       -0.44    -0.46448  0.00169871
        5622       -0.36   -0.464461  0.00169851
        5623       -0.44   -0.464457  0.00169821
        5624       -0.36   -0.464438  0.00169801
        5625       -0.44   -0.464434  0.00169771
        5626       -0.36   -0.464415  0.00169751
        5627       -0.36   -0.464397  0.00169731
        5628       -0.52   -0.464407  0.00169704
        5629       -0.44   -0.464402  0.00169674
        5630       -0.52   -0.464412  0.00169647
        5631       -0.52   -0.464422   0.0016962
        5632       -0.44   -0.464418   0.0016959
        5633       -0.44   -0.464413  0.00169561
        5634       -0.68   -0.464452  0.00169574
        5635       -0.52   -0.464461  0.00169546
        5636       -0.44   -0.464457  0.00169517
        5637        -0.2    -0.46441  0.00169552
        5638       -0.36   -0.464392  0.00169532
        5639       -0.36   -0.464373  0.00169512
        5640       -0.44   -0.464369  0.00169482
        5641       -0.36    -0.46435  0.00169462
        5642       -0.44   -0.464346  0.00169433
        5643       -0.52   -0.464356  0.00169406
        5644       -0.44   -0.464352  0.00169376
        5645        -0.6   -0.464376  0.00169363
        5646       -0.36   -0.464357  0.00169343
        5647        -0.6   -0.464381   0.0016933
        5648       -0.28   -0.464348  0.00169332
        5649       -0.52   -0.464358  0.00169305
        5650       -0.68   -0.464396  0.00169318
        5651       -0.52   -0.464406  0.00169291
        5652        -0.6    -0.46443  0.00169278
        5653       -0.68   -0.464468  0.00169291
        5654       -0.52   -0.464478  0.00169264
        5655       -0.44   -0.464474  0.00169234
        5656       -0.52   -0.464484  0.00169207
        5657       -0.68   -0.464522   0.0016922
        5658       -0.44   -0.464517  0.00169191
        5659        -0.6   -0.464541  0.00169178
        5660       -0.44   -0.464537  0.00169149
        5661       -0.52   -0.464547  0.00169122
        5662       -0.12   -0.464486  0.00169201
        5663       -0.52   -0.464496  0.00169174
        5664        -0.6    -0.46452  0.00169161
        5665       -0.28   -0.464487  0.00169163
        5666       -0.52   -0.464497  0.00169136
        5667        -0.6   -0.464521  0.00169123
        5668       -0.44   -0.464517  0.00169093
        5669       -0.44   -0.464512  0.00169064
        5670       -0.44   -0.464508  0.00169035
        5671       -0.52   -0.464518  0.00169008
        5672       -0.52   -0.464528  0.00168981
        5673       -0.44   -0.464523  0.00168952
        5674       -0.52   -0.464533  0.00168925
        5675       -0.28     -0.4645  0.00168926
        5676       -0.44   -0.464496  0.00168897
        5677        -0.6    -0.46452  0.00168884
        5678       -0.44   -0.464516  0.00168855
        5679       -0.52   -0.464525  0.00168828
        5680       -0.52   -0.464535  0.00168801
        5681       -0.52   -0.464545  0.00168774
        5682        -0.6   -0.464569  0.00168761
        5683       -0.68   -0.464607  0.00168774
        5684       -0.68   -0.464645  0.00168787
        5685       -0.36   -0.464626  0.00168767
        5686       -0.52   -0.464636  0.00168741
        5687       -0.52   -0.464646  0.00168714
        5688       -0.44   -0.464641  0.00168685
        5689        -0.6   -0.464665  0.00168672
        5690       -0.36   -0.464647  0.00168652
        5691       -0.28   -0.464614  0.00168654
        5692       -0.44    -0.46461  0.00168625
        5693       -0.28   -0.464578  0.00168626
        5694       -0.28   -0.464545  0.00168628
        5695        -0.6   -0.464569  0.00168615
        5696       -0.44   -0.464565  0.00168586
        5697       -0.52   -0.464574  0.00168559
        5698        -0.6   -0.464598  0.00168546
        5699       -0.52   -0.464608  0.00168519
        5700       -0.52   -0.464618  0.00168493
        5701       -0.44   -0.464613  0.00168464
        5702       -0.28   -0.464581  0.00168465
        5703       -0.36   -0.464563  0.00168446
        5704       -0.44   -0.464558  0.00168417
        5705       -0.52   -0.464568   0.0016839
        5706       -0.52   -0.464578  0.00168363
        5707       -0.36   -0.464559  0.00168344
        5708        -0.6   -0.464583  0.00168331
        5709        -0.6   -0.464607  0.00168318
        5710       -0.36   -0.464588  0.00168299
        5711       -0.52   -0.464598  0.00168272
        5712       -0.36    -0.46458  0.00168253
        5713       -0.28   -0.464548  0.00168254
        5714       -0.68   -0.464585  0.00168267
        5715       -0.44   -0.464581  0.00168238
        5716       -0.44   -0.464577  0.00168209
        5717       -0.52   -0.464586  0.00168183
        5718        -0.6    -0.46461   0.0016817
        5719       -0.44   -0.464606  0.00168141
        5720       -0.68   -0.464643  0.00168154
        5721        -0.6   -0.464667  0.00168141
        5722       -0.76   -0.464719  0.00168191
        5723       -0.44   -0.464714  0.00168162
        5724        -0.2   -0.464668  0.00168196
        5725       -0.36    -0.46465  0.00168177
        5726       -0.36   -0.464632  0.00168157
        5727       -0.44   -0.464627  0.00168128
        5728       -0.76   -0.464679  0.00168178
        5729       -0.52   -0.464688  0.00168152
        5730        -0.6   -0.464712  0.00168139
        5731        -0.6   -0.464736  0.00168126
        5732        -0.6   -0.464759  0.00168113
        5733       -0.36   -0.464741  0.00168094
        5734       -0.36   -0.464723  0.00168074
        5735       -0.52   -0.464732  0.00168048
        5736       -0.52   -0.464742  0.00168021
        5737        -0.6   -0.464766  0.00168009
        5738        -0.6   -0.464789  0.00167996
        5739       -0.36   -0.464771  0.00167977
        5740       -0.68   -0.464808  0.00167989
        5741       -0.36    -0.46479   0.0016797
        5742       -0.68   -0.464828  0.00167982
        5743       -0.36   -0.464809  0.00167963
        5744        -0.6   -0.464833   0.0016795
        5745       -0.36   -0.464815  0.00167931
        5746       -0.36   -0.464796  0.00167912
        5747        -0.6    -0.46482  0.00167899
        5748       -0.52    -0.46483  0.00167872
        5749       -0.52   -0.464839  0.00167846
        5750        -0.6   -0.464863  0.00167833
        5751       -0.52   -0.464872  0.00167807
        5752       -0.36   -0.464854  0.00167788
        5753       -0.44    -0.46485  0.00167759
        5754        -0.6   -0.464873  0.00167746
        5755        -0.2   -0.464827   0.0016778
        5756        -0.2   -0.464781  0.00167814
        5757        -0.2   -0.464735  0.00167848
        5758       -0.36   -0.464717  0.00167829
        5759       -0.44   -0.464713    0.001678
        5760        -0.6   -0.464736  0.00167787
        5761       -0.36   -0.464718  0.00167768
        5762        -0.6   -0.464741  0.00167755
        5763       -0.44   -0.464737  0.00167727
        5764       -0.36   -0.464719  0.00167708
        5765       -0.52   -0.464729  0.00167681
        5766       -0.44   -0.464724  0.00167653
        5767       -0.28   -0.464692  0.00167654
        5768       -0.44   -0.464688  0.00167626
        5769       -0.52   -0.464698  0.00167599
        5770       -0.68   -0.464735  0.00167612
        5771       -0.44   -0.464731  0.00167583
        5772       -0.52    -0.46474  0.00167557
        5773        -0.6   -0.464764  0.00167544
        5774       -0.36   -0.464745  0.00167525
        5775       -0.36   -0.464727  0.00167506
        5776       -0.52   -0.464737   0.0016748
        5777        -0.6    -0.46476  0.00167467
        5778       -0.44   -0.464756  0.00167439
        5779       -0.52   -0.464766  0.00167413
        5780        -0.6   -0.464789    0.001674
        5781        -0.6   -0.464812  0.00167387
        5782        -0.6   -0.464836  0.00167375
        5783       -0.76   -0.464887  0.00167424
        5784       -0.52   -0.464896  0.00167397
        5785       -0.36   -0.464878  0.00167378
        5786       -0.44   -0.464874   0.0016735
        5787       -0.44    -0.46487  0.00167321
        5788       -0.28   -0.464838  0.00167323
        5789        -0.6   -0.464861   0.0016731
        5790        -0.6   -0.464884  0.00167298
        5791       -0.52   -0.464894  0.00167272
        5792       -0.44    -0.46489  0.00167243
        5793       -0.52   -0.464899  0.00167217
        5794       -0.28   -0.464867  0.00167219
        5795       -0.44   -0.464863   0.0016719
        5796       -0.52   -0.464872  0.00167164
        5797       -0.44   -0.464868  0.00167136
        5798       -0.44   -0.464864  0.00167108
        5799       -0.36   -0.464846  0.00167089
        5800       -0.36   -0.464828   0.0016707
        5801       -0.52   -0.464837  0.00167044
        5802       -0.44   -0.464833  0.00167015
        5803       -0.68    -0.46487  0.00167028
        5804       -0.68   -0.464907   0.0016704
        5805        -0.6    -0.46493  0.00167027
        5806        -0.6   -0.464953  0.00167015
        5807       -0.36   -0.464935  0.00166996
        5808       -0.28   -0.464904  0.00166997
        5809       -0.52   -0.464913  0.00166971
        5810       -0.36   -0.464895  0.00166952
        5811       -0.36   -0.464877  0.00166933
        5812       -0.52   -0.464886  0.00166907
        5813       -0.44   -0.464882  0.00166879
        5814       -0.52   -0.464892  0.00166853
        5815        -0.6   -0.464915  0.00166841
        5816       -0.52   -0.464924  0.00166815
        5817       -0.52   -0.464934  0.00166789
        5818        -0.6   -0.464957  0.00166776
        5819       -0.44   -0.464953  0.00166748
        5820       -0.68    -0.46499   0.0016676
        5821       -0.36   -0.464972  0.00166742
        5822       -0.36   -0.464954  0.00166723
        5823       -0.28   -0.464922  0.00166724
        5824       -0.44   -0.464918  0.00166696
        5825        -0.6   -0.464941  0.00166684
        5826       -0.52    -0.46495  0.00166658
        5827       -0.44   -0.464946   0.0016663
        5828       -0.44   -0.464942  0.00166602
        5829       -0.36   -0.464924  0.00166583
        5830       -0.44   -0.464919  0.00166555
        5831       -0.52   -0.464929  0.00166529
        5832       -0.76   -0.464979  0.00166577
        5833       -0.44   -0.464975  0.00166549
        5834        -0.6   -0.464998  0.00166537
        5835       -0.52   -0.465008  0.00166511
        5836       -0.36    -0.46499  0.00166492
        5837       -0.52   -0.464999  0.00166466
        5838       -0.28   -0.464967  0.00166468
        5839       -0.44   -0.464963   0.0016644
        5840        -0.6   -0.464986  0.00166427
        5841       -0.52   -0.464996  0.00166402
        5842       -0.36   -0.464978  0.00166383
        5843       -0.44   -0.464973  0.00166355
        5844        -0.6   -0.464997  0.00166342
        5845       -0.52   -0.465006  0.00166317
        5846       -0.52   -0.465015  0.00166291
        5847        -0.6   -0.465038  0.00166278
        5848       -0.68   -0.465075  0.00166291
        5849       -0.52   -0.465085  0.00166265
        5850        -0.6   -0.465108  0.00166252
        5851       -0.44   -0.465103  0.00166225
        5852       -0.36   -0.465085  0.00166206
        5853        -0.6   -0.465108  0.00166193
        5854       -0.12    -0.46505   0.0016627
        5855       -0.44   -0.465045  0.00166242
        5856       -0.44   -0.465041  0.00166214
        5857       -0.44   -0.465037  0.00166186
        5858       -0.52   -0.465046   0.0016616
        5859        -0.6   -0.465069  0.00166148
        5860       -0.52   -0.465078  0.00166122
        5861        -0.6   -0.465102   0.0016611
        5862        -0.6   -0.465125  0.00166097
        5863        -0.6   -0.465148  0.00166085
        5864       -0.68   -0.465184  0.00166097
        5865       -0.52   -0.465194  0.00166071
        5866        -0.6   -0.465217  0.00166059
        5867       -0.44   -0.465212  0.00166031
        5868       -0.68   -0.465249  0.00166043
        5869        -0.6   -0.465272  0.00166031
        5870       -0.44   -0.465267  0.00166003
        5871       -0.68   -0.465304  0.00166015
        5872        -0.6   -0.465327  0.00166003
        5873       -0.52   -0.465336  0.00165977
        5874       -0.68   -0.465373  0.00165989
        5875       -0.44   -0.465369  0.00165961
        5876       -0.36   -0.465351  0.00165943
        5877       -0.52    -0.46536  0.00165917
        5878       -0.68   -0.465396  0.00165929
        5879       -0.52   -0.465406  0.00165904
        5880       -0.68   -0.465442  0.00165916
        5881       -0.44   -0.465438  0.00165888
        5882       -0.52   -0.465447  0.00165862
        5883       -0.52   -0.465456  0.00165837
        5884       -0.44   -0.465452  0.00165809
        5885       -0.52   -0.465461  0.00165783
        5886       -0.36   -0.465443  0.00165765
        5887       -0.52   -0.465453  0.00165739
        5888        -0.6   -0.465476  0.00165727
        5889       -0.68   -0.465512  0.00165739
        5890       -0.52   -0.465521  0.00165713
        5891        -0.6   -0.465544  0.00165701
        5892       -0.52   -0.465553  0.00165675
        5893       -0.28   -0.465522  0.00165677
        5894       -0.52   -0.465531  0.00165652
        5895       -0.52    -0.46554  0.00165626
        5896        -0.6   -0.465563  0.00165614
        5897       -0.68   -0.465599  0.00165626
        5898       -0.76   -0.465649  0.00165673
        5899       -0.44   -0.465645  0.00165645
        5900       -0.44   -0.465641  0.00165618
        5901       -0.36   -0.465623  0.00165599
        5902       -0.28   -0.465591  0.00165601
        5903       -0.44   -0.465587  0.00165574
        5904        -0.6    -0.46561  0.00165561
        5905       -0.52   -0.465619  0.00165536
        5906       -0.44   -0.465615  0.00165508
        5907        -0.2    -0.46557  0.00165541
        5908       -0.28   -0.465538  0.00165543
        5909       -0.52   -0.465547  0.00165518
        5910        -0.6    -0.46557  0.00165505
        5911       -0.36   -0.465552  0.00165487
        5912        -0.6   -0.465575  0.00165475
        5913       -0.36   -0.465557  0.00165456
        5914        -0.6    -0.46558  0.00165444
        5915       -0.68   -0.465616  0.00165456
        5916       -0.36   -0.465598  0.00165437
        5917       -0.28   -0.465567  0.00165439
        5918       -0.44   -0.465563  0.00165412
        5919       -0.36   -0.465545  0.00165393
        5920       -0.28   -0.465514  0.00165395
        5921       -0.44   -0.465509  0.00165368
        5922       -0.52   -0.465518  0.00165342
        5923       -0.36   -0.465501  0.00165324
        5924       -0.52    -0.46551  0.00165299
        5925       -0.52   -0.465519  0.00165273
        5926       -0.44   -0.465515  0.00165246
        5927       -0.44    -0.46551  0.00165219
        5928       -0.52    -0.46552  0.00165193
        5929       -0.44   -0.465515  0.00165166
        5930       -0.36   -0.465497  0.00165148
        5931       -0.44   -0.465493   0.0016512
        5932       -0.68   -0.465529  0.00165132
        5933       -0.68   -0.465565  0.00165144
        5934        -0.6   -0.465588  0.00165132
        5935        -0.6   -0.465611  0.00165119
        5936       -0.36   -0.465593  0.00165101
        5937       -0.44   -0.465589  0.00165074
        5938       -0.36   -0.465571  0.00165056
        5939       -0.52    -0.46558   0.0016503
        5940       -0.52   -0.465589  0.00165005
        5941       -0.52   -0.465598   0.0016498
        5942       -0.52   -0.465608  0.00164955
        5943       -0.28   -0.465576  0.00164957
        5944       -0.36   -0.465559  0.00164938
        5945       -0.44   -0.465554  0.00164911
        5946       -0.44    -0.46555  0.00164884
        5947       -0.52   -0.465559  0.00164859
        5948        -0.2   -0.465514  0.00164892
        5949        -0.6   -0.465537  0.00164879
        5950       -0.52   -0.465546  0.00164854
        5951       -0.44   -0.465542  0.00164827
        5952       -0.44   -0.465538    0.001648
        5953       -0.52   -0.465547  0.00164775
        5954        -0.6   -0.465569  0.00164763
        5955       -0.36   -0.465552  0.00164744
        5956       -0.44   -0.465547  0.00164717
        5957       -0.68   -0.465583  0.00164729
        5958        -0.6   -0.465606  0.00164717
        5959       -0.52   -0.465615  0.00164692
        5960       -0.52   -0.465624  0.00164667
        5961       -0.52   -0.465633  0.00164641
        5962       -0.28   -0.465602  0.00164643
        5963       -0.44   -0.465598  0.00164616
        5964       -0.36    -0.46558  0.00164598
        5965       -0.28   -0.465549    0.001646
        5966       -0.36   -0.465531  0.00164582
        5967       -0.44   -0.465527  0.00164555
        5968       -0.28   -0.465496  0.00164557
        5969       -0.52   -0.465505  0.00164532
        5970       -0.52   -0.465514  0.00164507
        5971       -0.44    -0.46551   0.0016448
        5972       -0.44   -0.465506  0.00164453
        5973       -0.44   -0.465501  0.00164426
        5974        -0.6   -0.465524  0.00164413
        5975        -0.6   -0.465546  0.00164401
        5976        -0.6   -0.465569  0.00164389
        5977       -0.52   -0.465578  0.00164364
        5978       -0.44   -0.465574  0.00164337
        5979       -0.44   -0.465569   0.0016431
        5980        -0.6   -0.465592  0.00164298
        5981       -0.52   -0.465601  0.00164273
        5982        -0.6   -0.465624  0.00164261
        5983       -0.44   -0.465619  0.00164234
        5984       -0.28   -0.465588  0.00164236
        5985       -0.36   -0.465571  0.00164218
        5986        -0.6   -0.465593  0.00164206
        5987       -0.44   -0.465589  0.00164179
        5988        -0.6   -0.465611  0.00164167
        5989       -0.52    -0.46562  0.00164142
        5990       -0.28   -0.465589  0.00164144
        5991       -0.44   -0.465585  0.00164117
        5992       -0.36   -0.465567  0.00164099
        5993       -0.36    -0.46555  0.00164081
        5994        -0.6   -0.465572  0.00164069
        5995       -0.52   -0.465581  0.00164045
        5996       -0.36   -0.465564  0.00164027
        5997       -0.52   -0.465573  0.00164002
        5998       -0.52   -0.465582  0.00163977
        5999       -0.52   -0.465591  0.00163952
        6000       -0.36   -0.465573  0.00163934
        6001       -0.44   -0.465569  0.00163908
        6002       -0.36   -0.465551   0.0016389
        6003       -0.28   -0.465521  0.00163892
        6004        -0.6   -0.465543   0.0016388
        6005       -0.52   -0.465552  0.00163855
        6006       -0.44   -0.465548  0.00163828
        6007       -0.28   -0.465517   0.0016383
        6008       -0.52   -0.465526  0.00163805
        6009       -0.52   -0.465535   0.0016378
        6010       -0.52   -0.465544  0.00163756
        6011       -0.36   -0.465527  0.00163738
        6012       -0.52   -0.465536  0.00163713
        6013       -0.44   -0.465531  0.00163686
        6014       -0.28     -0.4655  0.00163688
        6015       -0.52    -0.46551  0.00163663
        6016       -0.44   -0.465505  0.00163637
        6017       -0.36   -0.465488  0.00163619
        6018       -0.52   -0.465497  0.00163594
        6019       -0.44   -0.465493  0.00163568
        6020       -0.52   -0.465502  0.00163543
        6021       -0.36   -0.465484  0.00163525
        6022       -0.68    -0.46552  0.00163537
        6023       -0.44   -0.465516   0.0016351
        6024       -0.36   -0.465498  0.00163493
        6025       -0.36    -0.46548  0.00163475
        6026       -0.36   -0.465463  0.00163457
        6027       -0.68   -0.465499  0.00163469
        6028       -0.52   -0.465508  0.00163444
        6029       -0.36    -0.46549  0.00163426
        6030       -0.52   -0.465499  0.00163402
        6031       -0.44   -0.465495  0.00163375
        6032       -0.44   -0.465491  0.00163349
        6033       -0.68   -0.465526   0.0016336
        6034       -0.44   -0.465522  0.00163334
        6035       -0.44   -0.465518  0.00163307
        6036       -0.52   -0.465527  0.00163283
        6037       -0.68   -0.465562  0.00163294
        6038       -0.52   -0.465571   0.0016327
        6039       -0.68   -0.465607  0.00163281
        6040       -0.52   -0.465616  0.00163257
        6041       -0.36   -0.465598  0.00163239
        6042       -0.44   -0.465594  0.00163213
        6043       -0.44    -0.46559  0.00163186
        6044       -0.44   -0.465586   0.0016316
        6045        -0.6   -0.465608  0.00163148
        6046        -0.6    -0.46563  0.00163136
        6047       -0.68   -0.465666  0.00163148
        6048       -0.68   -0.465701  0.00163159
        6049        -0.6   -0.465723  0.00163147
        6050       -0.68   -0.465759  0.00163159
        6051       -0.44   -0.465754  0.00163132
        6052       -0.36   -0.465737  0.00163115
        6053       -0.44   -0.465733  0.00163088
        6054       -0.44   -0.465728  0.00163062
        6055       -0.44   -0.465724  0.00163035
        6056       -0.44    -0.46572  0.00163009
        6057       -0.52   -0.465729  0.00162985
        6058       -0.52   -0.465738   0.0016296
        6059       -0.36    -0.46572  0.00162943
        6060       -0.44   -0.465716  0.00162916
        6061       -0.44   -0.465712   0.0016289
        6062       -0.36   -0.465694  0.00162872
        6063       -0.44    -0.46569  0.00162846
        6064        -0.6   -0.465712  0.00162834
        6065        -0.6   -0.465735  0.00162823
        6066        -0.6   -0.465757  0.00162811
        6067       -0.44   -0.465752  0.00162784
        6068       -0.36   -0.465735  0.00162767
        6069       -0.28   -0.465704  0.00162769
        6070       -0.44     -0.4657  0.00162743
        6071       -0.44   -0.465696  0.00162716
        6072       -0.44   -0.465692   0.0016269
        6073       -0.44   -0.465687  0.00162664
        6074       -0.44   -0.465683  0.00162638
        6075       -0.44   -0.465679  0.00162611
        6076       -0.28   -0.465648  0.00162613
        6077       -0.44   -0.465644  0.00162587
        6078       -0.36   -0.465627   0.0016257
        6079        -0.2   -0.465583  0.00162602
        6080       -0.36   -0.465566  0.00162584
        6081       -0.44   -0.465562  0.00162558
        6082       -0.52   -0.465571  0.00162534
        6083       -0.52   -0.465579   0.0016251
        6084       -0.44   -0.465575  0.00162483
        6085       -0.36   -0.465558  0.00162466
        6086       -0.44   -0.465554   0.0016244
        6087       -0.36   -0.465536  0.00162422
        6088       -0.44   -0.465532  0.00162396
        6089       -0.36   -0.465515  0.00162379
        6090       -0.28   -0.465484  0.00162381
        6091       -0.44    -0.46548  0.00162355
        6092       -0.52   -0.465489   0.0016233
        6093       -0.52   -0.465498  0.00162306
        6094        -0.6    -0.46552  0.00162295
        6095        -0.6   -0.465542  0.00162283
        6096       -0.52   -0.465551  0.00162259
        6097       -0.44   -0.465547  0.00162233
        6098        -0.6   -0.465569  0.00162221
        6099       -0.52   -0.465578  0.00162197
        6100       -0.44   -0.465574  0.00162171
        6101       -0.36   -0.465556  0.00162154
        6102       -0.36   -0.465539  0.00162136
        6103       -0.44   -0.465535   0.0016211
        6104       -0.52   -0.465544  0.00162086
        6105       -0.68   -0.465579  0.00162098
        6106       -0.52   -0.465588  0.00162074
        6107        -0.6    -0.46561  0.00162062
        6108       -0.36   -0.465593  0.00162045
        6109       -0.28   -0.465562  0.00162047
        6110        -0.6   -0.465584  0.00162035
        6111       -0.44    -0.46558  0.00162009
        6112       -0.36   -0.465563  0.00161992
        6113       -0.44   -0.465559  0.00161966
        6114       -0.44   -0.465554   0.0016194
        6115       -0.28   -0.465524  0.00161942
        6116       -0.52   -0.465533  0.00161918
        6117       -0.44   -0.465529  0.00161892
        6118        -0.6   -0.465551   0.0016188
        6119        -0.6   -0.465573  0.00161869
        6120       -0.52   -0.465582  0.00161845
        6121       -0.52   -0.465591  0.00161821
        6122       -0.52   -0.465599  0.00161797
        6123       -0.52   -0.465608  0.00161773
        6124       -0.52   -0.465617  0.00161749
        6125        -0.6   -0.465639  0.00161737
        6126        -0.6   -0.465661  0.00161726
        6127       -0.52    -0.46567  0.00161702
        6128       -0.52   -0.465679  0.00161678
        6129       -0.36   -0.465662  0.00161661
        6130       -0.76    -0.46571  0.00161705
        6131       -0.68   -0.465745  0.00161717
        6132       -0.44    -0.46574  0.00161691
        6133        -0.2   -0.465697  0.00161723
        6134       -0.36    -0.46568  0.00161706
        6135       -0.52   -0.465689  0.00161682
        6136       -0.52   -0.465698  0.00161658
        6137       -0.36    -0.46568  0.00161641
        6138       -0.52   -0.465689  0.00161617
        6139       -0.52   -0.465698  0.00161593
        6140       -0.28   -0.465668  0.00161595
        6141       -0.52   -0.465677  0.00161571
        6142       -0.68   -0.465711  0.00161582
        6143       -0.84   -0.465772  0.00161671
        6144        -0.6   -0.465794  0.00161659
        6145        -0.6   -0.465816  0.00161648
        6146        -0.6   -0.465838  0.00161636
        6147       -0.36   -0.465821  0.00161619
        6148       -0.44   -0.465817  0.00161593
        6149       -0.44   -0.465812  0.00161567
        6150       -0.52   -0.465821  0.00161544
        6151       -0.36   -0.465804  0.00161526
        6152        -0.6   -0.465826  0.00161515
        6153       -0.52   -0.465835  0.00161491
        6154        -0.6   -0.465856   0.0016148
        6155        -0.6   -0.465878  0.00161468
        6156       -0.52   -0.465887  0.00161444
        6157        -0.6   -0.465909  0.00161433
        6158       -0.36   -0.465892  0.00161416
        6159       -0.44   -0.465887   0.0016139
        6160       -0.36    -0.46587  0.00161373
        6161       -0.36   -0.465853  0.00161356
        6162       -0.44   -0.465849   0.0016133
        6163       -0.68   -0.465883  0.00161341
        6164       -0.44   -0.465879  0.00161316
        6165        -0.2   -0.465836  0.00161347
        6166       -0.44   -0.465832  0.00161322
        6167       -0.36   -0.465815  0.00161305
        6168       -0.44   -0.465811  0.00161279
        6169       -0.36   -0.465793  0.00161262
        6170       -0.36   -0.465776  0.00161245
        6171       -0.28   -0.465746  0.00161247
        6172       -0.28   -0.465716  0.00161249
        6173       -0.52   -0.465725  0.00161225
        6174       -0.52   -0.465734  0.00161201
        6175       -0.52   -0.465743  0.00161178
        6176       -0.36   -0.465725  0.00161161
        6177       -0.36   -0.465708  0.00161144
        6178       -0.52   -0.465717   0.0016112
        6179       -0.52   -0.465726  0.00161096
        6180       -0.52   -0.465735  0.00161073
        6181       -0.44    -0.46573  0.00161047
        6182        -0.6   -0.465752  0.00161036
        6183       -0.44   -0.465748   0.0016101
        6184       -0.44   -0.465744  0.00160985
        6185        -0.6   -0.465766  0.00160973
        6186       -0.36   -0.465748  0.00160956
        6187        -0.6    -0.46577  0.00160945
        6188       -0.52   -0.465779  0.00160921
        6189       -0.52   -0.465788  0.00160898
        6190       -0.44   -0.465784  0.00160872
        6191       -0.52   -0.465792  0.00160849
        6192       -0.52   -0.465801  0.00160825
        6193       -0.52    -0.46581  0.00160802
        6194       -0.36   -0.465793  0.00160785
        6195       -0.52   -0.465801  0.00160761
        6196       -0.52    -0.46581  0.00160738
        6197        -0.2   -0.465767  0.00160769
        6198       -0.68   -0.465802   0.0016078
        6199       -0.52   -0.465811  0.00160756
        6200       -0.36   -0.465794   0.0016074
        6201       -0.52   -0.465802  0.00160716
        6202       -0.28   -0.465772  0.00160718
        6203        -0.2   -0.465729  0.00160749
        6204       -0.28     -0.4657  0.00160751
        6205       -0.52   -0.465708  0.00160728
        6206       -0.52   -0.465717  0.00160704
        6207       -0.36     -0.4657  0.00160687
        6208        -0.2   -0.465657  0.00160718
        6209       -0.44   -0.465653  0.00160693
        6210       -0.36   -0.465636  0.00160676
        6211        -0.2   -0.465593  0.00160707
        6212       -0.36   -0.465576   0.0016069
        6213       -0.28   -0.465546  0.00160692
        6214       -0.36   -0.465529  0.00160675
        6215       -0.52   -0.465538  0.00160652
        6216       -0.44   -0.465534  0.00160627
        6217        -0.6   -0.465556  0.00160615
        6218       -0.36   -0.465539  0.00160598
        6219       -0.52   -0.465548  0.00160575
        6220       -0.44   -0.465543   0.0016055
        6221       -0.52   -0.465552  0.00160526
        6222       -0.52   -0.465561  0.00160503
        6223       -0.44   -0.465557  0.00160478
        6224        -0.6   -0.465578  0.00160466
        6225       -0.28   -0.465549  0.00160468
        6226       -0.52   -0.465557  0.00160445
        6227        -0.6   -0.465579  0.00160434
        6228       -0.36   -0.465562  0.00160417
        6229       -0.52   -0.465571  0.00160393
        6230       -0.52   -0.465579   0.0016037
        6231       -0.52   -0.465588  0.00160347
        6232       -0.68   -0.465623  0.00160358
        6233       -0.44   -0.465618  0.00160333
        6234        -0.2   -0.465576  0.00160364
        6235       -0.52   -0.465585   0.0016034
        6236       -0.44   -0.465581  0.00160315
        6237       -0.28   -0.465551  0.00160317
        6238       -0.44   -0.465547  0.00160292
        6239       -0.44   -0.465543  0.00160267
        6240       -0.52   -0.465551  0.00160243
        6241       -0.28   -0.465522  0.00160245
        6242       -0.44   -0.465517   0.0016022
        6243       -0.36   -0.465501  0.00160203
        6244       -0.28   -0.465471  0.00160205
        6245       -0.44   -0.465467   0.0016018
        6246       -0.44   -0.465463  0.00160155
        6247       -0.52   -0.465471  0.00160132
        6248        -0.6   -0.465493  0.00160121
        6249       -0.12   -0.465438   0.0016019
        6250        -0.2   -0.465395  0.00160221
        6251       -0.28   -0.465366  0.00160223
        6252       -0.68     -0.4654  0.00160234
        6253       -0.44   -0.465396  0.00160209
        6254       -0.36   -0.465379  0.00160192
        6255       -0.68   -0.465413  0.00160203
        6256        -0.6   -0.465435  0.00160192
        6257       -0.52   -0.465444  0.00160169
        6258       -0.28   -0.465414  0.00160171
        6259       -0.52   -0.465423  0.00160147
        6260       -0.44   -0.465419  0.00160122
        6261       -0.52   -0.465427  0.00160099
        6262       -0.52   -0.465436  0.00160076
        6263       -0.36   -0.465419  0.00160059
        6264       -0.28    -0.46539  0.00160061
        6265       -0.28    -0.46536  0.00160063
        6266        -0.2   -0.465318  0.00160093
        6267       -0.36   -0.465301  0.00160077
        6268       -0.68   -0.465335  0.00160088
        6269       -0.36   -0.465318  0.00160071
        6270        -0.2   -0.465276  0.00160101
        6271       -0.28   -0.465246  0.00160103
        6272       -0.28   -0.465217  0.00160105
        6273       -0.44   -0.465213   0.0016008
        6274       -0.44   -0.465209  0.00160055
        6275       -0.36   -0.465192  0.00160038
        6276       -0.28   -0.465163   0.0016004
        6277       -0.44   -0.465159  0.00160015
        6278       -0.44   -0.465155   0.0015999
        6279       -0.52   -0.465163  0.00159967
        6280       -0.68   -0.465197  0.00159978
        6281       -0.52   -0.465206  0.00159955
        6282       -0.44   -0.465202   0.0015993
        6283        -0.6   -0.465224  0.00159919
        6284       -0.52   -0.465232  0.00159896
        6285       -0.36   -0.465216  0.00159879
        6286       -0.44   -0.465212  0.00159854
        6287       -0.52    -0.46522  0.00159831
        6288       -0.44   -0.465216  0.00159806
        6289        -0.6   -0.465238  0.00159795
        6290       -0.76   -0.465285  0.00159838
        6291       -0.52   -0.465293  0.00159815
        6292       -0.36   -0.465277  0.00159799
        6293       -0.36    -0.46526  0.00159782
        6294       -0.36   -0.465243  0.00159765
        6295       -0.12   -0.465188  0.00159834
        6296       -0.44   -0.465184  0.00159809
        6297       -0.44    -0.46518  0.00159784
        6298       -0.52   -0.465189  0.00159761
        6299       -0.36   -0.465172  0.00159745
        6300        -0.6   -0.465194  0.00159734
        6301       -0.52   -0.465202  0.00159711
        6302       -0.36   -0.465186  0.00159694
        6303       -0.44   -0.465182  0.00159669
        6304       -0.44   -0.465178  0.00159644
        6305       -0.44   -0.465174   0.0015962
        6306        -0.2   -0.465132   0.0015965
        6307       -0.36   -0.465115  0.00159633
        6308       -0.28   -0.465086  0.00159635
        6309       -0.36   -0.465069  0.00159618
        6310        -0.6    -0.46509  0.00159607
        6311       -0.52   -0.465099  0.00159584
        6312       -0.52   -0.465108  0.00159561
        6313       -0.84   -0.465167  0.00159647
        6314        -0.6   -0.465188  0.00159636
        6315       -0.52   -0.465197  0.00159613
        6316       -0.44   -0.465193  0.00159588
        6317       -0.44   -0.465189  0.00159563
        6318       -0.44   -0.465185  0.00159538
        6319       -0.28   -0.465156   0.0015954
        6320       -0.12   -0.465101  0.00159608
        6321       -0.28   -0.465072   0.0015961
        6322       -0.28   -0.465043  0.00159611
        6323        -0.6   -0.465064    0.001596
        6324       -0.52   -0.465073  0.00159578
        6325       -0.52   -0.465081  0.00159555
        6326       -0.52    -0.46509  0.00159532
        6327       -0.68   -0.465124  0.00159543
        6328       -0.68   -0.465158  0.00159554
        6329        -0.6   -0.465179  0.00159543
        6330       -0.44   -0.465175  0.00159518
        6331       -0.52   -0.465184  0.00159495
        6332       -0.52   -0.465193  0.00159472
        6333       -0.44   -0.465189  0.00159448
        6334        -0.6    -0.46521  0.00159437
        6335       -0.44   -0.465206  0.00159412
        6336       -0.44   -0.465202  0.00159387
        6337        -0.6   -0.465223  0.00159376
        6338       -0.68   -0.465257  0.00159387
        6339        -0.6   -0.465278  0.00159376
        6340       -0.44   -0.465274  0.00159352
        6341       -0.44    -0.46527  0.00159327
        6342       -0.52   -0.465279  0.00159304
        6343       -0.44   -0.465275   0.0015928
        6344       -0.36   -0.465259  0.00159263
        6345       -0.36   -0.465242  0.00159247
        6346       -0.44   -0.465238  0.00159222
        6347       -0.68   -0.465272  0.00159233
        6348       -0.52    -0.46528   0.0015921
        6349       -0.68   -0.465314  0.00159221
        6350       -0.36   -0.465298  0.00159205
        6351       -0.52   -0.465306  0.00159182
        6352       -0.68    -0.46534  0.00159193
        6353        -0.6   -0.465361  0.00159182
        6354       -0.52    -0.46537  0.00159159
        6355        -0.6   -0.465391  0.00159148
        6356       -0.36   -0.465374  0.00159132
        6357       -0.52   -0.465383  0.00159109
        6358       -0.44   -0.465379  0.00159084
        6359       -0.52   -0.465388  0.00159062
        6360       -0.52   -0.465396  0.00159039
        6361       -0.28   -0.465367  0.00159041
        6362       -0.28   -0.465338  0.00159042
        6363       -0.52   -0.465347   0.0015902
        6364        -0.6   -0.465368  0.00159009
        6365       -0.52   -0.465376  0.00158986
        6366        -0.6   -0.465397  0.00158975
        6367       -0.36   -0.465381  0.00158959
        6368       -0.28   -0.465352  0.00158961
        6369       -0.28   -0.465323  0.00158962
        6370        -0.6   -0.465344  0.00158951
        6371       -0.68   -0.465377  0.00158962
        6372        -0.6   -0.465399  0.00158951
        6373       -0.52   -0.465407  0.00158929
        6374       -0.52   -0.465416  0.00158906
        6375       -0.36   -0.465399   0.0015889
        6376       -0.28    -0.46537  0.00158891
        6377       -0.36   -0.465354  0.00158875
        6378       -0.36   -0.465337  0.00158859
        6379       -0.44   -0.465333  0.00158834
        6380       -0.52   -0.465342  0.00158812
        6381        -0.6   -0.465363  0.00158801
        6382        -0.6   -0.465384   0.0015879
        6383        -0.6   -0.465405  0.00158779
        6384       -0.52   -0.465414  0.00158756
        6385       -0.28   -0.465384  0.00158758
        6386       -0.28   -0.465355   0.0015876
        6387       -0.28   -0.465326  0.00158762
        6388       -0.28   -0.465297  0.00158763
        6389       -0.28   -0.465268  0.00158765
        6390        -0.6    -0.46529  0.00158754
        6391       -0.68   -0.465323  0.00158765
        6392       -0.76   -0.465369  0.00158807
        6393       -0.44   -0.465365  0.00158782
        6394       -0.44   -0.465361  0.00158758
        6395        -0.6   -0.465382  0.00158747
        6396       -0.44   -0.465378  0.00158723
        6397       -0.44   -0.465374  0.00158699
        6398       -0.52   -0.465383  0.00158676
        6399       -0.44   -0.465379  0.00158652
        6400        -0.6     -0.4654  0.00158641
        6401        -0.6   -0.465421   0.0015863
        6402       -0.52    -0.46543  0.00158608
        6403        -0.6   -0.465451  0.00158597
        6404       -0.44   -0.465447  0.00158572
        6405       -0.52   -0.465455   0.0015855
        6406       -0.44   -0.465451  0.00158526
        6407       -0.44   -0.465447  0.00158501
        6408       -0.36   -0.465431  0.00158485
        6409       -0.52   -0.465439  0.00158463
        6410        -0.6    -0.46546  0.00158452
        6411        -0.6   -0.465481  0.00158441
        6412        -0.6   -0.465502   0.0015843
        6413       -0.68   -0.465536  0.00158441
        6414       -0.28   -0.465507  0.00158443
        6415       -0.28   -0.465478  0.00158444
        6416       -0.52   -0.465486  0.00158422
        6417       -0.68    -0.46552  0.00158433
        6418       -0.76   -0.465566  0.00158474
        6419       -0.52   -0.465574  0.00158452
        6420        -0.6   -0.465595  0.00158441
        6421       -0.68   -0.465628  0.00158452
        6422       -0.52   -0.465637  0.00158429
        6423        -0.6   -0.465658  0.00158418
        6424       -0.52   -0.465666  0.00158396
        6425        -0.6   -0.465687  0.00158385
        6426       -0.76   -0.465733  0.00158427
        6427       -0.36   -0.465717   0.0015841
        6428       -0.28   -0.465688  0.00158412
        6429       -0.44   -0.465684  0.00158388
        6430       -0.52   -0.465692  0.00158366
        6431       -0.52   -0.465701  0.00158343
        6432       -0.68   -0.465734  0.00158354
        6433        -0.6   -0.465755  0.00158343
        6434        -0.6   -0.465776  0.00158332
        6435       -0.68   -0.465809  0.00158342
        6436        -0.6    -0.46583  0.00158331
        6437       -0.28   -0.465801  0.00158333
        6438       -0.36   -0.465784  0.00158317
        6439       -0.52   -0.465793  0.00158295
        6440       -0.68   -0.465826  0.00158305
        6441        -0.6   -0.465847  0.00158294
        6442       -0.44   -0.465843   0.0015827
        6443       -0.52   -0.465851  0.00158248
        6444       -0.44   -0.465847  0.00158224
        6445       -0.44   -0.465843    0.001582
        6446       -0.44   -0.465839  0.00158176
        6447       -0.52   -0.465848  0.00158153
        6448       -0.36   -0.465831  0.00158137
        6449       -0.52    -0.46584  0.00158115
        6450       -0.36   -0.465823  0.00158099
        6451       -0.28   -0.465794  0.00158101
        6452       -0.28   -0.465766  0.00158103
        6453       -0.36   -0.465749  0.00158087
        6454       -0.44   -0.465745  0.00158063
        6455        -0.6   -0.465766  0.00158052
        6456       -0.52   -0.465774   0.0015803
        6457       -0.52   -0.465783  0.00158007
        6458       -0.52   -0.465791  0.00157985
        6459       -0.28   -0.465763  0.00157987
        6460       -0.36   -0.465746  0.00157971
        6461       -0.28   -0.465717  0.00157973
        6462       -0.44   -0.465713  0.00157949
        6463       -0.44   -0.465709  0.00157925
        6464       -0.44   -0.465705  0.00157901
        6465       -0.44   -0.465701  0.00157877
        6466       -0.68   -0.465735  0.00157887
        6467       -0.44   -0.465731  0.00157863
        6468       -0.44   -0.465727  0.00157839
        6469       -0.28   -0.465698  0.00157841
        6470        -0.2   -0.465657   0.0015787
        6471       -0.28   -0.465628  0.00157872
        6472       -0.52   -0.465637   0.0015785
        6473        -0.6   -0.465657  0.00157839
        6474       -0.44   -0.465653  0.00157815
        6475       -0.36   -0.465637  0.00157799
        6476       -0.36   -0.465621  0.00157783
        6477       -0.52   -0.465629  0.00157761
        6478       -0.36   -0.465613  0.00157745
        6479       -0.36   -0.465597  0.00157729
        6480       -0.28   -0.465568  0.00157731
        6481       -0.36   -0.465552  0.00157715
        6482       -0.52    -0.46556  0.00157693
        6483       -0.44   -0.465556  0.00157669
        6484        -0.6   -0.465577  0.00157658
        6485       -0.44   -0.465573  0.00157634
        6486        -0.6   -0.465594  0.00157624
        6487       -0.52   -0.465602  0.00157602
        6488       -0.44   -0.465598  0.00157578
        6489       -0.36   -0.465582  0.00157562
        6490        -0.6   -0.465602  0.00157551
        6491       -0.44   -0.465599  0.00157528
        6492       -0.44   -0.465595  0.00157504
        6493       -0.44   -0.465591   0.0015748
        6494       -0.36   -0.465574  0.00157464
        6495       -0.44    -0.46557   0.0015744
        6496       -0.36   -0.465554  0.00157425
        6497       -0.28   -0.465526  0.00157426
        6498        -0.2   -0.465485  0.00157455
        6499       -0.44   -0.465481  0.00157431
        6500       -0.12   -0.465428  0.00157497
        6501       -0.36   -0.465411  0.00157481
        6502       -0.36   -0.465395  0.00157465
        6503       -0.44   -0.465391  0.00157441
        6504       -0.44   -0.465387  0.00157418
        6505       -0.28   -0.465359  0.00157419
        6506       -0.44   -0.465355  0.00157395
        6507       -0.44   -0.465351  0.00157372
        6508       -0.28   -0.465323  0.00157373
        6509       -0.52   -0.465331  0.00157351
        6510       -0.44   -0.465327  0.00157328
        6511        -0.6   -0.465348  0.00157317
        6512       -0.36   -0.465332  0.00157301
        6513       -0.44   -0.465328  0.00157278
        6514       -0.44   -0.465324  0.00157254
        6515       -0.28   -0.465295  0.00157256
        6516       -0.36   -0.465279   0.0015724
        6517       -0.36   -0.465263  0.00157224
        6518       -0.52   -0.465272  0.00157202
        6519        -0.2   -0.465231  0.00157231
        6520       -0.44   -0.465227  0.00157207
        6521       -0.28   -0.465199  0.00157208
        6522       -0.28    -0.46517   0.0015721
        6523       -0.44   -0.465166  0.00157186
        6524       -0.36    -0.46515  0.00157171
        6525       -0.52   -0.465159  0.00157149
        6526        -0.2   -0.465118  0.00157177
        6527       -0.36   -0.465102  0.00157161
        6528       -0.36   -0.465086  0.00157145
        6529       -0.52   -0.465094  0.00157124
        6530       -0.52   -0.465103  0.00157102
        6531       -0.44   -0.465099  0.00157078
        6532        -0.6   -0.465119  0.00157068
        6533       -0.68   -0.465152  0.00157078
        6534       -0.68   -0.465185  0.00157089
        6535        -0.6   -0.465206  0.00157078
        6536       -0.44   -0.465202  0.00157055
        6537        -0.6   -0.465223  0.00157044
        6538       -0.28   -0.465194  0.00157046
        6539       -0.52   -0.465203  0.00157024
        6540       -0.68   -0.465235  0.00157034
        6541        -0.6   -0.465256  0.00157024
        6542       -0.52   -0.465264  0.00157002
        6543       -0.52   -0.465273   0.0015698
        6544        -0.2   -0.465232  0.00157008
        6545       -0.36   -0.465216  0.00156993
        6546       -0.52   -0.465225  0.00156971
        6547       -0.52   -0.465233  0.00156949
        6548       -0.44   -0.465229  0.00156926
        6549       -0.44   -0.465225  0.00156902
        6550       -0.44   -0.465221  0.00156879
        6551       -0.44   -0.465218  0.00156855
        6552       -0.52   -0.465226  0.00156834
        6553       -0.28   -0.465198  0.00156835
        6554        -0.6   -0.465218  0.00156825
        6555       -0.52   -0.465227  0.00156803
        6556       -0.36    -0.46521  0.00156787
        6557       -0.52   -0.465219  0.00156766
        6558       -0.44   -0.465215  0.00156742
        6559       -0.28   -0.465187  0.00156744
        6560       -0.36   -0.465171  0.00156728
        6561       -0.36   -0.465155  0.00156712
        6562       -0.44   -0.465151  0.00156689
        6563       -0.28   -0.465123   0.0015669
        6564       -0.36   -0.465107  0.00156675
        6565       -0.36   -0.465091  0.00156659
        6566       -0.36   -0.465075  0.00156643
        6567       -0.36   -0.465059  0.00156628
        6568       -0.44   -0.465055  0.00156604
        6569       -0.44   -0.465051  0.00156581
        6570       -0.52   -0.465059  0.00156559
        6571       -0.44   -0.465056  0.00156536
        6572       -0.36    -0.46504   0.0015652
        6573       -0.36   -0.465024  0.00156505
        6574       -0.36   -0.465008  0.00156489
        6575        -0.6   -0.465028  0.00156479
        6576       -0.44   -0.465024  0.00156455
        6577       -0.28   -0.464996  0.00156457
        6578       -0.44   -0.464992  0.00156433
        6579       -0.52   -0.465001  0.00156412
        6580       -0.52   -0.465009   0.0015639
        6581       -0.44   -0.465005  0.00156367
        6582       -0.44   -0.465002  0.00156344
        6583       -0.44   -0.464998   0.0015632
        6584       -0.52   -0.465006  0.00156299
        6585       -0.36    -0.46499  0.00156283
        6586       -0.52   -0.464998  0.00156262
        6587       -0.52   -0.465007   0.0015624
        6588        -0.6   -0.465027   0.0015623
        6589       -0.28   -0.464999  0.00156232
        6590       -0.44   -0.464995  0.00156208
        6591       -0.44   -0.464992  0.00156185
        6592       -0.44   -0.464988  0.00156162
        6593       -0.52   -0.464996   0.0015614
        6594       -0.52   -0.465005  0.00156119
        6595       -0.52   -0.465013  0.00156098
        6596       -0.68   -0.465045  0.00156108
        6597       -0.68   -0.465078  0.00156118
        6598        -0.6   -0.465099  0.00156108
        6599       -0.36   -0.465083  0.00156092
        6600       -0.36   -0.465067  0.00156077
        6601       -0.52   -0.465075  0.00156055
        6602       -0.44   -0.465071  0.00156032
        6603       -0.44   -0.465067  0.00156009
        6604       -0.44   -0.465064  0.00155986
        6605       -0.52   -0.465072  0.00155965
        6606        -0.6   -0.465092  0.00155954
        6607       -0.44   -0.465089  0.00155931
        6608       -0.44   -0.465085  0.00155908
        6609       -0.44   -0.465081  0.00155885
        6610       -0.68   -0.465113  0.00155895
        6611        -0.6   -0.465134  0.00155885
        6612       -0.28   -0.465106  0.00155887
        6613       -0.52   -0.465114  0.00155865
        6614       -0.68   -0.465147  0.00155876
        6615       -0.36   -0.465131   0.0015586
        6616       -0.52   -0.465139  0.00155839
        6617        -0.6   -0.465159  0.00155828
        6618        -0.6    -0.46518  0.00155818
        6619       -0.44   -0.465176  0.00155795
        6620       -0.44   -0.465172  0.00155772
        6621       -0.44   -0.465168  0.00155749
        6622       -0.36   -0.465153  0.00155734
        6623        -0.6   -0.465173  0.00155723
        6624       -0.44   -0.465169    0.001557
        6625       -0.52   -0.465177  0.00155679
        6626       -0.28   -0.465149  0.00155681
        6627       -0.44   -0.465146  0.00155658
        6628        -0.6   -0.465166  0.00155647
        6629        -0.6   -0.465186  0.00155637
        6630        -0.6   -0.465207  0.00155627
        6631       -0.44   -0.465203  0.00155604
        6632       -0.44   -0.465199  0.00155581
        6633       -0.36   -0.465183  0.00155566
        6634       -0.52   -0.465191  0.00155544
        6635       -0.68   -0.465224  0.00155555
        6636        -0.6   -0.465244  0.00155545
        6637       -0.68   -0.465276  0.00155555
        6638        -0.6   -0.465297  0.00155545
        6639        -0.6   -0.465317  0.00155534
        6640        -0.6   -0.465337  0.00155524
        6641        -0.6   -0.465358  0.00155514
        6642       -0.52   -0.465366  0.00155493
        6643       -0.44   -0.465362   0.0015547
        6644       -0.44   -0.465358  0.00155447
        6645       -0.52   -0.465366  0.00155426
        6646       -0.44   -0.465363  0.00155403
        6647       -0.44   -0.465359   0.0015538
        6648       -0.52   -0.465367  0.00155359
        6649       -0.52   -0.465375  0.00155337
        6650       -0.28   -0.465347  0.00155339
        6651       -0.52   -0.465356  0.00155318
        6652       -0.36    -0.46534  0.00155303
        6653       -0.36   -0.465324  0.00155287
        6654       -0.44    -0.46532  0.00155264
        6655        -0.6    -0.46534  0.00155254
        6656        -0.6   -0.465361  0.00155244
        6657       -0.44   -0.465357  0.00155221
        6658       -0.68   -0.465389  0.00155231
        6659        -0.6   -0.465409  0.00155221
        6660       -0.44   -0.465405  0.00155198
        6661        -0.6   -0.465426  0.00155188
        6662       -0.44   -0.465422  0.00155165
        6663        -0.6   -0.465442  0.00155155
        6664       -0.44   -0.465438  0.00155133
        6665       -0.28    -0.46541  0.00155134
        6666       -0.44   -0.465407  0.00155111
        6667        -0.6   -0.465427  0.00155101
        6668       -0.52   -0.465435   0.0015508
        6669       -0.52   -0.465443  0.00155059
        6670       -0.52   -0.465451  0.00155038
        6671       -0.44   -0.465447  0.00155015
        6672       -0.44   -0.465444  0.00154992
        6673       -0.52   -0.465452  0.00154971
        6674       -0.44   -0.465448  0.00154949
        6675       -0.68    -0.46548  0.00154959
        6676       -0.68   -0.465512  0.00154969
        6677       -0.44   -0.465508  0.00154946
        6678       -0.68   -0.465541  0.00154956
        6679       -0.68   -0.465573  0.00154966
        6680        -0.6   -0.465593  0.00154956
        6681       -0.36   -0.465577  0.00154941
        6682       -0.36   -0.465561  0.00154926
        6683       -0.52   -0.465569  0.00154905
        6684       -0.52   -0.465577  0.00154884
        6685       -0.36   -0.465562  0.00154869
        6686       -0.44   -0.465558  0.00154846
        6687       -0.36   -0.465542  0.00154831
        6688       -0.12    -0.46549  0.00154894
        6689       -0.36   -0.465475  0.00154879
        6690       -0.52   -0.465483  0.00154858
        6691       -0.52   -0.465491  0.00154837
        6692        -0.6   -0.465511  0.00154827
        6693        -0.6   -0.465531  0.00154817
        6694       -0.52   -0.465539  0.00154796
        6695        -0.6   -0.465559  0.00154786
        6696       -0.44   -0.465556  0.00154763
        6697       -0.28   -0.465528  0.00154765
        6698       -0.52   -0.465536  0.00154744
        6699       -0.52   -0.465544  0.00154723
        6700        -0.6   -0.465564  0.00154713
        6701       -0.52   -0.465572  0.00154692
        6702       -0.44   -0.465568  0.00154669
        6703       -0.36   -0.465553  0.00154654
        6704       -0.52   -0.465561  0.00154633
        6705        -0.6   -0.465581  0.00154623
        6706       -0.36   -0.465565  0.00154608
        6707       -0.28   -0.465537   0.0015461
        6708       -0.36   -0.465522  0.00154595
        6709       -0.44   -0.465518  0.00154572
        6710       -0.12   -0.465466  0.00154635
        6711       -0.28   -0.465439  0.00154636
        6712       -0.28   -0.465411  0.00154638
        6713       -0.36   -0.465396  0.00154623
        6714        -0.2   -0.465356   0.0015465
        6715       -0.52   -0.465364  0.00154629
        6716       -0.36   -0.465348  0.00154614
        6717       -0.44   -0.465345  0.00154592
        6718       -0.52   -0.465353  0.00154571
        6719        -0.6   -0.465373  0.00154561
        6720       -0.44   -0.465369  0.00154538
        6721       -0.44   -0.465365  0.00154516
        6722       -0.36    -0.46535  0.00154501
        6723       -0.44   -0.465346  0.00154478
        6724       -0.52   -0.465354  0.00154458
        6725        -0.2   -0.465314  0.00154485
        6726       -0.52   -0.465323  0.00154464
        6727       -0.36   -0.465307  0.00154449
        6728       -0.52   -0.465315  0.00154428
        6729        -0.6   -0.465335  0.00154418
        6730       -0.36   -0.465319  0.00154403
        6731       -0.36   -0.465304  0.00154388
        6732       -0.36   -0.465288  0.00154373
        6733        -0.6   -0.465308  0.00154363
        6734        -0.6   -0.465328  0.00154353
        6735       -0.52   -0.465336  0.00154333
        6736       -0.76    -0.46538  0.00154372
        6737       -0.28   -0.465353  0.00154373
        6738       -0.36   -0.465337  0.00154358
        6739       -0.36   -0.465321  0.00154343
        6740       -0.52   -0.465329  0.00154322
        6741       -0.52   -0.465337  0.00154302
        6742       -0.44   -0.465334  0.00154279
        6743       -0.68   -0.465366  0.00154289
        6744       -0.68   -0.465397  0.00154299
        6745       -0.36   -0.465382  0.00154284
        6746       -0.44   -0.465378  0.00154262
        6747        -0.6   -0.465398  0.00154252
        6748        -0.6   -0.465418  0.00154242
        6749       -0.68    -0.46545  0.00154252
        6750        -0.6    -0.46547  0.00154242
        6751        -0.6    -0.46549  0.00154232
        6752        -0.6   -0.465509  0.00154222
        6753       -0.52   -0.465518  0.00154201
        6754       -0.52   -0.465526   0.0015418
        6755       -0.28   -0.465498  0.00154182
        6756       -0.52   -0.465506  0.00154161
        6757       -0.44   -0.465502  0.00154139
        6758       -0.36   -0.465487  0.00154124
        6759       -0.44   -0.465483  0.00154102
        6760       -0.44   -0.465479  0.00154079
        6761       -0.36   -0.465464  0.00154065
        6762       -0.44    -0.46546  0.00154042
        6763        -0.6    -0.46548  0.00154032
        6764        -0.6     -0.4655  0.00154022
        6765       -0.36   -0.465484  0.00154007
        6766       -0.44    -0.46548  0.00153985
        6767       -0.44   -0.465477  0.00153963
        6768       -0.28   -0.465449  0.00153965
        6769       -0.44   -0.465445  0.00153942
        6770       -0.36    -0.46543  0.00153927
        6771        -0.6    -0.46545  0.00153917
        6772        -0.6    -0.46547  0.00153908
        6773       -0.36   -0.465454  0.00153893
        6774       -0.44    -0.46545   0.0015387
        6775       -0.36   -0.465435  0.00153856
        6776       -0.36   -0.465419  0.00153841
        6777       -0.52   -0.465427   0.0015382
        6778       -0.68   -0.465459   0.0015383
        6779       -0.44   -0.465455  0.00153808
        6780        -0.2   -0.465416  0.00153835
        6781       -0.28   -0.465389  0.00153837
        6782       -0.52   -0.465397  0.00153816
        6783        -0.6   -0.465416  0.00153806
        6784       -0.44   -0.465413  0.00153784
        6785       -0.28   -0.465385  0.00153786
        6786       -0.28   -0.465358  0.00153787
        6787       -0.52   -0.465366  0.00153767
        6788       -0.44   -0.465362  0.00153744
        6789       -0.36   -0.465347   0.0015373
        6790       -0.36   -0.465331  0.00153715
        6791       -0.52   -0.465339  0.00153694
        6792       -0.36   -0.465324  0.00153679
        6793       -0.44    -0.46532  0.00153657
        6794       -0.44   -0.465316  0.00153635
        6795       -0.36   -0.465301   0.0015362
        6796       -0.44   -0.465297  0.00153598
        6797       -0.44   -0.465294  0.00153576
        6798        -0.2   -0.465254  0.00153603
        6799        -0.6   -0.465274  0.00153593
        6800       -0.44   -0.465271  0.00153571
        6801       -0.52   -0.465279  0.00153551
        6802        -0.6   -0.465298  0.00153541
        6803        -0.6   -0.465318  0.00153531
        6804       -0.52   -0.465326   0.0015351
        6805       -0.44   -0.465323  0.00153488
        6806        -0.6   -0.465342  0.00153479
        6807        -0.6   -0.465362  0.00153469
        6808       -0.52    -0.46537  0.00153448
        6809       -0.52   -0.465378  0.00153428
        6810       -0.52   -0.465386  0.00153407
        6811        -0.6   -0.465406  0.00153398
        6812       -0.52   -0.465414  0.00153377
        6813       -0.52   -0.465422  0.00153357
        6814       -0.68   -0.465453  0.00153367
        6815       -0.44    -0.46545  0.00153345
        6816       -0.36   -0.465434   0.0015333
        6817       -0.36   -0.465419  0.00153315
        6818       -0.36   -0.465403  0.00153301
        6819       -0.44     -0.4654  0.00153279
        6820       -0.52   -0.465408  0.00153258
        6821       -0.52   -0.465416  0.00153238
        6822        -0.6   -0.465435  0.00153228
        6823       -0.44   -0.465432  0.00153206
        6824       -0.36   -0.465416  0.00153191
        6825       -0.44   -0.465412  0.00153169
        6826       -0.52    -0.46542  0.00153149
        6827       -0.36   -0.465405  0.00153134
        6828       -0.52   -0.465413  0.00153114
        6829        -0.6   -0.465433  0.00153104
        6830       -0.44   -0.465429  0.00153082
        6831       -0.36   -0.465414  0.00153068
        6832       -0.52   -0.465422  0.00153047
        6833       -0.76   -0.465465  0.00153086
        6834       -0.52   -0.465473  0.00153065
        6835       -0.68   -0.465504  0.00153075
        6836       -0.52   -0.465512  0.00153055
        6837       -0.44   -0.465508  0.00153033
        6838       -0.44   -0.465505  0.00153011
        6839       -0.36   -0.465489  0.00152996
        6840       -0.52   -0.465497  0.00152976
        6841       -0.52   -0.465505  0.00152956
        6842       -0.44   -0.465501  0.00152934
        6843       -0.44   -0.465498  0.00152912
        6844       -0.28    -0.46547  0.00152914
        6845       -0.28   -0.465443  0.00152915
        6846       -0.36   -0.465428  0.00152901
        6847       -0.52   -0.465436   0.0015288
        6848       -0.44   -0.465432  0.00152859
        6849       -0.28   -0.465405   0.0015286
        6850       -0.36    -0.46539  0.00152846
        6851       -0.28   -0.465363  0.00152847
        6852       -0.52   -0.465371  0.00152827
        6853       -0.52   -0.465379  0.00152807
        6854       -0.44   -0.465375  0.00152785
        6855       -0.44   -0.465371  0.00152763
        6856       -0.28   -0.465344  0.00152765
        6857       -0.52   -0.465352  0.00152745
        6858       -0.52    -0.46536  0.00152724
        6859       -0.36   -0.465345   0.0015271
        6860       -0.44   -0.465341  0.00152688
        6861       -0.52   -0.465349  0.00152668
        6862       -0.52   -0.465357  0.00152648
        6863        -0.6   -0.465377  0.00152638
        6864       -0.36   -0.465361  0.00152624
        6865       -0.36   -0.465346  0.00152609
        6866       -0.36   -0.465331  0.00152595
        6867       -0.44   -0.465327  0.00152573
        6868        -0.6   -0.465347  0.00152563
        6869       -0.68   -0.465378  0.00152573
        6870       -0.36   -0.465362  0.00152558
        6871       -0.44   -0.465359  0.00152537
        6872       -0.04   -0.465297   0.0015264
        6873       -0.36   -0.465282  0.00152626
        6874       -0.44   -0.465278  0.00152604
        6875       -0.36   -0.465263  0.00152589
        6876       -0.52   -0.465271  0.00152569
        6877       -0.44   -0.465267  0.00152547
        6878        -0.2   -0.465228  0.00152574
        6879       -0.52   -0.465236  0.00152554
        6880       -0.36   -0.465221  0.00152539
        6881       -0.28   -0.465194  0.00152541
        6882       -0.44    -0.46519  0.00152519
        6883       -0.52   -0.465198  0.00152499
        6884       -0.44   -0.465195  0.00152477
        6885       -0.36   -0.465179  0.00152463
        6886        -0.6   -0.465199  0.00152453
        6887       -0.52   -0.465207  0.00152433
        6888       -0.68   -0.465238  0.00152443
        6889       -0.52   -0.465246  0.00152423
        6890       -0.44   -0.465242  0.00152401
        6891       -0.44   -0.465239   0.0015238
        6892        -0.2     -0.4652  0.00152406
        6893       -0.44   -0.465197  0.00152384
        6894       -0.44   -0.465193  0.00152363
        6895       -0.44   -0.465189  0.00152341
        6896       -0.44   -0.465186  0.00152319
        6897        -0.6   -0.465205   0.0015231
        6898       -0.52   -0.465213   0.0015229
        6899        -0.6   -0.465233   0.0015228
        6900        -0.6   -0.465252  0.00152271
        6901        -0.6   -0.465272  0.00152261
        6902       -0.52    -0.46528  0.00152241
        6903       -0.36   -0.465264  0.00152227
        6904       -0.44   -0.465261  0.00152205
        6905       -0.44   -0.465257  0.00152184
        6906        -0.6   -0.465277  0.00152174
        6907       -0.36   -0.465261   0.0015216
        6908       -0.36   -0.465246  0.00152145
        6909       -0.52   -0.465254  0.00152125
        6910       -0.36   -0.465239  0.00152111
        6911       -0.12   -0.465189  0.00152171
        6912       -0.36   -0.465174  0.00152157
        6913       -0.36   -0.465158  0.00152142
        6914       -0.44   -0.465155  0.00152121
        6915       -0.36    -0.46514  0.00152106
        6916       -0.28   -0.465113  0.00152108
        6917        -0.2   -0.465074  0.00152134
        6918       -0.28   -0.465048  0.00152136
        6919       -0.44   -0.465044  0.00152114
        6920       -0.44    -0.46504  0.00152092
        6921       -0.28   -0.465014  0.00152094
        6922       -0.44    -0.46501  0.00152072
        6923        -0.6    -0.46503  0.00152063
        6924       -0.44   -0.465026  0.00152041
        6925       -0.44   -0.465022   0.0015202
        6926       -0.36   -0.465007  0.00152006
        6927       -0.36   -0.464992  0.00151991
        6928       -0.36   -0.464977  0.00151977
        6929       -0.44   -0.464973  0.00151955
        6930        -0.6   -0.464993  0.00151946
        6931       -0.36   -0.464978  0.00151931
        6932       -0.36   -0.464962  0.00151917
        6933        -0.6   -0.464982  0.00151908
        6934       -0.44   -0.464978  0.00151886
        6935       -0.44   -0.464975  0.00151865
        6936       -0.52   -0.464983  0.00151845
        6937       -0.52   -0.464991  0.00151825
        6938        -0.6    -0.46501  0.00151816
        6939        -0.6    -0.46503  0.00151806
        6940       -0.52   -0.465037  0.00151786
        6941       -0.52   -0.465045  0.00151767
        6942       -0.36    -0.46503  0.00151752
        6943       -0.28   -0.465004  0.00151754
        6944       -0.52   -0.465012  0.00151734
        6945       -0.52   -0.465019  0.00151714
        6946       -0.36   -0.465004    0.001517
        6947       -0.52   -0.465012   0.0015168
        6948       -0.44   -0.465009  0.00151659
        6949       -0.52   -0.465017  0.00151639
        6950       -0.36   -0.465001  0.00151625
        6951       -0.52   -0.465009  0.00151605
        6952       -0.28   -0.464983  0.00151607
        6953       -0.44   -0.464979  0.00151585
        6954       -0.52   -0.464987  0.00151565
        6955       -0.28    -0.46496  0.00151567
        6956        -0.2   -0.464922  0.00151593
        6957       -0.44   -0.464919  0.00151572
        6958       -0.52   -0.464927  0.00151552
        6959        -0.6   -0.464946  0.00151543
        6960       -0.36   -0.464931  0.00151528
        6961       -0.44   -0.464927  0.00151507
        6962       -0.36   -0.464912  0.00151493
        6963       -0.52    -0.46492  0.00151473
        6964       -0.52   -0.464928  0.00151453
        6965       -0.36   -0.464913  0.00151439
        6966       -0.68   -0.464944  0.00151449
        6967       -0.52   -0.464952  0.00151429
        6968        -0.6   -0.464971   0.0015142
        6969       -0.68   -0.465002   0.0015143
        6970       -0.36   -0.464987  0.00151415
        6971       -0.36   -0.464972  0.00151401
        6972       -0.36   -0.464957  0.00151387
        6973       -0.36   -0.464942  0.00151373
        6974       -0.36   -0.464927  0.00151358
        6975       -0.36   -0.464912  0.00151344
        6976       -0.28   -0.464885  0.00151346
        6977       -0.44   -0.464882  0.00151324
        6978        -0.6   -0.464901  0.00151315
        6979       -0.52   -0.464909  0.00151295
        6980       -0.52   -0.464917  0.00151276
        6981       -0.28    -0.46489  0.00151277
        6982       -0.36   -0.464875  0.00151263
        6983       -0.52   -0.464883  0.00151244
        6984       -0.52   -0.464891  0.00151224
        6985       -0.44   -0.464888  0.00151203
        6986        -0.6   -0.464907  0.00151193
        6987       -0.44   -0.464903  0.00151172
        6988       -0.44     -0.4649  0.00151151
        6989       -0.52   -0.464908  0.00151131
        6990       -0.52   -0.464916  0.00151112
        6991       -0.36   -0.464901  0.00151098
        6992       -0.52   -0.464908  0.00151078
        6993       -0.36   -0.464893  0.00151064
        6994        -0.6   -0.464913  0.00151055
        6995       -0.76   -0.464955  0.00151092
        6996        -0.6   -0.464974  0.00151083
        6997       -0.36   -0.464959  0.00151069
        6998       -0.52   -0.464967  0.00151049
        6999       -0.44   -0.464964  0.00151028
        7000        -0.6   -0.464983  0.00151019
        7001        -0.6   -0.465002  0.00151009
        7002       -0.28   -0.464976  0.00151011
        7003       -0.36   -0.464961  0.00150997
        7004       -0.36   -0.464946  0.00150983
        7005       -0.44   -0.464942  0.00150962
        7006       -0.52    -0.46495  0.00150942
        7007       -0.44   -0.464946  0.00150921
        7008       -0.36   -0.464932  0.00150907
        7009        -0.6   -0.464951  0.00150898
        7010        -0.6    -0.46497  0.00150888
        7011       -0.52   -0.464978  0.00150869
        7012        -0.6   -0.464997   0.0015086
        7013       -0.52   -0.465005   0.0015084
        7014       -0.52   -0.465013  0.00150821
        7015       -0.44   -0.465009    0.001508
        7016       -0.44   -0.465006  0.00150779
        7017       -0.28   -0.464979   0.0015078
        7018       -0.28   -0.464953  0.00150782
        7019       -0.44   -0.464949  0.00150761
        7020       -0.52   -0.464957  0.00150741
        7021       -0.52   -0.464965  0.00150722
        7022        -0.6   -0.464984  0.00150713
        7023       -0.52   -0.464992  0.00150693
        7024       -0.44   -0.464989  0.00150672
        7025       -0.36   -0.464974  0.00150658
        7026       -0.44    -0.46497  0.00150637
        7027        -0.6   -0.464989  0.00150628
        7028       -0.52   -0.464997  0.00150609
        7029       -0.44   -0.464994  0.00150588
        7030       -0.28   -0.464967  0.00150589
        7031       -0.52   -0.464975   0.0015057
        7032       -0.36    -0.46496  0.00150556
        7033       -0.52   -0.464968  0.00150536
        7034        -0.6   -0.464987  0.00150527
        7035       -0.52   -0.464995  0.00150508
        7036       -0.44   -0.464991  0.00150487
        7037       -0.36   -0.464977  0.00150473
        7038       -0.44   -0.464973  0.00150452
        7039       -0.44   -0.464969  0.00150431
        7040       -0.36   -0.464955  0.00150417
        7041       -0.28   -0.464928  0.00150419
        7042       -0.36   -0.464913  0.00150405
        7043       -0.28   -0.464887  0.00150406
        7044       -0.28   -0.464861  0.00150408
        7045       -0.52   -0.464869  0.00150388
        7046        -0.6   -0.464888  0.00150379
        7047       -0.36   -0.464873  0.00150365
        7048       -0.36   -0.464858  0.00150351
        7049       -0.44   -0.464855   0.0015033
        7050        -0.2   -0.464817  0.00150356
        7051       -0.52   -0.464825  0.00150337
        7052       -0.44   -0.464821  0.00150316
        7053       -0.52   -0.464829  0.00150296
        7054       -0.36   -0.464814  0.00150283
        7055       -0.68   -0.464845  0.00150292
        7056       -0.44   -0.464841  0.00150271
        7057       -0.44   -0.464838   0.0015025
        7058        -0.6   -0.464857  0.00150241
        7059       -0.44   -0.464853   0.0015022
        7060       -0.36   -0.464839  0.00150207
        7061        -0.6   -0.464858  0.00150197
        7062       -0.52   -0.464865  0.00150178
        7063        -0.6   -0.464885  0.00150169
        7064       -0.36    -0.46487  0.00150155
        7065       -0.52   -0.464878  0.00150136
        7066       -0.44   -0.464874  0.00150115
        7067       -0.44   -0.464871  0.00150094
        7068       -0.52   -0.464878  0.00150075
        7069        -0.6   -0.464897  0.00150066
        7070        -0.6   -0.464917  0.00150057
        7071       -0.44   -0.464913  0.00150036
        7072       -0.44    -0.46491  0.00150015
        7073       -0.52   -0.464917  0.00149996
        7074       -0.68   -0.464948  0.00150006
        7075       -0.68   -0.464978  0.00150015
        7076        -0.6   -0.464997  0.00150006
        7077       -0.52   -0.465005  0.00149987
        7078       -0.68   -0.465035  0.00149997
        7079       -0.36    -0.46502  0.00149983
        7080       -0.52   -0.465028  0.00149964
        7081       -0.68   -0.465059  0.00149973
        7082       -0.52   -0.465066  0.00149954
        7083       -0.52   -0.465074  0.00149935
        7084       -0.44   -0.465071  0.00149914
        7085       -0.28   -0.465044  0.00149916
        7086       -0.36    -0.46503  0.00149902
        7087       -0.36   -0.465015  0.00149888
        7088       -0.44   -0.465011  0.00149867
        7089       -0.36   -0.464996  0.00149854
        7090       -0.36   -0.464982   0.0014984
        7091       -0.52   -0.464989  0.00149821
        7092       -0.68    -0.46502   0.0014983
        7093       -0.52   -0.465027  0.00149811
        7094       -0.36   -0.465013  0.00149797
        7095       -0.36   -0.464998  0.00149783
        7096       -0.36   -0.464983   0.0014977
        7097       -0.36   -0.464968  0.00149756
        7098       -0.68   -0.464999  0.00149765
        7099       -0.44   -0.464995  0.00149745
        7100        -0.6   -0.465014  0.00149736
        7101       -0.28   -0.464988  0.00149737
        7102       -0.44   -0.464985  0.00149717
        7103       -0.44   -0.464981  0.00149696
        7104       -0.52   -0.464989  0.00149677
        7105       -0.44   -0.464985  0.00149656
        7106        -0.2   -0.464948  0.00149682
        7107       -0.44   -0.464944  0.00149661
        7108       -0.44   -0.464941   0.0014964
        7109       -0.44   -0.464937   0.0014962
        7110       -0.44   -0.464934  0.00149599
        7111       -0.52   -0.464942   0.0014958
        7112       -0.52   -0.464949  0.00149561
        7113       -0.52   -0.464957  0.00149542
        7114       -0.44   -0.464954  0.00149521
        7115       -0.52   -0.464961  0.00149502
        7116       -0.44   -0.464958  0.00149482
        7117        -0.6   -0.464977  0.00149473
        7118       -0.52   -0.464985  0.00149454
        7119       -0.44   -0.464981  0.00149433
        7120       -0.36   -0.464966  0.00149419
        7121       -0.44   -0.464963  0.00149399
        7122       -0.44   -0.464959  0.00149378
        7123       -0.44   -0.464956  0.00149358
        7124       -0.68   -0.464986  0.00149367
        7125        -0.2   -0.464949  0.00149393
        7126        -0.6   -0.464968  0.00149384
        7127       -0.52   -0.464975  0.00149365
        7128       -0.36   -0.464961  0.00149351
        7129       -0.52   -0.464968  0.00149332
        7130        -0.6   -0.464987  0.00149323
        7131       -0.44   -0.464984  0.00149303
        7132       -0.44    -0.46498  0.00149282
        7133       -0.44   -0.464977  0.00149262
        7134       -0.36   -0.464962  0.00149248
        7135       -0.44   -0.464959  0.00149227
        7136       -0.44   -0.464955  0.00149207
        7137       -0.52   -0.464963  0.00149188
        7138       -0.36   -0.464948  0.00149174
        7139       -0.52   -0.464956  0.00149155
        7140       -0.44   -0.464952  0.00149135
        7141       -0.36   -0.464938  0.00149121
        7142       -0.28   -0.464912  0.00149123
        7143       -0.44   -0.464908  0.00149102
        7144        -0.6   -0.464927  0.00149094
        7145        -0.6   -0.464946  0.00149085
        7146       -0.52   -0.464954  0.00149066
        7147       -0.52   -0.464962  0.00149047
        7148       -0.52   -0.464969  0.00149028
        7149       -0.36   -0.464955  0.00149014
        7150       -0.36    -0.46494  0.00149001
        7151       -0.44   -0.464936   0.0014898
        7152       -0.44   -0.464933   0.0014896
        7153       -0.28   -0.464907  0.00148962
        7154       -0.44   -0.464904  0.00148941
        7155       -0.52   -0.464911  0.00148922
        7156        -0.6    -0.46493  0.00148913
        7157       -0.44   -0.464927  0.00148893
        7158        -0.6   -0.464946  0.00148884
        7159       -0.44   -0.464942  0.00148864
        7160       -0.28   -0.464916  0.00148865
        7161       -0.28    -0.46489  0.00148867
        7162       -0.52   -0.464898  0.00148848
        7163        -0.2   -0.464861  0.00148873
        7164       -0.52   -0.464869  0.00148855
        7165       -0.36   -0.464854  0.00148841
        7166        -0.6   -0.464873  0.00148832
        7167       -0.76   -0.464914  0.00148868
        7168       -0.52   -0.464922   0.0014885
        7169       -0.68   -0.464952  0.00148859
        7170       -0.52    -0.46496   0.0014884
        7171       -0.36   -0.464945  0.00148827
        7172        -0.6   -0.464964  0.00148818
        7173       -0.52   -0.464971  0.00148799
        7174       -0.52   -0.464979   0.0014878
        7175       -0.28   -0.464953  0.00148782
        7176       -0.36   -0.464939  0.00148768
        7177       -0.28   -0.464913   0.0014877
        7178       -0.12   -0.464865  0.00148827
        7179        -0.2   -0.464828  0.00148852
        7180       -0.28   -0.464802  0.00148853
        7181        -0.2   -0.464765  0.00148878
        7182       -0.52   -0.464773   0.0014886
        7183       -0.52   -0.464781  0.00148841
        7184       -0.44   -0.464777  0.00148821
        7185        -0.6   -0.464796  0.00148812
        7186       -0.52   -0.464804  0.00148793
        7187       -0.44     -0.4648  0.00148773
        7188       -0.36   -0.464786  0.00148759
        7189       -0.68   -0.464816  0.00148769
        7190       -0.52   -0.464823   0.0014875
        7191       -0.68   -0.464853  0.00148759
        7192        -0.6   -0.464872   0.0014875
        7193        -0.6   -0.464891  0.00148742
        7194       -0.44   -0.464887  0.00148721
        7195       -0.28   -0.464862  0.00148723
        7196       -0.36   -0.464847  0.00148709
        7197       -0.36   -0.464833  0.00148696
        7198       -0.36   -0.464818  0.00148682
        7199       -0.36   -0.464803  0.00148669
        7200        -0.2   -0.464767  0.00148694
        7201       -0.12   -0.464719   0.0014875
        7202       -0.36   -0.464704  0.00148737
        7203       -0.28   -0.464679  0.00148738
        7204       -0.36   -0.464664  0.00148724
        7205       -0.28   -0.464638  0.00148726
        7206       -0.36   -0.464624  0.00148712
        7207       -0.36   -0.464609  0.00148699
        7208       -0.36   -0.464595  0.00148685
        7209       -0.36    -0.46458  0.00148672
        7210       -0.52   -0.464588  0.00148653
        7211       -0.52   -0.464596  0.00148634
        7212       -0.52   -0.464603  0.00148616
        7213       -0.52   -0.464611  0.00148597
        7214       -0.52   -0.464619  0.00148579
        7215       -0.44   -0.464615  0.00148558
        7216       -0.36   -0.464601  0.00148545
        7217       -0.44   -0.464597  0.00148525
        7218        -0.6   -0.464616  0.00148516
        7219       -0.52   -0.464624  0.00148497
        7220       -0.52   -0.464632  0.00148479
        7221        -0.6    -0.46465   0.0014847
        7222       -0.68    -0.46468  0.00148479
        7223       -0.68    -0.46471  0.00148489
        7224        -0.2   -0.464673  0.00148513
        7225       -0.36   -0.464659    0.001485
        7226       -0.52   -0.464666  0.00148481
        7227        -0.6   -0.464685  0.00148473
        7228       -0.44   -0.464682  0.00148452
        7229       -0.68   -0.464712  0.00148462
        7230       -0.52   -0.464719  0.00148443
        7231       -0.44   -0.464716  0.00148423
        7232       -0.36   -0.464701   0.0014841
        7233       -0.36   -0.464687  0.00148396
        7234       -0.52   -0.464694  0.00148378
        7235       -0.44   -0.464691  0.00148358
        7236       -0.52   -0.464699  0.00148339
        7237       -0.52   -0.464706   0.0014832
        7238       -0.68   -0.464736   0.0014833
        7239       -0.44   -0.464733   0.0014831
        7240       -0.52    -0.46474  0.00148291
        7241       -0.36   -0.464726  0.00148278
        7242        -0.6   -0.464745  0.00148269
        7243        -0.6   -0.464763   0.0014826
        7244       -0.52   -0.464771  0.00148242
        7245       -0.44   -0.464767  0.00148222
        7246        -0.2   -0.464731  0.00148246
        7247       -0.52   -0.464739  0.00148228
        7248       -0.52   -0.464746  0.00148209
        7249        -0.6   -0.464765  0.00148201
        7250       -0.36    -0.46475  0.00148187
        7251        -0.6   -0.464769  0.00148179
        7252        -0.6   -0.464788   0.0014817
        7253        -0.6   -0.464806  0.00148161
        7254        -0.6   -0.464825  0.00148152
        7255       -0.36    -0.46481  0.00148139
        7256       -0.44   -0.464807  0.00148119
        7257       -0.36   -0.464793  0.00148106
        7258       -0.44   -0.464789  0.00148086
        7259       -0.44   -0.464786  0.00148066
        7260       -0.52   -0.464793  0.00148047
        7261       -0.36   -0.464779  0.00148034
        7262        -0.2   -0.464742  0.00148058
        7263       -0.76   -0.464783  0.00148094
        7264        -0.6   -0.464802  0.00148085
        7265       -0.52   -0.464809  0.00148067
        7266       -0.52   -0.464817  0.00148048
        7267       -0.36   -0.464803  0.00148035
        7268       -0.52    -0.46481  0.00148016
        7269       -0.52   -0.464818  0.00147998
        7270       -0.28   -0.464792     0.00148
        7271        -0.6   -0.464811  0.00147991
        7272       -0.44   -0.464807  0.00147971
        7273        -0.6   -0.464826  0.00147962
        7274       -0.68   -0.464856  0.00147971
        7275       -0.52   -0.464863  0.00147953
        7276       -0.44    -0.46486  0.00147933
        7277       -0.44   -0.464856  0.00147913
        7278       -0.36   -0.464842    0.001479
        7279       -0.44   -0.464839   0.0014788
        7280       -0.44   -0.464835   0.0014786
        7281        -0.2   -0.464799  0.00147884
        7282       -0.12   -0.464751   0.0014794
        7283       -0.52   -0.464759  0.00147922
        7284       -0.52   -0.464767  0.00147903
        7285       -0.28   -0.464741  0.00147905
        7286       -0.28   -0.464716  0.00147906
        7287       -0.36   -0.464702  0.00147893
        7288        -0.6    -0.46472  0.00147884
        7289       -0.28   -0.464695  0.00147886
        7290       -0.52   -0.464702  0.00147867
        7291       -0.36   -0.464688  0.00147854
        7292        -0.6   -0.464707  0.00147845
        7293       -0.52   -0.464714  0.00147827
        7294       -0.44   -0.464711  0.00147807
        7295       -0.52   -0.464718  0.00147789
        7296       -0.52   -0.464726   0.0014777
        7297       -0.04   -0.464668  0.00147865
        7298       -0.44   -0.464664  0.00147845
        7299       -0.36    -0.46465  0.00147832
        7300       -0.28   -0.464625  0.00147833
        7301       -0.52   -0.464632  0.00147815
        7302        -0.6   -0.464651  0.00147806
        7303       -0.68    -0.46468  0.00147815
        7304       -0.44   -0.464677  0.00147795
        7305       -0.36   -0.464663  0.00147782
        7306       -0.44   -0.464659  0.00147762
        7307       -0.52   -0.464667  0.00147744
        7308       -0.52   -0.464674  0.00147726
        7309       -0.36    -0.46466  0.00147712
        7310       -0.36   -0.464646  0.00147699
        7311       -0.68   -0.464675  0.00147708
        7312       -0.52   -0.464683   0.0014769
        7313       -0.44   -0.464679   0.0014767
        7314       -0.52   -0.464687  0.00147652
        7315       -0.52   -0.464694  0.00147634
        7316       -0.44   -0.464691  0.00147614
        7317        -0.2   -0.464655  0.00147638
        7318       -0.36   -0.464641  0.00147625
        7319       -0.52   -0.464648  0.00147607
        7320       -0.36   -0.464634  0.00147593
        7321       -0.12   -0.464587  0.00147648
        7322       -0.44   -0.464583  0.00147628
        7323       -0.68   -0.464613  0.00147638
        7324        -0.6   -0.464631  0.00147629
        7325       -0.36   -0.464617  0.00147616
        7326       -0.36   -0.464603  0.00147603
        7327       -0.44   -0.464599  0.00147583
        7328        -0.6   -0.464618  0.00147574
        7329       -0.44   -0.464615  0.00147554
        7330       -0.52   -0.464622  0.00147536
        7331       -0.44   -0.464619  0.00147517
        7332       -0.36   -0.464604  0.00147503
        7333       -0.44   -0.464601  0.00147484
        7334       -0.28   -0.464576  0.00147485
        7335       -0.36   -0.464562  0.00147472
        7336        -0.6    -0.46458  0.00147463
        7337       -0.52   -0.464588  0.00147445
        7338       -0.52   -0.464595  0.00147427
        7339       -0.36   -0.464581  0.00147414
        7340       -0.44   -0.464578  0.00147394
        7341       -0.44   -0.464574  0.00147374
        7342       -0.52   -0.464582  0.00147356
        7343        -0.6     -0.4646  0.00147348
        7344       -0.52   -0.464608  0.00147329
        7345        -0.6   -0.464626  0.00147321
        7346       -0.44   -0.464623  0.00147301
        7347        -0.6   -0.464641  0.00147293
        7348       -0.68   -0.464671  0.00147302
        7349        -0.6   -0.464689  0.00147293
        7350       -0.52   -0.464697  0.00147275
        7351       -0.36   -0.464682  0.00147262
        7352        -0.2   -0.464646  0.00147286
        7353       -0.28   -0.464621  0.00147287
        7354       -0.52   -0.464629  0.00147269
        7355       -0.68   -0.464658  0.00147278
        7356       -0.52   -0.464666   0.0014726
        7357        -0.6   -0.464684  0.00147252
        7358       -0.44   -0.464681  0.00147232
        7359       -0.36   -0.464666  0.00147219
        7360       -0.44   -0.464663  0.00147199
        7361       -0.44    -0.46466   0.0014718
        7362       -0.36   -0.464645  0.00147167
        7363        -0.2    -0.46461   0.0014719
        7364        -0.2   -0.464574  0.00147214
        7365       -0.36   -0.464559  0.00147201
        7366       -0.44   -0.464556  0.00147182
        7367        -0.6   -0.464574  0.00147173
        7368       -0.52   -0.464582  0.00147155
        7369       -0.36   -0.464568  0.00147142
        7370       -0.28   -0.464543  0.00147143
        7371       -0.36   -0.464529   0.0014713
        7372       -0.44   -0.464525  0.00147111
        7373       -0.36   -0.464511  0.00147097
        7374       -0.36   -0.464497  0.00147084
        7375       -0.36   -0.464483  0.00147071
        7376       -0.52    -0.46449  0.00147053
        7377       -0.36   -0.464476   0.0014704
        7378       -0.52   -0.464484  0.00147022
        7379        -0.2   -0.464448  0.00147046
        7380       -0.52   -0.464455  0.00147028
        7381       -0.44   -0.464452  0.00147008
        7382       -0.28   -0.464427   0.0014701
        7383       -0.28   -0.464402  0.00147011
        7384        -0.6    -0.46442  0.00147002
        7385        -0.6   -0.464439  0.00146994
        7386       -0.52   -0.464446  0.00146976
        7387       -0.68   -0.464475  0.00146985
        7388       -0.52   -0.464483  0.00146967
        7389       -0.76   -0.464523  0.00147002
        7390       -0.44    -0.46452  0.00146982
        7391       -0.36   -0.464505  0.00146969
        7392       -0.36   -0.464491  0.00146956
        7393       -0.36   -0.464477  0.00146943
        7394       -0.28   -0.464452  0.00146944
        7395       -0.44   -0.464449  0.00146925
        7396       -0.36   -0.464435  0.00146912
        7397       -0.44   -0.464432  0.00146892
        7398       -0.44   -0.464428  0.00146873
        7399       -0.44   -0.464425  0.00146853
        7400       -0.44   -0.464422  0.00146834
        7401       -0.36   -0.464408  0.00146821
        7402       -0.44   -0.464404  0.00146801
        7403       -0.68   -0.464433   0.0014681
        7404       -0.36   -0.464419  0.00146797
        7405       -0.52   -0.464427  0.00146779
        7406        -0.6   -0.464445  0.00146771
        7407       -0.44   -0.464442  0.00146751
        7408       -0.52   -0.464449  0.00146734
        7409       -0.52   -0.464457  0.00146716
        7410       -0.12    -0.46441  0.00146769
        7411       -0.12   -0.464364  0.00146823
        7412       -0.44    -0.46436  0.00146804
        7413       -0.44   -0.464357  0.00146784
        7414       -0.44   -0.464354  0.00146765
        7415       -0.52   -0.464361  0.00146747
        7416       -0.36   -0.464347  0.00146734
        7417       -0.52   -0.464355  0.00146716
        7418       -0.52   -0.464362  0.00146698
        7419       -0.36   -0.464348  0.00146685
        7420       -0.44   -0.464345  0.00146666
        7421        -0.6   -0.464363  0.00146657
        7422       -0.68   -0.464392  0.00146666
        7423       -0.76   -0.464432  0.00146701
        7424       -0.68   -0.464461   0.0014671
        7425       -0.44   -0.464458   0.0014669
        7426       -0.44   -0.464455  0.00146671
        7427       -0.44   -0.464451  0.00146652
        7428       -0.36   -0.464437  0.00146639
        7429       -0.12   -0.464391  0.00146692
        7430       -0.36   -0.464377  0.00146679
        7431       -0.52   -0.464384  0.00146661
        7432       -0.36    -0.46437  0.00146648
        7433       -0.36   -0.464356  0.00146635
        7434       -0.52   -0.464364  0.00146617
        7435       -0.36    -0.46435  0.00146604
        7436       -0.28   -0.464325  0.00146606
        7437       -0.52   -0.464332  0.00146588
        7438       -0.36   -0.464318  0.00146575
        7439       -0.44   -0.464315  0.00146556
        7440       -0.36   -0.464301  0.00146543
        7441       -0.36   -0.464287   0.0014653
        7442       -0.44   -0.464284   0.0014651
        7443       -0.36    -0.46427  0.00146497
        7444       -0.44   -0.464267  0.00146478
        7445       -0.52   -0.464274   0.0014646
        7446       -0.52   -0.464281  0.00146442
        7447       -0.44   -0.464278  0.00146423
        7448       -0.52   -0.464286  0.00146405
        7449        -0.2    -0.46425  0.00146429
        7450       -0.36   -0.464236  0.00146416
        7451       -0.44   -0.464233  0.00146396
        7452       -0.44    -0.46423  0.00146377
        7453       -0.44   -0.464226  0.00146358
        7454       -0.36   -0.464213  0.00146345
        7455       -0.28   -0.464188  0.00146346
        7456       -0.44   -0.464185  0.00146327
        7457       -0.44   -0.464181  0.00146308
        7458       -0.36   -0.464167  0.00146295
        7459       -0.44   -0.464164  0.00146275
        7460       -0.36    -0.46415  0.00146263
        7461       -0.36   -0.464136   0.0014625
        7462       -0.52   -0.464144  0.00146232
        7463       -0.28   -0.464119  0.00146233
        7464       -0.44   -0.464116  0.00146214
        7465       -0.36   -0.464102  0.00146201
        7466       -0.52   -0.464109  0.00146183
        7467       -0.36   -0.464095   0.0014617
        7468       -0.36   -0.464081  0.00146157
        7469       -0.28   -0.464057  0.00146159
        7470       -0.44   -0.464054  0.00146139
        7471        -0.6   -0.464072  0.00146131
        7472       -0.44   -0.464069  0.00146112
        7473       -0.44   -0.464065  0.00146093
        7474       -0.36   -0.464051   0.0014608
        7475       -0.36   -0.464037  0.00146067
        7476       -0.36   -0.464024  0.00146054
        7477        -0.6   -0.464042  0.00146046
        7478       -0.44   -0.464039  0.00146027
        7479       -0.36   -0.464025  0.00146014
        7480        -0.2   -0.463989  0.00146037
        7481       -0.36   -0.463975  0.00146024
        7482       -0.52   -0.463983  0.00146006
        7483       -0.36   -0.463969  0.00145993
        7484       -0.36   -0.463955  0.00145981
        7485       -0.36   -0.463941  0.00145968
        7486       -0.52   -0.463949   0.0014595
        7487        -0.6   -0.463967  0.00145942
        7488       -0.52   -0.463974  0.00145924
        7489       -0.52   -0.463982  0.00145907
        7490       -0.52   -0.463989  0.00145889
        7491       -0.68   -0.464018  0.00145898
        7492        -0.6   -0.464036   0.0014589
        7493       -0.36   -0.464022  0.00145877
        7494       -0.28   -0.463998  0.00145878
        7495       -0.44   -0.463995  0.00145859
        7496       -0.28    -0.46397   0.0014586
        7497       -0.52   -0.463978  0.00145843
        7498       -0.36   -0.463964   0.0014583
        7499       -0.36    -0.46395  0.00145817
        7500       -0.44   -0.463947  0.00145798
        7501       -0.28   -0.463922  0.00145799
        7502        -0.6    -0.46394  0.00145791
        7503       -0.52   -0.463948  0.00145774
        7504       -0.76   -0.463987  0.00145808
        7505       -0.52   -0.463995   0.0014579
        7506       -0.52   -0.464002  0.00145773
        7507       -0.52    -0.46401  0.00145755
        7508        -0.6   -0.464028  0.00145747
        7509        -0.6   -0.464046  0.00145739
        7510       -0.68   -0.464075  0.00145748
        7511        -0.6   -0.464093   0.0014574
        7512       -0.76   -0.464132  0.00145773
        7513       -0.68   -0.464161  0.00145782
        7514        -0.6   -0.464179  0.00145774
        7515        -0.6   -0.464197  0.00145766
        7516       -0.52   -0.464204  0.00145748
        7517        -0.6   -0.464222   0.0014574
        7518       -0.68   -0.464251  0.00145749
        7519       -0.44   -0.464248   0.0014573
        7520        -0.6   -0.464266  0.00145722
        7521       -0.44   -0.464263  0.00145703
        7522       -0.44    -0.46426  0.00145684
        7523       -0.44   -0.464256  0.00145665
        7524       -0.36   -0.464242  0.00145652
        7525       -0.44   -0.464239  0.00145633
        7526       -0.52   -0.464247  0.00145616
        7527        -0.6   -0.464265  0.00145607
        7528       -0.44   -0.464261  0.00145588
        7529       -0.68    -0.46429  0.00145597
        7530       -0.36   -0.464276  0.00145585
        7531       -0.52   -0.464284  0.00145567
        7532       -0.44    -0.46428  0.00145548
        7533       -0.44   -0.464277  0.00145529
        7534       -0.44   -0.464274   0.0014551
        7535       -0.52   -0.464281  0.00145493
        7536       -0.44   -0.464278  0.00145474
        7537       -0.44   -0.464275  0.00145455
        7538       -0.76   -0.464314  0.00145488
        7539       -0.44   -0.464311  0.00145469
        7540       -0.52   -0.464318  0.00145452
        7541        -0.6   -0.464336  0.00145444
        7542        -0.6   -0.464354  0.00145436
        7543       -0.52   -0.464362  0.00145418
        7544       -0.36   -0.464348  0.00145406
        7545       -0.44   -0.464345  0.00145387
        7546        -0.6   -0.464363  0.00145379
        7547       -0.36   -0.464349  0.00145366
        7548       -0.28   -0.464324  0.00145367
        7549       -0.36   -0.464311  0.00145354
        7550       -0.44   -0.464307  0.00145336
        7551       -0.44   -0.464304  0.00145317
        7552       -0.52   -0.464311  0.00145299
        7553       -0.52   -0.464319  0.00145282
        7554       -0.52   -0.464326  0.00145265
        7555       -0.36   -0.464312  0.00145252
        7556       -0.52    -0.46432  0.00145235
        7557       -0.44   -0.464317  0.00145216
        7558        -0.6   -0.464334  0.00145208
        7559        -0.6   -0.464352  0.00145199
        7560       -0.52    -0.46436  0.00145182
        7561       -0.44   -0.464357  0.00145163
        7562       -0.52   -0.464364  0.00145146
        7563       -0.36    -0.46435  0.00145133
        7564       -0.68   -0.464379  0.00145142
        7565        -0.6   -0.464397  0.00145134
        7566       -0.52   -0.464404  0.00145117
        7567        -0.6   -0.464422  0.00145109
        7568       -0.36   -0.464408  0.00145096
        7569       -0.36   -0.464394  0.00145083
        7570       -0.28    -0.46437  0.00145085
        7571        -0.6   -0.464388  0.00145077
        7572       -0.36   -0.464374  0.00145064
        7573       -0.52   -0.464381  0.00145047
        7574       -0.36   -0.464368  0.00145034
        7575       -0.52   -0.464375  0.00145017
        7576       -0.36   -0.464361  0.00145004
        7577       -0.44   -0.464358  0.00144985
        7578       -0.52   -0.464365  0.00144968
        7579       -0.36   -0.464351  0.00144955
        7580       -0.44   -0.464348  0.00144937
        7581       -0.44   -0.464345  0.00144918
        7582       -0.36   -0.464331  0.00144905
        7583       -0.44   -0.464328  0.00144887
        7584       -0.44   -0.464325  0.00144868
        7585       -0.52   -0.464332  0.00144851
        7586        -0.6    -0.46435  0.00144843
        7587       -0.52   -0.464357  0.00144825
        7588       -0.44   -0.464354  0.00144807
        7589       -0.44   -0.464351  0.00144788
        7590       -0.44   -0.464348  0.00144769
        7591       -0.52   -0.464355  0.00144752
        7592       -0.36   -0.464341  0.00144739
        7593        -0.2   -0.464307  0.00144762
        7594       -0.52   -0.464314  0.00144745
        7595       -0.52   -0.464321  0.00144728
        7596       -0.52   -0.464329  0.00144711
        7597       -0.36   -0.464315  0.00144698
        7598       -0.44   -0.464312  0.00144679
        7599       -0.36   -0.464298  0.00144667
        7600       -0.44   -0.464295  0.00144648
        7601       -0.36   -0.464281  0.00144636
        7602       -0.36   -0.464267  0.00144623
        7603        -0.6   -0.464285  0.00144615
        7604        -0.6   -0.464303  0.00144607
        7605       -0.44     -0.4643  0.00144588
        7606       -0.28   -0.464276   0.0014459
        7607       -0.36   -0.464262  0.00144577
        7608       -0.52   -0.464269   0.0014456
        7609        -0.6   -0.464287  0.00144552
        7610       -0.52   -0.464294  0.00144535
        7611       -0.44   -0.464291  0.00144516
        7612       -0.36   -0.464277  0.00144504
        7613       -0.28   -0.464253  0.00144505
        7614       -0.52   -0.464261  0.00144488
        7615       -0.52   -0.464268  0.00144471
        7616       -0.44   -0.464265  0.00144452
        7617       -0.52   -0.464272  0.00144435
        7618       -0.68     -0.4643  0.00144444
        7619       -0.44   -0.464297  0.00144425
        7620       -0.36   -0.464283  0.00144413
        7621       -0.28   -0.464259  0.00144414
        7622       -0.52   -0.464267  0.00144397
        7623       -0.52   -0.464274   0.0014438
        7624       -0.44   -0.464271  0.00144361
        7625       -0.44   -0.464268  0.00144343
        7626       -0.28   -0.464243  0.00144344
        7627       -0.44    -0.46424  0.00144326
        7628       -0.44   -0.464237  0.00144307
        7629       -0.52   -0.464244   0.0014429
        7630       -0.52   -0.464252  0.00144273
        7631        -0.6   -0.464269  0.00144265
        7632        -0.6   -0.464287  0.00144257
        7633       -0.52   -0.464295   0.0014424
        7634       -0.28    -0.46427  0.00144241
        7635       -0.44   -0.464267  0.00144223
        7636       -0.44   -0.464264  0.00144204
        7637       -0.44   -0.464261  0.00144186
        7638       -0.68   -0.464289  0.00144194
        7639        -0.6   -0.464307  0.00144186
        7640        -0.6   -0.464325  0.00144179
        7641       -0.44   -0.464321   0.0014416
        7642       -0.44   -0.464318  0.00144142
        7643       -0.68   -0.464346   0.0014415
        7644       -0.44   -0.464343  0.00144132
        7645       -0.52   -0.464351  0.00144115
        7646        -0.6   -0.464368  0.00144107
        7647        -0.6   -0.464386  0.00144099
        7648       -0.68   -0.464414  0.00144108
        7649        -0.6   -0.464432    0.001441
        7650       -0.52   -0.464439  0.00144083
        7651       -0.52   -0.464446  0.00144066
        7652       -0.76   -0.464485  0.00144099
        7653       -0.36   -0.464471  0.00144086
        7654       -0.28   -0.464447  0.00144088
        7655        -0.2   -0.464413   0.0014411
        7656       -0.28   -0.464389  0.00144111
        7657       -0.44   -0.464386  0.00144093
        7658       -0.52   -0.464393  0.00144076
        7659       -0.52     -0.4644  0.00144059
        7660       -0.52   -0.464407  0.00144042
        7661       -0.52   -0.464415  0.00144025
        7662       -0.44   -0.464411  0.00144007
        7663       -0.36   -0.464398  0.00143994
        7664       -0.28   -0.464374  0.00143996
        7665        -0.6   -0.464391  0.00143988
        7666       -0.52   -0.464399  0.00143971
        7667       -0.68   -0.464427  0.00143979
        7668       -0.68   -0.464455  0.00143988
        7669       -0.44   -0.464452   0.0014397
        7670       -0.28   -0.464428  0.00143971
        7671       -0.28   -0.464404  0.00143972
        7672       -0.52   -0.464411  0.00143955
        7673       -0.52   -0.464418  0.00143938
        7674       -0.52   -0.464425  0.00143921
        7675       -0.76   -0.464464  0.00143954
        7676       -0.68   -0.464492  0.00143963
        7677        -0.6    -0.46451  0.00143955
        7678       -0.44   -0.464506  0.00143937
        7679        -0.6   -0.464524  0.00143929
        7680       -0.44   -0.464521   0.0014391
        7681        -0.6   -0.464538  0.00143902
        7682       -0.52   -0.464546  0.00143885
        7683       -0.44   -0.464542  0.00143867
        7684       -0.44   -0.464539  0.00143849
        7685        -0.6   -0.464557  0.00143841
        7686       -0.36   -0.464543  0.00143828
        7687       -0.44    -0.46454   0.0014381
        7688       -0.28   -0.464516  0.00143811
        7689       -0.28   -0.464492  0.00143813
        7690       -0.52   -0.464499  0.00143796
        7691       -0.36   -0.464486  0.00143784
        7692       -0.52   -0.464493  0.00143767
        7693       -0.28   -0.464469  0.00143768
        7694       -0.28   -0.464445  0.00143769
        7695       -0.44   -0.464442  0.00143751
        7696        -0.6   -0.464459  0.00143743
        7697       -0.68   -0.464487  0.00143752
        7698       -0.52   -0.464495  0.00143735
        7699        -0.6   -0.464512  0.00143727
        7700       -0.36   -0.464499  0.00143715
        7701       -0.52   -0.464506  0.00143698
        7702       -0.52   -0.464513  0.00143681
        7703       -0.68   -0.464541   0.0014369
        7704       -0.44   -0.464538  0.00143671
        7705       -0.52   -0.464545  0.00143654
        7706       -0.68   -0.464573  0.00143663
        7707       -0.36   -0.464559  0.00143651
        7708       -0.52   -0.464567  0.00143634
        7709       -0.44   -0.464563  0.00143616
        7710       -0.76   -0.464602  0.00143648
        7711       -0.76    -0.46464  0.00143681
        7712        -0.6   -0.464658  0.00143673
        7713       -0.44   -0.464654  0.00143654
        7714       -0.28   -0.464631  0.00143656
        7715       -0.52   -0.464638  0.00143639
        7716       -0.52   -0.464645  0.00143622
        7717        -0.6   -0.464662  0.00143614
        7718       -0.68    -0.46469  0.00143623
        7719       -0.44   -0.464687  0.00143604
        7720       -0.52   -0.464694  0.00143588
        7721       -0.52   -0.464701  0.00143571
        7722       -0.28   -0.464678  0.00143572
        7723        -0.2   -0.464643  0.00143594
        7724       -0.68   -0.464671  0.00143603
        7725       -0.52   -0.464678  0.00143586
        7726       -0.28   -0.464654  0.00143587
        7727       -0.28   -0.464631  0.00143589
        7728       -0.52   -0.464638  0.00143572
        7729       -0.44   -0.464634  0.00143554
        7730       -0.28   -0.464611  0.00143555
        7731       -0.44   -0.464607  0.00143537
        7732       -0.44   -0.464604  0.00143518
        7733       -0.52   -0.464611  0.00143502
        7734       -0.44   -0.464608  0.00143484
        7735       -0.44   -0.464605  0.00143465
        7736       -0.52   -0.464612  0.00143449
        7737       -0.28   -0.464588   0.0014345
        7738       -0.28   -0.464564  0.00143451
        7739       -0.44   -0.464561  0.00143433
        7740       -0.44   -0.464558  0.00143415
        7741       -0.52   -0.464565  0.00143398
        7742       -0.44   -0.464562   0.0014338
        7743       -0.36   -0.464549  0.00143368
        7744       -0.52   -0.464556  0.00143351
        7745       -0.52   -0.464563  0.00143334
        7746       -0.44    -0.46456  0.00143316
        7747       -0.44   -0.464557  0.00143298
        7748        -0.2   -0.464522   0.0014332
        7749       -0.28   -0.464499  0.00143321
        7750       -0.52   -0.464506  0.00143305
        7751       -0.28   -0.464482  0.00143306
        7752       -0.36   -0.464469  0.00143294
        7753        -0.6   -0.464486  0.00143286
        7754        -0.6   -0.464503  0.00143278
        7755        -0.6   -0.464521   0.0014327
        7756       -0.44   -0.464518  0.00143252
        7757       -0.44   -0.464515  0.00143234
        7758       -0.44   -0.464511  0.00143216
        7759       -0.44   -0.464508  0.00143198
        7760       -0.44   -0.464505   0.0014318
        7761        -0.6   -0.464523  0.00143172
        7762       -0.36   -0.464509   0.0014316
        7763       -0.44   -0.464506  0.00143142
        7764       -0.44   -0.464503  0.00143124
        7765        -0.6    -0.46452  0.00143116
        7766       -0.36   -0.464507  0.00143104
        7767       -0.28   -0.464483  0.00143105
        7768       -0.36    -0.46447  0.00143093
        7769       -0.44   -0.464466  0.00143075
        7770        -0.6   -0.464484  0.00143067
        7771       -0.52   -0.464491  0.00143051
        7772       -0.36   -0.464478  0.00143038
        7773       -0.36   -0.464464  0.00143026
        7774       -0.52   -0.464471   0.0014301
        7775       -0.52   -0.464478  0.00142993
        7776        -0.6   -0.464496  0.00142985
        7777       -0.52   -0.464503  0.00142969
        7778       -0.36    -0.46449  0.00142957
        7779       -0.52   -0.464497   0.0014294
        7780       -0.44   -0.464494  0.00142922
        7781       -0.52   -0.464501  0.00142906
        7782       -0.44   -0.464498  0.00142887
        7783       -0.36   -0.464484  0.00142875
        7784       -0.44   -0.464481  0.00142857
        7785       -0.68   -0.464509  0.00142866
        7786       -0.52   -0.464516  0.00142849
        7787       -0.52   -0.464523  0.00142833
        7788       -0.44    -0.46452  0.00142815
        7789        -0.6   -0.464537  0.00142807
        7790       -0.44   -0.464534  0.00142789
        7791       -0.44   -0.464531  0.00142771
        7792       -0.52   -0.464538  0.00142755
        7793       -0.52   -0.464545  0.00142738
        7794       -0.52   -0.464552  0.00142721
        7795       -0.36   -0.464539  0.00142709
        7796       -0.52   -0.464546  0.00142693
        7797       -0.36   -0.464533  0.00142681
        7798       -0.36   -0.464519  0.00142669
        7799       -0.52   -0.464526  0.00142652
        7800        -0.2   -0.464492  0.00142674
        7801       -0.44   -0.464489  0.00142656
        7802       -0.76   -0.464527  0.00142688
        7803       -0.52   -0.464534  0.00142672
        7804        -0.6   -0.464552  0.00142664
        7805       -0.28   -0.464528  0.00142666
        7806       -0.44   -0.464525  0.00142648
        7807       -0.28   -0.464501  0.00142649
        7808       -0.36   -0.464488  0.00142637
        7809       -0.68   -0.464515  0.00142645
        7810       -0.76   -0.464553  0.00142677
        7811       -0.52    -0.46456  0.00142661
        7812       -0.44   -0.464557  0.00142643
        7813       -0.44   -0.464554  0.00142625
        7814       -0.36   -0.464541  0.00142613
        7815       -0.52   -0.464548  0.00142596
        7816       -0.52   -0.464555   0.0014258
        7817       -0.44   -0.464552  0.00142562
        7818       -0.36   -0.464538   0.0014255
        7819        -0.6   -0.464556  0.00142542
        7820       -0.68   -0.464583  0.00142551
        7821       -0.44    -0.46458  0.00142533
        7822       -0.52   -0.464587  0.00142516
        7823       -0.52   -0.464594    0.001425
        7824       -0.52   -0.464601  0.00142484
        7825       -0.68   -0.464629  0.00142492
        7826       -0.52   -0.464636  0.00142475
        7827       -0.44   -0.464633  0.00142458
        7828       -0.44    -0.46463   0.0014244
        7829        -0.6   -0.464647  0.00142432
        7830        -0.6   -0.464664  0.00142424
        7831       -0.28   -0.464641  0.00142426
        7832       -0.44   -0.464637  0.00142408
        7833       -0.44   -0.464634   0.0014239
        7834        -0.6   -0.464652  0.00142382
        7835        -0.6   -0.464669  0.00142375
        7836       -0.44   -0.464666  0.00142357
        7837        -0.6   -0.464683  0.00142349
        7838       -0.44    -0.46468  0.00142331
        7839       -0.28   -0.464656  0.00142333
        7840        -0.6   -0.464673  0.00142325
        7841       -0.44    -0.46467  0.00142307
        7842        -0.6   -0.464688  0.00142299
        7843        -0.6   -0.464705  0.00142292
        7844       -0.52   -0.464712  0.00142275
        7845       -0.52   -0.464719  0.00142259
        7846       -0.52   -0.464726  0.00142243
        7847        -0.6   -0.464743  0.00142235
        7848       -0.68   -0.464771  0.00142243
        7849       -0.44   -0.464767  0.00142225
        7850       -0.28   -0.464744  0.00142227
        7851        -0.6   -0.464761  0.00142219
        7852       -0.44   -0.464758  0.00142201
        7853       -0.28   -0.464734  0.00142203
        7854       -0.36   -0.464721  0.00142191
        7855       -0.36   -0.464708  0.00142179
        7856       -0.52   -0.464715  0.00142163
        7857       -0.52   -0.464722  0.00142146
        7858       -0.52   -0.464729   0.0014213
        7859        -0.6   -0.464746  0.00142122
        7860       -0.52   -0.464753  0.00142106
        7861        -0.6    -0.46477  0.00142098
        7862       -0.52   -0.464777  0.00142082
        7863       -0.52   -0.464784  0.00142066
        7864       -0.44   -0.464781  0.00142048
        7865       -0.52   -0.464788  0.00142032
        7866       -0.36   -0.464775   0.0014202
        7867       -0.36   -0.464762  0.00142008
        7868       -0.44   -0.464759   0.0014199
        7869       -0.36   -0.464745  0.00141978
        7870       -0.44   -0.464742  0.00141961
        7871       -0.44   -0.464739  0.00141943
        7872       -0.28   -0.464715  0.00141944
        7873       -0.44   -0.464712  0.00141927
        7874       -0.44   -0.464709  0.00141909
        7875        -0.6   -0.464726  0.00141902
        7876       -0.52   -0.464733  0.00141885
        7877       -0.52    -0.46474  0.00141869
        7878        -0.6   -0.464758  0.00141861
        7879       -0.44   -0.464754  0.00141844
        7880       -0.44   -0.464751  0.00141826
        7881        -0.6   -0.464768  0.00141818
        7882       -0.36   -0.464755  0.00141807
        7883       -0.52   -0.464762   0.0014179
        7884       -0.44   -0.464759  0.00141773
        7885       -0.28   -0.464736  0.00141774
        7886       -0.36   -0.464722  0.00141762
        7887       -0.12   -0.464679  0.00141812
        7888       -0.52   -0.464686  0.00141796
        7889       -0.76   -0.464723  0.00141827
        7890        -0.6    -0.46474  0.00141819
        7891        -0.6   -0.464757  0.00141812
        7892       -0.44   -0.464754  0.00141794
        7893        -0.6   -0.464771  0.00141786
        7894       -0.68   -0.464799  0.00141795
        7895       -0.44   -0.464795  0.00141777
        7896        -0.6   -0.464813   0.0014177
        7897       -0.28   -0.464789  0.00141771
        7898       -0.44   -0.464786  0.00141753
        7899       -0.44   -0.464783  0.00141736
        7900        -0.2   -0.464749  0.00141757
        7901       -0.36   -0.464736  0.00141746
        7902       -0.36   -0.464723  0.00141734
        7903        -0.2   -0.464689  0.00141756
        7904       -0.28   -0.464666  0.00141757
        7905        -0.6   -0.464683  0.00141749
        7906       -0.36    -0.46467  0.00141737
        7907       -0.44   -0.464667   0.0014172
        7908       -0.44   -0.464664  0.00141702
        7909       -0.36    -0.46465  0.00141691
        7910       -0.44   -0.464647  0.00141673
        7911        -0.6   -0.464664  0.00141665
        7912       -0.36   -0.464651  0.00141654
        7913       -0.52   -0.464658  0.00141638
        7914       -0.44   -0.464655   0.0014162
        7915       -0.44   -0.464652  0.00141602
        7916       -0.36   -0.464639  0.00141591
        7917       -0.44   -0.464636  0.00141573
        7918       -0.12   -0.464592  0.00141622
        7919       -0.28   -0.464569  0.00141623
        7920        -0.6   -0.464586  0.00141616
        7921       -0.44   -0.464583  0.00141598
        7922       -0.44    -0.46458  0.00141581
        7923       -0.52   -0.464587  0.00141565
        7924       -0.44   -0.464584  0.00141547
        7925       -0.28    -0.46456  0.00141548
        7926       -0.36   -0.464547  0.00141537
        7927       -0.44   -0.464544  0.00141519
        7928       -0.44   -0.464541  0.00141502
        7929       -0.44   -0.464538  0.00141484
        7930        -0.6   -0.464555  0.00141477
        7931       -0.52   -0.464562  0.00141461
        7932       -0.44   -0.464559  0.00141443
        7933       -0.52   -0.464566  0.00141427
        7934       -0.36   -0.464553  0.00141415
        7935       -0.36   -0.464539  0.00141404
        7936       -0.28   -0.464516  0.00141405
        7937       -0.36   -0.464503  0.00141393
        7938        -0.6    -0.46452  0.00141386
        7939       -0.52   -0.464527   0.0014137
        7940       -0.28   -0.464504  0.00141371
        7941       -0.44   -0.464501  0.00141353
        7942        -0.6   -0.464518  0.00141346
        7943       -0.52   -0.464525   0.0014133
        7944       -0.44   -0.464522  0.00141312
        7945       -0.44   -0.464519  0.00141295
        7946       -0.44   -0.464515  0.00141278
        7947       -0.44   -0.464512   0.0014126
        7948       -0.44   -0.464509  0.00141243
        7949       -0.36   -0.464496  0.00141231
        7950        -0.6   -0.464513  0.00141224
        7951       -0.68    -0.46454  0.00141232
        7952       -0.44   -0.464537  0.00141214
        7953       -0.28   -0.464514  0.00141216
        7954       -0.28   -0.464491  0.00141217
        7955       -0.36   -0.464478  0.00141205
        7956       -0.44   -0.464475  0.00141188
        7957       -0.44   -0.464472  0.00141171
        7958       -0.52   -0.464479  0.00141155
        7959       -0.52   -0.464485  0.00141138
        7960       -0.52   -0.464492  0.00141122
        7961       -0.36   -0.464479  0.00141111
        7962       -0.36   -0.464466  0.00141099
        7963       -0.44   -0.464463  0.00141082
        7964       -0.44    -0.46446  0.00141064
        7965        -0.2   -0.464427  0.00141086
        7966       -0.44   -0.464424  0.00141068
        7967       -0.36   -0.464411  0.00141057
        7968       -0.28   -0.464388  0.00141058
        7969       -0.36   -0.464374  0.00141047
        7970        -0.6   -0.464391  0.00141039
        7971       -0.52   -0.464398  0.00141023
        7972       -0.36   -0.464385  0.00141011
        7973       -0.28   -0.464362  0.00141013
        7974       -0.28   -0.464339  0.00141014
        7975       -0.36   -0.464326  0.00141002
        7976       -0.36   -0.464313  0.00140991
        7977       -0.44    -0.46431  0.00140973
        7978       -0.36   -0.464297  0.00140962
        7979        -0.6   -0.464314  0.00140954
        7980       -0.52   -0.464321  0.00140939
        7981       -0.36   -0.464308  0.00140927
        7982       -0.28   -0.464285  0.00140928
        7983       -0.36   -0.464272  0.00140917
        7984       -0.36   -0.464259  0.00140905
        7985       -0.52   -0.464265  0.00140889
        7986       -0.52   -0.464272  0.00140873
        7987        -0.6   -0.464289  0.00140866
        7988       -0.44   -0.464286  0.00140848
        7989       -0.68   -0.464313  0.00140857
        7990       -0.52    -0.46432  0.00140841
        7991       -0.36   -0.464307  0.00140829
        7992       -0.44   -0.464304  0.00140812
        7993       -0.68   -0.464331   0.0014082
        7994       -0.68   -0.464358  0.00140828
        7995       -0.68   -0.464385  0.00140837
        7996       -0.68   -0.464412  0.00140845
        7997       -0.36   -0.464399  0.00140833
        7998       -0.44   -0.464396  0.00140816
        7999       -0.76   -0.464433  0.00140847
        8000        -0.6    -0.46445  0.00140839
        8001        -0.6   -0.464467  0.00140832
        8002       -0.36   -0.464454   0.0014082
        8003        -0.6   -0.464471  0.00140813
        8004       -0.52   -0.464478  0.00140797
        8005       -0.28   -0.464455  0.00140798
        8006       -0.36   -0.464442  0.00140787
        8007       -0.44   -0.464439   0.0014077
        8008       -0.28   -0.464416  0.00140771
        8009       -0.44   -0.464413  0.00140754
        8010       -0.52   -0.464419  0.00140738
        8011       -0.36   -0.464406  0.00140726
        8012       -0.44   -0.464403  0.00140709
        8013       -0.52    -0.46441  0.00140693
        8014       -0.36   -0.464397  0.00140682
        8015       -0.44   -0.464394  0.00140664
        8016       -0.52   -0.464401  0.00140649
        8017       -0.36   -0.464388  0.00140637
        8018       -0.52   -0.464395  0.00140621
        8019       -0.52   -0.464402  0.00140605
        8020       -0.44   -0.464399  0.00140588
        8021       -0.52   -0.464406  0.00140572
        8022       -0.44   -0.464403  0.00140555
        8023       -0.44     -0.4644  0.00140538
        8024       -0.52   -0.464407  0.00140522
        8025       -0.44   -0.464404  0.00140505
        8026       -0.44   -0.464401  0.00140488
        8027       -0.44   -0.464398  0.00140471
        8028        -0.6   -0.464415  0.00140463
        8029       -0.36   -0.464402  0.00140452
        8030       -0.44   -0.464399  0.00140435
        8031       -0.44   -0.464395  0.00140418
        8032       -0.68   -0.464422  0.00140426
        8033        -0.6   -0.464439  0.00140418
        8034       -0.52   -0.464446  0.00140403
        8035        -0.6   -0.464463  0.00140395
        8036       -0.36    -0.46445  0.00140384
        8037       -0.36   -0.464437  0.00140372
        8038       -0.44   -0.464434  0.00140355
        8039       -0.36   -0.464421  0.00140344
        8040       -0.44   -0.464418  0.00140327
        8041       -0.44   -0.464415   0.0014031
        8042        -0.6   -0.464432  0.00140302
        8043       -0.44   -0.464429  0.00140285
        8044       -0.52   -0.464436  0.00140269
        8045       -0.68   -0.464462  0.00140278
        8046       -0.44   -0.464459   0.0014026
        8047       -0.52   -0.464466  0.00140245
        8048       -0.52   -0.464473  0.00140229
        8049       -0.44    -0.46447  0.00140212
        8050       -0.52   -0.464477  0.00140196
        8051        -0.6   -0.464494  0.00140189
        8052       -0.52   -0.464501  0.00140173
        8053       -0.28   -0.464478  0.00140174
        8054       -0.36   -0.464465  0.00140163
        8055       -0.52   -0.464472  0.00140147
        8056       -0.36   -0.464459  0.00140136
        8057       -0.44   -0.464456  0.00140119
        8058       -0.52   -0.464463  0.00140103
        8059       -0.36    -0.46445  0.00140092
        8060        -0.6   -0.464467  0.00140084
        8061       -0.52   -0.464473  0.00140069
        8062       -0.44    -0.46447  0.00140052
        8063       -0.68   -0.464497   0.0014006
        8064       -0.28   -0.464474  0.00140061
        8065       -0.52   -0.464481  0.00140046
        8066       -0.44   -0.464478  0.00140029
        8067       -0.52   -0.464485  0.00140013
        8068       -0.52   -0.464492  0.00139997
        8069       -0.52   -0.464499  0.00139982
        8070       -0.44   -0.464496  0.00139965
        8071       -0.36   -0.464483  0.00139953
        8072       -0.44    -0.46448  0.00139936
        8073       -0.28   -0.464457  0.00139937
        8074       -0.36   -0.464444  0.00139926
        8075       -0.28   -0.464421  0.00139927
        8076        -0.6   -0.464438   0.0013992
        8077       -0.52   -0.464445  0.00139905
        8078       -0.04   -0.464392  0.00139986
        8079       -0.36   -0.464379  0.00139974
        8080       -0.44   -0.464376  0.00139957
        8081        -0.6   -0.464393   0.0013995
        8082       -0.44    -0.46439  0.00139933
        8083       -0.44   -0.464387  0.00139916
        8084       -0.44   -0.464384  0.00139899
        8085       -0.44   -0.464381  0.00139882
        8086       -0.44   -0.464378  0.00139865
        8087       -0.28   -0.464355  0.00139867
        8088       -0.44   -0.464352   0.0013985
        8089       -0.36   -0.464339  0.00139838
        8090       -0.52   -0.464346  0.00139823
        8091       -0.52   -0.464353  0.00139807
        8092       -0.44    -0.46435   0.0013979
        8093       -0.36   -0.464337  0.00139779
        8094       -0.36   -0.464324  0.00139768
        8095       -0.44   -0.464321  0.00139751
        8096       -0.28   -0.464298  0.00139752
        8097       -0.44   -0.464295  0.00139735
        8098       -0.36   -0.464283  0.00139724
        8099       -0.44    -0.46428  0.00139707
        8100       -0.52   -0.464286  0.00139691
        8101       -0.44   -0.464283  0.00139674
        8102       -0.44    -0.46428  0.00139657
        8103       -0.36   -0.464268  0.00139646
        8104       -0.52   -0.464274   0.0013963
        8105        -0.2   -0.464242  0.00139651
        8106       -0.44   -0.464239  0.00139634
        8107       -0.36   -0.464226  0.00139623
        8108       -0.28   -0.464203  0.00139624
        8109       -0.36    -0.46419  0.00139613
        8110       -0.52   -0.464197  0.00139597
        8111       -0.44   -0.464194  0.00139581
        8112       -0.28   -0.464172  0.00139582
        8113       -0.52   -0.464178  0.00139566
        8114        -0.6   -0.464195  0.00139559
        8115       -0.52   -0.464202  0.00139544
        8116       -0.76   -0.464239  0.00139574
        8117       -0.84   -0.464285  0.00139634
        8118        -0.6   -0.464302  0.00139626
        8119       -0.76   -0.464338  0.00139657
        8120       -0.44   -0.464335   0.0013964
        8121       -0.28   -0.464312  0.00139641
        8122       -0.36   -0.464299   0.0013963
        8123       -0.52   -0.464306  0.00139614
        8124       -0.68   -0.464333  0.00139622
        8125       -0.44    -0.46433  0.00139606
        8126       -0.52   -0.464337   0.0013959
        8127       -0.28   -0.464314  0.00139591
        8128        -0.2   -0.464281  0.00139612
        8129       -0.36   -0.464269  0.00139601
        8130       -0.36   -0.464256  0.00139589
        8131       -0.44   -0.464253  0.00139573
        8132        -0.6    -0.46427  0.00139565
        8133       -0.52   -0.464276   0.0013955
        8134       -0.28   -0.464254  0.00139551
        8135       -0.36   -0.464241   0.0013954
        8136       -0.36   -0.464228  0.00139529
        8137       -0.52   -0.464235  0.00139513
        8138        -0.6   -0.464252  0.00139506
        8139       -0.36   -0.464239  0.00139495
        8140       -0.44   -0.464236  0.00139478
        8141       -0.36   -0.464223  0.00139467
        8142       -0.36    -0.46421  0.00139455
        8143        -0.6   -0.464227  0.00139448
        8144       -0.52   -0.464234  0.00139433
        8145       -0.36   -0.464221  0.00139422
        8146       -0.68   -0.464247   0.0013943
        8147       -0.52   -0.464254  0.00139414
        8148       -0.36   -0.464242  0.00139403
        8149       -0.44   -0.464239  0.00139386
        8150       -0.68   -0.464265  0.00139394
        8151       -0.76   -0.464301  0.00139424
        8152       -0.52   -0.464308  0.00139409
        8153        -0.6   -0.464325  0.00139402
        8154       -0.52   -0.464332  0.00139386
        8155        -0.6   -0.464348  0.00139379
        8156       -0.44   -0.464345  0.00139362
        8157       -0.84   -0.464391  0.00139421
        8158       -0.28   -0.464369  0.00139423
        8159       -0.36   -0.464356  0.00139411
        8160       -0.28   -0.464333  0.00139413
        8161       -0.44    -0.46433  0.00139396
        8162       -0.28   -0.464308  0.00139397
        8163       -0.36   -0.464295  0.00139386
        8164       -0.36   -0.464282  0.00139375
        8165       -0.36   -0.464269  0.00139363
        8166       -0.36   -0.464257  0.00139352
        8167       -0.52   -0.464263  0.00139337
        8168       -0.44   -0.464261   0.0013932
        8169       -0.44   -0.464258  0.00139303
        8170       -0.36   -0.464245  0.00139292
        8171       -0.52   -0.464252  0.00139277
        8172       -0.76   -0.464288  0.00139307
        8173       -0.68   -0.464314  0.00139315
        8174        -0.6   -0.464331  0.00139307
        8175       -0.44   -0.464328  0.00139291
        8176       -0.52   -0.464335  0.00139275
        8177       -0.52   -0.464341   0.0013926
        8178       -0.52   -0.464348  0.00139245
        8179       -0.52   -0.464355  0.00139229
        8180       -0.44   -0.464352  0.00139213
        8181       -0.44   -0.464349  0.00139196
        8182        -0.6   -0.464366  0.00139189
        8183       -0.52   -0.464372  0.00139173
        8184       -0.44    -0.46437  0.00139157
        8185        -0.6   -0.464386   0.0013915
        8186        -0.6   -0.464403  0.00139142
        8187        -0.2    -0.46437  0.00139163
        8188       -0.12   -0.464328  0.00139209
        8189        -0.6   -0.464345  0.00139202
        8190       -0.36   -0.464332  0.00139191
        8191       -0.44   -0.464329  0.00139174
        8192       -0.52   -0.464336  0.00139159
        8193       -0.52   -0.464343  0.00139144
        8194       -0.68   -0.464369  0.00139152
        8195       -0.52   -0.464376  0.00139136
        8196       -0.36   -0.464363  0.00139125
        8197       -0.52    -0.46437   0.0013911
        8198       -0.68   -0.464396  0.00139118
        8199       -0.52   -0.464403  0.00139102
        8200       -0.36    -0.46439  0.00139091
        8201        -0.6   -0.464407  0.00139084
        8202       -0.28   -0.464384  0.00139085
        8203       -0.52   -0.464391   0.0013907
        8204        -0.6   -0.464408  0.00139063
        8205        -0.6   -0.464424  0.00139056
        8206        -0.6   -0.464441  0.00139049
        8207        -0.2   -0.464408  0.00139069
        8208       -0.52   -0.464415  0.00139054
        8209       -0.36   -0.464402  0.00139043
        8210       -0.28    -0.46438  0.00139044
        8211       -0.52   -0.464387  0.00139029
        8212       -0.44   -0.464384  0.00139012
        8213       -0.68    -0.46441   0.0013902
        8214       -0.36   -0.464397  0.00139009
        8215       -0.28   -0.464375   0.0013901
        8216       -0.36   -0.464362  0.00138999
        8217       -0.36    -0.46435  0.00138988
        8218       -0.52   -0.464356  0.00138972
        8219       -0.44   -0.464353  0.00138956
        8220       -0.52    -0.46436  0.00138941
        8221        -0.6   -0.464377  0.00138933
        8222       -0.28   -0.464354  0.00138935
        8223        -0.2   -0.464322  0.00138955
        8224       -0.68   -0.464348  0.00138963
        8225       -0.52   -0.464355  0.00138948
        8226       -0.68   -0.464381  0.00138955
        8227        -0.6   -0.464398  0.00138948
        8228       -0.44   -0.464395  0.00138932
        8229       -0.36   -0.464382  0.00138921
        8230        -0.6   -0.464399  0.00138914
        8231       -0.36   -0.464386  0.00138902
        8232       -0.44   -0.464383  0.00138886
        8233       -0.36    -0.46437  0.00138875
        8234       -0.52   -0.464377   0.0013886
        8235       -0.52   -0.464384  0.00138844
        8236       -0.52    -0.46439  0.00138829
        8237       -0.52   -0.464397  0.00138814
        8238       -0.52   -0.464404  0.00138799
        8239       -0.68    -0.46443  0.00138807
        8240       -0.68   -0.464456  0.00138814
        8241       -0.52   -0.464463  0.00138799
        8242       -0.52    -0.46447  0.00138784
        8243       -0.52   -0.464477  0.00138769
        8244       -0.52   -0.464483  0.00138754
        8245       -0.68   -0.464509  0.00138761
        8246        -0.6   -0.464526  0.00138754
        8247       -0.52   -0.464533  0.00138739
        8248        -0.6   -0.464549  0.00138732
        8249        -0.6   -0.464565  0.00138725
        8250       -0.44   -0.464562  0.00138708
        8251       -0.52   -0.464569  0.00138693
        8252       -0.76   -0.464605  0.00138723
        8253        -0.6   -0.464621  0.00138715
        8254       -0.52   -0.464628    0.001387
        8255       -0.44   -0.464625  0.00138684
        8256       -0.44   -0.464622  0.00138667
        8257        -0.6   -0.464638   0.0013866
        8258       -0.68   -0.464665  0.00138668
        8259       -0.52   -0.464671  0.00138653
        8260       -0.52   -0.464678  0.00138638
        8261        -0.6   -0.464694   0.0013863
        8262       -0.68    -0.46472  0.00138638
        8263       -0.52   -0.464727  0.00138623
        8264       -0.28   -0.464705  0.00138624
        8265       -0.44   -0.464702  0.00138608
        8266        -0.6   -0.464718  0.00138601
        8267       -0.36   -0.464705   0.0013859
        8268        -0.6   -0.464722  0.00138583
        8269       -0.44   -0.464719  0.00138566
        8270       -0.28   -0.464696  0.00138567
        8271       -0.36   -0.464684  0.00138556
        8272       -0.44   -0.464681   0.0013854
        8273       -0.52   -0.464688  0.00138525
        8274       -0.44   -0.464685  0.00138508
        8275       -0.44   -0.464682  0.00138492
        8276       -0.44   -0.464679  0.00138476
        8277       -0.52   -0.464685  0.00138461
        8278       -0.36   -0.464673   0.0013845
        8279       -0.36    -0.46466  0.00138439
        8280       -0.44   -0.464657  0.00138422
        8281       -0.52   -0.464664  0.00138407
        8282       -0.28   -0.464641  0.00138408
        8283       -0.28   -0.464619   0.0013841
        8284       -0.52   -0.464626  0.00138395
        8285       -0.36   -0.464613  0.00138384
        8286       -0.36   -0.464601  0.00138373
        8287       -0.52   -0.464607  0.00138358
        8288       -0.44   -0.464604  0.00138341
        8289       -0.52   -0.464611  0.00138326
        8290       -0.44   -0.464608   0.0013831
        8291        -0.6   -0.464624  0.00138303
        8292       -0.52   -0.464631  0.00138288
        8293       -0.68   -0.464657  0.00138295
        8294       -0.44   -0.464654  0.00138279
        8295       -0.36   -0.464641  0.00138268
        8296       -0.28   -0.464619  0.00138269
        8297       -0.44   -0.464616  0.00138253
        8298       -0.36   -0.464604  0.00138242
        8299       -0.52    -0.46461  0.00138227
        8300       -0.44   -0.464607  0.00138211
        8301        -0.6   -0.464624  0.00138204
        8302       -0.36   -0.464611  0.00138193
        8303       -0.28   -0.464589  0.00138194
        8304       -0.44   -0.464586  0.00138178
        8305       -0.52   -0.464592  0.00138163
        8306       -0.44   -0.464589  0.00138146
        8307       -0.44   -0.464586   0.0013813
        8308       -0.44   -0.464584  0.00138114
        8309        -0.6     -0.4646  0.00138107
        8310       -0.44   -0.464597   0.0013809
        8311       -0.52   -0.464604  0.00138075
        8312       -0.28   -0.464581  0.00138077
        8313        -0.6   -0.464598   0.0013807
        8314       -0.76   -0.464633  0.00138099
        8315       -0.68   -0.464659  0.00138106
        8316        -0.2   -0.464627  0.00138126
        8317       -0.44   -0.464624   0.0013811
        8318       -0.28   -0.464602  0.00138111
        8319       -0.36   -0.464589  0.00138101
        8320       -0.44   -0.464587  0.00138084
        8321       -0.44   -0.464584  0.00138068
        8322       -0.52    -0.46459  0.00138053
        8323       -0.44   -0.464587  0.00138037
        8324       -0.44   -0.464584   0.0013802
        8325       -0.52   -0.464591  0.00138005
        8326        -0.6   -0.464607  0.00137998
        8327       -0.52   -0.464614  0.00137984
        8328       -0.52   -0.464621  0.00137969
        8329       -0.36   -0.464608  0.00137958
        8330       -0.36   -0.464595  0.00137947
        8331       -0.36   -0.464583  0.00137936
        8332       -0.44    -0.46458   0.0013792
        8333        -0.6   -0.464596  0.00137913
        8334       -0.68   -0.464622   0.0013792
        8335       -0.52   -0.464629  0.00137906
        8336       -0.44   -0.464626  0.00137889
        8337       -0.52   -0.464632  0.00137874
        8338       -0.68   -0.464658  0.00137882
        8339       -0.68   -0.464684   0.0013789
        8340        -0.6     -0.4647  0.00137883
        8341       -0.68   -0.464726   0.0013789
        8342       -0.52   -0.464733  0.00137875
        8343        -0.2   -0.464701  0.00137895
        8344        -0.2   -0.464669  0.00137915
        8345       -0.44   -0.464666  0.00137899
        8346       -0.52   -0.464673  0.00137884
        8347       -0.36    -0.46466  0.00137873
        8348       -0.44   -0.464657  0.00137857
        8349       -0.52   -0.464664  0.00137842
        8350       -0.44   -0.464661  0.00137826
        8351       -0.28   -0.464639  0.00137827
        8352       -0.28   -0.464617  0.00137829
        8353       -0.36   -0.464604  0.00137818
        8354       -0.28   -0.464582  0.00137819
        8355       -0.36    -0.46457  0.00137808
        8356        -0.6   -0.464586  0.00137801
        8357       -0.44   -0.464583  0.00137785
        8358       -0.36    -0.46457  0.00137774
        8359       -0.28   -0.464548  0.00137775
        8360       -0.36   -0.464536  0.00137765
        8361       -0.44   -0.464533  0.00137748
        8362       -0.52    -0.46454  0.00137734
        8363       -0.36   -0.464527  0.00137723
        8364       -0.44   -0.464524  0.00137707
        8365       -0.52   -0.464531  0.00137692
        8366       -0.52   -0.464537  0.00137677
        8367       -0.28   -0.464515  0.00137678
        8368       -0.28   -0.464493  0.00137679
        8369       -0.44    -0.46449  0.00137663
        8370       -0.44   -0.464487  0.00137647
        8371       -0.44   -0.464485  0.00137631
        8372       -0.52   -0.464491  0.00137616
        8373       -0.36   -0.464479  0.00137605
        8374       -0.44   -0.464476  0.00137589
        8375        -0.6   -0.464492  0.00137582
        8376       -0.52   -0.464499  0.00137567
        8377       -0.52   -0.464505  0.00137553
        8378        -0.2   -0.464474  0.00137572
        8379       -0.28   -0.464452  0.00137574
        8380       -0.36   -0.464439  0.00137563
        8381        -0.6   -0.464455  0.00137556
        8382       -0.68   -0.464481  0.00137563
        8383       -0.36   -0.464469  0.00137553
        8384       -0.52   -0.464475  0.00137538
        8385        -0.6   -0.464491  0.00137531
        8386       -0.44   -0.464488  0.00137515
        8387       -0.36   -0.464476  0.00137504
        8388       -0.36   -0.464464  0.00137493
        8389       -0.52    -0.46447  0.00137479
        8390        -0.6   -0.464486  0.00137472
        8391        -0.6   -0.464502  0.00137465
        8392       -0.36    -0.46449  0.00137454
        8393       -0.36   -0.464478  0.00137443
        8394       -0.28   -0.464456  0.00137445
        8395       -0.28   -0.464434  0.00137446
        8396       -0.44   -0.464431   0.0013743
        8397        -0.2   -0.464399  0.00137449
        8398       -0.44   -0.464396  0.00137433
        8399       -0.44   -0.464393  0.00137417
        8400        -0.6    -0.46441   0.0013741
        8401        -0.6   -0.464426  0.00137404
        8402       -0.44   -0.464423  0.00137387
        8403        -0.6   -0.464439  0.00137381
        8404       -0.44   -0.464436  0.00137365
        8405       -0.44   -0.464433  0.00137349
        8406       -0.36   -0.464421  0.00137338
        8407       -0.52   -0.464427  0.00137323
        8408       -0.28   -0.464405  0.00137324
        8409       -0.36   -0.464393  0.00137314
        8410       -0.36    -0.46438  0.00137303
        8411       -0.68   -0.464406   0.0013731
        8412       -0.52   -0.464413  0.00137296
        8413       -0.52   -0.464419  0.00137281
        8414       -0.36   -0.464407   0.0013727
        8415       -0.68   -0.464433  0.00137278
        8416       -0.44    -0.46443  0.00137262
        8417       -0.36   -0.464417  0.00137251
        8418       -0.52   -0.464424  0.00137236
        8419       -0.44   -0.464421   0.0013722
        8420       -0.44   -0.464418  0.00137204
        8421       -0.68   -0.464444  0.00137212
        8422        -0.6    -0.46446  0.00137205
        8423       -0.44   -0.464457  0.00137189
        8424       -0.36   -0.464444  0.00137178
        8425       -0.52   -0.464451  0.00137164
        8426       -0.52   -0.464458  0.00137149
        8427       -0.44   -0.464455  0.00137133
        8428       -0.44   -0.464452  0.00137117
        8429       -0.44   -0.464449  0.00137101
        8430       -0.44   -0.464446  0.00137085
        8431       -0.36   -0.464434  0.00137075
        8432       -0.36   -0.464421  0.00137064
        8433       -0.36   -0.464409  0.00137053
        8434       -0.44   -0.464406  0.00137037
        8435       -0.36   -0.464394  0.00137027
        8436        -0.6    -0.46441   0.0013702
        8437       -0.36   -0.464397  0.00137009
        8438        -0.2   -0.464366  0.00137029
        8439        -0.2   -0.464335  0.00137048
        8440       -0.36   -0.464322  0.00137038
        8441       -0.36    -0.46431  0.00137027
        8442        -0.2   -0.464279  0.00137047
        8443       -0.44   -0.464276  0.00137031
        8444        -0.2   -0.464244   0.0013705
        8445       -0.44   -0.464242  0.00137034
        8446       -0.52   -0.464248   0.0013702
        8447        -0.6   -0.464264  0.00137013
        8448        -0.6    -0.46428  0.00137006
        8449       -0.68   -0.464306  0.00137014
        8450        -0.6   -0.464322  0.00137007
        8451       -0.52   -0.464328  0.00136992
        8452       -0.68   -0.464354     0.00137
        8453        -0.6    -0.46437  0.00136993
        8454       -0.36   -0.464358  0.00136982
        8455       -0.52   -0.464364  0.00136968
        8456       -0.36   -0.464352  0.00136957
        8457       -0.44   -0.464349  0.00136941
        8458       -0.52   -0.464356  0.00136926
        8459       -0.28   -0.464334  0.00136928
        8460       -0.36   -0.464322  0.00136917
        8461       -0.36   -0.464309  0.00136906
        8462       -0.52   -0.464316  0.00136892
        8463       -0.52   -0.464322  0.00136877
        8464       -0.44   -0.464319  0.00136861
        8465        -0.6   -0.464335  0.00136855
        8466       -0.52   -0.464342   0.0013684
        8467       -0.44   -0.464339  0.00136824
        8468       -0.44   -0.464336  0.00136808
        8469       -0.44   -0.464333  0.00136792
        8470        -0.6   -0.464349  0.00136786
        8471        -0.6   -0.464365  0.00136779
        8472       -0.52   -0.464372  0.00136764
        8473       -0.52   -0.464379   0.0013675
        8474       -0.52   -0.464385  0.00136735
        8475       -0.52   -0.464392  0.00136721
        8476       -0.36   -0.464379   0.0013671
        8477       -0.36   -0.464367  0.00136699
        8478       -0.36   -0.464355  0.00136689
        8479       -0.52   -0.464361  0.00136674
        8480       -0.52   -0.464368   0.0013666
        8481       -0.28   -0.464346  0.00136661
        8482       -0.28   -0.464324  0.00136662
        8483       -0.36   -0.464312  0.00136651
        8484       -0.52   -0.464319  0.00136637
        8485       -0.28   -0.464297  0.00136638
        8486       -0.44   -0.464294  0.00136622
        8487       -0.44   -0.464291  0.00136607
        8488        -0.6   -0.464307    0.001366
        8489       -0.52   -0.464314  0.00136585
        8490       -0.44   -0.464311  0.00136569
        8491       -0.12    -0.46427  0.00136614
        8492       -0.44   -0.464268  0.00136598
        8493       -0.28   -0.464246  0.00136599
        8494       -0.36   -0.464234  0.00136588
        8495       -0.44   -0.464231  0.00136573
        8496       -0.44   -0.464228  0.00136557
        8497       -0.28   -0.464206  0.00136558
        8498       -0.44   -0.464203  0.00136542
        8499       -0.52    -0.46421  0.00136528
        8500       -0.44   -0.464207  0.00136512
        8501       -0.28   -0.464185  0.00136513
        8502       -0.36   -0.464173  0.00136503
        8503        -0.6   -0.464189  0.00136496
        8504       -0.44   -0.464186   0.0013648
        8505       -0.36   -0.464174   0.0013647
        8506       -0.36   -0.464162  0.00136459
        8507       -0.44   -0.464159  0.00136443
        8508       -0.44   -0.464156  0.00136427
        8509       -0.44   -0.464153  0.00136412
        8510       -0.52    -0.46416  0.00136397
        8511       -0.36   -0.464148  0.00136387
        8512       -0.44   -0.464145  0.00136371
        8513       -0.52   -0.464151  0.00136357
        8514        -0.6   -0.464167   0.0013635
        8515       -0.68   -0.464193  0.00136357
        8516       -0.44    -0.46419  0.00136342
        8517       -0.44   -0.464187  0.00136326
        8518       -0.52   -0.464193  0.00136312
        8519       -0.52     -0.4642  0.00136297
        8520       -0.52   -0.464207  0.00136283
        8521        -0.2   -0.464176  0.00136302
        8522       -0.36   -0.464163  0.00136291
        8523        -0.6   -0.464179  0.00136285
        8524       -0.44   -0.464176  0.00136269
        8525       -0.36   -0.464164  0.00136259
        8526       -0.52   -0.464171  0.00136244
        8527       -0.28   -0.464149  0.00136245
        8528       -0.44   -0.464146   0.0013623
        8529       -0.36   -0.464134  0.00136219
        8530       -0.44   -0.464131  0.00136204
        8531        -0.6   -0.464147  0.00136197
        8532       -0.36   -0.464135  0.00136186
        8533       -0.44   -0.464132  0.00136171
        8534       -0.52   -0.464139  0.00136156
        8535       -0.52   -0.464145  0.00136142
        8536        -0.6   -0.464161  0.00136135
        8537       -0.44   -0.464158   0.0013612
        8538       -0.52   -0.464165  0.00136105
        8539       -0.52   -0.464171  0.00136091
        8540        -0.6   -0.464187  0.00136084
        8541       -0.52   -0.464194   0.0013607
        8542       -0.52     -0.4642  0.00136056
        8543       -0.28   -0.464179  0.00136057
        8544       -0.44   -0.464176  0.00136041
        8545       -0.52   -0.464183  0.00136027
        8546       -0.44    -0.46418  0.00136011
        8547        -0.6   -0.464196  0.00136004
        8548       -0.52   -0.464202   0.0013599
        8549       -0.44   -0.464199  0.00135974
        8550        -0.6   -0.464215  0.00135968
        8551        -0.6   -0.464231  0.00135961
        8552       -0.44   -0.464228  0.00135946
        8553       -0.36   -0.464216  0.00135935
        8554        -0.2   -0.464185  0.00135954
        8555       -0.44   -0.464182  0.00135939
        8556       -0.44    -0.46418  0.00135923
        8557       -0.28   -0.464158  0.00135924
        8558       -0.44   -0.464155  0.00135909
        8559       -0.44   -0.464152  0.00135893
        8560        -0.6   -0.464168  0.00135887
        8561       -0.44   -0.464165  0.00135871
        8562       -0.44   -0.464163  0.00135855
        8563       -0.44    -0.46416   0.0013584
        8564        -0.6   -0.464176  0.00135833
        8565       -0.52   -0.464182  0.00135819
        8566       -0.68   -0.464207  0.00135826
        8567       -0.52   -0.464214  0.00135812
        8568       -0.68   -0.464239   0.0013582
        8569       -0.52   -0.464246  0.00135805
        8570       -0.44   -0.464243   0.0013579
        8571       -0.52   -0.464249  0.00135776
        8572       -0.36   -0.464237  0.00135765
        8573       -0.36   -0.464225  0.00135755
        8574       -0.12   -0.464185  0.00135798
        8575       -0.28   -0.464163  0.00135799
        8576       -0.52    -0.46417  0.00135785
        8577       -0.28   -0.464148  0.00135786
        8578        -0.6   -0.464164   0.0013578
        8579       -0.44   -0.464161  0.00135764
        8580       -0.36   -0.464149  0.00135754
        8581       -0.68   -0.464174  0.00135761
        8582       -0.44   -0.464172  0.00135746
        8583       -0.68   -0.464197  0.00135753
        8584       -0.52   -0.464203  0.00135739
        8585       -0.52    -0.46421  0.00135725
        8586       -0.44   -0.464207  0.00135709
        8587        -0.6   -0.464223  0.00135703
        8588       -0.52   -0.464229  0.00135688
        8589       -0.44   -0.464226  0.00135673
        8590       -0.44   -0.464224  0.00135657
        8591       -0.36   -0.464211  0.00135647
        8592       -0.36   -0.464199  0.00135637
        8593       -0.44   -0.464196  0.00135621
        8594        -0.6   -0.464212  0.00135615
        8595        -0.6   -0.464228  0.00135608
        8596        -0.6   -0.464244  0.00135601
        8597       -0.52    -0.46425  0.00135587
        8598       -0.44   -0.464247  0.00135572
        8599       -0.36   -0.464235  0.00135561
        8600       -0.44   -0.464233  0.00135546
        8601       -0.28   -0.464211  0.00135547
        8602       -0.36   -0.464199  0.00135537
        8603       -0.36   -0.464187  0.00135526
        8604       -0.36   -0.464175  0.00135516
        8605       -0.44   -0.464172  0.00135501
        8606       -0.52   -0.464178  0.00135486
        8607       -0.52   -0.464185  0.00135472
        8608       -0.28   -0.464164  0.00135473
        8609        -0.6   -0.464179  0.00135467
        8610       -0.36   -0.464167  0.00135456
        8611       -0.52   -0.464174  0.00135442
        8612        -0.6    -0.46419  0.00135436
        8613       -0.68   -0.464215  0.00135443
        8614       -0.44   -0.464212  0.00135428
        8615       -0.36     -0.4642  0.00135417
        8616       -0.36   -0.464188  0.00135407
        8617       -0.36   -0.464175  0.00135397
        8618        -0.2   -0.464145  0.00135416
        8619       -0.12   -0.464105  0.00135459
        8620       -0.28   -0.464084   0.0013546
        8621       -0.28   -0.464062  0.00135461
        8622       -0.52   -0.464069  0.00135447
        8623       -0.36   -0.464057  0.00135437
        8624        -0.2   -0.464026  0.00135456
        8625        -0.6   -0.464042  0.00135449
        8626        -0.6   -0.464058  0.00135442
        8627        -0.6   -0.464073  0.00135436
        8628       -0.68   -0.464098  0.00135443
        8629       -0.76   -0.464133  0.00135471
        8630       -0.36   -0.464121  0.00135461
        8631        -0.6   -0.464136  0.00135454
        8632       -0.36   -0.464124  0.00135444
        8633       -0.52   -0.464131   0.0013543
        8634       -0.44   -0.464128  0.00135414
        8635       -0.52   -0.464134    0.001354
        8636       -0.44   -0.464132  0.00135385
        8637       -0.44   -0.464129  0.00135369
        8638       -0.44   -0.464126  0.00135354
        8639        -0.6   -0.464142  0.00135348
        8640       -0.28    -0.46412  0.00135349
        8641       -0.28   -0.464099   0.0013535
        8642       -0.52   -0.464106  0.00135336
        8643       -0.52   -0.464112  0.00135322
        8644        -0.6   -0.464128  0.00135315
        8645       -0.36   -0.464116  0.00135305
        8646       -0.28   -0.464094  0.00135306
        8647        -0.6    -0.46411  0.00135299
        8648       -0.68   -0.464135  0.00135307
        8649       -0.44   -0.464132  0.00135291
        8650       -0.52   -0.464139  0.00135277
        8651       -0.44   -0.464136  0.00135262
        8652       -0.44   -0.464133  0.00135247
        8653        -0.6   -0.464149   0.0013524
        8654       -0.52   -0.464155  0.00135226
        8655       -0.52   -0.464162  0.00135212
        8656       -0.68   -0.464187  0.00135219
        8657       -0.52   -0.464193  0.00135205
        8658       -0.68   -0.464218  0.00135212
        8659       -0.36   -0.464206  0.00135202
        8660        -0.2   -0.464176  0.00135221
        8661       -0.36   -0.464163  0.00135211
        8662       -0.28   -0.464142  0.00135212
        8663       -0.28   -0.464121  0.00135213
        8664       -0.36   -0.464109  0.00135203
        8665       -0.52   -0.464115  0.00135189
        8666        -0.6   -0.464131  0.00135182
        8667       -0.36   -0.464119  0.00135172
        8668       -0.52   -0.464126  0.00135158
        8669       -0.36   -0.464114  0.00135148
        8670       -0.44   -0.464111  0.00135132
        8671        -0.6   -0.464126  0.00135126
        8672       -0.52   -0.464133  0.00135112
        8673       -0.68   -0.464158  0.00135119
        8674       -0.68   -0.464183  0.00135126
        8675       -0.44    -0.46418  0.00135111
        8676       -0.44   -0.464177  0.00135096
        8677       -0.44   -0.464174  0.00135081
        8678       -0.28   -0.464153  0.00135082
        8679       -0.36   -0.464141  0.00135071
        8680       -0.36   -0.464129  0.00135061
        8681       -0.52   -0.464135  0.00135047
        8682       -0.52   -0.464142  0.00135033
        8683       -0.52   -0.464148  0.00135019
        8684       -0.28   -0.464127   0.0013502
        8685       -0.44   -0.464124  0.00135005
        8686       -0.84   -0.464168  0.00135059
        8687       -0.52   -0.464174  0.00135045
        8688        -0.6    -0.46419  0.00135038
        8689        -0.6   -0.464205  0.00135032
        8690        -0.6   -0.464221  0.00135025
        8691        -0.6   -0.464237  0.00135019
        8692       -0.52   -0.464243  0.00135005
        8693        -0.6   -0.464259  0.00134998
        8694       -0.76   -0.464293  0.00135026
        8695       -0.36   -0.464281  0.00135015
        8696       -0.44   -0.464278     0.00135
        8697       -0.68   -0.464303  0.00135007
        8698       -0.44     -0.4643  0.00134992
        8699       -0.44   -0.464297  0.00134977
        8700       -0.44   -0.464294  0.00134962
        8701        -0.2   -0.464264   0.0013498
        8702       -0.36   -0.464252   0.0013497
        8703       -0.44   -0.464249  0.00134955
        8704        -0.6   -0.464265  0.00134948
        8705        -0.6    -0.46428  0.00134942
        8706       -0.36   -0.464268  0.00134932
        8707        -0.6   -0.464284  0.00134925
        8708       -0.52    -0.46429  0.00134911
        8709       -0.28   -0.464269  0.00134912
        8710        -0.6   -0.464285  0.00134906
        8711        -0.6     -0.4643  0.00134899
        8712        -0.6   -0.464316  0.00134893
        8713        -0.6   -0.464331  0.00134886
        8714       -0.52   -0.464338  0.00134872
        8715        -0.6   -0.464353  0.00134866
        8716       -0.44   -0.464351  0.00134851
        8717       -0.36   -0.464339  0.00134841
        8718       -0.44   -0.464336  0.00134825
        8719       -0.44   -0.464333   0.0013481
        8720       -0.04   -0.464284  0.00134883
        8721        -0.6     -0.4643  0.00134876
        8722       -0.44   -0.464297  0.00134861
        8723        -0.6   -0.464313  0.00134854
        8724       -0.68   -0.464337  0.00134862
        8725       -0.68   -0.464362  0.00134869
        8726       -0.52   -0.464369  0.00134855
        8727       -0.44   -0.464366   0.0013484
        8728       -0.76     -0.4644  0.00134867
        8729       -0.68   -0.464424  0.00134874
        8730       -0.52   -0.464431   0.0013486
        8731       -0.68   -0.464455  0.00134867
        8732       -0.52   -0.464462  0.00134853
        8733       -0.68   -0.464486   0.0013486
        8734       -0.52   -0.464493  0.00134846
        8735       -0.52   -0.464499  0.00134833
        8736        -0.6   -0.464515  0.00134826
        8737       -0.68   -0.464539  0.00134833
        8738       -0.76   -0.464573   0.0013486
        8739       -0.68   -0.464598  0.00134867
        8740       -0.44   -0.464595  0.00134852
        8741       -0.44   -0.464592  0.00134837
        8742       -0.44   -0.464589  0.00134822
        8743       -0.52   -0.464596  0.00134808
        8744       -0.44   -0.464593  0.00134793
        8745       -0.28   -0.464572  0.00134794
        8746       -0.36    -0.46456  0.00134784
        8747       -0.36   -0.464548  0.00134774
        8748       -0.36   -0.464536  0.00134764
        8749        -0.2   -0.464506  0.00134782
        8750       -0.44   -0.464503  0.00134767
        8751       -0.36   -0.464491  0.00134757
        8752       -0.52   -0.464497  0.00134743
        8753       -0.44   -0.464494  0.00134728
        8754       -0.52   -0.464501  0.00134714
        8755        -0.6   -0.464516  0.00134707
        8756        -0.6   -0.464532  0.00134701
        8757        -0.6   -0.464547  0.00134694
        8758        -0.6   -0.464563  0.00134688
        8759       -0.68   -0.464587  0.00134695
        8760       -0.76   -0.464621  0.00134722
        8761        -0.6   -0.464636  0.00134715
        8762       -0.44   -0.464634    0.001347
        8763       -0.44   -0.464631  0.00134685
        8764        -0.6   -0.464646  0.00134679
        8765       -0.36   -0.464634  0.00134669
        8766       -0.44   -0.464632  0.00134654
        8767       -0.44   -0.464629  0.00134638
        8768       -0.44   -0.464626  0.00134623
        8769       -0.36   -0.464614  0.00134613
        8770       -0.28   -0.464593  0.00134614
        8771       -0.44    -0.46459  0.00134599
        8772       -0.44   -0.464587  0.00134584
        8773       -0.44   -0.464585  0.00134569
        8774       -0.36   -0.464573  0.00134559
        8775        -0.6   -0.464588  0.00134553
        8776       -0.68   -0.464613   0.0013456
        8777       -0.68   -0.464637  0.00134567
        8778       -0.68   -0.464662  0.00134574
        8779        -0.6   -0.464677  0.00134567
        8780       -0.52   -0.464683  0.00134554
        8781       -0.36   -0.464671  0.00134543
        8782       -0.36    -0.46466  0.00134533
        8783       -0.68   -0.464684   0.0013454
        8784        -0.6   -0.464699  0.00134534
        8785        -0.6   -0.464715  0.00134527
        8786       -0.36   -0.464703  0.00134517
        8787       -0.36   -0.464691  0.00134507
        8788       -0.44   -0.464688  0.00134492
        8789       -0.36   -0.464676  0.00134482
        8790        -0.6   -0.464692  0.00134476
        8791        -0.6   -0.464707  0.00134469
        8792       -0.44   -0.464704  0.00134454
        8793       -0.44   -0.464701  0.00134439
        8794       -0.52   -0.464708  0.00134426
        8795        -0.6   -0.464723  0.00134419
        8796       -0.52   -0.464729  0.00134405
        8797       -0.36   -0.464718  0.00134395
        8798       -0.52   -0.464724  0.00134381
        8799        -0.6   -0.464739  0.00134375
        8800       -0.52   -0.464745  0.00134361
        8801       -0.28   -0.464724  0.00134362
        8802       -0.12   -0.464685  0.00134404
        8803       -0.04   -0.464637  0.00134475
        8804       -0.44   -0.464634   0.0013446
        8805       -0.52   -0.464641  0.00134447
        8806       -0.44   -0.464638  0.00134432
        8807       -0.44   -0.464635  0.00134417
        8808       -0.52   -0.464641  0.00134403
        8809       -0.68   -0.464666   0.0013441
        8810       -0.44   -0.464663  0.00134395
        8811       -0.52   -0.464669  0.00134381
        8812       -0.36   -0.464657  0.00134371
        8813       -0.44   -0.464654  0.00134356
        8814        -0.6    -0.46467   0.0013435
        8815       -0.68   -0.464694  0.00134357
        8816       -0.44   -0.464691  0.00134342
        8817        -0.6   -0.464707  0.00134335
        8818       -0.44   -0.464704   0.0013432
        8819        -0.6   -0.464719  0.00134314
        8820       -0.44   -0.464717  0.00134299
        8821       -0.28   -0.464696    0.001343
        8822       -0.44   -0.464693  0.00134285
        8823       -0.36   -0.464681  0.00134275
        8824       -0.44   -0.464678   0.0013426
        8825       -0.52   -0.464684  0.00134246
        8826       -0.44   -0.464682  0.00134231
        8827       -0.44   -0.464679  0.00134217
        8828       -0.28   -0.464658  0.00134218
        8829       -0.28   -0.464637  0.00134219
        8830       -0.36   -0.464625  0.00134209
        8831       -0.36   -0.464613  0.00134199
        8832       -0.36   -0.464601  0.00134189
        8833       -0.44   -0.464599  0.00134174
        8834       -0.44   -0.464596  0.00134159
        8835       -0.68    -0.46462  0.00134166
        8836       -0.52   -0.464627  0.00134152
        8837       -0.52   -0.464633  0.00134139
        8838       -0.52   -0.464639  0.00134125
        8839       -0.68   -0.464663  0.00134132
        8840       -0.44   -0.464661  0.00134117
        8841       -0.36   -0.464649  0.00134107
        8842       -0.52   -0.464655  0.00134093
        8843       -0.52   -0.464661   0.0013408
        8844       -0.12   -0.464622  0.00134121
        8845       -0.44    -0.46462  0.00134106
        8846       -0.44   -0.464617  0.00134091
        8847       -0.52   -0.464623  0.00134078
        8848       -0.36   -0.464611  0.00134068
        8849       -0.44   -0.464608  0.00134053
        8850       -0.52   -0.464615  0.00134039
        8851       -0.44   -0.464612  0.00134024
        8852       -0.36     -0.4646  0.00134014
        8853       -0.52   -0.464606  0.00134001
        8854       -0.76    -0.46464  0.00134027
        8855        -0.6   -0.464655  0.00134021
        8856       -0.76   -0.464688  0.00134047
        8857       -0.76   -0.464722  0.00134073
        8858       -0.76   -0.464755    0.001341
        8859        -0.6    -0.46477  0.00134093
        8860       -0.36   -0.464758  0.00134083
        8861       -0.36   -0.464747  0.00134073
        8862       -0.44   -0.464744  0.00134058
        8863       -0.44   -0.464741  0.00134044
        8864       -0.44   -0.464738  0.00134029
        8865       -0.44   -0.464735  0.00134014
        8866       -0.44   -0.464733  0.00133999
        8867       -0.52   -0.464739  0.00133985
        8868       -0.52   -0.464745  0.00133972
        8869       -0.52   -0.464751  0.00133958
        8870       -0.28   -0.464731  0.00133959
        8871       -0.44   -0.464728  0.00133944
        8872       -0.44   -0.464725   0.0013393
        8873       -0.44   -0.464722  0.00133915
        8874       -0.36    -0.46471  0.00133905
        8875       -0.44   -0.464708   0.0013389
        8876       -0.44   -0.464705  0.00133875
        8877       -0.52   -0.464711  0.00133862
        8878        -0.6   -0.464726  0.00133855
        8879       -0.52   -0.464733  0.00133842
        8880        -0.6   -0.464748  0.00133835
        8881       -0.44   -0.464745   0.0013382
        8882        -0.6    -0.46476  0.00133814
        8883       -0.52   -0.464766    0.001338
        8884       -0.36   -0.464755  0.00133791
        8885       -0.36   -0.464743  0.00133781
        8886       -0.52   -0.464749  0.00133767
        8887       -0.28   -0.464728  0.00133768
        8888       -0.36   -0.464716  0.00133758
        8889       -0.76    -0.46475  0.00133785
        8890        -0.6   -0.464765  0.00133778
        8891       -0.52   -0.464771  0.00133765
        8892       -0.68   -0.464795  0.00133771
        8893       -0.68    -0.46482  0.00133778
        8894       -0.52   -0.464826  0.00133765
        8895       -0.52   -0.464832  0.00133751
        8896       -0.52   -0.464838  0.00133737
        8897       -0.44   -0.464835  0.00133723
        8898        -0.6   -0.464851  0.00133716
        8899       -0.84   -0.464893  0.00133768
        8900       -0.68   -0.464917  0.00133775
        8901       -0.68   -0.464941  0.00133781
        8902       -0.44   -0.464938  0.00133767
        8903       -0.52   -0.464944  0.00133753
        8904       -0.52   -0.464951  0.00133739
        8905       -0.28    -0.46493  0.00133741
        8906       -0.36   -0.464918  0.00133731
        8907       -0.36   -0.464906  0.00133721
        8908       -0.44   -0.464903  0.00133706
        8909       -0.52    -0.46491  0.00133693
        8910       -0.44   -0.464907  0.00133678
        8911       -0.36   -0.464895  0.00133668
        8912        -0.2   -0.464865  0.00133686
        8913        -0.6   -0.464881   0.0013368
        8914       -0.44   -0.464878  0.00133665
        8915       -0.28   -0.464857  0.00133666
        8916       -0.44   -0.464854  0.00133651
        8917       -0.52    -0.46486  0.00133638
        8918       -0.52   -0.464867  0.00133624
        8919       -0.52   -0.464873  0.00133611
        8920       -0.36   -0.464861  0.00133601
        8921        -0.6   -0.464876  0.00133594
        8922       -0.36   -0.464864  0.00133585
        8923       -0.36   -0.464853  0.00133575
        8924       -0.36   -0.464841  0.00133565
        8925       -0.52   -0.464847  0.00133552
        8926       -0.28   -0.464826  0.00133553
        8927       -0.44   -0.464824  0.00133538
        8928       -0.44   -0.464821  0.00133523
        8929       -0.44   -0.464818  0.00133509
        8930       -0.52   -0.464824  0.00133495
        8931        -0.6   -0.464839  0.00133489
        8932       -0.44   -0.464837  0.00133474
        8933        -0.6   -0.464852  0.00133468
        8934        -0.6   -0.464867  0.00133461
        8935       -0.68   -0.464891  0.00133468
        8936       -0.44   -0.464888  0.00133454
        8937        -0.6   -0.464903  0.00133447
        8938       -0.28   -0.464883  0.00133448
        8939       -0.52   -0.464889  0.00133435
        8940        -0.6   -0.464904  0.00133428
        8941       -0.44   -0.464901  0.00133414
        8942       -0.12   -0.464862  0.00133455
        8943       -0.28   -0.464842  0.00133456
        8944        -0.2   -0.464812  0.00133474
        8945       -0.36     -0.4648  0.00133464
        8946       -0.44   -0.464798  0.00133449
        8947       -0.28   -0.464777   0.0013345
        8948       -0.28   -0.464756  0.00133451
        8949       -0.52   -0.464763  0.00133438
        8950       -0.52   -0.464769  0.00133424
        8951       -0.52   -0.464775  0.00133411
        8952       -0.36   -0.464763  0.00133401
        8953       -0.68   -0.464787  0.00133408
        8954       -0.68   -0.464811  0.00133415
        8955       -0.68   -0.464835  0.00133421
        8956        -0.6    -0.46485  0.00133415
        8957       -0.44   -0.464848    0.001334
        8958       -0.52   -0.464854  0.00133387
        8959       -0.36   -0.464842  0.00133377
        8960       -0.68   -0.464866  0.00133384
        8961       -0.44   -0.464863  0.00133369
        8962       -0.52   -0.464869  0.00133356
        8963       -0.36   -0.464858  0.00133346
        8964       -0.28   -0.464837  0.00133347
        8965        0.04   -0.464781  0.00133451
        8966       -0.28    -0.46476  0.00133452
        8967       -0.44   -0.464757  0.00133438
        8968       -0.68   -0.464781  0.00133444
        8969        -0.6   -0.464797  0.00133438
        8970        -0.6   -0.464812  0.00133432
        8971       -0.52   -0.464818  0.00133418
        8972       -0.28   -0.464797  0.00133419
        8973       -0.52   -0.464803  0.00133406
        8974       -0.36   -0.464792  0.00133396
        8975       -0.52   -0.464798  0.00133382
        8976       -0.52   -0.464804  0.00133369
        8977       -0.36   -0.464792  0.00133359
        8978       -0.44   -0.464789  0.00133345
        8979       -0.52   -0.464796  0.00133331
        8980       -0.44   -0.464793  0.00133317
        8981       -0.52   -0.464799  0.00133303
        8982       -0.68   -0.464823   0.0013331
        8983       -0.68   -0.464847  0.00133317
        8984        -0.6   -0.464862   0.0013331
        8985       -0.68   -0.464886  0.00133317
        8986       -0.68    -0.46491  0.00133324
        8987       -0.52   -0.464916   0.0013331
        8988        -0.6   -0.464931  0.00133304
        8989       -0.44   -0.464928  0.00133289
        8990       -0.52   -0.464934  0.00133276
        8991       -0.44   -0.464932  0.00133261
        8992       -0.44   -0.464929  0.00133247
        8993       -0.36   -0.464917  0.00133237
        8994       -0.36   -0.464905  0.00133227
        8995       -0.44   -0.464903  0.00133213
        8996       -0.44     -0.4649  0.00133198
        8997       -0.36   -0.464888  0.00133189
        8998       -0.44   -0.464886  0.00133174
        8999        -0.6   -0.464901  0.00133168
        9000       -0.52   -0.464907  0.00133154
        9001       -0.44   -0.464904   0.0013314
        9002       -0.44   -0.464901  0.00133125
        9003       -0.52   -0.464907  0.00133112
        9004       -0.52   -0.464913  0.00133099
        9005        -0.6   -0.464928  0.00133092
        9006       -0.44   -0.464926  0.00133078
        9007       -0.36   -0.464914  0.00133068
        9008       -0.36   -0.464902  0.00133058
        9009       -0.52   -0.464908  0.00133045
        9010       -0.28   -0.464888  0.00133046
        9011       -0.44   -0.464885  0.00133032
        9012       -0.28   -0.464865  0.00133033
        9013       -0.36   -0.464853  0.00133023
        9014       -0.28   -0.464832  0.00133024
        9015       -0.52   -0.464839  0.00133011
        9016       -0.52   -0.464845  0.00132997
        9017       -0.44   -0.464842  0.00132983
        9018       -0.68   -0.464866   0.0013299
        9019       -0.28   -0.464845  0.00132991
        9020       -0.52   -0.464851  0.00132977
        9021       -0.52   -0.464858  0.00132964
        9022        -0.6   -0.464873  0.00132958
        9023       -0.44    -0.46487  0.00132943
        9024        -0.6   -0.464885  0.00132937
        9025       -0.36   -0.464873  0.00132927
        9026       -0.52   -0.464879  0.00132914
        9027       -0.52   -0.464885  0.00132901
        9028       -0.28   -0.464865  0.00132902
        9029       -0.28   -0.464844  0.00132903
        9030       -0.44   -0.464842  0.00132888
        9031       -0.44   -0.464839  0.00132874
        9032       -0.52   -0.464845  0.00132861
        9033       -0.44   -0.464842  0.00132846
        9034       -0.44   -0.464839  0.00132832
        9035       -0.36   -0.464828  0.00132822
        9036       -0.44   -0.464825  0.00132808
        9037       -0.76   -0.464858  0.00132833
        9038       -0.44   -0.464855  0.00132819
        9039       -0.52   -0.464861  0.00132805
        9040       -0.44   -0.464858  0.00132791
        9041       -0.44   -0.464856  0.00132777
        9042       -0.36   -0.464844  0.00132767
        9043       -0.44   -0.464841  0.00132753
        9044       -0.44   -0.464839  0.00132738
        9045        -0.6   -0.464854  0.00132732
        9046       -0.52    -0.46486  0.00132719
        9047       -0.44   -0.464857  0.00132704
        9048       -0.44   -0.464854   0.0013269
        9049       -0.44   -0.464851  0.00132676
        9050       -0.44   -0.464849  0.00132661
        9051       -0.44   -0.464846  0.00132647
        9052       -0.68    -0.46487  0.00132653
        9053       -0.52   -0.464876   0.0013264
        9054       -0.36   -0.464864  0.00132631
        9055       -0.44   -0.464861  0.00132616
        9056       -0.44   -0.464859  0.00132602
        9057       -0.44   -0.464856  0.00132587
        9058        -0.2   -0.464827  0.00132605
        9059       -0.44   -0.464824  0.00132591
        9060       -0.36   -0.464812  0.00132581
        9061        -0.6   -0.464827  0.00132575
        9062       -0.36   -0.464816  0.00132565
        9063       -0.52   -0.464822  0.00132552
        9064       -0.36    -0.46481  0.00132543
        9065       -0.36   -0.464799  0.00132533
        9066       -0.44   -0.464796  0.00132519
        9067       -0.36   -0.464784  0.00132509
        9068       -0.36   -0.464773  0.00132499
        9069        -0.6   -0.464788  0.00132493
        9070       -0.44   -0.464785  0.00132479
        9071       -0.52   -0.464791  0.00132466
        9072       -0.44   -0.464788  0.00132451
        9073        -0.6   -0.464803  0.00132445
        9074        -0.6   -0.464818  0.00132439
        9075        -0.6   -0.464833  0.00132433
        9076       -0.76   -0.464866  0.00132458
        9077       -0.52   -0.464872  0.00132445
        9078       -0.44   -0.464869  0.00132431
        9079       -0.28   -0.464849  0.00132432
        9080       -0.36   -0.464837  0.00132422
        9081       -0.44   -0.464834  0.00132408
        9082       -0.36   -0.464823  0.00132398
        9083       -0.44    -0.46482  0.00132384
        9084       -0.44   -0.464817   0.0013237
        9085       -0.44   -0.464815  0.00132355
        9086       -0.28   -0.464794  0.00132356
        9087       -0.52     -0.4648  0.00132343
        9088       -0.52   -0.464806   0.0013233
        9089       -0.28   -0.464786  0.00132331
        9090        -0.6   -0.464801  0.00132325
        9091       -0.28   -0.464781  0.00132326
        9092       -0.36   -0.464769  0.00132316
        9093       -0.36   -0.464758  0.00132307
        9094       -0.36   -0.464746  0.00132297
        9095        -0.2   -0.464717  0.00132315
        9096       -0.52   -0.464723  0.00132302
        9097       -0.44    -0.46472  0.00132287
        9098       -0.36   -0.464709  0.00132278
        9099       -0.44   -0.464706  0.00132264
        9100       -0.36   -0.464695  0.00132254
        9101       -0.52   -0.464701  0.00132241
        9102       -0.68   -0.464724  0.00132248
        9103       -0.68   -0.464748  0.00132254
        9104       -0.52   -0.464754  0.00132241
        9105       -0.68   -0.464778  0.00132248
        9106        -0.6   -0.464792  0.00132242
        9107       -0.44    -0.46479  0.00132227
        9108       -0.52   -0.464796  0.00132214
        9109       -0.52   -0.464802  0.00132201
        9110       -0.68   -0.464825  0.00132208
        9111       -0.52   -0.464832  0.00132194
        9112        -0.6   -0.464846  0.00132188
        9113       -0.52   -0.464852  0.00132175
        9114       -0.52   -0.464858  0.00132162
        9115       -0.36   -0.464847  0.00132153
        9116       -0.52   -0.464853  0.00132139
        9117       -0.44    -0.46485  0.00132125
        9118       -0.28    -0.46483  0.00132126
        9119       -0.36   -0.464819  0.00132117
        9120        -0.6   -0.464833  0.00132111
        9121       -0.52   -0.464839  0.00132098
        9122       -0.52   -0.464845  0.00132084
        9123        -0.6    -0.46486  0.00132078
        9124       -0.36   -0.464849  0.00132069
        9125       -0.52   -0.464855  0.00132056
        9126        -0.6    -0.46487   0.0013205
        9127       -0.52   -0.464876  0.00132036
        9128       -0.68   -0.464899  0.00132043
        9129       -0.52   -0.464905   0.0013203
        9130       -0.44   -0.464903  0.00132016
        9131       -0.44     -0.4649  0.00132002
        9132       -0.52   -0.464906  0.00131989
        9133       -0.52   -0.464912  0.00131975
        9134       -0.52   -0.464918  0.00131962
        9135       -0.44   -0.464915  0.00131948
        9136        -0.6    -0.46493  0.00131942
        9137        -0.6   -0.464945  0.00131936
        9138       -0.52   -0.464951  0.00131923
        9139       -0.52   -0.464957   0.0013191
        9140       -0.52   -0.464963  0.00131897
        9141        -0.6   -0.464978  0.00131891
        9142        -0.6   -0.464992  0.00131884
        9143       -0.52   -0.464998  0.00131871
        9144       -0.68   -0.465022  0.00131878
        9145       -0.68   -0.465045  0.00131884
        9146       -0.52   -0.465051  0.00131871
        9147       -0.68   -0.465075  0.00131878
        9148       -0.52   -0.465081  0.00131865
        9149       -0.36   -0.465069  0.00131855
        9150       -0.44   -0.465067  0.00131841
        9151       -0.44   -0.465064  0.00131827
        9152       -0.36   -0.465052  0.00131818
        9153       -0.52   -0.465058  0.00131805
        9154        -0.6   -0.465073  0.00131799
        9155        -0.6   -0.465088  0.00131792
        9156        -0.6   -0.465103  0.00131786
        9157        -0.6   -0.465117   0.0013178
        9158        -0.6   -0.465132  0.00131774
        9159        -0.6   -0.465147  0.00131768
        9160       -0.68    -0.46517  0.00131774
        9161       -0.28    -0.46515  0.00131775
        9162       -0.28    -0.46513  0.00131777
        9163       -0.12   -0.465092  0.00131816
        9164        -0.6   -0.465107   0.0013181
        9165       -0.68    -0.46513  0.00131816
        9166       -0.44   -0.465128  0.00131802
        9167       -0.36   -0.465116  0.00131793
        9168       -0.36   -0.465105  0.00131783
        9169       -0.36   -0.465093  0.00131774
        9170       -0.36   -0.465082  0.00131765
        9171       -0.44   -0.465079  0.00131751
        9172       -0.36   -0.465068  0.00131741
        9173       -0.44   -0.465065  0.00131727
        9174        -0.6    -0.46508  0.00131721
        9175       -0.44   -0.465077  0.00131707
        9176       -0.36   -0.465065  0.00131697
        9177       -0.44   -0.465063  0.00131683
        9178       -0.44    -0.46506  0.00131669
        9179       -0.44   -0.465057  0.00131655
        9180       -0.36   -0.465046  0.00131646
        9181       -0.44   -0.465043  0.00131632
        9182       -0.44    -0.46504  0.00131618
        9183       -0.52   -0.465046  0.00131605
        9184       -0.52   -0.465052  0.00131592
        9185        -0.6   -0.465067  0.00131586
        9186       -0.28   -0.465047  0.00131587
        9187       -0.36   -0.465035  0.00131577
        9188       -0.44   -0.465033  0.00131563
        9189       -0.44    -0.46503  0.00131549
        9190       -0.44   -0.465027  0.00131535
        9191       -0.44   -0.465024  0.00131521
        9192       -0.52    -0.46503  0.00131508
        9193       -0.52   -0.465036  0.00131495
        9194       -0.52   -0.465042  0.00131482
        9195        -0.6   -0.465057  0.00131476
        9196       -0.68    -0.46508  0.00131483
        9197       -0.44   -0.465078  0.00131469
        9198       -0.44   -0.465075  0.00131455
        9199       -0.52   -0.465081  0.00131442
        9200       -0.36    -0.46507  0.00131433
        9201       -0.52   -0.465076   0.0013142
        9202       -0.52   -0.465082  0.00131407
        9203       -0.36    -0.46507  0.00131397
        9204       -0.44   -0.465067  0.00131383
        9205       -0.52   -0.465073   0.0013137
        9206       -0.36   -0.465062  0.00131361
        9207       -0.44   -0.465059  0.00131347
        9208       -0.76   -0.465091  0.00131372
        9209       -0.28   -0.465071  0.00131373
        9210       -0.76   -0.465103  0.00131398
        9211       -0.36   -0.465092  0.00131389
        9212        -0.6   -0.465106  0.00131382
        9213        -0.6   -0.465121  0.00131376
        9214       -0.44   -0.465118  0.00131362
        9215       -0.52   -0.465124  0.00131349
        9216        -0.6   -0.465139  0.00131343
        9217       -0.52   -0.465145   0.0013133
        9218       -0.44   -0.465142  0.00131316
        9219       -0.28   -0.465122  0.00131318
        9220        -0.6   -0.465137  0.00131312
        9221        -0.2   -0.465108  0.00131329
        9222        -0.2   -0.465079  0.00131346
        9223        -0.6   -0.465094   0.0013134
        9224        -0.6   -0.465108  0.00131334
        9225       -0.52   -0.465114  0.00131321
        9226        -0.6   -0.465129  0.00131315
        9227        -0.6   -0.465144  0.00131309
        9228       -0.52    -0.46515  0.00131296
        9229        -0.6   -0.465164   0.0013129
        9230       -0.76   -0.465196  0.00131314
        9231       -0.44   -0.465193    0.001313
        9232       -0.52   -0.465199  0.00131288
        9233        -0.6   -0.465214  0.00131281
        9234       -0.28   -0.465194  0.00131283
        9235       -0.36   -0.465182  0.00131273
        9236       -0.44    -0.46518  0.00131259
        9237       -0.28    -0.46516   0.0013126
        9238        -0.6   -0.465174  0.00131254
        9239       -0.68   -0.465198  0.00131261
        9240        -0.6   -0.465212  0.00131255
        9241       -0.52   -0.465218  0.00131242
        9242        -0.2   -0.465189  0.00131259
        9243       -0.36   -0.465178   0.0013125
        9244       -0.44   -0.465175  0.00131236
        9245       -0.36   -0.465164  0.00131226
        9246       -0.36   -0.465152  0.00131217
        9247       -0.52   -0.465158  0.00131204
        9248       -0.52   -0.465164  0.00131192
        9249        -0.6   -0.465179  0.00131185
        9250       -0.36   -0.465168  0.00131176
        9251       -0.52   -0.465173  0.00131163
        9252       -0.36   -0.465162  0.00131154
        9253       -0.36   -0.465151  0.00131145
        9254       -0.36   -0.465139  0.00131136
        9255       -0.44   -0.465137  0.00131122
        9256       -0.68    -0.46516  0.00131128
        9257       -0.28    -0.46514  0.00131129
        9258       -0.44   -0.465137  0.00131115
        9259       -0.36   -0.465126  0.00131106
        9260        -0.2   -0.465097  0.00131123
        9261        -0.6   -0.465112  0.00131117
        9262        -0.6   -0.465126  0.00131111
        9263        -0.6   -0.465141  0.00131105
        9264       -0.28   -0.465121  0.00131106
        9265        -0.2   -0.465092  0.00131123
        9266       -0.36   -0.465081  0.00131114
        9267       -0.28   -0.465061  0.00131115
        9268       -0.36    -0.46505  0.00131106
        9269       -0.44   -0.465047  0.00131092
        9270       -0.44   -0.465044  0.00131078
        9271       -0.44   -0.465042  0.00131064
        9272       -0.36    -0.46503  0.00131055
        9273       -0.28    -0.46501  0.00131056
        9274       -0.52   -0.465016  0.00131043
        9275       -0.52   -0.465022   0.0013103
        9276        -0.6   -0.465037  0.00131024
        9277        -0.6   -0.465051  0.00131018
        9278       -0.68   -0.465074  0.00131025
        9279       -0.52    -0.46508  0.00131012
        9280       -0.52   -0.465086  0.00130999
        9281       -0.52   -0.465092  0.00130986
        9282       -0.52   -0.465098  0.00130973
        9283       -0.68   -0.465121   0.0013098
        9284        -0.6   -0.465136  0.00130974
        9285        -0.6    -0.46515  0.00130968
        9286       -0.36   -0.465139  0.00130958
        9287       -0.44   -0.465136  0.00130945
        9288       -0.52   -0.465142  0.00130932
        9289       -0.52   -0.465148  0.00130919
        9290       -0.44   -0.465145  0.00130905
        9291       -0.76   -0.465177   0.0013093
        9292        -0.6   -0.465192  0.00130924
        9293       -0.44   -0.465189   0.0013091
        9294       -0.52   -0.465195  0.00130897
        9295       -0.44   -0.465192  0.00130883
        9296       -0.44   -0.465189  0.00130869
        9297       -0.28   -0.465169  0.00130871
        9298       -0.36   -0.465158  0.00130861
        9299       -0.52   -0.465164  0.00130849
        9300       -0.28   -0.465144   0.0013085
        9301       -0.52    -0.46515  0.00130837
        9302       -0.36   -0.465139  0.00130828
        9303       -0.52   -0.465145  0.00130815
        9304       -0.44   -0.465142  0.00130801
        9305       -0.36   -0.465131  0.00130792
        9306       -0.36   -0.465119  0.00130783
        9307       -0.36   -0.465108  0.00130774
        9308       -0.36   -0.465097  0.00130765
        9309       -0.44   -0.465094  0.00130751
        9310        -0.6   -0.465108  0.00130745
        9311       -0.52   -0.465114  0.00130732
        9312       -0.44   -0.465112  0.00130718
        9313       -0.36     -0.4651  0.00130709
        9314       -0.68   -0.465123  0.00130715
        9315       -0.52   -0.465129  0.00130703
        9316       -0.52   -0.465135   0.0013069
        9317       -0.52   -0.465141  0.00130677
        9318       -0.44   -0.465138  0.00130664
        9319       -0.28   -0.465119  0.00130665
        9320        -0.2    -0.46509  0.00130682
        9321       -0.36   -0.465079  0.00130672
        9322       -0.52   -0.465085   0.0013066
        9323       -0.52   -0.465091  0.00130647
        9324       -0.52   -0.465097  0.00130634
        9325        -0.6   -0.465111  0.00130628
        9326       -0.52   -0.465117  0.00130616
        9327       -0.44   -0.465114  0.00130602
        9328       -0.44   -0.465111  0.00130588
        9329       -0.44   -0.465109  0.00130575
        9330       -0.28   -0.465089  0.00130576
        9331       -0.44   -0.465086  0.00130562
        9332       -0.44   -0.465084  0.00130548
        9333       -0.44   -0.465081  0.00130535
        9334       -0.36    -0.46507  0.00130525
        9335        -0.2   -0.465041  0.00130542
        9336       -0.28   -0.465021  0.00130543
        9337        -0.6   -0.465036  0.00130537
        9338       -0.44   -0.465033  0.00130524
        9339       -0.36   -0.465022  0.00130515
        9340       -0.44   -0.465019  0.00130501
        9341       -0.36   -0.465008  0.00130492
        9342       -0.76    -0.46504  0.00130516
        9343       -0.68   -0.465063  0.00130522
        9344       -0.44    -0.46506  0.00130509
        9345       -0.52   -0.465066  0.00130496
        9346       -0.44   -0.465063  0.00130482
        9347       -0.36   -0.465052  0.00130473
        9348        -0.6   -0.465066  0.00130467
        9349        -0.6   -0.465081  0.00130461
        9350       -0.44   -0.465078  0.00130447
        9351        -0.6   -0.465093  0.00130442
        9352        -0.6   -0.465107  0.00130436
        9353       -0.44   -0.465104  0.00130422
        9354       -0.52    -0.46511  0.00130409
        9355        -0.6   -0.465125  0.00130403
        9356       -0.44   -0.465122   0.0013039
        9357       -0.44   -0.465119  0.00130376
        9358       -0.36   -0.465108  0.00130367
        9359       -0.52   -0.465114  0.00130354
        9360       -0.44   -0.465111  0.00130341
        9361       -0.44   -0.465108  0.00130327
        9362       -0.44   -0.465106  0.00130313
        9363       -0.44   -0.465103    0.001303
        9364       -0.44     -0.4651  0.00130286
        9365       -0.68   -0.465123  0.00130292
        9366       -0.76   -0.465155  0.00130316
        9367        -0.6   -0.465169   0.0013031
        9368       -0.36   -0.465158  0.00130301
        9369       -0.44   -0.465155  0.00130288
        9370       -0.52   -0.465161  0.00130275
        9371       -0.52   -0.465167  0.00130263
        9372       -0.28   -0.465147  0.00130264
        9373       -0.52   -0.465153  0.00130251
        9374       -0.44    -0.46515  0.00130237
        9375       -0.52   -0.465156  0.00130225
        9376       -0.52   -0.465162  0.00130212
        9377       -0.36   -0.465151  0.00130203
        9378       -0.44   -0.465148   0.0013019
        9379       -0.44   -0.465146  0.00130176
        9380       -0.52   -0.465151  0.00130163
        9381       -0.36    -0.46514  0.00130154
        9382       -0.52   -0.465146  0.00130142
        9383        -0.6    -0.46516  0.00130136
        9384       -0.44   -0.465158  0.00130122
        9385        -0.6   -0.465172  0.00130116
        9386       -0.36   -0.465161  0.00130107
        9387       -0.28   -0.465141  0.00130108
        9388       -0.36    -0.46513  0.00130099
        9389       -0.36   -0.465119   0.0013009
        9390        -0.6   -0.465133  0.00130084
        9391       -0.44    -0.46513  0.00130071
        9392       -0.44   -0.465128  0.00130057
        9393        -0.2     -0.4651  0.00130074
        9394       -0.36   -0.465088  0.00130065
        9395       -0.44   -0.465086  0.00130052
        9396        -0.6     -0.4651  0.00130046
        9397       -0.52   -0.465106  0.00130033
        9398       -0.52   -0.465112  0.00130021
        9399        -0.6   -0.465126  0.00130015
        9400        -0.6    -0.46514  0.00130009
        9401       -0.44   -0.465138  0.00129995
        9402       -0.36   -0.465127  0.00129986
        9403       -0.44   -0.465124  0.00129973
        9404        -0.2   -0.465096  0.00129989
        9405       -0.36   -0.465085   0.0012998
        9406       -0.52    -0.46509  0.00129968
        9407       -0.44   -0.465088  0.00129954
        9408       -0.68   -0.465111  0.00129961
        9409       -0.36   -0.465099  0.00129952
        9410       -0.44   -0.465097  0.00129938
        9411       -0.52   -0.465103  0.00129925
        9412       -0.52   -0.465108  0.00129913
        9413       -0.52   -0.465114  0.00129901
        9414       -0.52    -0.46512  0.00129888
        9415       -0.36   -0.465109  0.00129879
        9416       -0.44   -0.465106  0.00129865
        9417       -0.52   -0.465112  0.00129853
        9418        -0.6   -0.465126  0.00129847
        9419       -0.44   -0.465124  0.00129834
        9420       -0.36   -0.465113  0.00129825
        9421       -0.44    -0.46511  0.00129811
        9422       -0.28    -0.46509  0.00129812
        9423       -0.36   -0.465079  0.00129803
        9424        -0.6   -0.465093  0.00129797
        9425       -0.52   -0.465099  0.00129785
        9426       -0.44   -0.465097  0.00129771
        9427        -0.6   -0.465111  0.00129766
        9428       -0.52   -0.465117  0.00129753
        9429       -0.52   -0.465122  0.00129741
        9430       -0.44    -0.46512  0.00129727
        9431       -0.44   -0.465117  0.00129714
        9432       -0.36   -0.465106  0.00129705
        9433        -0.6    -0.46512  0.00129699
        9434        -0.2   -0.465092  0.00129715
        9435       -0.36   -0.465081  0.00129707
        9436       -0.44   -0.465078  0.00129693
        9437       -0.52   -0.465084  0.00129681
        9438       -0.52    -0.46509  0.00129668
        9439       -0.36   -0.465079  0.00129659
        9440       -0.44   -0.465076  0.00129646
        9441       -0.44   -0.465074  0.00129632
        9442       -0.36   -0.465062  0.00129623
        9443       -0.28   -0.465043  0.00129624
        9444       -0.44    -0.46504  0.00129611
        9445       -0.28   -0.465021  0.00129612
        9446       -0.68   -0.465043  0.00129618
        9447       -0.68   -0.465066  0.00129625
        9448       -0.68   -0.465089  0.00129631
        9449       -0.44   -0.465086  0.00129617
        9450       -0.36   -0.465075  0.00129608
        9451       -0.28   -0.465056  0.00129609
        9452       -0.28   -0.465036  0.00129611
        9453       -0.52   -0.465042  0.00129598
        9454        -0.6   -0.465056  0.00129592
        9455       -0.68   -0.465079  0.00129599
        9456       -0.28   -0.465059    0.001296
        9457       -0.36   -0.465048  0.00129591
        9458       -0.52   -0.465054  0.00129578
        9459        -0.2   -0.465026  0.00129595
        9460       -0.52   -0.465032  0.00129582
        9461       -0.36   -0.465021  0.00129574
        9462       -0.36    -0.46501  0.00129565
        9463       -0.44   -0.465007  0.00129551
        9464       -0.44   -0.465004  0.00129538
        9465       -0.44   -0.465002  0.00129524
        9466       -0.52   -0.465007  0.00129512
        9467       -0.36   -0.464996  0.00129503
        9468       -0.36   -0.464985  0.00129494
        9469       -0.44   -0.464983  0.00129481
        9470       -0.44    -0.46498  0.00129467
        9471       -0.52   -0.464986  0.00129455
        9472        -0.6      -0.465  0.00129449
        9473       -0.52   -0.465006  0.00129437
        9474       -0.44   -0.465003  0.00129423
        9475       -0.68   -0.465026   0.0012943
        9476        -0.6    -0.46504  0.00129424
        9477        -0.6   -0.465054  0.00129418
        9478       -0.44   -0.465052  0.00129405
        9479        -0.6   -0.465066  0.00129399
        9480       -0.12    -0.46503  0.00129436
        9481       -0.44   -0.465027  0.00129423
        9482       -0.36   -0.465016  0.00129414
        9483       -0.44   -0.465013  0.00129401
        9484       -0.44   -0.465011  0.00129387
        9485       -0.52   -0.465016  0.00129375
        9486       -0.36   -0.465005  0.00129366
        9487        -0.2   -0.464977  0.00129382
        9488       -0.44   -0.464975  0.00129369
        9489       -0.36   -0.464964   0.0012936
        9490       -0.36   -0.464953  0.00129351
        9491        -0.6   -0.464967  0.00129346
        9492       -0.52   -0.464973  0.00129333
        9493       -0.44    -0.46497   0.0012932
        9494       -0.68   -0.464993  0.00129326
        9495       -0.52   -0.464998  0.00129314
        9496       -0.28   -0.464979  0.00129315
        9497       -0.44   -0.464976  0.00129301
        9498        -0.6   -0.464991  0.00129296
        9499       -0.52   -0.464996  0.00129283
        9500       -0.52   -0.465002  0.00129271
        9501        -0.6   -0.465016  0.00129265
        9502       -0.36   -0.465005  0.00129256
        9503       -0.36   -0.464994  0.00129247
        9504        -0.2   -0.464966  0.00129264
        9505       -0.36   -0.464955  0.00129255
        9506       -0.52   -0.464961  0.00129243
        9507       -0.68   -0.464984  0.00129249
        9508       -0.52   -0.464989  0.00129237
        9509       -0.44   -0.464987  0.00129223
        9510       -0.44   -0.464984   0.0012921
        9511       -0.28   -0.464965  0.00129211
        9512        -0.2   -0.464937  0.00129227
        9513       -0.36   -0.464926  0.00129219
        9514       -0.28   -0.464906   0.0012922
        9515       -0.52   -0.464912  0.00129207
        9516       -0.52   -0.464918  0.00129195
        9517       -0.44   -0.464915  0.00129182
        9518        -0.2   -0.464888  0.00129198
        9519        -0.2    -0.46486  0.00129215
        9520       -0.52   -0.464866  0.00129202
        9521       -0.28   -0.464846  0.00129203
        9522       -0.52   -0.464852  0.00129191
        9523        -0.6   -0.464866  0.00129185
        9524        -0.6    -0.46488  0.00129179
        9525       -0.52   -0.464886  0.00129167
        9526       -0.44   -0.464883  0.00129154
        9527       -0.44   -0.464881  0.00129141
        9528       -0.44   -0.464878  0.00129127
        9529       -0.44   -0.464876  0.00129114
        9530       -0.44   -0.464873  0.00129101
        9531       -0.52   -0.464879  0.00129089
        9532       -0.68   -0.464901  0.00129095
        9533       -0.76   -0.464932  0.00129118
        9534       -0.52   -0.464938  0.00129106
        9535       -0.28   -0.464919  0.00129107
        9536       -0.52   -0.464924  0.00129095
        9537       -0.52    -0.46493  0.00129083
        9538       -0.36   -0.464919  0.00129074
        9539       -0.52   -0.464925  0.00129061
        9540        -0.6   -0.464939  0.00129056
        9541       -0.68   -0.464962  0.00129062
        9542       -0.52   -0.464968   0.0012905
        9543       -0.44   -0.464965  0.00129036
        9544        -0.2   -0.464937  0.00129053
        9545       -0.36   -0.464926  0.00129044
        9546       -0.28   -0.464907  0.00129045
        9547       -0.28   -0.464887  0.00129046
        9548       -0.52   -0.464893  0.00129034
        9549       -0.52   -0.464899  0.00129021
        9550       -0.68   -0.464921  0.00129028
        9551       -0.52   -0.464927  0.00129015
        9552       -0.52   -0.464933  0.00129003
        9553       -0.28   -0.464914  0.00129004
        9554       -0.44   -0.464911  0.00128991
        9555       -0.52   -0.464917  0.00128979
        9556       -0.52   -0.464923  0.00128967
        9557       -0.44    -0.46492  0.00128953
        9558       -0.52   -0.464926  0.00128941
        9559       -0.52   -0.464931  0.00128929
        9560       -0.44   -0.464929  0.00128916
        9561        -0.6   -0.464943   0.0012891
        9562       -0.44    -0.46494  0.00128897
        9563       -0.44   -0.464938  0.00128884
        9564       -0.36   -0.464927  0.00128875
        9565       -0.36   -0.464916  0.00128866
        9566       -0.44   -0.464913  0.00128853
        9567       -0.36   -0.464902  0.00128844
        9568       -0.44     -0.4649  0.00128831
        9569        -0.6   -0.464914  0.00128825
        9570        -0.6   -0.464928  0.00128819
        9571       -0.52   -0.464934  0.00128807
        9572       -0.44   -0.464931  0.00128794
        9573       -0.52   -0.464937  0.00128782
        9574        -0.6   -0.464951  0.00128776
        9575       -0.52   -0.464957  0.00128764
        9576       -0.36   -0.464946  0.00128755
        9577       -0.44   -0.464943  0.00128742
        9578       -0.52   -0.464949   0.0012873
        9579       -0.52   -0.464955  0.00128718
        9580       -0.52    -0.46496  0.00128705
        9581       -0.36   -0.464949  0.00128697
        9582       -0.52   -0.464955  0.00128684
        9583       -0.44   -0.464953  0.00128671
        9584       -0.44    -0.46495  0.00128658
        9585       -0.44   -0.464947  0.00128645
        9586       -0.36   -0.464936  0.00128636
        9587       -0.44   -0.464934  0.00128623
        9588       -0.28   -0.464914  0.00128624
        9589       -0.44   -0.464912  0.00128611
        9590       -0.28   -0.464893  0.00128612
        9591       -0.36   -0.464882  0.00128603
        9592       -0.36   -0.464871  0.00128594
        9593       -0.36    -0.46486  0.00128586
        9594       -0.44   -0.464857  0.00128573
        9595       -0.44   -0.464855  0.00128559
        9596       -0.28   -0.464835   0.0012856
        9597       -0.52   -0.464841  0.00128548
        9598       -0.28   -0.464822  0.00128549
        9599       -0.36   -0.464811  0.00128541
        9600        -0.6   -0.464825  0.00128535
        9601        -0.6   -0.464839  0.00128529
        9602       -0.44   -0.464836  0.00128516
        9603       -0.36   -0.464826  0.00128507
        9604       -0.52   -0.464831  0.00128495
        9605       -0.44   -0.464829  0.00128482
        9606       -0.28   -0.464809  0.00128483
        9607        -0.6   -0.464824  0.00128478
        9608       -0.68   -0.464846  0.00128484
        9609       -0.68   -0.464868   0.0012849
        9610       -0.52   -0.464874  0.00128478
        9611       -0.44   -0.464872  0.00128465
        9612       -0.52   -0.464877  0.00128453
        9613        -0.2    -0.46485  0.00128469
        9614       -0.28    -0.46483   0.0012847
        9615       -0.44   -0.464828  0.00128457
        9616       -0.68    -0.46485  0.00128463
        9617       -0.44   -0.464848   0.0012845
        9618       -0.36   -0.464837  0.00128441
        9619       -0.36   -0.464826  0.00128432
        9620        -0.2   -0.464798  0.00128448
        9621       -0.28   -0.464779  0.00128449
        9622       -0.12   -0.464743  0.00128486
        9623       -0.12   -0.464707  0.00128523
        9624        -0.2    -0.46468  0.00128539
        9625       -0.36   -0.464669   0.0012853
        9626        -0.2   -0.464642  0.00128546
        9627        -0.2   -0.464614  0.00128562
        9628       -0.52    -0.46462   0.0012855
        9629       -0.52   -0.464626  0.00128538
        9630       -0.36   -0.464615  0.00128529
        9631       -0.52    -0.46462  0.00128517
        9632       -0.44   -0.464618  0.00128504
        9633       -0.44   -0.464615  0.00128491
        9634       -0.52   -0.464621  0.00128479
        9635       -0.68   -0.464643  0.00128485
        9636       -0.52   -0.464649  0.00128473
        9637       -0.44   -0.464647   0.0012846
        9638        -0.6   -0.464661  0.00128454
        9639       -0.36    -0.46465  0.00128445
        9640       -0.36   -0.464639  0.00128437
        9641       -0.52   -0.464645  0.00128425
        9642        -0.6   -0.464659  0.00128419
        9643       -0.52   -0.464665  0.00128407
        9644       -0.52    -0.46467  0.00128395
        9645       -0.52   -0.464676  0.00128383
        9646       -0.36   -0.464665  0.00128374
        9647       -0.28   -0.464646  0.00128375
        9648       -0.44   -0.464643  0.00128362
        9649       -0.52   -0.464649   0.0012835
        9650       -0.28    -0.46463  0.00128351
        9651        -0.6   -0.464644  0.00128345
        9652       -0.36   -0.464633  0.00128337
        9653       -0.12   -0.464598  0.00128373
        9654       -0.68    -0.46462  0.00128379
        9655        -0.6   -0.464634  0.00128374
        9656       -0.28   -0.464615  0.00128374
        9657        -0.2   -0.464587   0.0012839
        9658       -0.36   -0.464577  0.00128382
        9659       -0.36   -0.464566  0.00128373
        9660       -0.52   -0.464571  0.00128361
        9661       -0.28   -0.464552  0.00128362
        9662       -0.44    -0.46455  0.00128349
        9663       -0.44   -0.464547  0.00128336
        9664       -0.44   -0.464545  0.00128323
        9665       -0.36   -0.464534  0.00128314
        9666       -0.52    -0.46454  0.00128302
        9667       -0.12   -0.464504  0.00128338
        9668       -0.28   -0.464485  0.00128339
        9669       -0.52   -0.464491  0.00128327
        9670        -0.6   -0.464505  0.00128322
        9671        -0.6   -0.464519  0.00128316
        9672       -0.44   -0.464516  0.00128303
        9673        -0.6    -0.46453  0.00128297
        9674       -0.44   -0.464528  0.00128284
        9675       -0.36   -0.464517  0.00128276
        9676       -0.44   -0.464514  0.00128263
        9677       -0.36   -0.464503  0.00128254
        9678       -0.28   -0.464484  0.00128255
        9679       -0.44   -0.464482  0.00128242
        9680       -0.52   -0.464488   0.0012823
        9681       -0.36   -0.464477  0.00128221
        9682       -0.44   -0.464474  0.00128208
        9683       -0.52    -0.46448  0.00128196
        9684       -0.28   -0.464461  0.00128197
        9685       -0.28   -0.464442  0.00128198
        9686       -0.68   -0.464464  0.00128204
        9687       -0.52    -0.46447  0.00128192
        9688       -0.36   -0.464459  0.00128183
        9689       -0.52   -0.464465  0.00128171
        9690       -0.44   -0.464462  0.00128159
        9691        -0.2   -0.464435  0.00128174
        9692       -0.52   -0.464441  0.00128162
        9693       -0.44   -0.464438  0.00128149
        9694       -0.52   -0.464444  0.00128137
        9695       -0.36   -0.464433  0.00128129
        9696       -0.68   -0.464455  0.00128135
        9697       -0.52   -0.464461  0.00128123
        9698       -0.52   -0.464467  0.00128111
        9699        -0.6   -0.464481  0.00128105
        9700        -0.6   -0.464495    0.001281
        9701       -0.52   -0.464501  0.00128088
        9702       -0.52   -0.464506  0.00128076
        9703       -0.52   -0.464512  0.00128064
        9704       -0.36   -0.464501  0.00128055
        9705       -0.52   -0.464507  0.00128043
        9706       -0.52   -0.464513  0.00128032
        9707       -0.52   -0.464518   0.0012802
        9708       -0.52   -0.464524  0.00128008
        9709       -0.52    -0.46453  0.00127996
        9710       -0.68   -0.464552  0.00128002
        9711        -0.6   -0.464566  0.00127996
        9712       -0.44   -0.464563  0.00127983
        9713        -0.6   -0.464577  0.00127978
        9714       -0.76   -0.464608  0.00128001
        9715       -0.68    -0.46463  0.00128007
        9716        -0.6   -0.464644  0.00128001
        9717        -0.6   -0.464658  0.00127996
        9718       -0.52   -0.464664  0.00127984
        9719       -0.36   -0.464653  0.00127975
        9720       -0.52   -0.464658  0.00127963
        9721       -0.44   -0.464656   0.0012795
        9722       -0.52   -0.464662  0.00127938
        9723       -0.36   -0.464651   0.0012793
        9724        -0.6   -0.464665  0.00127924
        9725        -0.6   -0.464679  0.00127919
        9726       -0.76   -0.464709  0.00127941
        9727       -0.28    -0.46469  0.00127942
        9728       -0.36   -0.464679  0.00127934
        9729       -0.52   -0.464685  0.00127922
        9730       -0.44   -0.464682  0.00127909
        9731        -0.6   -0.464696  0.00127903
        9732       -0.44   -0.464694   0.0012789
        9733       -0.44   -0.464691  0.00127878
        9734       -0.44   -0.464689  0.00127865
        9735        -0.6   -0.464703  0.00127859
        9736       -0.36   -0.464692  0.00127851
        9737       -0.36   -0.464681  0.00127842
        9738       -0.52   -0.464687   0.0012783
        9739        -0.6   -0.464701  0.00127824
        9740       -0.36    -0.46469  0.00127816
        9741       -0.44   -0.464687  0.00127803
        9742       -0.44   -0.464685   0.0012779
        9743       -0.28   -0.464666  0.00127791
        9744       -0.44   -0.464663  0.00127778
        9745       -0.44   -0.464661  0.00127765
        9746       -0.44   -0.464658  0.00127752
        9747        -0.6   -0.464672  0.00127747
        9748       -0.44    -0.46467  0.00127734
        9749       -0.52   -0.464675  0.00127722
        9750       -0.52   -0.464681   0.0012771
        9751       -0.36    -0.46467  0.00127702
        9752       -0.44   -0.464668  0.00127689
        9753       -0.44   -0.464665  0.00127676
        9754       -0.52   -0.464671  0.00127664
        9755       -0.44   -0.464668  0.00127651
        9756       -0.28   -0.464649  0.00127652
        9757       -0.36   -0.464639  0.00127644
        9758        -0.2   -0.464612   0.0012766
        9759        -0.6   -0.464625  0.00127654
        9760       -0.52   -0.464631  0.00127642
        9761       -0.44   -0.464629  0.00127629
        9762        -0.6   -0.464642  0.00127624
        9763       -0.28   -0.464624  0.00127625
        9764       -0.36   -0.464613  0.00127616
        9765       -0.28   -0.464594  0.00127617
        9766       -0.36   -0.464583  0.00127609
        9767       -0.68   -0.464605  0.00127615
        9768       -0.52   -0.464611  0.00127603
        9769       -0.52   -0.464617  0.00127591
        9770       -0.44   -0.464614  0.00127578
        9771       -0.52    -0.46462  0.00127566
        9772       -0.36   -0.464609  0.00127558
        9773       -0.44   -0.464607  0.00127545
        9774        -0.2   -0.464579  0.00127561
        9775        -0.6   -0.464593  0.00127555
        9776        -0.2   -0.464566  0.00127571
        9777       -0.36   -0.464556  0.00127562
        9778       -0.68   -0.464578  0.00127568
        9779       -0.52   -0.464583  0.00127556
        9780       -0.52   -0.464589  0.00127545
        9781       -0.44   -0.464586  0.00127532
        9782       -0.52   -0.464592   0.0012752
        9783       -0.28   -0.464573  0.00127521
        9784       -0.52   -0.464579  0.00127509
        9785       -0.52   -0.464585  0.00127497
        9786       -0.44   -0.464582  0.00127485
        9787       -0.68   -0.464604  0.00127491
        9788        -0.6   -0.464618  0.00127485
        9789       -0.52   -0.464624  0.00127473
        9790        -0.6   -0.464637  0.00127468
        9791        -0.6   -0.464651  0.00127462
        9792       -0.44   -0.464649   0.0012745
        9793        -0.2   -0.464622  0.00127465
        9794       -0.36   -0.464611  0.00127457
        9795        -0.6   -0.464625  0.00127451
        9796       -0.44   -0.464622  0.00127438
        9797        -0.2   -0.464595  0.00127454
        9798       -0.28   -0.464576  0.00127455
        9799       -0.36   -0.464566  0.00127446
        9800        -0.2   -0.464539  0.00127462
        9801       -0.44   -0.464536  0.00127449
        9802       -0.36   -0.464526  0.00127441
        9803       -0.28   -0.464507  0.00127441
        9804       -0.44   -0.464504  0.00127429
        9805       -0.44   -0.464502  0.00127416
        9806       -0.36   -0.464491  0.00127407
        9807       -0.36    -0.46448  0.00127399
        9808       -0.36    -0.46447   0.0012739
        9809       -0.52   -0.464475  0.00127379
        9810       -0.36   -0.464465   0.0012737
        9811       -0.36   -0.464454  0.00127362
        9812       -0.44   -0.464452  0.00127349
        9813       -0.28   -0.464433   0.0012735
        9814       -0.68   -0.464455  0.00127356
        9815       -0.68   -0.464477  0.00127362
        9816       -0.52   -0.464482   0.0012735
        9817        -0.6   -0.464496  0.00127344
        9818       -0.52   -0.464502  0.00127333
        9819       -0.36   -0.464491  0.00127324
        9820       -0.36   -0.464481  0.00127316
        9821       -0.44   -0.464478  0.00127303
        9822        -0.6   -0.464492  0.00127297
        9823       -0.68   -0.464514  0.00127303
        9824        -0.6   -0.464528  0.00127298
        9825        -0.6   -0.464541  0.00127292
        9826       -0.52   -0.464547  0.00127281
        9827       -0.44   -0.464545  0.00127268
        9828       -0.36   -0.464534   0.0012726
        9829       -0.52    -0.46454  0.00127248
        9830       -0.52   -0.464545  0.00127236
        9831        -0.6   -0.464559  0.00127231
        9832       -0.36   -0.464548  0.00127222
        9833       -0.44   -0.464546  0.00127209
        9834       -0.68   -0.464568  0.00127215
        9835       -0.52   -0.464573  0.00127204
        9836       -0.68   -0.464595   0.0012721
        9837        -0.6   -0.464609  0.00127204
        9838       -0.44   -0.464607  0.00127191
        9839       -0.52   -0.464612   0.0012718
        9840       -0.36   -0.464602  0.00127171
        9841       -0.52   -0.464607   0.0012716
        9842       -0.44   -0.464605  0.00127147
        9843       -0.04   -0.464562  0.00127207
        9844       -0.44   -0.464559  0.00127195
        9845       -0.36   -0.464549  0.00127186
        9846       -0.52   -0.464554  0.00127174
        9847       -0.36   -0.464544  0.00127166
        9848       -0.52   -0.464549  0.00127154
        9849       -0.44   -0.464547  0.00127142
        9850       -0.28   -0.464528  0.00127142
        9851       -0.52   -0.464534  0.00127131
        9852       -0.44   -0.464531  0.00127118
        9853       -0.52   -0.464537  0.00127106
        9854       -0.36   -0.464526  0.00127098
        9855       -0.28   -0.464507  0.00127099
        9856       -0.44   -0.464505  0.00127086
        9857       -0.44   -0.464502  0.00127074
        9858       -0.36   -0.464492  0.00127065
        9859        -0.6   -0.464506   0.0012706
        9860       -0.68   -0.464527  0.00127066
        9861       -0.52   -0.464533  0.00127054
        9862        -0.6   -0.464547  0.00127048
        9863       -0.36   -0.464536   0.0012704
        9864       -0.28   -0.464517  0.00127041
        9865       -0.44   -0.464515  0.00127028
        9866       -0.44   -0.464512  0.00127016
        9867        -0.6   -0.464526   0.0012701
        9868        -0.6    -0.46454  0.00127005
        9869       -0.44   -0.464537  0.00126992
        9870       -0.68   -0.464559  0.00126998
        9871       -0.36   -0.464549   0.0012699
        9872       -0.52   -0.464554  0.00126978
        9873       -0.36   -0.464544   0.0012697
        9874       -0.44   -0.464541  0.00126957
        9875       -0.36   -0.464531  0.00126948
        9876       -0.28   -0.464512  0.00126949
        9877       -0.28   -0.464493   0.0012695
        9878       -0.44   -0.464491  0.00126938
        9879       -0.52   -0.464496  0.00126926
        9880       -0.36   -0.464486  0.00126918
        9881       -0.52   -0.464491  0.00126906
        9882       -0.44   -0.464489  0.00126893
        9883       -0.12   -0.464454  0.00126928
        9884       -0.36   -0.464444   0.0012692
        9885       -0.44   -0.464441  0.00126907
        9886        -0.2   -0.464414  0.00126923
        9887       -0.52    -0.46442  0.00126911
        9888       -0.36   -0.464409  0.00126903
        9889       -0.36   -0.464399  0.00126894
        9890       -0.36   -0.464388  0.00126886
        9891       -0.28    -0.46437  0.00126887
        9892       -0.52   -0.464375  0.00126875
        9893       -0.44   -0.464373  0.00126863
        9894       -0.36   -0.464362  0.00126854
        9895       -0.28   -0.464344  0.00126855
        9896       -0.44   -0.464341  0.00126842
        9897       -0.52   -0.464347  0.00126831
        9898       -0.44   -0.464344  0.00126818
        9899        -0.6   -0.464358  0.00126813
        9900       -0.28   -0.464339  0.00126814
        9901       -0.36   -0.464329  0.00126805
        9902       -0.44   -0.464326  0.00126793
        9903       -0.36   -0.464316  0.00126784
        9904       -0.36   -0.464305  0.00126776
        9905       -0.36   -0.464295  0.00126767
        9906       -0.44   -0.464292  0.00126755
        9907        -0.6   -0.464306  0.00126749
        9908       -0.36   -0.464296  0.00126741
        9909       -0.36   -0.464285  0.00126733
        9910       -0.36   -0.464274  0.00126724
        9911       -0.36   -0.464264  0.00126716
        9912       -0.44   -0.464262  0.00126703
        9913       -0.52   -0.464267  0.00126692
        9914       -0.52   -0.464273   0.0012668
        9915        -0.6   -0.464286  0.00126675
        9916       -0.68   -0.464308  0.00126681
        9917        -0.6   -0.464322  0.00126675
        9918        -0.6   -0.464336   0.0012667
        9919       -0.36   -0.464325  0.00126661
        9920       -0.52   -0.464331   0.0012665
        9921       -0.28   -0.464312  0.00126651
        9922       -0.44    -0.46431  0.00126638
        9923        -0.6   -0.464323  0.00126633
        9924       -0.36   -0.464313  0.00126625
        9925       -0.52   -0.464318  0.00126613
        9926       -0.36   -0.464308  0.00126605
        9927       -0.28   -0.464289  0.00126605
        9928       -0.44   -0.464287  0.00126593
        9929       -0.28   -0.464268  0.00126594
        9930       -0.36   -0.464258  0.00126585
        9931       -0.44   -0.464255  0.00126573
        9932       -0.36   -0.464245  0.00126565
        9933        -0.6   -0.464259  0.00126559
        9934       -0.52   -0.464264  0.00126548
        9935       -0.36   -0.464254  0.00126539
        9936       -0.28   -0.464235   0.0012654
        9937       -0.28   -0.464217  0.00126541
        9938       -0.36   -0.464206  0.00126533
        9939       -0.44   -0.464204   0.0012652
        9940       -0.44   -0.464201  0.00126508
        9941       -0.52   -0.464207  0.00126496
        9942       -0.52   -0.464212  0.00126485
        9943       -0.44    -0.46421  0.00126472
        9944       -0.28   -0.464191  0.00126473
        9945       -0.44   -0.464189  0.00126461
        9946        -0.6   -0.464203  0.00126455
        9947       -0.68   -0.464224  0.00126461
        9948       -0.76   -0.464254  0.00126483
        9949        -0.6   -0.464268  0.00126478
        9950       -0.52   -0.464273  0.00126466
        9951       -0.28   -0.464255  0.00126467
        9952       -0.28   -0.464236  0.00126468
        9953       -0.36   -0.464226   0.0012646
        9954       -0.28   -0.464207  0.00126461
        9955        -0.6   -0.464221  0.00126455
        9956       -0.36   -0.464211  0.00126447
        9957       -0.44   -0.464208  0.00126434
        9958       -0.36   -0.464198  0.00126426
        9959       -0.52   -0.464203  0.00126415
        9960       -0.36   -0.464193  0.00126406
        9961       -0.36   -0.464182  0.00126398
        9962        -0.6   -0.464196  0.00126393
        9963       -0.52   -0.464202  0.00126381
        9964        -0.6   -0.464215  0.00126376
        9965       -0.44   -0.464213  0.00126363
        9966       -0.44    -0.46421  0.00126351
        9967       -0.36     -0.4642  0.00126343
        9968       -0.36   -0.464189  0.00126334
        9969       -0.44   -0.464187  0.00126322
        9970        -0.6   -0.464201  0.00126316
        9971       -0.68   -0.464222  0.00126322
        9972        -0.6   -0.464236  0.00126317
        9973       -0.44   -0.464233  0.00126305
        9974       -0.68   -0.464255   0.0012631
        9975       -0.52   -0.464261  0.00126299
        9976       -0.36    -0.46425  0.00126291
        9977       -0.36    -0.46424  0.00126282
        9978       -0.44   -0.464237   0.0012627
        9979       -0.44   -0.464235  0.00126257
        9980       -0.28   -0.464216  0.00126258
        9981        -0.2    -0.46419  0.00126273
        9982       -0.36    -0.46418  0.00126265
        9983       -0.28   -0.464161  0.00126266
        9984       -0.52   -0.464167  0.00126254
        9985       -0.36   -0.464156  0.00126246
        9986        -0.6    -0.46417  0.00126241
        9987        -0.6   -0.464183  0.00126236
        9988       -0.52   -0.464189  0.00126224
        9989        -0.6   -0.464203  0.00126219
        9990       -0.52   -0.464208  0.00126207
        9991       -0.36   -0.464198  0.00126199
        9992       -0.44   -0.464195  0.00126187
        9993        -0.6   -0.464209  0.00126181
        9994       -0.44   -0.464207  0.00126169
        9995       -0.28   -0.464188   0.0012617
        9996       -0.36   -0.464178  0.00126162
        9997       -0.52   -0.464183   0.0012615
        9998       -0.28   -0.464165  0.00126151
        9999       -0.52    -0.46417   0.0012614
       10000       -0.52   -0.464176  0.00126128
       10001       -0.68   -0.464198  0.00126134
       10002       -0.52   -0.464203  0.00126123
       10003        -0.6   -0.464217  0.00126117
       10004       -0.28   -0.464198  0.00126118
       10005       -0.44   -0.464196  0.00126106
       10006        -0.6   -0.464209  0.00126101
       10007       -0.44   -0.464207  0.00126088
       10008       -0.36   -0.464197   0.0012608
       10009       -0.68   -0.464218  0.00126086
       10010       -0.44   -0.464216  0.00126073
       10011       -0.44   -0.464213  0.00126061
       10012       -0.28   -0.464195  0.00126062
       10013       -0.36   -0.464185  0.00126054
       10014       -0.44   -0.464182  0.00126041
       10015       -0.44    -0.46418  0.00126029
       10016       -0.52   -0.464185  0.00126017
       10017       -0.44   -0.464183  0.00126005
       10018       -0.44    -0.46418  0.00125993
       10019       -0.52   -0.464186  0.00125981
       10020       -0.52   -0.464192   0.0012597
       10021       -0.44   -0.464189  0.00125958
       10022        -0.2   -0.464163  0.00125973
       10023       -0.28   -0.464144  0.00125974
       10024       -0.36   -0.464134  0.00125965
       10025       -0.44   -0.464132  0.00125953
       10026        -0.6   -0.464145  0.00125948
       10027       -0.36   -0.464135  0.00125939
       10028       -0.44   -0.464132  0.00125927
       10029       -0.44    -0.46413  0.00125915
       10030        -0.6   -0.464144  0.00125909
       10031       -0.52   -0.464149  0.00125898
       10032       -0.52   -0.464155  0.00125887
       10033        -0.6   -0.464168  0.00125882
       10034       -0.36   -0.464158  0.00125873
       10035       -0.36   -0.464147  0.00125865
       10036       -0.36   -0.464137  0.00125857
       10037       -0.52   -0.464143  0.00125845
       10038       -0.68   -0.464164  0.00125851
       10039        -0.6   -0.464178  0.00125846
       10040        -0.6   -0.464191  0.00125841
       10041       -0.44   -0.464189  0.00125828
       10042       -0.44   -0.464186  0.00125816
       10043       -0.76   -0.464216  0.00125838
       10044       -0.84   -0.464253  0.00125881
       10045       -0.76   -0.464283  0.00125903
       10046       -0.52   -0.464288  0.00125892
       10047       -0.36   -0.464278  0.00125884
       10048       -0.44   -0.464275  0.00125871
       10049       -0.44   -0.464273  0.00125859
       10050        -0.6   -0.464287  0.00125854
       10051        -0.6     -0.4643  0.00125848
       10052       -0.28   -0.464282  0.00125849
       10053       -0.52   -0.464287  0.00125838
       10054       -0.52   -0.464293  0.00125827
       10055       -0.52   -0.464298  0.00125815
       10056       -0.44   -0.464296  0.00125803
       10057       -0.52   -0.464301  0.00125792
       10058       -0.36   -0.464291  0.00125784
       10059       -0.44   -0.464289  0.00125771
       10060       -0.52   -0.464294   0.0012576
       10061       -0.44   -0.464292  0.00125748
       10062       -0.36   -0.464281  0.00125739
       10063       -0.52   -0.464287  0.00125728
       10064       -0.36   -0.464277   0.0012572
       10065       -0.44   -0.464274  0.00125708
       10066        -0.6   -0.464288  0.00125702
       10067       -0.36   -0.464277  0.00125694
       10068       -0.28   -0.464259  0.00125695
       10069       -0.28   -0.464241  0.00125696
       10070       -0.36    -0.46423  0.00125688
       10071       -0.52   -0.464236  0.00125676
       10072       -0.76   -0.464265  0.00125698
       10073        -0.6   -0.464279  0.00125693
       10074       -0.28    -0.46426  0.00125694
       10075       -0.28   -0.464242  0.00125695
       10076       -0.44    -0.46424  0.00125682
       10077       -0.52   -0.464245  0.00125671
       10078       -0.44   -0.464243  0.00125659
       10079        -0.2   -0.464217  0.00125674
       10080       -0.52   -0.464222  0.00125663
       10081        -0.6   -0.464236  0.00125657
       10082       -0.44   -0.464233  0.00125645
       10083       -0.52   -0.464239  0.00125634
       10084       -0.28   -0.464221  0.00125635
       10085       -0.44   -0.464218  0.00125622
       10086       -0.28     -0.4642  0.00125623
       10087       -0.44   -0.464197  0.00125611
       10088        -0.2   -0.464171  0.00125626
       10089       -0.28   -0.464153  0.00125627
       10090       -0.52   -0.464159  0.00125615
       10091       -0.52   -0.464164  0.00125604
       10092       -0.68   -0.464185   0.0012561
       10093       -0.44   -0.464183  0.00125598
       10094       -0.52   -0.464189  0.00125587
       10095        -0.6   -0.464202  0.00125581
       10096       -0.36   -0.464192  0.00125573
       10097       -0.36   -0.464181  0.00125565
       10098       -0.44   -0.464179  0.00125553
       10099       -0.44   -0.464177  0.00125541
       10100        -0.6    -0.46419  0.00125535
       10101       -0.76   -0.464219  0.00125557
       10102       -0.52   -0.464225  0.00125546
       10103       -0.44   -0.464223  0.00125534
       10104        -0.6   -0.464236  0.00125528
       10105       -0.36   -0.464226   0.0012552
       10106       -0.44   -0.464223  0.00125508
       10107       -0.36   -0.464213    0.001255
       10108       -0.68   -0.464234  0.00125506
       10109       -0.68   -0.464256  0.00125511
       10110       -0.52   -0.464261    0.001255
       10111        -0.6   -0.464275  0.00125495
       10112        -0.6   -0.464288   0.0012549
       10113       -0.68   -0.464309  0.00125495
       10114       -0.44   -0.464307  0.00125483
       10115       -0.36   -0.464297  0.00125475
       10116       -0.68   -0.464318  0.00125481
       10117       -0.44   -0.464316  0.00125469
       10118       -0.44   -0.464313  0.00125456
       10119       -0.52   -0.464319  0.00125445
       10120        -0.6   -0.464332   0.0012544
       10121       -0.28   -0.464314  0.00125441
       10122       -0.36   -0.464303  0.00125433
       10123       -0.44   -0.464301   0.0012542
       10124       -0.36   -0.464291  0.00125412
       10125       -0.44   -0.464288    0.001254
       10126       -0.44   -0.464286  0.00125388
       10127       -0.44   -0.464284  0.00125376
       10128       -0.52   -0.464289  0.00125365
       10129       -0.52   -0.464295  0.00125353
       10130       -0.52     -0.4643  0.00125342
       10131       -0.36    -0.46429  0.00125334
       10132       -0.28   -0.464272  0.00125335
       10133       -0.36   -0.464261  0.00125327
       10134       -0.52   -0.464267  0.00125316
       10135       -0.68   -0.464288  0.00125321
       10136       -0.44   -0.464286  0.00125309
       10137       -0.44   -0.464283  0.00125297
       10138        -0.6   -0.464297  0.00125292
       10139       -0.44   -0.464294   0.0012528
       10140       -0.36   -0.464284  0.00125272
       10141       -0.44   -0.464282   0.0012526
       10142        -0.6   -0.464295  0.00125254
       10143        -0.6   -0.464308  0.00125249
       10144        -0.6   -0.464322  0.00125244
       10145       -0.52   -0.464327  0.00125233
       10146       -0.52   -0.464333  0.00125222
       10147       -0.28   -0.464315  0.00125222
       10148       -0.44   -0.464312   0.0012521
       10149       -0.28   -0.464294  0.00125211
       10150       -0.44   -0.464292  0.00125199
       10151       -0.28   -0.464273    0.001252
       10152        -0.6   -0.464287  0.00125195
       10153       -0.52   -0.464292  0.00125184
       10154       -0.44    -0.46429  0.00125172
       10155       -0.36    -0.46428  0.00125163
       10156       -0.36   -0.464269  0.00125155
       10157       -0.44   -0.464267  0.00125143
       10158       -0.36   -0.464257  0.00125135
       10159       -0.36   -0.464246  0.00125127
       10160       -0.52   -0.464252  0.00125116
       10161        -0.6   -0.464265  0.00125111
       10162        -0.2   -0.464239  0.00125125
       10163       -0.12   -0.464205  0.00125159
       10164       -0.36   -0.464195  0.00125151
       10165        -0.2   -0.464169  0.00125165
       10166       -0.52   -0.464175  0.00125154
       10167        -0.2   -0.464149  0.00125169
       10168       -0.28   -0.464131   0.0012517
       10169        -0.6   -0.464144  0.00125165
       10170       -0.36   -0.464134  0.00125157
       10171       -0.36   -0.464123  0.00125148
       10172       -0.44   -0.464121  0.00125136
       10173        -0.2   -0.464095  0.00125151
       10174       -0.44   -0.464093  0.00125139
       10175        -0.6   -0.464106  0.00125134
       10176       -0.44   -0.464104  0.00125122
       10177       -0.52   -0.464109  0.00125111
       10178       -0.68    -0.46413  0.00125116
       10179       -0.52   -0.464136  0.00125105
       10180       -0.52   -0.464141  0.00125094
       10181       -0.44   -0.464139  0.00125082
       10182       -0.28   -0.464121  0.00125083
       10183       -0.44   -0.464119  0.00125071
       10184       -0.44   -0.464116  0.00125059
       10185       -0.28   -0.464098  0.00125059
       10186       -0.36   -0.464088  0.00125051
       10187       -0.28    -0.46407  0.00125052
       10188       -0.52   -0.464075  0.00125041
       10189        -0.6   -0.464089  0.00125036
       10190       -0.44   -0.464086  0.00125024
       10191       -0.52   -0.464092  0.00125013
       10192       -0.44   -0.464089  0.00125001
       10193       -0.36   -0.464079  0.00124993
       10194        -0.6   -0.464093  0.00124988
       10195       -0.36   -0.464082  0.00124979
       10196       -0.44    -0.46408  0.00124967
       10197       -0.68   -0.464101  0.00124973
       10198        -0.6   -0.464115  0.00124968
       10199       -0.44   -0.464112  0.00124956
       10200       -0.36   -0.464102  0.00124948
       10201       -0.28   -0.464084  0.00124949
       10202        -0.6   -0.464097  0.00124943
       10203       -0.36   -0.464087  0.00124935
       10204        -0.6     -0.4641   0.0012493
       10205       -0.52   -0.464106  0.00124919
       10206        -0.2    -0.46408  0.00124934
       10207       -0.36    -0.46407  0.00124926
       10208       -0.44   -0.464067  0.00124914
       10209       -0.36   -0.464057  0.00124906
       10210       -0.44   -0.464055  0.00124894
       10211       -0.44   -0.464052  0.00124882
       10212       -0.52   -0.464058  0.00124871
       10213       -0.44   -0.464056  0.00124859
       10214       -0.68   -0.464077  0.00124864
       10215       -0.44   -0.464074  0.00124852
       10216       -0.44   -0.464072   0.0012484
       10217       -0.36   -0.464062  0.00124832
       10218       -0.44    -0.46406   0.0012482
       10219       -0.52   -0.464065  0.00124809
       10220       -0.36   -0.464055  0.00124801
       10221       -0.36   -0.464045  0.00124793
       10222       -0.52    -0.46405  0.00124782
       10223       -0.52   -0.464056  0.00124771
       10224        -0.6   -0.464069  0.00124766
       10225        -0.6   -0.464082  0.00124761
       10226       -0.52   -0.464088   0.0012475
       10227        -0.6   -0.464101  0.00124745
       10228        -0.6   -0.464114   0.0012474
       10229       -0.52    -0.46412  0.00124729
       10230       -0.76   -0.464149   0.0012475
       10231       -0.36   -0.464138  0.00124742
       10232       -0.36   -0.464128  0.00124734
       10233       -0.36   -0.464118  0.00124726
       10234       -0.44   -0.464116  0.00124714
       10235       -0.52   -0.464121  0.00124703
       10236        -0.6   -0.464134  0.00124698
       10237        -0.2   -0.464109  0.00124712
       10238       -0.52   -0.464114  0.00124701
       10239       -0.44   -0.464112  0.00124689
       10240       -0.36   -0.464102  0.00124681
       10241        -0.6   -0.464115  0.00124676
       10242        -0.6   -0.464128  0.00124671
       10243       -0.44   -0.464126  0.00124659
       10244       -0.44   -0.464123  0.00124647
       10245       -0.52   -0.464129  0.00124636
       10246        -0.2   -0.464103  0.00124651
       10247       -0.36   -0.464093  0.00124643
       10248       -0.44   -0.464091  0.00124631
       10249       -0.44   -0.464088  0.00124619
       10250       -0.44   -0.464086  0.00124607
       10251       -0.52   -0.464091  0.00124596
       10252        -0.6   -0.464105  0.00124591
       10253       -0.36   -0.464094  0.00124583
       10254       -0.44   -0.464092  0.00124571
       10255       -0.28   -0.464074  0.00124572
       10256       -0.44   -0.464072   0.0012456
       10257       -0.44   -0.464069  0.00124548
       10258       -0.52   -0.464075  0.00124537
       10259       -0.36   -0.464065  0.00124529
       10260       -0.28   -0.464047   0.0012453
       10261       -0.44   -0.464044  0.00124518
       10262       -0.44   -0.464042  0.00124506
       10263       -0.52   -0.464048  0.00124495
       10264       -0.52   -0.464053  0.00124484
       10265       -0.52   -0.464058  0.00124473
       10266       -0.44   -0.464056  0.00124461
       10267       -0.52   -0.464062   0.0012445
       10268       -0.44   -0.464059  0.00124438
       10269       -0.52   -0.464065  0.00124427
       10270       -0.52    -0.46407  0.00124416
       10271       -0.52   -0.464076  0.00124405
       10272       -0.44   -0.464073  0.00124393
       10273       -0.44   -0.464071  0.00124382
       10274       -0.36   -0.464061  0.00124374
       10275       -0.44   -0.464058  0.00124362
       10276       -0.52   -0.464064  0.00124351
       10277       -0.52   -0.464069   0.0012434
       10278        -0.6   -0.464083  0.00124335
       10279       -0.68   -0.464104   0.0012434
       10280       -0.52   -0.464109   0.0012433
       10281       -0.44   -0.464107  0.00124318
       10282       -0.44   -0.464104  0.00124306
       10283       -0.44   -0.464102  0.00124294
       10284       -0.36   -0.464092  0.00124286
       10285       -0.44   -0.464089  0.00124274
       10286       -0.36   -0.464079  0.00124266
       10287       -0.52   -0.464085  0.00124255
       10288       -0.68   -0.464106  0.00124261
       10289        -0.6   -0.464119  0.00124256
       10290        -0.6   -0.464132  0.00124251
       10291       -0.52   -0.464138   0.0012424
       10292       -0.76   -0.464166  0.00124261
       10293       -0.68   -0.464187  0.00124267
       10294       -0.44   -0.464185  0.00124255
       10295       -0.28   -0.464167  0.00124256
       10296       -0.28   -0.464149  0.00124257
       10297       -0.52   -0.464155  0.00124246
       10298       -0.52    -0.46416  0.00124235
       10299       -0.52   -0.464165  0.00124224
       10300       -0.52   -0.464171  0.00124213
       10301       -0.52   -0.464176  0.00124202
       10302       -0.44   -0.464174   0.0012419
       10303        -0.6   -0.464187  0.00124185
       10304       -0.28   -0.464169  0.00124186
       10305       -0.28   -0.464151  0.00124187
       10306        -0.6   -0.464165  0.00124182
       10307       -0.52    -0.46417  0.00124171
       10308       -0.52   -0.464175   0.0012416
       10309        -0.6   -0.464189  0.00124155
       10310       -0.36   -0.464178  0.00124147
       10311       -0.52   -0.464184  0.00124136
       10312       -0.52   -0.464189  0.00124125
       10313       -0.52   -0.464195  0.00124114
       10314       -0.52     -0.4642  0.00124104
       10315       -0.52   -0.464206  0.00124093
       10316        -0.6   -0.464219  0.00124088
       10317       -0.36   -0.464209   0.0012408
       10318        -0.2   -0.464183  0.00124094
       10319       -0.28   -0.464165  0.00124095
       10320        -0.6   -0.464178   0.0012409
       10321       -0.28    -0.46416  0.00124091
       10322       -0.28   -0.464143  0.00124092
       10323        -0.2   -0.464117  0.00124106
       10324       -0.28   -0.464099  0.00124107
       10325       -0.36   -0.464089  0.00124099
       10326       -0.52   -0.464095  0.00124088
       10327        -0.6   -0.464108  0.00124083
       10328       -0.28    -0.46409  0.00124084
       10329       -0.52   -0.464095  0.00124073
       10330       -0.36   -0.464085  0.00124065
       10331        -0.6   -0.464098   0.0012406
       10332       -0.44   -0.464096  0.00124048
       10333       -0.52   -0.464101  0.00124037
       10334       -0.52   -0.464107  0.00124027
       10335       -0.68   -0.464128  0.00124032
       10336        -0.6   -0.464141  0.00124027
       10337       -0.52   -0.464146  0.00124016
       10338       -0.52   -0.464152  0.00124005
       10339       -0.36   -0.464142  0.00123998
       10340       -0.52   -0.464147  0.00123987
       10341        -0.6    -0.46416  0.00123982
       10342       -0.52   -0.464166  0.00123971
       10343       -0.36   -0.464155  0.00123963
       10344       -0.44   -0.464153  0.00123951
       10345        -0.2   -0.464128  0.00123966
       10346       -0.52   -0.464133  0.00123955
       10347       -0.36   -0.464123  0.00123947
       10348       -0.44   -0.464121  0.00123935
       10349       -0.28   -0.464103  0.00123936
       10350        -0.6   -0.464116  0.00123931
       10351       -0.44   -0.464114  0.00123919
       10352       -0.44   -0.464111  0.00123907
       10353       -0.36   -0.464101  0.00123899
       10354       -0.52   -0.464107  0.00123889
       10355       -0.36   -0.464097  0.00123881
       10356       -0.44   -0.464094  0.00123869
       10357       -0.52     -0.4641  0.00123858
       10358       -0.44   -0.464097  0.00123847
       10359       -0.36   -0.464087  0.00123839
       10360       -0.52   -0.464093  0.00123828
       10361       -0.52   -0.464098  0.00123817
       10362       -0.44   -0.464096  0.00123805
       10363       -0.44   -0.464093  0.00123794
       10364       -0.44   -0.464091  0.00123782
       10365        -0.6   -0.464104  0.00123777
       10366       -0.68   -0.464125  0.00123782
       10367       -0.76   -0.464154  0.00123803
       10368       -0.44   -0.464151  0.00123792
       10369       -0.28   -0.464133  0.00123793
       10370       -0.52   -0.464139  0.00123782
       10371       -0.52   -0.464144  0.00123771
       10372       -0.44   -0.464142  0.00123759
       10373       -0.44    -0.46414  0.00123748
       10374       -0.52   -0.464145  0.00123737
       10375        -0.6   -0.464158  0.00123732
       10376       -0.44   -0.464156   0.0012372
       10377        -0.6   -0.464169  0.00123715
       10378       -0.36   -0.464159  0.00123707
       10379       -0.52   -0.464164  0.00123696
       10380       -0.36   -0.464154  0.00123689
       10381       -0.52    -0.46416  0.00123678
       10382       -0.36   -0.464149   0.0012367
       10383       -0.44   -0.464147  0.00123658
       10384        -0.6    -0.46416  0.00123653
       10385       -0.52   -0.464166  0.00123643
       10386       -0.36   -0.464156  0.00123635
       10387       -0.36   -0.464146  0.00123627
       10388       -0.36   -0.464136  0.00123619
       10389       -0.44   -0.464133  0.00123607
       10390       -0.68   -0.464154  0.00123613
       10391        -0.6   -0.464167  0.00123608
       10392       -0.52   -0.464172  0.00123597
       10393       -0.28   -0.464155  0.00123598
       10394       -0.36   -0.464145   0.0012359
       10395       -0.28   -0.464127  0.00123591
       10396       -0.36   -0.464117  0.00123583
       10397       -0.44   -0.464115  0.00123572
       10398       -0.52    -0.46412  0.00123561
       10399       -0.52   -0.464125   0.0012355
       10400       -0.52   -0.464131  0.00123539
       10401       -0.44   -0.464128  0.00123528
       10402       -0.36   -0.464118   0.0012352
       10403       -0.44   -0.464116  0.00123508
       10404        -0.2   -0.464091  0.00123523
       10405       -0.28   -0.464073  0.00123523
       10406       -0.44   -0.464071  0.00123512
       10407       -0.44   -0.464068    0.001235
       10408       -0.36   -0.464058  0.00123492
       10409       -0.36   -0.464048  0.00123484
       10410       -0.44   -0.464046  0.00123473
       10411       -0.28   -0.464028  0.00123474
       10412       -0.36   -0.464018  0.00123466
       10413       -0.28   -0.464001  0.00123467
       10414       -0.36   -0.463991  0.00123459
       10415       -0.52   -0.463996  0.00123448
       10416       -0.36   -0.463986   0.0012344
       10417       -0.28   -0.463969  0.00123441
       10418        -0.2   -0.463943  0.00123455
       10419        -0.6   -0.463956   0.0012345
       10420       -0.44   -0.463954  0.00123439
       10421       -0.52   -0.463959  0.00123428
       10422       -0.44   -0.463957  0.00123416
       10423       -0.44   -0.463955  0.00123405
       10424       -0.44   -0.463952  0.00123393
       10425       -0.44    -0.46395  0.00123381
       10426       -0.28   -0.463932  0.00123382
       10427       -0.36   -0.463923  0.00123374
       10428       -0.52   -0.463928  0.00123364
       10429        -0.6   -0.463941  0.00123359
       10430        -0.6   -0.463954  0.00123354
       10431       -0.68   -0.463975  0.00123359
       10432        -0.6   -0.463988  0.00123354
       10433       -0.52   -0.463993  0.00123344
       10434       -0.36   -0.463983  0.00123336
       10435        -0.6   -0.463996  0.00123331
       10436       -0.52   -0.464002   0.0012332
       10437       -0.44   -0.463999  0.00123309
       10438       -0.44   -0.463997  0.00123297
       10439        -0.6    -0.46401  0.00123292
       10440       -0.52   -0.464015  0.00123282
       10441       -0.36   -0.464005  0.00123274
       10442       -0.44   -0.464003  0.00123262
       10443        -0.6   -0.464016  0.00123257
       10444       -0.68   -0.464037  0.00123263
       10445       -0.36   -0.464027  0.00123255
       10446       -0.28   -0.464009  0.00123256
       10447       -0.28   -0.463992  0.00123257
       10448       -0.44   -0.463989  0.00123245
       10449        -0.2   -0.463964  0.00123259
       10450       -0.52   -0.463969  0.00123249
       10451       -0.68    -0.46399  0.00123254
       10452        -0.6   -0.464003  0.00123249
       10453        -0.6   -0.464016  0.00123244
       10454       -0.68   -0.464037   0.0012325
       10455       -0.44   -0.464034  0.00123238
       10456       -0.36   -0.464024   0.0012323
       10457       -0.36   -0.464015  0.00123223
       10458       -0.44   -0.464012  0.00123211
       10459       -0.44    -0.46401    0.001232
       10460       -0.52   -0.464015  0.00123189
       10461       -0.36   -0.464005  0.00123181
       10462       -0.36   -0.463995  0.00123173
       10463       -0.36   -0.463985  0.00123166
       10464       -0.44   -0.463983  0.00123154
       10465       -0.44   -0.463981  0.00123143
       10466       -0.52   -0.463986  0.00123132
       10467       -0.52   -0.463992  0.00123121
       10468       -0.52   -0.463997  0.00123111
       10469       -0.36   -0.463987  0.00123103
       10470       -0.36   -0.463977  0.00123095
       10471       -0.36   -0.463967  0.00123087
       10472       -0.28    -0.46395  0.00123088
       10473       -0.36    -0.46394  0.00123081
       10474       -0.52   -0.463945   0.0012307
       10475       -0.36   -0.463935  0.00123062
       10476        -0.6   -0.463948  0.00123057
       10477        -0.6   -0.463961  0.00123052
       10478       -0.52   -0.463966  0.00123042
       10479       -0.44   -0.463964   0.0012303
       10480       -0.36   -0.463954  0.00123023
       10481       -0.44   -0.463952  0.00123011
       10482       -0.44    -0.46395  0.00122999
       10483       -0.36    -0.46394  0.00122992
       10484       -0.44   -0.463937   0.0012298
       10485       -0.68   -0.463958  0.00122986
       10486       -0.68   -0.463979  0.00122991
       10487       -0.52   -0.463984  0.00122981
       10488        -0.2   -0.463959  0.00122995
       10489       -0.28   -0.463941  0.00122996
       10490       -0.36   -0.463931  0.00122988
       10491       -0.52   -0.463937  0.00122977
       10492        -0.2   -0.463912  0.00122991
       10493        -0.2   -0.463886  0.00123005
       10494       -0.36   -0.463877  0.00122998
       10495       -0.44   -0.463874  0.00122986
       10496        -0.6   -0.463887  0.00122981
       10497       -0.52   -0.463893  0.00122971
       10498       -0.68   -0.463913  0.00122976
       10499        -0.6   -0.463926  0.00122971
       10500       -0.52   -0.463931  0.00122961
       10501       -0.36   -0.463922  0.00122953
       10502       -0.52   -0.463927  0.00122942
       10503       -0.44   -0.463925  0.00122931
       10504        -0.6   -0.463938  0.00122926
       10505        -0.6    -0.46395  0.00122921
       10506       -0.44   -0.463948   0.0012291
       10507       -0.44   -0.463946  0.00122898
       10508        -0.6   -0.463959  0.00122893
       10509        -0.6   -0.463972  0.00122888
       10510       -0.28   -0.463954  0.00122889
       10511       -0.28   -0.463937   0.0012289
       10512       -0.52   -0.463942  0.00122879
       10513       -0.52   -0.463947  0.00122869
       10514       -0.36   -0.463938  0.00122861
       10515       -0.52   -0.463943  0.00122851
       10516       -0.36   -0.463933  0.00122843
       10517       -0.28   -0.463916  0.00122844
       10518       -0.44   -0.463913  0.00122832
       10519        -0.6   -0.463926  0.00122827
       10520       -0.52   -0.463932  0.00122817
       10521        -0.6   -0.463944  0.00122812
       10522       -0.28   -0.463927  0.00122813
       10523       -0.28    -0.46391  0.00122814
       10524       -0.36     -0.4639  0.00122806
       10525       -0.36    -0.46389  0.00122798
       10526       -0.52   -0.463895  0.00122788
       10527       -0.44   -0.463893  0.00122776
       10528       -0.44   -0.463891  0.00122765
       10529       -0.52   -0.463896  0.00122754
       10530       -0.36   -0.463886  0.00122747
       10531       -0.28   -0.463869  0.00122747
       10532       -0.52   -0.463874  0.00122737
       10533       -0.28   -0.463856  0.00122738
       10534       -0.36   -0.463847   0.0012273
       10535       -0.36   -0.463837  0.00122722
       10536       -0.44   -0.463834  0.00122711
       10537       -0.52    -0.46384    0.001227
       10538       -0.68    -0.46386  0.00122706
       10539       -0.52   -0.463866  0.00122695
       10540       -0.52   -0.463871  0.00122685
       10541       -0.36   -0.463861  0.00122677
       10542       -0.44   -0.463859  0.00122666
       10543       -0.52   -0.463864  0.00122655
       10544       -0.44   -0.463862  0.00122644
       10545        -0.6   -0.463875  0.00122639
       10546       -0.36   -0.463865  0.00122631
       10547       -0.44   -0.463863   0.0012262
       10548        -0.6   -0.463876  0.00122615
       10549       -0.68   -0.463896   0.0012262
       10550       -0.36   -0.463886  0.00122613
       10551       -0.28   -0.463869  0.00122614
       10552        -0.2   -0.463844  0.00122627
       10553       -0.36   -0.463834   0.0012262
       10554       -0.36   -0.463824  0.00122612
       10555       -0.44   -0.463822  0.00122601
       10556        -0.6   -0.463835  0.00122596
       10557       -0.68   -0.463855  0.00122601
       10558       -0.44   -0.463853   0.0012259
       10559       -0.68   -0.463873  0.00122595
       10560       -0.52   -0.463879  0.00122585
       10561        -0.6   -0.463892   0.0012258
       10562       -0.36   -0.463882  0.00122572
       10563        -0.6   -0.463895  0.00122568
       10564       -0.68   -0.463915  0.00122573
       10565        -0.6   -0.463928  0.00122568
       10566       -0.76   -0.463956  0.00122589
       10567        -0.6   -0.463969  0.00122584
       10568        -0.2   -0.463944  0.00122598
       10569       -0.12   -0.463911  0.00122629
       10570       -0.44   -0.463909  0.00122618
       10571       -0.44   -0.463907  0.00122607
       10572       -0.44   -0.463905  0.00122595
       10573       -0.36   -0.463895  0.00122587
       10574        -0.6   -0.463908  0.00122583
       10575       -0.28    -0.46389  0.00122583
       10576       -0.28   -0.463873  0.00122584
       10577       -0.36   -0.463863  0.00122576
       10578       -0.44   -0.463861  0.00122565
       10579       -0.44   -0.463859  0.00122554
       10580       -0.76   -0.463887  0.00122574
       10581        -0.6   -0.463899  0.00122569
       10582       -0.68    -0.46392  0.00122575
       10583       -0.76   -0.463948  0.00122595
       10584       -0.68   -0.463968    0.001226
       10585        -0.6   -0.463981  0.00122596
       10586       -0.52   -0.463986  0.00122585
       10587       -0.52   -0.463992  0.00122575
       10588       -0.44   -0.463989  0.00122563
       10589       -0.44   -0.463987  0.00122552
       10590       -0.28    -0.46397  0.00122553
       10591       -0.68    -0.46399  0.00122558
       10592       -0.68   -0.464011  0.00122564
       10593       -0.44   -0.464008  0.00122552
       10594        -0.6   -0.464021  0.00122547
       10595        -0.6   -0.464034  0.00122542
       10596        -0.6   -0.464047  0.00122538
       10597       -0.68   -0.464067  0.00122543
       10598        -0.6    -0.46408  0.00122538
       10599       -0.52   -0.464085  0.00122528
       10600       -0.44   -0.464083  0.00122516
       10601       -0.44   -0.464081  0.00122505
       10602       -0.28   -0.464063  0.00122506
       10603       -0.44   -0.464061  0.00122494
       10604       -0.44   -0.464059  0.00122483
       10605       -0.36   -0.464049  0.00122475
       10606       -0.44   -0.464047  0.00122464
       10607       -0.52   -0.464052  0.00122454
       10608       -0.28   -0.464035  0.00122454
       10609        -0.2    -0.46401  0.00122468
       10610       -0.44   -0.464008  0.00122457
       10611       -0.52   -0.464013  0.00122446
       10612       -0.76   -0.464041  0.00122467
       10613        -0.6   -0.464054  0.00122462
       10614       -0.44   -0.464051  0.00122451
       10615       -0.28   -0.464034  0.00122451
       10616       -0.28   -0.464017  0.00122452
       10617       -0.28   -0.463999  0.00122453
       10618       -0.44   -0.463997  0.00122441
       10619       -0.36   -0.463987  0.00122434
       10620        -0.6      -0.464  0.00122429
       10621       -0.68    -0.46402  0.00122434
       10622        -0.6   -0.464033   0.0012243
       10623       -0.44   -0.464031  0.00122418
       10624        -0.6   -0.464044  0.00122413
       10625       -0.52   -0.464049  0.00122403
       10626       -0.28   -0.464032  0.00122404
       10627       -0.44   -0.464029  0.00122392
       10628        -0.6   -0.464042  0.00122388
       10629       -0.68   -0.464062  0.00122393
       10630       -0.52   -0.464068  0.00122383
       10631       -0.52   -0.464073  0.00122372
       10632       -0.36   -0.464063  0.00122365
       10633        -0.6   -0.464076   0.0012236
       10634       -0.28   -0.464059   0.0012236
       10635       -0.52   -0.464064   0.0012235
       10636       -0.36   -0.464054  0.00122342
       10637        -0.6   -0.464067  0.00122338
       10638       -0.44   -0.464065  0.00122326
       10639       -0.44   -0.464062  0.00122315
       10640       -0.44    -0.46406  0.00122304
       10641        -0.6   -0.464073  0.00122299
       10642       -0.52   -0.464078  0.00122289
       10643       -0.36   -0.464068  0.00122281
       10644       -0.44   -0.464066   0.0012227
       10645       -0.52   -0.464071  0.00122259
       10646        -0.6   -0.464084  0.00122255
       10647       -0.52   -0.464089  0.00122244
       10648       -0.44   -0.464087  0.00122233
       10649       -0.68   -0.464107  0.00122238
       10650       -0.44   -0.464105  0.00122227
       10651       -0.44   -0.464103  0.00122216
       10652        -0.2   -0.464078  0.00122229
       10653       -0.44   -0.464076  0.00122218
       10654       -0.44   -0.464074  0.00122207
       10655        -0.6   -0.464086  0.00122202
       10656        -0.6   -0.464099  0.00122197
       10657       -0.68   -0.464119  0.00122203
       10658       -0.44   -0.464117  0.00122191
       10659        -0.6    -0.46413  0.00122187
       10660       -0.52   -0.464135  0.00122176
       10661       -0.52    -0.46414  0.00122166
       10662       -0.36   -0.464131  0.00122158
       10663       -0.36   -0.464121  0.00122151
       10664       -0.44   -0.464119   0.0012214
       10665       -0.44   -0.464116  0.00122128
       10666       -0.68   -0.464137  0.00122134
       10667        -0.6   -0.464149  0.00122129
       10668        -0.6   -0.464162  0.00122124
       10669       -0.68   -0.464182  0.00122129
       10670       -0.36   -0.464172  0.00122122
       10671       -0.36   -0.464163  0.00122114
       10672        -0.6   -0.464175  0.00122109
       10673        -0.6   -0.464188  0.00122105
       10674       -0.36   -0.464178  0.00122097
       10675       -0.52   -0.464184  0.00122087
       10676       -0.44   -0.464181  0.00122075
       10677       -0.44   -0.464179  0.00122064
       10678       -0.52   -0.464184  0.00122054
       10679        -0.6   -0.464197  0.00122049
       10680       -0.28    -0.46418   0.0012205
       10681       -0.36    -0.46417  0.00122042
       10682       -0.44   -0.464168  0.00122031
       10683       -0.36   -0.464158  0.00122024
       10684        -0.6   -0.464171  0.00122019
       10685       -0.28   -0.464153   0.0012202
       10686        -0.2   -0.464129  0.00122033
       10687        -0.2   -0.464104  0.00122047
       10688       -0.36   -0.464094  0.00122039
       10689       -0.04   -0.464055  0.00122092
       10690       -0.36   -0.464045  0.00122085
       10691       -0.36   -0.464035  0.00122077
       10692       -0.44   -0.464033  0.00122066
       10693       -0.52   -0.464038  0.00122056
       10694       -0.52   -0.464043  0.00122045
       10695       -0.68   -0.464064  0.00122051
       10696       -0.52   -0.464069   0.0012204
       10697       -0.44   -0.464067  0.00122029
       10698       -0.44   -0.464064  0.00122018
       10699       -0.44   -0.464062  0.00122007
       10700       -0.44    -0.46406  0.00121996
       10701       -0.52   -0.464065  0.00121985
       10702       -0.68   -0.464085  0.00121991
       10703       -0.44   -0.464083  0.00121979
       10704       -0.36   -0.464073  0.00121972
       10705       -0.36   -0.464064  0.00121964
       10706       -0.44   -0.464061  0.00121953
       10707       -0.28   -0.464044  0.00121954
       10708       -0.28   -0.464027  0.00121955
       10709       -0.44   -0.464025  0.00121944
       10710        -0.6   -0.464037  0.00121939
       10711       -0.36   -0.464028  0.00121931
       10712       -0.52   -0.464033  0.00121921
       10713       -0.44   -0.464031   0.0012191
       10714       -0.52   -0.464036    0.001219
       10715       -0.52   -0.464041  0.00121889
       10716       -0.28   -0.464024   0.0012189
       10717       -0.28   -0.464007  0.00121891
       10718       -0.36   -0.463997  0.00121883
       10719        -0.6    -0.46401  0.00121878
       10720        -0.6   -0.464022  0.00121874
       10721       -0.52   -0.464028  0.00121863
       10722       -0.52   -0.464033  0.00121853
       10723       -0.36   -0.464023  0.00121846
       10724        -0.2   -0.463999  0.00121859
       10725       -0.36   -0.463989  0.00121852
       10726       -0.52   -0.463994  0.00121841
       10727       -0.52   -0.463999  0.00121831
       10728       -0.44   -0.463997   0.0012182
       10729       -0.36   -0.463987  0.00121813
       10730       -0.28    -0.46397  0.00121813
       10731        -0.6   -0.463983  0.00121809
       10732        -0.6   -0.463996  0.00121804
       10733        -0.6   -0.464008  0.00121799
       10734       -0.52   -0.464013  0.00121789
       10735       -0.52   -0.464019  0.00121779
       10736       -0.52   -0.464024  0.00121768
       10737       -0.36   -0.464014  0.00121761
       10738       -0.52   -0.464019  0.00121751
       10739        -0.6   -0.464032  0.00121746
       10740       -0.52   -0.464037  0.00121736
       10741       -0.36   -0.464028  0.00121728
       10742       -0.44   -0.464025  0.00121717
       10743       -0.36   -0.464016   0.0012171
       10744       -0.44   -0.464013  0.00121698
       10745       -0.44   -0.464011  0.00121687
       10746       -0.52   -0.464016  0.00121677
       10747        -0.6   -0.464029  0.00121672
       10748       -0.76   -0.464057  0.00121692
       10749        -0.6   -0.464069  0.00121687
       10750       -0.36    -0.46406   0.0012168
       10751        -0.2   -0.464035  0.00121693
       10752       -0.52    -0.46404  0.00121683
       10753        -0.6   -0.464053  0.00121678
       10754       -0.52   -0.464058  0.00121668
       10755       -0.36   -0.464048  0.00121661
       10756        -0.2   -0.464024  0.00121674
       10757       -0.44   -0.464022  0.00121663
       10758       -0.52   -0.464027  0.00121653
       10759       -0.44   -0.464025  0.00121642
       10760       -0.52    -0.46403  0.00121632
       10761       -0.36    -0.46402  0.00121624
       10762       -0.44   -0.464018  0.00121613
       10763       -0.52   -0.464023  0.00121603
       10764       -0.68   -0.464043  0.00121608
       10765       -0.44   -0.464041  0.00121597
       10766       -0.52   -0.464046  0.00121587
       10767        -0.2   -0.464022    0.001216
       10768        -0.6   -0.464034  0.00121596
       10769       -0.44   -0.464032  0.00121585
       10770       -0.36   -0.464022  0.00121577
       10771       -0.36   -0.464013   0.0012157
       10772       -0.76    -0.46404  0.00121589
       10773       -0.52   -0.464045  0.00121579
       10774       -0.44   -0.464043  0.00121568
       10775       -0.44   -0.464041  0.00121557
       10776       -0.36   -0.464031   0.0012155
       10777       -0.52   -0.464036  0.00121539
       10778       -0.52   -0.464042  0.00121529
       10779       -0.52   -0.464047  0.00121519
       10780       -0.28    -0.46403   0.0012152
       10781       -0.28   -0.464013  0.00121521
       10782       -0.36   -0.464003  0.00121513
       10783       -0.52   -0.464008  0.00121503
       10784       -0.76   -0.464036  0.00121523
       10785       -0.36   -0.464026  0.00121515
       10786       -0.44   -0.464024  0.00121504
       10787       -0.44   -0.464022  0.00121493
       10788       -0.44   -0.464019  0.00121482
       10789       -0.28   -0.464002  0.00121483
       10790        -0.6   -0.464015  0.00121478
       10791       -0.44   -0.464013  0.00121467
       10792       -0.28   -0.463996  0.00121468
       10793       -0.36   -0.463986   0.0012146
       10794       -0.68   -0.464006  0.00121466
       10795       -0.44   -0.464004  0.00121454
       10796       -0.44   -0.464001  0.00121443
       10797       -0.52   -0.464007  0.00121433
       10798       -0.44   -0.464004  0.00121422
       10799        -0.2    -0.46398  0.00121436
       10800       -0.44   -0.463978  0.00121425
       10801       -0.44   -0.463976  0.00121414
       10802       -0.52   -0.463981  0.00121403
       10803       -0.36   -0.463971  0.00121396
       10804       -0.44   -0.463969  0.00121385
       10805       -0.28   -0.463952  0.00121386
       10806       -0.36   -0.463942  0.00121378
       10807       -0.44    -0.46394  0.00121367
       10808       -0.52   -0.463945  0.00121357
       10809        -0.6   -0.463958  0.00121352
       10810       -0.68   -0.463978  0.00121358
       10811       -0.36   -0.463968   0.0012135
       10812       -0.52   -0.463973   0.0012134
       10813       -0.52   -0.463979   0.0012133
       10814        -0.6   -0.463991  0.00121325
       10815       -0.52   -0.463996  0.00121315
       10816       -0.36   -0.463987  0.00121308
       10817       -0.28    -0.46397  0.00121308
       10818       -0.44   -0.463967  0.00121297
       10819       -0.44   -0.463965  0.00121286
       10820       -0.36   -0.463956  0.00121279
       10821        -0.6   -0.463968  0.00121274
       10822        -0.6   -0.463981   0.0012127
       10823       -0.76   -0.464008  0.00121289
       10824       -0.28   -0.463991   0.0012129
       10825       -0.52   -0.463996   0.0012128
       10826       -0.44   -0.463994  0.00121269
       10827       -0.36   -0.463984  0.00121261
       10828       -0.44   -0.463982   0.0012125
       10829        -0.2   -0.463958  0.00121264
       10830       -0.36   -0.463948  0.00121256
       10831       -0.44   -0.463946  0.00121245
       10832       -0.36   -0.463936  0.00121238
       10833       -0.36   -0.463927  0.00121231
       10834       -0.52   -0.463932  0.00121221
       10835       -0.36   -0.463922  0.00121213
       10836       -0.12   -0.463891  0.00121243
       10837       -0.36   -0.463881  0.00121236
       10838       -0.44   -0.463879  0.00121225
       10839       -0.28   -0.463862  0.00121226
       10840       -0.36   -0.463852  0.00121218
       10841       -0.52   -0.463858  0.00121208
       10842       -0.44   -0.463855  0.00121197
       10843       -0.44   -0.463853  0.00121186
       10844       -0.52   -0.463858  0.00121176
       10845       -0.44   -0.463856  0.00121165
       10846        -0.6   -0.463869  0.00121161
       10847       -0.36   -0.463859  0.00121153
       10848       -0.68   -0.463879  0.00121158
       10849       -0.68   -0.463899  0.00121164
       10850       -0.52   -0.463904  0.00121154
       10851       -0.44   -0.463902  0.00121143
       10852       -0.36   -0.463892  0.00121135
       10853       -0.44    -0.46389  0.00121124
       10854       -0.52   -0.463895  0.00121114
       10855       -0.52   -0.463901  0.00121104
       10856        -0.6   -0.463913    0.001211
       10857       -0.36   -0.463903  0.00121092
       10858       -0.28   -0.463887  0.00121093
       10859       -0.52   -0.463892  0.00121083
       10860        -0.2   -0.463867  0.00121096
       10861       -0.44   -0.463865  0.00121085
       10862       -0.44   -0.463863  0.00121074
       10863       -0.28   -0.463846  0.00121075
       10864       -0.44   -0.463844  0.00121064
       10865       -0.44   -0.463842  0.00121053
       10866       -0.52   -0.463847  0.00121043
       10867       -0.44   -0.463845  0.00121032
       10868       -0.52    -0.46385  0.00121022
       10869        -0.6   -0.463862  0.00121017
       10870       -0.36   -0.463853   0.0012101
       10871        -0.6   -0.463865  0.00121005
       10872        -0.6   -0.463878  0.00121001
       10873       -0.28   -0.463861  0.00121001
       10874       -0.52   -0.463866  0.00120991
       10875       -0.44   -0.463864   0.0012098
       10876       -0.28   -0.463847  0.00120981
       10877       -0.36   -0.463837  0.00120974
       10878       -0.44   -0.463835  0.00120963
       10879        -0.6   -0.463848  0.00120958
       10880        -0.6    -0.46386  0.00120953
       10881       -0.76   -0.463888  0.00120973
       10882       -0.36   -0.463878  0.00120966
       10883       -0.36   -0.463868  0.00120958
       10884        -0.6   -0.463881  0.00120954
       10885       -0.76   -0.463908  0.00120973
       10886       -0.68   -0.463928  0.00120978
       10887       -0.68   -0.463948  0.00120983
       10888       -0.68   -0.463968  0.00120989
       10889        -0.6    -0.46398  0.00120984
       10890       -0.52   -0.463985  0.00120974
       10891       -0.44   -0.463983  0.00120963
       10892       -0.28   -0.463966  0.00120964
       10893       -0.44   -0.463964  0.00120953
       10894       -0.52   -0.463969  0.00120943
       10895       -0.36    -0.46396  0.00120935
       10896       -0.44   -0.463957  0.00120925
       10897       -0.36   -0.463948  0.00120917
       10898       -0.52   -0.463953  0.00120907
       10899       -0.28   -0.463936  0.00120908
       10900       -0.28   -0.463919  0.00120909
       10901       -0.44   -0.463917  0.00120898
       10902       -0.44   -0.463915  0.00120887
       10903       -0.44   -0.463913  0.00120876
       10904        -0.6   -0.463925  0.00120871
       10905       -0.36   -0.463916  0.00120864
       10906       -0.36   -0.463906  0.00120857
       10907       -0.68   -0.463926  0.00120862
       10908       -0.44   -0.463924  0.00120851
       10909       -0.36   -0.463914  0.00120844
       10910       -0.36   -0.463905  0.00120836
       10911        -0.6   -0.463917  0.00120832
       10912        -0.2   -0.463893  0.00120845
       10913        -0.2   -0.463869  0.00120858
       10914       -0.52   -0.463874  0.00120848
       10915       -0.44   -0.463872  0.00120837
       10916       -0.28   -0.463855  0.00120838
       10917       -0.36   -0.463845   0.0012083
       10918       -0.52   -0.463851   0.0012082
       10919        -0.6   -0.463863  0.00120816
       10920       -0.52   -0.463868  0.00120806
       10921       -0.52   -0.463873  0.00120796
       10922       -0.52   -0.463878  0.00120786
       10923       -0.36   -0.463869  0.00120779
       10924       -0.52   -0.463874  0.00120769
       10925       -0.36   -0.463865  0.00120761
       10926       -0.44   -0.463862   0.0012075
       10927       -0.44    -0.46386   0.0012074
       10928       -0.52   -0.463865   0.0012073
       10929        -0.2   -0.463841  0.00120743
       10930       -0.36   -0.463832  0.00120735
       10931        -0.6   -0.463844  0.00120731
       10932        -0.6   -0.463857  0.00120726
       10933       -0.52   -0.463862  0.00120716
       10934       -0.36   -0.463852  0.00120709
       10935       -0.44    -0.46385  0.00120698
       10936       -0.44   -0.463848  0.00120687
       10937       -0.44   -0.463846  0.00120676
       10938       -0.52   -0.463851  0.00120666
       10939       -0.44   -0.463849  0.00120656
       10940       -0.44   -0.463846  0.00120645
       10941       -0.52   -0.463852  0.00120635
       10942        -0.6   -0.463864   0.0012063
       10943        -0.6   -0.463876  0.00120626
       10944       -0.44   -0.463874  0.00120615
       10945        -0.6   -0.463887   0.0012061
       10946       -0.36   -0.463877  0.00120603
       10947       -0.44   -0.463875  0.00120592
       10948       -0.52    -0.46388  0.00120582
       10949       -0.52   -0.463885  0.00120572
       10950        -0.6   -0.463898  0.00120568
       10951       -0.44   -0.463896  0.00120557
       10952       -0.52   -0.463901  0.00120547
       10953       -0.36   -0.463891   0.0012054
       10954       -0.44   -0.463889  0.00120529
       10955       -0.36    -0.46388  0.00120522
       10956       -0.44   -0.463877  0.00120511
       10957       -0.36   -0.463868  0.00120503
       10958       -0.36   -0.463858  0.00120496
       10959       -0.28   -0.463842  0.00120497
       10960       -0.52   -0.463847  0.00120487
       10961       -0.52   -0.463852  0.00120477
       10962        -0.6   -0.463864  0.00120472
       10963        -0.6   -0.463877  0.00120468
       10964       -0.68   -0.463896  0.00120473
       10965       -0.44   -0.463894  0.00120462
       10966        -0.6   -0.463907  0.00120458
       10967       -0.68   -0.463926  0.00120463
       10968       -0.52   -0.463931  0.00120453
       10969       -0.52   -0.463937  0.00120443
       10970       -0.44   -0.463934  0.00120432
       10971       -0.44   -0.463932  0.00120421
       10972       -0.52   -0.463937  0.00120412
       10973        -0.6    -0.46395  0.00120407
       10974        -0.6   -0.463962  0.00120402
       10975       -0.28   -0.463945  0.00120403
       10976       -0.36   -0.463936  0.00120396
       10977       -0.36   -0.463926  0.00120389
       10978       -0.52   -0.463931  0.00120379
       10979       -0.44   -0.463929  0.00120368
       10980       -0.52   -0.463934  0.00120358
       10981       -0.68   -0.463954  0.00120363
       10982       -0.76   -0.463981  0.00120382
       10983       -0.68   -0.464001  0.00120387
       10984        -0.6   -0.464013  0.00120383
       10985       -0.36   -0.464004  0.00120376
       10986       -0.52   -0.464009  0.00120366
       10987       -0.36   -0.463999  0.00120359
       10988       -0.52   -0.464004  0.00120349
       10989       -0.52   -0.464009  0.00120339
       10990       -0.44   -0.464007  0.00120328
       10991       -0.52   -0.464012  0.00120318
       10992       -0.36   -0.464003  0.00120311
       10993       -0.44   -0.464001    0.001203
       10994       -0.52   -0.464006   0.0012029
       10995       -0.44   -0.464004   0.0012028
       10996       -0.52   -0.464009   0.0012027
       10997        -0.6   -0.464021  0.00120265
       10998       -0.52   -0.464026  0.00120255
       10999       -0.44   -0.464024  0.00120245
       11000       -0.44   -0.464022  0.00120234
       11001       -0.44    -0.46402  0.00120223
       11002       -0.36    -0.46401  0.00120216
       11003       -0.68    -0.46403  0.00120221
       11004        -0.6   -0.464042  0.00120216
       11005       -0.52   -0.464047  0.00120207
       11006       -0.44   -0.464045  0.00120196
       11007       -0.52    -0.46405  0.00120186
       11008       -0.68    -0.46407  0.00120191
       11009       -0.44   -0.464068   0.0012018
       11010       -0.28   -0.464051  0.00120181
       11011       -0.44   -0.464049   0.0012017
       11012       -0.28   -0.464032  0.00120171
       11013        -0.2   -0.464008  0.00120184
       11014       -0.44   -0.464006  0.00120173
       11015       -0.52   -0.464011  0.00120164
       11016       -0.52   -0.464016  0.00120154
       11017       -0.12   -0.463985  0.00120183
       11018       -0.28   -0.463968  0.00120184
       11019       -0.52   -0.463973  0.00120174
       11020       -0.36   -0.463964  0.00120167
       11021       -0.52   -0.463969  0.00120157
       11022       -0.52   -0.463974  0.00120147
       11023       -0.52   -0.463979  0.00120138
       11024       -0.28   -0.463962  0.00120138
       11025       -0.28   -0.463946  0.00120139
       11026       -0.36   -0.463936  0.00120132
       11027       -0.52   -0.463941  0.00120122
       11028        -0.6   -0.463954  0.00120117
       11029       -0.68   -0.463973  0.00120122
       11030        -0.6   -0.463985  0.00120118
       11031        -0.6   -0.463998  0.00120113
       11032       -0.68   -0.464017  0.00120118
       11033       -0.76   -0.464044  0.00120137
       11034       -0.68   -0.464064  0.00120142
       11035       -0.52   -0.464069  0.00120133
       11036       -0.52   -0.464074  0.00120123
       11037        -0.6   -0.464086  0.00120118
       11038       -0.44   -0.464084  0.00120108
       11039        -0.6   -0.464096  0.00120103
       11040       -0.36   -0.464087  0.00120096
       11041       -0.44   -0.464085  0.00120085
       11042       -0.44   -0.464083  0.00120074
       11043       -0.52   -0.464088  0.00120065
       11044       -0.04   -0.464049  0.00120115
       11045       -0.36    -0.46404  0.00120108
       11046       -0.44   -0.464038  0.00120097
       11047       -0.36   -0.464028   0.0012009
       11048       -0.36   -0.464019  0.00120083
       11049       -0.44   -0.464017  0.00120072
       11050       -0.52   -0.464022  0.00120063
       11051       -0.28   -0.464005  0.00120063
       11052       -0.52    -0.46401  0.00120053
       11053       -0.52   -0.464015  0.00120044
       11054       -0.44   -0.464013  0.00120033
       11055       -0.52   -0.464018  0.00120023
       11056       -0.44   -0.464016  0.00120013
       11057       -0.52   -0.464021  0.00120003
       11058       -0.52   -0.464026  0.00119993
       11059       -0.44   -0.464024  0.00119982
       11060       -0.52   -0.464029  0.00119973
       11061       -0.44   -0.464027  0.00119962
       11062       -0.44   -0.464025  0.00119951
       11063       -0.36   -0.464015  0.00119944
       11064       -0.52    -0.46402  0.00119934
       11065       -0.28   -0.464004  0.00119935
       11066        -0.6   -0.464016   0.0011993
       11067       -0.36   -0.464007  0.00119923
       11068       -0.52   -0.464012  0.00119914
       11069       -0.68   -0.464031  0.00119919
       11070       -0.44   -0.464029  0.00119908
       11071       -0.52   -0.464034  0.00119898
       11072       -0.36   -0.464025  0.00119891
       11073       -0.44   -0.464022   0.0011988
       11074       -0.36   -0.464013  0.00119873
       11075        -0.6   -0.464025  0.00119869
       11076       -0.12   -0.463994  0.00119898
       11077       -0.28   -0.463978  0.00119899
       11078       -0.44   -0.463975  0.00119888
       11079       -0.44   -0.463973  0.00119878
       11080       -0.36   -0.463964   0.0011987
       11081        -0.6   -0.463976  0.00119866
       11082       -0.52   -0.463981  0.00119856
       11083       -0.36   -0.463972  0.00119849
       11084       -0.52   -0.463977  0.00119839
       11085       -0.52   -0.463982  0.00119829
       11086       -0.52   -0.463987   0.0011982
       11087       -0.52   -0.463992   0.0011981
       11088       -0.28   -0.463975  0.00119811
       11089       -0.52   -0.463981  0.00119801
       11090       -0.52   -0.463986  0.00119791
       11091       -0.52   -0.463991  0.00119781
       11092       -0.44   -0.463988  0.00119771
       11093       -0.36   -0.463979  0.00119764
       11094       -0.36    -0.46397  0.00119757
       11095       -0.36    -0.46396  0.00119749
       11096       -0.36   -0.463951  0.00119742
       11097       -0.52   -0.463956  0.00119733
       11098       -0.52   -0.463961  0.00119723
       11099       -0.68   -0.463981  0.00119728
       11100        -0.6   -0.463993  0.00119723
       11101       -0.44   -0.463991  0.00119713
       11102       -0.36   -0.463981  0.00119706
       11103       -0.36   -0.463972  0.00119699
       11104       -0.52   -0.463977  0.00119689
       11105       -0.52   -0.463982  0.00119679
       11106       -0.28   -0.463965   0.0011968
       11107       -0.36   -0.463956  0.00119673
       11108       -0.28    -0.46394  0.00119673
       11109       -0.28   -0.463923  0.00119674
       11110       -0.36   -0.463914  0.00119667
       11111       -0.52   -0.463919  0.00119657
       11112       -0.36   -0.463909   0.0011965
       11113       -0.44   -0.463907   0.0011964
       11114       -0.52   -0.463912   0.0011963
       11115       -0.44    -0.46391  0.00119619
       11116       -0.36   -0.463901  0.00119612
       11117       -0.28   -0.463884  0.00119613
       11118       -0.28   -0.463868  0.00119614
       11119       -0.52   -0.463873  0.00119604
       11120       -0.52   -0.463878  0.00119594
       11121        -0.6    -0.46389   0.0011959
       11122        -0.6   -0.463902  0.00119585
       11123       -0.44     -0.4639  0.00119575
       11124       -0.36   -0.463891  0.00119568
       11125       -0.36   -0.463881   0.0011956
       11126        -0.2   -0.463858  0.00119573
       11127       -0.36   -0.463848  0.00119566
       11128       -0.52   -0.463853  0.00119556
       11129       -0.36   -0.463844  0.00119549
       11130        -0.6   -0.463856  0.00119545
       11131       -0.52   -0.463861  0.00119535
       11132       -0.36   -0.463852  0.00119528
       11133       -0.28   -0.463835  0.00119529
       11134       -0.52    -0.46384  0.00119519
       11135       -0.52   -0.463846  0.00119509
       11136       -0.52   -0.463851    0.001195
       11137       -0.44   -0.463848  0.00119489
       11138       -0.44   -0.463846  0.00119479
       11139       -0.28    -0.46383  0.00119479
       11140       -0.52   -0.463835   0.0011947
       11141       -0.52    -0.46384   0.0011946
       11142       -0.44   -0.463838  0.00119449
       11143       -0.52   -0.463843   0.0011944
       11144       -0.52   -0.463848   0.0011943
       11145       -0.44   -0.463846   0.0011942
       11146       -0.36   -0.463836  0.00119413
       11147       -0.36   -0.463827  0.00119405
       11148        -0.6   -0.463839  0.00119401
       11149        -0.6   -0.463851  0.00119397
       11150       -0.52   -0.463857  0.00119387
       11151       -0.52   -0.463862  0.00119377
       11152       -0.44   -0.463859  0.00119367
       11153       -0.44   -0.463857  0.00119356
       11154       -0.12   -0.463826  0.00119385
       11155       -0.28    -0.46381  0.00119386
       11156       -0.36   -0.463801  0.00119379
       11157       -0.52   -0.463806  0.00119369
       11158       -0.36   -0.463796  0.00119362
       11159       -0.44   -0.463794  0.00119352
       11160        -0.6   -0.463806  0.00119347
       11161       -0.52   -0.463811  0.00119338
       11162       -0.36   -0.463802  0.00119331
       11163       -0.28   -0.463786  0.00119331
       11164       -0.44   -0.463784  0.00119321
       11165       -0.36   -0.463774  0.00119314
       11166       -0.36   -0.463765  0.00119307
       11167       -0.52    -0.46377  0.00119297
       11168       -0.36   -0.463761   0.0011929
       11169       -0.04   -0.463723   0.0011934
       11170       -0.36   -0.463714  0.00119332
       11171       -0.44   -0.463711  0.00119322
       11172       -0.52   -0.463716  0.00119312
       11173        -0.6   -0.463729  0.00119308
       11174       -0.36   -0.463719  0.00119301
       11175       -0.68   -0.463739  0.00119306
       11176       -0.52   -0.463744  0.00119296
       11177        -0.6   -0.463756  0.00119292
       11178       -0.52   -0.463761  0.00119282
       11179       -0.68    -0.46378  0.00119287
       11180       -0.52   -0.463785  0.00119278
       11181       -0.28   -0.463769  0.00119278
       11182       -0.44   -0.463767  0.00119268
       11183        -0.6   -0.463779  0.00119263
       11184       -0.44   -0.463777  0.00119253
       11185        -0.6   -0.463789  0.00119248
       11186       -0.68   -0.463808  0.00119253
       11187       -0.52   -0.463813  0.00119244
       11188       -0.68   -0.463833  0.00119249
       11189       -0.36   -0.463823  0.00119242
       11190        -0.6   -0.463836  0.00119237
       11191       -0.52   -0.463841  0.00119228
       11192        -0.6   -0.463853  0.00119223
       11193       -0.44   -0.463851  0.00119213
       11194       -0.44   -0.463848  0.00119202
       11195        -0.6   -0.463861  0.00119198
       11196       -0.84   -0.463894  0.00119235
       11197       -0.68   -0.463914   0.0011924
       11198       -0.68   -0.463933  0.00119245
       11199       -0.68   -0.463952   0.0011925
       11200       -0.36   -0.463943  0.00119242
       11201       -0.52   -0.463948  0.00119233
       11202        -0.6    -0.46396  0.00119228
       11203       -0.52   -0.463965  0.00119219
       11204       -0.52    -0.46397  0.00119209
       11205       -0.36   -0.463961  0.00119202
       11206       -0.12    -0.46393  0.00119231
       11207       -0.44   -0.463928  0.00119221
       11208        -0.6    -0.46394  0.00119216
       11209       -0.44   -0.463938  0.00119206
       11210       -0.44   -0.463936  0.00119195
       11211       -0.28   -0.463919  0.00119196
       11212       -0.36    -0.46391  0.00119189
       11213       -0.52   -0.463915  0.00119179
       11214       -0.68   -0.463934  0.00119184
       11215        -0.6   -0.463947   0.0011918
       11216       -0.44   -0.463944  0.00119169
       11217       -0.68   -0.463964  0.00119174
       11218        -0.6   -0.463976   0.0011917
       11219       -0.36   -0.463966  0.00119163
       11220       -0.44   -0.463964  0.00119152
       11221       -0.36   -0.463955  0.00119145
       11222       -0.52    -0.46396  0.00119136
       11223       -0.44   -0.463958  0.00119125
       11224       -0.44   -0.463956  0.00119115
       11225       -0.44   -0.463954  0.00119105
       11226       -0.44   -0.463952  0.00119094
       11227       -0.44   -0.463949  0.00119084
       11228       -0.36    -0.46394  0.00119077
       11229        -0.6   -0.463952  0.00119072
       11230       -0.12   -0.463922  0.00119101
       11231       -0.44    -0.46392  0.00119091
       11232       -0.36    -0.46391  0.00119084
       11233       -0.44   -0.463908  0.00119073
       11234        -0.2   -0.463885  0.00119086
       11235       -0.44   -0.463883  0.00119075
       11236       -0.52   -0.463888  0.00119066
       11237       -0.68   -0.463907  0.00119071
       11238       -0.36   -0.463897  0.00119064
       11239        -0.6    -0.46391  0.00119059
       11240        -0.6   -0.463922  0.00119055
       11241       -0.52   -0.463927  0.00119045
       11242       -0.44   -0.463925  0.00119035
       11243       -0.52    -0.46393  0.00119025
       11244       -0.44   -0.463927  0.00119015
       11245       -0.52   -0.463932  0.00119006
       11246       -0.52   -0.463937  0.00118996
       11247       -0.36   -0.463928  0.00118989
       11248        -0.2   -0.463905  0.00119002
       11249       -0.44   -0.463903  0.00118991
       11250        -0.6   -0.463915  0.00118987
       11251       -0.52    -0.46392  0.00118977
       11252       -0.12   -0.463889  0.00119006
       11253       -0.36    -0.46388  0.00118999
       11254       -0.68   -0.463899  0.00119004
       11255       -0.68   -0.463918  0.00119009
       11256       -0.52   -0.463923  0.00118999
       11257        -0.6   -0.463935  0.00118995
       11258        -0.6   -0.463947   0.0011899
       11259       -0.36   -0.463938  0.00118983
       11260       -0.28   -0.463922  0.00118984
       11261        -0.6   -0.463934   0.0011898
       11262        -0.6   -0.463946  0.00118975
       11263       -0.36   -0.463937  0.00118968
       11264       -0.52   -0.463942  0.00118959
       11265       -0.44    -0.46394  0.00118948
       11266       -0.28   -0.463923  0.00118949
       11267       -0.44   -0.463921  0.00118939
       11268        -0.6   -0.463933  0.00118934
       11269       -0.52   -0.463938  0.00118925
       11270        -0.6    -0.46395   0.0011892
       11271       -0.84   -0.463984  0.00118956
       11272       -0.36   -0.463974  0.00118949
       11273        -0.2   -0.463951  0.00118962
       11274       -0.36   -0.463942  0.00118955
       11275       -0.44    -0.46394  0.00118945
       11276       -0.68   -0.463959  0.00118949
       11277       -0.36    -0.46395  0.00118943
       11278       -0.44   -0.463948  0.00118932
       11279       -0.28   -0.463931  0.00118933
       11280       -0.52   -0.463936  0.00118923
       11281       -0.52   -0.463941  0.00118914
       11282       -0.28   -0.463925  0.00118914
       11283       -0.68   -0.463944  0.00118919
       11284       -0.76    -0.46397  0.00118938
       11285       -0.44   -0.463968  0.00118927
       11286       -0.44   -0.463966  0.00118917
       11287       -0.52   -0.463971  0.00118907
       11288       -0.36   -0.463962  0.00118901
       11289       -0.52   -0.463967  0.00118891
       11290        -0.6   -0.463979  0.00118887
       11291       -0.52   -0.463984  0.00118877
       11292       -0.52   -0.463989  0.00118868
       11293       -0.44   -0.463987  0.00118857
       11294       -0.44   -0.463984  0.00118847
       11295       -0.52   -0.463989  0.00118837
       11296       -0.52   -0.463994  0.00118828
       11297        -0.6   -0.464006  0.00118824
       11298       -0.44   -0.464004  0.00118813
       11299       -0.28   -0.463988  0.00118814
       11300       -0.52   -0.463993  0.00118804
       11301       -0.52   -0.463998  0.00118795
       11302       -0.44   -0.463996  0.00118785
       11303       -0.76   -0.464022  0.00118803
       11304       -0.36   -0.464013  0.00118796
       11305       -0.52   -0.464018  0.00118787
       11306       -0.44   -0.464016  0.00118776
       11307       -0.36   -0.464006  0.00118769
       11308       -0.52   -0.464011   0.0011876
       11309       -0.44   -0.464009  0.00118749
       11310       -0.44   -0.464007  0.00118739
       11311        -0.6   -0.464019  0.00118735
       11312       -0.52   -0.464024  0.00118725
       11313       -0.52   -0.464029  0.00118716
       11314       -0.36    -0.46402  0.00118709
       11315       -0.28   -0.464004   0.0011871
       11316       -0.04   -0.463966  0.00118758
       11317       -0.36   -0.463957  0.00118751
       11318       -0.52   -0.463962  0.00118742
       11319        -0.6   -0.463974  0.00118737
       11320       -0.68   -0.463993  0.00118742
       11321       -0.52   -0.463998  0.00118733
       11322       -0.36   -0.463989  0.00118726
       11323       -0.68   -0.464008  0.00118731
       11324       -0.44   -0.464006   0.0011872
       11325       -0.52   -0.464011  0.00118711
       11326       -0.44   -0.464008  0.00118701
       11327       -0.52   -0.464013  0.00118691
       11328       -0.28   -0.463997  0.00118692
       11329       -0.44   -0.463995  0.00118682
       11330       -0.44   -0.463993  0.00118671
       11331       -0.36   -0.463984  0.00118664
       11332       -0.44   -0.463982  0.00118654
       11333       -0.44    -0.46398  0.00118644
       11334       -0.52   -0.463984  0.00118634
       11335        -0.6   -0.463996   0.0011863
       11336       -0.52   -0.464001   0.0011862
       11337       -0.52   -0.464006  0.00118611
       11338       -0.44   -0.464004  0.00118601
       11339       -0.52   -0.464009  0.00118591
       11340       -0.44   -0.464007  0.00118581
       11341       -0.44   -0.464005  0.00118571
       11342       -0.52    -0.46401  0.00118561
       11343       -0.52   -0.464015  0.00118552
       11344       -0.44   -0.464013  0.00118542
       11345       -0.52   -0.464018  0.00118532
       11346        -0.6    -0.46403  0.00118528
       11347       -0.28   -0.464013  0.00118529
       11348        -0.6   -0.464025  0.00118524
       11349       -0.52    -0.46403  0.00118515
       11350       -0.44   -0.464028  0.00118504
       11351        -0.6    -0.46404    0.001185
       11352        -0.6   -0.464052  0.00118496
       11353       -0.36   -0.464043  0.00118489
       11354       -0.44   -0.464041  0.00118479
       11355       -0.68    -0.46406  0.00118483
       11356       -0.52   -0.464065  0.00118474
       11357       -0.52    -0.46407  0.00118465
       11358       -0.36   -0.464061  0.00118458
       11359        -0.6   -0.464073  0.00118453
       11360       -0.68   -0.464092  0.00118458
       11361       -0.68   -0.464111  0.00118463
       11362        -0.6   -0.464123  0.00118459
       11363        -0.6   -0.464134  0.00118454
       11364       -0.36   -0.464125  0.00118447
       11365       -0.36   -0.464116   0.0011844
       11366       -0.36   -0.464107  0.00118434
       11367        -0.6   -0.464119  0.00118429
       11368       -0.44   -0.464117  0.00118419
       11369       -0.44   -0.464115  0.00118409
       11370       -0.52    -0.46412  0.00118399
       11371       -0.68   -0.464139  0.00118404
       11372       -0.36   -0.464129  0.00118397
       11373       -0.44   -0.464127  0.00118387
       11374       -0.36   -0.464118   0.0011838
       11375        -0.2   -0.464095  0.00118393
       11376        -0.2   -0.464072  0.00118405
       11377       -0.36   -0.464063  0.00118398
       11378       -0.28   -0.464046  0.00118399
       11379       -0.44   -0.464044  0.00118388
       11380        -0.6   -0.464056  0.00118384
       11381        -0.6   -0.464068   0.0011838
       11382       -0.52   -0.464073   0.0011837
       11383       -0.44   -0.464071   0.0011836
       11384        -0.6   -0.464083  0.00118356
       11385       -0.76   -0.464109  0.00118374
       11386       -0.76   -0.464135  0.00118392
       11387       -0.68   -0.464154  0.00118397
       11388       -0.76    -0.46418  0.00118415
       11389       -0.36   -0.464171  0.00118408
       11390       -0.44   -0.464169  0.00118398
       11391       -0.52   -0.464173  0.00118388
       11392       -0.52   -0.464178  0.00118379
       11393       -0.36   -0.464169  0.00118372
       11394        -0.6   -0.464181  0.00118368
       11395       -0.44   -0.464179  0.00118358
       11396       -0.52   -0.464184  0.00118348
       11397       -0.44   -0.464182  0.00118338
       11398       -0.44    -0.46418  0.00118328
       11399       -0.44   -0.464178  0.00118318
       11400       -0.52   -0.464182  0.00118308
       11401       -0.44    -0.46418  0.00118298
       11402       -0.52   -0.464185  0.00118289
       11403        -0.6   -0.464197  0.00118284
       11404       -0.44   -0.464195  0.00118274
       11405       -0.52     -0.4642  0.00118265
       11406       -0.28   -0.464184  0.00118265
       11407       -0.52   -0.464189  0.00118256
       11408        -0.6   -0.464201  0.00118252
       11409       -0.52   -0.464205  0.00118242
       11410       -0.44   -0.464203  0.00118232
       11411        -0.2    -0.46418  0.00118244
       11412       -0.44   -0.464178  0.00118234
       11413       -0.28   -0.464162  0.00118235
       11414       -0.52   -0.464167  0.00118226
       11415       -0.44   -0.464165  0.00118215
       11416       -0.44   -0.464163  0.00118205
       11417       -0.36   -0.464153  0.00118198
       11418        -0.2    -0.46413  0.00118211
       11419       -0.36   -0.464121  0.00118204
       11420       -0.36   -0.464112  0.00118197
       11421       -0.44    -0.46411  0.00118187
       11422       -0.44   -0.464108  0.00118177
       11423       -0.52   -0.464113  0.00118167
       11424       -0.44   -0.464111  0.00118157
       11425        -0.6   -0.464123  0.00118153
       11426        -0.6   -0.464134  0.00118149
       11427        -0.6   -0.464146  0.00118144
       11428       -0.84   -0.464179   0.0011818
       11429        -0.6   -0.464191  0.00118175
       11430        -0.6   -0.464203  0.00118171
       11431        -0.6   -0.464215  0.00118167
       11432       -0.52    -0.46422  0.00118157
       11433       -0.68   -0.464239  0.00118162
       11434       -0.52   -0.464243  0.00118153
       11435       -0.44   -0.464241  0.00118142
       11436       -0.52   -0.464246  0.00118133
       11437        -0.6   -0.464258  0.00118129
       11438       -0.36   -0.464249  0.00118122
       11439       -0.36    -0.46424  0.00118115
       11440       -0.52   -0.464245  0.00118106
       11441       -0.52    -0.46425  0.00118097
       11442       -0.52   -0.464255  0.00118087
       11443       -0.28   -0.464238  0.00118088
       11444       -0.44   -0.464236  0.00118078
       11445        -0.6   -0.464248  0.00118073
       11446       -0.44   -0.464246  0.00118063
       11447       -0.36   -0.464237  0.00118056
       11448       -0.36   -0.464228   0.0011805
       11449       -0.36   -0.464219  0.00118043
       11450       -0.44   -0.464217  0.00118033
       11451       -0.52   -0.464221  0.00118023
       11452       -0.68    -0.46424  0.00118028
       11453       -0.52   -0.464245  0.00118019
       11454        -0.6   -0.464257  0.00118015
       11455       -0.52   -0.464262  0.00118005
       11456        -0.6   -0.464274  0.00118001
       11457       -0.52   -0.464279  0.00117992
       11458        -0.6    -0.46429  0.00117987
       11459       -0.52   -0.464295  0.00117978
       11460        -0.6   -0.464307  0.00117974
       11461       -0.44   -0.464305  0.00117963
       11462       -0.68   -0.464324  0.00117968
       11463       -0.52   -0.464329  0.00117959
       11464       -0.52   -0.464334   0.0011795
       11465       -0.76   -0.464359  0.00117968
       11466       -0.52   -0.464364  0.00117958
       11467       -0.44   -0.464362  0.00117948
       11468        -0.6   -0.464374  0.00117944
       11469       -0.68   -0.464393  0.00117948
       11470       -0.52   -0.464398  0.00117939
       11471       -0.36   -0.464388  0.00117932
       11472       -0.44   -0.464386  0.00117922
       11473       -0.44   -0.464384  0.00117912
       11474       -0.52   -0.464389  0.00117903
       11475        -0.2   -0.464366  0.00117915
       11476       -0.28    -0.46435  0.00117916
       11477       -0.36   -0.464341  0.00117909
       11478       -0.52   -0.464346    0.001179
       11479       -0.44   -0.464344   0.0011789
       11480       -0.52   -0.464348   0.0011788
       11481       -0.44   -0.464346   0.0011787
       11482        -0.6   -0.464358  0.00117866
       11483       -0.44   -0.464356  0.00117856
       11484       -0.28    -0.46434  0.00117857
       11485       -0.44   -0.464338  0.00117847
       11486       -0.52   -0.464343  0.00117837
       11487        -0.2    -0.46432   0.0011785
       11488       -0.52   -0.464325   0.0011784
       11489       -0.44   -0.464322   0.0011783
       11490       -0.36   -0.464313  0.00117823
       11491       -0.36   -0.464304  0.00117817
       11492       -0.36   -0.464295   0.0011781
       11493       -0.44   -0.464293    0.001178
       11494        -0.2    -0.46427  0.00117812
       11495       -0.36   -0.464261  0.00117805
       11496       -0.28   -0.464245  0.00117806
       11497       -0.36   -0.464236  0.00117799
       11498       -0.52   -0.464241   0.0011779
       11499       -0.28   -0.464225  0.00117791
       11500       -0.36   -0.464216  0.00117784
       11501       -0.36   -0.464207  0.00117777
       11502        -0.6   -0.464218  0.00117773
       11503        -0.6    -0.46423  0.00117768
       11504        -0.6   -0.464242  0.00117764
       11505        -0.6   -0.464254   0.0011776
       11506       -0.52   -0.464259  0.00117751
       11507        -0.6    -0.46427  0.00117746
       11508       -0.52   -0.464275  0.00117737
       11509       -0.36   -0.464266   0.0011773
       11510       -0.36   -0.464257  0.00117723
       11511        -0.6   -0.464269  0.00117719
       11512        -0.6   -0.464281  0.00117715
       11513        -0.6   -0.464293  0.00117711
       11514       -0.36   -0.464283  0.00117704
       11515       -0.52   -0.464288  0.00117695
       11516        -0.6     -0.4643   0.0011769
       11517        -0.6   -0.464312  0.00117686
       11518        -0.6   -0.464324  0.00117682
       11519       -0.44   -0.464322  0.00117672
       11520       -0.52   -0.464326  0.00117662
       11521       -0.36   -0.464317  0.00117656
       11522       -0.36   -0.464308  0.00117649
       11523       -0.36   -0.464299  0.00117642
       11524       -0.44   -0.464297  0.00117632
       11525       -0.44   -0.464295  0.00117622
       11526       -0.52     -0.4643  0.00117613
       11527       -0.44   -0.464298  0.00117603
       11528       -0.36   -0.464289  0.00117596
       11529       -0.28   -0.464273  0.00117597
       11530       -0.52   -0.464278  0.00117588
       11531       -0.52   -0.464282  0.00117578
       11532       -0.52   -0.464287  0.00117569
       11533       -0.52   -0.464292   0.0011756
       11534       -0.68   -0.464311  0.00117565
       11535       -0.52   -0.464316  0.00117556
       11536       -0.28     -0.4643  0.00117556
       11537       -0.52   -0.464304  0.00117547
       11538       -0.68   -0.464323  0.00117552
       11539        -0.2     -0.4643  0.00117564
       11540       -0.44   -0.464298  0.00117554
       11541       -0.52   -0.464303  0.00117545
       11542       -0.44   -0.464301  0.00117535
       11543       -0.44   -0.464299  0.00117525
       11544       -0.52   -0.464304  0.00117515
       11545       -0.28   -0.464288  0.00117516
       11546       -0.36   -0.464279  0.00117509
       11547        -0.6    -0.46429  0.00117505
       11548       -0.68   -0.464309   0.0011751
       11549       -0.36     -0.4643  0.00117503
       11550       -0.36   -0.464291  0.00117496
       11551       -0.52   -0.464296  0.00117487
       11552       -0.44   -0.464294  0.00117477
       11553        -0.6   -0.464305  0.00117473
       11554       -0.76   -0.464331  0.00117491
       11555       -0.52   -0.464336  0.00117481
       11556       -0.76   -0.464361  0.00117499
       11557        -0.6   -0.464373  0.00117495
       11558       -0.28   -0.464357  0.00117495
       11559       -0.52   -0.464362  0.00117486
       11560        -0.6   -0.464374  0.00117482
       11561       -0.36   -0.464365  0.00117475
       11562       -0.28   -0.464349  0.00117476
       11563       -0.44   -0.464347  0.00117466
       11564       -0.44   -0.464345  0.00117456
       11565       -0.52   -0.464349  0.00117447
       11566       -0.44   -0.464347  0.00117437
       11567       -0.44   -0.464345  0.00117427
       11568       -0.36   -0.464336   0.0011742
       11569       -0.44   -0.464334   0.0011741
       11570       -0.52   -0.464339  0.00117401
       11571       -0.36    -0.46433  0.00117394
       11572       -0.44   -0.464328  0.00117384
       11573       -0.36   -0.464319  0.00117378
       11574        -0.6    -0.46433  0.00117373
       11575       -0.36   -0.464321  0.00117367
       11576       -0.28   -0.464305  0.00117367
       11577       -0.36   -0.464296  0.00117361
       11578       -0.28   -0.464281  0.00117361
       11579       -0.68   -0.464299  0.00117366
       11580       -0.52   -0.464304  0.00117357
       11581       -0.36   -0.464295   0.0011735
       11582       -0.36   -0.464286  0.00117344
       11583       -0.52   -0.464291  0.00117334
       11584       -0.28   -0.464275  0.00117335
       11585        -0.6   -0.464287  0.00117331
       11586        -0.6   -0.464298  0.00117327
       11587       -0.68   -0.464317  0.00117331
       11588        -0.6   -0.464329  0.00117327
       11589       -0.52   -0.464333  0.00117318
       11590       -0.44   -0.464331  0.00117308
       11591       -0.28   -0.464315  0.00117308
       11592       -0.44   -0.464313  0.00117299
       11593       -0.28   -0.464297  0.00117299
       11594       -0.44   -0.464295  0.00117289
       11595       -0.52     -0.4643   0.0011728
       11596       -0.36   -0.464291  0.00117273
       11597       -0.52   -0.464296  0.00117264
       11598       -0.28    -0.46428  0.00117265
       11599       -0.12    -0.46425  0.00117292
       11600       -0.36   -0.464241  0.00117286
       11601        -0.6   -0.464253  0.00117282
       11602        -0.6   -0.464265  0.00117277
       11603       -0.52    -0.46427  0.00117268
       11604       -0.44   -0.464267  0.00117258
       11605       -0.28   -0.464252  0.00117259
       11606        -0.2   -0.464229  0.00117271
       11607       -0.44   -0.464227  0.00117261
       11608        -0.6   -0.464238  0.00117257
       11609       -0.52   -0.464243  0.00117248
       11610       -0.52   -0.464248  0.00117238
       11611        -0.6    -0.46426  0.00117234
       11612        -0.6   -0.464271   0.0011723
       11613       -0.68    -0.46429  0.00117235
       11614       -0.68   -0.464309  0.00117239
       11615       -0.44   -0.464307  0.00117229
       11616        -0.2   -0.464284  0.00117241
       11617       -0.44   -0.464282  0.00117231
       11618       -0.28   -0.464266  0.00117232
       11619       -0.52   -0.464271  0.00117223
       11620        -0.6   -0.464282  0.00117219
       11621       -0.52   -0.464287  0.00117209
       11622       -0.52   -0.464292    0.001172
       11623       -0.36   -0.464283  0.00117194
       11624       -0.36   -0.464274  0.00117187
       11625        -0.6   -0.464286  0.00117183
       11626        -0.6   -0.464297  0.00117179
       11627       -0.28   -0.464281  0.00117179
       11628       -0.36   -0.464272  0.00117173
       11629       -0.44    -0.46427  0.00117163
       11630       -0.68   -0.464289  0.00117167
       11631       -0.68   -0.464307  0.00117172
       11632       -0.76   -0.464333  0.00117189
       11633        -0.6   -0.464345  0.00117185
       11634       -0.44   -0.464342  0.00117175
       11635       -0.44    -0.46434  0.00117165
       11636       -0.44   -0.464338  0.00117155
       11637       -0.52   -0.464343  0.00117146
       11638       -0.44   -0.464341  0.00117136
       11639       -0.68   -0.464359  0.00117141
       11640       -0.68   -0.464378  0.00117146
       11641       -0.68   -0.464397   0.0011715
       11642        -0.6   -0.464408  0.00117146
       11643       -0.44   -0.464406  0.00117136
       11644        -0.6   -0.464418  0.00117132
       11645        -0.6   -0.464429  0.00117128
       11646       -0.68   -0.464448  0.00117132
       11647       -0.44   -0.464446  0.00117122
       11648       -0.36   -0.464437  0.00117116
       11649       -0.44   -0.464435  0.00117106
       11650       -0.44   -0.464433  0.00117096
       11651       -0.68   -0.464451    0.001171
       11652       -0.52   -0.464456  0.00117091
       11653       -0.76   -0.464481  0.00117109
       11654       -0.84   -0.464513  0.00117143
       11655        -0.6   -0.464525  0.00117139
       11656       -0.52    -0.46453   0.0011713
       11657       -0.36   -0.464521  0.00117123
       11658       -0.44   -0.464519  0.00117113
       11659       -0.36    -0.46451  0.00117107
       11660       -0.52   -0.464515  0.00117098
       11661       -0.44   -0.464512  0.00117088
       11662       -0.68   -0.464531  0.00117092
       11663       -0.52   -0.464536  0.00117083
       11664        -0.6   -0.464547  0.00117079
       11665        -0.6   -0.464559  0.00117075
       11666       -0.68   -0.464577  0.00117079
       11667       -0.68   -0.464596  0.00117084
       11668       -0.52   -0.464601  0.00117075
       11669       -0.36   -0.464592  0.00117068
       11670       -0.52   -0.464596  0.00117059
       11671       -0.44   -0.464594  0.00117049
       11672       -0.52   -0.464599   0.0011704
       11673       -0.68   -0.464617  0.00117044
       11674       -0.36   -0.464609  0.00117038
       11675       -0.36     -0.4646  0.00117031
       11676       -0.36   -0.464591  0.00117025
       11677       -0.28   -0.464575  0.00117025
       11678        -0.6   -0.464586  0.00117021
       11679        -0.6   -0.464598  0.00117017
       11680       -0.36   -0.464589   0.0011701
       11681       -0.44   -0.464587     0.00117
       11682       -0.44   -0.464585  0.00116991
       11683       -0.44   -0.464583  0.00116981
       11684       -0.36   -0.464574  0.00116974
       11685        -0.6   -0.464585   0.0011697
       11686       -0.52    -0.46459  0.00116961
       11687       -0.68   -0.464609  0.00116965
       11688       -0.68   -0.464627   0.0011697
       11689       -0.28   -0.464611  0.00116971
       11690       -0.36   -0.464602  0.00116964
       11691       -0.44     -0.4646  0.00116954
       11692       -0.44   -0.464598  0.00116944
       11693       -0.52   -0.464603  0.00116935
       11694       -0.36   -0.464594  0.00116929
       11695       -0.36   -0.464585  0.00116922
       11696        -0.2   -0.464562  0.00116934
       11697       -0.36   -0.464553  0.00116927
       11698       -0.36   -0.464544  0.00116921
       11699       -0.44   -0.464542  0.00116911
       11700       -0.68   -0.464561  0.00116916
       11701       -0.52   -0.464565  0.00116906
       11702        -0.6   -0.464577  0.00116902
       11703       -0.44   -0.464575  0.00116892
       11704       -0.52    -0.46458  0.00116883
       11705       -0.52   -0.464584  0.00116874
       11706       -0.44   -0.464582  0.00116865
       11707       -0.52   -0.464587  0.00116856
       11708       -0.52   -0.464592  0.00116847
       11709       -0.52   -0.464596  0.00116838
       11710       -0.44   -0.464594  0.00116828
       11711        -0.6   -0.464606  0.00116823
       11712       -0.28    -0.46459  0.00116824
       11713       -0.52   -0.464595  0.00116815
       11714       -0.28   -0.464579  0.00116816
       11715       -0.36    -0.46457  0.00116809
       11716       -0.28   -0.464554   0.0011681
       11717       -0.36   -0.464546  0.00116803
       11718       -0.68   -0.464564  0.00116808
       11719       -0.52   -0.464569  0.00116799
       11720       -0.44   -0.464567  0.00116789
       11721        -0.6   -0.464578  0.00116785
       11722       -0.44   -0.464576  0.00116775
       11723       -0.28    -0.46456  0.00116776
       11724        -0.2   -0.464538  0.00116787
       11725       -0.36   -0.464529  0.00116781
       11726       -0.44   -0.464527  0.00116771
       11727       -0.52   -0.464531  0.00116762
       11728       -0.52   -0.464536  0.00116753
       11729       -0.68   -0.464555  0.00116758
       11730       -0.68   -0.464573  0.00116762
       11731       -0.52   -0.464578  0.00116753
       11732       -0.44   -0.464576  0.00116743
       11733       -0.36   -0.464567  0.00116737
       11734       -0.28   -0.464551  0.00116737
       11735       -0.36   -0.464542  0.00116731
       11736       -0.36   -0.464533  0.00116724
       11737       -0.36   -0.464524  0.00116718
       11738       -0.52   -0.464529  0.00116709
       11739        -0.6    -0.46454  0.00116705
       11740       -0.28   -0.464525  0.00116705
       11741       -0.52   -0.464529  0.00116696
       11742       -0.44   -0.464527  0.00116687
       11743       -0.52   -0.464532  0.00116678
       11744        -0.6   -0.464544  0.00116673
       11745       -0.76   -0.464569  0.00116691
       11746       -0.76   -0.464594  0.00116708
       11747        -0.6   -0.464605  0.00116703
       11748       -0.44   -0.464603  0.00116694
       11749        -0.6   -0.464615  0.00116689
       11750       -0.36   -0.464606  0.00116683
       11751       -0.44   -0.464604  0.00116673
       11752       -0.52   -0.464609  0.00116664
       11753        -0.6    -0.46462   0.0011666
       11754        -0.6   -0.464632  0.00116656
       11755       -0.44    -0.46463  0.00116646
       11756       -0.44   -0.464627  0.00116636
       11757       -0.52   -0.464632  0.00116627
       11758       -0.68    -0.46465  0.00116632
       11759       -0.52   -0.464655  0.00116623
       11760        -0.6   -0.464667  0.00116619
       11761       -0.52   -0.464671   0.0011661
       11762       -0.52   -0.464676  0.00116601
       11763       -0.44   -0.464674  0.00116591
       11764       -0.44   -0.464672  0.00116581
       11765        -0.6   -0.464683  0.00116577
       11766       -0.68   -0.464702  0.00116581
       11767       -0.68    -0.46472  0.00116586
       11768       -0.44   -0.464718  0.00116576
       11769       -0.36   -0.464709   0.0011657
       11770       -0.28   -0.464693   0.0011657
       11771       -0.36   -0.464684  0.00116564
       11772       -0.52   -0.464689  0.00116555
       11773       -0.28   -0.464673  0.00116555
       11774       -0.44   -0.464671  0.00116546
       11775       -0.44   -0.464669  0.00116536
       11776        -0.6   -0.464681  0.00116532
       11777       -0.36   -0.464672  0.00116525
       11778       -0.36   -0.464663  0.00116519
       11779       -0.36   -0.464654  0.00116512
       11780       -0.36   -0.464645  0.00116506
       11781       -0.36   -0.464636  0.00116499
       11782       -0.52   -0.464641   0.0011649
       11783        -0.6   -0.464652  0.00116486
       11784        -0.6   -0.464664  0.00116482
       11785       -0.52   -0.464669  0.00116473
       11786        -0.6    -0.46468  0.00116469
       11787       -0.36   -0.464671  0.00116462
       11788       -0.44   -0.464669  0.00116453
       11789       -0.44   -0.464667  0.00116443
       11790       -0.68   -0.464685  0.00116447
       11791       -0.52    -0.46469  0.00116438
       11792       -0.52   -0.464695  0.00116429
       11793       -0.44   -0.464693   0.0011642
       11794       -0.52   -0.464697  0.00116411
       11795       -0.52   -0.464702  0.00116402
       11796       -0.52   -0.464707  0.00116393
       11797       -0.36   -0.464698  0.00116386
       11798       -0.52   -0.464702  0.00116378
       11799       -0.44     -0.4647  0.00116368
       11800       -0.36   -0.464692  0.00116361
       11801        -0.6   -0.464703  0.00116357
       11802       -0.28   -0.464687  0.00116358
       11803       -0.44   -0.464685  0.00116348
       11804        -0.2   -0.464663   0.0011636
       11805       -0.36   -0.464654  0.00116353
       11806       -0.52   -0.464659  0.00116345
       11807       -0.52   -0.464663  0.00116336
       11808       -0.36   -0.464654  0.00116329
       11809       -0.36   -0.464646  0.00116323
       11810       -0.28    -0.46463  0.00116323
       11811       -0.52   -0.464635  0.00116314
       11812       -0.36   -0.464626  0.00116308
       11813        -0.6   -0.464637  0.00116304
       11814       -0.44   -0.464635  0.00116294
       11815       -0.68   -0.464653  0.00116299
       11816        -0.6   -0.464665  0.00116294
       11817       -0.36   -0.464656  0.00116288
       11818       -0.36   -0.464647  0.00116281
       11819       -0.68   -0.464665  0.00116286
       11820       -0.68   -0.464684   0.0011629
       11821       -0.52   -0.464688  0.00116281
       11822        -0.6     -0.4647  0.00116277
       11823        -0.6   -0.464711  0.00116273
       11824        -0.6   -0.464723  0.00116269
       11825        -0.6   -0.464734  0.00116265
       11826       -0.52   -0.464739  0.00116256
       11827       -0.52   -0.464743  0.00116247
       11828       -0.36   -0.464735   0.0011624
       11829       -0.28   -0.464719  0.00116241
       11830       -0.44   -0.464717  0.00116231
       11831       -0.36   -0.464708  0.00116225
       11832       -0.44   -0.464706  0.00116215
       11833       -0.28    -0.46469  0.00116216
       11834       -0.44   -0.464688  0.00116206
       11835       -0.44   -0.464686  0.00116197
       11836       -0.44   -0.464684  0.00116187
       11837        -0.6   -0.464695  0.00116183
       11838       -0.68   -0.464714  0.00116187
       11839       -0.44   -0.464712  0.00116178
       11840       -0.36   -0.464703  0.00116171
       11841        -0.6   -0.464714  0.00116167
       11842        -0.6   -0.464726  0.00116163
       11843       -0.52    -0.46473  0.00116154
       11844       -0.68   -0.464748  0.00116158
       11845       -0.44   -0.464746  0.00116149
       11846       -0.52   -0.464751   0.0011614
       11847       -0.44   -0.464749   0.0011613
       11848       -0.44   -0.464747  0.00116121
       11849       -0.44   -0.464745  0.00116111
       11850       -0.44   -0.464743  0.00116101
       11851       -0.28   -0.464727  0.00116102
       11852       -0.44   -0.464725  0.00116092
       11853       -0.36   -0.464716  0.00116086
       11854       -0.52   -0.464721  0.00116077
       11855       -0.52   -0.464725  0.00116068
       11856       -0.68   -0.464744  0.00116073
       11857       -0.68   -0.464762  0.00116077
       11858       -0.36   -0.464753  0.00116071
       11859       -0.28   -0.464737  0.00116071
       11860       -0.36   -0.464728  0.00116065
       11861       -0.52   -0.464733  0.00116056
       11862       -0.36   -0.464724   0.0011605
       11863       -0.44   -0.464722   0.0011604
       11864       -0.36   -0.464713  0.00116034
       11865       -0.44   -0.464711  0.00116024
       11866       -0.44   -0.464709  0.00116014
       11867       -0.52   -0.464714  0.00116006
       11868       -0.44   -0.464712  0.00115996
       11869       -0.36   -0.464703   0.0011599
       11870       -0.52   -0.464708  0.00115981
       11871       -0.44   -0.464706  0.00115971
       11872        -0.6   -0.464717  0.00115967
       11873       -0.36   -0.464708  0.00115961
       11874        -0.2   -0.464686  0.00115972
       11875       -0.36   -0.464677  0.00115966
       11876        -0.6   -0.464688  0.00115962
       11877        -0.6     -0.4647  0.00115958
       11878       -0.36   -0.464691  0.00115951
       11879        -0.6   -0.464702  0.00115947
       11880       -0.52   -0.464707  0.00115938
       11881       -0.44   -0.464705  0.00115929
       11882       -0.52    -0.46471   0.0011592
       11883        -0.6   -0.464721  0.00115916
       11884       -0.52   -0.464726  0.00115907
       11885        -0.6   -0.464737  0.00115903
       11886       -0.36   -0.464728  0.00115896
       11887       -0.36   -0.464719   0.0011589
       11888       -0.28   -0.464704   0.0011589
       11889       -0.44   -0.464702  0.00115881
       11890       -0.36   -0.464693  0.00115875
       11891       -0.52   -0.464698  0.00115866
       11892       -0.52   -0.464702  0.00115857
       11893       -0.36   -0.464694   0.0011585
       11894       -0.52   -0.464698  0.00115842
       11895        -0.6    -0.46471  0.00115838
       11896       -0.36   -0.464701  0.00115831
       11897       -0.12   -0.464672  0.00115858
       11898       -0.44    -0.46467  0.00115848
       11899       -0.52   -0.464674  0.00115839
       11900       -0.44   -0.464672   0.0011583
       11901       -0.28   -0.464657   0.0011583
       11902        -0.6   -0.464668  0.00115826
       11903       -0.44   -0.464666  0.00115817
       11904       -0.68   -0.464684  0.00115821
       11905        -0.6   -0.464696  0.00115817
       11906       -0.44   -0.464693  0.00115807
       11907       -0.52   -0.464698  0.00115799
       11908       -0.68   -0.464716  0.00115803
       11909       -0.44   -0.464714  0.00115793
       11910       -0.36   -0.464705  0.00115787
       11911       -0.44   -0.464703  0.00115778
       11912       -0.52   -0.464708  0.00115769
       11913       -0.44   -0.464706  0.00115759
       11914       -0.36   -0.464697  0.00115753
       11915        -0.6   -0.464708  0.00115749
       11916       -0.36     -0.4647  0.00115742
       11917       -0.44   -0.464697  0.00115733
       11918       -0.52   -0.464702  0.00115724
       11919       -0.36   -0.464693  0.00115718
       11920       -0.44   -0.464691  0.00115708
       11921       -0.44   -0.464689  0.00115699
       11922       -0.12    -0.46466  0.00115725
       11923       -0.28   -0.464645  0.00115726
       11924       -0.12   -0.464616  0.00115752
       11925       -0.52   -0.464621  0.00115743
       11926        -0.6   -0.464632  0.00115739
       11927        -0.6   -0.464643  0.00115735
       11928       -0.52   -0.464648  0.00115726
       11929       -0.44   -0.464646  0.00115717
       11930       -0.52    -0.46465  0.00115708
       11931       -0.28   -0.464635  0.00115709
       11932       -0.68   -0.464653  0.00115713
       11933       -0.36   -0.464644  0.00115707
       11934        -0.2   -0.464622  0.00115718
       11935       -0.36   -0.464613  0.00115712
       11936       -0.36   -0.464605  0.00115705
       11937       -0.44   -0.464602  0.00115696
       11938       -0.52   -0.464607  0.00115687
       11939       -0.36   -0.464598  0.00115681
       11940       -0.28   -0.464583  0.00115681
       11941       -0.36   -0.464574  0.00115675
       11942       -0.44   -0.464572  0.00115666
       11943       -0.12   -0.464543  0.00115692
       11944       -0.44   -0.464541  0.00115682
       11945       -0.52   -0.464546  0.00115674
       11946       -0.36   -0.464537  0.00115667
       11947       -0.28   -0.464522  0.00115668
       11948       -0.44    -0.46452  0.00115658
       11949       -0.28   -0.464504  0.00115659
       11950       -0.36   -0.464495  0.00115653
       11951       -0.52     -0.4645  0.00115644
       11952       -0.52   -0.464505  0.00115635
       11953       -0.44   -0.464503  0.00115626
       11954       -0.44   -0.464501  0.00115616
       11955       -0.44   -0.464499  0.00115607
       11956       -0.52   -0.464503  0.00115598
       11957       -0.28   -0.464488  0.00115598
       11958       -0.44   -0.464486  0.00115589
       11959       -0.52    -0.46449   0.0011558
       11960       -0.44   -0.464488  0.00115571
       11961        -0.6     -0.4645  0.00115567
       11962        -0.6   -0.464511  0.00115563
       11963       -0.44   -0.464509  0.00115553
       11964        -0.6    -0.46452  0.00115549
       11965       -0.36   -0.464511  0.00115543
       11966       -0.36   -0.464503  0.00115536
       11967       -0.52   -0.464507  0.00115528
       11968        -0.6   -0.464519  0.00115523
       11969       -0.36    -0.46451  0.00115517
       11970       -0.36   -0.464501  0.00115511
       11971       -0.44   -0.464499  0.00115501
       11972       -0.52   -0.464504  0.00115493
       11973        -0.6   -0.464515  0.00115488
       11974       -0.52    -0.46452   0.0011548
       11975        -0.6   -0.464531  0.00115476
       11976       -0.36   -0.464522  0.00115469
       11977        -0.6   -0.464534  0.00115465
       11978       -0.44   -0.464532  0.00115456
       11979        -0.2    -0.46451  0.00115467
       11980       -0.36   -0.464501  0.00115461
       11981       -0.44   -0.464499  0.00115451
       11982       -0.52   -0.464503  0.00115443
       11983       -0.36   -0.464495  0.00115436
       11984       -0.44   -0.464493  0.00115427
       11985       -0.36   -0.464484  0.00115421
       11986       -0.52   -0.464489  0.00115412
       11987       -0.68   -0.464507  0.00115416
       11988       -0.52   -0.464511  0.00115408
       11989       -0.52   -0.464516  0.00115399
       11990        -0.2   -0.464494   0.0011541
       11991        -0.6   -0.464505  0.00115406
       11992       -0.52    -0.46451  0.00115398
       11993        -0.6   -0.464521  0.00115393
       11994       -0.52   -0.464526  0.00115385
       11995       -0.52    -0.46453  0.00115376
       11996       -0.52   -0.464535  0.00115367
       11997        -0.2   -0.464513  0.00115379
       11998       -0.52   -0.464517   0.0011537
       11999       -0.52   -0.464522  0.00115361
       12000       -0.36   -0.464513  0.00115355
       12001       -0.36   -0.464505  0.00115349
       12002        -0.2   -0.464483   0.0011536
       12003        -0.2   -0.464461  0.00115372
       12004       -0.44   -0.464459  0.00115362
       12005       -0.52   -0.464463  0.00115354
       12006       -0.52   -0.464468  0.00115345
       12007       -0.44   -0.464466  0.00115335
       12008       -0.52    -0.46447  0.00115327
       12009       -0.44   -0.464468  0.00115317
       12010       -0.36    -0.46446  0.00115311
       12011        -0.6   -0.464471  0.00115307
       12012       -0.44   -0.464469  0.00115298
       12013       -0.52   -0.464473  0.00115289
       12014       -0.44   -0.464471  0.00115279
       12015       -0.52   -0.464476  0.00115271
       12016        -0.6   -0.464487  0.00115267
       12017       -0.52   -0.464492  0.00115258
       12018       -0.36   -0.464483  0.00115252
       12019       -0.44   -0.464481  0.00115242
       12020        -0.6   -0.464493  0.00115238
       12021       -0.52   -0.464497   0.0011523
       12022       -0.44   -0.464495   0.0011522
       12023       -0.44   -0.464493  0.00115211
       12024       -0.52   -0.464498  0.00115202
       12025        -0.6   -0.464509  0.00115198
       12026       -0.44   -0.464507  0.00115189
       12027       -0.36   -0.464498  0.00115182
       12028       -0.52   -0.464503  0.00115174
       12029       -0.52   -0.464507  0.00115165
       12030       -0.36   -0.464499  0.00115159
       12031       -0.52   -0.464503   0.0011515
       12032       -0.44   -0.464501  0.00115141
       12033        -0.6   -0.464513  0.00115137
       12034        -0.6   -0.464524  0.00115133
       12035       -0.52   -0.464528  0.00115124
       12036       -0.44   -0.464526  0.00115115
       12037       -0.52   -0.464531  0.00115106
       12038       -0.28   -0.464516  0.00115107
       12039        -0.6   -0.464527  0.00115102
       12040        -0.2   -0.464505  0.00115114
       12041       -0.36   -0.464496  0.00115108
       12042       -0.36   -0.464488  0.00115101
       12043       -0.52   -0.464492  0.00115093
       12044        -0.6   -0.464503  0.00115089
       12045       -0.44   -0.464501  0.00115079
       12046       -0.52   -0.464506  0.00115071
       12047        -0.6   -0.464517  0.00115067
       12048       -0.52   -0.464522  0.00115058
       12049       -0.36   -0.464513  0.00115052
       12050       -0.36   -0.464505  0.00115045
       12051       -0.52   -0.464509  0.00115037
       12052       -0.44   -0.464507  0.00115027
       12053       -0.52   -0.464512  0.00115019
       12054       -0.28   -0.464496  0.00115019
       12055       -0.52   -0.464501  0.00115011
       12056       -0.44   -0.464499  0.00115001
       12057       -0.28   -0.464484  0.00115002
       12058       -0.52   -0.464488  0.00114993
       12059       -0.28   -0.464473  0.00114994
       12060       -0.44   -0.464471  0.00114985
       12061        -0.6   -0.464482  0.00114981
       12062       -0.44    -0.46448  0.00114971
       12063       -0.44   -0.464478  0.00114962
       12064       -0.44   -0.464476  0.00114953
       12065       -0.52   -0.464481  0.00114944
       12066       -0.44   -0.464479  0.00114935
       12067       -0.28   -0.464463  0.00114935
       12068       -0.36   -0.464455  0.00114929
       12069       -0.28   -0.464439   0.0011493
       12070        -0.6   -0.464451  0.00114926
       12071       -0.44   -0.464449  0.00114916
       12072       -0.28   -0.464433  0.00114917
       12073        -0.6   -0.464445  0.00114913
       12074        -0.6   -0.464456  0.00114909
       12075        -0.6   -0.464467  0.00114905
       12076       -0.28   -0.464452  0.00114906
       12077       -0.44    -0.46445  0.00114896
       12078       -0.52   -0.464454  0.00114888
       12079       -0.52   -0.464459  0.00114879
       12080       -0.68   -0.464477  0.00114883
       12081       -0.44   -0.464475  0.00114874
       12082       -0.12   -0.464446    0.001149
       12083       -0.28   -0.464431  0.00114901
       12084        -0.6   -0.464442  0.00114896
       12085       -0.44    -0.46444  0.00114887
       12086       -0.44   -0.464438  0.00114878
       12087       -0.44   -0.464436  0.00114868
       12088       -0.44   -0.464434  0.00114859
       12089       -0.28   -0.464419   0.0011486
       12090       -0.44   -0.464417   0.0011485
       12091       -0.52   -0.464421  0.00114842
       12092       -0.28   -0.464406  0.00114843
       12093        -0.2   -0.464384  0.00114854
       12094       -0.44   -0.464382  0.00114845
       12095       -0.36   -0.464374  0.00114838
       12096       -0.28   -0.464358  0.00114839
       12097       -0.44   -0.464356   0.0011483
       12098       -0.44   -0.464354   0.0011482
       12099        -0.6   -0.464366  0.00114816
       12100       -0.76    -0.46439  0.00114833
       12101        -0.6   -0.464401  0.00114829
       12102       -0.68   -0.464419  0.00114833
       12103        -0.6    -0.46443  0.00114829
       12104       -0.28   -0.464415   0.0011483
       12105       -0.28     -0.4644   0.0011483
       12106       -0.28   -0.464385  0.00114831
       12107       -0.36   -0.464376  0.00114825
       12108       -0.28   -0.464361  0.00114825
       12109       -0.44   -0.464359  0.00114816
       12110       -0.52   -0.464363  0.00114807
       12111        -0.6   -0.464375  0.00114803
       12112       -0.68   -0.464392  0.00114808
       12113       -0.52   -0.464397  0.00114799
       12114       -0.44   -0.464395   0.0011479
       12115        -0.6   -0.464406  0.00114786
       12116        -0.6   -0.464417  0.00114782
       12117        -0.6   -0.464428  0.00114778
       12118       -0.76   -0.464453  0.00114794
       12119       -0.36   -0.464444  0.00114788
       12120       -0.44   -0.464442  0.00114779
       12121       -0.68    -0.46446  0.00114783
       12122       -0.52   -0.464465  0.00114774
       12123       -0.36   -0.464456  0.00114768
       12124       -0.52   -0.464461   0.0011476
       12125        -0.2   -0.464439  0.00114771
       12126       -0.36    -0.46443  0.00114765
       12127       -0.44   -0.464428  0.00114755
       12128        -0.6   -0.464439  0.00114751
       12129       -0.52   -0.464444  0.00114743
       12130       -0.44   -0.464442  0.00114734
       12131       -0.36   -0.464433  0.00114727
       12132       -0.28   -0.464418  0.00114728
       12133       -0.44   -0.464416  0.00114719
       12134       -0.44   -0.464414  0.00114709
       12135       -0.52   -0.464419  0.00114701
       12136        -0.6    -0.46443  0.00114697
       12137       -0.36   -0.464421  0.00114691
       12138       -0.28   -0.464406  0.00114691
       12139       -0.44   -0.464404  0.00114682
       12140       -0.44   -0.464402  0.00114673
       12141       -0.44     -0.4644  0.00114663
       12142       -0.52   -0.464405  0.00114655
       12143        -0.6   -0.464416  0.00114651
       12144       -0.52    -0.46442  0.00114642
       12145       -0.36   -0.464412  0.00114636
       12146        -0.6   -0.464423  0.00114632
       12147       -0.36   -0.464414  0.00114626
       12148       -0.52   -0.464419  0.00114617
       12149       -0.52   -0.464423  0.00114609
       12150       -0.36   -0.464415  0.00114603
       12151       -0.44   -0.464413  0.00114593
       12152       -0.44   -0.464411  0.00114584
       12153       -0.28   -0.464396  0.00114585
       12154       -0.44   -0.464394  0.00114576
       12155       -0.36   -0.464385  0.00114569
       12156       -0.44   -0.464383   0.0011456
       12157       -0.52   -0.464388  0.00114552
       12158       -0.52   -0.464392  0.00114543
       12159       -0.44    -0.46439  0.00114534
       12160       -0.52   -0.464395  0.00114525
       12161       -0.44   -0.464393  0.00114516
       12162       -0.44   -0.464391  0.00114507
       12163        -0.6   -0.464402  0.00114503
       12164       -0.44     -0.4644  0.00114494
       12165       -0.44   -0.464398  0.00114484
       12166       -0.28   -0.464383  0.00114485
       12167       -0.36   -0.464374  0.00114479
       12168       -0.44   -0.464372   0.0011447
       12169        -0.6   -0.464383  0.00114466
       12170       -0.36   -0.464375  0.00114459
       12171       -0.36   -0.464366  0.00114453
       12172       -0.52   -0.464371  0.00114445
       12173       -0.44   -0.464369  0.00114435
       12174       -0.52   -0.464373  0.00114427
       12175       -0.36   -0.464365  0.00114421
       12176       -0.36   -0.464356  0.00114415
       12177       -0.36   -0.464348  0.00114408
       12178       -0.44   -0.464346  0.00114399
       12179       -0.36   -0.464337  0.00114393
       12180       -0.44   -0.464335  0.00114384
       12181       -0.44   -0.464333  0.00114375
       12182       -0.36   -0.464324  0.00114368
       12183       -0.36   -0.464316  0.00114362
       12184       -0.44   -0.464314  0.00114353
       12185       -0.52   -0.464318  0.00114345
       12186       -0.36    -0.46431  0.00114338
       12187       -0.36   -0.464301  0.00114332
       12188       -0.52   -0.464306  0.00114324
       12189       -0.44   -0.464304  0.00114314
       12190       -0.44   -0.464302  0.00114305
       12191       -0.44     -0.4643  0.00114296
       12192       -0.68   -0.464318    0.001143
       12193       -0.52   -0.464322  0.00114292
       12194       -0.44    -0.46432  0.00114283
       12195       -0.36   -0.464312  0.00114277
       12196       -0.44    -0.46431  0.00114267
       12197       -0.44   -0.464308  0.00114258
       12198       -0.36   -0.464299  0.00114252
       12199       -0.44   -0.464297  0.00114243
       12200       -0.36   -0.464289  0.00114237
       12201        -0.6     -0.4643  0.00114233
       12202        -0.6   -0.464311  0.00114229
       12203       -0.68   -0.464328  0.00114233
       12204       -0.52   -0.464333  0.00114225
       12205       -0.52   -0.464338  0.00114216
       12206       -0.36   -0.464329   0.0011421
       12207       -0.68   -0.464347  0.00114214
       12208       -0.52   -0.464351  0.00114206
       12209       -0.52   -0.464356  0.00114197
       12210       -0.44   -0.464354  0.00114188
       12211       -0.68   -0.464371  0.00114193
       12212       -0.68   -0.464389  0.00114197
       12213       -0.44   -0.464387  0.00114188
       12214       -0.36   -0.464379  0.00114182
       12215       -0.52   -0.464383  0.00114173
       12216       -0.28   -0.464368  0.00114174
       12217       -0.52   -0.464373  0.00114165
       12218       -0.68    -0.46439   0.0011417
       12219       -0.68   -0.464408  0.00114174
       12220        -0.6   -0.464419   0.0011417
       12221        -0.6    -0.46443  0.00114166
       12222       -0.36   -0.464422   0.0011416
       12223       -0.44    -0.46442  0.00114151
       12224       -0.28   -0.464404  0.00114151
       12225       -0.52   -0.464409  0.00114143
       12226        -0.6    -0.46442  0.00114139
       12227       -0.44   -0.464418   0.0011413
       12228       -0.44   -0.464416  0.00114121
       12229       -0.44   -0.464414  0.00114111
       12230       -0.52   -0.464419  0.00114103
       12231        -0.6    -0.46443  0.00114099
       12232        -0.6   -0.464441  0.00114095
       12233       -0.36   -0.464432  0.00114089
       12234       -0.36   -0.464424  0.00114083
       12235       -0.52   -0.464428  0.00114074
       12236       -0.44   -0.464426  0.00114065
       12237       -0.44   -0.464424  0.00114056
       12238        -0.6   -0.464435  0.00114052
       12239       -0.44   -0.464433  0.00114043
       12240       -0.36   -0.464425  0.00114037
       12241        -0.6   -0.464436  0.00114033
       12242       -0.44   -0.464434  0.00114024
       12243       -0.52   -0.464438  0.00114015
       12244       -0.68   -0.464456   0.0011402
       12245       -0.44   -0.464454  0.00114011
       12246       -0.36   -0.464446  0.00114004
       12247       -0.36   -0.464437  0.00113998
       12248       -0.68   -0.464455  0.00114003
       12249       -0.36   -0.464446  0.00113997
       12250        -0.6   -0.464457  0.00113993
       12251       -0.36   -0.464449  0.00113986
       12252       -0.36    -0.46444   0.0011398
       12253       -0.52   -0.464445  0.00113972
       12254       -0.36   -0.464436  0.00113966
       12255       -0.36   -0.464428   0.0011396
       12256       -0.44   -0.464426  0.00113951
       12257       -0.68   -0.464443  0.00113955
       12258       -0.84   -0.464474  0.00113987
       12259       -0.44   -0.464472  0.00113978
       12260       -0.44    -0.46447  0.00113969
       12261       -0.44   -0.464468  0.00113959
       12262       -0.44   -0.464466   0.0011395
       12263       -0.44   -0.464464  0.00113941
       12264       -0.36   -0.464455  0.00113935
       12265       -0.44   -0.464453  0.00113926
       12266        -0.6   -0.464464  0.00113922
       12267       -0.44   -0.464462  0.00113913
       12268       -0.52   -0.464467  0.00113905
       12269        -0.6   -0.464478  0.00113901
       12270        -0.6   -0.464489  0.00113897
       12271       -0.52   -0.464494  0.00113888
       12272       -0.52   -0.464498   0.0011388
       12273        -0.6   -0.464509  0.00113876
       12274        -0.6    -0.46452  0.00113872
       12275        -0.6   -0.464531  0.00113868
       12276        -0.6   -0.464542  0.00113864
       12277       -0.44    -0.46454  0.00113855
       12278       -0.44   -0.464538  0.00113846
       12279       -0.36    -0.46453   0.0011384
       12280        -0.6   -0.464541  0.00113836
       12281       -0.28   -0.464526  0.00113837
       12282       -0.28   -0.464511  0.00113837
       12283       -0.52   -0.464515  0.00113829
       12284       -0.52    -0.46452  0.00113821
       12285       -0.52   -0.464524  0.00113812
       12286       -0.52   -0.464529  0.00113804
       12287       -0.44   -0.464527  0.00113795
       12288       -0.44   -0.464525  0.00113786
       12289       -0.52   -0.464529  0.00113777
       12290        -0.2   -0.464508  0.00113788
       12291       -0.28   -0.464493  0.00113789
       12292       -0.28   -0.464478   0.0011379
       12293        -0.2   -0.464456  0.00113801
       12294       -0.36   -0.464448  0.00113795
       12295       -0.28   -0.464433  0.00113795
       12296       -0.28   -0.464418  0.00113796
       12297       -0.44   -0.464416  0.00113787
       12298       -0.28   -0.464401  0.00113787
       12299       -0.44   -0.464399  0.00113778
       12300       -0.52   -0.464403   0.0011377
       12301        -0.6   -0.464414  0.00113766
       12302        -0.6   -0.464425  0.00113762
       12303       -0.44   -0.464423  0.00113753
       12304       -0.44   -0.464421  0.00113744
       12305       -0.76   -0.464445   0.0011376
       12306       -0.52    -0.46445  0.00113752
       12307       -0.44   -0.464448  0.00113743
       12308       -0.36   -0.464439  0.00113737
       12309       -0.52   -0.464444  0.00113728
       12310       -0.36   -0.464435  0.00113722
       12311       -0.36   -0.464427  0.00113716
       12312        -0.6   -0.464438  0.00113712
       12313       -0.52   -0.464442  0.00113704
       12314       -0.52   -0.464447  0.00113696
       12315        -0.6   -0.464458  0.00113692
       12316       -0.52   -0.464462  0.00113683
       12317       -0.52   -0.464467  0.00113675
       12318       -0.52   -0.464472  0.00113667
       12319       -0.36   -0.464463  0.00113661
       12320       -0.28   -0.464448  0.00113661
       12321       -0.52   -0.464453  0.00113653
       12322       -0.44   -0.464451  0.00113644
       12323        -0.6   -0.464462   0.0011364
       12324       -0.52   -0.464466  0.00113632
       12325       -0.52   -0.464471  0.00113623
       12326       -0.44   -0.464469  0.00113614
       12327       -0.36    -0.46446  0.00113608
       12328       -0.44   -0.464458  0.00113599
       12329       -0.52   -0.464463  0.00113591
       12330       -0.36   -0.464454  0.00113585
       12331       -0.44   -0.464452  0.00113576
       12332       -0.44    -0.46445  0.00113567
       12333       -0.36   -0.464442  0.00113561
       12334       -0.68   -0.464459  0.00113565
       12335       -0.12   -0.464431   0.0011359
       12336       -0.44   -0.464429  0.00113581
       12337        -0.6    -0.46444  0.00113577
       12338        -0.6   -0.464451  0.00113573
       12339       -0.44   -0.464449  0.00113564
       12340       -0.44   -0.464447  0.00113555
       12341       -0.52   -0.464452  0.00113547
       12342       -0.44    -0.46445  0.00113538
       12343        -0.6   -0.464461  0.00113534
       12344       -0.44   -0.464459  0.00113525
       12345       -0.52   -0.464463  0.00113517
       12346       -0.52   -0.464468  0.00113508
       12347       -0.52   -0.464472    0.001135
       12348        -0.6   -0.464483  0.00113496
       12349        -0.6   -0.464494  0.00113492
       12350       -0.44   -0.464492  0.00113483
       12351       -0.44    -0.46449  0.00113474
       12352       -0.44   -0.464488  0.00113465
       12353        -0.2   -0.464467  0.00113476
       12354       -0.36   -0.464458   0.0011347
       12355        -0.6   -0.464469  0.00113466
       12356       -0.44   -0.464467  0.00113457
       12357       -0.28   -0.464453  0.00113458
       12358       -0.28   -0.464438  0.00113459
       12359        -0.6   -0.464449  0.00113455
       12360        -0.6    -0.46446  0.00113451
       12361       -0.52   -0.464464  0.00113442
       12362       -0.44   -0.464462  0.00113433
       12363       -0.36   -0.464454  0.00113427
       12364        -0.6   -0.464465  0.00113424
       12365       -0.52   -0.464469  0.00113415
       12366       -0.44   -0.464467  0.00113406
       12367       -0.36   -0.464459    0.001134
       12368       -0.44   -0.464457  0.00113391
       12369       -0.52   -0.464461  0.00113383
       12370       -0.68   -0.464479  0.00113387
       12371       -0.68   -0.464496  0.00113391
       12372        -0.2   -0.464475  0.00113402
       12373       -0.52   -0.464479  0.00113394
       12374       -0.44   -0.464477  0.00113385
       12375       -0.44   -0.464475  0.00113376
       12376        -0.6   -0.464486  0.00113372
       12377       -0.28   -0.464471  0.00113373
       12378       -0.28   -0.464456  0.00113374
       12379       -0.44   -0.464454  0.00113365
       12380       -0.44   -0.464452  0.00113356
       12381       -0.44    -0.46445  0.00113347
       12382       -0.44   -0.464448  0.00113338
       12383       -0.36    -0.46444  0.00113332
       12384       -0.28   -0.464425  0.00113332
       12385        -0.2   -0.464404  0.00113343
       12386        -0.2   -0.464382  0.00113354
       12387       -0.36   -0.464374  0.00113348
       12388       -0.52   -0.464378   0.0011334
       12389       -0.44   -0.464376  0.00113331
       12390       -0.36   -0.464368  0.00113325
       12391       -0.52   -0.464373  0.00113317
       12392       -0.28   -0.464358  0.00113317
       12393       -0.36   -0.464349  0.00113311
       12394       -0.36   -0.464341  0.00113305
       12395       -0.36   -0.464332  0.00113299
       12396        -0.6   -0.464343  0.00113295
       12397       -0.44   -0.464341  0.00113286
       12398        -0.6   -0.464352  0.00113283
       12399       -0.52   -0.464357  0.00113274
       12400       -0.52   -0.464361  0.00113266
       12401        -0.6   -0.464372  0.00113262
       12402       -0.28   -0.464357  0.00113263
       12403       -0.44   -0.464355  0.00113254
       12404        -0.6   -0.464366   0.0011325
       12405       -0.44   -0.464364  0.00113241
       12406       -0.36   -0.464356  0.00113235
       12407       -0.52    -0.46436  0.00113227
       12408       -0.36   -0.464352  0.00113221
       12409       -0.44    -0.46435  0.00113212
       12410       -0.36   -0.464342  0.00113206
       12411       -0.28   -0.464327  0.00113206
       12412       -0.44   -0.464325  0.00113198
       12413       -0.52   -0.464329  0.00113189
       12414       -0.44   -0.464327   0.0011318
       12415        -0.2   -0.464306  0.00113191
       12416       -0.52   -0.464311  0.00113183
       12417       -0.36   -0.464302  0.00113177
       12418       -0.44     -0.4643  0.00113168
       12419       -0.52   -0.464305   0.0011316
       12420       -0.44   -0.464303  0.00113151
       12421       -0.12   -0.464275  0.00113176
       12422       -0.36   -0.464267   0.0011317
       12423        -0.6   -0.464278  0.00113166
       12424        -0.6   -0.464288  0.00113162
       12425       -0.44   -0.464287  0.00113153
       12426       -0.52   -0.464291  0.00113145
       12427       -0.28   -0.464276  0.00113146
       12428       -0.44   -0.464274  0.00113137
       12429       -0.52   -0.464279  0.00113128
       12430        -0.6    -0.46429  0.00113125
       12431        -0.2   -0.464268  0.00113135
       12432       -0.52   -0.464273  0.00113127
       12433        -0.6   -0.464284  0.00113123
       12434       -0.52   -0.464288  0.00113115
       12435       -0.44   -0.464286  0.00113106
       12436        -0.6   -0.464297  0.00113102
       12437       -0.44   -0.464295  0.00113093
       12438       -0.44   -0.464293  0.00113085
       12439       -0.44   -0.464291  0.00113076
       12440       -0.44   -0.464289  0.00113067
       12441       -0.28   -0.464275  0.00113067
       12442       -0.44   -0.464273  0.00113058
       12443       -0.52   -0.464277   0.0011305
       12444       -0.52   -0.464282  0.00113042
       12445       -0.36   -0.464273  0.00113036
       12446       -0.36   -0.464265   0.0011303
       12447       -0.36   -0.464256  0.00113024
       12448       -0.28   -0.464242  0.00113025
       12449       -0.36   -0.464233  0.00113019
       12450       -0.44   -0.464231   0.0011301
       12451       -0.44   -0.464229  0.00113001
       12452       -0.52   -0.464234  0.00112993
       12453       -0.36   -0.464225  0.00112987
       12454       -0.68   -0.464243  0.00112991
       12455       -0.52   -0.464247  0.00112983
       12456       -0.44   -0.464245  0.00112974
       12457       -0.52    -0.46425  0.00112966
       12458       -0.52   -0.464254  0.00112958
       12459       -0.68   -0.464272  0.00112962
       12460       -0.44    -0.46427  0.00112953
       12461       -0.44   -0.464268  0.00112944
       12462       -0.52   -0.464272  0.00112936
       12463       -0.28   -0.464257  0.00112936
       12464       -0.28   -0.464243  0.00112937
       12465       -0.44   -0.464241  0.00112928
       12466       -0.52   -0.464245   0.0011292
       12467       -0.44   -0.464243  0.00112911
       12468       -0.44   -0.464241  0.00112902
       12469       -0.36   -0.464233  0.00112896
       12470       -0.36   -0.464225   0.0011289
       12471        -0.6   -0.464235  0.00112886
       12472       -0.36   -0.464227   0.0011288
       12473        -0.6   -0.464238  0.00112877
       12474       -0.36    -0.46423  0.00112871
       12475       -0.52   -0.464234  0.00112863
       12476       -0.52   -0.464239  0.00112854
       12477       -0.36    -0.46423  0.00112848
       12478       -0.44   -0.464228   0.0011284
       12479       -0.36    -0.46422  0.00112834
       12480       -0.44   -0.464218  0.00112825
       12481       -0.36    -0.46421  0.00112819
       12482       -0.36   -0.464201  0.00112813
       12483       -0.68   -0.464219  0.00112817
       12484        -0.6   -0.464229  0.00112813
       12485       -0.52   -0.464234  0.00112805
       12486        -0.6   -0.464245  0.00112801
       12487       -0.44   -0.464243  0.00112792
       12488        -0.2   -0.464222  0.00112803
       12489       -0.52   -0.464226  0.00112795
       12490       -0.36   -0.464218  0.00112789
       12491        -0.2   -0.464197    0.001128
       12492       -0.52   -0.464201  0.00112792
       12493       -0.44   -0.464199  0.00112783
       12494       -0.44   -0.464197  0.00112774
       12495        -0.2   -0.464176  0.00112785
       12496       -0.52   -0.464181  0.00112777
       12497       -0.44   -0.464179  0.00112768
       12498       -0.36    -0.46417  0.00112762
       12499       -0.36   -0.464162  0.00112756
       12500       -0.44    -0.46416  0.00112747
       12501       -0.52   -0.464164  0.00112739
       12502       -0.36   -0.464156  0.00112733
       12503       -0.52   -0.464161  0.00112725
       12504       -0.76   -0.464184  0.00112741
       12505       -0.52   -0.464189  0.00112733
       12506       -0.36    -0.46418  0.00112727
       12507       -0.28   -0.464166  0.00112727
       12508       -0.28   -0.464151  0.00112728
       12509       -0.28   -0.464136  0.00112728
       12510       -0.28   -0.464122  0.00112729
       12511        -0.6   -0.464132  0.00112725
       12512       -0.44    -0.46413  0.00112716
       12513       -0.44   -0.464129  0.00112708
       12514       -0.52   -0.464133  0.00112699
       12515        -0.6   -0.464144  0.00112696
       12516       -0.52   -0.464148  0.00112688
       12517       -0.68   -0.464166  0.00112692
       12518       -0.52    -0.46417  0.00112684
       12519       -0.44   -0.464168  0.00112675
       12520       -0.68   -0.464185  0.00112679
       12521       -0.44   -0.464183   0.0011267
       12522       -0.44   -0.464181  0.00112661
       12523       -0.36   -0.464173  0.00112655
       12524       -0.44   -0.464171  0.00112647
       12525       -0.44   -0.464169  0.00112638
       12526       -0.28   -0.464155  0.00112638
       12527       -0.52   -0.464159   0.0011263
       12528       -0.44   -0.464157  0.00112621
       12529       -0.44   -0.464155  0.00112613
       12530       -0.52    -0.46416  0.00112605
       12531       -0.36   -0.464151  0.00112599
       12532       -0.52   -0.464156   0.0011259
       12533       -0.52    -0.46416  0.00112582
       12534       -0.28   -0.464146  0.00112583
       12535       -0.44   -0.464144  0.00112574
       12536        -0.6   -0.464154   0.0011257
       12537        -0.6   -0.464165  0.00112567
       12538       -0.44   -0.464163  0.00112558
       12539       -0.36   -0.464155  0.00112552
       12540       -0.44   -0.464153  0.00112543
       12541       -0.28   -0.464138  0.00112544
       12542       -0.44   -0.464137  0.00112535
       12543       -0.68   -0.464154  0.00112539
       12544       -0.68   -0.464171  0.00112543
       12545       -0.44   -0.464169  0.00112534
       12546        -0.6    -0.46418  0.00112531
       12547        -0.6   -0.464191  0.00112527
       12548        -0.6   -0.464201  0.00112523
       12549       -0.68   -0.464219  0.00112527
       12550        -0.6   -0.464229  0.00112524
       12551       -0.44   -0.464228  0.00112515
       12552        -0.6   -0.464238  0.00112511
       12553        -0.6   -0.464249  0.00112507
       12554       -0.52   -0.464254  0.00112499
       12555       -0.36   -0.464245  0.00112493
       12556       -0.44   -0.464243  0.00112484
       12557       -0.36   -0.464235  0.00112479
       12558       -0.44   -0.464233   0.0011247
       12559       -0.44   -0.464231  0.00112461
       12560       -0.28   -0.464217  0.00112462
       12561       -0.28   -0.464202  0.00112462
       12562       -0.36   -0.464194  0.00112456
       12563        -0.2   -0.464173  0.00112467
       12564        -0.6   -0.464183  0.00112463
       12565       -0.52   -0.464188  0.00112455
       12566       -0.52   -0.464192  0.00112447
       12567       -0.44    -0.46419  0.00112438
       12568        -0.6   -0.464201  0.00112435
       12569       -0.44   -0.464199  0.00112426
       12570       -0.44   -0.464197  0.00112417
       12571       -0.28   -0.464183  0.00112418
       12572       -0.44   -0.464181  0.00112409
       12573       -0.36   -0.464172  0.00112403
       12574       -0.44   -0.464171  0.00112394
       12575       -0.36   -0.464162  0.00112388
       12576       -0.28   -0.464148  0.00112389
       12577       -0.28   -0.464133   0.0011239
       12578       -0.28   -0.464118   0.0011239
       12579       -0.44   -0.464116  0.00112381
       12580       -0.28   -0.464102  0.00112382
       12581       -0.44     -0.4641  0.00112373
       12582       -0.04   -0.464066  0.00112415
       12583       -0.44   -0.464064  0.00112406
       12584       -0.36   -0.464056    0.001124
       12585       -0.12   -0.464029  0.00112424
       12586       -0.52   -0.464033  0.00112416
       12587        -0.6   -0.464044  0.00112413
       12588       -0.44   -0.464042  0.00112404
       12589       -0.28   -0.464027  0.00112404
       12590        -0.6   -0.464038  0.00112401
       12591       -0.52   -0.464043  0.00112393
       12592       -0.44   -0.464041  0.00112384
       12593        -0.6   -0.464051   0.0011238
       12594       -0.68   -0.464069  0.00112384
       12595       -0.52   -0.464073  0.00112376
       12596       -0.36   -0.464065   0.0011237
       12597       -0.52   -0.464069  0.00112362
       12598       -0.28   -0.464055  0.00112363
       12599       -0.44   -0.464053  0.00112354
       12600       -0.52   -0.464057  0.00112346
       12601       -0.28   -0.464043  0.00112347
       12602       -0.52   -0.464047  0.00112339
       12603       -0.44   -0.464045   0.0011233
       12604       -0.52    -0.46405  0.00112322
       12605        -0.6    -0.46406  0.00112318
       12606       -0.44   -0.464058  0.00112309
       12607        -0.6   -0.464069  0.00112306
       12608       -0.36   -0.464061    0.001123
       12609       -0.52   -0.464065  0.00112292
       12610        -0.6   -0.464076  0.00112288
       12611       -0.52   -0.464081   0.0011228
       12612       -0.36   -0.464072  0.00112274
       12613       -0.28   -0.464058  0.00112275
       12614       -0.44   -0.464056  0.00112266
       12615       -0.68   -0.464073   0.0011227
       12616       -0.44   -0.464071  0.00112261
       12617       -0.36   -0.464063  0.00112256
       12618        -0.6   -0.464074  0.00112252
       12619       -0.68   -0.464091  0.00112256
       12620       -0.44   -0.464089  0.00112247
       12621       -0.44   -0.464087  0.00112238
       12622       -0.44   -0.464085   0.0011223
       12623       -0.28    -0.46407   0.0011223
       12624       -0.52   -0.464075  0.00112222
       12625        -0.6   -0.464086  0.00112219
       12626       -0.52    -0.46409  0.00112211
       12627       -0.52   -0.464094  0.00112203
       12628       -0.68   -0.464111  0.00112207
       12629       -0.52   -0.464116  0.00112199
       12630       -0.44   -0.464114   0.0011219
       12631        -0.6   -0.464125  0.00112186
       12632        -0.6   -0.464136  0.00112183
       12633       -0.52    -0.46414  0.00112175
       12634       -0.52   -0.464144  0.00112167
       12635       -0.68   -0.464161  0.00112171
       12636       -0.52   -0.464166  0.00112163
       12637       -0.44   -0.464164  0.00112154
       12638       -0.36   -0.464156  0.00112148
       12639       -0.44   -0.464154  0.00112139
       12640       -0.52   -0.464158  0.00112131
       12641       -0.52   -0.464163  0.00112123
       12642       -0.44   -0.464161  0.00112115
       12643       -0.36   -0.464152  0.00112109
       12644       -0.36   -0.464144  0.00112103
       12645       -0.36   -0.464136  0.00112097
       12646       -0.68   -0.464153  0.00112101
       12647       -0.44   -0.464151  0.00112093
       12648       -0.44   -0.464149  0.00112084
       12649       -0.52   -0.464154  0.00112076
       12650       -0.68   -0.464171   0.0011208
       12651       -0.36   -0.464163  0.00112074
       12652       -0.36   -0.464154  0.00112068
       12653       -0.44   -0.464152   0.0011206
       12654       -0.44    -0.46415  0.00112051
       12655       -0.52   -0.464155  0.00112043
       12656       -0.36   -0.464147  0.00112037
       12657        -0.2   -0.464126  0.00112048
       12658       -0.36   -0.464118  0.00112042
       12659       -0.52   -0.464122  0.00112034
       12660       -0.52   -0.464126  0.00112026
       12661       -0.28   -0.464112  0.00112027
       12662       -0.36   -0.464104  0.00112021
       12663       -0.44   -0.464102  0.00112012
       12664       -0.28   -0.464087  0.00112013
       12665        -0.6   -0.464098  0.00112009
       12666       -0.52   -0.464102  0.00112001
       12667       -0.44     -0.4641  0.00111992
       12668        -0.6   -0.464111  0.00111989
       12669        -0.6   -0.464122  0.00111985
       12670        -0.6   -0.464133  0.00111981
       12671       -0.44   -0.464131  0.00111972
       12672       -0.52   -0.464135  0.00111964
       12673       -0.52    -0.46414  0.00111957
       12674       -0.44   -0.464138  0.00111948
       12675       -0.44   -0.464136  0.00111939
       12676       -0.44   -0.464134  0.00111931
       12677       -0.44   -0.464132  0.00111922
       12678       -0.52   -0.464136  0.00111914
       12679        -0.6   -0.464147   0.0011191
       12680       -0.44   -0.464145  0.00111902
       12681        -0.6   -0.464156  0.00111898
       12682       -0.36   -0.464148  0.00111892
       12683       -0.12    -0.46412  0.00111916
       12684        -0.6   -0.464131  0.00111912
       12685       -0.44   -0.464129  0.00111904
       12686       -0.52   -0.464134  0.00111896
       12687       -0.12   -0.464107   0.0011192
       12688       -0.52   -0.464111  0.00111912
       12689       -0.52   -0.464115  0.00111904
       12690       -0.44   -0.464113  0.00111895
       12691        -0.6   -0.464124  0.00111892
       12692       -0.36   -0.464116  0.00111886
       12693       -0.44   -0.464114  0.00111877
       12694       -0.44   -0.464112  0.00111868
       12695       -0.52   -0.464117  0.00111861
       12696       -0.68   -0.464134  0.00111865
       12697       -0.36   -0.464125  0.00111859
       12698       -0.36   -0.464117  0.00111853
       12699       -0.44   -0.464115  0.00111844
       12700        -0.6   -0.464126  0.00111841
       12701       -0.36   -0.464118  0.00111835
       12702       -0.36    -0.46411  0.00111829
       12703       -0.36   -0.464101  0.00111823
       12704       -0.36   -0.464093  0.00111817
       12705       -0.44   -0.464091  0.00111809
       12706       -0.28   -0.464077  0.00111809
       12707       -0.52   -0.464081  0.00111801
       12708       -0.28   -0.464067  0.00111802
       12709       -0.36   -0.464059  0.00111796
       12710        -0.2   -0.464038  0.00111807
       12711       -0.44   -0.464036  0.00111798
       12712       -0.44   -0.464034   0.0011179
       12713        -0.6   -0.464045  0.00111786
       12714       -0.36   -0.464036   0.0011178
       12715       -0.36   -0.464028  0.00111774
       12716       -0.52   -0.464033  0.00111766
       12717       -0.44   -0.464031  0.00111758
       12718       -0.52   -0.464035   0.0011175
       12719       -0.52    -0.46404  0.00111742
       12720       -0.36   -0.464031  0.00111736
       12721       -0.52   -0.464036  0.00111728
       12722       -0.44   -0.464034   0.0011172
       12723       -0.44   -0.464032  0.00111711
       12724       -0.52   -0.464036  0.00111703
       12725        -0.6   -0.464047  0.00111699
       12726       -0.68   -0.464064  0.00111703
       12727       -0.76   -0.464087  0.00111719
       12728       -0.68   -0.464104  0.00111723
       12729       -0.52   -0.464109  0.00111715
       12730       -0.44   -0.464107  0.00111706
       12731        -0.6   -0.464118  0.00111703
       12732        -0.6   -0.464128  0.00111699
       12733        -0.6   -0.464139  0.00111695
       12734       -0.52   -0.464143  0.00111687
       12735       -0.52   -0.464148   0.0011168
       12736        -0.6   -0.464158  0.00111676
       12737        -0.6   -0.464169  0.00111672
       12738       -0.44   -0.464167  0.00111664
       12739       -0.28   -0.464153  0.00111664
       12740        -0.6   -0.464163  0.00111661
       12741       -0.36   -0.464155  0.00111655
       12742       -0.36   -0.464147  0.00111649
       12743       -0.28   -0.464132   0.0011165
       12744        -0.2   -0.464112   0.0011166
       12745        -0.2   -0.464091  0.00111671
       12746        -0.2    -0.46407  0.00111681
       12747        -0.2    -0.46405  0.00111691
       12748       -0.52   -0.464054  0.00111684
       12749       -0.36   -0.464046  0.00111678
       12750        -0.6   -0.464056  0.00111674
       12751       -0.52   -0.464061  0.00111666
       12752        -0.6   -0.464072  0.00111663
       12753        -0.6   -0.464082  0.00111659
       12754       -0.44    -0.46408   0.0011165
       12755       -0.36   -0.464072  0.00111645
       12756       -0.44    -0.46407  0.00111636
       12757       -0.04   -0.464037  0.00111677
       12758       -0.36   -0.464029  0.00111671
       12759       -0.28   -0.464014  0.00111671
       12760       -0.36   -0.464006  0.00111666
       12761       -0.28   -0.463992  0.00111666
       12762       -0.36   -0.463984   0.0011166
       12763       -0.36   -0.463976  0.00111655
       12764       -0.76   -0.463999   0.0011167
       12765       -0.52   -0.464003  0.00111662
       12766       -0.68    -0.46402  0.00111666
       12767       -0.52   -0.464024  0.00111658
       12768       -0.28    -0.46401  0.00111659
       12769       -0.28   -0.463996  0.00111659
       12770       -0.52      -0.464  0.00111652
       12771       -0.68   -0.464017  0.00111656
       12772       -0.76    -0.46404  0.00111671
       12773       -0.52   -0.464044  0.00111663
       12774        -0.6   -0.464055  0.00111659
       12775       -0.28   -0.464041   0.0011166
       12776       -0.52   -0.464045  0.00111652
       12777       -0.36   -0.464037  0.00111646
       12778       -0.44   -0.464035  0.00111638
       12779       -0.44   -0.464033  0.00111629
       12780       -0.44   -0.464031  0.00111621
       12781       -0.36   -0.464023  0.00111615
       12782       -0.04    -0.46399  0.00111655
       12783       -0.44   -0.463988  0.00111647
       12784       -0.28   -0.463974  0.00111647
       12785       -0.36   -0.463966  0.00111641
       12786       -0.36   -0.463957  0.00111636
       12787       -0.44   -0.463956  0.00111627
       12788       -0.44   -0.463954  0.00111619
       12789       -0.52   -0.463958  0.00111611
       12790       -0.36    -0.46395  0.00111605
       12791        -0.6   -0.463961  0.00111601
       12792       -0.28   -0.463946  0.00111602
       12793       -0.36   -0.463938  0.00111596
       12794       -0.36    -0.46393   0.0011159
       12795       -0.36   -0.463922  0.00111585
       12796       -0.52   -0.463926  0.00111577
       12797       -0.36   -0.463918  0.00111571
       12798       -0.28   -0.463904  0.00111571
       12799       -0.12   -0.463877  0.00111595
       12800       -0.28   -0.463863  0.00111596
       12801        -0.6   -0.463873  0.00111592
       12802       -0.44   -0.463871  0.00111583
       12803       -0.28   -0.463857  0.00111584
       12804       -0.12    -0.46383  0.00111608
       12805       -0.52   -0.463834    0.001116
       12806       -0.52   -0.463839  0.00111592
       12807        -0.6   -0.463849  0.00111588
       12808        -0.6    -0.46386  0.00111585
       12809       -0.28   -0.463846  0.00111585
       12810       -0.44   -0.463844  0.00111576
       12811        -0.6   -0.463855  0.00111573
       12812       -0.28    -0.46384  0.00111573
       12813       -0.44   -0.463838  0.00111565
       12814       -0.52   -0.463843  0.00111557
       12815       -0.36   -0.463835  0.00111551
       12816       -0.44   -0.463833  0.00111543
       12817       -0.28   -0.463818  0.00111543
       12818       -0.52   -0.463823  0.00111535
       12819       -0.52   -0.463827  0.00111527
       12820        -0.6   -0.463838  0.00111524
       12821       -0.44   -0.463836  0.00111515
       12822       -0.44   -0.463834  0.00111507
       12823       -0.28    -0.46382  0.00111507
       12824       -0.52   -0.463824  0.00111499
       12825       -0.52   -0.463828  0.00111492
       12826        -0.6   -0.463839  0.00111488
       12827       -0.76   -0.463862  0.00111503
       12828        -0.6   -0.463873    0.001115
       12829       -0.52   -0.463877  0.00111492
       12830       -0.52   -0.463882  0.00111484
       12831        -0.6   -0.463892   0.0011148
       12832       -0.44    -0.46389  0.00111472
       12833        -0.6   -0.463901  0.00111468
       12834       -0.52   -0.463905   0.0011146
       12835       -0.52    -0.46391  0.00111452
       12836       -0.52   -0.463914  0.00111445
       12837       -0.36   -0.463906  0.00111439
       12838       -0.52    -0.46391  0.00111431
       12839       -0.44   -0.463908  0.00111422
       12840       -0.44   -0.463907  0.00111414
       12841        -0.6   -0.463917   0.0011141
       12842        -0.2   -0.463897  0.00111421
       12843        -0.2   -0.463876  0.00111431
       12844       -0.44   -0.463874  0.00111422
       12845       -0.44   -0.463872  0.00111414
       12846        -0.6   -0.463883   0.0011141
       12847       -0.52   -0.463887  0.00111402
       12848       -0.52   -0.463892  0.00111395
       12849       -0.36   -0.463884  0.00111389
       12850       -0.28   -0.463869  0.00111389
       12851       -0.44   -0.463867  0.00111381
       12852        -0.6   -0.463878  0.00111377
       12853       -0.52   -0.463882  0.00111369
       12854        -0.6   -0.463893  0.00111366
       12855        -0.6   -0.463904  0.00111362
       12856       -0.52   -0.463908  0.00111354
       12857       -0.52   -0.463912  0.00111347
       12858       -0.52   -0.463917  0.00111339
       12859        -0.2   -0.463896  0.00111349
       12860       -0.44   -0.463894   0.0011134
       12861       -0.36   -0.463886  0.00111335
       12862       -0.36   -0.463878  0.00111329
       12863       -0.28   -0.463864   0.0011133
       12864       -0.36   -0.463856  0.00111324
       12865       -0.36   -0.463848  0.00111318
       12866       -0.44   -0.463846   0.0011131
       12867        -0.6   -0.463856  0.00111306
       12868       -0.68   -0.463873   0.0011131
       12869       -0.52   -0.463878  0.00111302
       12870       -0.36   -0.463869  0.00111296
       12871       -0.52   -0.463874  0.00111289
       12872       -0.36   -0.463866  0.00111283
       12873       -0.44   -0.463864  0.00111274
       12874       -0.36   -0.463856  0.00111269
       12875       -0.52    -0.46386  0.00111261
       12876       -0.44   -0.463858  0.00111252
       12877       -0.36    -0.46385  0.00111247
       12878       -0.44   -0.463848  0.00111238
       12879       -0.52   -0.463853  0.00111231
       12880        -0.2   -0.463832  0.00111241
       12881        -0.2   -0.463812  0.00111251
       12882       -0.44    -0.46381  0.00111242
       12883        -0.6   -0.463821  0.00111239
       12884       -0.68   -0.463837  0.00111243
       12885        -0.6   -0.463848  0.00111239
       12886       -0.36    -0.46384  0.00111234
       12887       -0.52   -0.463844  0.00111226
       12888       -0.52   -0.463849  0.00111218
       12889       -0.44   -0.463847   0.0011121
       12890       -0.36   -0.463839  0.00111204
       12891        -0.2   -0.463818  0.00111214
       12892       -0.52   -0.463823  0.00111206
       12893       -0.52   -0.463827  0.00111198
       12894       -0.36   -0.463819  0.00111193
       12895       -0.44   -0.463817  0.00111184
       12896       -0.36   -0.463809  0.00111179
       12897       -0.28   -0.463795  0.00111179
       12898       -0.36   -0.463787  0.00111173
       12899       -0.44   -0.463785  0.00111165
       12900       -0.52   -0.463789  0.00111157
       12901        -0.6     -0.4638  0.00111154
       12902       -0.52   -0.463804  0.00111146
       12903       -0.44   -0.463802  0.00111137
       12904       -0.44     -0.4638  0.00111129
       12905       -0.36   -0.463792  0.00111123
       12906       -0.52   -0.463797  0.00111115
       12907       -0.52   -0.463801  0.00111108
       12908        -0.6   -0.463812  0.00111104
       12909       -0.44    -0.46381  0.00111096
       12910       -0.52   -0.463814  0.00111088
       12911       -0.44   -0.463812  0.00111079
       12912       -0.52   -0.463817  0.00111072
       12913       -0.28   -0.463802  0.00111072
       12914       -0.44   -0.463801  0.00111064
       12915       -0.36   -0.463792  0.00111058
       12916       -0.36   -0.463784  0.00111052
       12917        -0.6   -0.463795  0.00111049
       12918       -0.36   -0.463787  0.00111043
       12919       -0.52   -0.463791  0.00111035
       12920       -0.52   -0.463796  0.00111028
       12921       -0.36   -0.463788  0.00111022
       12922       -0.52   -0.463792  0.00111014
       12923       -0.36   -0.463784  0.00111008
       12924       -0.68   -0.463801  0.00111012
       12925       -0.28   -0.463786  0.00111013
       12926       -0.44   -0.463785  0.00111005
       12927       -0.52   -0.463789  0.00110997
       12928       -0.44   -0.463787  0.00110988
       12929        -0.6   -0.463798  0.00110985
       12930       -0.44   -0.463796  0.00110976
       12931       -0.44   -0.463794  0.00110968
       12932       -0.28    -0.46378  0.00110968
       12933       -0.44   -0.463778   0.0011096
       12934       -0.52   -0.463782  0.00110952
       12935       -0.52   -0.463787  0.00110945
       12936       -0.52   -0.463791  0.00110937
       12937       -0.52   -0.463795  0.00110929
       12938        -0.6   -0.463806  0.00110926
       12939        -0.6   -0.463816  0.00110922
       12940       -0.36   -0.463808  0.00110916
       12941        -0.6   -0.463819  0.00110913
       12942       -0.68   -0.463836  0.00110917
       12943        -0.6   -0.463846  0.00110913
       12944       -0.68   -0.463863  0.00110917
       12945       -0.52   -0.463867  0.00110909
       12946        -0.2   -0.463847   0.0011092
       12947       -0.36   -0.463839  0.00110914
       12948       -0.44   -0.463837  0.00110906
       12949        -0.6   -0.463847  0.00110902
       12950       -0.44   -0.463846  0.00110894
       12951       -0.28   -0.463831  0.00110894
       12952       -0.36   -0.463823  0.00110888
       12953        -0.2   -0.463803  0.00110899
       12954       -0.36   -0.463795  0.00110893
       12955       -0.36   -0.463787  0.00110887
       12956        -0.2   -0.463767  0.00110897
       12957       -0.44   -0.463765  0.00110889
       12958       -0.52   -0.463769  0.00110881
       12959       -0.36   -0.463761  0.00110876
       12960       -0.44   -0.463759  0.00110867
       12961       -0.68   -0.463776  0.00110871
       12962       -0.68   -0.463793  0.00110875
       12963        -0.2   -0.463772  0.00110885
       12964       -0.28   -0.463758  0.00110886
       12965       -0.52   -0.463762  0.00110878
       12966       -0.52   -0.463767   0.0011087
       12967       -0.68   -0.463783  0.00110874
       12968       -0.52   -0.463788  0.00110867
       12969       -0.52   -0.463792  0.00110859
       12970       -0.52   -0.463796  0.00110851
       12971        -0.6   -0.463807  0.00110848
       12972       -0.36   -0.463799  0.00110842
       12973       -0.36   -0.463791  0.00110836
       12974       -0.36   -0.463783  0.00110831
       12975       -0.52   -0.463787  0.00110823
       12976        -0.2   -0.463767  0.00110833
       12977       -0.28   -0.463753  0.00110834
       12978       -0.28   -0.463739  0.00110834
       12979       -0.44   -0.463737  0.00110826
       12980       -0.68   -0.463753   0.0011083
       12981       -0.44   -0.463752  0.00110821
       12982       -0.44    -0.46375  0.00110813
       12983       -0.36   -0.463742  0.00110807
       12984       -0.52   -0.463746    0.001108
       12985       -0.52    -0.46375  0.00110792
       12986       -0.36   -0.463742  0.00110786
       12987        -0.6   -0.463753  0.00110783
       12988       -0.44   -0.463751  0.00110774
       12989        -0.2   -0.463731  0.00110784
       12990        -0.6   -0.463741  0.00110781
       12991       -0.68   -0.463758  0.00110785
       12992       -0.52   -0.463762  0.00110777
       12993        -0.6   -0.463773  0.00110774
       12994       -0.44   -0.463771  0.00110765
       12995       -0.28   -0.463757  0.00110766
       12996       -0.44   -0.463755  0.00110757
       12997        -0.6   -0.463765  0.00110754
       12998       -0.52    -0.46377  0.00110746
       12999       -0.36   -0.463762   0.0011074
       13000       -0.52   -0.463766  0.00110733
       13001        -0.6   -0.463777  0.00110729
       13002       -0.76   -0.463799  0.00110744
       13003       -0.36   -0.463791  0.00110739
       13004       -0.52   -0.463796  0.00110731
       13005       -0.52     -0.4638  0.00110723
       13006       -0.44   -0.463798  0.00110715
       13007       -0.44   -0.463796  0.00110706
       13008       -0.52   -0.463801  0.00110699
       13009       -0.44   -0.463799   0.0011069
       13010       -0.44   -0.463797  0.00110682
       13011       -0.68   -0.463814  0.00110686
       13012       -0.68    -0.46383   0.0011069
       13013       -0.76   -0.463853  0.00110705
       13014       -0.44   -0.463851  0.00110697
       13015       -0.52   -0.463856  0.00110689
       13016        -0.6   -0.463866  0.00110685
       13017       -0.36   -0.463858   0.0011068
       13018       -0.52   -0.463862  0.00110672
       13019       -0.52   -0.463867  0.00110664
       13020       -0.28   -0.463853  0.00110665
       13021       -0.44   -0.463851  0.00110657
       13022       -0.36   -0.463843  0.00110651
       13023       -0.36   -0.463835  0.00110645
       13024        -0.6   -0.463845  0.00110642
       13025       -0.52    -0.46385  0.00110634
       13026        -0.2   -0.463829  0.00110644
       13027       -0.28   -0.463815  0.00110645
       13028       -0.12   -0.463789  0.00110668
       13029       -0.28   -0.463775  0.00110668
       13030       -0.36   -0.463767  0.00110662
       13031       -0.36   -0.463759  0.00110657
       13032       -0.36   -0.463751  0.00110651
       13033       -0.28   -0.463737  0.00110652
       13034       -0.44   -0.463735  0.00110643
       13035       -0.52   -0.463739  0.00110636
       13036       -0.36   -0.463731   0.0011063
       13037       -0.52   -0.463736  0.00110622
       13038       -0.52    -0.46374  0.00110615
       13039        -0.6    -0.46375  0.00110611
       13040       -0.52   -0.463755  0.00110604
       13041       -0.44   -0.463753  0.00110595
       13042       -0.44   -0.463751  0.00110587
       13043       -0.68   -0.463768  0.00110591
       13044       -0.68   -0.463784  0.00110595
       13045       -0.68   -0.463801  0.00110599
       13046       -0.68   -0.463817  0.00110603
       13047       -0.52   -0.463822  0.00110595
       13048       -0.44    -0.46382  0.00110587
       13049       -0.44   -0.463818  0.00110578
       13050       -0.52   -0.463822  0.00110571
       13051       -0.44    -0.46382  0.00110562
       13052       -0.36   -0.463812  0.00110557
       13053       -0.68   -0.463829  0.00110561
       13054        -0.6   -0.463839  0.00110557
       13055        -0.6    -0.46385  0.00110554
       13056       -0.36   -0.463842  0.00110548
       13057        -0.6   -0.463852  0.00110545
       13058        -0.6   -0.463863  0.00110541
       13059       -0.52   -0.463867  0.00110533
       13060       -0.44   -0.463865  0.00110525
       13061        -0.2   -0.463845  0.00110535
       13062       -0.44   -0.463843  0.00110527
       13063        -0.6   -0.463854  0.00110523
       13064       -0.52   -0.463858  0.00110516
       13065       -0.44   -0.463856  0.00110507
       13066        -0.6   -0.463867  0.00110504
       13067       -0.52   -0.463871  0.00110496
       13068       -0.52   -0.463875  0.00110488
       13069        -0.6   -0.463886  0.00110485
       13070       -0.52    -0.46389  0.00110477
       13071       -0.52   -0.463894   0.0011047
       13072       -0.28    -0.46388   0.0011047
       13073        -0.2    -0.46386   0.0011048
       13074       -0.52   -0.463864  0.00110473
       13075        -0.6   -0.463875  0.00110469
       13076       -0.68   -0.463891  0.00110473
       13077       -0.68   -0.463908  0.00110477
       13078       -0.44   -0.463906  0.00110469
       13079       -0.68   -0.463922  0.00110472
       13080       -0.52   -0.463927  0.00110465
       13081       -0.36   -0.463919  0.00110459
       13082       -0.52   -0.463923  0.00110452
       13083       -0.68   -0.463939  0.00110456
       13084       -0.44   -0.463938  0.00110447
       13085       -0.28   -0.463924  0.00110448
       13086        -0.6   -0.463934  0.00110444
       13087       -0.36   -0.463926  0.00110439
       13088       -0.44   -0.463924   0.0011043
       13089        -0.2   -0.463904   0.0011044
       13090       -0.36   -0.463896  0.00110435
       13091       -0.68   -0.463913  0.00110439
       13092       -0.44   -0.463911   0.0011043
       13093       -0.28   -0.463897  0.00110431
       13094       -0.44   -0.463895  0.00110423
       13095        -0.6   -0.463905  0.00110419
       13096       -0.36   -0.463897  0.00110413
       13097       -0.52   -0.463902  0.00110406
       13098       -0.36   -0.463894    0.001104
       13099       -0.44   -0.463892  0.00110392
       13100       -0.52   -0.463896  0.00110384
       13101       -0.44   -0.463894  0.00110376
       13102       -0.52   -0.463899  0.00110369
       13103       -0.44   -0.463897   0.0011036
       13104       -0.28   -0.463883  0.00110361
       13105       -0.36   -0.463875  0.00110355
       13106       -0.36   -0.463867   0.0011035
       13107       -0.44   -0.463865  0.00110341
       13108       -0.36   -0.463857  0.00110336
       13109        -0.6   -0.463868  0.00110332
       13110       -0.36    -0.46386  0.00110327
       13111       -0.44   -0.463858  0.00110318
       13112       -0.36    -0.46385  0.00110313
       13113       -0.36   -0.463842  0.00110307
       13114       -0.28   -0.463828  0.00110308
       13115       -0.44   -0.463826    0.001103
       13116       -0.36   -0.463818  0.00110294
       13117       -0.68   -0.463835  0.00110298
       13118       -0.76   -0.463857  0.00110313
       13119       -0.68   -0.463874  0.00110316
       13120       -0.68    -0.46389   0.0011032
       13121       -0.44   -0.463888  0.00110312
       13122        -0.6   -0.463899  0.00110309
       13123        -0.6   -0.463909  0.00110305
       13124        -0.6    -0.46392  0.00110301
       13125       -0.52   -0.463924  0.00110294
       13126       -0.52   -0.463928  0.00110286
       13127       -0.36    -0.46392  0.00110281
       13128       -0.52   -0.463924  0.00110273
       13129       -0.52   -0.463929  0.00110266
       13130       -0.44   -0.463927  0.00110257
       13131       -0.44   -0.463925  0.00110249
       13132       -0.44   -0.463923  0.00110241
       13133       -0.44   -0.463921  0.00110233
       13134       -0.36   -0.463914  0.00110227
       13135       -0.12   -0.463887   0.0011025
       13136       -0.44   -0.463886  0.00110242
       13137       -0.52    -0.46389  0.00110234
       13138       -0.44   -0.463888  0.00110226
       13139       -0.52   -0.463892  0.00110218
       13140       -0.44    -0.46389   0.0011021
       13141       -0.44   -0.463889  0.00110202
       13142       -0.36   -0.463881  0.00110196
       13143       -0.52   -0.463885  0.00110189
       13144       -0.52   -0.463889  0.00110181
       13145       -0.44   -0.463887  0.00110173
       13146        -0.6   -0.463898  0.00110169
       13147       -0.52   -0.463902  0.00110162
       13148       -0.52   -0.463906  0.00110154
       13149       -0.52   -0.463911  0.00110147
       13150        -0.6   -0.463921  0.00110143
       13151       -0.52   -0.463925  0.00110136
       13152       -0.52   -0.463929  0.00110128
       13153       -0.36   -0.463922  0.00110122
       13154       -0.44    -0.46392  0.00110114
       13155       -0.44   -0.463918  0.00110106
       13156       -0.52   -0.463922  0.00110098
       13157       -0.52   -0.463926  0.00110091
       13158       -0.52   -0.463931  0.00110083
       13159       -0.28   -0.463917  0.00110084
       13160       -0.36   -0.463909  0.00110078
       13161       -0.04   -0.463877  0.00110117
       13162       -0.28   -0.463863  0.00110118
       13163       -0.52   -0.463867   0.0011011
       13164       -0.52   -0.463871  0.00110103
       13165       -0.44   -0.463869  0.00110094
       13166       -0.28   -0.463855  0.00110095
       13167       -0.52    -0.46386  0.00110087
       13168       -0.52   -0.463864   0.0011008
       13169       -0.52   -0.463868  0.00110072
       13170       -0.68   -0.463885  0.00110076
       13171       -0.52   -0.463889  0.00110069
       13172       -0.44   -0.463887   0.0011006
       13173       -0.44   -0.463885  0.00110052
       13174       -0.36   -0.463877  0.00110047
       13175       -0.28   -0.463863  0.00110047
       13176       -0.28   -0.463849  0.00110048
       13177       -0.44   -0.463848  0.00110039
       13178       -0.52   -0.463852  0.00110032
       13179       -0.36   -0.463844  0.00110026
       13180       -0.36   -0.463836  0.00110021
       13181       -0.44   -0.463834  0.00110013
       13182       -0.44   -0.463832  0.00110004
       13183       -0.44   -0.463831  0.00109996
       13184       -0.52   -0.463835  0.00109989
       13185       -0.44   -0.463833  0.00109981
       13186       -0.36   -0.463825  0.00109975
       13187       -0.68   -0.463842  0.00109979
       13188        -0.6   -0.463852  0.00109975
       13189       -0.44    -0.46385  0.00109967
       13190       -0.28   -0.463836  0.00109968
       13191       -0.44   -0.463834   0.0010996
       13192       -0.36   -0.463827  0.00109954
       13193       -0.52   -0.463831  0.00109946
       13194       -0.44   -0.463829  0.00109938
       13195       -0.28   -0.463815  0.00109939
       13196       -0.36   -0.463807  0.00109933
       13197        -0.6   -0.463818   0.0010993
       13198       -0.52   -0.463822  0.00109922
       13199       -0.28   -0.463808  0.00109923
       13200       -0.36     -0.4638  0.00109917
       13201       -0.36   -0.463792  0.00109912
       13202       -0.68   -0.463809  0.00109916
       13203       -0.52   -0.463813  0.00109908
       13204       -0.44   -0.463811    0.001099
       13205        -0.6   -0.463821  0.00109896
       13206       -0.44   -0.463819  0.00109888
       13207       -0.28   -0.463806  0.00109889
       13208       -0.52    -0.46381  0.00109881
       13209       -0.68   -0.463826  0.00109885
       13210       -0.52    -0.46383  0.00109878
       13211       -0.44   -0.463829  0.00109869
       13212       -0.52   -0.463833  0.00109862
       13213       -0.44   -0.463831  0.00109854
       13214       -0.44   -0.463829  0.00109846
       13215        -0.6    -0.46384  0.00109842
       13216       -0.36   -0.463832  0.00109837
       13217       -0.52   -0.463836  0.00109829
       13218        -0.2   -0.463816  0.00109839
       13219       -0.44   -0.463814  0.00109831
       13220        -0.2   -0.463794  0.00109841
       13221       -0.28    -0.46378  0.00109841
       13222       -0.52   -0.463785  0.00109834
       13223       -0.52   -0.463789  0.00109826
       13224       -0.52   -0.463793  0.00109819
       13225       -0.28   -0.463779  0.00109819
       13226       -0.44   -0.463777  0.00109811
       13227       -0.52   -0.463782  0.00109804
       13228        -0.6   -0.463792    0.001098
       13229        -0.6   -0.463802  0.00109797
       13230       -0.68   -0.463819    0.001098
       13231       -0.52   -0.463823  0.00109793
       13232       -0.36   -0.463815  0.00109788
       13233        -0.2   -0.463795  0.00109797
       13234       -0.36   -0.463787  0.00109792
       13235        -0.6   -0.463798  0.00109788
       13236        -0.6   -0.463808  0.00109785
       13237       -0.36     -0.4638  0.00109779
       13238       -0.36   -0.463792  0.00109774
       13239       -0.44    -0.46379  0.00109766
       13240       -0.44   -0.463789  0.00109758
       13241        -0.6   -0.463799  0.00109754
       13242       -0.52   -0.463803  0.00109747
       13243        -0.6   -0.463813  0.00109743
       13244       -0.44   -0.463812  0.00109735
       13245        -0.6   -0.463822  0.00109732
       13246       -0.52   -0.463826  0.00109724
       13247       -0.44   -0.463824  0.00109716
       13248        -0.6   -0.463835  0.00109713
       13249        -0.6   -0.463845  0.00109709
       13250       -0.44   -0.463843  0.00109701
       13251       -0.52   -0.463847  0.00109693
       13252       -0.44   -0.463845  0.00109685
       13253       -0.44   -0.463844  0.00109677
       13254       -0.28    -0.46383  0.00109678
       13255        -0.2    -0.46381  0.00109688
       13256        -0.2    -0.46379  0.00109697
       13257       -0.44   -0.463788  0.00109689
       13258       -0.44   -0.463786  0.00109681
       13259       -0.44   -0.463785  0.00109673
       13260       -0.44   -0.463783  0.00109665
       13261       -0.44   -0.463781  0.00109657
       13262        -0.6   -0.463791  0.00109653
       13263        -0.2   -0.463771  0.00109663
       13264        -0.2   -0.463752  0.00109673
       13265       -0.28   -0.463738  0.00109673
       13266        -0.2   -0.463718  0.00109683
       13267       -0.44   -0.463716  0.00109675
       13268       -0.52    -0.46372  0.00109667
       13269       -0.52   -0.463724   0.0010966
       13270       -0.52   -0.463729  0.00109652
       13271       -0.44   -0.463727  0.00109644
       13272       -0.36   -0.463719  0.00109639
       13273        -0.2   -0.463699  0.00109649
       13274       -0.28   -0.463685  0.00109649
       13275       -0.52    -0.46369  0.00109642
       13276        -0.6     -0.4637  0.00109638
       13277       -0.36   -0.463692  0.00109633
       13278        0.04   -0.463654   0.0010969
       13279       -0.36   -0.463646  0.00109685
       13280        -0.2   -0.463627  0.00109694
       13281       -0.28   -0.463613  0.00109695
       13282       -0.28   -0.463599  0.00109695
       13283       -0.28   -0.463585  0.00109696
       13284       -0.52   -0.463589  0.00109688
       13285       -0.36   -0.463581  0.00109683
       13286       -0.36   -0.463574  0.00109677
       13287       -0.36   -0.463566  0.00109672
       13288       -0.44   -0.463564  0.00109664
       13289       -0.44   -0.463562  0.00109656
       13290        -0.2   -0.463543  0.00109665
       13291       -0.04   -0.463511  0.00109703
       13292       -0.36   -0.463503  0.00109698
       13293       -0.36   -0.463495  0.00109692
       13294       -0.52   -0.463499  0.00109685
       13295       -0.44   -0.463498  0.00109677
       13296        -0.2   -0.463478  0.00109686
       13297        -0.6   -0.463488  0.00109683
       13298       -0.44   -0.463486  0.00109675
       13299       -0.28   -0.463472  0.00109675
       13300        -0.6   -0.463483  0.00109672
       13301        -0.6   -0.463493  0.00109668
       13302       -0.52   -0.463497  0.00109661
       13303       -0.44   -0.463495  0.00109653
       13304       -0.84   -0.463524  0.00109681
       13305        -0.6   -0.463534  0.00109678
       13306       -0.68    -0.46355  0.00109682
       13307       -0.52   -0.463555  0.00109674
       13308       -0.44   -0.463553  0.00109666
       13309       -0.52   -0.463557  0.00109659
       13310       -0.68   -0.463573  0.00109662
       13311        -0.2   -0.463553  0.00109672
       13312        -0.6   -0.463564  0.00109669
       13313       -0.36   -0.463556  0.00109663
       13314        -0.6   -0.463566   0.0010966
       13315       -0.52    -0.46357  0.00109652
       13316       -0.44   -0.463569  0.00109644
       13317       -0.44   -0.463567  0.00109636
       13318       -0.44   -0.463565  0.00109628
       13319       -0.52   -0.463569  0.00109621
       13320       -0.44   -0.463568  0.00109613
       13321       -0.28   -0.463554  0.00109613
       13322       -0.36   -0.463546  0.00109607
       13323       -0.44   -0.463544  0.00109599
       13324       -0.36   -0.463536  0.00109594
       13325        -0.6   -0.463547   0.0010959
       13326       -0.44   -0.463545  0.00109582
       13327       -0.52   -0.463549  0.00109575
       13328       -0.44   -0.463547  0.00109567
       13329       -0.28   -0.463534  0.00109567
       13330        -0.6   -0.463544  0.00109564
       13331       -0.44   -0.463542  0.00109556
       13332       -0.44    -0.46354  0.00109548
       13333        -0.6   -0.463551  0.00109544
       13334       -0.44   -0.463549  0.00109536
       13335       -0.52   -0.463553  0.00109529
       13336        -0.6   -0.463563  0.00109525
       13337        -0.6   -0.463574  0.00109522
       13338       -0.68    -0.46359  0.00109526
       13339       -0.52   -0.463594  0.00109518
       13340       -0.68    -0.46361  0.00109522
       13341       -0.68   -0.463626  0.00109526
       13342       -0.68   -0.463643   0.0010953
       13343        -0.2   -0.463623  0.00109539
       13344       -0.52   -0.463627  0.00109532
       13345        -0.6   -0.463637  0.00109529
       13346        -0.6   -0.463648  0.00109525
       13347        -0.6   -0.463658  0.00109522
       13348       -0.52   -0.463662  0.00109514
       13349        -0.6   -0.463672  0.00109511
       13350       -0.36   -0.463664  0.00109505
       13351       -0.36   -0.463657    0.001095
       13352        -0.2   -0.463637   0.0010951
       13353       -0.44   -0.463635  0.00109502
       13354       -0.44   -0.463633  0.00109493
       13355       -0.36   -0.463626  0.00109488
       13356       -0.36   -0.463618  0.00109483
       13357       -0.28   -0.463604  0.00109483
       13358       -0.44   -0.463602  0.00109475
       13359        -0.2   -0.463583  0.00109485
       13360       -0.52   -0.463587  0.00109477
       13361       -0.52   -0.463591   0.0010947
       13362       -0.36   -0.463583  0.00109464
       13363       -0.44   -0.463582  0.00109456
       13364       -0.52   -0.463586  0.00109449
       13365       -0.28   -0.463572  0.00109449
       13366       -0.44    -0.46357  0.00109441
       13367       -0.44   -0.463568  0.00109433
       13368       -0.44   -0.463567  0.00109425
       13369       -0.36   -0.463559   0.0010942
       13370       -0.44   -0.463557  0.00109412
       13371       -0.44   -0.463555  0.00109404
       13372       -0.52    -0.46356  0.00109396
       13373       -0.44   -0.463558  0.00109388
       13374        -0.6   -0.463568  0.00109385
       13375        -0.2   -0.463548  0.00109394
       13376       -0.28   -0.463535  0.00109395
       13377       -0.36   -0.463527  0.00109389
       13378       -0.28   -0.463513   0.0010939
       13379       -0.28     -0.4635   0.0010939
       13380       -0.68   -0.463516  0.00109394
       13381       -0.52    -0.46352  0.00109387
       13382       -0.52   -0.463524  0.00109379
       13383        -0.6   -0.463534  0.00109376
       13384       -0.44   -0.463533  0.00109368
       13385       -0.52   -0.463537   0.0010936
       13386       -0.68   -0.463553  0.00109364
       13387        -0.6   -0.463563  0.00109361
       13388       -0.44   -0.463561  0.00109353
       13389       -0.36   -0.463554  0.00109347
       13390       -0.52   -0.463558   0.0010934
       13391       -0.52   -0.463562  0.00109333
       13392       -0.76   -0.463584  0.00109347
       13393       -0.28   -0.463571  0.00109347
       13394       -0.44   -0.463569  0.00109339
       13395        -0.6   -0.463579  0.00109336
       13396       -0.36   -0.463571   0.0010933
       13397       -0.28   -0.463558  0.00109331
       13398       -0.44   -0.463556  0.00109323
       13399       -0.68   -0.463572  0.00109327
       13400       -0.68   -0.463588   0.0010933
       13401        -0.6   -0.463598  0.00109327
       13402        -0.6   -0.463608  0.00109324
       13403       -0.68   -0.463625  0.00109327
       13404       -0.44   -0.463623  0.00109319
       13405       -0.44   -0.463621  0.00109311
       13406       -0.52   -0.463625  0.00109304
       13407       -0.68   -0.463641  0.00109308
       13408       -0.68   -0.463658  0.00109312
       13409       -0.52   -0.463662  0.00109304
       13410        -0.2   -0.463642  0.00109314
       13411        -0.6   -0.463652   0.0010931
       13412        -0.6   -0.463662  0.00109307
       13413        -0.6   -0.463673  0.00109303
       13414       -0.44   -0.463671  0.00109295
       13415       -0.52   -0.463675  0.00109288
       13416       -0.44   -0.463673   0.0010928
       13417       -0.44   -0.463671  0.00109272
       13418       -0.36   -0.463664  0.00109267
       13419       -0.44   -0.463662  0.00109259
       13420       -0.44    -0.46366  0.00109251
       13421        -0.6    -0.46367  0.00109247
       13422       -0.28   -0.463657  0.00109248
       13423       -0.36   -0.463649  0.00109242
       13424       -0.36   -0.463641  0.00109237
       13425       -0.28   -0.463628  0.00109237
       13426       -0.44   -0.463626  0.00109229
       13427       -0.44   -0.463624  0.00109221
       13428        -0.2   -0.463604  0.00109231
       13429       -0.52   -0.463609  0.00109223
       13430       -0.52   -0.463613  0.00109216
       13431        -0.6   -0.463623  0.00109213
       13432       -0.28   -0.463609  0.00109213
       13433       -0.44   -0.463608  0.00109205
       13434       -0.44   -0.463606  0.00109197
       13435       -0.52    -0.46361   0.0010919
       13436       -0.52   -0.463614  0.00109183
       13437        -0.6   -0.463624  0.00109179
       13438       -0.68    -0.46364  0.00109183
       13439        -0.6   -0.463651  0.00109179
       13440       -0.52   -0.463655  0.00109172
       13441       -0.44   -0.463653  0.00109164
       13442       -0.68   -0.463669  0.00109168
       13443        -0.2   -0.463649  0.00109177
       13444       -0.36   -0.463642  0.00109172
       13445       -0.52   -0.463646  0.00109165
       13446       -0.52    -0.46365  0.00109157
       13447       -0.44   -0.463648  0.00109149
       13448       -0.28   -0.463635   0.0010915
       13449       -0.52   -0.463639  0.00109143
       13450       -0.44   -0.463637  0.00109135
       13451       -0.44   -0.463635  0.00109127
       13452       -0.44   -0.463634  0.00109119
       13453       -0.28    -0.46362  0.00109119
       13454       -0.52   -0.463624  0.00109112
       13455       -0.28   -0.463611  0.00109112
       13456       -0.44   -0.463609  0.00109104
       13457       -0.44   -0.463607  0.00109096
       13458       -0.04   -0.463576  0.00109134
       13459       -0.36   -0.463568  0.00109128
       13460       -0.44   -0.463566   0.0010912
       13461       -0.44   -0.463564  0.00109112
       13462       -0.36   -0.463557  0.00109107
       13463       -0.36   -0.463549  0.00109101
       13464        -0.6   -0.463559  0.00109098
       13465       -0.44   -0.463557   0.0010909
       13466       -0.52   -0.463562  0.00109083
       13467       -0.28   -0.463548  0.00109083
       13468       -0.44   -0.463546  0.00109075
       13469       -0.36   -0.463538   0.0010907
       13470       -0.36   -0.463531  0.00109064
       13471       -0.68   -0.463547  0.00109068
       13472        -0.6   -0.463557  0.00109065
       13473       -0.52   -0.463561  0.00109057
       13474       -0.44   -0.463559   0.0010905
       13475        -0.6    -0.46357  0.00109046
       13476       -0.52   -0.463574  0.00109039
       13477       -0.44   -0.463572  0.00109031
       13478       -0.52   -0.463576  0.00109024
       13479       -0.36   -0.463569  0.00109018
       13480        -0.2   -0.463549  0.00109028
       13481       -0.52   -0.463553   0.0010902
       13482       -0.44   -0.463551  0.00109012
       13483       -0.44    -0.46355  0.00109005
       13484       -0.52   -0.463554  0.00108997
       13485       -0.52   -0.463558   0.0010899
       13486       -0.52   -0.463562  0.00108983
       13487       -0.52   -0.463566  0.00108975
       13488       -0.44   -0.463565  0.00108967
       13489       -0.52   -0.463569   0.0010896
       13490       -0.68   -0.463585  0.00108964
       13491        -0.6   -0.463595  0.00108961
       13492       -0.68   -0.463611  0.00108964
       13493       -0.52   -0.463615  0.00108957
       13494       -0.36   -0.463608  0.00108952
       13495       -0.28   -0.463594  0.00108952
       13496       -0.36   -0.463586  0.00108947
       13497       -0.44   -0.463585  0.00108939
       13498       -0.28   -0.463571  0.00108939
       13499       -0.36   -0.463563  0.00108934
       13500       -0.36   -0.463556  0.00108928
       13501       -0.44   -0.463554   0.0010892
       13502       -0.44   -0.463552  0.00108913
       13503       -0.44    -0.46355  0.00108905
       13504       -0.52   -0.463555  0.00108897
       13505       -0.52   -0.463559   0.0010889
       13506       -0.52   -0.463563  0.00108883
       13507       -0.36   -0.463555  0.00108877
       13508       -0.44   -0.463553   0.0010887
       13509       -0.52   -0.463558  0.00108862
       13510       -0.44   -0.463556  0.00108854
       13511       -0.44   -0.463554  0.00108846
       13512       -0.52   -0.463558  0.00108839
       13513       -0.52   -0.463562  0.00108832
       13514        -0.6   -0.463573  0.00108829
       13515       -0.68   -0.463589  0.00108832
       13516       -0.52   -0.463593  0.00108825
       13517       -0.52   -0.463597  0.00108818
       13518       -0.76   -0.463619  0.00108832
       13519       -0.52   -0.463623  0.00108825
       13520       -0.44   -0.463621  0.00108817
       13521       -0.44    -0.46362  0.00108809
       13522       -0.44   -0.463618  0.00108801
       13523        -0.6   -0.463628  0.00108798
       13524       -0.52   -0.463632   0.0010879
       13525       -0.52   -0.463636  0.00108783
       13526        -0.6   -0.463646   0.0010878
       13527       -0.52    -0.46365  0.00108772
       13528       -0.44   -0.463649  0.00108765
       13529       -0.52   -0.463653  0.00108757
       13530       -0.52   -0.463657   0.0010875
       13531       -0.44   -0.463655  0.00108742
       13532       -0.36   -0.463648  0.00108737
       13533       -0.28   -0.463634  0.00108737
       13534       -0.52   -0.463638   0.0010873
       13535        -0.6   -0.463648  0.00108727
       13536       -0.44   -0.463647  0.00108719
       13537       -0.44   -0.463645  0.00108711
       13538        -0.2   -0.463625   0.0010872
       13539       -0.36   -0.463618  0.00108715
       13540        -0.6   -0.463628  0.00108712
       13541       -0.52   -0.463632  0.00108704
       13542       -0.52   -0.463636  0.00108697
       13543       -0.44   -0.463634  0.00108689
       13544       -0.52   -0.463639  0.00108682
       13545        -0.6   -0.463649  0.00108679
       13546       -0.76    -0.46367  0.00108693
       13547        -0.6   -0.463681  0.00108689
       13548        -0.6   -0.463691  0.00108686
       13549       -0.36   -0.463683  0.00108681
       13550       -0.44   -0.463681  0.00108673
       13551       -0.36   -0.463674  0.00108667
       13552       -0.44   -0.463672  0.00108659
       13553       -0.44    -0.46367  0.00108652
       13554       -0.52   -0.463674  0.00108644
       13555       -0.52   -0.463678  0.00108637
       13556       -0.36   -0.463671  0.00108632
       13557       -0.44   -0.463669  0.00108624
       13558       -0.36   -0.463661  0.00108619
       13559       -0.36   -0.463654  0.00108613
       13560        -0.6   -0.463664   0.0010861
       13561        -0.6   -0.463674  0.00108607
       13562       -0.36   -0.463666  0.00108601
       13563       -0.36   -0.463658  0.00108596
       13564       -0.28   -0.463645  0.00108596
       13565        -0.2   -0.463626  0.00108606
       13566       -0.36   -0.463618    0.001086
       13567       -0.28   -0.463604  0.00108601
       13568       -0.04   -0.463573  0.00108638
       13569       -0.36   -0.463565  0.00108632
       13570       -0.52    -0.46357  0.00108625
       13571       -0.44   -0.463568  0.00108617
       13572       -0.44   -0.463566   0.0010861
       13573       -0.44   -0.463564  0.00108602
       13574       -0.44   -0.463563  0.00108594
       13575       -0.52   -0.463567  0.00108587
       13576        -0.6   -0.463577  0.00108583
       13577       -0.44   -0.463575  0.00108575
       13578       -0.28   -0.463562  0.00108576
       13579       -0.52   -0.463566  0.00108569
       13580       -0.36   -0.463558  0.00108563
       13581       -0.44   -0.463556  0.00108555
       13582       -0.28   -0.463543  0.00108556
       13583        -0.2   -0.463524  0.00108565
       13584       -0.44   -0.463522  0.00108557
       13585       -0.52   -0.463526   0.0010855
       13586       -0.36   -0.463518  0.00108545
       13587        -0.6   -0.463528  0.00108541
       13588        -0.6   -0.463538  0.00108538
       13589        -0.6   -0.463548  0.00108535
       13590       -0.52   -0.463553  0.00108528
       13591        -0.6   -0.463563  0.00108524
       13592        -0.6   -0.463573  0.00108521
       13593       -0.44   -0.463571  0.00108513
       13594       -0.52   -0.463575  0.00108506
       13595       -0.36   -0.463567  0.00108501
       13596       -0.44   -0.463566  0.00108493
       13597        -0.6   -0.463576  0.00108489
       13598       -0.52    -0.46358  0.00108482
       13599       -0.36   -0.463572  0.00108477
       13600       -0.36   -0.463565  0.00108472
       13601       -0.44   -0.463563  0.00108464
       13602       -0.28   -0.463549  0.00108464
       13603       -0.52   -0.463554  0.00108457
       13604       -0.36   -0.463546  0.00108452
       13605       -0.36   -0.463538  0.00108446
       13606       -0.52   -0.463543  0.00108439
       13607        -0.6   -0.463553  0.00108436
       13608       -0.28   -0.463539  0.00108436
       13609       -0.52   -0.463543  0.00108429
       13610        -0.6   -0.463553  0.00108426
       13611       -0.44   -0.463552  0.00108418
       13612        -0.6   -0.463562  0.00108415
       13613       -0.44    -0.46356  0.00108407
       13614       -0.44   -0.463558  0.00108399
       13615       -0.68   -0.463574  0.00108403
       13616       -0.52   -0.463578  0.00108396
       13617        -0.6   -0.463588  0.00108392
       13618       -0.52   -0.463592  0.00108385
       13619       -0.44   -0.463591  0.00108377
       13620       -0.68   -0.463606  0.00108381
       13621       -0.28   -0.463593  0.00108381
       13622       -0.68   -0.463609  0.00108385
       13623        -0.6   -0.463619  0.00108382
       13624        -0.6   -0.463629  0.00108378
       13625       -0.76   -0.463651  0.00108392
       13626        -0.6   -0.463661  0.00108389
       13627       -0.36   -0.463653  0.00108384
       13628       -0.44   -0.463651  0.00108376
       13629       -0.44    -0.46365  0.00108368
       13630        -0.6    -0.46366  0.00108365
       13631       -0.36   -0.463652  0.00108359
       13632       -0.44    -0.46365  0.00108352
       13633       -0.52   -0.463654  0.00108344
       13634       -0.36   -0.463647  0.00108339
       13635       -0.44   -0.463645  0.00108331
       13636       -0.28   -0.463632  0.00108332
       13637       -0.28   -0.463618  0.00108332
       13638       -0.36   -0.463611  0.00108327
       13639       -0.44   -0.463609  0.00108319
       13640        -0.6   -0.463619  0.00108316
       13641        -0.6   -0.463629  0.00108312
       13642       -0.68   -0.463645  0.00108316
       13643       -0.52   -0.463649  0.00108309
       13644       -0.44   -0.463647  0.00108301
       13645       -0.44   -0.463645  0.00108293
       13646       -0.36   -0.463638  0.00108288
       13647        -0.6   -0.463648  0.00108285
       13648       -0.52   -0.463652  0.00108278
       13649       -0.44    -0.46365   0.0010827
       13650        -0.6    -0.46366  0.00108266
       13651        -0.6    -0.46367  0.00108263
       13652       -0.44   -0.463668  0.00108255
       13653       -0.76    -0.46369  0.00108269
       13654       -0.52   -0.463694  0.00108262
       13655       -0.28   -0.463681  0.00108262
       13656       -0.28   -0.463667  0.00108263
       13657       -0.44   -0.463666  0.00108255
       13658       -0.36   -0.463658   0.0010825
       13659       -0.44   -0.463656  0.00108242
       13660       -0.52    -0.46366  0.00108235
       13661       -0.52   -0.463664  0.00108228
       13662       -0.36   -0.463657  0.00108223
       13663       -0.28   -0.463643  0.00108223
       13664       -0.44   -0.463642  0.00108215
       13665       -0.52   -0.463646  0.00108208
       13666       -0.52    -0.46365  0.00108201
       13667       -0.44   -0.463648  0.00108193
       13668       -0.36   -0.463641  0.00108188
       13669       -0.36   -0.463633  0.00108183
       13670       -0.44   -0.463631  0.00108175
       13671       -0.36   -0.463624   0.0010817
       13672       -0.36   -0.463616  0.00108164
       13673       -0.36   -0.463609  0.00108159
       13674       -0.28   -0.463595  0.00108159
       13675       -0.28   -0.463582   0.0010816
       13676       -0.28   -0.463568   0.0010816
       13677       -0.44   -0.463567  0.00108153
       13678        -0.6   -0.463577  0.00108149
       13679       -0.52   -0.463581  0.00108142
       13680       -0.28   -0.463567  0.00108143
       13681        -0.2   -0.463548  0.00108152
       13682       -0.28   -0.463535  0.00108152
       13683       -0.36   -0.463527  0.00108147
       13684       -0.36   -0.463519  0.00108142
       13685       -0.28   -0.463506  0.00108142
       13686       -0.28   -0.463493  0.00108143
       13687       -0.36   -0.463485  0.00108137
       13688       -0.52   -0.463489   0.0010813
       13689       -0.28   -0.463476  0.00108131
       13690       -0.44   -0.463474  0.00108123
       13691       -0.36   -0.463467  0.00108118
       13692       -0.44   -0.463465   0.0010811
       13693       -0.28   -0.463451   0.0010811
       13694       -0.68   -0.463467  0.00108114
       13695       -0.44   -0.463465  0.00108106
       13696        -0.2   -0.463446  0.00108115
       13697       -0.28   -0.463433  0.00108116
       13698       -0.52   -0.463437  0.00108109
       13699       -0.44   -0.463435  0.00108101
       13700       -0.44   -0.463434  0.00108093
       13701       -0.28    -0.46342  0.00108094
       13702       -0.44   -0.463418  0.00108086
       13703       -0.36   -0.463411  0.00108081
       13704       -0.44   -0.463409  0.00108073
       13705       -0.44   -0.463408  0.00108065
       13706       -0.52   -0.463412  0.00108058
       13707       -0.28   -0.463398  0.00108058
       13708       -0.36   -0.463391  0.00108053
       13709       -0.28   -0.463377  0.00108053
       13710        -0.6   -0.463387   0.0010805
       13711       -0.52   -0.463391  0.00108043
       13712       -0.52   -0.463396  0.00108036
       13713        -0.6   -0.463406  0.00108033
       13714       -0.52    -0.46341  0.00108026
       13715        -0.6    -0.46342  0.00108022
       13716       -0.68   -0.463435  0.00108026
       13717       -0.68   -0.463451   0.0010803
       13718       -0.52   -0.463455  0.00108023
       13719       -0.52   -0.463459  0.00108015
       13720       -0.52   -0.463464  0.00108008
       13721        -0.6   -0.463474  0.00108005
       13722       -0.52   -0.463478  0.00107998
       13723        -0.6   -0.463488  0.00107995
       13724       -0.68   -0.463503  0.00107998
       13725       -0.36   -0.463496  0.00107993
       13726        -0.6   -0.463506   0.0010799
       13727       -0.52    -0.46351  0.00107983
       13728       -0.44   -0.463508  0.00107975
       13729       -0.52   -0.463512  0.00107968
       13730       -0.36   -0.463505  0.00107963
       13731       -0.36   -0.463497  0.00107958
       13732       -0.28   -0.463484  0.00107958
       13733       -0.28    -0.46347  0.00107958
       13734       -0.44   -0.463469  0.00107951
       13735       -0.36   -0.463461  0.00107945
       13736       -0.44    -0.46346  0.00107938
       13737       -0.44   -0.463458   0.0010793
       13738       -0.44   -0.463456  0.00107922
       13739        -0.2   -0.463437  0.00107931
       13740       -0.28   -0.463424  0.00107932
       13741       -0.28    -0.46341  0.00107932
       13742       -0.44   -0.463409  0.00107924
       13743       -0.52   -0.463413  0.00107917
       13744       -0.36   -0.463405  0.00107912
       13745       -0.36   -0.463398  0.00107907
       13746       -0.28   -0.463384  0.00107907
       13747       -0.36   -0.463377  0.00107902
       13748        -0.6   -0.463387  0.00107899
       13749       -0.68   -0.463402  0.00107902
       13750       -0.68   -0.463418  0.00107906
       13751        -0.6   -0.463428  0.00107903
       13752       -0.44   -0.463426  0.00107895
       13753        -0.6   -0.463436  0.00107892
       13754       -0.36   -0.463429  0.00107887
       13755        -0.6   -0.463439  0.00107883
       13756       -0.36   -0.463431  0.00107878
       13757       -0.36   -0.463424  0.00107873
       13758       -0.68   -0.463439  0.00107877
       13759       -0.36   -0.463432  0.00107871
       13760       -0.52   -0.463436  0.00107864
       13761       -0.52    -0.46344  0.00107857
       13762       -0.36   -0.463433  0.00107852
       13763       -0.44   -0.463431  0.00107844
       13764        -0.6   -0.463441  0.00107841
       13765       -0.44   -0.463439  0.00107833
       13766       -0.52   -0.463443  0.00107826
       13767       -0.44   -0.463442  0.00107819
       13768       -0.28   -0.463428  0.00107819
       13769       -0.52   -0.463432  0.00107812
       13770       -0.28   -0.463419  0.00107812
       13771       -0.44   -0.463417  0.00107805
       13772       -0.36    -0.46341  0.00107799
       13773       -0.28   -0.463397    0.001078
       13774       -0.52   -0.463401  0.00107793
       13775       -0.52   -0.463405  0.00107786
       13776       -0.36   -0.463397  0.00107781
       13777       -0.52   -0.463401  0.00107774
       13778        -0.6   -0.463411   0.0010777
       13779       -0.52   -0.463415  0.00107763
       13780       -0.04   -0.463385  0.00107799
       13781       -0.44   -0.463383  0.00107791
       13782       -0.44   -0.463381  0.00107784
       13783       -0.44    -0.46338  0.00107776
       13784       -0.44   -0.463378  0.00107768
       13785       -0.52   -0.463382  0.00107761
       13786        -0.6   -0.463392  0.00107758
       13787       -0.44    -0.46339   0.0010775
       13788       -0.44   -0.463388  0.00107743
       13789       -0.28   -0.463375  0.00107743
       13790       -0.36   -0.463368  0.00107738
       13791        -0.6   -0.463378  0.00107735
       13792        -0.6   -0.463387  0.00107731
       13793        -0.6   -0.463397  0.00107728
       13794        -0.6   -0.463407  0.00107725
       13795       -0.28   -0.463394  0.00107725
       13796       -0.36   -0.463386   0.0010772
       13797       -0.52   -0.463391  0.00107713
       13798       -0.44   -0.463389  0.00107705
       13799       -0.36   -0.463381    0.001077
       13800       -0.36   -0.463374  0.00107695
       13801       -0.44   -0.463372  0.00107687
       13802       -0.52   -0.463376   0.0010768
       13803       -0.44   -0.463375  0.00107673
       13804       -0.52   -0.463379  0.00107666
       13805       -0.44   -0.463377  0.00107658
       13806       -0.36    -0.46337  0.00107653
       13807       -0.44   -0.463368  0.00107645
       13808       -0.52   -0.463372  0.00107638
       13809       -0.28   -0.463359  0.00107639
       13810       -0.52   -0.463363  0.00107632
       13811       -0.68   -0.463378  0.00107635
       13812       -0.68   -0.463394  0.00107639
       13813       -0.52   -0.463398  0.00107632
       13814       -0.44   -0.463397  0.00107624
       13815       -0.36   -0.463389  0.00107619
       13816       -0.28   -0.463376  0.00107619
       13817       -0.28   -0.463363   0.0010762
       13818       -0.44   -0.463361  0.00107612
       13819       -0.36   -0.463353  0.00107607
       13820       -0.52   -0.463357    0.001076
       13821       -0.44   -0.463356  0.00107592
       13822       -0.36   -0.463348  0.00107587
       13823       -0.36   -0.463341  0.00107582
       13824       -0.52   -0.463345  0.00107575
       13825       -0.52   -0.463349  0.00107568
       13826       -0.76    -0.46337  0.00107581
       13827       -0.44   -0.463369  0.00107574
       13828       -0.36   -0.463361  0.00107569
       13829        -0.2   -0.463342  0.00107578
       13830       -0.52   -0.463346  0.00107571
       13831       -0.36   -0.463339  0.00107566
       13832       -0.44   -0.463337  0.00107558
       13833       -0.52   -0.463341  0.00107551
       13834       -0.68   -0.463357  0.00107554
       13835       -0.68   -0.463373  0.00107558
       13836       -0.84     -0.4634  0.00107585
       13837       -0.44   -0.463398  0.00107577
       13838        -0.6   -0.463408  0.00107574
       13839       -0.52   -0.463412  0.00107567
       13840       -0.52   -0.463416   0.0010756
       13841       -0.44   -0.463414  0.00107552
       13842       -0.28   -0.463401  0.00107553
       13843       -0.36   -0.463394  0.00107547
       13844       -0.44   -0.463392   0.0010754
       13845       -0.36   -0.463385  0.00107535
       13846       -0.36   -0.463377   0.0010753
       13847       -0.12   -0.463352   0.0010755
       13848       -0.28   -0.463339  0.00107551
       13849       -0.28   -0.463326  0.00107551
       13850       -0.44   -0.463324  0.00107543
       13851        -0.6   -0.463334   0.0010754
       13852       -0.36   -0.463327  0.00107535
       13853       -0.44   -0.463325  0.00107527
       13854       -0.52   -0.463329   0.0010752
       13855       -0.76    -0.46335  0.00107534
       13856        -0.6    -0.46336  0.00107531
       13857       -0.68   -0.463376  0.00107534
       13858       -0.68   -0.463392  0.00107538
       13859        -0.6   -0.463401  0.00107535
       13860       -0.36   -0.463394   0.0010753
       13861        -0.2   -0.463375  0.00107539
       13862       -0.28   -0.463362  0.00107539
       13863       -0.44    -0.46336  0.00107531
       13864       -0.44   -0.463358  0.00107524
       13865       -0.44   -0.463357  0.00107516
       13866       -0.52   -0.463361  0.00107509
       13867       -0.52   -0.463365  0.00107502
       13868       -0.36   -0.463357  0.00107497
       13869       -0.36    -0.46335  0.00107492
       13870       -0.52   -0.463354  0.00107485
       13871       -0.36   -0.463347   0.0010748
       13872       -0.36   -0.463339  0.00107474
       13873        -0.2    -0.46332  0.00107484
       13874       -0.44   -0.463318  0.00107476
       13875       -0.36   -0.463311  0.00107471
       13876       -0.28   -0.463298  0.00107471
       13877       -0.28   -0.463285  0.00107471
       13878       -0.52   -0.463289  0.00107464
       13879       -0.52   -0.463293  0.00107458
       13880       -0.44   -0.463291   0.0010745
       13881        -0.6   -0.463301  0.00107447
       13882       -0.52   -0.463305   0.0010744
       13883        -0.2   -0.463286  0.00107449
       13884       -0.36   -0.463279  0.00107444
       13885        -0.6   -0.463288   0.0010744
       13886       -0.52   -0.463293  0.00107433
       13887       -0.28   -0.463279  0.00107434
       13888       -0.36   -0.463272  0.00107429
       13889       -0.52   -0.463276  0.00107422
       13890       -0.44   -0.463274  0.00107414
       13891       -0.52   -0.463278  0.00107407
       13892       -0.44   -0.463277  0.00107399
       13893       -0.52   -0.463281  0.00107393
       13894        -0.6   -0.463291  0.00107389
       13895       -0.44   -0.463289  0.00107382
       13896       -0.44   -0.463287  0.00107374
       13897       -0.36    -0.46328  0.00107369
       13898       -0.36   -0.463272  0.00107364
       13899        -0.6   -0.463282  0.00107361
       13900       -0.76   -0.463304  0.00107374
       13901       -0.52   -0.463308  0.00107367
       13902        -0.6   -0.463318  0.00107364
       13903       -0.68   -0.463333  0.00107367
       13904       -0.68   -0.463349  0.00107371
       13905        -0.6   -0.463359  0.00107368
       13906       -0.68   -0.463374  0.00107371
       13907        -0.6   -0.463384  0.00107368
       13908       -0.36   -0.463376  0.00107363
       13909        -0.6   -0.463386   0.0010736
       13910       -0.44   -0.463385  0.00107352
       13911       -0.52   -0.463389  0.00107345
       13912       -0.52   -0.463393  0.00107338
       13913       -0.44   -0.463391  0.00107331
       13914       -0.44   -0.463389  0.00107323
       13915       -0.68   -0.463405  0.00107327
       13916        -0.6   -0.463415  0.00107324
       13917       -0.36   -0.463407  0.00107318
       13918       -0.44   -0.463406  0.00107311
       13919       -0.52    -0.46341  0.00107304
       13920       -0.44   -0.463408  0.00107296
       13921       -0.36   -0.463401  0.00107291
       13922       -0.52   -0.463405  0.00107284
       13923       -0.28   -0.463392  0.00107285
       13924       -0.28   -0.463378  0.00107285
       13925       -0.52   -0.463382  0.00107278
       13926       -0.44   -0.463381   0.0010727
       13927       -0.28   -0.463368  0.00107271
       13928       -0.36    -0.46336  0.00107266
       13929       -0.36   -0.463353  0.00107261
       13930       -0.36   -0.463345  0.00107255
       13931       -0.44   -0.463344  0.00107248
       13932       -0.36   -0.463336  0.00107243
       13933       -0.28   -0.463323  0.00107243
       13934       -0.36   -0.463316  0.00107238
       13935       -0.36   -0.463308  0.00107233
       13936       -0.28   -0.463295  0.00107233
       13937       -0.44   -0.463293  0.00107226
       13938        -0.6   -0.463303  0.00107222
       13939       -0.52   -0.463307  0.00107216
       13940       -0.52   -0.463311  0.00107209
       13941       -0.36   -0.463304  0.00107204
       13942        -0.6   -0.463314    0.001072
       13943       -0.36   -0.463306  0.00107195
       13944       -0.36   -0.463299   0.0010719
       13945        -0.6   -0.463309  0.00107187
       13946       -0.44   -0.463307  0.00107179
       13947       -0.28   -0.463294   0.0010718
       13948       -0.44   -0.463292  0.00107172
       13949       -0.52   -0.463296  0.00107165
       13950       -0.52     -0.4633  0.00107158
       13951       -0.44   -0.463299  0.00107151
       13952        -0.2    -0.46328   0.0010716
       13953       -0.28   -0.463267   0.0010716
       13954        -0.2   -0.463248  0.00107169
       13955       -0.44   -0.463246  0.00107161
       13956       -0.52    -0.46325  0.00107155
       13957        -0.6    -0.46326  0.00107151
       13958        -0.6    -0.46327  0.00107148
       13959       -0.44   -0.463268  0.00107141
       13960       -0.52   -0.463272  0.00107134
       13961       -0.36   -0.463265  0.00107129
       13962       -0.52   -0.463269  0.00107122
       13963       -0.36   -0.463261  0.00107117
       13964       -0.68   -0.463277   0.0010712
       13965       -0.52   -0.463281  0.00107113
       13966       -0.44   -0.463279  0.00107106
       13967       -0.28   -0.463266  0.00107106
       13968       -0.36   -0.463259  0.00107101
       13969       -0.28   -0.463246  0.00107101
       13970       -0.28   -0.463233  0.00107102
       13971       -0.36   -0.463225  0.00107097
       13972        -0.6   -0.463235  0.00107093
       13973       -0.36   -0.463228  0.00107088
       13974       -0.44   -0.463226  0.00107081
       13975       -0.28   -0.463213  0.00107081
       13976       -0.44   -0.463211  0.00107074
       13977       -0.36   -0.463204  0.00107068
       13978       -0.28   -0.463191  0.00107069
       13979       -0.52   -0.463195  0.00107062
       13980       -0.68    -0.46321  0.00107065
       13981       -0.68   -0.463226  0.00107069
       13982       -0.52    -0.46323  0.00107062
       13983       -0.36   -0.463222  0.00107057
       13984       -0.28   -0.463209  0.00107057
       13985       -0.36   -0.463202  0.00107052
       13986       -0.28   -0.463189  0.00107053
       13987       -0.36   -0.463182  0.00107048
       13988       -0.12   -0.463157  0.00107068
       13989       -0.52   -0.463161  0.00107061
       13990       -0.28   -0.463148  0.00107061
       13991       -0.28   -0.463135  0.00107062
       13992       -0.44   -0.463133  0.00107054
       13993       -0.52   -0.463137  0.00107047
       13994       -0.36    -0.46313  0.00107042
       13995       -0.36   -0.463123  0.00107037
       13996       -0.28   -0.463109  0.00107038
       13997       -0.44   -0.463108   0.0010703
       13998       -0.36     -0.4631  0.00107025
       13999       -0.44   -0.463099  0.00107017
       14000       -0.52   -0.463103   0.0010701
       14001        -0.6   -0.463113  0.00107007
       14002       -0.52   -0.463117     0.00107
       14003       -0.28   -0.463104  0.00107001
       14004       -0.36   -0.463096  0.00106996
       14005       -0.52     -0.4631  0.00106989
       14006       -0.52   -0.463104  0.00106982
       14007       -0.36   -0.463097  0.00106977
       14008        -0.6   -0.463107  0.00106974
       14009       -0.52   -0.463111  0.00106967
       14010       -0.52   -0.463115   0.0010696
       14011       -0.44   -0.463113  0.00106952
       14012        -0.6   -0.463123  0.00106949
       14013       -0.36   -0.463116  0.00106944
       14014       -0.52    -0.46312  0.00106937
       14015       -0.44   -0.463118   0.0010693
       14016       -0.28   -0.463105   0.0010693
       14017       -0.36   -0.463098  0.00106925
       14018       -0.52   -0.463102  0.00106918
       14019        -0.6   -0.463111  0.00106915
       14020       -0.76   -0.463133  0.00106928
       14021       -0.76   -0.463154  0.00106942
       14022        -0.6   -0.463164  0.00106939
       14023       -0.52   -0.463168  0.00106932
       14024       -0.28   -0.463155  0.00106932
       14025       -0.36   -0.463147  0.00106927
       14026       -0.36    -0.46314  0.00106922
       14027        -0.6    -0.46315  0.00106919
       14028       -0.36   -0.463142  0.00106914
       14029       -0.68   -0.463158  0.00106917
       14030       -0.68   -0.463173  0.00106921
       14031       -0.52   -0.463177  0.00106914
       14032       -0.52   -0.463181  0.00106907
       14033       -0.52   -0.463185    0.001069
       14034       -0.52   -0.463189  0.00106893
       14035        -0.6   -0.463199   0.0010689
       14036       -0.36   -0.463192  0.00106885
       14037        -0.6   -0.463202  0.00106882
       14038        -0.6   -0.463211  0.00106879
       14039       -0.44    -0.46321  0.00106871
       14040       -0.36   -0.463202  0.00106866
       14041       -0.52   -0.463206  0.00106859
       14042       -0.52    -0.46321  0.00106852
       14043       -0.44   -0.463209  0.00106845
       14044       -0.44   -0.463207  0.00106837
       14045       -0.36     -0.4632  0.00106832
       14046       -0.36   -0.463192  0.00106827
       14047       -0.36   -0.463185  0.00106822
       14048       -0.44   -0.463183  0.00106815
       14049       -0.44   -0.463182  0.00106807
       14050       -0.52   -0.463186    0.001068
       14051       -0.52    -0.46319  0.00106794
       14052       -0.52   -0.463194  0.00106787
       14053       -0.44   -0.463192  0.00106779
       14054       -0.52   -0.463196  0.00106772
       14055       -0.52     -0.4632  0.00106766
       14056       -0.52   -0.463204  0.00106759
       14057        -0.6   -0.463214  0.00106756
       14058       -0.68   -0.463229  0.00106759
       14059       -0.52   -0.463234  0.00106752
       14060       -0.52   -0.463238  0.00106746
       14061        -0.6   -0.463247  0.00106742
       14062        -0.6   -0.463257  0.00106739
       14063        -0.6   -0.463267  0.00106736
       14064       -0.12   -0.463242  0.00106756
       14065       -0.44   -0.463241  0.00106749
       14066       -0.36   -0.463233  0.00106744
       14067       -0.84    -0.46326   0.0010677
       14068       -0.84   -0.463287  0.00106796
       14069       -0.44   -0.463285  0.00106788
       14070       -0.44   -0.463284  0.00106781
       14071        -0.6   -0.463293  0.00106778
       14072       -0.36   -0.463286  0.00106773
       14073       -0.28   -0.463273  0.00106773
       14074       -0.36   -0.463266  0.00106768
       14075        -0.2   -0.463247  0.00106777
       14076       -0.36    -0.46324  0.00106772
       14077       -0.36   -0.463232  0.00106767
       14078       -0.44   -0.463231  0.00106759
       14079       -0.44   -0.463229  0.00106752
       14080       -0.52   -0.463233  0.00106745
       14081       -0.36   -0.463226   0.0010674
       14082       -0.28   -0.463213   0.0010674
       14083        -0.6   -0.463222  0.00106737
       14084        -0.2   -0.463204  0.00106746
       14085       -0.52   -0.463208  0.00106739
       14086        -0.6   -0.463217  0.00106736
       14087        -0.6   -0.463227  0.00106733
       14088       -0.52   -0.463231  0.00106726
       14089       -0.44   -0.463229  0.00106718
       14090       -0.52   -0.463233  0.00106712
       14091       -0.68   -0.463249  0.00106715
       14092       -0.44   -0.463247  0.00106708
       14093       -0.44   -0.463246    0.001067
       14094       -0.36   -0.463238  0.00106695
       14095       -0.36   -0.463231   0.0010669
       14096        -0.6   -0.463241  0.00106687
       14097        -0.6    -0.46325  0.00106684
       14098       -0.52   -0.463254  0.00106677
       14099       -0.44   -0.463253   0.0010667
       14100       -0.44   -0.463251  0.00106662
       14101       -0.28   -0.463238  0.00106662
       14102        -0.6   -0.463248  0.00106659
       14103        -0.6   -0.463257  0.00106656
       14104       -0.52   -0.463261  0.00106649
       14105        -0.6   -0.463271  0.00106646
       14106       -0.68   -0.463287   0.0010665
       14107       -0.68   -0.463302  0.00106653
       14108       -0.36   -0.463295  0.00106648
       14109       -0.36   -0.463287  0.00106643
       14110       -0.44   -0.463286  0.00106636
       14111       -0.44   -0.463284  0.00106628
       14112       -0.52   -0.463288  0.00106621
       14113       -0.44   -0.463286  0.00106614
       14114       -0.52    -0.46329  0.00106607
       14115       -0.36   -0.463283  0.00106602
       14116       -0.52   -0.463287  0.00106595
       14117       -0.52   -0.463291  0.00106589
       14118       -0.44   -0.463289  0.00106581
       14119       -0.52   -0.463293  0.00106574
       14120        -0.6   -0.463303  0.00106571
       14121        -0.6   -0.463313  0.00106568
       14122       -0.36   -0.463305  0.00106563
       14123       -0.36   -0.463298  0.00106558
       14124        -0.6   -0.463308  0.00106555
       14125       -0.44   -0.463306  0.00106547
       14126       -0.36   -0.463299  0.00106542
       14127        -0.6   -0.463309  0.00106539
       14128        -0.6   -0.463318  0.00106536
       14129       -0.68   -0.463334   0.0010654
       14130        -0.6   -0.463343  0.00106536
       14131       -0.44   -0.463342  0.00106529
       14132       -0.36   -0.463334  0.00106524
       14133       -0.44   -0.463333  0.00106517
       14134       -0.52   -0.463337   0.0010651
       14135       -0.44   -0.463335  0.00106502
       14136       -0.44   -0.463333  0.00106495
       14137       -0.36   -0.463326   0.0010649
       14138        -0.2   -0.463307  0.00106499
       14139        -0.6   -0.463317  0.00106496
       14140       -0.76   -0.463338  0.00106509
       14141       -0.84   -0.463365  0.00106534
       14142        -0.6   -0.463374  0.00106531
       14143       -0.28   -0.463361  0.00106532
       14144       -0.44    -0.46336  0.00106524
       14145       -0.52   -0.463364  0.00106518
       14146       -0.44   -0.463362   0.0010651
       14147       -0.44    -0.46336  0.00106503
       14148       -0.44   -0.463359  0.00106495
       14149        -0.6   -0.463368  0.00106492
       14150       -0.68   -0.463384  0.00106496
       14151       -0.52   -0.463388  0.00106489
       14152       -0.68   -0.463403  0.00106492
       14153       -0.52   -0.463407  0.00106486
       14154       -0.52   -0.463411  0.00106479
       14155        -0.6   -0.463421  0.00106476
       14156       -0.36   -0.463413  0.00106471
       14157       -0.52   -0.463417  0.00106464
       14158        -0.6   -0.463427  0.00106461
       14159       -0.36    -0.46342  0.00106456
       14160       -0.52   -0.463424  0.00106449
       14161        -0.6   -0.463433  0.00106446
       14162       -0.36   -0.463426  0.00106441
       14163       -0.28   -0.463413  0.00106441
       14164       -0.36   -0.463406  0.00106436
       14165       -0.68   -0.463421   0.0010644
       14166       -0.52   -0.463425  0.00106433
       14167       -0.36   -0.463418  0.00106428
       14168       -0.44   -0.463416   0.0010642
       14169       -0.52    -0.46342  0.00106414
       14170       -0.44   -0.463418  0.00106406
       14171       -0.52   -0.463422    0.001064
       14172       -0.68   -0.463438  0.00106403
       14173       -0.68   -0.463453  0.00106406
       14174        -0.6   -0.463463  0.00106403
       14175       -0.36   -0.463455  0.00106398
       14176       -0.44   -0.463454  0.00106391
       14177       -0.52   -0.463458  0.00106384
       14178        -0.6   -0.463467  0.00106381
       14179       -0.44   -0.463466  0.00106374
       14180       -0.28   -0.463453  0.00106374
       14181       -0.36   -0.463445  0.00106369
       14182       -0.36   -0.463438  0.00106364
       14183       -0.52   -0.463442  0.00106357
       14184       -0.36   -0.463435  0.00106352
       14185       -0.36   -0.463428  0.00106347
       14186       -0.52   -0.463432  0.00106341
       14187       -0.44    -0.46343  0.00106333
       14188       -0.52   -0.463434  0.00106326
       14189       -0.36   -0.463427  0.00106321
       14190       -0.52   -0.463431  0.00106315
       14191        -0.6    -0.46344  0.00106312
       14192       -0.44   -0.463439  0.00106304
       14193        -0.6   -0.463448  0.00106301
       14194       -0.44   -0.463447  0.00106294
       14195       -0.52   -0.463451  0.00106287
       14196       -0.44   -0.463449   0.0010628
       14197        -0.6   -0.463458  0.00106276
       14198       -0.36   -0.463451  0.00106271
       14199       -0.44    -0.46345  0.00106264
       14200       -0.52   -0.463454  0.00106257
       14201       -0.68   -0.463469  0.00106261
       14202       -0.36   -0.463461  0.00106256
       14203       -0.28   -0.463449  0.00106256
       14204       -0.44   -0.463447  0.00106249
       14205       -0.36    -0.46344  0.00106244
       14206       -0.52   -0.463444  0.00106237
       14207       -0.52   -0.463448   0.0010623
       14208       -0.28   -0.463435  0.00106231
       14209       -0.52   -0.463439  0.00106224
       14210        -0.6   -0.463448  0.00106221
       14211        -0.6   -0.463458  0.00106218
       14212       -0.52   -0.463462  0.00106211
       14213        -0.6   -0.463471  0.00106208
       14214       -0.52   -0.463475  0.00106201
       14215       -0.52   -0.463479  0.00106194
       14216       -0.68   -0.463495  0.00106198
       14217       -0.52   -0.463499  0.00106191
       14218        -0.6   -0.463508  0.00106188
       14219       -0.52   -0.463512  0.00106181
       14220       -0.52   -0.463516  0.00106175
       14221        -0.6   -0.463526  0.00106172
       14222       -0.52    -0.46353  0.00106165
       14223       -0.36   -0.463522   0.0010616
       14224       -0.44   -0.463521  0.00106152
       14225       -0.36   -0.463514  0.00106148
       14226       -0.44   -0.463512   0.0010614
       14227       -0.44    -0.46351  0.00106133
       14228       -0.68   -0.463525  0.00106136
       14229       -0.52   -0.463529   0.0010613
       14230       -0.68   -0.463545  0.00106133
       14231       -0.68    -0.46356  0.00106136
       14232       -0.68   -0.463575   0.0010614
       14233       -0.68    -0.46359  0.00106143
       14234        -0.6     -0.4636   0.0010614
       14235       -0.52   -0.463604  0.00106133
       14236        -0.6   -0.463613   0.0010613
       14237       -0.36   -0.463606  0.00106125
       14238       -0.44   -0.463604  0.00106118
       14239       -0.44   -0.463603  0.00106111
       14240       -0.36   -0.463596  0.00106106
       14241       -0.36   -0.463588  0.00106101
       14242       -0.52   -0.463592  0.00106094
       14243       -0.44   -0.463591  0.00106087
       14244       -0.28   -0.463578  0.00106087
       14245        -0.6   -0.463587  0.00106084
       14246       -0.28   -0.463574  0.00106084
       14247       -0.52   -0.463578  0.00106078
       14248       -0.52   -0.463582  0.00106071
       14249       -0.52   -0.463586  0.00106064
       14250       -0.44   -0.463585  0.00106057
       14251       -0.52   -0.463589   0.0010605
       14252       -0.52   -0.463592  0.00106044
       14253       -0.52   -0.463596  0.00106037
       14254       -0.28   -0.463584  0.00106037
       14255       -0.52   -0.463588  0.00106031
       14256        -0.6   -0.463597  0.00106027
       14257       -0.68   -0.463612  0.00106031
       14258        -0.6   -0.463622  0.00106028
       14259       -0.52   -0.463626  0.00106021
       14260       -0.44   -0.463624  0.00106014
       14261       -0.52   -0.463628  0.00106007
       14262       -0.28   -0.463615  0.00106007
       14263       -0.36   -0.463608  0.00106003
       14264       -0.36   -0.463601  0.00105998
       14265       -0.52   -0.463605  0.00105991
       14266       -0.52   -0.463609  0.00105984
       14267       -0.68   -0.463624  0.00105988
       14268       -0.44   -0.463622   0.0010598
       14269       -0.52   -0.463626  0.00105974
       14270        -0.6   -0.463636   0.0010597
       14271       -0.52    -0.46364  0.00105964
       14272       -0.52   -0.463643  0.00105957
       14273       -0.68   -0.463659  0.00105961
       14274       -0.52   -0.463663  0.00105954
       14275       -0.28    -0.46365  0.00105954
       14276        -0.2   -0.463631  0.00105963
       14277       -0.44    -0.46363  0.00105956
       14278        -0.6   -0.463639  0.00105953
       14279       -0.44   -0.463638  0.00105945
       14280        -0.6   -0.463647  0.00105942
       14281       -0.44   -0.463645  0.00105935
       14282       -0.36   -0.463638   0.0010593
       14283       -0.28   -0.463625   0.0010593
       14284       -0.44   -0.463624  0.00105923
       14285       -0.36   -0.463616  0.00105918
       14286       -0.44   -0.463615  0.00105911
       14287        -0.2   -0.463596  0.00105919
       14288       -0.36   -0.463589  0.00105914
       14289       -0.52   -0.463593  0.00105908
       14290       -0.44   -0.463591  0.00105901
       14291       -0.44    -0.46359  0.00105893
       14292       -0.52   -0.463594  0.00105887
       14293       -0.44   -0.463592  0.00105879
       14294       -0.44    -0.46359  0.00105872
       14295       -0.52   -0.463594  0.00105865
       14296       -0.68   -0.463609  0.00105869
       14297       -0.52   -0.463613  0.00105862
       14298       -0.68   -0.463628  0.00105866
       14299       -0.68   -0.463644  0.00105869
       14300       -0.52   -0.463648  0.00105862
       14301       -0.44   -0.463646  0.00105855
       14302       -0.44   -0.463644  0.00105848
       14303       -0.44   -0.463643   0.0010584
       14304        -0.2   -0.463624  0.00105849
       14305       -0.52   -0.463628  0.00105842
       14306       -0.36   -0.463621  0.00105837
       14307       -0.52   -0.463625  0.00105831
       14308       -0.76   -0.463646  0.00105844
       14309       -0.52   -0.463649  0.00105837
       14310        -0.6   -0.463659  0.00105834
       14311       -0.52   -0.463663  0.00105827
       14312        -0.6   -0.463672  0.00105824
       14313        -0.6   -0.463682  0.00105821
       14314        -0.6   -0.463691  0.00105818
       14315       -0.52   -0.463695  0.00105811
       14316       -0.52   -0.463699  0.00105805
       14317       -0.36   -0.463692    0.001058
       14318       -0.68   -0.463707  0.00105803
       14319        -0.6   -0.463717    0.001058
       14320       -0.76   -0.463737  0.00105813
       14321       -0.36    -0.46373  0.00105808
       14322       -0.44   -0.463729  0.00105801
       14323       -0.52   -0.463732  0.00105794
       14324       -0.44   -0.463731  0.00105787
       14325       -0.44   -0.463729   0.0010578
       14326       -0.52   -0.463733  0.00105773
       14327       -0.36   -0.463726  0.00105768
       14328       -0.44   -0.463724  0.00105761
       14329       -0.28   -0.463711  0.00105761
       14330       -0.36   -0.463704  0.00105756
       14331       -0.36   -0.463697  0.00105751
       14332       -0.28   -0.463684  0.00105752
       14333       -0.44   -0.463682  0.00105744
       14334       -0.44   -0.463681  0.00105737
       14335       -0.44   -0.463679   0.0010573
       14336        -0.6   -0.463689  0.00105727
       14337       -0.36   -0.463681  0.00105722
       14338       -0.28   -0.463669  0.00105722
       14339       -0.28   -0.463656  0.00105723
       14340        -0.2   -0.463637  0.00105731
       14341        -0.6   -0.463647  0.00105728
       14342       -0.76   -0.463668  0.00105741
       14343        -0.6   -0.463677  0.00105738
       14344        -0.6   -0.463687  0.00105735
       14345       -0.44   -0.463685  0.00105728
       14346       -0.44   -0.463683   0.0010572
       14347       -0.52   -0.463687  0.00105714
       14348        -0.6   -0.463697  0.00105711
       14349       -0.36   -0.463689  0.00105706
       14350       -0.52   -0.463693  0.00105699
       14351       -0.36   -0.463686  0.00105694
       14352       -0.52    -0.46369  0.00105688
       14353       -0.52   -0.463694  0.00105681
       14354       -0.44   -0.463692  0.00105674
       14355       -0.44   -0.463691  0.00105666
       14356       -0.44   -0.463689  0.00105659
       14357        -0.6   -0.463699  0.00105656
       14358        -0.6   -0.463708  0.00105653
       14359       -0.36   -0.463701  0.00105648
       14360        -0.6    -0.46371  0.00105645
       14361       -0.52   -0.463714  0.00105638
       14362       -0.36   -0.463707  0.00105634
       14363        -0.6   -0.463716   0.0010563
       14364       -0.68   -0.463732  0.00105634
       14365       -0.44    -0.46373  0.00105627
       14366       -0.36   -0.463723  0.00105622
       14367       -0.12   -0.463699  0.00105641
       14368       -0.52   -0.463703  0.00105635
       14369        -0.6   -0.463712  0.00105632
       14370       -0.68   -0.463727  0.00105635
       14371       -0.68   -0.463742  0.00105638
       14372       -0.44   -0.463741  0.00105631
       14373       -0.44   -0.463739  0.00105624
       14374       -0.52   -0.463743  0.00105617
       14375       -0.68   -0.463758  0.00105621
       14376        -0.6   -0.463767  0.00105618
       14377       -0.52   -0.463771  0.00105611
       14378        -0.6   -0.463781  0.00105608
       14379       -0.52   -0.463785  0.00105601
       14380       -0.44   -0.463783  0.00105594
       14381       -0.36   -0.463776  0.00105589
       14382       -0.36   -0.463769  0.00105584
       14383       -0.36   -0.463761  0.00105579
       14384       -0.44    -0.46376  0.00105572
       14385       -0.52   -0.463764  0.00105566
       14386       -0.52   -0.463768  0.00105559
       14387        -0.6   -0.463777  0.00105556
       14388       -0.52   -0.463781  0.00105549
       14389        -0.6    -0.46379  0.00105546
       14390       -0.36   -0.463783  0.00105541
       14391       -0.36   -0.463776  0.00105537
       14392       -0.52    -0.46378   0.0010553
       14393       -0.52   -0.463784  0.00105523
       14394       -0.68   -0.463799  0.00105527
       14395        -0.6   -0.463808  0.00105524
       14396       -0.68   -0.463823  0.00105527
       14397       -0.52   -0.463827   0.0010552
       14398       -0.68   -0.463842  0.00105524
       14399       -0.52   -0.463846  0.00105517
       14400        -0.6   -0.463856  0.00105514
       14401        -0.6   -0.463865  0.00105511
       14402        -0.6   -0.463874  0.00105508
       14403       -0.52   -0.463878  0.00105501
       14404       -0.36   -0.463871  0.00105496
       14405       -0.36   -0.463864  0.00105491
       14406       -0.44   -0.463862  0.00105484
       14407        -0.6   -0.463872  0.00105481
       14408       -0.44    -0.46387  0.00105474
       14409       -0.44   -0.463868  0.00105467
       14410       -0.52   -0.463872   0.0010546
       14411       -0.52   -0.463876  0.00105454
       14412        -0.6   -0.463886  0.00105451
       14413       -0.52    -0.46389  0.00105444
       14414       -0.36   -0.463882  0.00105439
       14415       -0.36   -0.463875  0.00105434
       14416       -0.52   -0.463879  0.00105428
       14417       -0.36   -0.463872  0.00105423
       14418       -0.28   -0.463859  0.00105423
       14419       -0.44   -0.463857  0.00105416
       14420       -0.36    -0.46385  0.00105411
       14421       -0.52   -0.463854  0.00105405
       14422       -0.44   -0.463852  0.00105397
       14423       -0.28    -0.46384  0.00105398
       14424        -0.6   -0.463849  0.00105395
       14425       -0.52   -0.463853  0.00105388
       14426       -0.52   -0.463857  0.00105382
       14427       -0.28   -0.463844  0.00105382
       14428        -0.2   -0.463826   0.0010539
       14429       -0.44   -0.463824  0.00105383
       14430       -0.44   -0.463823  0.00105376
       14431       -0.28    -0.46381  0.00105377
       14432       -0.28   -0.463797  0.00105377
       14433       -0.28   -0.463784  0.00105377
       14434       -0.44   -0.463783   0.0010537
       14435       -0.28    -0.46377  0.00105371
       14436        -0.2   -0.463752  0.00105379
       14437       -0.36   -0.463745  0.00105374
       14438       -0.52   -0.463748  0.00105368
       14439       -0.44   -0.463747   0.0010536
       14440       -0.52   -0.463751  0.00105354
       14441       -0.28   -0.463738  0.00105354
       14442        -0.6   -0.463747  0.00105351
       14443       -0.36    -0.46374  0.00105346
       14444       -0.36   -0.463733  0.00105342
       14445       -0.52   -0.463737  0.00105335
       14446       -0.36    -0.46373   0.0010533
       14447       -0.44   -0.463728  0.00105323
       14448       -0.52   -0.463732  0.00105316
       14449       -0.52   -0.463736   0.0010531
       14450       -0.44   -0.463734  0.00105303
       14451        -0.2   -0.463716  0.00105311
       14452       -0.36   -0.463709  0.00105306
       14453       -0.44   -0.463707  0.00105299
       14454       -0.36     -0.4637  0.00105294
       14455       -0.36   -0.463693  0.00105289
       14456       -0.52   -0.463697  0.00105283
       14457       -0.52   -0.463701  0.00105276
       14458        -0.2   -0.463682  0.00105285
       14459       -0.36   -0.463675   0.0010528
       14460       -0.52   -0.463679  0.00105273
       14461       -0.52   -0.463683  0.00105267
       14462       -0.36   -0.463676  0.00105262
       14463        -0.6   -0.463685  0.00105259
       14464       -0.36   -0.463678  0.00105254
       14465       -0.44   -0.463676  0.00105247
       14466        -0.6   -0.463686  0.00105244
       14467        -0.6   -0.463695  0.00105241
       14468        -0.6   -0.463705  0.00105238
       14469        -0.2   -0.463687  0.00105246
       14470       -0.44   -0.463685  0.00105239
       14471       -0.36   -0.463678  0.00105234
       14472       -0.28   -0.463665  0.00105235
       14473       -0.28   -0.463652  0.00105235
       14474       -0.44   -0.463651  0.00105228
       14475       -0.68   -0.463666  0.00105231
       14476       -0.68   -0.463681  0.00105235
       14477       -0.68   -0.463696  0.00105238
       14478        -0.6   -0.463705  0.00105235
       14479       -0.52   -0.463709  0.00105228
       14480       -0.36   -0.463702  0.00105224
       14481       -0.44     -0.4637  0.00105216
       14482       -0.52   -0.463704   0.0010521
       14483       -0.36   -0.463697  0.00105205
       14484       -0.44   -0.463695  0.00105198
       14485       -0.28   -0.463682  0.00105198
       14486       -0.52   -0.463686  0.00105192
       14487       -0.44   -0.463685  0.00105185
       14488       -0.36   -0.463678   0.0010518
       14489       -0.44   -0.463676  0.00105173
       14490        -0.6   -0.463685   0.0010517
       14491        -0.6   -0.463695  0.00105167
       14492       -0.36   -0.463688  0.00105162
       14493       -0.68   -0.463702  0.00105165
       14494       -0.28    -0.46369  0.00105165
       14495       -0.44   -0.463688  0.00105158
       14496       -0.68   -0.463703  0.00105162
       14497       -0.44   -0.463701  0.00105155
       14498       -0.52   -0.463705  0.00105148
       14499       -0.52   -0.463709  0.00105141
       14500       -0.44   -0.463708  0.00105134
       14501        -0.6   -0.463717  0.00105131
       14502       -0.76   -0.463737  0.00105144
       14503       -0.52   -0.463741  0.00105137
       14504       -0.68   -0.463756  0.00105141
       14505       -0.52    -0.46376  0.00105134
       14506       -0.52   -0.463764  0.00105128
       14507       -0.52   -0.463768  0.00105121
       14508       -0.76   -0.463788  0.00105134
       14509       -0.52   -0.463792  0.00105127
       14510       -0.68   -0.463807   0.0010513
       14511       -0.76   -0.463827  0.00105143
       14512       -0.76   -0.463848  0.00105156
       14513       -0.44   -0.463846  0.00105148
       14514        -0.6   -0.463856  0.00105145
       14515       -0.68    -0.46387  0.00105149
       14516       -0.36   -0.463863  0.00105144
       14517       -0.36   -0.463856  0.00105139
       14518       -0.44   -0.463855  0.00105132
       14519       -0.36   -0.463847  0.00105127
       14520       -0.36    -0.46384  0.00105122
       14521       -0.36   -0.463833  0.00105118
       14522       -0.52   -0.463837  0.00105111
       14523       -0.36    -0.46383  0.00105106
       14524       -0.44   -0.463828  0.00105099
       14525       -0.52   -0.463832  0.00105093
       14526        -0.6   -0.463841   0.0010509
       14527       -0.44    -0.46384  0.00105082
       14528        -0.6   -0.463849  0.00105079
       14529        -0.6   -0.463858  0.00105076
       14530       -0.44   -0.463857  0.00105069
       14531       -0.28   -0.463844   0.0010507
       14532       -0.44   -0.463843  0.00105063
       14533       -0.36   -0.463835  0.00105058
       14534        -0.6   -0.463845  0.00105055
       14535       -0.52   -0.463849  0.00105048
       14536       -0.44   -0.463847  0.00105041
       14537       -0.44   -0.463845  0.00105034
       14538       -0.52   -0.463849  0.00105027
       14539       -0.44   -0.463848   0.0010502
       14540       -0.44   -0.463846  0.00105013
       14541       -0.28   -0.463833  0.00105014
       14542       -0.44   -0.463832  0.00105007
       14543       -0.36   -0.463825  0.00105002
       14544       -0.44   -0.463823  0.00104995
       14545       -0.44   -0.463821  0.00104988
       14546       -0.36   -0.463814  0.00104983
       14547        -0.6   -0.463823   0.0010498
       14548        -0.2   -0.463805  0.00104988
       14549       -0.36   -0.463798  0.00104983
       14550       -0.28   -0.463786  0.00104984
       14551       -0.36   -0.463778  0.00104979
       14552       -0.52   -0.463782  0.00104972
       14553       -0.52   -0.463786  0.00104966
       14554       -0.44   -0.463785  0.00104959
       14555       -0.36   -0.463777  0.00104954
       14556       -0.28   -0.463765  0.00104954
       14557       -0.36   -0.463758   0.0010495
       14558       -0.44   -0.463756  0.00104943
       14559       -0.36   -0.463749  0.00104938
       14560       -0.44   -0.463747  0.00104931
       14561       -0.52   -0.463751  0.00104924
       14562        -0.2   -0.463733  0.00104933
       14563       -0.52   -0.463737  0.00104926
       14564        -0.6   -0.463746  0.00104923
       14565       -0.52    -0.46375  0.00104917
       14566       -0.44   -0.463748   0.0010491
       14567       -0.52   -0.463752  0.00104903
       14568       -0.28    -0.46374  0.00104903
       14569       -0.36   -0.463733  0.00104899
       14570       -0.44   -0.463731  0.00104892
       14571       -0.44   -0.463729  0.00104885
       14572        -0.6   -0.463739  0.00104882
       14573       -0.28   -0.463726  0.00104882
       14574        -0.6   -0.463735  0.00104879
       14575       -0.68    -0.46375  0.00104882
       14576       -0.52   -0.463754  0.00104876
       14577        -0.6   -0.463763  0.00104873
       14578       -0.68   -0.463778  0.00104876
       14579       -0.52   -0.463782  0.00104869
       14580       -0.44   -0.463781  0.00104862
       14581       -0.36   -0.463773  0.00104858
       14582       -0.44   -0.463772  0.00104851
       14583       -0.36   -0.463765  0.00104846
       14584       -0.52   -0.463769  0.00104839
       14585       -0.52   -0.463772  0.00104833
       14586       -0.36   -0.463765  0.00104828
       14587       -0.44   -0.463764  0.00104821
       14588       -0.36   -0.463757  0.00104816
       14589       -0.68   -0.463771   0.0010482
       14590        -0.6   -0.463781  0.00104816
       14591       -0.44   -0.463779  0.00104809
       14592       -0.28   -0.463766   0.0010481
       14593       -0.44   -0.463765  0.00104803
       14594       -0.36   -0.463758  0.00104798
       14595       -0.36   -0.463751  0.00104793
       14596       -0.44   -0.463749  0.00104786
       14597       -0.52   -0.463753   0.0010478
       14598        -0.6   -0.463762  0.00104777
       14599       -0.52   -0.463766   0.0010477
       14600        -0.6   -0.463775  0.00104767
       14601       -0.68    -0.46379   0.0010477
       14602       -0.52   -0.463794  0.00104764
       14603       -0.36   -0.463787  0.00104759
       14604       -0.52   -0.463791  0.00104753
       14605        -0.6     -0.4638   0.0010475
       14606        -0.6   -0.463809  0.00104747
       14607        -0.6   -0.463819  0.00104744
       14608       -0.52   -0.463823  0.00104737
       14609       -0.28    -0.46381  0.00104738
       14610       -0.36   -0.463803  0.00104733
       14611       -0.44   -0.463801  0.00104726
       14612        -0.2   -0.463783  0.00104734
       14613       -0.52   -0.463787  0.00104728
       14614        -0.6   -0.463796  0.00104725
       14615        -0.6   -0.463806  0.00104722
       14616       -0.52    -0.46381  0.00104715
       14617       -0.44   -0.463808  0.00104708
       14618       -0.36   -0.463801  0.00104703
       14619       -0.44   -0.463799  0.00104696
       14620        -0.6   -0.463808  0.00104693
       14621        -0.6   -0.463818   0.0010469
       14622        -0.6   -0.463827  0.00104687
       14623       -0.44   -0.463825   0.0010468
       14624        -0.6   -0.463835  0.00104677
       14625       -0.68    -0.46385  0.00104681
       14626       -0.28   -0.463837  0.00104681
       14627       -0.36    -0.46383  0.00104676
       14628       -0.28   -0.463817  0.00104677
       14629       -0.52   -0.463821   0.0010467
       14630       -0.44    -0.46382  0.00104663
       14631        -0.6   -0.463829   0.0010466
       14632       -0.76   -0.463849  0.00104673
       14633       -0.44   -0.463847  0.00104666
       14634       -0.52   -0.463851  0.00104659
       14635        -0.6   -0.463861  0.00104656
       14636       -0.44   -0.463859  0.00104649
       14637       -0.44   -0.463857  0.00104642
       14638        -0.6   -0.463867  0.00104639
       14639       -0.36    -0.46386  0.00104634
       14640       -0.36   -0.463852   0.0010463
       14641       -0.44   -0.463851  0.00104623
       14642       -0.52   -0.463855  0.00104616
       14643        -0.6   -0.463864  0.00104613
       14644       -0.44   -0.463862  0.00104606
       14645        -0.6   -0.463872  0.00104603
       14646       -0.68   -0.463886  0.00104606
       14647       -0.68   -0.463901   0.0010461
       14648        -0.6    -0.46391  0.00104607
       14649       -0.68   -0.463925   0.0010461
       14650       -0.52   -0.463929  0.00104603
       14651       -0.52   -0.463933  0.00104597
       14652       -0.44   -0.463931   0.0010459
       14653       -0.12   -0.463908  0.00104609
       14654       -0.04   -0.463879  0.00104642
       14655       -0.44   -0.463877  0.00104635
       14656        -0.6   -0.463886  0.00104632
       14657       -0.68   -0.463901  0.00104635
       14658       -0.36   -0.463894   0.0010463
       14659       -0.52   -0.463898  0.00104624
       14660       -0.52   -0.463902  0.00104618
       14661       -0.52   -0.463906  0.00104611
       14662        -0.6   -0.463915  0.00104608
       14663       -0.36   -0.463908  0.00104603
       14664       -0.36   -0.463901  0.00104599
       14665       -0.36   -0.463894  0.00104594
       14666       -0.44   -0.463892  0.00104587
       14667       -0.28   -0.463879  0.00104587
       14668       -0.52   -0.463883  0.00104581
       14669       -0.52   -0.463887  0.00104574
       14670       -0.52   -0.463891  0.00104568
       14671       -0.12   -0.463867  0.00104587
       14672       -0.36    -0.46386  0.00104582
       14673       -0.52   -0.463864  0.00104576
       14674       -0.36   -0.463857  0.00104571
       14675       -0.28   -0.463845  0.00104572
       14676       -0.36   -0.463838  0.00104567
       14677       -0.44   -0.463836   0.0010456
       14678       -0.44   -0.463834  0.00104553
       14679       -0.52   -0.463838  0.00104546
       14680       -0.52   -0.463842   0.0010454
       14681       -0.76   -0.463862  0.00104552
       14682        -0.6   -0.463871  0.00104549
       14683       -0.52   -0.463875  0.00104543
       14684        -0.2   -0.463857  0.00104551
       14685       -0.44   -0.463856  0.00104544
       14686       -0.44   -0.463854  0.00104537
       14687       -0.28   -0.463841  0.00104538
       14688       -0.36   -0.463834  0.00104533
       14689       -0.36   -0.463827  0.00104528
       14690       -0.36    -0.46382  0.00104524
       14691       -0.36   -0.463813  0.00104519
       14692       -0.28   -0.463801  0.00104519
       14693        -0.2   -0.463783  0.00104527
       14694       -0.28    -0.46377  0.00104528
       14695       -0.28   -0.463758  0.00104528
       14696        -0.2    -0.46374  0.00104537
       14697       -0.36   -0.463733  0.00104532
       14698       -0.36   -0.463726  0.00104527
       14699       -0.52    -0.46373  0.00104521
       14700       -0.44   -0.463728  0.00104514
       14701       -0.36   -0.463721  0.00104509
       14702       -0.52   -0.463725  0.00104503
       14703       -0.28   -0.463712  0.00104503
       14704       -0.28     -0.4637  0.00104503
       14705       -0.28   -0.463687  0.00104504
       14706       -0.28   -0.463675  0.00104504
       14707        -0.2   -0.463657  0.00104512
       14708       -0.68   -0.463671  0.00104515
       14709       -0.52   -0.463675  0.00104509
       14710       -0.36   -0.463668  0.00104504
       14711       -0.44   -0.463667  0.00104497
       14712       -0.52    -0.46367  0.00104491
       14713       -0.36   -0.463663  0.00104486
       14714       -0.36   -0.463656  0.00104482
       14715       -0.52    -0.46366  0.00104475
       14716       -0.36   -0.463653   0.0010447
       14717       -0.52   -0.463657  0.00104464
       14718        -0.6   -0.463666  0.00104461
       14719       -0.52    -0.46367  0.00104455
       14720        -0.6   -0.463679  0.00104452
       14721       -0.28   -0.463667  0.00104452
       14722        -0.2   -0.463649   0.0010446
       14723       -0.52   -0.463653  0.00104454
       14724       -0.52   -0.463657  0.00104447
       14725        -0.6   -0.463666  0.00104444
       14726        -0.6   -0.463675  0.00104441
       14727       -0.52   -0.463679  0.00104435
       14728       -0.36   -0.463672   0.0010443
       14729        -0.6   -0.463681  0.00104427
       14730        -0.2   -0.463663  0.00104436
       14731       -0.36   -0.463656  0.00104431
       14732        -0.6   -0.463665  0.00104428
       14733       -0.52   -0.463669  0.00104422
       14734       -0.44   -0.463668  0.00104415
       14735       -0.44   -0.463666  0.00104408
       14736       -0.52    -0.46367  0.00104401
       14737       -0.52   -0.463674  0.00104395
       14738       -0.44   -0.463672  0.00104388
       14739       -0.52   -0.463676  0.00104381
       14740       -0.76   -0.463696  0.00104394
       14741       -0.52     -0.4637  0.00104387
       14742       -0.44   -0.463698   0.0010438
       14743       -0.36   -0.463691  0.00104376
       14744        -0.6     -0.4637  0.00104373
       14745       -0.04   -0.463672  0.00104405
       14746       -0.36   -0.463665    0.001044
       14747       -0.44   -0.463663  0.00104394
       14748       -0.68   -0.463678  0.00104397
       14749        -0.2    -0.46366  0.00104405
       14750       -0.44   -0.463658  0.00104398
       14751       -0.52   -0.463662  0.00104392
       14752       -0.36   -0.463655  0.00104387
       14753        -0.6   -0.463664  0.00104384
       14754       -0.52   -0.463668  0.00104378
       14755       -0.28   -0.463656  0.00104378
       14756       -0.52    -0.46366  0.00104372
       14757       -0.68   -0.463674  0.00104375
       14758       -0.68   -0.463689  0.00104378
       14759       -0.44   -0.463687  0.00104371
       14760        -0.6   -0.463696  0.00104368
       14761        -0.6   -0.463706  0.00104365
       14762       -0.52    -0.46371  0.00104359
       14763       -0.12   -0.463686  0.00104378
       14764       -0.36   -0.463679  0.00104373
       14765       -0.28   -0.463667  0.00104373
       14766       -0.12   -0.463644  0.00104392
       14767       -0.52   -0.463647  0.00104386
       14768       -0.44   -0.463646  0.00104379
       14769       -0.44   -0.463644  0.00104372
       14770       -0.28   -0.463632  0.00104372
       14771       -0.44    -0.46363  0.00104365
       14772        -0.2   -0.463612  0.00104373
       14773       -0.44   -0.463611  0.00104366
       14774       -0.28   -0.463598  0.00104367
       14775       -0.36   -0.463591  0.00104362
       14776       -0.28   -0.463579  0.00104362
       14777       -0.44   -0.463577  0.00104356
       14778        -0.6   -0.463586  0.00104353
       14779       -0.68   -0.463601  0.00104356
       14780        -0.6    -0.46361  0.00104353
       14781       -0.68   -0.463625  0.00104356
       14782       -0.76   -0.463645  0.00104368
       14783       -0.36   -0.463638  0.00104363
       14784       -0.44   -0.463636  0.00104357
       14785       -0.44   -0.463635   0.0010435
       14786       -0.52   -0.463639  0.00104343
       14787        -0.6   -0.463648   0.0010434
       14788        -0.6   -0.463657  0.00104337
       14789       -0.68   -0.463672   0.0010434
       14790       -0.36   -0.463665  0.00104336
       14791       -0.52   -0.463668  0.00104329
       14792       -0.28   -0.463656   0.0010433
       14793       -0.44   -0.463654  0.00104323
       14794       -0.44   -0.463653  0.00104316
       14795        -0.2   -0.463635  0.00104324
       14796        -0.6   -0.463644  0.00104321
       14797       -0.36   -0.463637  0.00104316
       14798       -0.44   -0.463636  0.00104309
       14799       -0.12   -0.463612  0.00104328
       14800        -0.6   -0.463622  0.00104325
       14801       -0.44    -0.46362  0.00104318
       14802       -0.52   -0.463624  0.00104312
       14803       -0.44   -0.463622  0.00104305
       14804       -0.44   -0.463621  0.00104298
       14805        -0.6    -0.46363  0.00104295
       14806       -0.44   -0.463628  0.00104288
       14807        -0.6   -0.463637  0.00104285
       14808       -0.52   -0.463641  0.00104279
       14809       -0.12   -0.463618  0.00104298
       14810       -0.52   -0.463622  0.00104291
       14811       -0.44    -0.46362  0.00104284
       14812       -0.44   -0.463619  0.00104277
       14813        -0.6   -0.463628  0.00104275
       14814        -0.6   -0.463637  0.00104272
       14815       -0.52   -0.463641  0.00104265
       14816       -0.52   -0.463645  0.00104259
       14817       -0.52   -0.463649  0.00104253
       14818        -0.6   -0.463658   0.0010425
       14819       -0.44   -0.463656  0.00104243
       14820       -0.52    -0.46366  0.00104236
       14821       -0.52   -0.463664   0.0010423
       14822       -0.68   -0.463678  0.00104233
       14823        -0.6   -0.463688   0.0010423
       14824       -0.76   -0.463708  0.00104242
       14825       -0.68   -0.463722  0.00104245
       14826        -0.2   -0.463704  0.00104254
       14827       -0.68   -0.463719  0.00104257
       14828       -0.28   -0.463707  0.00104257
       14829       -0.52    -0.46371  0.00104251
       14830       -0.36   -0.463703  0.00104246
       14831       -0.68   -0.463718  0.00104249
       14832       -0.36   -0.463711  0.00104245
       14833       -0.28   -0.463699  0.00104245
       14834       -0.12   -0.463675  0.00104264
       14835       -0.36   -0.463668  0.00104259
       14836       -0.36   -0.463661  0.00104254
       14837       -0.28   -0.463649  0.00104255
       14838       -0.36   -0.463642   0.0010425
       14839        -0.2   -0.463624  0.00104258
       14840       -0.52   -0.463628  0.00104252
       14841       -0.52   -0.463632  0.00104245
       14842       -0.52   -0.463636  0.00104239
       14843       -0.44   -0.463634  0.00104232
       14844       -0.44   -0.463632  0.00104225
       14845       -0.44   -0.463631  0.00104218
       14846       -0.52   -0.463635  0.00104212
       14847       -0.52   -0.463638  0.00104206
       14848       -0.68   -0.463653  0.00104209
       14849        -0.6   -0.463662  0.00104206
       14850       -0.44   -0.463661  0.00104199
       14851       -0.36   -0.463654  0.00104194
       14852       -0.36   -0.463647   0.0010419
       14853        -0.2   -0.463629  0.00104198
       14854       -0.36   -0.463622  0.00104193
       14855       -0.52   -0.463626  0.00104187
       14856       -0.44   -0.463624   0.0010418
       14857       -0.52   -0.463628  0.00104173
       14858       -0.68   -0.463642  0.00104177
       14859       -0.44   -0.463641   0.0010417
       14860        -0.6    -0.46365  0.00104167
       14861       -0.52   -0.463654   0.0010416
       14862       -0.36   -0.463647  0.00104156
       14863       -0.52   -0.463651  0.00104149
       14864       -0.36   -0.463644  0.00104145
       14865       -0.52   -0.463647  0.00104139
       14866       -0.52   -0.463651  0.00104132
       14867       -0.44    -0.46365  0.00104125
       14868       -0.36   -0.463643  0.00104121
       14869       -0.52   -0.463647  0.00104114
       14870        -0.6   -0.463656  0.00104111
       14871       -0.52   -0.463659  0.00104105
       14872       -0.68   -0.463674  0.00104108
       14873       -0.68   -0.463689  0.00104111
       14874       -0.52   -0.463692  0.00104105
       14875       -0.44   -0.463691  0.00104098
       14876       -0.44   -0.463689  0.00104091
       14877       -0.36   -0.463682  0.00104087
       14878       -0.52   -0.463686   0.0010408
       14879        -0.6   -0.463695  0.00104077
       14880       -0.52   -0.463699  0.00104071
       14881       -0.36   -0.463692  0.00104066
       14882       -0.28    -0.46368  0.00104067
       14883       -0.28   -0.463667  0.00104067
       14884       -0.44   -0.463666   0.0010406
       14885       -0.44   -0.463664  0.00104053
       14886       -0.44   -0.463663  0.00104046
       14887       -0.36   -0.463656  0.00104042
       14888       -0.36   -0.463649  0.00104037
       14889       -0.36   -0.463642  0.00104032
       14890       -0.28   -0.463629  0.00104033
       14891       -0.36   -0.463622  0.00104028
       14892       -0.36   -0.463615  0.00104023
       14893       -0.44   -0.463614  0.00104017
       14894       -0.36   -0.463607  0.00104012
       14895       -0.52   -0.463611  0.00104006
       14896       -0.44   -0.463609  0.00103999
       14897       -0.44   -0.463607  0.00103992
       14898       -0.68   -0.463622  0.00103995
       14899       -0.36   -0.463615   0.0010399
       14900       -0.44   -0.463613  0.00103984
       14901       -0.36   -0.463606  0.00103979
       14902       -0.44   -0.463605  0.00103972
       14903        -0.6   -0.463614  0.00103969
       14904       -0.52   -0.463618  0.00103963
       14905       -0.36   -0.463611  0.00103958
       14906        -0.6    -0.46362  0.00103955
       14907        -0.6   -0.463629  0.00103952
       14908       -0.28   -0.463617  0.00103953
       14909       -0.52   -0.463621  0.00103946
       14910       -0.44   -0.463619  0.00103939
       14911       -0.36   -0.463612  0.00103935
       14912       -0.44   -0.463611  0.00103928
       14913        -0.6    -0.46362  0.00103925
       14914       -0.36   -0.463613   0.0010392
       14915       -0.36   -0.463606  0.00103916
       14916       -0.52    -0.46361  0.00103909
       14917       -0.28   -0.463597   0.0010391
       14918       -0.28   -0.463585   0.0010391
       14919       -0.36   -0.463578  0.00103905
       14920        -0.6   -0.463587  0.00103903
       14921       -0.44   -0.463586  0.00103896
       14922       -0.28   -0.463573  0.00103896
       14923       -0.36   -0.463566  0.00103891
       14924        -0.6   -0.463575  0.00103888
       14925       -0.28   -0.463563  0.00103889
       14926       -0.44   -0.463562  0.00103882
       14927        -0.2   -0.463544   0.0010389
       14928       -0.52   -0.463548  0.00103884
       14929       -0.28   -0.463535  0.00103884
       14930        -0.2   -0.463518  0.00103892
       14931       -0.52   -0.463522  0.00103886
       14932        -0.6   -0.463531  0.00103883
       14933       -0.68   -0.463545  0.00103886
       14934       -0.76   -0.463565  0.00103898
       14935       -0.52   -0.463569  0.00103892
       14936       -0.68   -0.463583  0.00103895
       14937       -0.68   -0.463598  0.00103898
       14938        -0.6   -0.463607  0.00103895
       14939       -0.36     -0.4636   0.0010389
       14940       -0.44   -0.463598  0.00103884
       14941       -0.12   -0.463575  0.00103902
       14942       -0.28   -0.463563  0.00103902
       14943       -0.52   -0.463567  0.00103896
       14944       -0.44   -0.463565  0.00103889
       14945       -0.68    -0.46358  0.00103892
       14946       -0.52   -0.463584  0.00103886
       14947       -0.52   -0.463587   0.0010388
       14948       -0.52   -0.463591  0.00103874
       14949       -0.36   -0.463584  0.00103869
       14950        -0.6   -0.463593  0.00103866
       14951       -0.52   -0.463597   0.0010386
       14952       -0.52   -0.463601  0.00103854
       14953       -0.68   -0.463615  0.00103857
       14954       -0.44   -0.463614   0.0010385
       14955       -0.52   -0.463618  0.00103844
       14956       -0.44   -0.463616  0.00103837
       14957        -0.6   -0.463625  0.00103834
       14958       -0.68    -0.46364  0.00103837
       14959        -0.6   -0.463649  0.00103834
       14960       -0.44   -0.463647  0.00103827
       14961       -0.52   -0.463651  0.00103821
       14962       -0.52   -0.463655  0.00103815
       14963       -0.28   -0.463642  0.00103815
       14964       -0.52   -0.463646  0.00103809
       14965       -0.52    -0.46365  0.00103803
       14966       -0.44   -0.463648  0.00103796
       14967       -0.68   -0.463663  0.00103799
       14968       -0.68   -0.463677  0.00103802
       14969       -0.36    -0.46367  0.00103797
       14970        -0.2   -0.463653  0.00103805
       14971       -0.44   -0.463651  0.00103799
       14972       -0.36   -0.463644  0.00103794
       14973       -0.44   -0.463643  0.00103787
       14974       -0.76   -0.463662  0.00103799
       14975       -0.76   -0.463682  0.00103811
       14976        -0.6   -0.463691  0.00103808
       14977       -0.76   -0.463711   0.0010382
       14978        -0.6    -0.46372  0.00103817
       14979       -0.52   -0.463724  0.00103811
       14980       -0.36   -0.463717  0.00103806
       14981       -0.52   -0.463721    0.001038
       14982        -0.6    -0.46373  0.00103797
       14983       -0.52   -0.463734  0.00103791
       14984       -0.36   -0.463727  0.00103786
       14985       -0.44   -0.463725  0.00103779
       14986       -0.36   -0.463718  0.00103775
       14987       -0.52   -0.463722  0.00103768
       14988       -0.36   -0.463715  0.00103764
       14989       -0.36   -0.463708  0.00103759
       14990       -0.52   -0.463712  0.00103753
       14991       -0.52   -0.463716  0.00103747
       14992       -0.68    -0.46373   0.0010375
       14993       -0.76    -0.46375  0.00103762
       14994       -0.76    -0.46377  0.00103774
       14995        -0.6   -0.463779  0.00103771
       14996       -0.68   -0.463793  0.00103774
       14997       -0.44   -0.463791  0.00103767
       14998       -0.52   -0.463795  0.00103761
       14999       -0.52   -0.463799  0.00103754
       15000       -0.36   -0.463792   0.0010375
       15001       -0.52   -0.463796  0.00103744
       15002       -0.68    -0.46381  0.00103747
       15003       -0.68   -0.463825   0.0010375
       15004        -0.6   -0.463834  0.00103747
       15005        -0.2   -0.463816  0.00103755
       15006       -0.36   -0.463809   0.0010375
       15007       -0.44   -0.463808  0.00103743
       15008       -0.52   -0.463811  0.00103737
       15009       -0.52   -0.463815  0.00103731
       15010       -0.52   -0.463819  0.00103725
       15011        -0.6   -0.463828  0.00103722
       15012       -0.44   -0.463826  0.00103715
       15013       -0.44   -0.463825  0.00103708
       15014       -0.36   -0.463818  0.00103704
       15015        -0.6   -0.463827  0.00103701
       15016       -0.36    -0.46382  0.00103696
       15017       -0.36   -0.463813  0.00103691
       15018       -0.52   -0.463817  0.00103685
       15019        -0.6   -0.463826  0.00103682
       15020       -0.44   -0.463824  0.00103676
       15021       -0.36   -0.463817  0.00103671
       15022       -0.28   -0.463805  0.00103671
       15023        -0.2   -0.463788  0.00103679
       15024       -0.36   -0.463781  0.00103675
       15025       -0.28   -0.463768  0.00103675
       15026       -0.36   -0.463761   0.0010367
       15027       -0.36   -0.463755  0.00103666
       15028       -0.28   -0.463742  0.00103666
       15029        -0.6   -0.463751  0.00103663
       15030       -0.28   -0.463739  0.00103663
       15031       -0.44   -0.463738  0.00103657
       15032        -0.6   -0.463747  0.00103654
       15033       -0.68   -0.463761  0.00103657
       15034       -0.52   -0.463765  0.00103651
       15035       -0.52   -0.463769  0.00103644
       15036       -0.36   -0.463762   0.0010364
       15037       -0.28   -0.463749   0.0010364
       15038       -0.36   -0.463743  0.00103635
       15039       -0.36   -0.463736  0.00103631
       15040       -0.52   -0.463739  0.00103625
       15041       -0.36   -0.463732   0.0010362
       15042       -0.44   -0.463731  0.00103613
       15043        -0.6    -0.46374   0.0010361
       15044       -0.44   -0.463738  0.00103604
       15045       -0.36   -0.463731  0.00103599
       15046       -0.52   -0.463735  0.00103593
       15047        -0.2   -0.463718  0.00103601
       15048       -0.36   -0.463711  0.00103596
       15049       -0.36   -0.463704  0.00103592
       15050       -0.28   -0.463692  0.00103592
       15051       -0.28   -0.463679  0.00103592
       15052       -0.52   -0.463683  0.00103586
       15053       -0.44   -0.463682  0.00103579
       15054        -0.6   -0.463691  0.00103576
       15055       -0.84   -0.463716    0.001036
       15056       -0.76   -0.463735  0.00103611
       15057       -0.36   -0.463728  0.00103607
       15058       -0.52   -0.463732  0.00103601
       15059       -0.68   -0.463747  0.00103604
       15060       -0.68   -0.463761  0.00103607
       15061       -0.52   -0.463765  0.00103601
       15062       -0.52   -0.463768  0.00103594
       15063       -0.36   -0.463762   0.0010359
       15064       -0.52   -0.463765  0.00103584
       15065        -0.2   -0.463748  0.00103591
       15066       -0.52   -0.463751  0.00103585
       15067       -0.44    -0.46375  0.00103578
       15068       -0.44   -0.463748  0.00103572
       15069       -0.36   -0.463741  0.00103567
       15070       -0.28   -0.463729  0.00103567
       15071       -0.52   -0.463733  0.00103561
       15072       -0.52   -0.463737  0.00103555
       15073       -0.52    -0.46374  0.00103549
       15074       -0.52   -0.463744  0.00103543
       15075        -0.6   -0.463753   0.0010354
       15076       -0.44   -0.463752  0.00103533
       15077       -0.36   -0.463745  0.00103528
       15078       -0.44   -0.463743  0.00103522
       15079       -0.44   -0.463742  0.00103515
       15080       -0.36   -0.463735   0.0010351
       15081       -0.28   -0.463723  0.00103511
       15082       -0.36   -0.463716  0.00103506
       15083       -0.36   -0.463709  0.00103501
       15084       -0.44   -0.463707  0.00103495
       15085       -0.44   -0.463706  0.00103488
       15086       -0.44   -0.463704  0.00103481
       15087        -0.2   -0.463687  0.00103489
       15088       -0.44   -0.463685  0.00103482
       15089       -0.44   -0.463683  0.00103476
       15090       -0.36   -0.463677  0.00103471
       15091       -0.12   -0.463654  0.00103489
       15092       -0.28   -0.463642   0.0010349
       15093       -0.44    -0.46364  0.00103483
       15094       -0.52   -0.463644  0.00103477
       15095       -0.36   -0.463637  0.00103472
       15096       -0.36    -0.46363  0.00103468
       15097       -0.28   -0.463618  0.00103468
       15098       -0.52   -0.463622  0.00103462
       15099       -0.36   -0.463615  0.00103457
       15100       -0.36   -0.463608  0.00103452
       15101        -0.2    -0.46359   0.0010346
       15102       -0.44   -0.463589  0.00103454
       15103       -0.28   -0.463577  0.00103454
       15104        -0.2   -0.463559  0.00103462
       15105       -0.44   -0.463558  0.00103455
       15106       -0.44   -0.463556  0.00103448
       15107       -0.36   -0.463549  0.00103444
       15108       -0.36   -0.463542  0.00103439
       15109       -0.44   -0.463541  0.00103432
       15110       -0.44   -0.463539  0.00103426
       15111       -0.28   -0.463527  0.00103426
       15112       -0.36    -0.46352  0.00103421
       15113       -0.28   -0.463508  0.00103422
       15114        -0.6   -0.463517  0.00103419
       15115        -0.6   -0.463526  0.00103416
       15116       -0.44   -0.463525  0.00103409
       15117       -0.44   -0.463523  0.00103402
       15118        -0.6   -0.463532    0.001034
       15119       -0.76   -0.463552  0.00103411
       15120       -0.68   -0.463566  0.00103414
       15121       -0.36   -0.463559   0.0010341
       15122       -0.44   -0.463558  0.00103403
       15123       -0.36   -0.463551  0.00103399
       15124       -0.36   -0.463544  0.00103394
       15125       -0.28   -0.463532  0.00103394
       15126       -0.12   -0.463509  0.00103412
       15127       -0.44   -0.463508  0.00103406
       15128       -0.28   -0.463496  0.00103406
       15129       -0.44   -0.463494  0.00103399
       15130       -0.12   -0.463471  0.00103417
       15131       -0.36   -0.463464  0.00103413
       15132       -0.52   -0.463468  0.00103407
       15133       -0.52   -0.463472    0.001034
       15134       -0.28    -0.46346  0.00103401
       15135       -0.44   -0.463458  0.00103394
       15136       -0.44   -0.463457  0.00103387
       15137       -0.68   -0.463471   0.0010339
       15138       -0.44   -0.463469  0.00103384
       15139        -0.2   -0.463452  0.00103391
       15140       -0.28    -0.46344  0.00103392
       15141       -0.36   -0.463433  0.00103387
       15142       -0.52   -0.463437  0.00103381
       15143        -0.6   -0.463446  0.00103378
       15144       -0.52    -0.46345  0.00103372
       15145       -0.52   -0.463453  0.00103366
       15146       -0.28   -0.463441  0.00103366
       15147       -0.28   -0.463429  0.00103366
       15148       -0.36   -0.463422  0.00103362
       15149       -0.52   -0.463426  0.00103356
       15150        -0.6   -0.463435  0.00103353
       15151        -0.6   -0.463444   0.0010335
       15152       -0.44   -0.463442  0.00103343
       15153        -0.6   -0.463451   0.0010334
       15154       -0.44    -0.46345  0.00103333
       15155       -0.44   -0.463448  0.00103327
       15156        -0.2   -0.463431  0.00103335
       15157       -0.44   -0.463429  0.00103328
       15158       -0.44   -0.463428  0.00103321
       15159       -0.36   -0.463421  0.00103317
       15160       -0.44    -0.46342   0.0010331
       15161       -0.28   -0.463407   0.0010331
       15162       -0.36   -0.463401  0.00103306
       15163        -0.6    -0.46341  0.00103303
       15164       -0.52   -0.463413  0.00103297
       15165       -0.36   -0.463407  0.00103292
       15166        -0.2   -0.463389    0.001033
       15167       -0.44   -0.463388  0.00103293
       15168       -0.36   -0.463381  0.00103289
       15169       -0.44   -0.463379  0.00103282
       15170       -0.52   -0.463383  0.00103276
       15171        -0.6   -0.463392  0.00103273
       15172        -0.6   -0.463401   0.0010327
       15173       -0.52   -0.463405  0.00103264
       15174        -0.2   -0.463387  0.00103272
       15175       -0.28   -0.463375  0.00103272
       15176       -0.44   -0.463374  0.00103265
       15177       -0.68   -0.463388  0.00103268
       15178       -0.52   -0.463392  0.00103262
       15179       -0.44    -0.46339  0.00103255
       15180       -0.36   -0.463383  0.00103251
       15181       -0.52   -0.463387  0.00103245
       15182       -0.52   -0.463391  0.00103239
       15183       -0.68   -0.463405  0.00103242
       15184       -0.68   -0.463419  0.00103245
       15185       -0.68   -0.463434  0.00103248
       15186       -0.36   -0.463427  0.00103243
       15187       -0.44   -0.463425  0.00103237
       15188       -0.28   -0.463413  0.00103237
       15189       -0.68   -0.463427   0.0010324
       15190       -0.28   -0.463415   0.0010324
       15191       -0.36   -0.463409  0.00103236
       15192       -0.52   -0.463412  0.00103229
       15193       -0.28     -0.4634   0.0010323
       15194       -0.28   -0.463388   0.0010323
       15195       -0.52   -0.463392  0.00103224
       15196       -0.52   -0.463396  0.00103218
       15197       -0.52   -0.463399  0.00103212
       15198        -0.6   -0.463408  0.00103209
       15199       -0.68   -0.463423  0.00103212
       15200       -0.12     -0.4634   0.0010323
       15201       -0.44   -0.463398  0.00103223
       15202       -0.52   -0.463402  0.00103217
       15203        -0.6   -0.463411  0.00103214
       15204        -0.6    -0.46342  0.00103211
       15205       -0.52   -0.463424  0.00103205
       15206       -0.28   -0.463412  0.00103205
       15207       -0.28     -0.4634  0.00103206
       15208       -0.28   -0.463388  0.00103206
       15209       -0.44   -0.463386  0.00103199
       15210       -0.36   -0.463379  0.00103195
       15211       -0.28   -0.463367  0.00103195
       15212       -0.52   -0.463371  0.00103189
       15213       -0.36   -0.463364  0.00103184
       15214       -0.52   -0.463368  0.00103178
       15215       -0.28   -0.463356  0.00103178
       15216        -0.6   -0.463365  0.00103176
       15217       -0.44   -0.463363  0.00103169
       15218       -0.44   -0.463362  0.00103162
       15219       -0.44    -0.46336  0.00103156
       15220       -0.52   -0.463364  0.00103149
       15221        -0.6   -0.463373  0.00103147
       15222       -0.44   -0.463371   0.0010314
       15223       -0.52   -0.463375  0.00103134
       15224       -0.44   -0.463374  0.00103127
       15225       -0.52   -0.463377  0.00103121
       15226       -0.68   -0.463392  0.00103124
       15227       -0.76   -0.463411  0.00103136
       15228       -0.52   -0.463415   0.0010313
       15229       -0.52   -0.463418  0.00103123
       15230       -0.44   -0.463417  0.00103117
       15231       -0.44   -0.463415   0.0010311
       15232       -0.44   -0.463414  0.00103104
       15233       -0.44   -0.463412  0.00103097
       15234       -0.44   -0.463411   0.0010309
       15235       -0.28   -0.463399   0.0010309
       15236       -0.44   -0.463397  0.00103084
       15237       -0.52   -0.463401  0.00103078
       15238       -0.28   -0.463389  0.00103078
       15239       -0.52   -0.463393  0.00103072
       15240       -0.36   -0.463386  0.00103067
       15241        -0.6   -0.463395  0.00103064
       15242       -0.44   -0.463393  0.00103058
       15243        -0.6   -0.463402  0.00103055
       15244       -0.68   -0.463416  0.00103058
       15245        -0.6   -0.463425  0.00103055
       15246       -0.44   -0.463424  0.00103049
       15247       -0.44   -0.463422  0.00103042
       15248       -0.36   -0.463416  0.00103037
       15249       -0.36   -0.463409  0.00103033
       15250       -0.44   -0.463407  0.00103026
       15251       -0.28   -0.463395  0.00103026
       15252       -0.52   -0.463399   0.0010302
       15253       -0.44   -0.463397  0.00103014
       15254       -0.44   -0.463396  0.00103007
       15255        -0.6   -0.463405  0.00103004
       15256        -0.6   -0.463414  0.00103001
       15257       -0.68   -0.463428  0.00103004
       15258       -0.52   -0.463432  0.00102998
       15259       -0.36   -0.463425  0.00102994
       15260       -0.52   -0.463429  0.00102988
       15261       -0.44   -0.463427  0.00102981
       15262       -0.28   -0.463415  0.00102981
       15263       -0.36   -0.463408  0.00102977
       15264       -0.52   -0.463412  0.00102971
       15265       -0.36   -0.463405  0.00102966
       15266       -0.44   -0.463404   0.0010296
       15267       -0.52   -0.463407  0.00102954
       15268       -0.44   -0.463406  0.00102947
       15269       -0.44   -0.463404   0.0010294
       15270        -0.6   -0.463413  0.00102937
       15271        -0.6   -0.463422  0.00102935
       15272       -0.44   -0.463421  0.00102928
       15273       -0.52   -0.463424  0.00102922
       15274       -0.52   -0.463428  0.00102916
       15275       -0.52   -0.463432   0.0010291
       15276       -0.44    -0.46343  0.00102903
       15277       -0.36   -0.463423  0.00102899
       15278        -0.6   -0.463432  0.00102896
       15279       -0.44   -0.463431  0.00102889
       15280       -0.52   -0.463435  0.00102883
       15281       -0.52   -0.463438  0.00102877
       15282       -0.28   -0.463426  0.00102877
       15283       -0.36   -0.463419  0.00102873
       15284        -0.2   -0.463402   0.0010288
       15285       -0.36   -0.463395  0.00102876
       15286       -0.36   -0.463389  0.00102871
       15287       -0.36   -0.463382  0.00102867
       15288       -0.28    -0.46337  0.00102867
       15289       -0.44   -0.463368  0.00102861
       15290        -0.6   -0.463377  0.00102858
       15291        -0.6   -0.463386  0.00102855
       15292        -0.6   -0.463395  0.00102852
       15293       -0.44   -0.463394  0.00102845
       15294       -0.12   -0.463371  0.00102863
       15295       -0.28   -0.463359  0.00102863
       15296        -0.2   -0.463342  0.00102871
       15297       -0.36   -0.463335  0.00102867
       15298        -0.6   -0.463344  0.00102864
       15299       -0.36   -0.463337  0.00102859
       15300       -0.52   -0.463341  0.00102853
       15301       -0.52   -0.463345  0.00102847
       15302        -0.6   -0.463354  0.00102844
       15303       -0.36   -0.463347   0.0010284
       15304       -0.36    -0.46334  0.00102835
       15305       -0.36   -0.463334  0.00102831
       15306       -0.44   -0.463332  0.00102824
       15307       -0.44   -0.463331  0.00102818
       15308        -0.6   -0.463339  0.00102815
       15309       -0.68   -0.463354  0.00102818
       15310        -0.6   -0.463363  0.00102815
       15311       -0.44   -0.463361  0.00102808
       15312        -0.6    -0.46337  0.00102806
       15313       -0.44   -0.463368  0.00102799
       15314        -0.2   -0.463351  0.00102807
       15315       -0.52   -0.463355  0.00102801
       15316       -0.44   -0.463353  0.00102794
       15317       -0.12   -0.463331  0.00102812
       15318       -0.28   -0.463319  0.00102812
       15319       -0.44   -0.463317  0.00102805
       15320       -0.52   -0.463321  0.00102799
       15321        -0.6    -0.46333  0.00102796
       15322       -0.68   -0.463344  0.00102799
       15323       -0.68   -0.463358  0.00102802
       15324       -0.52   -0.463362  0.00102796
       15325        -0.6   -0.463371  0.00102794
       15326       -0.36   -0.463364  0.00102789
       15327       -0.36   -0.463357  0.00102785
       15328       -0.44   -0.463356  0.00102778
       15329       -0.44   -0.463354  0.00102771
       15330        -0.6   -0.463363  0.00102769
       15331       -0.36   -0.463357  0.00102764
       15332        -0.2   -0.463339  0.00102772
       15333       -0.44   -0.463338  0.00102765
       15334       -0.52   -0.463342  0.00102759
       15335       -0.12   -0.463319  0.00102777
       15336       -0.28   -0.463307  0.00102777
       15337       -0.36   -0.463301  0.00102773
       15338       -0.44   -0.463299  0.00102766
       15339       -0.52   -0.463303   0.0010276
       15340       -0.28   -0.463291   0.0010276
       15341       -0.44   -0.463289  0.00102754
       15342       -0.44   -0.463288  0.00102747
       15343       -0.44   -0.463286   0.0010274
       15344        -0.6   -0.463295  0.00102738
       15345       -0.36   -0.463288  0.00102733
       15346       -0.28   -0.463276  0.00102733
       15347       -0.52    -0.46328  0.00102727
       15348       -0.36   -0.463273  0.00102723
       15349       -0.68   -0.463288  0.00102726
       15350       -0.52   -0.463291   0.0010272
       15351       -0.36   -0.463284  0.00102715
       15352       -0.52   -0.463288  0.00102709
       15353        -0.6   -0.463297  0.00102706
       15354       -0.28   -0.463285  0.00102707
       15355        -0.6   -0.463294  0.00102704
       15356       -0.52   -0.463298  0.00102698
       15357       -0.52   -0.463301  0.00102692
       15358       -0.36   -0.463295  0.00102687
       15359       -0.52   -0.463298  0.00102681
       15360       -0.44   -0.463297  0.00102675
       15361       -0.52   -0.463301  0.00102669
       15362        -0.6   -0.463309  0.00102666
       15363       -0.68   -0.463324  0.00102669
       15364       -0.52   -0.463327  0.00102663
       15365       -0.44   -0.463326  0.00102656
       15366       -0.52   -0.463329   0.0010265
       15367       -0.44   -0.463328  0.00102644
       15368       -0.52   -0.463332  0.00102638
       15369        -0.6    -0.46334  0.00102635
       15370       -0.52   -0.463344  0.00102629
       15371       -0.52   -0.463348  0.00102623
       15372       -0.36   -0.463341  0.00102618
       15373       -0.28   -0.463329  0.00102619
       15374       -0.52   -0.463333  0.00102613
       15375       -0.44   -0.463331  0.00102606
       15376       -0.36   -0.463325  0.00102602
       15377       -0.52   -0.463328  0.00102596
       15378       -0.36   -0.463322  0.00102591
       15379        -0.6   -0.463331  0.00102588
       15380        -0.6   -0.463339  0.00102585
       15381        -0.2   -0.463322  0.00102593
       15382       -0.44   -0.463321  0.00102587
       15383       -0.44   -0.463319   0.0010258
       15384       -0.28   -0.463307   0.0010258
       15385        -0.6   -0.463316  0.00102577
       15386       -0.68    -0.46333   0.0010258
       15387       -0.44   -0.463329  0.00102574
       15388        -0.6   -0.463338  0.00102571
       15389       -0.28   -0.463326  0.00102571
       15390        -0.2   -0.463309  0.00102579
       15391       -0.44   -0.463307  0.00102572
       15392       -0.52   -0.463311  0.00102566
       15393        -0.6    -0.46332  0.00102564
       15394       -0.68   -0.463334  0.00102567
       15395       -0.44   -0.463332   0.0010256
       15396       -0.44   -0.463331  0.00102553
       15397       -0.44   -0.463329  0.00102547
       15398       -0.36   -0.463323  0.00102542
       15399       -0.52   -0.463326  0.00102536
       15400       -0.44   -0.463325   0.0010253
       15401       -0.52   -0.463328  0.00102524
       15402       -0.36   -0.463322  0.00102519
       15403       -0.44    -0.46332  0.00102513
       15404        -0.6   -0.463329   0.0010251
       15405       -0.52   -0.463333  0.00102504
       15406        -0.6   -0.463342  0.00102501
       15407       -0.28    -0.46333  0.00102501
       15408       -0.28   -0.463318  0.00102502
       15409       -0.36   -0.463311  0.00102497
       15410       -0.36   -0.463304  0.00102493
       15411       -0.36   -0.463298  0.00102488
       15412       -0.36   -0.463291  0.00102484
       15413        -0.2   -0.463274  0.00102491
       15414       -0.28   -0.463262  0.00102492
       15415       -0.28    -0.46325  0.00102492
       15416        -0.6   -0.463259  0.00102489
       15417       -0.52   -0.463263  0.00102483
       15418        -0.6   -0.463272   0.0010248
       15419        -0.6    -0.46328  0.00102478
       15420       -0.52   -0.463284  0.00102472
       15421        -0.6   -0.463293  0.00102469
       15422        -0.6   -0.463302  0.00102466
       15423        -0.6   -0.463311  0.00102463
       15424       -0.36   -0.463304  0.00102459
       15425        -0.2   -0.463287  0.00102466
       15426       -0.44   -0.463285   0.0010246
       15427       -0.68   -0.463299  0.00102463
       15428       -0.68   -0.463313  0.00102466
       15429       -0.68   -0.463328  0.00102469
       15430       -0.76   -0.463347   0.0010248
       15431       -0.68   -0.463361  0.00102483
       15432       -0.44   -0.463359  0.00102477
       15433       -0.52   -0.463363  0.00102471
       15434       -0.36   -0.463356  0.00102466
       15435       -0.28   -0.463344  0.00102466
       15436       -0.12   -0.463322  0.00102484
       15437       -0.36   -0.463315  0.00102479
       15438        -0.6   -0.463324  0.00102477
       15439       -0.52   -0.463328  0.00102471
       15440        -0.6   -0.463337  0.00102468
       15441        -0.6   -0.463346  0.00102465
       15442       -0.52   -0.463349  0.00102459
       15443       -0.44   -0.463348  0.00102452
       15444       -0.44   -0.463346  0.00102446
       15445       -0.52    -0.46335   0.0010244
       15446       -0.52   -0.463354  0.00102434
       15447       -0.52   -0.463357  0.00102428
       15448       -0.36   -0.463351  0.00102424
       15449       -0.44   -0.463349  0.00102417
       15450       -0.52   -0.463353  0.00102411
       15451       -0.44   -0.463351  0.00102405
       15452       -0.36   -0.463345    0.001024
       15453       -0.28   -0.463333    0.001024
       15454       -0.52   -0.463336  0.00102394
       15455       -0.52    -0.46334  0.00102388
       15456       -0.52   -0.463344  0.00102382
       15457       -0.36   -0.463337  0.00102378
       15458       -0.44   -0.463335  0.00102372
       15459       -0.28   -0.463324  0.00102372
       15460       -0.44   -0.463322  0.00102365
       15461       -0.52   -0.463326  0.00102359
       15462       -0.28   -0.463314   0.0010236
       15463       -0.44   -0.463312  0.00102353
       15464       -0.44   -0.463311  0.00102347
       15465       -0.28   -0.463299  0.00102347
       15466       -0.28   -0.463287  0.00102347
       15467       -0.52   -0.463291  0.00102341
       15468       -0.36   -0.463284  0.00102337
       15469       -0.44   -0.463283   0.0010233
       15470       -0.28   -0.463271   0.0010233
       15471       -0.44   -0.463269  0.00102324
       15472       -0.36   -0.463263  0.00102319
       15473       -0.44   -0.463261  0.00102313
       15474       -0.44    -0.46326  0.00102306
       15475       -0.44   -0.463258    0.001023
       15476       -0.36   -0.463251  0.00102295
       15477       -0.44    -0.46325  0.00102289
       15478       -0.44   -0.463248  0.00102282
       15479       -0.44   -0.463247  0.00102276
       15480        -0.6   -0.463256  0.00102273
       15481       -0.52   -0.463259  0.00102267
       15482       -0.44   -0.463258  0.00102261
       15483       -0.68   -0.463272  0.00102264
       15484       -0.44    -0.46327  0.00102257
       15485       -0.52   -0.463274  0.00102251
       15486       -0.52   -0.463278  0.00102245
       15487       -0.52   -0.463281  0.00102239
       15488       -0.52   -0.463285  0.00102233
       15489        -0.2   -0.463268  0.00102241
       15490       -0.36   -0.463261  0.00102237
       15491       -0.36   -0.463255  0.00102232
       15492       -0.52   -0.463258  0.00102226
       15493        -0.6   -0.463267  0.00102223
       15494       -0.36   -0.463261  0.00102219
       15495       -0.44   -0.463259  0.00102212
       15496       -0.44   -0.463258  0.00102206
       15497       -0.36   -0.463251  0.00102202
       15498       -0.36   -0.463244  0.00102197
       15499       -0.44   -0.463243  0.00102191
       15500       -0.44   -0.463241  0.00102184
       15501        -0.6    -0.46325  0.00102181
       15502       -0.36   -0.463243  0.00102177
       15503       -0.28   -0.463232  0.00102177
       15504       -0.44    -0.46323  0.00102171
       15505       -0.68   -0.463244  0.00102174
       15506       -0.44   -0.463243  0.00102167
       15507        -0.6   -0.463251  0.00102164
       15508        -0.6    -0.46326  0.00102162
       15509       -0.68   -0.463274  0.00102165
       15510        -0.6   -0.463283  0.00102162
       15511       -0.44   -0.463282  0.00102155
       15512        -0.2   -0.463265  0.00102163
       15513       -0.36   -0.463258  0.00102158
       15514       -0.28   -0.463246  0.00102159
       15515        -0.6   -0.463255  0.00102156
       15516       -0.68   -0.463269  0.00102159
       15517       -0.44   -0.463267  0.00102152
       15518       -0.36   -0.463261  0.00102148
       15519       -0.36   -0.463254  0.00102144
       15520       -0.44   -0.463253  0.00102137
       15521       -0.52   -0.463256  0.00102131
       15522        -0.6   -0.463265  0.00102128
       15523       -0.28   -0.463253  0.00102129
       15524       -0.44   -0.463252  0.00102122
       15525       -0.44    -0.46325  0.00102116
       15526       -0.36   -0.463244  0.00102111
       15527       -0.44   -0.463242  0.00102105
       15528       -0.44   -0.463241  0.00102098
       15529       -0.52   -0.463244  0.00102092
       15530       -0.44   -0.463243  0.00102086
       15531        -0.6   -0.463252  0.00102083
       15532       -0.68   -0.463266  0.00102086
       15533       -0.36   -0.463259  0.00102082
       15534       -0.12   -0.463237  0.00102099
       15535       -0.36    -0.46323  0.00102095
       15536       -0.44   -0.463229  0.00102088
       15537        -0.6   -0.463237  0.00102085
       15538       -0.52   -0.463241   0.0010208
       15539       -0.52   -0.463245  0.00102074
       15540       -0.36   -0.463238  0.00102069
       15541        -0.6   -0.463247  0.00102066
       15542       -0.52   -0.463251  0.00102061
       15543        -0.6   -0.463259  0.00102058
       15544        -0.2   -0.463242  0.00102065
       15545       -0.28   -0.463231  0.00102066
       15546       -0.36   -0.463224  0.00102061
       15547       -0.36   -0.463217  0.00102057
       15548       -0.52   -0.463221  0.00102051
       15549       -0.52   -0.463225  0.00102045
       15550       -0.52   -0.463228  0.00102039
       15551       -0.44   -0.463227  0.00102033
       15552        -0.6   -0.463236   0.0010203
       15553        -0.6   -0.463244  0.00102027
       15554       -0.52   -0.463248  0.00102021
       15555       -0.52   -0.463252  0.00102015
       15556       -0.44    -0.46325  0.00102009
       15557       -0.44   -0.463249  0.00102002
       15558       -0.36   -0.463242  0.00101998
       15559       -0.52   -0.463246  0.00101992
       15560        -0.6   -0.463254  0.00101989
       15561       -0.44   -0.463253  0.00101983
       15562       -0.52   -0.463257  0.00101977
       15563       -0.44   -0.463255   0.0010197
       15564       -0.36   -0.463249  0.00101966
       15565       -0.36   -0.463242  0.00101962
       15566       -0.44    -0.46324  0.00101955
       15567       -0.44   -0.463239  0.00101949
       15568       -0.52   -0.463243  0.00101943
       15569        -0.6   -0.463251   0.0010194
       15570       -0.52   -0.463255  0.00101934
       15571       -0.36   -0.463248   0.0010193
       15572       -0.52   -0.463252  0.00101924
       15573        -0.6   -0.463261  0.00101921
       15574       -0.52   -0.463264  0.00101915
       15575        -0.2   -0.463248  0.00101923
       15576        -0.6   -0.463256   0.0010192
       15577       -0.44   -0.463255  0.00101914
       15578       -0.44   -0.463253  0.00101907
       15579       -0.52   -0.463257  0.00101901
       15580       -0.36    -0.46325  0.00101897
       15581       -0.44   -0.463249   0.0010189
       15582       -0.52   -0.463252  0.00101884
       15583        -0.6   -0.463261  0.00101882
       15584       -0.44    -0.46326  0.00101875
       15585       -0.52   -0.463263  0.00101869
       15586       -0.52   -0.463267  0.00101864
       15587        -0.6   -0.463276  0.00101861
       15588       -0.28   -0.463264  0.00101861
       15589       -0.36   -0.463257  0.00101857
       15590       -0.44   -0.463256   0.0010185
       15591        -0.6   -0.463265  0.00101847
       15592       -0.44   -0.463263  0.00101841
       15593       -0.44   -0.463262  0.00101835
       15594       -0.44    -0.46326  0.00101828
       15595        -0.6   -0.463269  0.00101825
       15596       -0.52   -0.463273   0.0010182
       15597       -0.28   -0.463261   0.0010182
       15598       -0.52   -0.463265  0.00101814
       15599        -0.6   -0.463273  0.00101811
       15600       -0.52   -0.463277  0.00101805
       15601       -0.28   -0.463265  0.00101806
       15602       -0.44   -0.463264  0.00101799
       15603       -0.44   -0.463262  0.00101793
       15604       -0.36   -0.463256  0.00101788
       15605       -0.36   -0.463249  0.00101784
       15606       -0.44   -0.463247  0.00101778
       15607       -0.36   -0.463241  0.00101773
       15608        -0.6    -0.46325   0.0010177
       15609       -0.68   -0.463264  0.00101773
       15610       -0.76   -0.463283  0.00101785
       15611       -0.44   -0.463281  0.00101778
       15612       -0.36   -0.463274  0.00101774
       15613       -0.28   -0.463263  0.00101774
       15614       -0.44   -0.463261  0.00101768
       15615       -0.36   -0.463255  0.00101763
       15616       -0.28   -0.463243  0.00101764
       15617        -0.2   -0.463226  0.00101771
       15618       -0.28   -0.463214  0.00101771
       15619       -0.36   -0.463208  0.00101767
       15620       -0.36   -0.463201  0.00101763
       15621       -0.52   -0.463205  0.00101757
       15622       -0.52   -0.463208  0.00101751
       15623       -0.52   -0.463212  0.00101745
       15624       -0.36   -0.463205  0.00101741
       15625        -0.2   -0.463188  0.00101748
       15626       -0.52   -0.463192  0.00101742
       15627        -0.6   -0.463201  0.00101739
       15628       -0.36   -0.463194  0.00101735
       15629        -0.6   -0.463203  0.00101732
       15630       -0.68   -0.463217  0.00101735
       15631       -0.44   -0.463215  0.00101729
       15632       -0.44   -0.463214  0.00101722
       15633       -0.52   -0.463218  0.00101717
       15634       -0.44   -0.463216   0.0010171
       15635        -0.6   -0.463225  0.00101707
       15636       -0.52   -0.463228  0.00101702
       15637       -0.52   -0.463232  0.00101696
       15638       -0.44   -0.463231  0.00101689
       15639        -0.6   -0.463239  0.00101687
       15640       -0.52   -0.463243  0.00101681
       15641       -0.44   -0.463241  0.00101674
       15642        -0.6    -0.46325  0.00101672
       15643       -0.52   -0.463254  0.00101666
       15644        -0.6   -0.463263  0.00101663
       15645       -0.28   -0.463251  0.00101663
       15646       -0.52   -0.463255  0.00101657
       15647       -0.52   -0.463258  0.00101652
       15648       -0.44   -0.463257  0.00101645
       15649       -0.52    -0.46326  0.00101639
       15650       -0.52   -0.463264  0.00101633
       15651       -0.52   -0.463268  0.00101628
       15652       -0.52   -0.463271  0.00101622
       15653       -0.44    -0.46327  0.00101615
       15654       -0.36   -0.463263  0.00101611
       15655       -0.52   -0.463267  0.00101605
       15656       -0.44   -0.463265  0.00101599
       15657       -0.68   -0.463279  0.00101602
       15658       -0.68   -0.463293  0.00101605
       15659       -0.44   -0.463291  0.00101598
       15660       -0.44    -0.46329  0.00101592
       15661       -0.44   -0.463288  0.00101586
       15662       -0.44   -0.463287  0.00101579
       15663        -0.6   -0.463296  0.00101576
       15664        -0.2   -0.463279  0.00101584
       15665       -0.12   -0.463257  0.00101601
       15666       -0.04    -0.46323   0.0010163
       15667       -0.12   -0.463208  0.00101648
       15668       -0.36   -0.463201  0.00101643
       15669       -0.36   -0.463195  0.00101639
       15670        -0.6   -0.463204  0.00101636
       15671       -0.68   -0.463217  0.00101639
       15672       -0.52   -0.463221  0.00101633
       15673       -0.36   -0.463214  0.00101629
       15674       -0.36   -0.463208  0.00101625
       15675       -0.44   -0.463206  0.00101618
       15676       -0.44   -0.463205  0.00101612
       15677       -0.52   -0.463209  0.00101606
       15678       -0.52   -0.463212    0.001016
       15679       -0.36   -0.463206  0.00101596
       15680       -0.44   -0.463204  0.00101589
       15681       -0.52   -0.463208  0.00101584
       15682       -0.28   -0.463196  0.00101584
       15683       -0.28   -0.463184  0.00101584
       15684       -0.28   -0.463173  0.00101584
       15685       -0.52   -0.463176  0.00101578
       15686       -0.52    -0.46318  0.00101573
       15687        -0.6   -0.463189   0.0010157
       15688       -0.44   -0.463187  0.00101563
       15689       -0.44   -0.463186  0.00101557
       15690       -0.12   -0.463164  0.00101574
       15691       -0.44   -0.463162  0.00101568
       15692        -0.6   -0.463171  0.00101565
       15693        -0.6    -0.46318  0.00101562
       15694       -0.52   -0.463183  0.00101557
       15695       -0.44   -0.463182   0.0010155
       15696       -0.36   -0.463175  0.00101546
       15697       -0.36   -0.463169  0.00101542
       15698       -0.28   -0.463157  0.00101542
       15699        -0.6   -0.463166  0.00101539
       15700       -0.28   -0.463154  0.00101539
       15701       -0.44   -0.463153  0.00101533
       15702       -0.36   -0.463146  0.00101529
       15703       -0.52    -0.46315  0.00101523
       15704       -0.52   -0.463153  0.00101517
       15705       -0.36   -0.463147  0.00101513
       15706       -0.68   -0.463161  0.00101515
       15707       -0.52   -0.463164   0.0010151
       15708       -0.36   -0.463158  0.00101505
       15709       -0.36   -0.463151  0.00101501
       15710       -0.36   -0.463144  0.00101497
       15711       -0.76   -0.463163  0.00101508
       15712       -0.52   -0.463167  0.00101502
       15713       -0.44   -0.463166  0.00101496
       15714       -0.36   -0.463159  0.00101491
       15715       -0.52   -0.463163  0.00101485
       15716       -0.36   -0.463156  0.00101481
       15717       -0.44   -0.463155  0.00101475
       15718       -0.44   -0.463153  0.00101468
       15719       -0.44   -0.463152  0.00101462
       15720       -0.28    -0.46314  0.00101462
       15721        -0.6   -0.463149   0.0010146
       15722       -0.36   -0.463142  0.00101455
       15723       -0.36   -0.463136  0.00101451
       15724       -0.44   -0.463134  0.00101445
       15725        -0.6   -0.463143  0.00101442
       15726       -0.44   -0.463141  0.00101436
       15727       -0.28    -0.46313  0.00101436
       15728       -0.36   -0.463123  0.00101431
       15729       -0.28   -0.463111  0.00101432
       15730       -0.44    -0.46311  0.00101425
       15731       -0.44   -0.463109  0.00101419
       15732       -0.52   -0.463112  0.00101413
       15733       -0.44   -0.463111  0.00101407
       15734       -0.52   -0.463114  0.00101401
       15735       -0.52   -0.463118  0.00101395
       15736       -0.36   -0.463111  0.00101391
       15737       -0.36   -0.463105  0.00101387
       15738        -0.6   -0.463113  0.00101384
       15739       -0.28   -0.463102  0.00101384
       15740        -0.2   -0.463085  0.00101391
       15741        -0.2   -0.463068  0.00101399
       15742       -0.28   -0.463057  0.00101399
       15743       -0.52    -0.46306  0.00101393
       15744       -0.76   -0.463079  0.00101404
       15745       -0.44   -0.463078  0.00101398
       15746       -0.44   -0.463076  0.00101392
       15747       -0.44   -0.463075  0.00101385
       15748       -0.52   -0.463078   0.0010138
       15749       -0.52   -0.463082  0.00101374
       15750       -0.28    -0.46307  0.00101374
       15751       -0.44   -0.463069  0.00101368
       15752        -0.6   -0.463078  0.00101365
       15753       -0.52   -0.463081  0.00101359
       15754       -0.44    -0.46308  0.00101353
       15755       -0.36   -0.463073  0.00101348
       15756       -0.36   -0.463067  0.00101344
       15757       -0.44   -0.463065  0.00101338
       15758       -0.68   -0.463079  0.00101341
       15759       -0.52   -0.463083  0.00101335
       15760       -0.44   -0.463081  0.00101329
       15761       -0.44    -0.46308  0.00101322
       15762       -0.12   -0.463058  0.00101339
       15763       -0.28   -0.463046  0.00101339
       15764       -0.36    -0.46304  0.00101335
       15765       -0.28   -0.463028  0.00101335
       15766        -0.6   -0.463037  0.00101333
       15767       -0.44   -0.463035  0.00101326
       15768       -0.36   -0.463029  0.00101322
       15769        -0.2   -0.463012  0.00101329
       15770       -0.44   -0.463011  0.00101323
       15771       -0.52   -0.463014  0.00101317
       15772        -0.6   -0.463023  0.00101315
       15773       -0.44   -0.463022  0.00101308
       15774       -0.36   -0.463015  0.00101304
       15775       -0.52   -0.463019  0.00101298
       15776        -0.6   -0.463027  0.00101295
       15777        -0.6   -0.463036  0.00101293
       15778       -0.68    -0.46305  0.00101296
       15779       -0.44   -0.463048  0.00101289
       15780        -0.6   -0.463057  0.00101287
       15781       -0.52   -0.463061  0.00101281
       15782        -0.6   -0.463069  0.00101278
       15783       -0.44   -0.463068  0.00101272
       15784       -0.36   -0.463061  0.00101268
       15785       -0.28    -0.46305  0.00101268
       15786       -0.28   -0.463038  0.00101268
       15787       -0.28   -0.463027  0.00101268
       15788       -0.36    -0.46302  0.00101264
       15789       -0.52   -0.463024  0.00101258
       15790       -0.44   -0.463022  0.00101252
       15791       -0.36   -0.463016  0.00101248
       15792       -0.52   -0.463019  0.00101242
       15793       -0.52   -0.463023  0.00101236
       15794       -0.36   -0.463016  0.00101232
       15795       -0.52    -0.46302  0.00101226
       15796       -0.52   -0.463024   0.0010122
       15797        -0.6   -0.463032  0.00101217
       15798       -0.44   -0.463031  0.00101211
       15799       -0.52   -0.463034  0.00101205
       15800        -0.6   -0.463043  0.00101203
       15801       -0.36   -0.463037  0.00101198
       15802       -0.36    -0.46303  0.00101194
       15803        -0.6   -0.463039  0.00101191
       15804        -0.6   -0.463047  0.00101189
       15805        -0.6   -0.463056  0.00101186
       15806       -0.68    -0.46307  0.00101189
       15807       -0.68   -0.463083  0.00101192
       15808        -0.6   -0.463092  0.00101189
       15809       -0.52   -0.463096  0.00101183
       15810       -0.44   -0.463094  0.00101177
       15811       -0.36   -0.463088  0.00101173
       15812        -0.6   -0.463096   0.0010117
       15813       -0.36    -0.46309  0.00101166
       15814       -0.44   -0.463088  0.00101159
       15815       -0.28   -0.463077   0.0010116
       15816       -0.28   -0.463065   0.0010116
       15817       -0.36   -0.463059  0.00101156
       15818       -0.44   -0.463057  0.00101149
       15819       -0.36   -0.463051  0.00101145
       15820       -0.44   -0.463049  0.00101139
       15821        -0.2   -0.463033  0.00101146
       15822        -0.2   -0.463016  0.00101153
       15823       -0.28   -0.463004  0.00101154
       15824       -0.28   -0.462993  0.00101154
       15825       -0.52   -0.462997  0.00101148
       15826       -0.28   -0.462985  0.00101148
       15827       -0.44   -0.462984  0.00101142
       15828       -0.44   -0.462982  0.00101136
       15829       -0.44   -0.462981  0.00101129
       15830       -0.44   -0.462979  0.00101123
       15831        -0.2   -0.462963   0.0010113
       15832        -0.2   -0.462946  0.00101138
       15833       -0.28   -0.462934  0.00101138
       15834       -0.44   -0.462933  0.00101132
       15835       -0.44   -0.462931  0.00101125
       15836       -0.68   -0.462945  0.00101128
       15837       -0.76   -0.462964  0.00101139
       15838       -0.68   -0.462978  0.00101142
       15839       -0.36   -0.462971  0.00101138
       15840       -0.68   -0.462985  0.00101141
       15841       -0.52   -0.462988  0.00101135
       15842       -0.44   -0.462987  0.00101129
       15843        -0.6   -0.462996  0.00101126
       15844       -0.44   -0.462994   0.0010112
       15845       -0.52   -0.462998  0.00101114
       15846       -0.52   -0.463001  0.00101108
       15847       -0.44      -0.463  0.00101102
       15848       -0.44   -0.462998  0.00101096
       15849        -0.6   -0.463007  0.00101093
       15850        -0.2   -0.462991    0.001011
       15851        -0.6   -0.462999  0.00101097
       15852       -0.76   -0.463018  0.00101108
       15853       -0.44   -0.463016  0.00101102
       15854        -0.6   -0.463025    0.001011
       15855       -0.52   -0.463029  0.00101094
       15856       -0.52   -0.463032  0.00101088
       15857       -0.68   -0.463046  0.00101091
       15858       -0.52    -0.46305  0.00101085
       15859       -0.52   -0.463053  0.00101079
       15860        -0.6   -0.463062  0.00101077
       15861       -0.76   -0.463081  0.00101088
       15862       -0.68   -0.463094  0.00101091
       15863       -0.44   -0.463093  0.00101084
       15864        -0.6   -0.463101  0.00101082
       15865        -0.6    -0.46311  0.00101079
       15866        -0.6   -0.463119  0.00101076
       15867       -0.52   -0.463122  0.00101071
       15868       -0.68   -0.463136  0.00101073
       15869       -0.44   -0.463134  0.00101067
       15870       -0.52   -0.463138  0.00101061
       15871        -0.6   -0.463147  0.00101059
       15872        -0.6   -0.463155  0.00101056
       15873        -0.6   -0.463164  0.00101053
       15874       -0.44   -0.463162  0.00101047
       15875       -0.52   -0.463166  0.00101041
       15876       -0.68    -0.46318  0.00101044
       15877       -0.52   -0.463183  0.00101038
       15878       -0.36   -0.463177  0.00101034
       15879       -0.44   -0.463175  0.00101028
       15880       -0.36   -0.463169  0.00101024
       15881       -0.52   -0.463172  0.00101018
       15882        -0.2   -0.463156  0.00101025
       15883       -0.44   -0.463154  0.00101019
       15884       -0.44   -0.463153  0.00101013
       15885       -0.52   -0.463156  0.00101007
       15886        -0.6   -0.463165  0.00101004
       15887       -0.68   -0.463179  0.00101007
       15888        -0.6   -0.463187  0.00101004
       15889        -0.6   -0.463196  0.00101002
       15890        -0.6   -0.463205  0.00100999
       15891       -0.36   -0.463198  0.00100995
       15892        -0.6   -0.463207  0.00100992
       15893       -0.36     -0.4632  0.00100988
       15894       -0.36   -0.463194  0.00100984
       15895       -0.36   -0.463187  0.00100979
       15896       -0.44   -0.463186  0.00100973
       15897       -0.44   -0.463184  0.00100967
       15898       -0.52   -0.463188  0.00100961
       15899       -0.52   -0.463191  0.00100955
       15900       -0.52   -0.463195   0.0010095
       15901       -0.52   -0.463199  0.00100944
       15902       -0.36   -0.463192   0.0010094
       15903       -0.36   -0.463186  0.00100935
       15904       -0.52   -0.463189   0.0010093
       15905       -0.44   -0.463188  0.00100923
       15906       -0.44   -0.463186  0.00100917
       15907       -0.44   -0.463185  0.00100911
       15908       -0.44   -0.463183  0.00100905
       15909       -0.36   -0.463177    0.001009
       15910       -0.52    -0.46318  0.00100895
       15911       -0.28   -0.463169  0.00100895
       15912       -0.28   -0.463157  0.00100895
       15913       -0.36   -0.463151  0.00100891
       15914       -0.44   -0.463149  0.00100885
       15915       -0.36   -0.463143   0.0010088
       15916       -0.44   -0.463141  0.00100874
       15917        -0.2   -0.463125  0.00100881
       15918       -0.52   -0.463129  0.00100876
       15919       -0.52   -0.463132   0.0010087
       15920       -0.36   -0.463126  0.00100866
       15921       -0.52   -0.463129   0.0010086
       15922       -0.36   -0.463123  0.00100856
       15923       -0.36   -0.463116  0.00100852
       15924       -0.52    -0.46312  0.00100846
       15925       -0.36   -0.463113  0.00100842
       15926       -0.52   -0.463117  0.00100836
       15927       -0.44   -0.463115   0.0010083
       15928       -0.44   -0.463114  0.00100823
       15929       -0.52   -0.463118  0.00100818
       15930       -0.44   -0.463116  0.00100812
       15931       -0.68    -0.46313  0.00100814
       15932        -0.6   -0.463138  0.00100812
       15933       -0.68   -0.463152  0.00100815
       15934        -0.6   -0.463161  0.00100812
       15935       -0.44   -0.463159  0.00100806
       15936       -0.28   -0.463148  0.00100806
       15937        -0.6   -0.463156  0.00100803
       15938        -0.6   -0.463165  0.00100801
       15939        -0.6   -0.463173  0.00100798
       15940        -0.6   -0.463182  0.00100795
       15941       -0.36   -0.463175  0.00100791
       15942       -0.44   -0.463174  0.00100785
       15943       -0.44   -0.463173  0.00100779
       15944       -0.12   -0.463151  0.00100795
       15945       -0.44    -0.46315  0.00100789
       15946       -0.52   -0.463153  0.00100783
       15947        -0.6   -0.463162  0.00100781
       15948       -0.68   -0.463175  0.00100784
       15949        -0.6   -0.463184  0.00100781
       15950       -0.52   -0.463187  0.00100775
       15951       -0.36   -0.463181  0.00100771
       15952       -0.44    -0.46318  0.00100765
       15953       -0.36   -0.463173   0.0010076
       15954       -0.44   -0.463172  0.00100754
       15955       -0.52   -0.463175  0.00100749
       15956       -0.52   -0.463179  0.00100743
       15957       -0.52   -0.463182  0.00100737
       15958        -0.6   -0.463191  0.00100735
       15959       -0.28   -0.463179  0.00100735
       15960       -0.52   -0.463183  0.00100729
       15961        -0.6   -0.463192  0.00100726
       15962       -0.36   -0.463185  0.00100722
       15963       -0.44   -0.463184  0.00100716
       15964       -0.52   -0.463187   0.0010071
       15965       -0.44   -0.463186  0.00100704
       15966       -0.52   -0.463189  0.00100698
       15967       -0.44   -0.463188  0.00100692
       15968       -0.44   -0.463186  0.00100686
       15969       -0.36    -0.46318  0.00100682
       15970       -0.36   -0.463173  0.00100678
       15971       -0.52   -0.463177  0.00100672
       15972       -0.44   -0.463176  0.00100666
       15973        -0.6   -0.463184  0.00100663
       15974        -0.6   -0.463193   0.0010066
       15975       -0.68   -0.463206  0.00100663
       15976        -0.6   -0.463215  0.00100661
       15977       -0.52   -0.463218  0.00100655
       15978       -0.36   -0.463212  0.00100651
       15979       -0.28     -0.4632  0.00100651
       15980       -0.52   -0.463204  0.00100645
       15981       -0.52   -0.463208   0.0010064
       15982        -0.6   -0.463216  0.00100637
       15983        -0.6   -0.463225  0.00100634
       15984        -0.6   -0.463233  0.00100632
       15985        -0.6   -0.463242  0.00100629
       15986       -0.36   -0.463235  0.00100625
       15987       -0.44   -0.463234  0.00100619
       15988       -0.44   -0.463232  0.00100612
       15989       -0.52   -0.463236  0.00100607
       15990       -0.52    -0.46324  0.00100601
       15991       -0.44   -0.463238  0.00100595
       15992       -0.52   -0.463242  0.00100589
       15993        -0.6    -0.46325  0.00100586
       15994       -0.44   -0.463249   0.0010058
       15995       -0.44   -0.463247  0.00100574
       15996       -0.44   -0.463246  0.00100568
       15997        -0.6   -0.463254  0.00100565
       15998       -0.44   -0.463253  0.00100559
       15999        -0.2   -0.463236  0.00100566
       16000       -0.36    -0.46323  0.00100562
       16001        -0.6   -0.463239  0.00100559
       16002       -0.36   -0.463232  0.00100555
       16003        -0.6   -0.463241  0.00100553
       16004       -0.28   -0.463229  0.00100553
       16005       -0.28   -0.463218  0.00100553
       16006       -0.44   -0.463216  0.00100547
       16007       -0.52    -0.46322  0.00100541
       16008       -0.52   -0.463223  0.00100536
       16009       -0.44   -0.463222  0.00100529
       16010       -0.44    -0.46322  0.00100523
       16011       -0.76   -0.463239  0.00100534
       16012       -0.28   -0.463228  0.00100534
       16013       -0.36   -0.463221   0.0010053
       16014       -0.28    -0.46321   0.0010053
       16015       -0.52   -0.463213  0.00100525
       16016       -0.52   -0.463217  0.00100519
       16017        -0.6   -0.463225  0.00100516
       16018       -0.44   -0.463224   0.0010051
       16019       -0.76   -0.463242  0.00100521
       16020       -0.44   -0.463241  0.00100515
       16021       -0.44   -0.463239  0.00100509
       16022       -0.52   -0.463243  0.00100503
       16023       -0.36   -0.463237  0.00100499
       16024       -0.36    -0.46323  0.00100495
       16025       -0.36   -0.463224   0.0010049
       16026       -0.44   -0.463222  0.00100484
       16027       -0.36   -0.463216   0.0010048
       16028       -0.36   -0.463209  0.00100476
       16029       -0.44   -0.463208   0.0010047
       16030        -0.6   -0.463216  0.00100467
       16031       -0.76   -0.463235  0.00100478
       16032       -0.44   -0.463234  0.00100472
       16033       -0.52   -0.463237  0.00100466
       16034       -0.44   -0.463236   0.0010046
       16035       -0.44   -0.463234  0.00100454
       16036       -0.44   -0.463233  0.00100447
       16037       -0.28   -0.463221  0.00100448
       16038       -0.36   -0.463215  0.00100443
       16039       -0.52   -0.463218  0.00100438
       16040       -0.52   -0.463222  0.00100432
       16041       -0.52   -0.463225  0.00100427
       16042       -0.36   -0.463219  0.00100422
       16043       -0.44   -0.463218  0.00100416
       16044       -0.52   -0.463221  0.00100411
       16045       -0.44    -0.46322  0.00100404
       16046       -0.44   -0.463218  0.00100398
       16047       -0.68   -0.463232  0.00100401
       16048       -0.52   -0.463235  0.00100395
       16049       -0.44   -0.463234  0.00100389
       16050       -0.28   -0.463222   0.0010039
       16051        -0.2   -0.463206  0.00100397
       16052       -0.36     -0.4632  0.00100392
       16053        -0.2   -0.463183    0.001004
       16054        -0.2   -0.463167  0.00100407
       16055       -0.44   -0.463165  0.00100401
       16056       -0.44   -0.463164  0.00100394
       16057       -0.12   -0.463143  0.00100411
       16058       -0.52   -0.463146  0.00100405
       16059        -0.6   -0.463155  0.00100403
       16060        -0.6   -0.463163    0.001004
       16061       -0.36   -0.463157  0.00100396
       16062       -0.36    -0.46315  0.00100392
       16063       -0.36   -0.463144  0.00100387
       16064       -0.36   -0.463137  0.00100383
       16065       -0.28   -0.463126  0.00100383
       16066       -0.52    -0.46313  0.00100378
       16067        -0.2   -0.463113  0.00100385
       16068       -0.44   -0.463112  0.00100379
       16069        -0.6    -0.46312  0.00100376
       16070        -0.6   -0.463129  0.00100374
       16071       -0.44   -0.463127  0.00100367
       16072       -0.36   -0.463121  0.00100363
       16073       -0.44    -0.46312  0.00100357
       16074       -0.44   -0.463118  0.00100351
       16075       -0.44   -0.463117  0.00100345
       16076        -0.6   -0.463125  0.00100342
       16077       -0.36   -0.463119  0.00100338
       16078       -0.68   -0.463132  0.00100341
       16079       -0.36   -0.463126  0.00100337
       16080       -0.52   -0.463129  0.00100331
       16081       -0.36   -0.463123  0.00100327
       16082       -0.52   -0.463126  0.00100321
       16083        -0.6   -0.463135  0.00100319
       16084       -0.52   -0.463139  0.00100313
       16085        -0.6   -0.463147   0.0010031
       16086       -0.28   -0.463136  0.00100311
       16087       -0.52   -0.463139  0.00100305
       16088       -0.52   -0.463143  0.00100299
       16089       -0.36   -0.463136  0.00100295
       16090       -0.52    -0.46314   0.0010029
       16091       -0.52   -0.463143  0.00100284
       16092       -0.52   -0.463147  0.00100278
       16093       -0.28   -0.463136  0.00100279
       16094       -0.36   -0.463129  0.00100274
       16095       -0.68   -0.463143  0.00100277
       16096        -0.6   -0.463151  0.00100275
       16097       -0.36   -0.463145   0.0010027
       16098       -0.44   -0.463143  0.00100264
       16099        -0.6   -0.463152  0.00100262
       16100        -0.6    -0.46316  0.00100259
       16101       -0.68   -0.463174  0.00100262
       16102       -0.52   -0.463177  0.00100256
       16103        -0.6   -0.463186  0.00100254
       16104       -0.36   -0.463179  0.00100249
       16105       -0.36   -0.463173  0.00100245
       16106       -0.28   -0.463162  0.00100245
       16107       -0.44    -0.46316  0.00100239
       16108        -0.6   -0.463169  0.00100237
       16109       -0.44   -0.463167  0.00100231
       16110       -0.44   -0.463166  0.00100224
       16111       -0.28   -0.463154  0.00100225
       16112       -0.36   -0.463148  0.00100221
       16113       -0.44   -0.463147  0.00100214
       16114       -0.44   -0.463145  0.00100208
       16115       -0.44   -0.463144  0.00100202
       16116       -0.44   -0.463142  0.00100196
       16117       -0.68   -0.463156  0.00100199
       16118       -0.52   -0.463159  0.00100193
       16119        -0.6   -0.463168  0.00100191
       16120        -0.6   -0.463176  0.00100188
       16121       -0.68    -0.46319  0.00100191
       16122       -0.52   -0.463193  0.00100185
       16123       -0.36   -0.463187  0.00100181
       16124       -0.44   -0.463185  0.00100175
       16125       -0.28   -0.463174  0.00100175
       16126       -0.44   -0.463173  0.00100169
       16127       -0.36   -0.463166  0.00100165
       16128       -0.36    -0.46316  0.00100161
       16129        -0.6   -0.463168  0.00100158
       16130       -0.52   -0.463172  0.00100153
       16131       -0.28    -0.46316  0.00100153
       16132        -0.6   -0.463169   0.0010015
       16133       -0.68   -0.463182  0.00100153
       16134        -0.6   -0.463191   0.0010015
       16135        -0.6   -0.463199  0.00100148
       16136       -0.44   -0.463198  0.00100142
       16137        -0.6   -0.463206  0.00100139
       16138       -0.36     -0.4632  0.00100135
       16139       -0.36   -0.463194  0.00100131
       16140       -0.52   -0.463197  0.00100125
       16141       -0.36   -0.463191  0.00100121
       16142       -0.52   -0.463194  0.00100115
       16143        -0.6   -0.463203  0.00100113
       16144       -0.44   -0.463201  0.00100107
       16145       -0.44     -0.4632  0.00100101
       16146       -0.36   -0.463193  0.00100096
       16147        -0.6   -0.463202  0.00100094
       16148       -0.44     -0.4632  0.00100088
       16149       -0.36   -0.463194  0.00100084
       16150       -0.28   -0.463183  0.00100084
       16151       -0.36   -0.463176   0.0010008
       16152       -0.44   -0.463175  0.00100074
       16153       -0.44   -0.463173  0.00100067
       16154       -0.28   -0.463162  0.00100068
       16155       -0.52   -0.463166  0.00100062
       16156       -0.44   -0.463164  0.00100056
       16157       -0.44   -0.463163   0.0010005
       16158       -0.44   -0.463161  0.00100044
       16159       -0.36   -0.463155   0.0010004
       16160       -0.52   -0.463158  0.00100034
       16161       -0.52   -0.463162  0.00100029
       16162       -0.68   -0.463175  0.00100031
       16163        -0.6   -0.463184  0.00100029
       16164       -0.36   -0.463177  0.00100025
       16165       -0.36   -0.463171   0.0010002
       16166       -0.76   -0.463189  0.00100031
       16167       -0.44   -0.463188  0.00100025
       16168       -0.44   -0.463187  0.00100019
       16169       -0.52    -0.46319  0.00100013
       16170       -0.36   -0.463184  0.00100009
       16171       -0.44   -0.463182  0.00100003
       16172       -0.36   -0.463176 0.000999989
       16173       -0.36   -0.463169 0.000999948
       16174       -0.44   -0.463168 0.000999887
       16175       -0.52   -0.463172 0.000999832
       16176       -0.36   -0.463165  0.00099979
       16177       -0.36   -0.463159 0.000999749
       16178       -0.36   -0.463152 0.000999707
       16179        -0.6   -0.463161 0.000999681
       16180       -0.44   -0.463159  0.00099962
       16181       -0.68   -0.463173 0.000999648
       16182        -0.6   -0.463181 0.000999622
       16183       -0.52   -0.463185 0.000999567
       16184       -0.52   -0.463188 0.000999511
       16185       -0.36   -0.463182  0.00099947
       16186       -0.28   -0.463171 0.000999472
       16187       -0.44   -0.463169 0.000999411
       16188       -0.44   -0.463168 0.000999351
       16189       -0.44   -0.463166  0.00099929
       16190       -0.52    -0.46317 0.000999234
       16191       -0.44   -0.463168 0.000999174
       16192       -0.44   -0.463167 0.000999113
       16193        -0.6   -0.463175 0.000999087
       16194       -0.52   -0.463179 0.000999032
       16195        -0.6   -0.463187 0.000999006
       16196       -0.52   -0.463191  0.00099895
       16197       -0.52   -0.463194 0.000998895
       16198       -0.52   -0.463198 0.000998839
       16199        -0.6   -0.463206 0.000998813
       16200       -0.52    -0.46321 0.000998758
       16201       -0.44   -0.463208 0.000998697
       16202       -0.28   -0.463197 0.000998699
       16203       -0.52   -0.463201 0.000998644
       16204       -0.52   -0.463204 0.000998588
       16205       -0.36   -0.463198 0.000998547
       16206       -0.36   -0.463191 0.000998506
       16207        -0.2   -0.463175 0.000998576
       16208       -0.44   -0.463174 0.000998516
       16209       -0.44   -0.463172 0.000998455
       16210       -0.44   -0.463171 0.000998394
       16211       -0.52   -0.463174 0.000998339
       16212       -0.52   -0.463178 0.000998284
       16213       -0.44   -0.463176 0.000998223
       16214        -0.6   -0.463185 0.000998197
       16215       -0.52   -0.463188 0.000998142
       16216       -0.52   -0.463192 0.000998086
       16217       -0.52   -0.463195 0.000998031
       16218       -0.36   -0.463189  0.00099799
       16219       -0.44   -0.463188 0.000997929
       16220       -0.36   -0.463181 0.000997888
       16221       -0.52   -0.463185 0.000997833
       16222       -0.68   -0.463198 0.000997861
       16223       -0.36   -0.463192 0.000997819
       16224       -0.44    -0.46319 0.000997759
       16225       -0.36   -0.463184 0.000997718
       16226       -0.44   -0.463183 0.000997657
       16227       -0.52   -0.463186 0.000997602
       16228       -0.44   -0.463185 0.000997541
       16229       -0.44   -0.463183 0.000997481
       16230       -0.68   -0.463197 0.000997509
       16231       -0.52     -0.4632 0.000997454
       16232        -0.6   -0.463208 0.000997428
       16233       -0.68   -0.463222 0.000997456
       16234       -0.52   -0.463225   0.0009974
       16235       -0.44   -0.463224  0.00099734
       16236       -0.52   -0.463227 0.000997285
       16237       -0.36   -0.463221 0.000997244
       16238       -0.36   -0.463215 0.000997202
       16239       -0.36   -0.463208 0.000997161
       16240       -0.52   -0.463212 0.000997106
       16241       -0.28   -0.463201 0.000997108
       16242       -0.28   -0.463189 0.000997111
       16243       -0.44   -0.463188  0.00099705
       16244       -0.36   -0.463181 0.000997009
       16245       -0.44    -0.46318 0.000996949
       16246       -0.52   -0.463184 0.000996894
       16247       -0.28   -0.463172 0.000996896
       16248        -0.6   -0.463181  0.00099687
       16249       -0.52   -0.463184 0.000996815
       16250        -0.6   -0.463193 0.000996789
       16251        -0.6   -0.463201 0.000996764
       16252       -0.76   -0.463219 0.000996869
       16253       -0.68   -0.463233 0.000996897
       16254       -0.36   -0.463226 0.000996856
       16255       -0.36    -0.46322 0.000996815
       16256       -0.44   -0.463219 0.000996755
       16257       -0.44   -0.463217 0.000996695
       16258        -0.6   -0.463225 0.000996669
       16259        -0.6   -0.463234 0.000996643
       16260        -0.6   -0.463242 0.000996617
       16261       -0.44   -0.463241 0.000996557
       16262       -0.28    -0.46323 0.000996559
       16263        -0.6   -0.463238 0.000996534
       16264       -0.52   -0.463242 0.000996478
       16265       -0.44    -0.46324 0.000996418
       16266        -0.6   -0.463248 0.000996392
       16267       -0.36   -0.463242 0.000996351
       16268       -0.36   -0.463236  0.00099631
       16269        -0.6   -0.463244 0.000996284
       16270       -0.68   -0.463258 0.000996312
       16271        -0.6   -0.463266 0.000996287
       16272        -0.6   -0.463274 0.000996261
       16273       -0.44   -0.463273 0.000996201
       16274        -0.6   -0.463281 0.000996175
       16275        -0.6    -0.46329 0.000996149
       16276       -0.44   -0.463288 0.000996089
       16277        -0.6   -0.463297 0.000996063
       16278       -0.36    -0.46329 0.000996022
       16279       -0.52   -0.463294 0.000995967
       16280        -0.6   -0.463302 0.000995941
       16281       -0.52   -0.463306 0.000995886
       16282       -0.52   -0.463309 0.000995831
       16283       -0.68   -0.463322 0.000995859
       16284       -0.52   -0.463326 0.000995804
       16285       -0.44   -0.463325 0.000995744
       16286        -0.6   -0.463333 0.000995718
       16287       -0.44   -0.463331 0.000995658
       16288       -0.44    -0.46333 0.000995598
       16289       -0.44   -0.463329 0.000995538
       16290       -0.28   -0.463317  0.00099554
       16291       -0.44   -0.463316  0.00099548
       16292       -0.36    -0.46331 0.000995439
       16293       -0.44   -0.463308 0.000995379
       16294       -0.44   -0.463307 0.000995319
       16295       -0.28   -0.463295 0.000995321
       16296       -0.36   -0.463289  0.00099528
       16297       -0.44   -0.463288  0.00099522
       16298       -0.44   -0.463286  0.00099516
       16299       -0.36    -0.46328  0.00099512
       16300        -0.6   -0.463288 0.000995094
       16301        -0.6   -0.463297 0.000995068
       16302       -0.68    -0.46331 0.000995096
       16303       -0.68   -0.463323 0.000995124
       16304       -0.76   -0.463342 0.000995229
       16305       -0.44    -0.46334 0.000995169
       16306       -0.52   -0.463344 0.000995114
       16307       -0.44   -0.463342 0.000995054
       16308       -0.44   -0.463341 0.000994994
       16309        -0.6   -0.463349 0.000994968
       16310       -0.68   -0.463362 0.000994996
       16311        -0.6   -0.463371  0.00099497
       16312       -0.52   -0.463374 0.000994915
       16313       -0.44   -0.463373 0.000994855
       16314       -0.44   -0.463371 0.000994795
       16315       -0.36   -0.463365 0.000994754
       16316       -0.44   -0.463364 0.000994695
       16317       -0.52   -0.463367  0.00099464
       16318       -0.76   -0.463385 0.000994745
       16319       -0.52   -0.463389  0.00099469
       16320       -0.52   -0.463392 0.000994635
       16321       -0.44   -0.463391 0.000994575
       16322       -0.28   -0.463379 0.000994578
       16323       -0.44   -0.463378 0.000994518
       16324       -0.36   -0.463372 0.000994477
       16325        -0.6    -0.46338 0.000994451
       16326        -0.6   -0.463388 0.000994426
       16327       -0.36   -0.463382 0.000994385
       16328       -0.36   -0.463376 0.000994344
       16329       -0.36   -0.463369 0.000994303
       16330       -0.12   -0.463348 0.000994465
       16331       -0.44   -0.463347 0.000994405
       16332       -0.44   -0.463346 0.000994345
       16333       -0.28   -0.463334 0.000994347
       16334       -0.28   -0.463323  0.00099435
       16335       -0.36   -0.463317 0.000994309
       16336       -0.52    -0.46332 0.000994254
       16337       -0.36   -0.463314 0.000994214
       16338       -0.36   -0.463308 0.000994173
       16339        -0.2   -0.463292 0.000994243
       16340       -0.52   -0.463295 0.000994188
       16341       -0.52   -0.463298 0.000994133
       16342       -0.36   -0.463292 0.000994092
       16343        -0.6     -0.4633 0.000994067
       16344       -0.52   -0.463304 0.000994012
       16345       -0.68   -0.463317  0.00099404
       16346       -0.36   -0.463311 0.000993999
       16347       -0.44   -0.463309 0.000993939
       16348       -0.28   -0.463298 0.000993941
       16349        -0.6   -0.463307 0.000993916
       16350        -0.6   -0.463315  0.00099389
       16351       -0.36   -0.463309  0.00099385
       16352       -0.28   -0.463297 0.000993852
       16353       -0.52   -0.463301 0.000993797
       16354       -0.52   -0.463304 0.000993743
       16355       -0.44   -0.463303 0.000993683
       16356       -0.68   -0.463316  0.00099371
       16357        -0.6   -0.463325 0.000993685
       16358       -0.44   -0.463323 0.000993625
       16359       -0.36   -0.463317 0.000993584
       16360       -0.52    -0.46332  0.00099353
       16361       -0.44   -0.463319  0.00099347
       16362        -0.6   -0.463327 0.000993444
       16363       -0.76   -0.463345 0.000993549
       16364       -0.44   -0.463344 0.000993489
       16365       -0.52   -0.463347 0.000993435
       16366       -0.52   -0.463351  0.00099338
       16367       -0.44   -0.463349  0.00099332
       16368       -0.68   -0.463363 0.000993348
       16369        -0.6   -0.463371 0.000993322
       16370       -0.44    -0.46337 0.000993263
       16371       -0.68   -0.463383  0.00099329
       16372       -0.52   -0.463386 0.000993235
       16373       -0.52    -0.46339 0.000993181
       16374       -0.28   -0.463379 0.000993183
       16375       -0.52   -0.463382 0.000993129
       16376        -0.6    -0.46339 0.000993103
       16377       -0.28   -0.463379 0.000993106
       16378       -0.28   -0.463368 0.000993108
       16379       -0.36   -0.463362 0.000993067
       16380       -0.52   -0.463365 0.000993013
       16381       -0.68   -0.463378  0.00099304
       16382       -0.52   -0.463382 0.000992986
       16383        -0.6    -0.46339  0.00099296
       16384       -0.52   -0.463394 0.000992905
       16385       -0.68   -0.463407 0.000992933
       16386        -0.6   -0.463415 0.000992907
       16387       -0.44   -0.463414 0.000992848
       16388       -0.44   -0.463412 0.000992788
       16389       -0.52   -0.463416 0.000992734
       16390       -0.68   -0.463429 0.000992761
       16391       -0.52   -0.463432 0.000992706
       16392       -0.68   -0.463446 0.000992734
       16393        -0.6   -0.463454 0.000992708
       16394       -0.36   -0.463448 0.000992668
       16395       -0.36   -0.463441 0.000992627
       16396       -0.36   -0.463435 0.000992587
       16397       -0.44   -0.463434 0.000992527
       16398       -0.44   -0.463432 0.000992468
       16399        -0.6    -0.46344 0.000992442
       16400       -0.52   -0.463444 0.000992388
       16401       -0.52   -0.463447 0.000992333
       16402       -0.36   -0.463441 0.000992293
       16403       -0.36   -0.463435 0.000992252
       16404        -0.2   -0.463419 0.000992322
       16405       -0.44   -0.463417 0.000992262
       16406       -0.44   -0.463416 0.000992203
       16407       -0.28   -0.463405 0.000992205
       16408       -0.44   -0.463403 0.000992146
       16409       -0.52   -0.463407 0.000992091
       16410       -0.44   -0.463405 0.000992032
       16411       -0.36   -0.463399 0.000991991
       16412        -0.6   -0.463407 0.000991966
       16413       -0.36   -0.463401 0.000991925
       16414        -0.6   -0.463409   0.0009919
       16415       -0.68   -0.463422 0.000991927
       16416       -0.52   -0.463426 0.000991873
       16417       -0.28   -0.463415 0.000991875
       16418       -0.36   -0.463408 0.000991835
       16419       -0.36   -0.463402 0.000991794
       16420       -0.44   -0.463401 0.000991735
       16421        -0.6   -0.463409  0.00099171
       16422       -0.36   -0.463403 0.000991669
       16423       -0.44   -0.463401  0.00099161
       16424       -0.44     -0.4634  0.00099155
       16425        -0.6   -0.463408 0.000991525
       16426       -0.52   -0.463412 0.000991471
       16427       -0.36   -0.463405  0.00099143
       16428       -0.52   -0.463409 0.000991376
       16429        -0.2   -0.463393 0.000991445
       16430        -0.6   -0.463401  0.00099142
       16431       -0.44     -0.4634  0.00099136
       16432       -0.44   -0.463398 0.000991301
       16433       -0.44   -0.463397 0.000991242
       16434       -0.36   -0.463391 0.000991201
       16435       -0.36   -0.463384 0.000991161
       16436       -0.44   -0.463383 0.000991102
       16437       -0.68   -0.463396 0.000991129
       16438        -0.2    -0.46338 0.000991198
       16439       -0.28   -0.463369 0.000991201
       16440       -0.52   -0.463372 0.000991146
       16441       -0.44   -0.463371 0.000991087
       16442       -0.44   -0.463369 0.000991028
       16443       -0.28   -0.463358  0.00099103
       16444       -0.36   -0.463352  0.00099099
       16445       -0.36   -0.463346  0.00099095
       16446       -0.52   -0.463349 0.000990895
       16447       -0.52   -0.463353 0.000990841
       16448       -0.52   -0.463356 0.000990787
       16449        -0.6   -0.463364 0.000990762
       16450       -0.44   -0.463363 0.000990702
       16451        -0.6   -0.463371 0.000990677
       16452       -0.52   -0.463375 0.000990623
       16453       -0.44   -0.463373 0.000990564
       16454       -0.44   -0.463372 0.000990504
       16455       -0.44    -0.46337 0.000990445
       16456       -0.28   -0.463359 0.000990448
       16457       -0.36   -0.463353 0.000990407
       16458       -0.28   -0.463342  0.00099041
       16459       -0.76    -0.46336 0.000990514
       16460       -0.68   -0.463373 0.000990541
       16461       -0.44   -0.463372 0.000990482
       16462        -0.6    -0.46338 0.000990456
       16463       -0.44   -0.463378 0.000990397
       16464        -0.6   -0.463387 0.000990372
       16465       -0.44   -0.463385 0.000990313
       16466       -0.44   -0.463384 0.000990254
       16467       -0.36   -0.463378 0.000990213
       16468        -0.2   -0.463362 0.000990282
       16469       -0.44    -0.46336 0.000990223
       16470       -0.36   -0.463354 0.000990183
       16471        -0.6   -0.463362 0.000990158
       16472        -0.6   -0.463371 0.000990132
       16473       -0.36   -0.463364 0.000990092
       16474       -0.28   -0.463353 0.000990095
       16475       -0.36   -0.463347 0.000990054
       16476        -0.2   -0.463331 0.000990123
       16477       -0.36   -0.463325 0.000990083
       16478       -0.36   -0.463318 0.000990043
       16479       -0.36   -0.463312 0.000990003
       16480       -0.44   -0.463311 0.000989944
       16481       -0.68   -0.463324 0.000989971
       16482       -0.52   -0.463327 0.000989917
       16483        -0.6   -0.463336 0.000989891
       16484        -0.6   -0.463344 0.000989866
       16485        -0.6   -0.463352 0.000989841
       16486       -0.52   -0.463356 0.000989787
       16487        -0.6   -0.463364 0.000989761
       16488        -0.6   -0.463372 0.000989736
       16489       -0.28   -0.463361 0.000989738
       16490        -0.6   -0.463369 0.000989713
       16491       -0.76   -0.463387 0.000989816
       16492       -0.68     -0.4634 0.000989844
       16493       -0.68   -0.463414 0.000989871
       16494       -0.44   -0.463412 0.000989812
       16495       -0.28   -0.463401 0.000989814
       16496       -0.44     -0.4634 0.000989755
       16497        -0.6   -0.463408  0.00098973
       16498       -0.68   -0.463421 0.000989757
       16499        -0.6   -0.463429 0.000989731
       16500       -0.44   -0.463428 0.000989673
       16501       -0.28   -0.463417 0.000989675
       16502       -0.52    -0.46342 0.000989621
       16503       -0.36   -0.463414 0.000989581
       16504       -0.44   -0.463413 0.000989522
       16505        -0.6   -0.463421 0.000989497
       16506       -0.28    -0.46341 0.000989499
       16507       -0.36   -0.463403 0.000989459
       16508       -0.28   -0.463392 0.000989461
       16509       -0.28   -0.463381 0.000989464
       16510       -0.44    -0.46338 0.000989405
       16511       -0.52   -0.463383 0.000989351
       16512       -0.52   -0.463387 0.000989297
       16513       -0.44   -0.463385 0.000989238
       16514       -0.36   -0.463379 0.000989198
       16515       -0.52   -0.463382 0.000989144
       16516       -0.44   -0.463381 0.000989085
       16517       -0.44    -0.46338 0.000989026
       16518        -0.6   -0.463388 0.000989001
       16519       -0.44   -0.463386 0.000988942
       16520       -0.44   -0.463385 0.000988883
       16521       -0.44   -0.463384 0.000988824
       16522       -0.36   -0.463377 0.000988784
       16523       -0.52   -0.463381  0.00098873
       16524       -0.44   -0.463379 0.000988672
       16525        -0.2   -0.463363  0.00098874
       16526       -0.52   -0.463367 0.000988686
       16527       -0.44   -0.463365 0.000988627
       16528       -0.12   -0.463345 0.000988786
       16529       -0.28   -0.463334 0.000988788
       16530       -0.52   -0.463337 0.000988734
       16531       -0.52    -0.46334 0.000988681
       16532        -0.6   -0.463349 0.000988655
       16533       -0.44   -0.463347 0.000988596
       16534       -0.44   -0.463346 0.000988538
       16535       -0.36    -0.46334 0.000988498
       16536       -0.36   -0.463333 0.000988458
       16537       -0.68   -0.463346 0.000988485
       16538       -0.36    -0.46334 0.000988445
       16539        -0.6   -0.463348 0.000988419
       16540       -0.76   -0.463366 0.000988522
       16541       -0.76   -0.463384 0.000988625
       16542        -0.6   -0.463393   0.0009886
       16543       -0.44   -0.463391 0.000988541
       16544       -0.44    -0.46339 0.000988483
       16545       -0.36   -0.463383 0.000988443
       16546       -0.52   -0.463387 0.000988389
       16547        -0.6   -0.463395 0.000988363
       16548       -0.68   -0.463408  0.00098839
       16549        0.04   -0.463378 0.000988799
       16550       -0.52   -0.463381 0.000988745
       16551       -0.68   -0.463394 0.000988772
       16552       -0.36   -0.463388 0.000988732
       16553       -0.36   -0.463382 0.000988692
       16554       -0.76     -0.4634 0.000988794
       16555       -0.68   -0.463413 0.000988821
       16556       -0.68   -0.463426 0.000988848
       16557       -0.28   -0.463415  0.00098885
       16558       -0.36   -0.463409  0.00098881
       16559       -0.44   -0.463407 0.000988752
       16560       -0.44   -0.463406 0.000988693
       16561       -0.52   -0.463409 0.000988639
       16562       -0.44   -0.463408  0.00098858
       16563       -0.28   -0.463397 0.000988583
       16564       -0.52     -0.4634 0.000988529
       16565       -0.12   -0.463379 0.000988687
       16566       -0.44   -0.463378 0.000988628
       16567       -0.52   -0.463381 0.000988574
       16568       -0.36   -0.463375 0.000988534
       16569       -0.36   -0.463369 0.000988494
       16570       -0.52   -0.463372 0.000988441
       16571        -0.6   -0.463381 0.000988415
       16572       -0.36   -0.463374 0.000988375
       16573       -0.52   -0.463378 0.000988322
       16574       -0.52   -0.463381 0.000988268
       16575       -0.44    -0.46338 0.000988209
       16576       -0.36   -0.463374 0.000988169
       16577       -0.44   -0.463372 0.000988111
       16578        -0.6    -0.46338 0.000988085
       16579       -0.68   -0.463393 0.000988112
       16580       -0.36   -0.463387 0.000988072
       16581       -0.52   -0.463391 0.000988019
       16582       -0.44   -0.463389  0.00098796
       16583        -0.6   -0.463397 0.000987935
       16584       -0.52   -0.463401 0.000987881
       16585       -0.68   -0.463414 0.000987908
       16586       -0.76   -0.463432  0.00098801
       16587       -0.52   -0.463435 0.000987957
       16588       -0.76   -0.463453 0.000988059
       16589       -0.76   -0.463471 0.000988161
       16590       -0.44    -0.46347 0.000988102
       16591       -0.44   -0.463468 0.000988044
       16592       -0.52   -0.463472  0.00098799
       16593       -0.44    -0.46347 0.000987932
       16594        -0.6   -0.463478 0.000987906
       16595       -0.52   -0.463482 0.000987853
       16596       -0.68   -0.463495 0.000987879
       16597       -0.52   -0.463498 0.000987826
       16598       -0.44   -0.463497 0.000987767
       16599       -0.44   -0.463495 0.000987709
       16600       -0.44   -0.463494  0.00098765
       16601       -0.52   -0.463497 0.000987596
       16602       -0.36   -0.463491 0.000987557
       16603       -0.52   -0.463495 0.000987503
       16604       -0.52   -0.463498 0.000987449
       16605       -0.52   -0.463501 0.000987396
       16606        -0.6    -0.46351 0.000987371
       16607       -0.52   -0.463513 0.000987317
       16608       -0.68   -0.463526 0.000987344
       16609        -0.6   -0.463534 0.000987318
       16610       -0.44   -0.463533  0.00098726
       16611       -0.36   -0.463527  0.00098722
       16612       -0.52    -0.46353 0.000987167
       16613       -0.68   -0.463543 0.000987193
       16614       -0.36   -0.463537 0.000987153
       16615       -0.44   -0.463535 0.000987095
       16616       -0.44   -0.463534 0.000987037
       16617       -0.44   -0.463533 0.000986978
       16618       -0.52   -0.463536 0.000986925
       16619        -0.6   -0.463544 0.000986899
       16620        -0.6   -0.463552 0.000986874
       16621        -0.6   -0.463561 0.000986849
       16622       -0.36   -0.463554 0.000986809
       16623       -0.52   -0.463558 0.000986756
       16624        -0.6   -0.463566 0.000986731
       16625        -0.6   -0.463574 0.000986705
       16626        -0.6   -0.463582  0.00098668
       16627       -0.52   -0.463586 0.000986627
       16628       -0.36    -0.46358 0.000986587
       16629       -0.44   -0.463578 0.000986529
       16630       -0.52   -0.463581 0.000986475
       16631       -0.44    -0.46358 0.000986417
       16632       -0.44   -0.463579 0.000986359
       16633       -0.36   -0.463572 0.000986319
       16634       -0.28   -0.463561 0.000986321
       16635       -0.44    -0.46356 0.000986263
       16636       -0.52   -0.463563  0.00098621
       16637       -0.44   -0.463562 0.000986151
       16638       -0.44   -0.463561 0.000986093
       16639       -0.36   -0.463554 0.000986053
       16640       -0.28   -0.463543 0.000986056
       16641       -0.44   -0.463542 0.000985998
       16642       -0.52   -0.463545 0.000985944
       16643       -0.68   -0.463558 0.000985971
       16644       -0.68   -0.463571 0.000985997
       16645       -0.68   -0.463584 0.000986024
       16646        -0.6   -0.463592 0.000985999
       16647       -0.44   -0.463591  0.00098594
       16648       -0.36   -0.463585 0.000985901
       16649       -0.28   -0.463574 0.000985903
       16650        -0.6   -0.463582 0.000985878
       16651        -0.6    -0.46359 0.000985853
       16652       -0.44   -0.463589 0.000985795
       16653       -0.44   -0.463587 0.000985737
       16654       -0.44   -0.463586 0.000985678
       16655       -0.36    -0.46358 0.000985639
       16656       -0.52   -0.463583 0.000985585
       16657       -0.44   -0.463582 0.000985527
       16658       -0.44    -0.46358 0.000985469
       16659       -0.36   -0.463574  0.00098543
       16660       -0.52   -0.463577 0.000985376
       16661       -0.52   -0.463581 0.000985323
       16662       -0.52   -0.463584  0.00098527
       16663        -0.6   -0.463592 0.000985245
       16664        -0.6   -0.463601 0.000985219
       16665        -0.6   -0.463609 0.000985194
       16666       -0.76   -0.463627 0.000985296
       16667       -0.36    -0.46362 0.000985256
       16668        -0.6   -0.463629 0.000985231
       16669        -0.6   -0.463637 0.000985206
       16670       -0.52    -0.46364 0.000985153
       16671       -0.52   -0.463643 0.000985099
       16672       -0.52   -0.463647 0.000985046
       16673       -0.52    -0.46365 0.000984993
       16674        -0.6   -0.463658 0.000984968
       16675        -0.6   -0.463667 0.000984943
       16676        -0.6   -0.463675 0.000984917
       16677        -0.6   -0.463683 0.000984892
       16678       -0.52   -0.463686 0.000984839
       16679       -0.44   -0.463685 0.000984781
       16680       -0.52   -0.463688 0.000984728
       16681       -0.68   -0.463701 0.000984754
       16682       -0.36   -0.463695 0.000984715
       16683       -0.44   -0.463694 0.000984657
       16684        -0.6   -0.463702 0.000984632
       16685        -0.6    -0.46371 0.000984606
       16686       -0.52   -0.463713 0.000984553
       16687       -0.44   -0.463712 0.000984495
       16688       -0.28   -0.463701 0.000984498
       16689       -0.44   -0.463699  0.00098444
       16690       -0.36   -0.463693   0.0009844
       16691       -0.52   -0.463697 0.000984347
       16692       -0.36    -0.46369 0.000984308
       16693       -0.28   -0.463679  0.00098431
       16694       -0.44   -0.463678 0.000984252
       16695        -0.6   -0.463686 0.000984227
       16696       -0.44   -0.463685 0.000984169
       16697       -0.44   -0.463683 0.000984111
       16698       -0.52   -0.463687 0.000984058
       16699       -0.36    -0.46368 0.000984019
       16700       -0.28   -0.463669 0.000984022
       16701       -0.44   -0.463668 0.000983964
       16702       -0.68   -0.463681  0.00098399
       16703       -0.52   -0.463684 0.000983937
       16704        -0.6   -0.463693 0.000983912
       16705        -0.6   -0.463701 0.000983887
       16706        -0.6   -0.463709 0.000983862
       16707       -0.44   -0.463707 0.000983804
       16708       -0.36   -0.463701 0.000983764
       16709       -0.28    -0.46369 0.000983767
       16710       -0.44   -0.463689 0.000983709
       16711        -0.2   -0.463673 0.000983777
       16712       -0.36   -0.463667 0.000983738
       16713       -0.52    -0.46367 0.000983684
       16714       -0.52   -0.463674 0.000983631
       16715       -0.52   -0.463677 0.000983578
       16716       -0.44   -0.463676  0.00098352
       16717       -0.28   -0.463665 0.000983523
       16718       -0.44   -0.463663 0.000983465
       16719       -0.36   -0.463657 0.000983426
       16720       -0.36   -0.463651 0.000983387
       16721       -0.68   -0.463664 0.000983413
       16722       -0.52   -0.463667  0.00098336
       16723       -0.36   -0.463661 0.000983321
       16724       -0.36   -0.463655 0.000983281
       16725       -0.28   -0.463644 0.000983284
       16726       -0.52   -0.463647 0.000983231
       16727       -0.44   -0.463646 0.000983173
       16728       -0.28   -0.463635 0.000983176
       16729       -0.52   -0.463638 0.000983123
       16730       -0.44   -0.463637 0.000983065
       16731       -0.68    -0.46365 0.000983091
       16732       -0.68   -0.463662 0.000983117
       16733        -0.6   -0.463671 0.000983092
       16734       -0.52   -0.463674  0.00098304
       16735       -0.44   -0.463673 0.000982982
       16736       -0.36   -0.463666 0.000982943
       16737       -0.36    -0.46366 0.000982903
       16738       -0.36   -0.463654 0.000982864
       16739       -0.44   -0.463653 0.000982806
       16740        -0.2   -0.463637 0.000982874
       16741       -0.36   -0.463631 0.000982835
       16742       -0.44   -0.463629 0.000982777
       16743       -0.44   -0.463628 0.000982719
       16744       -0.44   -0.463626 0.000982662
       16745       -0.44   -0.463625 0.000982604
       16746       -0.52   -0.463628 0.000982551
       16747        -0.6   -0.463636 0.000982526
       16748       -0.68   -0.463649 0.000982552
       16749       -0.68   -0.463662 0.000982579
       16750       -0.36   -0.463656 0.000982539
       16751       -0.52   -0.463659 0.000982487
       16752       -0.68   -0.463672 0.000982513
       16753       -0.28   -0.463661 0.000982515
       16754       -0.52   -0.463665 0.000982462
       16755       -0.44   -0.463663 0.000982405
       16756        -0.2   -0.463648 0.000982472
       16757       -0.36   -0.463641 0.000982433
       16758       -0.44    -0.46364 0.000982375
       16759        -0.6   -0.463648  0.00098235
       16760       -0.84   -0.463671 0.000982549
       16761       -0.52   -0.463674 0.000982496
       16762       -0.36   -0.463668 0.000982456
       16763       -0.36   -0.463662 0.000982417
       16764       -0.44    -0.46366  0.00098236
       16765       -0.36   -0.463654 0.000982321
       16766       -0.44   -0.463653 0.000982263
       16767       -0.52   -0.463656  0.00098221
       16768       -0.44   -0.463655 0.000982153
       16769       -0.28   -0.463644 0.000982155
       16770        -0.6   -0.463652  0.00098213
       16771        -0.6    -0.46366 0.000982105
       16772       -0.52   -0.463663 0.000982052
       16773       -0.68   -0.463676 0.000982079
       16774       -0.52    -0.46368 0.000982026
       16775        -0.6   -0.463688 0.000982001
       16776       -0.68   -0.463701 0.000982027
       16777       -0.44   -0.463699  0.00098197
       16778        -0.6   -0.463707 0.000981945
       16779       -0.44   -0.463706 0.000981887
       16780       -0.52   -0.463709 0.000981834
       16781       -0.52   -0.463713 0.000981782
       16782       -0.44   -0.463711 0.000981724
       16783       -0.52   -0.463714 0.000981671
       16784       -0.28   -0.463704 0.000981674
       16785       -0.44   -0.463702 0.000981616
       16786        -0.6    -0.46371 0.000981591
       16787        -0.6   -0.463718 0.000981567
       16788       -0.28   -0.463707 0.000981569
       16789       -0.44   -0.463706 0.000981512
       16790       -0.12   -0.463686 0.000981667
       16791       -0.52   -0.463689 0.000981614
       16792       -0.44   -0.463687 0.000981556
       16793       -0.52   -0.463691 0.000981504
       16794        -0.6   -0.463699 0.000981479
       16795       -0.52   -0.463702 0.000981426
       16796       -0.68   -0.463715 0.000981452
       16797        -0.6   -0.463723 0.000981427
       16798       -0.44   -0.463722  0.00098137
       16799       -0.44    -0.46372 0.000981312
       16800       -0.44   -0.463719 0.000981255
       16801        -0.6   -0.463727  0.00098123
       16802       -0.52   -0.463731 0.000981178
       16803        -0.6   -0.463739 0.000981153
       16804       -0.36   -0.463732 0.000981114
       16805        -0.6   -0.463741 0.000981089
       16806        -0.6   -0.463749 0.000981064
       16807       -0.36   -0.463742 0.000981025
       16808       -0.36   -0.463736 0.000980986
       16809       -0.44   -0.463735 0.000980929
       16810        -0.6   -0.463743 0.000980904
       16811       -0.28   -0.463732 0.000980906
       16812       -0.44   -0.463731 0.000980849
       16813       -0.28    -0.46372 0.000980852
       16814       -0.28   -0.463709 0.000980854
       16815       -0.36   -0.463703 0.000980815
       16816       -0.44   -0.463701 0.000980758
       16817       -0.52   -0.463705 0.000980705
       16818       -0.52   -0.463708 0.000980653
       16819       -0.36   -0.463702 0.000980614
       16820       -0.28   -0.463691 0.000980616
       16821       -0.52   -0.463694 0.000980564
       16822       -0.52   -0.463698 0.000980511
       16823        -0.6   -0.463706 0.000980486
       16824        -0.6   -0.463714 0.000980461
       16825       -0.44   -0.463712 0.000980404
       16826       -0.52   -0.463716 0.000980352
       16827       -0.36    -0.46371 0.000980313
       16828        -0.2   -0.463694  0.00098038
       16829       -0.28   -0.463683 0.000980382
       16830       -0.28   -0.463672 0.000980385
       16831       -0.52   -0.463675 0.000980332
       16832       -0.68   -0.463688 0.000980358
       16833       -0.52   -0.463692 0.000980306
       16834       -0.28   -0.463681 0.000980308
       16835       -0.28    -0.46367 0.000980311
       16836       -0.52   -0.463673 0.000980258
       16837        -0.6   -0.463681 0.000980233
       16838       -0.76   -0.463699 0.000980333
       16839       -0.52   -0.463702 0.000980281
       16840       -0.52   -0.463705 0.000980228
       16841       -0.44   -0.463704 0.000980171
       16842       -0.44   -0.463703 0.000980114
       16843       -0.52   -0.463706 0.000980061
       16844       -0.44   -0.463705 0.000980004
       16845        -0.2   -0.463689 0.000980071
       16846       -0.28   -0.463678 0.000980073
       16847       -0.52   -0.463681 0.000980021
       16848       -0.52   -0.463685 0.000979968
       16849       -0.52   -0.463688 0.000979916
       16850       -0.44   -0.463687 0.000979859
       16851       -0.28   -0.463676 0.000979861
       16852       -0.44   -0.463674 0.000979804
       16853       -0.36   -0.463668 0.000979765
       16854       -0.04   -0.463643  0.00098003
       16855       -0.36   -0.463637 0.000979991
       16856       -0.36   -0.463631 0.000979952
       16857       -0.44   -0.463629 0.000979895
       16858       -0.68   -0.463642 0.000979921
       16859       -0.44   -0.463641 0.000979864
       16860       -0.44   -0.463639 0.000979806
       16861        -0.6   -0.463647 0.000979782
       16862       -0.36   -0.463641 0.000979743
       16863       -0.44    -0.46364 0.000979686
       16864       -0.36   -0.463634 0.000979647
       16865       -0.52   -0.463637 0.000979595
       16866       -0.28   -0.463626 0.000979597
       16867       -0.44   -0.463625  0.00097954
       16868       -0.52   -0.463628 0.000979488
       16869        -0.6   -0.463636 0.000979463
       16870        -0.6   -0.463644 0.000979438
       16871       -0.52   -0.463648 0.000979386
       16872       -0.36   -0.463642 0.000979347
       16873       -0.44    -0.46364  0.00097929
       16874       -0.52   -0.463643 0.000979238
       16875        -0.6   -0.463652 0.000979213
       16876       -0.36   -0.463645 0.000979174
       16877       -0.52   -0.463649 0.000979122
       16878       -0.36   -0.463643 0.000979083
       16879       -0.28   -0.463632 0.000979086
       16880       -0.44    -0.46363 0.000979029
       16881       -0.36   -0.463624  0.00097899
       16882       -0.28   -0.463613 0.000978992
       16883       -0.36   -0.463607 0.000978953
       16884        -0.6   -0.463615 0.000978929
       16885       -0.44   -0.463614 0.000978872
       16886       -0.44   -0.463612 0.000978815
       16887       -0.44   -0.463611 0.000978758
       16888       -0.44    -0.46361 0.000978701
       16889        -0.6   -0.463618 0.000978676
       16890       -0.36   -0.463612 0.000978638
       16891       -0.52   -0.463615 0.000978585
       16892       -0.52   -0.463618 0.000978533
       16893       -0.36   -0.463612 0.000978494
       16894       -0.36   -0.463606 0.000978456
       16895        -0.6   -0.463614 0.000978431
       16896       -0.52   -0.463617 0.000978379
       16897        -0.6   -0.463625 0.000978354
       16898       -0.36   -0.463619 0.000978316
       16899       -0.52   -0.463623 0.000978263
       16900       -0.44   -0.463621 0.000978207
       16901       -0.76   -0.463639 0.000978306
       16902       -0.36   -0.463633 0.000978267
       16903       -0.44   -0.463631  0.00097821
       16904        -0.2   -0.463616 0.000978277
       16905       -0.44   -0.463614  0.00097822
       16906       -0.44   -0.463613 0.000978163
       16907       -0.36   -0.463607 0.000978124
       16908       -0.44   -0.463605 0.000978067
       16909        -0.6   -0.463613 0.000978043
       16910       -0.52   -0.463617 0.000977991
       16911       -0.36   -0.463611 0.000977952
       16912       -0.44   -0.463609 0.000977895
       16913       -0.28   -0.463598 0.000977898
       16914       -0.44   -0.463597 0.000977841
       16915       -0.44   -0.463596 0.000977784
       16916        -0.2    -0.46358  0.00097785
       16917       -0.44   -0.463579 0.000977794
       16918       -0.44   -0.463577 0.000977737
       16919       -0.52   -0.463581 0.000977685
       16920        -0.2   -0.463565 0.000977751
       16921       -0.44   -0.463564 0.000977694
       16922        -0.6   -0.463572  0.00097767
       16923       -0.36   -0.463566 0.000977631
       16924       -0.52   -0.463569 0.000977579
       16925       -0.52   -0.463572 0.000977527
       16926       -0.52   -0.463576 0.000977475
       16927       -0.44   -0.463574 0.000977418
       16928       -0.52   -0.463578 0.000977366
       16929       -0.28   -0.463567 0.000977368
       16930       -0.28   -0.463556 0.000977371
       16931       -0.44   -0.463554 0.000977314
       16932       -0.52   -0.463558 0.000977262
       16933       -0.68   -0.463571 0.000977288
       16934       -0.52   -0.463574 0.000977236
       16935        -0.6   -0.463582 0.000977211
       16936       -0.44   -0.463581 0.000977155
       16937       -0.28    -0.46357 0.000977157
       16938       -0.28   -0.463559  0.00097716
       16939       -0.36   -0.463553 0.000977121
       16940       -0.44   -0.463551 0.000977064
       16941       -0.44    -0.46355 0.000977008
       16942       -0.44   -0.463549 0.000976951
       16943       -0.44   -0.463547 0.000976894
       16944       -0.52   -0.463551 0.000976842
       16945       -0.36   -0.463544 0.000976804
       16946       -0.52   -0.463548 0.000976752
       16947       -0.44   -0.463546 0.000976695
       16948       -0.52    -0.46355 0.000976643
       16949       -0.28   -0.463539 0.000976646
       16950       -0.44   -0.463537 0.000976589
       16951       -0.36   -0.463531 0.000976551
       16952       -0.36   -0.463525 0.000976512
       16953        -0.6   -0.463533 0.000976488
       16954        -0.6   -0.463541 0.000976463
       16955       -0.52   -0.463545 0.000976411
       16956       -0.12   -0.463524 0.000976564
       16957       -0.12   -0.463504 0.000976716
       16958        -0.6   -0.463512 0.000976692
       16959        -0.6    -0.46352 0.000976667
       16960       -0.52   -0.463524 0.000976616
       16961       -0.68   -0.463536 0.000976641
       16962       -0.44   -0.463535 0.000976585
       16963       -0.44   -0.463534 0.000976528
       16964       -0.52   -0.463537 0.000976476
       16965       -0.44   -0.463536  0.00097642
       16966       -0.52   -0.463539 0.000976368
       16967       -0.44   -0.463537 0.000976311
       16968       -0.36   -0.463531 0.000976273
       16969       -0.28   -0.463521 0.000976275
       16970       -0.44   -0.463519 0.000976219
       16971       -0.36   -0.463513  0.00097618
       16972       -0.44   -0.463512 0.000976124
       16973       -0.44    -0.46351 0.000976067
       16974       -0.28   -0.463499  0.00097607
       16975       -0.52   -0.463503 0.000976018
       16976       -0.52   -0.463506 0.000975966
       16977       -0.36     -0.4635 0.000975927
       16978        -0.2   -0.463485 0.000975993
       16979       -0.36   -0.463478 0.000975955
       16980       -0.44   -0.463477 0.000975898
       16981       -0.36   -0.463471  0.00097586
       16982       -0.44    -0.46347 0.000975803
       16983       -0.68   -0.463482 0.000975829
       16984       -0.28   -0.463472 0.000975832
       16985       -0.36   -0.463465 0.000975793
       16986       -0.52   -0.463469 0.000975741
       16987       -0.44   -0.463467 0.000975685
       16988       -0.68    -0.46348 0.000975711
       16989        -0.6   -0.463488 0.000975686
       16990       -0.36   -0.463482 0.000975648
       16991       -0.36   -0.463476  0.00097561
       16992       -0.44   -0.463475 0.000975553
       16993       -0.52   -0.463478 0.000975501
       16994       -0.44   -0.463477 0.000975445
       16995       -0.68   -0.463489 0.000975471
       16996       -0.36   -0.463483 0.000975432
       16997        -0.2   -0.463468 0.000975498
       16998       -0.28   -0.463457 0.000975501
       16999       -0.44   -0.463455 0.000975444
       17000       -0.36   -0.463449 0.000975406
       17001       -0.44   -0.463448 0.000975349
       17002       -0.68   -0.463461 0.000975375
       17003       -0.52   -0.463464 0.000975323
       17004       -0.52   -0.463467 0.000975272
       17005       -0.44   -0.463466 0.000975215
       17006       -0.44   -0.463465 0.000975159
       17007       -0.28   -0.463454 0.000975161
       17008       -0.44   -0.463452 0.000975105
       17009       -0.52   -0.463456 0.000975053
       17010       -0.44   -0.463454 0.000974997
       17011       -0.36   -0.463448 0.000974959
       17012       -0.44   -0.463447 0.000974902
       17013       -0.28   -0.463436 0.000974905
       17014       -0.44   -0.463435 0.000974848
       17015       -0.44   -0.463433 0.000974792
       17016        -0.6   -0.463441 0.000974768
       17017       -0.44    -0.46344 0.000974711
       17018       -0.36   -0.463434 0.000974673
       17019       -0.44   -0.463433 0.000974617
       17020        -0.6   -0.463441 0.000974593
       17021       -0.44   -0.463439 0.000974536
       17022       -0.44   -0.463438  0.00097448
       17023       -0.36   -0.463432 0.000974442
       17024       -0.44    -0.46343 0.000974385
       17025       -0.44   -0.463429 0.000974329
       17026       -0.36   -0.463423 0.000974291
       17027       -0.52   -0.463426 0.000974239
       17028       -0.52    -0.46343 0.000974188
       17029       -0.68   -0.463442 0.000974214
       17030       -0.52   -0.463446 0.000974162
       17031       -0.52   -0.463449  0.00097411
       17032       -0.68   -0.463462 0.000974136
       17033       -0.52   -0.463465 0.000974085
       17034       -0.44   -0.463464 0.000974029
       17035       -0.28   -0.463453 0.000974031
       17036       -0.44   -0.463452 0.000973975
       17037       -0.52   -0.463455 0.000973923
       17038       -0.68   -0.463468 0.000973949
       17039       -0.44   -0.463466 0.000973893
       17040       -0.28   -0.463455 0.000973895
       17041       -0.04   -0.463431 0.000974155
       17042       -0.36   -0.463424 0.000974117
       17043       -0.44   -0.463423  0.00097406
       17044        -0.6   -0.463431 0.000974036
       17045       -0.52   -0.463434 0.000973985
       17046       -0.36   -0.463428 0.000973947
       17047       -0.44   -0.463427  0.00097389
       17048       -0.36   -0.463421 0.000973852
       17049       -0.36   -0.463415 0.000973814
       17050       -0.28   -0.463404 0.000973816
       17051       -0.44   -0.463403  0.00097376
       17052       -0.52   -0.463406 0.000973709
       17053       -0.44   -0.463405 0.000973653
       17054       -0.44   -0.463403 0.000973596
       17055       -0.52   -0.463407 0.000973545
       17056       -0.36   -0.463401 0.000973507
       17057       -0.44   -0.463399 0.000973451
       17058       -0.52   -0.463403 0.000973399
       17059       -0.52   -0.463406 0.000973348
       17060       -0.44   -0.463404 0.000973292
       17061       -0.28   -0.463394 0.000973294
       17062       -0.36   -0.463388 0.000973256
       17063       -0.44   -0.463386   0.0009732
       17064       -0.36    -0.46338 0.000973162
       17065       -0.28   -0.463369 0.000973164
       17066       -0.44   -0.463368 0.000973108
       17067       -0.68   -0.463381 0.000973134
       17068       -0.44   -0.463379 0.000973078
       17069       -0.44   -0.463378 0.000973022
       17070       -0.36   -0.463372 0.000972983
       17071       -0.36   -0.463366 0.000972945
       17072       -0.44   -0.463365 0.000972889
       17073       -0.44   -0.463363 0.000972833
       17074       -0.44   -0.463362 0.000972777
       17075       -0.44    -0.46336 0.000972721
       17076       -0.36   -0.463354 0.000972683
       17077       -0.44   -0.463353 0.000972627
       17078       -0.36   -0.463347 0.000972589
       17079       -0.52    -0.46335 0.000972538
       17080       -0.44   -0.463349 0.000972482
       17081       -0.44   -0.463348 0.000972426
       17082       -0.52   -0.463351 0.000972374
       17083       -0.52   -0.463354 0.000972323
       17084       -0.36   -0.463348 0.000972285
       17085       -0.44   -0.463347 0.000972229
       17086       -0.44   -0.463345 0.000972173
       17087       -0.52   -0.463349 0.000972122
       17088        -0.6   -0.463357 0.000972098
       17089       -0.28   -0.463346   0.0009721
       17090       -0.36    -0.46334 0.000972062
       17091       -0.36   -0.463334 0.000972024
       17092       -0.52   -0.463337 0.000971973
       17093       -0.44   -0.463336 0.000971917
       17094       -0.44   -0.463335 0.000971861
       17095       -0.36   -0.463328 0.000971823
       17096       -0.44   -0.463327 0.000971767
       17097       -0.44   -0.463326 0.000971711
       17098       -0.36    -0.46332 0.000971673
       17099       -0.44   -0.463318 0.000971617
       17100       -0.44   -0.463317 0.000971561
       17101        -0.2   -0.463302 0.000971627
       17102       -0.28   -0.463291 0.000971629
       17103        -0.2   -0.463275 0.000971694
       17104       -0.36   -0.463269 0.000971656
       17105       -0.52   -0.463273 0.000971605
       17106       -0.52   -0.463276 0.000971554
       17107        -0.6   -0.463284  0.00097153
       17108        -0.6   -0.463292 0.000971506
       17109       -0.36   -0.463286 0.000971468
       17110       -0.28   -0.463275  0.00097147
       17111       -0.68   -0.463288 0.000971496
       17112       -0.44   -0.463287  0.00097144
       17113       -0.36   -0.463281 0.000971402
       17114       -0.28    -0.46327 0.000971404
       17115       -0.44   -0.463268 0.000971349
       17116       -0.52   -0.463272 0.000971297
       17117        -0.6    -0.46328 0.000971274
       17118        -0.6   -0.463288  0.00097125
       17119       -0.44   -0.463286 0.000971194
       17120        -0.6   -0.463294  0.00097117
       17121       -0.04    -0.46327 0.000971428
       17122       -0.44   -0.463268 0.000971372
       17123       -0.44   -0.463267 0.000971316
       17124       -0.76   -0.463284 0.000971414
       17125       -0.76   -0.463302 0.000971512
       17126       -0.52   -0.463305 0.000971461
       17127       -0.68   -0.463318 0.000971487
       17128       -0.52   -0.463321 0.000971435
       17129       -0.28    -0.46331 0.000971438
       17130       -0.36   -0.463304   0.0009714
       17131       -0.44   -0.463303 0.000971344
       17132       -0.36   -0.463297 0.000971306
       17133       -0.36   -0.463291 0.000971268
       17134       -0.44   -0.463289 0.000971212
       17135       -0.44   -0.463288 0.000971157
       17136       -0.44   -0.463287 0.000971101
       17137        -0.6   -0.463295 0.000971077
       17138       -0.44   -0.463293 0.000971021
       17139       -0.52   -0.463297  0.00097097
       17140       -0.44   -0.463295 0.000970915
       17141        -0.6   -0.463303 0.000970891
       17142        -0.6   -0.463311 0.000970867
       17143       -0.52   -0.463314 0.000970816
       17144       -0.68   -0.463327 0.000970841
       17145       -0.52    -0.46333  0.00097079
       17146        -0.2   -0.463315 0.000970855
       17147       -0.52   -0.463318 0.000970804
       17148       -0.36   -0.463312 0.000970766
       17149       -0.68   -0.463325 0.000970792
       17150       -0.44   -0.463324 0.000970736
       17151        -0.6   -0.463332 0.000970712
       17152       -0.44    -0.46333 0.000970657
       17153       -0.44   -0.463329 0.000970601
       17154       -0.36   -0.463323 0.000970563
       17155       -0.44   -0.463321 0.000970508
       17156       -0.36   -0.463315  0.00097047
       17157       -0.36   -0.463309 0.000970432
       17158       -0.36   -0.463303 0.000970394
       17159       -0.28   -0.463293 0.000970396
       17160       -0.52   -0.463296 0.000970345
       17161       -0.52   -0.463299 0.000970294
       17162        -0.6   -0.463307 0.000970271
       17163       -0.44   -0.463306 0.000970215
       17164       -0.36     -0.4633 0.000970177
       17165       -0.52   -0.463303 0.000970126
       17166       -0.36   -0.463297 0.000970088
       17167       -0.44   -0.463296 0.000970033
       17168       -0.44   -0.463295 0.000969977
       17169       -0.28   -0.463284 0.000969979
       17170       -0.52   -0.463287 0.000969929
       17171       -0.36   -0.463281 0.000969891
       17172       -0.36   -0.463275 0.000969853
       17173        -0.6   -0.463283 0.000969829
       17174       -0.36   -0.463277 0.000969791
       17175       -0.36   -0.463271 0.000969754
       17176       -0.44    -0.46327 0.000969698
       17177       -0.52   -0.463273 0.000969647
       17178        -0.6   -0.463281 0.000969623
       17179       -0.52   -0.463284 0.000969573
       17180       -0.68   -0.463297 0.000969598
       17181       -0.44   -0.463296 0.000969543
       17182       -0.68   -0.463308 0.000969568
       17183       -0.76   -0.463325 0.000969666
       17184       -0.44   -0.463324  0.00096961
       17185       -0.44   -0.463323 0.000969555
       17186        -0.6   -0.463331 0.000969531
       17187       -0.52   -0.463334  0.00096948
       17188       -0.36   -0.463328 0.000969442
       17189       -0.28   -0.463317 0.000969445
       17190       -0.36   -0.463311 0.000969407
       17191        -0.2   -0.463296 0.000969471
       17192       -0.36    -0.46329 0.000969434
       17193        -0.6   -0.463298  0.00096941
       17194       -0.76   -0.463315 0.000969507
       17195       -0.44   -0.463314 0.000969452
       17196       -0.68   -0.463326 0.000969477
       17197        -0.6   -0.463334 0.000969453
       17198       -0.36   -0.463328 0.000969416
       17199        -0.6   -0.463336 0.000969392
       17200       -0.52    -0.46334 0.000969341
       17201        -0.2   -0.463324 0.000969406
       17202       -0.44   -0.463323  0.00096935
       17203        -0.6   -0.463331 0.000969326
       17204       -0.44   -0.463329 0.000969271
       17205       -0.36   -0.463323 0.000969233
       17206       -0.44   -0.463322 0.000969178
       17207       -0.36   -0.463316  0.00096914
       17208       -0.28   -0.463305 0.000969142
       17209        -0.2    -0.46329 0.000969207
       17210        -0.6   -0.463298 0.000969183
       17211       -0.44   -0.463297 0.000969128
       17212       -0.36   -0.463291  0.00096909
       17213       -0.52   -0.463294 0.000969039
       17214       -0.36   -0.463288 0.000969002
       17215       -0.52   -0.463291 0.000968951
       17216       -0.44    -0.46329 0.000968896
       17217       -0.28   -0.463279 0.000968898
       17218       -0.36   -0.463273  0.00096886
       17219       -0.36   -0.463267 0.000968822
       17220       -0.36   -0.463261 0.000968785
       17221       -0.12   -0.463241 0.000968933
       17222       -0.04   -0.463217 0.000969189
       17223       -0.28   -0.463206 0.000969191
       17224       -0.44   -0.463205 0.000969136
       17225       -0.28   -0.463194 0.000969138
       17226       -0.28   -0.463184  0.00096914
       17227        -0.2   -0.463168 0.000969204
       17228       -0.36   -0.463162 0.000969166
       17229       -0.36   -0.463156 0.000969128
       17230       -0.36    -0.46315 0.000969091
       17231       -0.36   -0.463144 0.000969053
       17232       -0.52   -0.463148 0.000969002
       17233       -0.44   -0.463146 0.000968947
       17234       -0.28   -0.463136 0.000968949
       17235       -0.28   -0.463125 0.000968951
       17236       -0.36   -0.463119 0.000968913
       17237       -0.36   -0.463113 0.000968876
       17238        -0.6   -0.463121 0.000968852
       17239       -0.44    -0.46312 0.000968797
       17240       -0.28   -0.463109 0.000968799
       17241       -0.44   -0.463108 0.000968743
       17242       -0.28   -0.463097 0.000968745
       17243       -0.44   -0.463096  0.00096869
       17244       -0.28   -0.463085 0.000968692
       17245        -0.2    -0.46307 0.000968756
       17246       -0.36   -0.463064 0.000968718
       17247       -0.36   -0.463058 0.000968681
       17248       -0.52   -0.463061  0.00096863
       17249       -0.52   -0.463065  0.00096858
       17250       -0.44   -0.463063 0.000968524
       17251       -0.44   -0.463062 0.000968469
       17252       -0.44   -0.463061 0.000968414
       17253       -0.44   -0.463059 0.000968359
       17254       -0.36   -0.463053 0.000968321
       17255       -0.36   -0.463047 0.000968283
       17256       -0.44   -0.463046 0.000968228
       17257        -0.6   -0.463054 0.000968205
       17258       -0.44   -0.463052 0.000968149
       17259       -0.44   -0.463051 0.000968094
       17260        -0.6   -0.463059 0.000968071
       17261       -0.52   -0.463062  0.00096802
       17262       -0.44   -0.463061 0.000967965
       17263       -0.52   -0.463064 0.000967915
       17264       -0.52   -0.463068 0.000967864
       17265       -0.36   -0.463062 0.000967826
       17266        -0.2   -0.463046  0.00096789
       17267        -0.6   -0.463054 0.000967867
       17268       -0.44   -0.463053 0.000967812
       17269       -0.44   -0.463052 0.000967756
       17270       -0.52   -0.463055 0.000967706
       17271       -0.52   -0.463058 0.000967656
       17272       -0.12   -0.463038 0.000967803
       17273       -0.44   -0.463037 0.000967748
       17274       -0.28   -0.463027  0.00096775
       17275       -0.36   -0.463021 0.000967713
       17276       -0.28    -0.46301 0.000967715
       17277        -0.2   -0.462995 0.000967778
       17278       -0.36   -0.462989 0.000967741
       17279       -0.52   -0.462992  0.00096769
       17280        -0.6      -0.463 0.000967667
       17281       -0.52   -0.463003 0.000967616
       17282       -0.36   -0.462997 0.000967579
       17283        -0.6   -0.463005 0.000967555
       17284       -0.44   -0.463004   0.0009675
       17285       -0.52   -0.463007  0.00096745
       17286       -0.68    -0.46302 0.000967475
       17287       -0.52   -0.463023 0.000967425
       17288       -0.36   -0.463017 0.000967387
       17289       -0.44   -0.463016 0.000967332
       17290       -0.76   -0.463033 0.000967429
       17291        -0.6   -0.463041 0.000967405
       17292        -0.6   -0.463049 0.000967382
       17293       -0.52   -0.463052 0.000967331
       17294       -0.36   -0.463046 0.000967294
       17295       -0.28   -0.463036 0.000967296
       17296       -0.44   -0.463034 0.000967241
       17297        -0.2   -0.463019 0.000967304
       17298       -0.36   -0.463013 0.000967267
       17299       -0.44   -0.463012 0.000967212
       17300       -0.52   -0.463015 0.000967162
       17301       -0.44   -0.463014 0.000967107
       17302        -0.6   -0.463022 0.000967083
       17303       -0.52   -0.463025 0.000967033
       17304       -0.44   -0.463024 0.000966978
       17305       -0.44   -0.463022 0.000966923
       17306       -0.52   -0.463026 0.000966873
       17307       -0.52   -0.463029 0.000966822
       17308       -0.44   -0.463028 0.000966767
       17309       -0.36   -0.463022  0.00096673
       17310       -0.44    -0.46302 0.000966675
       17311       -0.52   -0.463024 0.000966625
       17312        -0.6   -0.463031 0.000966601
       17313       -0.44    -0.46303 0.000966546
       17314       -0.36   -0.463024 0.000966509
       17315       -0.52   -0.463027 0.000966459
       17316        -0.6   -0.463035 0.000966435
       17317       -0.44   -0.463034  0.00096638
       17318       -0.52   -0.463037  0.00096633
       17319       -0.36   -0.463031 0.000966293
       17320        -0.6   -0.463039 0.000966269
       17321        -0.6   -0.463047 0.000966246
       17322        -0.6   -0.463055 0.000966222
       17323       -0.52   -0.463058 0.000966172
       17324       -0.44   -0.463057 0.000966117
       17325       -0.36   -0.463051  0.00096608
       17326       -0.44    -0.46305 0.000966025
       17327       -0.44   -0.463048  0.00096597
       17328       -0.36   -0.463042 0.000965933
       17329        -0.6    -0.46305 0.000965909
       17330       -0.44   -0.463049 0.000965854
       17331       -0.44   -0.463048   0.0009658
       17332       -0.68    -0.46306 0.000965825
       17333       -0.44   -0.463059  0.00096577
       17334        -0.6   -0.463067 0.000965747
       17335       -0.52    -0.46307 0.000965697
       17336       -0.28    -0.46306 0.000965699
       17337       -0.36   -0.463054 0.000965661
       17338       -0.52   -0.463057 0.000965611
       17339       -0.36   -0.463051 0.000965574
       17340       -0.36   -0.463045 0.000965536
       17341       -0.52   -0.463048 0.000965486
       17342        -0.6   -0.463056 0.000965463
       17343       -0.52   -0.463059 0.000965413
       17344       -0.44   -0.463058 0.000965358
       17345       -0.52   -0.463061 0.000965308
       17346       -0.76   -0.463079 0.000965404
       17347       -0.52   -0.463082 0.000965354
       17348        -0.6    -0.46309 0.000965331
       17349        -0.6   -0.463098 0.000965307
       17350       -0.52   -0.463101 0.000965257
       17351       -0.52   -0.463104 0.000965207
       17352       -0.44   -0.463103 0.000965153
       17353       -0.52   -0.463106 0.000965102
       17354       -0.36     -0.4631 0.000965065
       17355        -0.2   -0.463085 0.000965129
       17356       -0.52   -0.463088 0.000965079
       17357       -0.36   -0.463082 0.000965041
       17358        -0.6    -0.46309 0.000965018
       17359       -0.28    -0.46308  0.00096502
       17360       -0.44   -0.463078 0.000964965
       17361        -0.6   -0.463086 0.000964942
       17362       -0.44   -0.463085 0.000964887
       17363        -0.6   -0.463093 0.000964864
       17364       -0.52   -0.463096 0.000964814
       17365        -0.6   -0.463104 0.000964791
       17366       -0.52   -0.463107 0.000964741
       17367       -0.36   -0.463101 0.000964703
       17368       -0.52   -0.463105 0.000964653
       17369        -0.6   -0.463112  0.00096463
       17370       -0.52   -0.463116  0.00096458
       17371       -0.36    -0.46311 0.000964543
       17372       -0.44   -0.463108 0.000964488
       17373       -0.44   -0.463107 0.000964433
       17374       -0.28   -0.463097 0.000964436
       17375       -0.52     -0.4631 0.000964386
       17376       -0.52   -0.463103 0.000964336
       17377        -0.6   -0.463111 0.000964312
       17378       -0.36   -0.463105 0.000964275
       17379       -0.52   -0.463108 0.000964225
       17380       -0.36   -0.463102 0.000964188
       17381       -0.28   -0.463092  0.00096419
       17382       -0.36   -0.463086 0.000964153
       17383       -0.68   -0.463098 0.000964178
       17384        -0.6   -0.463106 0.000964155
       17385       -0.28   -0.463096 0.000964157
       17386       -0.44   -0.463094 0.000964102
       17387        -0.6   -0.463102 0.000964079
       17388        -0.6    -0.46311 0.000964056
       17389       -0.52   -0.463113 0.000964006
       17390       -0.52   -0.463117 0.000963956
       17391       -0.52    -0.46312 0.000963906
       17392       -0.28   -0.463109 0.000963908
       17393       -0.52   -0.463113 0.000963858
       17394       -0.44   -0.463111 0.000963804
       17395       -0.68   -0.463124 0.000963829
       17396       -0.76   -0.463141 0.000963925
       17397       -0.68   -0.463153  0.00096395
       17398       -0.68   -0.463166 0.000963975
       17399       -0.44   -0.463165 0.000963921
       17400       -0.36   -0.463159 0.000963883
       17401       -0.52   -0.463162 0.000963834
       17402       -0.44   -0.463161 0.000963779
       17403       -0.28    -0.46315 0.000963781
       17404       -0.44   -0.463149 0.000963727
       17405       -0.28   -0.463138 0.000963729
       17406       -0.28   -0.463128 0.000963731
       17407       -0.36   -0.463122 0.000963694
       17408       -0.68   -0.463134 0.000963719
       17409       -0.44   -0.463133 0.000963664
       17410       -0.36   -0.463127 0.000963627
       17411       -0.44   -0.463126 0.000963573
       17412       -0.52   -0.463129 0.000963523
       17413       -0.36   -0.463123 0.000963486
       17414       -0.28   -0.463112 0.000963488
       17415       -0.36   -0.463107 0.000963451
       17416       -0.52    -0.46311 0.000963401
       17417       -0.52   -0.463113 0.000963351
       17418       -0.44   -0.463112 0.000963297
       17419       -0.44    -0.46311 0.000963242
       17420       -0.52   -0.463114 0.000963193
       17421       -0.52   -0.463117 0.000963143
       17422       -0.68   -0.463129 0.000963168
       17423       -0.52   -0.463133 0.000963118
       17424       -0.52   -0.463136 0.000963069
       17425       -0.52   -0.463139 0.000963019
       17426       -0.44   -0.463138 0.000962965
       17427       -0.44   -0.463137  0.00096291
       17428       -0.52    -0.46314  0.00096286
       17429       -0.36   -0.463134 0.000962823
       17430       -0.52   -0.463137 0.000962774
       17431       -0.44   -0.463136 0.000962719
       17432       -0.36    -0.46313 0.000962682
       17433       -0.44   -0.463129 0.000962628
       17434        -0.6   -0.463136 0.000962605
       17435       -0.52    -0.46314 0.000962555
       17436       -0.44   -0.463138 0.000962501
       17437       -0.36   -0.463132 0.000962464
       17438       -0.36   -0.463127 0.000962427
       17439       -0.44   -0.463125 0.000962373
       17440       -0.52   -0.463128 0.000962323
       17441        -0.6   -0.463136   0.0009623
       17442       -0.52    -0.46314  0.00096225
       17443       -0.36   -0.463134 0.000962213
       17444       -0.68   -0.463146 0.000962238
       17445       -0.68   -0.463158 0.000962263
       17446        -0.6   -0.463166  0.00096224
       17447       -0.52    -0.46317 0.000962191
       17448        -0.6   -0.463177 0.000962167
       17449       -0.76   -0.463194 0.000962263
       17450       -0.52   -0.463198 0.000962213
       17451       -0.52   -0.463201 0.000962163
       17452       -0.28    -0.46319 0.000962165
       17453       -0.44   -0.463189 0.000962111
       17454       -0.44   -0.463188 0.000962057
       17455       -0.44   -0.463186 0.000962003
       17456       -0.36   -0.463181 0.000961966
       17457       -0.52   -0.463184 0.000961916
       17458        -0.2   -0.463169 0.000961979
       17459        -0.2   -0.463154 0.000962042
       17460       -0.36   -0.463148 0.000962005
       17461       -0.44   -0.463146 0.000961951
       17462       -0.44   -0.463145 0.000961897
       17463       -0.44   -0.463144 0.000961843
       17464        -0.6   -0.463152  0.00096182
       17465       -0.44    -0.46315 0.000961765
       17466       -0.12   -0.463131 0.000961911
       17467       -0.36   -0.463125 0.000961874
       17468       -0.44   -0.463123  0.00096182
       17469       -0.44   -0.463122 0.000961766
       17470       -0.52   -0.463125 0.000961716
       17471       -0.52   -0.463129 0.000961667
       17472       -0.52   -0.463132 0.000961617
       17473        -0.6    -0.46314 0.000961594
       17474       -0.52   -0.463143 0.000961545
       17475       -0.28   -0.463132 0.000961547
       17476       -0.28   -0.463122 0.000961549
       17477       -0.44   -0.463121 0.000961495
       17478       -0.44   -0.463119  0.00096144
       17479       -0.44   -0.463118 0.000961386
       17480        -0.6   -0.463126 0.000961363
       17481       -0.36    -0.46312 0.000961326
       17482        -0.2   -0.463105 0.000961389
       17483       -0.44   -0.463104 0.000961335
       17484       -0.52   -0.463107 0.000961286
       17485       -0.44   -0.463106 0.000961232
       17486       -0.28   -0.463095 0.000961234
       17487       -0.44   -0.463094  0.00096118
       17488       -0.68   -0.463106 0.000961205
       17489       -0.52   -0.463109 0.000961155
       17490       -0.36   -0.463103 0.000961118
       17491       -0.28   -0.463093  0.00096112
       17492        -0.6   -0.463101 0.000961097
       17493       -0.28    -0.46309 0.000961099
       17494       -0.36   -0.463084 0.000961062
       17495       -0.36   -0.463079 0.000961026
       17496       -0.36   -0.463073 0.000960989
       17497        -0.6   -0.463081 0.000960966
       17498        -0.2   -0.463065 0.000961028
       17499        -0.6   -0.463073 0.000961005
       17500       -0.52   -0.463077 0.000960956
       17501        -0.6   -0.463084 0.000960933
       17502       -0.44   -0.463083 0.000960879
       17503        -0.6   -0.463091 0.000960856
       17504       -0.44    -0.46309 0.000960802
       17505       -0.44   -0.463088 0.000960748
       17506       -0.36   -0.463082 0.000960711
       17507       -0.52   -0.463086 0.000960662
       17508       -0.44   -0.463084 0.000960608
       17509       -0.52   -0.463088 0.000960558
       17510       -0.52   -0.463091 0.000960509
       17511        -0.6   -0.463099 0.000960486
       17512        -0.6   -0.463106 0.000960463
       17513       -0.44   -0.463105 0.000960409
       17514       -0.28   -0.463095 0.000960411
       17515        -0.6   -0.463102 0.000960388
       17516       -0.52   -0.463106 0.000960339
       17517       -0.68   -0.463118 0.000960364
       17518        -0.6   -0.463126 0.000960341
       17519        -0.6   -0.463134 0.000960318
       17520       -0.52   -0.463137 0.000960268
       17521       -0.44   -0.463136 0.000960214
       17522       -0.52   -0.463139 0.000960165
       17523        -0.6   -0.463147 0.000960142
       17524       -0.36   -0.463141 0.000960105
       17525       -0.52   -0.463144 0.000960056
       17526       -0.44   -0.463143 0.000960002
       17527       -0.44   -0.463141 0.000959948
       17528        -0.6   -0.463149 0.000959925
       17529       -0.36   -0.463143 0.000959888
       17530       -0.44   -0.463142 0.000959835
       17531       -0.44   -0.463141 0.000959781
       17532       -0.36   -0.463135 0.000959744
       17533       -0.44   -0.463134  0.00095969
       17534       -0.52   -0.463137 0.000959641
       17535       -0.36   -0.463131 0.000959604
       17536       -0.52   -0.463134 0.000959555
       17537        -0.2   -0.463119 0.000959618
       17538       -0.44   -0.463118 0.000959564
       17539        -0.2   -0.463103 0.000959626
       17540       -0.28   -0.463092 0.000959628
       17541       -0.28   -0.463082  0.00095963
       17542       -0.28   -0.463071 0.000959633
       17543       -0.36   -0.463066 0.000959596
       17544       -0.52   -0.463069 0.000959547
       17545       -0.52   -0.463072 0.000959497
       17546       -0.28   -0.463062 0.000959499
       17547       -0.28   -0.463051 0.000959501
       17548       -0.28   -0.463041 0.000959504
       17549        -0.2   -0.463026 0.000959566
       17550       -0.28   -0.463015 0.000959568
       17551       -0.44   -0.463014 0.000959514
       17552       -0.44   -0.463013  0.00095946
       17553        -0.6   -0.463021 0.000959437
       17554        -0.6   -0.463028 0.000959414
       17555       -0.36   -0.463023 0.000959378
       17556       -0.68   -0.463035 0.000959403
       17557       -0.52   -0.463038 0.000959354
       17558       -0.52   -0.463041 0.000959304
       17559       -0.52   -0.463045 0.000959255
       17560       -0.52   -0.463048 0.000959206
       17561       -0.52   -0.463051 0.000959157
       17562       -0.28   -0.463041 0.000959159
       17563       -0.28    -0.46303 0.000959161
       17564       -0.28    -0.46302 0.000959163
       17565       -0.36   -0.463014 0.000959126
       17566        -0.2   -0.462999 0.000959189
       17567       -0.52   -0.463002  0.00095914
       17568        -0.6    -0.46301 0.000959117
       17569       -0.36   -0.463004  0.00095908
       17570       -0.36   -0.462998 0.000959043
       17571        -0.6   -0.463006  0.00095902
       17572       -0.68   -0.463018 0.000959045
       17573        -0.6   -0.463026 0.000959022
       17574        -0.6   -0.463034    0.000959
       17575       -0.68   -0.463046 0.000959024
       17576       -0.36   -0.463041 0.000958988
       17577        -0.6   -0.463048 0.000958965
       17578       -0.36   -0.463042 0.000958928
       17579        -0.6    -0.46305 0.000958905
       17580       -0.76   -0.463067    0.000959
       17581       -0.68   -0.463079 0.000959024
       17582       -0.52   -0.463083 0.000958975
       17583       -0.28   -0.463072 0.000958977
       17584       -0.28   -0.463062 0.000958979
       17585       -0.44   -0.463061 0.000958926
       17586       -0.52   -0.463064 0.000958877
       17587       -0.52   -0.463067 0.000958827
       17588       -0.52    -0.46307 0.000958778
       17589       -0.52   -0.463074 0.000958729
       17590       -0.36   -0.463068 0.000958693
       17591       -0.36   -0.463062 0.000958656
       17592       -0.52   -0.463065 0.000958607
       17593       -0.36   -0.463059 0.000958571
       17594       -0.28   -0.463049 0.000958573
       17595       -0.52   -0.463052 0.000958524
       17596       -0.68   -0.463064 0.000958548
       17597        -0.6   -0.463072 0.000958525
       17598       -0.52   -0.463075 0.000958476
       17599       -0.76   -0.463092  0.00095857
       17600       -0.44   -0.463091 0.000958517
       17601       -0.36   -0.463085  0.00095848
       17602       -0.28   -0.463075 0.000958482
       17603       -0.52   -0.463078 0.000958433
       17604       -0.44   -0.463077  0.00095838
       17605       -0.36   -0.463071 0.000958343
       17606        -0.6   -0.463078  0.00095832
       17607       -0.52   -0.463082 0.000958271
       17608       -0.68   -0.463094 0.000958296
       17609       -0.52   -0.463097 0.000958247
       17610        -0.6   -0.463105 0.000958224
       17611       -0.52   -0.463108 0.000958175
       17612       -0.68   -0.463121   0.0009582
       17613       -0.68   -0.463133 0.000958225
       17614       -0.52   -0.463136 0.000958176
       17615       -0.52   -0.463139 0.000958127
       17616       -0.52   -0.463143 0.000958078
       17617       -0.36   -0.463137 0.000958041
       17618       -0.28   -0.463126 0.000958043
       17619        -0.6   -0.463134 0.000958021
       17620       -0.36   -0.463128 0.000957984
       17621        -0.6   -0.463136 0.000957961
       17622       -0.52   -0.463139 0.000957912
       17623       -0.28   -0.463129 0.000957914
       17624       -0.52   -0.463132 0.000957865
       17625        -0.6    -0.46314 0.000957842
       17626        -0.6   -0.463148  0.00095782
       17627       -0.52   -0.463151 0.000957771
       17628       -0.28    -0.46314 0.000957773
       17629       -0.44   -0.463139 0.000957719
       17630       -0.28   -0.463129 0.000957721
       17631       -0.28   -0.463118 0.000957723
       17632        -0.6   -0.463126   0.0009577
       17633       -0.36    -0.46312 0.000957664
       17634       -0.28    -0.46311 0.000957666
       17635       -0.44   -0.463109 0.000957613
       17636       -0.52   -0.463112 0.000957564
       17637        -0.6    -0.46312 0.000957541
       17638       -0.28   -0.463109 0.000957543
       17639        -0.2   -0.463094 0.000957605
       17640       -0.52   -0.463098 0.000957556
       17641       -0.52   -0.463101 0.000957507
       17642       -0.44   -0.463099 0.000957454
       17643        -0.6   -0.463107 0.000957431
       17644       -0.36   -0.463101 0.000957394
       17645       -0.52   -0.463105 0.000957346
       17646       -0.44   -0.463103 0.000957292
       17647       -0.52   -0.463106 0.000957243
       17648       -0.52    -0.46311 0.000957195
       17649       -0.52   -0.463113 0.000957146
       17650       -0.36   -0.463107 0.000957109
       17651        -0.6   -0.463115 0.000957087
       17652       -0.52   -0.463118 0.000957038
       17653       -0.44   -0.463117 0.000956984
       17654       -0.36   -0.463111 0.000956948
       17655       -0.28   -0.463101  0.00095695
       17656        -0.2   -0.463086 0.000957012
       17657        -0.2   -0.463071 0.000957074
       17658       -0.28    -0.46306 0.000957076
       17659       -0.52   -0.463064 0.000957027
       17660       -0.52   -0.463067 0.000956978
       17661        -0.6   -0.463075 0.000956955
       17662       -0.44   -0.463073 0.000956902
       17663       -0.28   -0.463063 0.000956904
       17664       -0.52   -0.463066 0.000956855
       17665       -0.44   -0.463065 0.000956802
       17666       -0.44   -0.463064 0.000956749
       17667       -0.44   -0.463062 0.000956695
       17668       -0.28   -0.463052 0.000956697
       17669       -0.52   -0.463055 0.000956649
       17670       -0.44   -0.463054 0.000956595
       17671       -0.52   -0.463057 0.000956547
       17672       -0.68   -0.463069 0.000956571
       17673       -0.52   -0.463072 0.000956523
       17674        -0.6    -0.46308   0.0009565
       17675       -0.36   -0.463074 0.000956464
       17676        -0.6   -0.463082 0.000956441
       17677       -0.52   -0.463085 0.000956392
       17678       -0.44   -0.463084 0.000956339
       17679       -0.44   -0.463083 0.000956286
       17680       -0.36   -0.463077 0.000956249
       17681       -0.52    -0.46308 0.000956201
       17682       -0.44   -0.463079 0.000956148
       17683       -0.44   -0.463078 0.000956094
       17684       -0.68    -0.46309 0.000956119
       17685       -0.52   -0.463093  0.00095607
       17686        -0.6   -0.463101 0.000956048
       17687       -0.68   -0.463113 0.000956072
       17688       -0.44   -0.463112 0.000956019
       17689        -0.6   -0.463119 0.000955996
       17690       -0.36   -0.463114  0.00095596
       17691       -0.52   -0.463117 0.000955911
       17692        -0.6   -0.463125 0.000955889
       17693       -0.52   -0.463128  0.00095584
       17694       -0.52   -0.463131 0.000955792
       17695       -0.44    -0.46313 0.000955738
       17696       -0.52   -0.463133  0.00095569
       17697       -0.44   -0.463132 0.000955637
       17698       -0.52   -0.463135 0.000955588
       17699       -0.52   -0.463138  0.00095554
       17700       -0.44   -0.463137 0.000955486
       17701       -0.44   -0.463135 0.000955433
       17702       -0.44   -0.463134  0.00095538
       17703       -0.28   -0.463124 0.000955382
       17704       -0.52   -0.463127 0.000955334
       17705       -0.36   -0.463121 0.000955298
       17706        -0.6   -0.463129 0.000955275
       17707       -0.36   -0.463123 0.000955239
       17708       -0.52   -0.463126  0.00095519
       17709       -0.28   -0.463116 0.000955192
       17710       -0.52   -0.463119 0.000955144
       17711       -0.44   -0.463118 0.000955091
       17712       -0.36   -0.463112 0.000955054
       17713        -0.2   -0.463097 0.000955116
       17714       -0.36   -0.463091  0.00095508
       17715       -0.52   -0.463095 0.000955031
       17716       -0.44   -0.463093 0.000954978
       17717       -0.52   -0.463096  0.00095493
       17718        -0.6   -0.463104 0.000954907
       17719       -0.52   -0.463107 0.000954859
       17720       -0.52   -0.463111  0.00095481
       17721        -0.6   -0.463118 0.000954788
       17722       -0.52   -0.463122 0.000954739
       17723       -0.36   -0.463116 0.000954703
       17724       -0.44   -0.463114  0.00095465
       17725       -0.76   -0.463131 0.000954743
       17726       -0.44    -0.46313  0.00095469
       17727       -0.44   -0.463129 0.000954637
       17728        -0.6   -0.463136 0.000954614
       17729       -0.44   -0.463135 0.000954561
       17730       -0.28   -0.463125 0.000954564
       17731       -0.36   -0.463119 0.000954527
       17732       -0.36   -0.463113 0.000954491
       17733       -0.28   -0.463103 0.000954493
       17734       -0.28   -0.463092 0.000954495
       17735       -0.52   -0.463096 0.000954447
       17736       -0.52   -0.463099 0.000954398
       17737       -0.36   -0.463093 0.000954362
       17738       -0.36   -0.463087 0.000954326
       17739       -0.52    -0.46309 0.000954278
       17740       -0.44   -0.463089 0.000954225
       17741       -0.36   -0.463083 0.000954189
       17742       -0.44   -0.463082 0.000954136
       17743        -0.6    -0.46309 0.000954113
       17744       -0.52   -0.463093 0.000954065
       17745       -0.52   -0.463096 0.000954017
       17746       -0.76   -0.463113  0.00095411
       17747       -0.44   -0.463112 0.000954057
       17748       -0.44    -0.46311 0.000954004
       17749        -0.6   -0.463118 0.000953981
       17750       -0.68    -0.46313 0.000954006
       17751       -0.44   -0.463129 0.000953953
       17752       -0.52   -0.463132 0.000953905
       17753       -0.44   -0.463131 0.000953852
       17754       -0.52   -0.463134 0.000953803
       17755       -0.52   -0.463137 0.000953755
       17756       -0.36   -0.463131 0.000953719
       17757       -0.52   -0.463135 0.000953671
       17758       -0.44   -0.463133 0.000953618
       17759       -0.52   -0.463136  0.00095357
       17760       -0.44   -0.463135 0.000953517
       17761       -0.52   -0.463138 0.000953468
       17762        -0.6   -0.463146 0.000953446
       17763       -0.76   -0.463163 0.000953539
       17764       -0.52   -0.463166  0.00095349
       17765       -0.68   -0.463178 0.000953515
       17766        -0.6   -0.463186 0.000953492
       17767       -0.36    -0.46318 0.000953456
       17768        -0.6   -0.463188 0.000953434
       17769       -0.68     -0.4632 0.000953458
       17770       -0.52   -0.463203  0.00095341
       17771       -0.36   -0.463197 0.000953374
       17772       -0.36   -0.463192 0.000953338
       17773       -0.28   -0.463181  0.00095334
       17774        -0.2   -0.463166 0.000953401
       17775       -0.28   -0.463156 0.000953403
       17776        -0.6   -0.463164 0.000953381
       17777        -0.6   -0.463172 0.000953358
       17778       -0.68   -0.463184 0.000953383
       17779        -0.6   -0.463191  0.00095336
       17780       -0.44    -0.46319 0.000953307
       17781       -0.36   -0.463184 0.000953271
       17782       -0.44   -0.463183 0.000953219
       17783       -0.52   -0.463186  0.00095317
       17784       -0.44   -0.463185 0.000953118
       17785       -0.44   -0.463184 0.000953065
       17786       -0.36   -0.463178 0.000953029
       17787       -0.52   -0.463181 0.000952981
       17788       -0.44    -0.46318 0.000952928
       17789       -0.44   -0.463178 0.000952875
       17790       -0.44   -0.463177 0.000952823
       17791       -0.36   -0.463171 0.000952787
       17792       -0.36   -0.463165 0.000952751
       17793       -0.52   -0.463169 0.000952703
       17794        -0.6   -0.463176  0.00095268
       17795       -0.52    -0.46318 0.000952632
       17796        -0.6   -0.463187  0.00095261
       17797       -0.52    -0.46319 0.000952561
       17798        -0.6   -0.463198 0.000952539
       17799       -0.52   -0.463201 0.000952491
       17800       -0.36   -0.463196 0.000952455
       17801       -0.44   -0.463194 0.000952402
       17802       -0.44   -0.463193  0.00095235
       17803       -0.52   -0.463196 0.000952302
       17804       -0.52   -0.463199 0.000952253
       17805       -0.76   -0.463216 0.000952346
       17806       -0.68   -0.463228  0.00095237
       17807       -0.68    -0.46324 0.000952394
       17808       -0.44   -0.463239 0.000952342
       17809       -0.36   -0.463233 0.000952306
       17810        -0.6   -0.463241 0.000952283
       17811       -0.44    -0.46324 0.000952231
       17812       -0.28   -0.463229 0.000952233
       17813       -0.52   -0.463232 0.000952185
       17814       -0.36   -0.463227 0.000952149
       17815       -0.36   -0.463221 0.000952113
       17816       -0.44    -0.46322 0.000952061
       17817       -0.52   -0.463223 0.000952013
       17818       -0.36   -0.463217 0.000951977
       17819       -0.28   -0.463207 0.000951979
       17820       -0.36   -0.463201 0.000951943
       17821       -0.52   -0.463204 0.000951895
       17822       -0.52   -0.463207 0.000951847
       17823       -0.52    -0.46321 0.000951799
       17824       -0.44   -0.463209 0.000951746
       17825       -0.52   -0.463212 0.000951698
       17826       -0.68   -0.463225 0.000951723
       17827       -0.52   -0.463228 0.000951675
       17828       -0.52   -0.463231 0.000951627
       17829       -0.44    -0.46323 0.000951574
       17830       -0.68   -0.463242 0.000951598
       17831       -0.84   -0.463263  0.00095178
       17832       -0.52   -0.463266 0.000951731
       17833       -0.44   -0.463265 0.000951679
       17834       -0.68   -0.463277 0.000951703
       17835       -0.76   -0.463294 0.000951795
       17836       -0.36   -0.463288  0.00095176
       17837       -0.36   -0.463282 0.000951724
       17838       -0.28   -0.463272 0.000951726
       17839       -0.36   -0.463266  0.00095169
       17840        -0.6   -0.463274 0.000951668
       17841       -0.52   -0.463277  0.00095162
       17842       -0.28   -0.463266 0.000951622
       17843       -0.36   -0.463261 0.000951586
       17844       -0.44   -0.463259 0.000951534
       17845       -0.28   -0.463249 0.000951536
       17846       -0.04   -0.463225 0.000951778
       17847       -0.44   -0.463224 0.000951725
       17848       -0.52   -0.463227 0.000951677
       17849       -0.44   -0.463226 0.000951625
       17850       -0.52   -0.463229 0.000951577
       17851       -0.28   -0.463219 0.000951579
       17852        -0.6   -0.463227 0.000951557
       17853        -0.6   -0.463234 0.000951534
       17854       -0.44   -0.463233 0.000951482
       17855       -0.44   -0.463232 0.000951429
       17856       -0.36   -0.463226 0.000951394
       17857       -0.36    -0.46322 0.000951358
       17858       -0.44   -0.463219 0.000951305
       17859       -0.28   -0.463208 0.000951308
       17860       -0.12   -0.463189 0.000951448
       17861       -0.52   -0.463192   0.0009514
       17862       -0.76   -0.463209 0.000951492
       17863       -0.44   -0.463208  0.00095144
       17864       -0.36   -0.463202 0.000951404
       17865       -0.52   -0.463205 0.000951356
       17866       -0.52   -0.463208 0.000951308
       17867       -0.52   -0.463212  0.00095126
       17868       -0.76   -0.463228 0.000951352
       17869        -0.6   -0.463236  0.00095133
       17870       -0.76   -0.463252 0.000951421
       17871        -0.6    -0.46326 0.000951399
       17872       -0.44   -0.463259 0.000951347
       17873       -0.28   -0.463248 0.000951349
       17874       -0.44   -0.463247 0.000951296
       17875       -0.36   -0.463241 0.000951261
       17876       -0.36   -0.463236 0.000951225
       17877       -0.44   -0.463234 0.000951173
       17878       -0.44   -0.463233  0.00095112
       17879       -0.44   -0.463232 0.000951068
       17880       -0.52   -0.463235  0.00095102
       17881       -0.52   -0.463238 0.000950972
       17882       -0.36   -0.463232 0.000950936
       17883       -0.44   -0.463231 0.000950884
       17884       -0.44    -0.46323 0.000950832
       17885       -0.28   -0.463219 0.000950834
       17886       -0.76   -0.463236 0.000950926
       17887       -0.52   -0.463239 0.000950878
       17888       -0.52   -0.463242  0.00095083
       17889       -0.36   -0.463237 0.000950794
       17890       -0.44   -0.463235 0.000950742
       17891        -0.6   -0.463243 0.000950719
       17892        -0.6   -0.463251 0.000950697
       17893       -0.52   -0.463254 0.000950649
       17894       -0.28   -0.463244 0.000950651
       17895       -0.44   -0.463242 0.000950599
       17896        -0.6    -0.46325 0.000950577
       17897       -0.44   -0.463249 0.000950524
       17898       -0.28   -0.463238 0.000950526
       17899       -0.28   -0.463228 0.000950528
       17900        -0.6   -0.463236 0.000950506
       17901       -0.44   -0.463234 0.000950454
       17902       -0.52   -0.463238 0.000950406
       17903       -0.44   -0.463236 0.000950354
       17904       -0.52   -0.463239 0.000950306
       17905       -0.36   -0.463234  0.00095027
       17906       -0.36   -0.463228 0.000950235
       17907       -0.36   -0.463222 0.000950199
       17908       -0.68   -0.463234 0.000950223
       17909       -0.52   -0.463237 0.000950176
       17910       -0.44   -0.463236 0.000950123
       17911       -0.44   -0.463235 0.000950071
       17912       -0.36   -0.463229 0.000950036
       17913       -0.44   -0.463228 0.000949984
       17914       -0.44   -0.463227 0.000949931
       17915       -0.28   -0.463216 0.000949933
       17916       -0.44   -0.463215 0.000949881
       17917       -0.28   -0.463205 0.000949883
       17918       -0.44   -0.463203 0.000949831
       17919       -0.44   -0.463202 0.000949779
       17920        -0.6    -0.46321 0.000949757
       17921        -0.6   -0.463217 0.000949734
       17922        -0.6   -0.463225 0.000949712
       17923       -0.44   -0.463224  0.00094966
       17924        -0.6   -0.463231 0.000949638
       17925       -0.52   -0.463235  0.00094959
       17926       -0.36   -0.463229 0.000949554
       17927       -0.52   -0.463232 0.000949507
       17928       -0.36   -0.463226 0.000949471
       17929       -0.44   -0.463225 0.000949419
       17930       -0.44   -0.463224 0.000949367
       17931       -0.44   -0.463222 0.000949315
       17932        -0.6    -0.46323 0.000949293
       17933       -0.52   -0.463233 0.000949245
       17934       -0.44   -0.463232 0.000949193
       17935       -0.44   -0.463231 0.000949141
       17936       -0.52   -0.463234 0.000949093
       17937       -0.68   -0.463246 0.000949117
       17938       -0.52   -0.463249  0.00094907
       17939        -0.6   -0.463257 0.000949047
       17940       -0.52    -0.46326    0.000949
       17941       -0.52   -0.463263 0.000948952
       17942       -0.68   -0.463275 0.000948976
       17943       -0.52   -0.463278 0.000948929
       17944       -0.28   -0.463268 0.000948931
       17945       -0.12   -0.463249 0.000949071
       17946        -0.2   -0.463234 0.000949131
       17947       -0.44   -0.463233 0.000949079
       17948       -0.36   -0.463227 0.000949044
       17949       -0.52    -0.46323 0.000948996
       17950        -0.6   -0.463238 0.000948974
       17951       -0.52   -0.463241 0.000948926
       17952       -0.36   -0.463235 0.000948891
       17953       -0.36    -0.46323 0.000948855
       17954       -0.28   -0.463219 0.000948857
       17955       -0.52   -0.463223  0.00094881
       17956       -0.52   -0.463226 0.000948762
       17957       -0.44   -0.463224  0.00094871
       17958       -0.44   -0.463223 0.000948658
       17959       -0.44   -0.463222 0.000948606
       17960       -0.52   -0.463225 0.000948559
       17961       -0.52   -0.463228 0.000948511
       17962       -0.68    -0.46324 0.000948535
       17963       -0.52   -0.463243 0.000948488
       17964       -0.44   -0.463242 0.000948436
       17965       -0.44   -0.463241 0.000948384
       17966       -0.28   -0.463231 0.000948386
       17967       -0.12   -0.463211 0.000948525
       17968       -0.36   -0.463206  0.00094849
       17969       -0.52   -0.463209 0.000948443
       17970        -0.6   -0.463216  0.00094842
       17971        -0.6   -0.463224 0.000948398
       17972        -0.2   -0.463209 0.000948458
       17973       -0.44   -0.463208 0.000948406
       17974       -0.44   -0.463207 0.000948355
       17975       -0.36   -0.463201 0.000948319
       17976       -0.28   -0.463191 0.000948321
       17977       -0.36   -0.463185 0.000948286
       17978       -0.52   -0.463188 0.000948238
       17979       -0.44   -0.463187 0.000948186
       17980       -0.44   -0.463186 0.000948135
       17981        -0.6   -0.463193 0.000948112
       17982        -0.2   -0.463179 0.000948173
       17983       -0.52   -0.463182 0.000948125
       17984       -0.52   -0.463185 0.000948078
       17985       -0.44   -0.463184 0.000948026
       17986       -0.36   -0.463178 0.000947991
       17987       -0.52   -0.463181 0.000947943
       17988       -0.44    -0.46318 0.000947891
       17989       -0.44   -0.463179 0.000947839
       17990       -0.36   -0.463173 0.000947804
       17991       -0.36   -0.463167 0.000947769
       17992       -0.36   -0.463161 0.000947733
       17993       -0.44    -0.46316 0.000947682
       17994        -0.6   -0.463168  0.00094766
       17995        -0.6   -0.463175 0.000947637
       17996        -0.6   -0.463183 0.000947615
       17997       -0.44   -0.463182 0.000947563
       17998       -0.52   -0.463185 0.000947516
       17999       -0.28   -0.463175 0.000947518
       18000       -0.28   -0.463164  0.00094752
       18001       -0.44   -0.463163 0.000947468
       18002        -0.2   -0.463149 0.000947528
       18003       -0.36   -0.463143 0.000947493
       18004        -0.6    -0.46315 0.000947471
       18005       -0.36   -0.463145 0.000947436
       18006       -0.28   -0.463135 0.000947438
       18007        -0.2    -0.46312 0.000947498
       18008       -0.36   -0.463114 0.000947462
       18009       -0.68   -0.463126 0.000947486
       18010        -0.6   -0.463134 0.000947464
       18011       -0.36   -0.463128 0.000947429
       18012        -0.6   -0.463136 0.000947407
       18013       -0.44   -0.463134 0.000947355
       18014       -0.36   -0.463129  0.00094732
       18015       -0.36   -0.463123 0.000947285
       18016       -0.36   -0.463117 0.000947249
       18017       -0.36   -0.463112 0.000947214
       18018       -0.44    -0.46311 0.000947162
       18019       -0.52   -0.463113 0.000947115
       18020       -0.28   -0.463103 0.000947117
       18021        -0.2   -0.463089 0.000947177
       18022        -0.2   -0.463074 0.000947237
       18023       -0.44   -0.463073 0.000947185
       18024       -0.28   -0.463063 0.000947187
       18025       -0.28   -0.463052 0.000947189
       18026       -0.28   -0.463042 0.000947191
       18027       -0.44   -0.463041 0.000947139
       18028        -0.6   -0.463049 0.000947117
       18029        -0.6   -0.463056 0.000947095
       18030       -0.28   -0.463046 0.000947097
       18031        -0.6   -0.463054 0.000947075
       18032        -0.6   -0.463061 0.000947053
       18033        -0.2   -0.463047 0.000947113
       18034       -0.28   -0.463036 0.000947114
       18035       -0.52    -0.46304 0.000947067
       18036       -0.44   -0.463038 0.000947016
       18037       -0.28   -0.463028 0.000947017
       18038        -0.6   -0.463036 0.000946995
       18039       -0.76   -0.463052 0.000947086
       18040       -0.44   -0.463051 0.000947034
       18041        -0.6   -0.463059 0.000947012
       18042       -0.68   -0.463071 0.000947036
       18043       -0.28    -0.46306 0.000947038
       18044       -0.44   -0.463059 0.000946986
       18045       -0.52   -0.463062 0.000946939
       18046        -0.6    -0.46307 0.000946917
       18047       -0.36   -0.463064 0.000946882
       18048        -0.6   -0.463072  0.00094686
       18049       -0.52   -0.463075 0.000946812
       18050       -0.36   -0.463069 0.000946777
       18051        -0.2   -0.463055 0.000946837
       18052       -0.52   -0.463058  0.00094679
       18053       -0.36   -0.463052 0.000946755
       18054       -0.44   -0.463051 0.000946703
       18055       -0.52   -0.463054 0.000946656
       18056       -0.44   -0.463053 0.000946604
       18057        -0.6    -0.46306 0.000946582
       18058       -0.52   -0.463063 0.000946535
       18059       -0.44   -0.463062 0.000946483
       18060       -0.36   -0.463056 0.000946448
       18061       -0.68   -0.463068 0.000946472
       18062        -0.6   -0.463076  0.00094645
       18063       -0.52   -0.463079 0.000946403
       18064       -0.28   -0.463069 0.000946405
       18065       -0.36   -0.463063  0.00094637
       18066       -0.52   -0.463067 0.000946322
       18067       -0.52    -0.46307 0.000946275
       18068       -0.44   -0.463068 0.000946224
       18069       -0.68    -0.46308 0.000946248
       18070        -0.6   -0.463088 0.000946226
       18071        -0.6   -0.463096 0.000946203
       18072       -0.52   -0.463099 0.000946156
       18073       -0.52   -0.463102 0.000946109
       18074       -0.36   -0.463096 0.000946074
       18075       -0.44   -0.463095 0.000946023
       18076       -0.44   -0.463094 0.000945971
       18077        -0.6   -0.463101 0.000945949
       18078       -0.36   -0.463095 0.000945914
       18079       -0.44   -0.463094 0.000945863
       18080       -0.52   -0.463097 0.000945815
       18081       -0.52     -0.4631 0.000945768
       18082       -0.52   -0.463104 0.000945721
       18083       -0.52   -0.463107 0.000945674
       18084       -0.44   -0.463106 0.000945623
       18085       -0.52   -0.463109 0.000945576
       18086       -0.28   -0.463099 0.000945578
       18087        -0.6   -0.463106 0.000945556
       18088        -0.2   -0.463092 0.000945615
       18089        -0.2   -0.463077 0.000945675
       18090       -0.44   -0.463076 0.000945623
       18091       -0.28   -0.463066 0.000945625
       18092       -0.52   -0.463069 0.000945578
       18093       -0.52   -0.463072 0.000945531
       18094       -0.52   -0.463075 0.000945484
       18095       -0.44   -0.463074 0.000945433
       18096        -0.6   -0.463081 0.000945411
       18097       -0.52   -0.463084 0.000945364
       18098       -0.36   -0.463079 0.000945329
       18099       -0.52   -0.463082 0.000945282
       18100       -0.36   -0.463076 0.000945247
       18101       -0.36   -0.463071 0.000945212
       18102       -0.68   -0.463083 0.000945235
       18103        -0.6    -0.46309 0.000945213
       18104       -0.44   -0.463089 0.000945162
       18105       -0.52   -0.463092 0.000945115
       18106       -0.44   -0.463091 0.000945064
       18107       -0.44   -0.463089 0.000945012
       18108        -0.2   -0.463075 0.000945072
       18109       -0.76   -0.463091 0.000945162
       18110       -0.36   -0.463086 0.000945127
       18111       -0.68   -0.463098 0.000945151
       18112        -0.6   -0.463105 0.000945129
       18113       -0.52   -0.463108 0.000945082
       18114       -0.68    -0.46312 0.000945105
       18115       -0.12   -0.463101 0.000945243
       18116        -0.2   -0.463087 0.000945302
       18117       -0.28   -0.463077 0.000945304
       18118       -0.36   -0.463071 0.000945269
       18119       -0.36   -0.463065 0.000945234
       18120       -0.44   -0.463064 0.000945183
       18121       -0.52   -0.463067 0.000945136
       18122       -0.44   -0.463066 0.000945085
       18123       -0.44   -0.463065 0.000945033
       18124       -0.52   -0.463068 0.000944986
       18125        -0.6   -0.463075 0.000944964
       18126       -0.52   -0.463078 0.000944918
       18127       -0.68    -0.46309 0.000944941
       18128       -0.52   -0.463094 0.000944894
       18129       -0.52   -0.463097 0.000944847
       18130       -0.44   -0.463095 0.000944796
       18131       -0.44   -0.463094 0.000944745
       18132       -0.44   -0.463093 0.000944694
       18133       -0.12   -0.463074 0.000944831
       18134       -0.52   -0.463077 0.000944784
       18135       -0.44   -0.463076 0.000944733
       18136       -0.52   -0.463079 0.000944686
       18137       -0.76   -0.463095 0.000944776
       18138       -0.52   -0.463098 0.000944729
       18139       -0.44   -0.463097 0.000944678
       18140       -0.36   -0.463092 0.000944643
       18141        -0.6   -0.463099 0.000944621
       18142        -0.6   -0.463107 0.000944599
       18143       -0.36   -0.463101 0.000944564
       18144       -0.44     -0.4631 0.000944513
       18145       -0.44   -0.463098 0.000944461
       18146       -0.44   -0.463097  0.00094441
       18147        -0.2   -0.463083 0.000944469
       18148       -0.28   -0.463073 0.000944471
       18149       -0.36   -0.463067 0.000944436
       18150       -0.44   -0.463066 0.000944385
       18151       -0.12   -0.463047 0.000944522
       18152        -0.2   -0.463032 0.000944581
       18153        -0.2   -0.463018  0.00094464
       18154       -0.28   -0.463008 0.000944642
       18155       -0.36   -0.463002 0.000944607
       18156       -0.52   -0.463005  0.00094456
       18157       -0.44   -0.463004 0.000944509
       18158       -0.44   -0.463003 0.000944458
       18159       -0.28   -0.462992  0.00094446
       18160       -0.52   -0.462996 0.000944413
       18161       -0.44   -0.462994 0.000944362
       18162       -0.52   -0.462997 0.000944315
       18163       -0.28   -0.462987 0.000944317
       18164       -0.44   -0.462986 0.000944266
       18165       -0.68   -0.462998 0.000944289
       18166        -0.6   -0.463006 0.000944267
       18167       -0.44   -0.463004 0.000944216
       18168        -0.6   -0.463012 0.000944194
       18169       -0.36   -0.463006 0.000944159
       18170       -0.44   -0.463005 0.000944108
       18171       -0.28   -0.462995  0.00094411
       18172       -0.52   -0.462998 0.000944063
       18173       -0.44   -0.462997 0.000944012
       18174       -0.52      -0.463 0.000943966
       18175        -0.6   -0.463007 0.000943944
       18176       -0.36   -0.463002 0.000943909
       18177       -0.44      -0.463 0.000943858
       18178       -0.36   -0.462995 0.000943823
       18179       -0.44   -0.462994 0.000943772
       18180       -0.36   -0.462988 0.000943737
       18181       -0.44   -0.462987 0.000943686
       18182       -0.28   -0.462977 0.000943688
       18183       -0.52    -0.46298 0.000943641
       18184       -0.68   -0.462992 0.000943664
       18185       -0.68   -0.463004 0.000943688
       18186       -0.68   -0.463016 0.000943712
       18187       -0.52   -0.463019 0.000943665
       18188       -0.44   -0.463017 0.000943614
       18189       -0.44   -0.463016 0.000943563
       18190       -0.28   -0.463006 0.000943565
       18191       -0.36      -0.463  0.00094353
       18192       -0.44   -0.462999 0.000943479
       18193       -0.36   -0.462993 0.000943444
       18194       -0.28   -0.462983 0.000943446
       18195       -0.44   -0.462982 0.000943395
       18196       -0.36   -0.462976  0.00094336
       18197       -0.44   -0.462975 0.000943309
       18198       -0.44   -0.462974 0.000943258
       18199       -0.44   -0.462973 0.000943207
       18200        -0.6    -0.46298 0.000943185
       18201       -0.28    -0.46297 0.000943187
       18202        -0.2   -0.462956 0.000943245
       18203       -0.36    -0.46295 0.000943211
       18204       -0.44   -0.462949  0.00094316
       18205       -0.28   -0.462939 0.000943161
       18206       -0.52   -0.462942 0.000943115
       18207       -0.52   -0.462945 0.000943068
       18208       -0.52   -0.462948 0.000943022
       18209        -0.6   -0.462956    0.000943
       18210       -0.44   -0.462954 0.000942949
       18211       -0.36   -0.462949 0.000942914
       18212       -0.44   -0.462948 0.000942863
       18213       -0.44   -0.462946 0.000942812
       18214       -0.44   -0.462945 0.000942761
       18215       -0.52   -0.462948 0.000942715
       18216       -0.28   -0.462938 0.000942716
       18217       -0.36   -0.462932 0.000942682
       18218       -0.52   -0.462936 0.000942635
       18219       -0.44   -0.462934 0.000942584
       18220       -0.36   -0.462929 0.000942549
       18221       -0.44   -0.462927 0.000942499
       18222       -0.44   -0.462926 0.000942448
       18223        -0.6   -0.462934 0.000942426
       18224       -0.68   -0.462946 0.000942449
       18225       -0.36    -0.46294 0.000942415
       18226        -0.2   -0.462925 0.000942473
       18227       -0.28   -0.462915 0.000942475
       18228       -0.28   -0.462905 0.000942477
       18229        -0.2   -0.462891 0.000942536
       18230       -0.52   -0.462894 0.000942489
       18231       -0.44   -0.462893 0.000942438
       18232       -0.44   -0.462892 0.000942387
       18233        -0.6   -0.462899 0.000942366
       18234       -0.36   -0.462893 0.000942331
       18235       -0.28   -0.462883 0.000942333
       18236       -0.36   -0.462878 0.000942298
       18237        -0.2   -0.462863 0.000942356
       18238       -0.28   -0.462853 0.000942358
       18239       -0.36   -0.462848 0.000942323
       18240       -0.52   -0.462851 0.000942277
       18241       -0.44    -0.46285 0.000942226
       18242        -0.6   -0.462857 0.000942204
       18243       -0.44   -0.462856 0.000942153
       18244       -0.44   -0.462855 0.000942103
       18245       -0.76   -0.462871 0.000942192
       18246       -0.44    -0.46287 0.000942141
       18247        -0.6   -0.462877 0.000942119
       18248       -0.36   -0.462872 0.000942085
       18249       -0.52   -0.462875 0.000942038
       18250       -0.68   -0.462887 0.000942062
       18251       -0.52    -0.46289 0.000942015
       18252       -0.44   -0.462888 0.000941964
       18253       -0.36   -0.462883  0.00094193
       18254       -0.76   -0.462899 0.000942019
       18255       -0.36   -0.462893 0.000941984
       18256        -0.6   -0.462901 0.000941962
       18257       -0.52   -0.462904 0.000941916
       18258       -0.52   -0.462907 0.000941869
       18259        -0.6   -0.462915 0.000941848
       18260       -0.36   -0.462909 0.000941813
       18261       -0.28   -0.462899 0.000941815
       18262       -0.44   -0.462898 0.000941764
       18263       -0.52   -0.462901 0.000941718
       18264       -0.44     -0.4629 0.000941667
       18265       -0.44   -0.462898 0.000941616
       18266       -0.52   -0.462902  0.00094157
       18267       -0.36   -0.462896 0.000941535
       18268       -0.44   -0.462895 0.000941484
       18269       -0.28   -0.462885 0.000941486
       18270        -0.2    -0.46287 0.000941545
       18271       -0.44   -0.462869 0.000941494
       18272       -0.44   -0.462868 0.000941443
       18273       -0.28   -0.462858 0.000941445
       18274        -0.6   -0.462865 0.000941423
       18275       -0.76   -0.462882 0.000941512
       18276       -0.44    -0.46288 0.000941461
       18277       -0.68   -0.462892 0.000941485
       18278       -0.68   -0.462904 0.000941508
       18279       -0.76    -0.46292 0.000941597
       18280        -0.6   -0.462928 0.000941575
       18281        -0.6   -0.462935 0.000941554
       18282       -0.36    -0.46293 0.000941519
       18283       -0.52   -0.462933 0.000941473
       18284       -0.44   -0.462932 0.000941422
       18285       -0.28   -0.462922 0.000941424
       18286       -0.44    -0.46292 0.000941373
       18287       -0.52   -0.462923 0.000941327
       18288       -0.68   -0.462935  0.00094135
       18289       -0.52   -0.462938 0.000941304
       18290       -0.44   -0.462937 0.000941253
       18291       -0.76   -0.462953 0.000941342
       18292       -0.44   -0.462952 0.000941291
       18293       -0.68   -0.462964 0.000941315
       18294       -0.44   -0.462963 0.000941264
       18295       -0.68   -0.462975 0.000941287
       18296       -0.68   -0.462986 0.000941311
       18297       -0.36   -0.462981 0.000941276
       18298       -0.36   -0.462975 0.000941241
       18299       -0.28   -0.462965 0.000941243
       18300        -0.2   -0.462951 0.000941301
       18301        -0.6   -0.462958  0.00094128
       18302       -0.44   -0.462957 0.000941229
       18303       -0.52    -0.46296 0.000941183
       18304       -0.44   -0.462959 0.000941132
       18305        -0.6   -0.462966 0.000941111
       18306       -0.52    -0.46297 0.000941064
       18307       -0.44   -0.462968 0.000941014
       18308       -0.52   -0.462971 0.000940968
       18309       -0.44    -0.46297 0.000940917
       18310       -0.44   -0.462969 0.000940866
       18311       -0.76   -0.462985 0.000940955
       18312       -0.52   -0.462988 0.000940909
       18313        -0.6   -0.462996 0.000940887
       18314       -0.52   -0.462999 0.000940841
       18315       -0.28   -0.462989 0.000940842
       18316       -0.28   -0.462979 0.000940844
       18317       -0.44   -0.462978 0.000940794
       18318       -0.36   -0.462972 0.000940759
       18319       -0.36   -0.462966 0.000940724
       18320       -0.44   -0.462965 0.000940674
       18321        -0.6   -0.462973 0.000940652
       18322        -0.6    -0.46298 0.000940631
       18323       -0.52   -0.462983 0.000940585
       18324       -0.36   -0.462978  0.00094055
       18325       -0.44   -0.462976 0.000940499
       18326       -0.52   -0.462979 0.000940453
       18327       -0.28   -0.462969 0.000940455
       18328       -0.44   -0.462968 0.000940405
       18329       -0.68    -0.46298 0.000940428
       18330       -0.36   -0.462974 0.000940393
       18331        -0.6   -0.462982 0.000940372
       18332       -0.52   -0.462985 0.000940325
       18333       -0.44   -0.462984 0.000940275
       18334       -0.28   -0.462974 0.000940277
       18335       -0.52   -0.462977 0.000940231
       18336       -0.36   -0.462971 0.000940196
       18337       -0.28   -0.462961 0.000940198
       18338       -0.52   -0.462964 0.000940152
       18339       -0.28   -0.462954 0.000940153
       18340       -0.36   -0.462949 0.000940119
       18341       -0.44   -0.462947 0.000940068
       18342       -0.36   -0.462942 0.000940034
       18343        -0.6   -0.462949 0.000940012
       18344       -0.44   -0.462948 0.000939962
       18345       -0.36   -0.462942 0.000939927
       18346       -0.44   -0.462941 0.000939877
       18347       -0.36   -0.462936 0.000939843
       18348       -0.52   -0.462939 0.000939796
       18349       -0.52   -0.462942  0.00093975
       18350       -0.52   -0.462945 0.000939704
       18351       -0.36   -0.462939  0.00093967
       18352       -0.44   -0.462938 0.000939619
       18353       -0.28   -0.462928 0.000939621
       18354        -0.2   -0.462914 0.000939679
       18355       -0.28   -0.462904 0.000939681
       18356       -0.44   -0.462903  0.00093963
       18357       -0.44   -0.462901  0.00093958
       18358       -0.44     -0.4629  0.00093953
       18359       -0.52   -0.462903 0.000939484
       18360       -0.52   -0.462906 0.000939438
       18361        -0.6   -0.462914 0.000939416
       18362        -0.6   -0.462921 0.000939395
       18363       -0.28   -0.462911 0.000939396
       18364       -0.36   -0.462906 0.000939362
       18365       -0.52   -0.462909 0.000939316
       18366        -0.6   -0.462916 0.000939294
       18367       -0.36   -0.462911  0.00093926
       18368       -0.44   -0.462909  0.00093921
       18369       -0.36   -0.462904 0.000939175
       18370       -0.52   -0.462907 0.000939129
       18371       -0.44   -0.462906 0.000939079
       18372       -0.52   -0.462909 0.000939033
       18373       -0.28   -0.462899 0.000939035
       18374       -0.28   -0.462889 0.000939036
       18375       -0.52   -0.462892  0.00093899
       18376       -0.52   -0.462895 0.000938944
       18377       -0.44   -0.462894 0.000938894
       18378       -0.52   -0.462897 0.000938848
       18379       -0.36   -0.462891 0.000938814
       18380        -0.6   -0.462899 0.000938792
       18381        -0.6   -0.462906 0.000938771
       18382        -0.6   -0.462914 0.000938749
       18383       -0.36   -0.462908 0.000938715
       18384       -0.44   -0.462907 0.000938665
       18385       -0.52    -0.46291 0.000938619
       18386       -0.52   -0.462913 0.000938573
       18387       -0.28   -0.462903 0.000938575
       18388       -0.44   -0.462902 0.000938524
       18389       -0.36   -0.462896  0.00093849
       18390       -0.68   -0.462908 0.000938513
       18391       -0.52   -0.462911 0.000938467
       18392        -0.6   -0.462919 0.000938446
       18393       -0.28   -0.462909 0.000938448
       18394        -0.2   -0.462894 0.000938506
       18395       -0.36   -0.462889 0.000938471
       18396       -0.36   -0.462883 0.000938437
       18397       -0.36   -0.462878 0.000938402
       18398       -0.44   -0.462876 0.000938352
       18399       -0.44   -0.462875 0.000938302
       18400        -0.2   -0.462861  0.00093836
       18401        -0.2   -0.462847 0.000938418
       18402       -0.52    -0.46285 0.000938372
       18403        -0.6   -0.462857  0.00093835
       18404       -0.76   -0.462873 0.000938438
       18405        -0.6   -0.462881 0.000938417
       18406       -0.52   -0.462884 0.000938371
       18407       -0.44   -0.462883 0.000938321
       18408       -0.44   -0.462881 0.000938271
       18409       -0.28   -0.462871 0.000938272
       18410       -0.44    -0.46287 0.000938222
       18411       -0.52   -0.462873 0.000938176
       18412       -0.44   -0.462872 0.000938126
       18413       -0.36   -0.462866 0.000938092
       18414       -0.52    -0.46287 0.000938046
       18415       -0.44   -0.462868 0.000937996
       18416       -0.44   -0.462867 0.000937946
       18417       -0.44   -0.462866 0.000937896
       18418       -0.36    -0.46286 0.000937861
       18419       -0.36   -0.462855 0.000937827
       18420       -0.28   -0.462845 0.000937829
       18421       -0.12   -0.462826 0.000937963
       18422       -0.28   -0.462816 0.000937964
       18423        -0.6   -0.462824 0.000937943
       18424        -0.6   -0.462831 0.000937921
       18425       -0.52   -0.462834 0.000937876
       18426       -0.36   -0.462829 0.000937841
       18427        -0.2   -0.462814 0.000937899
       18428       -0.44   -0.462813 0.000937849
       18429       -0.44   -0.462812 0.000937799
       18430       -0.44   -0.462811 0.000937749
       18431        -0.6   -0.462818 0.000937727
       18432       -0.44   -0.462817 0.000937677
       18433       -0.52    -0.46282 0.000937632
       18434       -0.52   -0.462823 0.000937586
       18435        -0.6    -0.46283 0.000937564
       18436       -0.52   -0.462834 0.000937519
       18437       -0.52   -0.462837 0.000937473
       18438       -0.44   -0.462835 0.000937423
       18439       -0.44   -0.462834 0.000937373
       18440        -0.6   -0.462842 0.000937352
       18441       -0.44    -0.46284 0.000937302
       18442       -0.44   -0.462839 0.000937252
       18443       -0.36   -0.462834 0.000937217
       18444        -0.6   -0.462841 0.000937196
       18445       -0.44    -0.46284 0.000937146
       18446       -0.36   -0.462834 0.000937112
       18447       -0.52   -0.462837 0.000937066
       18448       -0.44   -0.462836 0.000937016
       18449       -0.52   -0.462839 0.000936971
       18450       -0.52   -0.462842 0.000936925
       18451        -0.6    -0.46285 0.000936904
       18452       -0.44   -0.462848 0.000936854
       18453       -0.44   -0.462847 0.000936804
       18454       -0.52    -0.46285 0.000936758
       18455       -0.36   -0.462845 0.000936724
       18456       -0.44   -0.462844 0.000936674
       18457       -0.28   -0.462834 0.000936676
       18458        -0.2   -0.462819 0.000936733
       18459       -0.52   -0.462822 0.000936687
       18460        -0.6    -0.46283 0.000936666
       18461       -0.36   -0.462824 0.000936632
       18462       -0.28   -0.462814 0.000936634
       18463       -0.36   -0.462809 0.000936599
       18464       -0.28   -0.462799 0.000936601
       18465       -0.44   -0.462798 0.000936551
       18466       -0.44   -0.462796 0.000936501
       18467       -0.36   -0.462791 0.000936467
       18468       -0.52   -0.462794 0.000936421
       18469       -0.44   -0.462793 0.000936372
       18470       -0.68   -0.462805 0.000936395
       18471       -0.36   -0.462799 0.000936361
       18472       -0.36   -0.462793 0.000936326
       18473       -0.28   -0.462784 0.000936328
       18474       -0.44   -0.462782 0.000936278
       18475       -0.44   -0.462781 0.000936228
       18476       -0.44    -0.46278 0.000936178
       18477       -0.28    -0.46277  0.00093618
       18478        -0.6   -0.462777 0.000936159
       18479       -0.68   -0.462789 0.000936182
       18480        -0.6   -0.462797 0.000936161
       18481       -0.36   -0.462791 0.000936127
       18482       -0.44    -0.46279 0.000936077
       18483        -0.6   -0.462797 0.000936056
       18484        -0.6   -0.462805 0.000936034
       18485       -0.44   -0.462803 0.000935985
       18486       -0.44   -0.462802 0.000935935
       18487       -0.36   -0.462797 0.000935901
       18488       -0.52     -0.4628 0.000935855
       18489        -0.2   -0.462785 0.000935912
       18490       -0.12   -0.462767 0.000936045
       18491       -0.28   -0.462757 0.000936047
       18492       -0.44   -0.462756 0.000935997
       18493        -0.6   -0.462763 0.000935976
       18494       -0.52   -0.462766  0.00093593
       18495       -0.52   -0.462769 0.000935885
       18496       -0.52   -0.462772 0.000935839
       18497       -0.52   -0.462776 0.000935794
       18498       -0.36    -0.46277  0.00093576
       18499       -0.28    -0.46276 0.000935761
       18500       -0.52   -0.462763 0.000935716
       18501       -0.44   -0.462762 0.000935666
       18502       -0.36   -0.462756 0.000935632
       18503       -0.28   -0.462747 0.000935634
       18504       -0.36   -0.462741   0.0009356
       18505        -0.6   -0.462748 0.000935578
       18506       -0.28   -0.462739  0.00093558
       18507       -0.44   -0.462737  0.00093553
       18508       -0.44   -0.462736 0.000935481
       18509       -0.44   -0.462735 0.000935431
       18510        -0.6   -0.462742  0.00093541
       18511       -0.68   -0.462754 0.000935433
       18512       -0.68   -0.462766 0.000935456
       18513       -0.44   -0.462765 0.000935406
       18514       -0.52   -0.462768 0.000935361
       18515       -0.68   -0.462779 0.000935384
       18516       -0.36   -0.462774  0.00093535
       18517        -0.6   -0.462781 0.000935329
       18518       -0.68   -0.462793 0.000935352
       18519       -0.36   -0.462787 0.000935318
       18520       -0.44   -0.462786 0.000935268
       18521        -0.6   -0.462794 0.000935247
       18522       -0.44   -0.462792 0.000935197
       18523       -0.52   -0.462795 0.000935152
       18524        -0.6   -0.462803 0.000935131
       18525        -0.6    -0.46281 0.000935109
       18526       -0.12   -0.462792 0.000935242
       18527       -0.36   -0.462786 0.000935208
       18528       -0.52   -0.462789 0.000935163
       18529       -0.36   -0.462784 0.000935129
       18530       -0.28   -0.462774  0.00093513
       18531       -0.44   -0.462773  0.00093508
       18532       -0.44   -0.462771 0.000935031
       18533       -0.44    -0.46277 0.000934981
       18534       -0.44   -0.462769 0.000934932
       18535       -0.36   -0.462763 0.000934898
       18536       -0.52   -0.462767 0.000934852
       18537       -0.44   -0.462765 0.000934803
       18538       -0.28   -0.462755 0.000934804
       18539        -0.6   -0.462763 0.000934783
       18540       -0.52   -0.462766 0.000934738
       18541       -0.44   -0.462765 0.000934688
       18542       -0.36   -0.462759 0.000934654
       18543        -0.6   -0.462767 0.000934633
       18544       -0.52    -0.46277 0.000934588
       18545       -0.36   -0.462764 0.000934554
       18546       -0.28   -0.462754 0.000934555
       18547       -0.36   -0.462749 0.000934521
       18548       -0.52   -0.462752 0.000934476
       18549       -0.52   -0.462755 0.000934431
       18550        -0.6   -0.462762  0.00093441
       18551       -0.52   -0.462765 0.000934364
       18552       -0.44   -0.462764 0.000934315
       18553       -0.28   -0.462754 0.000934316
       18554        -0.6   -0.462762 0.000934295
       18555       -0.52   -0.462765  0.00093425
       18556        -0.6   -0.462772 0.000934229
       18557        -0.6    -0.46278 0.000934208
       18558       -0.52   -0.462783 0.000934163
       18559       -0.68   -0.462794 0.000934186
       18560        -0.6   -0.462802 0.000934165
       18561       -0.52   -0.462805 0.000934119
       18562       -0.68   -0.462817 0.000934142
       18563       -0.52    -0.46282 0.000934097
       18564        -0.6   -0.462827 0.000934076
       18565        -0.6   -0.462834 0.000934055
       18566        -0.6   -0.462842 0.000934034
       18567        -0.6   -0.462849 0.000934013
       18568       -0.44   -0.462848 0.000933963
       18569       -0.36   -0.462842 0.000933929
       18570       -0.36   -0.462837 0.000933895
       18571       -0.36   -0.462831 0.000933862
       18572       -0.36   -0.462826 0.000933828
       18573       -0.36    -0.46282 0.000933794
       18574       -0.52   -0.462823 0.000933749
       18575       -0.52   -0.462826 0.000933703
       18576        -0.6   -0.462834 0.000933682
       18577       -0.68   -0.462845 0.000933705
       18578       -0.36    -0.46284 0.000933671
       18579        -0.6   -0.462847  0.00093365
       18580       -0.44   -0.462846 0.000933601
       18581       -0.36   -0.462841 0.000933567
       18582        -0.6   -0.462848 0.000933546
       18583       -0.36   -0.462842 0.000933512
       18584        -0.6    -0.46285 0.000933491
       18585       -0.68   -0.462861 0.000933514
       18586       -0.68   -0.462873 0.000933537
       18587       -0.36   -0.462868 0.000933503
       18588       -0.52   -0.462871 0.000933458
       18589        -0.6   -0.462878 0.000933437
       18590       -0.36   -0.462873 0.000933403
       18591       -0.28   -0.462863 0.000933405
       18592       -0.36   -0.462857 0.000933371
       18593       -0.52    -0.46286 0.000933326
       18594       -0.44   -0.462859 0.000933276
       18595       -0.28   -0.462849 0.000933278
       18596       -0.52   -0.462852 0.000933233
       18597       -0.52   -0.462855 0.000933188
       18598       -0.52   -0.462858 0.000933143
       18599       -0.52   -0.462861 0.000933097
       18600       -0.52   -0.462865 0.000933052
       18601       -0.44   -0.462863 0.000933003
       18602       -0.44   -0.462862 0.000932954
       18603       -0.44   -0.462861 0.000932904
       18604       -0.36   -0.462855 0.000932871
       18605       -0.44   -0.462854 0.000932821
       18606       -0.68   -0.462866 0.000932844
       18607        -0.6   -0.462873 0.000932823
       18608        -0.6    -0.46288 0.000932802
       18609       -0.68   -0.462892 0.000932825
       18610       -0.68   -0.462904 0.000932848
       18611        -0.2    -0.46289 0.000932905
       18612       -0.36   -0.462884 0.000932871
       18613       -0.44   -0.462883 0.000932821
       18614       -0.28   -0.462873 0.000932823
       18615       -0.36   -0.462868 0.000932789
       18616       -0.44   -0.462866  0.00093274
       18617       -0.52   -0.462869 0.000932695
       18618       -0.52   -0.462872  0.00093265
       18619       -0.44   -0.462871 0.000932601
       18620       -0.36   -0.462866 0.000932567
       18621       -0.68   -0.462877  0.00093259
       18622        -0.6   -0.462885 0.000932569
       18623       -0.44   -0.462884  0.00093252
       18624       -0.36   -0.462878 0.000932486
       18625       -0.52   -0.462881 0.000932441
       18626       -0.44    -0.46288 0.000932392
       18627       -0.44   -0.462879 0.000932342
       18628        -0.6   -0.462886 0.000932321
       18629       -0.44   -0.462885 0.000932272
       18630       -0.28   -0.462875 0.000932274
       18631       -0.28   -0.462865 0.000932275
       18632        -0.6   -0.462872 0.000932254
       18633       -0.44   -0.462871 0.000932205
       18634       -0.36   -0.462866 0.000932171
       18635       -0.52   -0.462869 0.000932126
       18636       -0.36   -0.462863 0.000932093
       18637       -0.44   -0.462862 0.000932044
       18638       -0.36   -0.462857  0.00093201
       18639       -0.28   -0.462847 0.000932012
       18640       -0.52    -0.46285 0.000931967
       18641       -0.36   -0.462844 0.000931933
       18642       -0.36   -0.462839 0.000931899
       18643       -0.28   -0.462829 0.000931901
       18644        -0.2   -0.462815 0.000931958
       18645       -0.36   -0.462809 0.000931924
       18646       -0.52   -0.462812 0.000931879
       18647       -0.68   -0.462824 0.000931902
       18648       -0.44   -0.462823 0.000931853
       18649       -0.52   -0.462826 0.000931808
       18650       -0.28   -0.462816 0.000931809
       18651       -0.44   -0.462815  0.00093176
       18652       -0.52   -0.462818 0.000931715
       18653        -0.6   -0.462825 0.000931694
       18654       -0.52   -0.462828 0.000931649
       18655       -0.52   -0.462831 0.000931604
       18656       -0.28   -0.462822 0.000931606
       18657       -0.52   -0.462825 0.000931561
       18658        -0.6   -0.462832  0.00093154
       18659       -0.68   -0.462844 0.000931563
       18660       -0.68   -0.462855 0.000931586
       18661       -0.44   -0.462854 0.000931537
       18662        -0.6   -0.462861 0.000931516
       18663        -0.6   -0.462869 0.000931495
       18664        -0.6   -0.462876 0.000931474
       18665       -0.44   -0.462875 0.000931425
       18666       -0.52   -0.462878  0.00093138
       18667       -0.52   -0.462881 0.000931335
       18668       -0.44    -0.46288 0.000931286
       18669       -0.28    -0.46287 0.000931288
       18670       -0.44   -0.462869 0.000931239
       18671       -0.44   -0.462868 0.000931189
       18672       -0.44   -0.462866  0.00093114
       18673       -0.36   -0.462861 0.000931107
       18674       -0.68   -0.462872  0.00093113
       18675        -0.6    -0.46288 0.000931109
       18676       -0.44   -0.462879  0.00093106
       18677       -0.76   -0.462894 0.000931146
       18678        -0.6   -0.462902 0.000931125
       18679       -0.52   -0.462905  0.00093108
       18680       -0.68   -0.462916 0.000931103
       18681       -0.68   -0.462928 0.000931125
       18682       -0.44   -0.462927 0.000931076
       18683        -0.6   -0.462934 0.000931055
       18684       -0.76    -0.46295 0.000931141
       18685       -0.36   -0.462945 0.000931108
       18686       -0.36   -0.462939 0.000931074
       18687       -0.68   -0.462951 0.000931097
       18688        -0.6   -0.462958 0.000931076
       18689       -0.44   -0.462957 0.000931027
       18690        -0.6   -0.462964 0.000931006
       18691       -0.36   -0.462959 0.000930972
       18692       -0.52   -0.462962 0.000930928
       18693       -0.44    -0.46296 0.000930879
       18694       -0.52   -0.462964 0.000930834
       18695       -0.44   -0.462962 0.000930785
       18696       -0.28   -0.462953 0.000930786
       18697       -0.52   -0.462956 0.000930742
       18698        -0.6   -0.462963 0.000930721
       18699       -0.36   -0.462957 0.000930687
       18700       -0.36   -0.462952 0.000930654
       18701        -0.6   -0.462959 0.000930633
       18702        -0.6   -0.462967 0.000930612
       18703       -0.44   -0.462965 0.000930563
       18704       -0.52   -0.462968 0.000930518
       18705       -0.52   -0.462971 0.000930473
       18706       -0.52   -0.462974 0.000930429
       18707        -0.6   -0.462982 0.000930408
       18708       -0.76   -0.462998 0.000930494
       18709        -0.6   -0.463005 0.000930473
       18710       -0.52   -0.463008 0.000930428
       18711       -0.68    -0.46302  0.00093045
       18712       -0.68   -0.463031 0.000930473
       18713        -0.6   -0.463039 0.000930452
       18714       -0.52   -0.463042 0.000930407
       18715       -0.52   -0.463045 0.000930363
       18716       -0.52   -0.463048 0.000930318
       18717       -0.44   -0.463046 0.000930269
       18718       -0.52   -0.463049 0.000930224
       18719       -0.36   -0.463044 0.000930191
       18720       -0.52   -0.463047 0.000930146
       18721       -0.52    -0.46305 0.000930101
       18722       -0.52   -0.463053 0.000930057
       18723       -0.36   -0.463048 0.000930023
       18724        -0.6   -0.463055 0.000930002
       18725       -0.44   -0.463054 0.000929954
       18726        -0.2    -0.46304  0.00093001
       18727       -0.52   -0.463043 0.000929965
       18728       -0.36   -0.463037 0.000929932
       18729       -0.28   -0.463027 0.000929934
       18730       -0.28   -0.463018 0.000929935
       18731       -0.52   -0.463021 0.000929891
       18732       -0.44   -0.463019 0.000929842
       18733       -0.76   -0.463035 0.000929927
       18734       -0.76   -0.463051 0.000930013
       18735       -0.52   -0.463054 0.000929968
       18736       -0.36   -0.463049 0.000929935
       18737        -0.2   -0.463035 0.000929991
       18738       -0.44   -0.463033 0.000929942
       18739       -0.28   -0.463024 0.000929944
       18740       -0.28   -0.463014 0.000929946
       18741       -0.36   -0.463008 0.000929912
       18742       -0.44   -0.463007 0.000929863
       18743       -0.44   -0.463006 0.000929815
       18744        -0.6   -0.463013 0.000929794
       18745        -0.6   -0.463021 0.000929773
       18746       -0.52   -0.463024 0.000929728
       18747        -0.6   -0.463031 0.000929707
       18748       -0.36   -0.463025 0.000929674
       18749       -0.36    -0.46302 0.000929641
       18750       -0.52   -0.463023 0.000929596
       18751        -0.6    -0.46303 0.000929575
       18752       -0.52   -0.463033  0.00092953
       18753       -0.44   -0.463032 0.000929482
       18754       -0.44   -0.463031 0.000929433
       18755       -0.52   -0.463034 0.000929388
       18756        -0.6   -0.463041 0.000929368
       18757       -0.52   -0.463044 0.000929323
       18758       -0.52   -0.463047 0.000929278
       18759       -0.44   -0.463046  0.00092923
       18760        -0.2   -0.463032 0.000929286
       18761       -0.52   -0.463035 0.000929241
       18762       -0.44   -0.463034 0.000929193
       18763       -0.44   -0.463033 0.000929144
       18764       -0.76   -0.463048 0.000929229
       18765       -0.68    -0.46306 0.000929252
       18766       -0.44   -0.463059 0.000929203
       18767        -0.6   -0.463066 0.000929182
       18768        -0.6   -0.463073 0.000929161
       18769       -0.52   -0.463076 0.000929117
       18770       -0.52   -0.463079 0.000929072
       18771       -0.52   -0.463082 0.000929027
       18772       -0.52   -0.463085 0.000928983
       18773       -0.52   -0.463088 0.000928938
       18774       -0.52   -0.463092 0.000928894
       18775       -0.44    -0.46309 0.000928845
       18776       -0.44   -0.463089 0.000928797
       18777       -0.36   -0.463084 0.000928763
       18778        -0.6   -0.463091 0.000928742
       18779        -0.6   -0.463098 0.000928722
       18780       -0.44   -0.463097 0.000928673
       18781       -0.44   -0.463096 0.000928624
       18782       -0.52   -0.463099  0.00092858
       18783        -0.6   -0.463106 0.000928559
       18784        -0.6   -0.463113 0.000928538
       18785       -0.68   -0.463125 0.000928561
       18786       -0.52   -0.463128 0.000928516
       18787       -0.52   -0.463131 0.000928472
       18788       -0.44    -0.46313 0.000928423
       18789       -0.52   -0.463133 0.000928378
       18790       -0.44   -0.463131  0.00092833
       18791       -0.52   -0.463134 0.000928285
       18792       -0.52   -0.463138 0.000928241
       18793       -0.52   -0.463141 0.000928196
       18794       -0.44   -0.463139 0.000928148
       18795        -0.6   -0.463147 0.000928127
       18796       -0.84   -0.463167 0.000928294
       18797       -0.44   -0.463165 0.000928246
       18798        -0.6   -0.463173 0.000928225
       18799       -0.44   -0.463171 0.000928176
       18800       -0.28   -0.463162 0.000928178
       18801       -0.36   -0.463156 0.000928145
       18802       -0.52   -0.463159   0.0009281
       18803        -0.6   -0.463167  0.00092808
       18804       -0.44   -0.463165 0.000928031
       18805       -0.28   -0.463156 0.000928033
       18806        -0.6   -0.463163 0.000928012
       18807        -0.6    -0.46317 0.000927991
       18808        -0.6   -0.463177  0.00092797
       18809       -0.44   -0.463176 0.000927922
       18810        -0.6   -0.463183 0.000927901
       18811       -0.52   -0.463186 0.000927857
       18812       -0.52   -0.463189 0.000927812
       18813       -0.52   -0.463192 0.000927768
       18814       -0.44   -0.463191 0.000927719
       18815       -0.28   -0.463182 0.000927721
       18816       -0.36   -0.463176 0.000927688
       18817       -0.04   -0.463154 0.000927911
       18818        -0.2    -0.46314 0.000927967
       18819       -0.28    -0.46313 0.000927969
       18820       -0.36   -0.463124 0.000927936
       18821       -0.44   -0.463123 0.000927887
       18822       -0.44   -0.463122 0.000927839
       18823       -0.52   -0.463125 0.000927795
       18824       -0.44   -0.463124 0.000927746
       18825        -0.6   -0.463131 0.000927725
       18826       -0.52   -0.463134 0.000927681
       18827       -0.52   -0.463137 0.000927637
       18828       -0.44   -0.463136 0.000927588
       18829       -0.52   -0.463139 0.000927544
       18830       -0.52   -0.463142 0.000927499
       18831       -0.44   -0.463141 0.000927451
       18832       -0.52   -0.463144 0.000927407
       18833        -0.6   -0.463151 0.000927386
       18834       -0.68   -0.463162 0.000927408
       18835       -0.52   -0.463165 0.000927364
       18836        -0.6   -0.463173 0.000927343
       18837       -0.52   -0.463176 0.000927299
       18838        -0.6   -0.463183 0.000927278
       18839       -0.68   -0.463194   0.0009273
       18840       -0.44   -0.463193 0.000927252
       18841        -0.6     -0.4632 0.000927231
       18842       -0.28   -0.463191 0.000927233
       18843        -0.6   -0.463198 0.000927212
       18844       -0.44   -0.463197 0.000927163
       18845       -0.36   -0.463191  0.00092713
       18846       -0.44    -0.46319 0.000927082
       18847       -0.36   -0.463185 0.000927049
       18848       -0.68   -0.463196 0.000927071
       18849       -0.44   -0.463195 0.000927023
       18850       -0.12   -0.463177 0.000927152
       18851       -0.36   -0.463171 0.000927119
       18852       -0.44    -0.46317 0.000927071
       18853       -0.44   -0.463169 0.000927023
       18854       -0.44   -0.463167 0.000926974
       18855       -0.52   -0.463171  0.00092693
       18856       -0.36   -0.463165 0.000926897
       18857       -0.28   -0.463155 0.000926899
       18858        -0.6   -0.463163 0.000926878
       18859       -0.44   -0.463161  0.00092683
       18860       -0.28   -0.463152 0.000926831
       18861       -0.52   -0.463155 0.000926787
       18862       -0.28   -0.463145 0.000926789
       18863        -0.6   -0.463152 0.000926768
       18864        -0.6   -0.463159 0.000926748
       18865        -0.6   -0.463167 0.000926727
       18866       -0.68   -0.463178 0.000926749
       18867       -0.52   -0.463181 0.000926705
       18868       -0.44    -0.46318 0.000926656
       18869       -0.52   -0.463183 0.000926612
       18870       -0.52   -0.463186 0.000926568
       18871        -0.6   -0.463193 0.000926547
       18872       -0.52   -0.463196 0.000926503
       18873       -0.52   -0.463199 0.000926459
       18874       -0.52   -0.463202 0.000926415
       18875        -0.2   -0.463188  0.00092647
       18876       -0.36   -0.463183 0.000926438
       18877       -0.52   -0.463186 0.000926393
       18878        -0.6   -0.463193 0.000926373
       18879       -0.44   -0.463192 0.000926324
       18880       -0.36   -0.463186 0.000926291
       18881       -0.52   -0.463189 0.000926247
       18882       -0.28    -0.46318 0.000926249
       18883       -0.36   -0.463174 0.000926216
       18884        -0.2    -0.46316 0.000926272
       18885       -0.52   -0.463163 0.000926228
       18886       -0.52   -0.463166 0.000926184
       18887       -0.52   -0.463169 0.000926139
       18888       -0.44   -0.463168 0.000926091
       18889       -0.52   -0.463171 0.000926047
       18890       -0.52   -0.463174 0.000926003
       18891       -0.52   -0.463177 0.000925959
       18892       -0.44   -0.463176 0.000925911
       18893       -0.68   -0.463187 0.000925933
       18894        -0.6   -0.463195 0.000925912
       18895       -0.44   -0.463193 0.000925864
       18896       -0.52   -0.463196  0.00092582
       18897       -0.68   -0.463208 0.000925842
       18898       -0.68   -0.463219 0.000925864
       18899       -0.52   -0.463222  0.00092582
       18900       -0.44   -0.463221 0.000925772
       18901       -0.52   -0.463224 0.000925727
       18902       -0.28   -0.463214 0.000925729
       18903        -0.6   -0.463222 0.000925709
       18904       -0.52   -0.463225 0.000925664
       18905       -0.76    -0.46324 0.000925749
       18906       -0.52   -0.463243 0.000925704
       18907       -0.44   -0.463242 0.000925656
       18908        -0.6   -0.463249 0.000925636
       18909        -0.6   -0.463257 0.000925615
       18910       -0.44   -0.463255 0.000925567
       18911       -0.44   -0.463254 0.000925519
       18912       -0.68   -0.463266 0.000925541
       18913       -0.68   -0.463277 0.000925563
       18914       -0.52    -0.46328 0.000925519
       18915       -0.52   -0.463283 0.000925475
       18916       -0.44   -0.463282 0.000925426
       18917       -0.44   -0.463281 0.000925378
       18918       -0.44   -0.463279  0.00092533
       18919       -0.36   -0.463274 0.000925297
       18920       -0.44   -0.463273 0.000925249
       18921       -0.52   -0.463276 0.000925205
       18922       -0.52   -0.463279 0.000925161
       18923       -0.44   -0.463277 0.000925113
       18924       -0.36   -0.463272  0.00092508
       18925       -0.28   -0.463262 0.000925082
       18926       -0.44   -0.463261 0.000925034
       18927       -0.44    -0.46326 0.000924986
       18928       -0.44   -0.463259 0.000924938
       18929       -0.68    -0.46327  0.00092496
       18930       -0.44   -0.463269 0.000924912
       18931       -0.36   -0.463263 0.000924879
       18932       -0.76   -0.463279 0.000924963
       18933       -0.36   -0.463274  0.00092493
       18934       -0.28   -0.463264 0.000924932
       18935       -0.36   -0.463259 0.000924899
       18936       -0.44   -0.463257 0.000924851
       18937       -0.44   -0.463256 0.000924803
       18938       -0.28   -0.463246 0.000924805
       18939        -0.6   -0.463254 0.000924785
       18940       -0.52   -0.463257 0.000924741
       18941       -0.36   -0.463251 0.000924708
       18942       -0.44    -0.46325  0.00092466
       18943       -0.44   -0.463249 0.000924612
       18944       -0.52   -0.463252 0.000924568
       18945       -0.68   -0.463263  0.00092459
       18946       -0.44   -0.463262 0.000924542
       18947       -0.36   -0.463256 0.000924509
       18948       -0.44   -0.463255 0.000924461
       18949       -0.44   -0.463254 0.000924413
       18950       -0.36   -0.463249  0.00092438
       18951       -0.52   -0.463252 0.000924337
       18952       -0.36   -0.463246 0.000924304
       18953        -0.6   -0.463253 0.000924283
       18954       -0.44   -0.463252 0.000924235
       18955       -0.44   -0.463251 0.000924187
       18956        -0.6   -0.463258 0.000924167
       18957       -0.44   -0.463257 0.000924119
       18958       -0.28   -0.463247 0.000924121
       18959       -0.44   -0.463246 0.000924073
       18960       -0.52   -0.463249 0.000924029
       18961       -0.52   -0.463252 0.000923985
       18962       -0.52   -0.463255 0.000923941
       18963       -0.28   -0.463245 0.000923943
       18964       -0.04   -0.463223 0.000924164
       18965       -0.52   -0.463226  0.00092412
       18966        -0.6   -0.463233 0.000924099
       18967       -0.36   -0.463228 0.000924066
       18968       -0.44   -0.463226 0.000924019
       18969       -0.28   -0.463217  0.00092402
       18970       -0.44   -0.463216 0.000923972
       18971       -0.44   -0.463214 0.000923925
       18972       -0.52   -0.463217 0.000923881
       18973       -0.28   -0.463208 0.000923882
       18974       -0.36   -0.463202  0.00092385
       18975       -0.52   -0.463205 0.000923806
       18976       -0.52   -0.463208 0.000923762
       18977       -0.52   -0.463211 0.000923718
       18978       -0.52   -0.463214 0.000923674
       18979       -0.44   -0.463213 0.000923627
       18980        -0.6    -0.46322 0.000923606
       18981        -0.6   -0.463227 0.000923585
       18982       -0.28   -0.463218 0.000923587
       18983       -0.44   -0.463217 0.000923539
       18984       -0.52    -0.46322 0.000923496
       18985       -0.44   -0.463218 0.000923448
       18986        -0.6   -0.463226 0.000923427
       18987       -0.76   -0.463241 0.000923511
       18988       -0.44    -0.46324 0.000923463
       18989       -0.44   -0.463239 0.000923415
       18990       -0.44   -0.463237 0.000923367
       18991       -0.28   -0.463228 0.000923369
       18992       -0.28   -0.463218 0.000923371
       18993        -0.6   -0.463225  0.00092335
       18994       -0.36    -0.46322 0.000923318
       18995       -0.44   -0.463219  0.00092327
       18996       -0.76   -0.463234 0.000923354
       18997       -0.44   -0.463233 0.000923306
       18998        -0.6    -0.46324 0.000923285
       18999        -0.6   -0.463248 0.000923265
       19000        -0.6   -0.463255 0.000923244
       19001        -0.6   -0.463262 0.000923224
       19002        -0.6   -0.463269 0.000923203
       19003        -0.6   -0.463276 0.000923183
       19004       -0.36   -0.463271  0.00092315
       19005       -0.52   -0.463274 0.000923106
       19006       -0.36   -0.463268 0.000923074
       19007       -0.44   -0.463267 0.000923026
       19008       -0.44   -0.463266 0.000922978
       19009       -0.36   -0.463261 0.000922946
       19010       -0.36   -0.463255 0.000922913
       19011       -0.36    -0.46325  0.00092288
       19012       -0.36   -0.463244 0.000922848
       19013       -0.36   -0.463239 0.000922815
       19014       -0.28   -0.463229 0.000922817
       19015       -0.44   -0.463228 0.000922769
       19016       -0.36   -0.463223 0.000922737
       19017       -0.44   -0.463221 0.000922689
       19018       -0.44    -0.46322 0.000922641
       19019       -0.44   -0.463219 0.000922594
       19020       -0.44   -0.463218 0.000922546
       19021       -0.52   -0.463221 0.000922502
       19022       -0.28   -0.463211 0.000922504
       19023       -0.28   -0.463201 0.000922506
       19024        -0.2   -0.463188 0.000922561
       19025       -0.12    -0.46317 0.000922689
       19026        -0.2   -0.463156 0.000922744
       19027       -0.52   -0.463159 0.000922701
       19028       -0.52   -0.463162 0.000922657
       19029       -0.52   -0.463165 0.000922613
       19030       -0.28   -0.463155 0.000922615
       19031       -0.36    -0.46315 0.000922582
       19032       -0.44   -0.463148 0.000922535
       19033       -0.44   -0.463147 0.000922487
       19034       -0.28   -0.463138 0.000922489
       19035       -0.44   -0.463136 0.000922441
       19036       -0.44   -0.463135 0.000922393
       19037        -0.6   -0.463142 0.000922373
       19038       -0.68   -0.463154 0.000922395
       19039       -0.44   -0.463152 0.000922347
       19040       -0.28   -0.463143 0.000922349
       19041       -0.52   -0.463146 0.000922305
       19042        -0.6   -0.463153 0.000922285
       19043       -0.52   -0.463156 0.000922241
       19044       -0.28   -0.463146 0.000922243
       19045       -0.36   -0.463141 0.000922211
       19046        -0.6   -0.463148  0.00092219
       19047       -0.52   -0.463151 0.000922147
       19048       -0.44    -0.46315 0.000922099
       19049       -0.28    -0.46314 0.000922101
       19050       -0.44   -0.463139 0.000922053
       19051       -0.52   -0.463142 0.000922009
       19052       -0.36   -0.463137 0.000921977
       19053        -0.6   -0.463144 0.000921957
       19054        -0.6   -0.463151 0.000921936
       19055       -0.28   -0.463141 0.000921938
       19056       -0.44    -0.46314  0.00092189
       19057       -0.28   -0.463131 0.000921892
       19058       -0.36   -0.463125 0.000921859
       19059        -0.6   -0.463132 0.000921839
       19060       -0.36   -0.463127 0.000921807
       19061        -0.6   -0.463134 0.000921786
       19062       -0.68   -0.463146 0.000921808
       19063       -0.44   -0.463144 0.000921761
       19064       -0.36   -0.463139 0.000921728
       19065       -0.52   -0.463142 0.000921685
       19066       -0.44   -0.463141 0.000921637
       19067       -0.52   -0.463144 0.000921593
       19068        -0.6   -0.463151 0.000921573
       19069       -0.68   -0.463162 0.000921595
       19070       -0.76   -0.463178 0.000921678
       19071       -0.52   -0.463181 0.000921635
       19072       -0.44    -0.46318 0.000921587
       19073       -0.52   -0.463183 0.000921543
       19074       -0.36   -0.463177 0.000921511
       19075       -0.44   -0.463176 0.000921464
       19076       -0.68   -0.463187 0.000921485
       19077       -0.68   -0.463199 0.000921507
       19078       -0.36   -0.463193 0.000921475
       19079        -0.2   -0.463179  0.00092153
       19080       -0.68   -0.463191 0.000921551
       19081       -0.44    -0.46319 0.000921504
       19082       -0.36   -0.463184 0.000921471
       19083       -0.52   -0.463187 0.000921428
       19084        -0.6   -0.463194 0.000921408
       19085       -0.68   -0.463206 0.000921429
       19086        -0.6   -0.463213 0.000921409
       19087       -0.44   -0.463212 0.000921361
       19088       -0.44    -0.46321 0.000921314
       19089       -0.68   -0.463222 0.000921336
       19090       -0.44   -0.463221 0.000921288
       19091       -0.44   -0.463219 0.000921241
       19092       -0.44   -0.463218 0.000921193
       19093       -0.68   -0.463229 0.000921215
       19094        -0.6   -0.463237 0.000921195
       19095       -0.44   -0.463235 0.000921147
       19096       -0.44   -0.463234   0.0009211
       19097       -0.36   -0.463229 0.000921067
       19098       -0.44   -0.463228  0.00092102
       19099       -0.36   -0.463222 0.000920988
       19100       -0.28   -0.463213 0.000920989
       19101       -0.36   -0.463207 0.000920957
       19102        -0.6   -0.463214 0.000920937
       19103       -0.68   -0.463226 0.000920958
       19104        -0.6   -0.463233 0.000920938
       19105       -0.52   -0.463236 0.000920895
       19106       -0.68   -0.463247 0.000920916
       19107       -0.52    -0.46325 0.000920873
       19108       -0.68   -0.463261 0.000920895
       19109        -0.6   -0.463269 0.000920874
       19110       -0.52   -0.463272 0.000920831
       19111        -0.6   -0.463279  0.00092081
       19112       -0.52   -0.463282 0.000920767
       19113       -0.44    -0.46328  0.00092072
       19114       -0.28   -0.463271 0.000920721
       19115       -0.36   -0.463265 0.000920689
       19116       -0.52   -0.463268 0.000920646
       19117       -0.44   -0.463267 0.000920598
       19118       -0.44   -0.463266 0.000920551
       19119       -0.36   -0.463261 0.000920519
       19120       -0.52   -0.463264 0.000920475
       19121       -0.52   -0.463267 0.000920432
       19122       -0.52    -0.46327 0.000920389
       19123       -0.52   -0.463272 0.000920345
       19124       -0.44   -0.463271 0.000920298
       19125       -0.36   -0.463266 0.000920266
       19126        -0.6   -0.463273 0.000920245
       19127       -0.52   -0.463276 0.000920202
       19128       -0.36   -0.463271  0.00092017
       19129       -0.44   -0.463269 0.000920122
       19130       -0.52   -0.463272 0.000920079
       19131        -0.6   -0.463279 0.000920059
       19132       -0.36   -0.463274 0.000920026
       19133       -0.52   -0.463277 0.000919983
       19134       -0.44   -0.463276 0.000919936
       19135       -0.36    -0.46327 0.000919904
       19136       -0.36   -0.463265 0.000919871
       19137       -0.44   -0.463264 0.000919824
       19138        -0.6   -0.463271 0.000919804
       19139        -0.6   -0.463278 0.000919783
       19140       -0.68   -0.463289 0.000919805
       19141        -0.6   -0.463297 0.000919785
       19142       -0.36   -0.463291 0.000919753
       19143       -0.52   -0.463294 0.000919709
       19144       -0.52   -0.463297 0.000919666
       19145       -0.28   -0.463288 0.000919668
       19146       -0.44   -0.463286 0.000919621
       19147       -0.52   -0.463289 0.000919577
       19148       -0.52   -0.463292 0.000919534
       19149       -0.36   -0.463287 0.000919502
       19150       -0.44   -0.463286 0.000919455
       19151       -0.68   -0.463297 0.000919476
       19152       -0.52     -0.4633 0.000919433
       19153       -0.52   -0.463303  0.00091939
       19154       -0.44   -0.463302 0.000919343
       19155       -0.44     -0.4633 0.000919295
       19156       -0.52   -0.463303 0.000919252
       19157        -0.6   -0.463311 0.000919232
       19158       -0.44   -0.463309 0.000919185
       19159       -0.44   -0.463308 0.000919138
       19160       -0.44   -0.463307  0.00091909
       19161       -0.36   -0.463301 0.000919058
       19162       -0.52   -0.463304 0.000919015
       19163       -0.28   -0.463295 0.000919017
       19164       -0.28   -0.463285 0.000919019
       19165       -0.36    -0.46328 0.000918987
       19166       -0.52   -0.463283 0.000918943
       19167       -0.36   -0.463278 0.000918911
       19168       -0.28   -0.463268 0.000918913
       19169       -0.44   -0.463267 0.000918866
       19170       -0.52    -0.46327 0.000918823
       19171       -0.52   -0.463273  0.00091878
       19172        -0.6    -0.46328 0.000918759
       19173       -0.44   -0.463279 0.000918712
       19174       -0.36   -0.463273  0.00091868
       19175       -0.52   -0.463276 0.000918637
       19176       -0.76   -0.463292 0.000918719
       19177        -0.6   -0.463299 0.000918699
       19178       -0.52   -0.463302 0.000918656
       19179       -0.52   -0.463305 0.000918613
       19180       -0.44   -0.463303 0.000918566
       19181       -0.44   -0.463302 0.000918519
       19182        -0.6   -0.463309 0.000918498
       19183       -0.52   -0.463312 0.000918455
       19184       -0.44   -0.463311 0.000918408
       19185       -0.68   -0.463322  0.00091843
       19186       -0.52   -0.463325 0.000918387
       19187       -0.44   -0.463324  0.00091834
       19188        -0.6   -0.463331 0.000918319
       19189       -0.36   -0.463326 0.000918287
       19190        -0.2   -0.463312 0.000918342
       19191       -0.44   -0.463311 0.000918295
       19192       -0.28   -0.463301 0.000918297
       19193       -0.44     -0.4633  0.00091825
       19194       -0.52   -0.463303 0.000918207
       19195       -0.36   -0.463298 0.000918175
       19196       -0.44   -0.463297 0.000918127
       19197       -0.44   -0.463295  0.00091808
       19198       -0.36    -0.46329 0.000918048
       19199       -0.52   -0.463293 0.000918005
       19200       -0.44   -0.463292 0.000917958
       19201       -0.36   -0.463286 0.000917926
       19202       -0.44   -0.463285 0.000917879
       19203       -0.28   -0.463276 0.000917881
       19204        -0.2   -0.463262 0.000917936
       19205       -0.36   -0.463256 0.000917904
       19206       -0.44   -0.463255 0.000917857
       19207        -0.6   -0.463262 0.000917836
       19208       -0.44   -0.463261 0.000917789
       19209       -0.44    -0.46326 0.000917742
       19210       -0.36   -0.463255  0.00091771
       19211       -0.52   -0.463258 0.000917667
       19212       -0.52    -0.46326 0.000917624
       19213       -0.36   -0.463255 0.000917592
       19214        -0.2   -0.463241 0.000917647
       19215       -0.44    -0.46324   0.0009176
       19216        -0.6   -0.463247  0.00091758
       19217        -0.6   -0.463254  0.00091756
       19218       -0.36   -0.463249 0.000917528
       19219       -0.52   -0.463252 0.000917485
       19220       -0.52   -0.463255 0.000917442
       19221       -0.36    -0.46325  0.00091741
       19222       -0.36   -0.463244 0.000917378
       19223       -0.52   -0.463247 0.000917335
       19224       -0.52    -0.46325 0.000917292
       19225       -0.52   -0.463253 0.000917249
       19226       -0.36   -0.463248 0.000917217
       19227       -0.28   -0.463238 0.000917219
       19228       -0.36   -0.463233 0.000917187
       19229       -0.36   -0.463227 0.000917155
       19230       -0.44   -0.463226 0.000917108
       19231       -0.36   -0.463221 0.000917076
       19232       -0.44    -0.46322 0.000917029
       19233        -0.6   -0.463227 0.000917009
       19234       -0.52    -0.46323 0.000916966
       19235       -0.36   -0.463224 0.000916934
       19236       -0.44   -0.463223 0.000916887
       19237        -0.2   -0.463209 0.000916941
       19238       -0.36   -0.463204 0.000916909
       19239       -0.68   -0.463215 0.000916931
       19240       -0.44   -0.463214 0.000916884
       19241       -0.28   -0.463205 0.000916886
       19242       -0.52   -0.463208 0.000916843
       19243       -0.44   -0.463206 0.000916796
       19244       -0.44   -0.463205 0.000916749
       19245       -0.52   -0.463208 0.000916706
       19246       -0.44   -0.463207  0.00091666
       19247       -0.36   -0.463202 0.000916628
       19248       -0.28   -0.463192 0.000916629
       19249       -0.52   -0.463195 0.000916587
       19250       -0.44   -0.463194  0.00091654
       19251       -0.52   -0.463197 0.000916497
       19252       -0.52     -0.4632 0.000916454
       19253       -0.52   -0.463203 0.000916411
       19254       -0.44   -0.463201 0.000916364
       19255       -0.52   -0.463204 0.000916322
       19256       -0.68   -0.463216 0.000916343
       19257       -0.76   -0.463231 0.000916425
       19258       -0.44    -0.46323 0.000916378
       19259        -0.6   -0.463237 0.000916358
       19260       -0.68   -0.463248  0.00091638
       19261       -0.68   -0.463259 0.000916401
       19262       -0.52   -0.463262 0.000916359
       19263       -0.36   -0.463257 0.000916327
       19264       -0.44   -0.463256  0.00091628
       19265       -0.12   -0.463238 0.000916406
       19266       -0.36   -0.463233 0.000916374
       19267       -0.52   -0.463236 0.000916331
       19268       -0.36    -0.46323 0.000916299
       19269       -0.36   -0.463225 0.000916267
       19270       -0.36    -0.46322 0.000916235
       19271        -0.2   -0.463206 0.000916289
       19272       -0.44   -0.463205 0.000916243
       19273       -0.52   -0.463208   0.0009162
       19274       -0.28   -0.463198 0.000916202
       19275       -0.52   -0.463201 0.000916159
       19276       -0.44     -0.4632 0.000916112
       19277       -0.36   -0.463194  0.00091608
       19278       -0.44   -0.463193 0.000916033
       19279        -0.2    -0.46318 0.000916088
       19280       -0.28    -0.46317 0.000916089
       19281       -0.36   -0.463165 0.000916058
       19282       -0.36   -0.463159 0.000916026
       19283       -0.36   -0.463154 0.000915994
       19284       -0.52   -0.463157 0.000915951
       19285       -0.52    -0.46316 0.000915908
       19286       -0.52   -0.463163 0.000915865
       19287        -0.6    -0.46317 0.000915845
       19288       -0.36   -0.463165 0.000915814
       19289       -0.52   -0.463168 0.000915771
       19290        -0.6   -0.463175 0.000915751
       19291       -0.52   -0.463178 0.000915708
       19292       -0.36   -0.463172 0.000915676
       19293        -0.6   -0.463179 0.000915656
       19294       -0.36   -0.463174 0.000915624
       19295       -0.52   -0.463177 0.000915582
       19296       -0.44   -0.463176 0.000915535
       19297       -0.44   -0.463175 0.000915488
       19298       -0.52   -0.463178 0.000915446
       19299       -0.44   -0.463176 0.000915399
       19300       -0.44   -0.463175 0.000915352
       19301       -0.12   -0.463157 0.000915478
       19302       -0.28   -0.463148 0.000915479
       19303       -0.52   -0.463151 0.000915437
       19304       -0.52   -0.463154 0.000915394
       19305       -0.28   -0.463144 0.000915396
       19306       -0.36   -0.463139 0.000915364
       19307       -0.36   -0.463134 0.000915332
       19308        -0.6   -0.463141 0.000915312
       19309       -0.52   -0.463144  0.00091527
       19310        -0.2    -0.46313 0.000915324
       19311       -0.52   -0.463133 0.000915281
       19312        -0.6    -0.46314 0.000915261
       19313       -0.52   -0.463143 0.000915218
       19314       -0.52   -0.463146 0.000915176
       19315       -0.36   -0.463141 0.000915144
       19316       -0.52   -0.463144 0.000915101
       19317       -0.52   -0.463146 0.000915059
       19318       -0.36   -0.463141 0.000915027
       19319        -0.6   -0.463148 0.000915007
       19320       -0.36   -0.463143 0.000914975
       19321       -0.52   -0.463146 0.000914932
       19322       -0.44   -0.463145 0.000914886
       19323       -0.36   -0.463139 0.000914854
       19324       -0.44   -0.463138 0.000914808
       19325       -0.28   -0.463129 0.000914809
       19326       -0.44   -0.463127 0.000914763
       19327       -0.36   -0.463122 0.000914731
       19328       -0.52   -0.463125 0.000914688
       19329       -0.36    -0.46312 0.000914657
       19330        -0.2   -0.463106 0.000914711
       19331       -0.28   -0.463097 0.000914712
       19332        -0.2   -0.463083 0.000914766
       19333       -0.36   -0.463078 0.000914734
       19334       -0.36   -0.463072 0.000914703
       19335       -0.44   -0.463071 0.000914656
       19336       -0.44    -0.46307  0.00091461
       19337       -0.52   -0.463073 0.000914567
       19338       -0.36   -0.463068 0.000914535
       19339       -0.36   -0.463062 0.000914504
       19340        -0.6   -0.463069 0.000914484
       19341       -0.68   -0.463081 0.000914505
       19342        -0.6   -0.463088 0.000914485
       19343       -0.52   -0.463091 0.000914443
       19344        -0.6   -0.463098 0.000914423
       19345       -0.12    -0.46308 0.000914548
       19346       -0.44   -0.463079 0.000914501
       19347       -0.44   -0.463077 0.000914455
       19348       -0.36   -0.463072 0.000914423
       19349       -0.44   -0.463071 0.000914376
       19350       -0.52   -0.463074 0.000914334
       19351       -0.36   -0.463069 0.000914302
       19352        -0.6   -0.463076 0.000914282
       19353       -0.68   -0.463087 0.000914304
       19354       -0.52    -0.46309 0.000914261
       19355       -0.68   -0.463101 0.000914283
       19356       -0.36   -0.463096 0.000914251
       19357       -0.44   -0.463094 0.000914204
       19358       -0.52   -0.463097 0.000914162
       19359       -0.68   -0.463109 0.000914183
       19360       -0.68    -0.46312 0.000914205
       19361        -0.6   -0.463127 0.000914185
       19362        -0.6   -0.463134 0.000914165
       19363       -0.52   -0.463137 0.000914123
       19364       -0.52    -0.46314  0.00091408
       19365        -0.6   -0.463147  0.00091406
       19366       -0.68   -0.463158 0.000914082
       19367        -0.6   -0.463165 0.000914062
       19368       -0.52   -0.463168 0.000914019
       19369       -0.52   -0.463171 0.000913977
       19370       -0.68   -0.463182 0.000913998
       19371       -0.44   -0.463181 0.000913952
       19372       -0.52   -0.463184 0.000913909
       19373       -0.52   -0.463187 0.000913867
       19374        -0.6   -0.463194 0.000913847
       19375       -0.12   -0.463176 0.000913971
       19376       -0.44   -0.463175 0.000913925
       19377       -0.44   -0.463174 0.000913879
       19378       -0.52   -0.463177 0.000913836
       19379        -0.6   -0.463184 0.000913816
       19380       -0.44   -0.463183  0.00091377
       19381       -0.44   -0.463181 0.000913723
       19382       -0.36   -0.463176 0.000913692
       19383       -0.44   -0.463175 0.000913645
       19384       -0.44   -0.463174 0.000913599
       19385       -0.44   -0.463173 0.000913553
       19386       -0.44   -0.463171 0.000913506
       19387       -0.52   -0.463174 0.000913464
       19388       -0.36   -0.463169 0.000913432
       19389       -0.52   -0.463172  0.00091339
       19390       -0.52   -0.463175 0.000913348
       19391       -0.52   -0.463178 0.000913305
       19392       -0.36   -0.463172 0.000913274
       19393       -0.44   -0.463171 0.000913227
       19394        -0.6   -0.463178 0.000913207
       19395       -0.52   -0.463181 0.000913165
       19396        -0.6   -0.463188 0.000913145
       19397       -0.52   -0.463191 0.000913103
       19398       -0.44    -0.46319 0.000913057
       19399       -0.36   -0.463185 0.000913025
       19400       -0.52   -0.463188 0.000912983
       19401       -0.44   -0.463186 0.000912936
       19402       -0.28   -0.463177 0.000912938
       19403       -0.36   -0.463172 0.000912907
       19404       -0.52   -0.463175 0.000912864
       19405        -0.6   -0.463182 0.000912844
       19406       -0.52   -0.463185 0.000912802
       19407       -0.52   -0.463188  0.00091276
       19408       -0.44   -0.463186 0.000912713
       19409       -0.36   -0.463181 0.000912682
       19410        -0.2   -0.463167 0.000912736
       19411       -0.52    -0.46317 0.000912693
       19412       -0.28   -0.463161 0.000912695
       19413       -0.52   -0.463164 0.000912653
       19414       -0.52   -0.463167  0.00091261
       19415       -0.44   -0.463166 0.000912564
       19416       -0.68   -0.463177 0.000912585
       19417       -0.52    -0.46318 0.000912543
       19418       -0.52   -0.463183 0.000912501
       19419       -0.68   -0.463194 0.000912522
       19420        -0.6   -0.463201 0.000912502
       19421       -0.52   -0.463204  0.00091246
       19422       -0.36   -0.463198 0.000912429
       19423       -0.36   -0.463193 0.000912397
       19424       -0.36   -0.463188 0.000912366
       19425       -0.36   -0.463182 0.000912334
       19426       -0.36   -0.463177 0.000912303
       19427       -0.52    -0.46318  0.00091226
       19428       -0.28   -0.463171 0.000912262
       19429       -0.52   -0.463174  0.00091222
       19430        -0.6   -0.463181   0.0009122
       19431        -0.6   -0.463188  0.00091218
       19432        -0.6   -0.463195 0.000912161
       19433       -0.52   -0.463198 0.000912118
       19434        -0.2   -0.463184 0.000912172
       19435        -0.6   -0.463191 0.000912152
       19436       -0.44    -0.46319 0.000912106
       19437       -0.36   -0.463185 0.000912074
       19438       -0.44   -0.463183 0.000912028
       19439       -0.36   -0.463178 0.000911997
       19440       -0.44   -0.463177 0.000911951
       19441       -0.68   -0.463188 0.000911972
       19442        -0.6   -0.463195 0.000911952
       19443       -0.28   -0.463186 0.000911954
       19444       -0.52   -0.463189 0.000911912
       19445       -0.44   -0.463187 0.000911866
       19446       -0.36   -0.463182 0.000911834
       19447       -0.44   -0.463181 0.000911788
       19448       -0.28   -0.463172  0.00091179
       19449       -0.36   -0.463166 0.000911758
       19450        -0.6   -0.463173 0.000911739
       19451       -0.44   -0.463172 0.000911693
       19452       -0.68   -0.463183 0.000911714
       19453       -0.44   -0.463182 0.000911668
       19454        -0.6   -0.463189 0.000911648
       19455       -0.52   -0.463192 0.000911606
       19456       -0.52   -0.463195 0.000911564
       19457       -0.52   -0.463198 0.000911521
       19458       -0.28   -0.463188 0.000911523
       19459       -0.36   -0.463183 0.000911492
       19460       -0.12   -0.463165 0.000911616
       19461       -0.52   -0.463168 0.000911573
       19462       -0.52   -0.463171 0.000911531
       19463       -0.52   -0.463174 0.000911489
       19464       -0.44   -0.463173 0.000911443
       19465        -0.6    -0.46318 0.000911423
       19466       -0.44   -0.463179 0.000911377
       19467       -0.12   -0.463161 0.000911501
       19468       -0.36   -0.463156  0.00091147
       19469       -0.44   -0.463155 0.000911424
       19470       -0.36   -0.463149 0.000911392
       19471        -0.6   -0.463156 0.000911372
       19472        -0.6   -0.463164 0.000911353
       19473       -0.36   -0.463158 0.000911321
       19474       -0.44   -0.463157 0.000911275
       19475       -0.36   -0.463152 0.000911244
       19476        -0.6   -0.463159 0.000911224
       19477        -0.6   -0.463166 0.000911204
       19478       -0.36    -0.46316 0.000911173
       19479       -0.52   -0.463163 0.000911131
       19480       -0.28   -0.463154 0.000911133
       19481        -0.6   -0.463161 0.000911113
       19482       -0.52   -0.463164 0.000911071
       19483       -0.36   -0.463159  0.00091104
       19484       -0.52   -0.463162 0.000910997
       19485       -0.36   -0.463156 0.000910966
       19486       -0.44   -0.463155  0.00091092
       19487       -0.36    -0.46315 0.000910889
       19488       -0.36   -0.463144 0.000910857
       19489       -0.52   -0.463147 0.000910815
       19490       -0.36   -0.463142 0.000910784
       19491       -0.52   -0.463145 0.000910742
       19492       -0.52   -0.463148   0.0009107
       19493        -0.6   -0.463155  0.00091068
       19494       -0.52   -0.463158 0.000910638
       19495       -0.44   -0.463157 0.000910592
       19496       -0.44   -0.463156 0.000910546
       19497        -0.6   -0.463163 0.000910527
       19498       -0.44   -0.463161 0.000910481
       19499       -0.52   -0.463164 0.000910439
       19500       -0.52   -0.463167 0.000910397
       19501       -0.36   -0.463162 0.000910365
       19502       -0.44   -0.463161 0.000910319
       19503       -0.36   -0.463155 0.000910288
       19504       -0.28   -0.463146  0.00091029
       19505       -0.44   -0.463145 0.000910244
       19506       -0.36    -0.46314 0.000910213
       19507        -0.6   -0.463147 0.000910193
       19508       -0.44   -0.463145 0.000910147
       19509       -0.36    -0.46314 0.000910116
       19510       -0.52   -0.463143 0.000910074
       19511       -0.68   -0.463154 0.000910095
       19512       -0.68   -0.463165 0.000910116
       19513       -0.52   -0.463168 0.000910074
       19514       -0.36   -0.463163 0.000910043
       19515       -0.44   -0.463162 0.000909997
       19516       -0.52   -0.463165 0.000909955
       19517       -0.52   -0.463167 0.000909913
       19518       -0.44   -0.463166 0.000909867
       19519       -0.52   -0.463169 0.000909825
       19520       -0.36   -0.463164 0.000909794
       19521       -0.36   -0.463159 0.000909763
       19522       -0.52   -0.463162 0.000909721
       19523        -0.6   -0.463169 0.000909701
       19524       -0.44   -0.463167 0.000909656
       19525       -0.52    -0.46317 0.000909614
       19526        -0.2   -0.463157 0.000909667
       19527       -0.44   -0.463156 0.000909621
       19528       -0.52   -0.463159 0.000909579
       19529       -0.28   -0.463149 0.000909581
       19530       -0.44   -0.463148 0.000909535
       19531       -0.28   -0.463139 0.000909537
       19532       -0.44   -0.463137 0.000909491
       19533       -0.44   -0.463136 0.000909445
       19534       -0.36   -0.463131 0.000909414
       19535       -0.52   -0.463134 0.000909372
       19536       -0.28   -0.463124 0.000909374
       19537        -0.2   -0.463111 0.000909427
       19538       -0.52   -0.463114 0.000909385
       19539       -0.36   -0.463109 0.000909354
       19540       -0.68    -0.46312 0.000909375
       19541        -0.6   -0.463127 0.000909356
       19542       -0.52    -0.46313 0.000909314
       19543        -0.6   -0.463137 0.000909294
       19544       -0.52    -0.46314 0.000909252
       19545       -0.44   -0.463138 0.000909207
       19546       -0.28   -0.463129 0.000909208
       19547       -0.36   -0.463124 0.000909177
       19548       -0.44   -0.463123 0.000909131
       19549       -0.44   -0.463121 0.000909086
       19550       -0.44    -0.46312  0.00090904
       19551       -0.36   -0.463115 0.000909009
       19552       -0.52   -0.463118 0.000908967
       19553       -0.52   -0.463121 0.000908925
       19554       -0.36   -0.463115 0.000908894
       19555       -0.44   -0.463114 0.000908848
       19556       -0.44   -0.463113 0.000908803
       19557       -0.68   -0.463124 0.000908824
       19558       -0.52   -0.463127 0.000908782
       19559       -0.44   -0.463126 0.000908736
       19560       -0.36   -0.463121 0.000908705
       19561       -0.44   -0.463119 0.000908659
       19562       -0.44   -0.463118 0.000908614
       19563       -0.44   -0.463117 0.000908568
       19564        -0.2   -0.463104 0.000908621
       19565       -0.28   -0.463094 0.000908623
       19566       -0.52   -0.463097 0.000908581
       19567       -0.68   -0.463108 0.000908602
       19568       -0.28   -0.463099 0.000908604
       19569       -0.36   -0.463094 0.000908573
       19570       -0.44   -0.463092 0.000908527
       19571       -0.52   -0.463095 0.000908485
       19572       -0.44   -0.463094  0.00090844
       19573       -0.52   -0.463097 0.000908398
       19574       -0.68   -0.463108 0.000908419
       19575        -0.6   -0.463115   0.0009084
       19576       -0.36    -0.46311 0.000908369
       19577       -0.44   -0.463109 0.000908323
       19578       -0.44   -0.463108 0.000908277
       19579       -0.44   -0.463106 0.000908232
       19580        -0.6   -0.463113 0.000908212
       19581        -0.6    -0.46312 0.000908193
       19582       -0.52   -0.463123 0.000908151
       19583        -0.2    -0.46311 0.000908204
       19584       -0.12   -0.463092 0.000908327
       19585       -0.04   -0.463071 0.000908537
       19586       -0.36   -0.463065 0.000908506
       19587       -0.52   -0.463068 0.000908464
       19588        -0.6   -0.463075 0.000908445
       19589       -0.36    -0.46307 0.000908414
       19590       -0.12   -0.463053 0.000908536
       19591       -0.36   -0.463047 0.000908505
       19592       -0.44   -0.463046 0.000908459
       19593       -0.68   -0.463057  0.00090848
       19594        -0.6   -0.463064 0.000908461
       19595       -0.52   -0.463067 0.000908419
       19596       -0.36   -0.463062 0.000908388
       19597       -0.44   -0.463061 0.000908342
       19598        -0.6   -0.463068 0.000908323
       19599        -0.6   -0.463075 0.000908304
       19600        -0.6   -0.463082 0.000908284
       19601       -0.44    -0.46308 0.000908238
       19602       -0.52   -0.463083 0.000908197
       19603       -0.44   -0.463082 0.000908151
       19604       -0.44   -0.463081 0.000908106
       19605       -0.52   -0.463084 0.000908064
       19606       -0.44   -0.463083 0.000908018
       19607       -0.52   -0.463086 0.000907977
       19608       -0.44   -0.463084 0.000907931
       19609       -0.52   -0.463087  0.00090789
       19610        -0.6   -0.463094  0.00090787
       19611       -0.44   -0.463093 0.000907825
       19612       -0.68   -0.463104 0.000907846
       19613        -0.6   -0.463111 0.000907826
       19614        -0.6   -0.463118 0.000907807
       19615       -0.52   -0.463121 0.000907765
       19616        -0.6   -0.463128 0.000907746
       19617       -0.36   -0.463123 0.000907715
       19618       -0.36   -0.463118 0.000907684
       19619       -0.44   -0.463116 0.000907638
       19620        -0.6   -0.463123 0.000907619
       19621        -0.6    -0.46313 0.000907599
       19622       -0.44   -0.463129 0.000907554
       19623       -0.68    -0.46314 0.000907575
       19624       -0.44   -0.463139 0.000907529
       19625       -0.44   -0.463138 0.000907484
       19626       -0.36   -0.463133 0.000907453
       19627        -0.6    -0.46314 0.000907433
       19628       -0.36   -0.463134 0.000907402
       19629       -0.36   -0.463129 0.000907371
       19630       -0.44   -0.463128 0.000907326
       19631        -0.6   -0.463135 0.000907306
       19632        -0.6   -0.463142 0.000907287
       19633       -0.68   -0.463153 0.000907308
       19634        -0.6    -0.46316 0.000907288
       19635        -0.6   -0.463167 0.000907269
       19636       -0.76   -0.463182 0.000907349
       19637       -0.52   -0.463185 0.000907307
       19638       -0.36    -0.46318 0.000907276
       19639       -0.28    -0.46317 0.000907278
       19640        -0.2   -0.463157 0.000907331
       19641        -0.6   -0.463164 0.000907311
       19642       -0.44   -0.463163 0.000907266
       19643       -0.36   -0.463157 0.000907235
       19644       -0.52    -0.46316 0.000907193
       19645       -0.44   -0.463159 0.000907148
       19646       -0.12   -0.463142  0.00090727
       19647       -0.36   -0.463136 0.000907239
       19648       -0.44   -0.463135 0.000907193
       19649       -0.28   -0.463126 0.000907195
       19650       -0.52   -0.463129 0.000907154
       19651       -0.36   -0.463124 0.000907123
       19652       -0.44   -0.463122 0.000907077
       19653       -0.36   -0.463117 0.000907046
       19654        -0.2   -0.463104 0.000907099
       19655       -0.44   -0.463103 0.000907053
       19656       -0.36   -0.463097 0.000907022
       19657       -0.52     -0.4631 0.000906981
       19658       -0.44   -0.463099 0.000906936
       19659       -0.36   -0.463094 0.000906905
       19660       -0.44   -0.463093 0.000906859
       19661       -0.44   -0.463091 0.000906814
       19662       -0.28   -0.463082 0.000906816
       19663       -0.36   -0.463077 0.000906785
       19664       -0.44   -0.463076 0.000906739
       19665       -0.52   -0.463079 0.000906698
       19666       -0.52   -0.463081 0.000906656
       19667       -0.28   -0.463072 0.000906658
       19668       -0.28   -0.463063  0.00090666
       19669       -0.52   -0.463066 0.000906618
       19670       -0.44   -0.463065 0.000906573
       19671       -0.44   -0.463063 0.000906527
       19672       -0.44   -0.463062 0.000906482
       19673       -0.52   -0.463065 0.000906441
       19674       -0.44   -0.463064 0.000906395
       19675       -0.44   -0.463063  0.00090635
       19676       -0.52   -0.463066 0.000906309
       19677       -0.52   -0.463069 0.000906267
       19678       -0.52   -0.463071 0.000906226
       19679       -0.36   -0.463066 0.000906195
       19680       -0.44   -0.463065  0.00090615
       19681        -0.6   -0.463072  0.00090613
       19682       -0.36   -0.463067 0.000906099
       19683       -0.28   -0.463057 0.000906101
       19684       -0.28   -0.463048 0.000906103
       19685       -0.52   -0.463051 0.000906061
       19686       -0.76   -0.463066 0.000906141
       19687       -0.44   -0.463065 0.000906096
       19688       -0.52   -0.463068 0.000906054
       19689       -0.36   -0.463063 0.000906023
       19690       -0.44   -0.463061 0.000905978
       19691       -0.36   -0.463056 0.000905947
       19692       -0.44   -0.463055 0.000905902
       19693       -0.44   -0.463054 0.000905857
       19694       -0.44   -0.463053 0.000905811
       19695        -0.6    -0.46306 0.000905792
       19696        -0.2   -0.463046 0.000905845
       19697       -0.36   -0.463041 0.000905814
       19698       -0.52   -0.463044 0.000905772
       19699       -0.52   -0.463047 0.000905731
       19700       -0.28   -0.463038 0.000905733
       19701       -0.52    -0.46304 0.000905691
       19702       -0.36   -0.463035  0.00090566
       19703       -0.52   -0.463038 0.000905619
       19704        -0.6   -0.463045   0.0009056
       19705       -0.52   -0.463048 0.000905558
       19706       -0.12   -0.463031  0.00090568
       19707       -0.52   -0.463033 0.000905638
       19708        -0.6    -0.46304 0.000905619
       19709       -0.44   -0.463039 0.000905574
       19710        -0.2   -0.463026 0.000905626
       19711       -0.28   -0.463017 0.000905628
       19712       -0.68   -0.463028 0.000905649
       19713        -0.6   -0.463035  0.00090563
       19714       -0.36   -0.463029 0.000905599
       19715       -0.44   -0.463028 0.000905554
       19716       -0.52   -0.463031 0.000905512
       19717       -0.28   -0.463022 0.000905514
       19718       -0.68   -0.463033 0.000905535
       19719       -0.52   -0.463036 0.000905494
       19720       -0.44   -0.463034 0.000905448
       19721       -0.52   -0.463037 0.000905407
       19722       -0.52    -0.46304 0.000905366
       19723       -0.68   -0.463051 0.000905387
       19724       -0.52   -0.463054 0.000905345
       19725       -0.44   -0.463053   0.0009053
       19726        -0.6    -0.46306 0.000905281
       19727        -0.6   -0.463067 0.000905262
       19728       -0.44   -0.463066 0.000905217
       19729        -0.6   -0.463073 0.000905197
       19730       -0.44   -0.463071 0.000905152
       19731       -0.36   -0.463066 0.000905121
       19732        -0.6   -0.463073 0.000905102
       19733        -0.6    -0.46308 0.000905083
       19734       -0.36   -0.463075 0.000905052
       19735       -0.36    -0.46307 0.000905021
       19736       -0.44   -0.463069 0.000904976
       19737       -0.36   -0.463063 0.000904945
       19738       -0.44   -0.463062   0.0009049
       19739       -0.52   -0.463065 0.000904859
       19740       -0.68   -0.463076  0.00090488
       19741        -0.6   -0.463083 0.000904861
       19742       -0.36   -0.463078  0.00090483
       19743       -0.52   -0.463081 0.000904789
       19744       -0.52   -0.463083 0.000904747
       19745       -0.68   -0.463094 0.000904768
       19746       -0.28   -0.463085  0.00090477
       19747       -0.52   -0.463088 0.000904729
       19748       -0.44   -0.463087 0.000904684
       19749       -0.44   -0.463086 0.000904639
       19750        -0.2   -0.463072 0.000904691
       19751       -0.44   -0.463071 0.000904646
       19752       -0.36   -0.463066 0.000904615
       19753       -0.52   -0.463069 0.000904574
       19754        -0.6   -0.463076 0.000904555
       19755       -0.52   -0.463079 0.000904513
       19756       -0.44   -0.463078 0.000904468
       19757       -0.44   -0.463076 0.000904423
       19758       -0.28   -0.463067 0.000904425
       19759       -0.28   -0.463058 0.000904427
       19760       -0.36   -0.463053 0.000904396
       19761       -0.52   -0.463056 0.000904355
       19762       -0.44   -0.463054  0.00090431
       19763       -0.36   -0.463049 0.000904279
       19764       -0.28    -0.46304 0.000904281
       19765       -0.12   -0.463023 0.000904402
       19766       -0.44   -0.463021 0.000904357
       19767       -0.28   -0.463012 0.000904358
       19768       -0.36   -0.463007 0.000904328
       19769        -0.6   -0.463014 0.000904308
       19770       -0.52   -0.463017 0.000904267
       19771        -0.6   -0.463024 0.000904248
       19772        -0.6   -0.463031 0.000904229
       19773       -0.44   -0.463029 0.000904184
       19774       -0.52   -0.463032 0.000904143
       19775       -0.52   -0.463035 0.000904102
       19776       -0.28   -0.463026 0.000904103
       19777       -0.36   -0.463021 0.000904073
       19778       -0.28   -0.463011 0.000904074
       19779       -0.36   -0.463006 0.000904043
       19780       -0.28   -0.462997 0.000904045
       19781       -0.44   -0.462996    0.000904
       19782       -0.52   -0.462999 0.000903959
       19783       -0.28   -0.462989 0.000903961
       19784       -0.44   -0.462988 0.000903916
       19785       -0.52   -0.462991 0.000903875
       19786       -0.36   -0.462986 0.000903844
       19787       -0.52   -0.462989 0.000903803
       19788       -0.44   -0.462988 0.000903758
       19789       -0.44   -0.462987 0.000903713
       19790       -0.52   -0.462989 0.000903672
       19791       -0.68      -0.463 0.000903693
       19792       -0.28   -0.462991 0.000903694
       19793       -0.36   -0.462986 0.000903664
       19794        -0.2   -0.462973 0.000903716
       19795        -0.2   -0.462959 0.000903768
       19796       -0.44   -0.462958 0.000903723
       19797       -0.28   -0.462949 0.000903724
       19798       -0.36   -0.462944 0.000903694
       19799       -0.28   -0.462934 0.000903695
       19800       -0.36   -0.462929 0.000903665
       19801       -0.36   -0.462924 0.000903634
       19802       -0.44   -0.462923 0.000903589
       19803       -0.52   -0.462926 0.000903548
       19804       -0.52   -0.462929 0.000903507
       19805       -0.36   -0.462924 0.000903476
       19806       -0.44   -0.462922 0.000903431
       19807       -0.36   -0.462917 0.000903401
       19808       -0.44   -0.462916 0.000903356
       19809       -0.52   -0.462919 0.000903315
       19810       -0.44   -0.462918  0.00090327
       19811       -0.44   -0.462917 0.000903225
       19812       -0.28   -0.462907 0.000903227
       19813        -0.6   -0.462914 0.000903208
       19814       -0.44   -0.462913 0.000903163
       19815       -0.44   -0.462912 0.000903118
       19816       -0.44   -0.462911 0.000903073
       19817       -0.44    -0.46291 0.000903028
       19818        -0.2   -0.462896  0.00090308
       19819       -0.44   -0.462895 0.000903035
       19820       -0.36    -0.46289 0.000903005
       19821       -0.28   -0.462881 0.000903006
       19822       -0.44    -0.46288 0.000902962
       19823        -0.6   -0.462887 0.000902942
       19824       -0.52   -0.462889 0.000902902
       19825        -0.6   -0.462896 0.000902882
       19826       -0.52   -0.462899 0.000902842
       19827        -0.6   -0.462906 0.000902822
       19828        -0.6   -0.462913 0.000902803
       19829        -0.6    -0.46292 0.000902784
       19830       -0.36   -0.462915 0.000902754
       19831       -0.44   -0.462914 0.000902709
       19832       -0.44   -0.462912 0.000902664
       19833       -0.52   -0.462915 0.000902623
       19834       -0.28   -0.462906 0.000902625
       19835       -0.44   -0.462905  0.00090258
       19836        -0.6   -0.462912 0.000902561
       19837       -0.36   -0.462907  0.00090253
       19838       -0.44   -0.462906 0.000902486
       19839       -0.28   -0.462896 0.000902487
       19840       -0.52   -0.462899 0.000902446
       19841        -0.2   -0.462886 0.000902498
       19842        -0.6   -0.462893 0.000902479
       19843       -0.44   -0.462892 0.000902434
       19844       -0.28   -0.462882 0.000902436
       19845       -0.36   -0.462877 0.000902405
       19846       -0.28   -0.462868 0.000902407
       19847       -0.52   -0.462871 0.000902366
       19848       -0.44    -0.46287 0.000902321
       19849       -0.44   -0.462869 0.000902277
       19850       -0.36   -0.462863 0.000902246
       19851       -0.68   -0.462874 0.000902267
       19852        -0.6   -0.462881 0.000902248
       19853       -0.36   -0.462876 0.000902217
       19854       -0.44   -0.462875 0.000902173
       19855       -0.44   -0.462874 0.000902128
       19856       -0.36   -0.462869 0.000902097
       19857       -0.04   -0.462847 0.000902303
       19858       -0.44   -0.462846 0.000902259
       19859       -0.52   -0.462849 0.000902218
       19860       -0.52   -0.462852 0.000902177
       19861       -0.68   -0.462863 0.000902198
       19862        -0.6    -0.46287 0.000902179
       19863       -0.52   -0.462873 0.000902138
       19864       -0.52   -0.462876 0.000902097
       19865       -0.68   -0.462886 0.000902118
       19866       -0.36   -0.462881 0.000902087
       19867       -0.36   -0.462876 0.000902057
       19868       -0.44   -0.462875 0.000902012
       19869       -0.68   -0.462886 0.000902033
       19870       -0.68   -0.462897 0.000902054
       19871       -0.52     -0.4629 0.000902013
       19872       -0.44   -0.462899 0.000901968
       19873       -0.52   -0.462901 0.000901927
       19874       -0.52   -0.462904 0.000901887
       19875       -0.44   -0.462903 0.000901842
       19876       -0.36   -0.462898 0.000901811
       19877       -0.36   -0.462893 0.000901781
       19878       -0.36   -0.462888  0.00090175
       19879       -0.44   -0.462886 0.000901706
       19880        -0.6   -0.462893 0.000901687
       19881       -0.68   -0.462904 0.000901708
       19882        -0.6   -0.462911 0.000901689
       19883       -0.52   -0.462914 0.000901648
       19884       -0.36   -0.462909 0.000901617
       19885       -0.44   -0.462908 0.000901573
       19886       -0.36   -0.462903 0.000901542
       19887       -0.52   -0.462905 0.000901501
       19888       -0.36     -0.4629 0.000901471
       19889       -0.52   -0.462903  0.00090143
       19890       -0.36   -0.462898   0.0009014
       19891       -0.52   -0.462901 0.000901359
       19892       -0.44     -0.4629 0.000901314
       19893       -0.44   -0.462899  0.00090127
       19894       -0.36   -0.462893 0.000901239
       19895       -0.52   -0.462896 0.000901199
       19896       -0.36   -0.462891 0.000901168
       19897       -0.44    -0.46289 0.000901124
       19898       -0.52   -0.462893 0.000901083
       19899       -0.28   -0.462884 0.000901085
       19900       -0.36   -0.462878 0.000901054
       19901       -0.36   -0.462873 0.000901024
       19902       -0.44   -0.462872 0.000900979
       19903       -0.52   -0.462875 0.000900938
       19904       -0.52   -0.462878 0.000900898
       19905       -0.28   -0.462869 0.000900899
       19906       -0.28   -0.462859 0.000900901
       19907       -0.44   -0.462858 0.000900856
       19908       -0.52   -0.462861 0.000900816
       19909       -0.44    -0.46286 0.000900771
       19910       -0.12   -0.462843 0.000900891
       19911        -0.2    -0.46283 0.000900942
       19912       -0.44   -0.462828 0.000900897
       19913       -0.76   -0.462843 0.000900976
       19914       -0.68   -0.462854 0.000900997
       19915        -0.6   -0.462861 0.000900978
       19916        -0.6   -0.462868 0.000900959
       19917       -0.52   -0.462871 0.000900918
       19918       -0.52   -0.462874 0.000900877
       19919       -0.52   -0.462877 0.000900837
       19920       -0.44   -0.462876 0.000900792
       19921       -0.28   -0.462866 0.000900794
       19922       -0.44   -0.462865 0.000900749
       19923        -0.6   -0.462872  0.00090073
       19924       -0.28   -0.462863 0.000900732
       19925       -0.44   -0.462862 0.000900687
       19926       -0.36   -0.462857 0.000900657
       19927       -0.52   -0.462859 0.000900616
       19928       -0.28    -0.46285 0.000900618
       19929       -0.44   -0.462849 0.000900574
       19930        -0.6   -0.462856 0.000900555
       19931       -0.44   -0.462855  0.00090051
       19932       -0.44   -0.462854 0.000900466
       19933        -0.6   -0.462861 0.000900447
       19934       -0.52   -0.462863 0.000900406
       19935       -0.52   -0.462866 0.000900366
       19936       -0.52   -0.462869 0.000900325
       19937       -0.44   -0.462868 0.000900281
       19938       -0.28   -0.462859 0.000900282
       19939       -0.44   -0.462858 0.000900238
       19940       -0.52   -0.462861 0.000900197
       19941       -0.36   -0.462855 0.000900167
       19942       -0.52   -0.462858 0.000900126
       19943       -0.52   -0.462861 0.000900086
       19944        -0.6   -0.462868 0.000900067
       19945       -0.52   -0.462871 0.000900026
       19946       -0.68   -0.462882 0.000900047
       19947       -0.52   -0.462885 0.000900006
       19948        -0.2   -0.462871 0.000900058
       19949       -0.12   -0.462854 0.000900177
       19950        -0.6   -0.462861 0.000900158
       19951       -0.44    -0.46286 0.000900113
       19952       -0.52   -0.462863 0.000900073
       19953        -0.6    -0.46287 0.000900054
       19954       -0.36   -0.462865 0.000900024
       19955       -0.52   -0.462867 0.000899983
       19956       -0.52    -0.46287 0.000899943
       19957       -0.44   -0.462869 0.000899898
       19958       -0.36   -0.462864 0.000899868
       19959       -0.44   -0.462863 0.000899824
       19960       -0.68   -0.462874 0.000899844
       19961       -0.76   -0.462889 0.000899922
       19962       -0.52   -0.462891 0.000899882
       19963       -0.76   -0.462906  0.00089996
       19964       -0.44   -0.462905 0.000899915
       19965       -0.44   -0.462904 0.000899871
       19966       -0.68   -0.462915 0.000899892
       19967       -0.52   -0.462918 0.000899851
       19968        -0.6   -0.462925 0.000899832
       19969       -0.68   -0.462936 0.000899853
       19970       -0.44   -0.462934 0.000899808
       19971       -0.68   -0.462945 0.000899829
       19972       -0.36    -0.46294 0.000899799
       19973       -0.28   -0.462931   0.0008998
       19974        -0.6   -0.462938 0.000899781
       19975       -0.36   -0.462933 0.000899751
       19976       -0.28   -0.462924 0.000899753
       19977       -0.44   -0.462922 0.000899708
       19978       -0.44   -0.462921 0.000899664
       19979       -0.36   -0.462916 0.000899634
       19980        -0.6   -0.462923 0.000899615
       19981       -0.52   -0.462926 0.000899574
       19982       -0.36   -0.462921 0.000899544
       19983       -0.44   -0.462919   0.0008995
       19984       -0.36   -0.462914  0.00089947
       19985       -0.44   -0.462913 0.000899425
       19986       -0.44   -0.462912 0.000899381
       19987       -0.68   -0.462923 0.000899402
       19988       -0.44   -0.462922 0.000899357
       19989        -0.6   -0.462929 0.000899339
       19990       -0.52   -0.462931 0.000899298
       19991       -0.52   -0.462934 0.000899258
       19992       -0.44   -0.462933 0.000899213
       19993        -0.6    -0.46294 0.000899195
       19994       -0.36   -0.462935 0.000899164
       19995        -0.2   -0.462922 0.000899216
       19996       -0.36   -0.462917 0.000899185
       19997       -0.52   -0.462919 0.000899145
       19998       -0.76   -0.462934 0.000899223
       19999       -0.36   -0.462929 0.000899192
       20000        -0.6   -0.462936 0.000899174
