#     BLOCK:   ACTUAL_TE:    TE_AVE:      ERROR:
           1       -0.36       -0.36           0
           2        -0.6       -0.48   0.0848528
           3       -0.68   -0.546667   0.0785045
           4       -0.52       -0.54   0.0591608
           5       -0.44       -0.52   0.0505964
           6       -0.44   -0.506667   0.0438854
           7       -0.52   -0.508571   0.0376573
           8        -0.6       -0.52    0.034641
           9       -0.44   -0.511111   0.0319121
          10       -0.36      -0.496   0.0320998
          11       -0.36   -0.483636   0.0314727
          12        -0.6   -0.493333   0.0303071
          13       -0.44   -0.489231   0.0282521
          14       -0.44   -0.485714    0.026452
          15       -0.36   -0.477333   0.0259823
          16        -0.6      -0.485   0.0254644
          17       -0.52   -0.487059   0.0240496
          18       -0.44   -0.484444   0.0228552
          19       -0.44   -0.482105   0.0217717
          20       -0.52      -0.484   0.0207654
          21       -0.52   -0.485714   0.0198472
          22       -0.52   -0.487273   0.0190061
          23       -0.44   -0.485217   0.0182906
          24       -0.52   -0.486667   0.0175858
          25       -0.68     -0.4944   0.0185047
          26       -0.44   -0.492308   0.0179109
          27       -0.44    -0.49037    0.017352
          28       -0.36   -0.485714   0.0173457
          29       -0.44   -0.484138   0.0168191
          30       -0.44   -0.482667   0.0163227
          31       -0.44    -0.48129   0.0158541
          32       -0.68     -0.4875     0.01653
          33       -0.52   -0.488485   0.0160584
          34        -0.6   -0.491765   0.0159176
          35       -0.44   -0.490286   0.0155313
          36       -0.68   -0.495556   0.0159689
          37       -0.44   -0.494054   0.0156078
          38       -0.28   -0.488421   0.0161816
          39       -0.52   -0.489231    0.015787
          40       -0.68      -0.494   0.0160966
          41        -0.6   -0.496585   0.0159103
          42        -0.6   -0.499048   0.0157208
          43        -0.6   -0.501395   0.0155295
          44       -0.36   -0.498182   0.0155055
          45       -0.44   -0.496889   0.0152147
          46       -0.44   -0.495652   0.0149342
          47       -0.36   -0.492766   0.0148927
          48       -0.52   -0.493333   0.0145933
          49       -0.44   -0.492245    0.014336
          50       -0.36     -0.4896   0.0142911
          51       -0.36   -0.487059   0.0142351
          52       -0.44   -0.486154     0.01399
          53       -0.36   -0.483774   0.0139271
          54       -0.36   -0.481481   0.0138565
          55       -0.36   -0.479273   0.0137795
          56       -0.52       -0.48   0.0135526
          57       -0.28   -0.476491   0.0137616
          58        -0.6   -0.478621   0.0136881
          59       -0.44   -0.477966   0.0134717
          60       -0.44   -0.477333    0.013262
          61       -0.52   -0.478033   0.0130631
          62       -0.36   -0.476129   0.0129903
          63       -0.44   -0.475556   0.0127968
          64       -0.28     -0.4725   0.0129565
          65       -0.36   -0.470769   0.0128723
          66       -0.52   -0.471515   0.0126988
          67       -0.44   -0.471045    0.012518
          68       -0.52   -0.471765   0.0123546
          69        -0.6   -0.473623   0.0123145
          70       -0.36      -0.472   0.0122451
          71       -0.44   -0.471549   0.0120809
          72       -0.44   -0.471111   0.0119211
          73       -0.52   -0.471781   0.0117766
          74        -0.6   -0.473514   0.0117442
          75       -0.36      -0.472   0.0116847
          76       -0.36   -0.470526   0.0116236
          77       -0.44    -0.47013   0.0114794
          78       -0.52   -0.470769     0.01135
          79       -0.44    -0.47038    0.011213
          80       -0.44       -0.47   0.0110793
          81       -0.44    -0.46963   0.0109487
          82       -0.28   -0.467317   0.0110567
          83       -0.52   -0.467952   0.0109417
          84       -0.44   -0.467619   0.0108165
          85       -0.44   -0.467294   0.0106941
          86       -0.68   -0.469767    0.010852
          87       -0.28   -0.467586   0.0109443
          88       -0.28   -0.465455   0.0110255
          89       -0.44   -0.465169   0.0109054
          90       -0.36      -0.464   0.0108466
          91       -0.52   -0.464615   0.0107449
          92       -0.52   -0.465217   0.0106449
          93       -0.44   -0.464946   0.0105339
          94       -0.36    -0.46383   0.0104809
          95        -0.2   -0.461053   0.0107322
          96       -0.52   -0.461667   0.0106379
          97       -0.76   -0.464742   0.0109639
          98        -0.6   -0.466122   0.0109385
          99       -0.44   -0.465859   0.0108312
         100       -0.36     -0.4648   0.0107745
         101       -0.28    -0.46297   0.0108221
         102       -0.36   -0.461961   0.0107629
         103       -0.44   -0.461748   0.0106606
         104       -0.52   -0.462308   0.0105728
         105       -0.36   -0.461333   0.0105169
         106       -0.44   -0.461132   0.0104196
         107       -0.36   -0.460187    0.010365
         108       -0.52   -0.460741   0.0102838
         109       -0.36   -0.459817   0.0102309
         110        -0.2   -0.457455    0.010407
         111        -0.6   -0.458739   0.0103921
         112        -0.6       -0.46   0.0103756
         113       -0.36   -0.459115   0.0103215
         114        -0.6   -0.460351   0.0103046
         115       -0.44   -0.460174   0.0102165
         116        -0.6   -0.461379   0.0101993
         117       -0.52    -0.46188   0.0101245
         118       -0.28   -0.460339   0.0101553
         119       -0.36   -0.459496   0.0101049
         120       -0.44   -0.459333    0.010022
         121       -0.28   -0.457851   0.0100482
         122       -0.36   -0.457049  0.00999777
         123       -0.12   -0.454309   0.0102852
         124       -0.44   -0.454194   0.0102029
         125       -0.52    -0.45472   0.0101348
         126        -0.2   -0.452698    0.010254
         127       -0.28   -0.451339   0.0102631
         128       -0.52   -0.451875   0.0101969
         129       -0.36   -0.451163   0.0101427
         130       -0.44   -0.451077    0.010065
         131        -0.6   -0.452214   0.0100522
         132       -0.68   -0.453939   0.0101231
         133       -0.36   -0.453233   0.0100716
         134        -0.6   -0.454328   0.0100558
         135       -0.52   -0.454815  0.00999306
         136        -0.6   -0.455882  0.00997644
         137        -0.6   -0.456934  0.00995892
         138       -0.44   -0.456812  0.00988751
         139       -0.28    -0.45554  0.00989786
         140       -0.68   -0.457143  0.00995617
         141       -0.36   -0.456454  0.00990937
         142        -0.6   -0.457465  0.00989101
         143        -0.6   -0.458462  0.00987194
         144        -0.6   -0.459444   0.0098522
         145       -0.44    -0.45931  0.00978516
         146       -0.44   -0.459178  0.00971903
         147       -0.76   -0.461224  0.00986601
         148       -0.52   -0.461622  0.00980734
         149       -0.52   -0.462013  0.00974934
         150       -0.52     -0.4624    0.009692
         151       -0.68   -0.463841  0.00973436
         152       -0.68   -0.465263  0.00977364
         153        -0.6   -0.466144  0.00974936
         154       -0.68   -0.467532  0.00978445
         155       -0.36   -0.466839  0.00974589
         156        -0.6   -0.467692  0.00972072
         157       -0.44   -0.467516  0.00966041
         158        -0.6   -0.468354  0.00963559
         159        -0.6   -0.469182  0.00961049
         160       -0.36     -0.4685  0.00957462
         161       -0.68   -0.469814  0.00960485
         162        -0.6   -0.470617  0.00957912
         163       -0.44   -0.470429   0.0095222
         164       -0.36   -0.469756  0.00948791
         165       -0.36   -0.469091   0.0094537
         166       -0.28   -0.467952  0.00946513
         167       -0.44   -0.467784  0.00940993
         168       -0.52   -0.468095  0.00935905
         169       -0.44   -0.467929  0.00930515
         170       -0.52   -0.468235  0.00925545
         171       -0.52   -0.468538  0.00920627
         172        -0.6   -0.469302  0.00918442
         173        -0.6   -0.470058  0.00916235
         174       -0.44   -0.469885  0.00911132
         175       -0.68   -0.471086  0.00913802
         176       -0.68   -0.472273  0.00916287
         177       -0.68   -0.473446  0.00918596
         178       -0.36   -0.472809  0.00915643
         179       -0.44   -0.472626  0.00910712
         180       -0.44   -0.472444  0.00905832
         181       -0.36   -0.471823  0.00902956
         182       -0.44   -0.471648  0.00898164
         183       -0.44   -0.471475  0.00893422
         184       -0.28   -0.470435  0.00894606
         185       -0.44    -0.47027  0.00889922
         186       -0.36   -0.469677   0.0088711
         187       -0.52   -0.469947  0.00882774
         188       -0.44   -0.469787  0.00878222
         189       -0.36   -0.469206  0.00875494
         190       -0.36   -0.468632  0.00872771
         191       -0.44   -0.468482  0.00868331
         192       -0.28     -0.4675  0.00869339
         193       -0.52   -0.467772   0.0086526
         194       -0.44   -0.467629  0.00860919
         195       -0.44   -0.467487   0.0085662
         196        -0.6   -0.468163  0.00854914
         197       -0.28   -0.467208  0.00855893
         198       -0.36   -0.466667  0.00853281
         199       -0.28   -0.465729  0.00854134
         200       -0.28     -0.4648  0.00854896
         201       -0.36   -0.464279  0.00852232
         202       -0.44   -0.464158  0.00848098
         203       -0.52   -0.464433  0.00844366
         204       -0.36   -0.463922  0.00841777
         205       -0.44   -0.463805  0.00837752
         206        -0.6   -0.464466   0.0083629
         207       -0.44   -0.464348  0.00832333
         208       -0.52   -0.464615  0.00828762
         209       -0.44   -0.464498   0.0082488
         210       -0.52   -0.464762  0.00821375
         211       -0.44   -0.464645  0.00817566
         212       -0.36   -0.464151  0.00815198
         213       -0.28   -0.463286  0.00815943
         214       -0.36   -0.462804  0.00813556
         215       -0.52    -0.46307  0.00810207
         216       -0.44   -0.462963  0.00806527
         217       -0.36   -0.462488  0.00804204
         218        -0.6   -0.463119  0.00802985
         219       -0.28   -0.462283  0.00803661
         220       -0.52   -0.462545  0.00800436
         221       -0.36   -0.462081  0.00798158
         222       -0.44   -0.461982  0.00794624
         223       -0.52   -0.462242  0.00791487
         224       -0.44   -0.462143  0.00788016
         225       -0.52     -0.4624  0.00784933
         226       -0.44   -0.462301  0.00781522
         227       -0.52   -0.462555  0.00778493
         228       -0.44   -0.462456  0.00775141
         229       -0.36   -0.462009  0.00773046
         230       -0.52   -0.462261  0.00770096
         231       -0.36   -0.461818  0.00768034
         232       -0.44   -0.461724  0.00764781
         233       -0.68   -0.462661  0.00767215
         234       -0.36   -0.462222  0.00765189
         235       -0.52   -0.462468  0.00762328
         236       -0.36   -0.462034  0.00760333
         237       -0.44   -0.461941  0.00757182
         238        -0.6   -0.462521  0.00756219
         239       -0.44   -0.462427  0.00753114
         240       -0.52   -0.462667  0.00750358
         241        -0.6   -0.463237  0.00749405
         242       -0.52   -0.463471  0.00746675
         243       -0.44   -0.463374  0.00743665
         244       -0.52   -0.463607  0.00740979
         245        -0.6   -0.464163  0.00740043
         246       -0.52    -0.46439  0.00737383
         247       -0.68   -0.465263  0.00739546
         248       -0.68   -0.466129  0.00741616
         249       -0.52   -0.466345  0.00738953
         250       -0.76    -0.46752  0.00745274
         251       -0.44    -0.46741  0.00742386
         252       -0.52   -0.467619  0.00739733
         253       -0.36   -0.467194  0.00738031
         254       -0.36   -0.466772  0.00736331
         255        -0.6   -0.467294  0.00735295
         256       -0.68   -0.468125  0.00737102
         257        -0.6   -0.468638  0.00736018
         258       -0.44   -0.468527  0.00733249
         259       -0.44   -0.468417  0.00730501
         260       -0.44   -0.468308  0.00727773
         261       -0.52   -0.468506  0.00725254
         262       -0.52   -0.468702  0.00722752
         263       -0.36   -0.468289  0.00721185
         264        -0.2   -0.467273  0.00725578
         265       -0.68   -0.468075  0.00727267
         266       -0.68   -0.468872  0.00728883
         267       -0.68   -0.469663   0.0073043
         268       -0.52   -0.469851  0.00727946
         269        -0.6   -0.470335  0.00726846
         270        -0.6   -0.470815  0.00725739
         271        -0.6   -0.471292  0.00724625
         272       -0.12       -0.47   0.0073338
         273       -0.36   -0.469597    0.007318
         274       -0.52   -0.469781   0.0072936
         275       -0.36   -0.469382  0.00727799
         276       -0.44   -0.469275   0.0072524
         277        -0.6   -0.469747  0.00724156
         278       -0.52   -0.469928  0.00721777
         279       -0.44   -0.469821  0.00719269
         280       -0.28   -0.469143  0.00719888
         281        -0.6   -0.469609  0.00718831
         282       -0.44   -0.469504  0.00716359
         283       -0.52   -0.469682   0.0071405
         284       -0.44   -0.469577  0.00711612
         285       -0.36   -0.469193  0.00710153
         286       -0.36   -0.468811  0.00708695
         287       -0.44   -0.468711  0.00706297
         288       -0.36   -0.468333  0.00704853
         289       -0.44   -0.468235  0.00702482
         290       -0.36   -0.467862   0.0070105
         291       -0.36   -0.467491   0.0069962
         292       -0.52   -0.467671  0.00697455
         293        -0.6   -0.468123  0.00696536
         294       -0.52   -0.468299   0.0069439
         295       -0.28   -0.467661  0.00694964
         296       -0.44   -0.467568  0.00692679
         297       -0.36   -0.467205  0.00691293
         298       -0.52   -0.467383    0.006892
         299       -0.52   -0.467559  0.00687119
         300       -0.44   -0.467467   0.0068489
         301       -0.44   -0.467375  0.00682676
         302       -0.44   -0.467285  0.00680476
         303       -0.52   -0.467459  0.00678452
         304       -0.52   -0.467632   0.0067644
         305       -0.36   -0.467279  0.00675142
         306       -0.52   -0.467451  0.00673156
         307       -0.52   -0.467622  0.00671181
         308       -0.76   -0.468571  0.00675681
         309       -0.68   -0.469256   0.0067695
         310       -0.52   -0.469419  0.00674964
         311       -0.68   -0.470096  0.00676182
         312       -0.52   -0.470256  0.00674204
         313       -0.44    -0.47016  0.00672119
         314       -0.28   -0.469554  0.00672701
         315       -0.36   -0.469206  0.00671464
         316       -0.36   -0.468861  0.00670228
         317        -0.6   -0.469274  0.00669389
         318       -0.44   -0.469182  0.00667348
         319       -0.52   -0.469342  0.00665446
         320        -0.6    -0.46975  0.00664618
         321       -0.68   -0.470405  0.00665767
         322       -0.68   -0.471056  0.00666874
         323       -0.68   -0.471703  0.00667939
         324        -0.6   -0.472099   0.0066705
         325       -0.36   -0.471754  0.00665889
         326       -0.52   -0.471902  0.00664011
         327       -0.52   -0.472049  0.00662143
         328       -0.52   -0.472195  0.00660286
         329       -0.36   -0.471854  0.00659159
         330        -0.6   -0.472242  0.00658304
         331       -0.04   -0.470937  0.00669142
         332       -0.52   -0.471084   0.0066729
         333       -0.28   -0.470511  0.00667749
         334       -0.36    -0.47018  0.00666569
         335       -0.36   -0.469851   0.0066539
         336       -0.36   -0.469524  0.00664212
         337       -0.28   -0.468961  0.00664618
         338       -0.52   -0.469112  0.00662823
         339       -0.52   -0.469263  0.00661038
         340        -0.6   -0.469647  0.00660211
         341        -0.6   -0.470029  0.00659381
         342       -0.52   -0.470175  0.00657615
         343       -0.44   -0.470087  0.00655756
         344       -0.36   -0.469767   0.0065463
         345       -0.36   -0.469449  0.00653506
         346       -0.36   -0.469133  0.00652382
         347       -0.68   -0.469741  0.00653326
         348        -0.6   -0.470115   0.0065252
         349       -0.52   -0.470258  0.00650807
         350       -0.36   -0.469943  0.00649709
         351       -0.52   -0.470085  0.00648015
         352       -0.36   -0.469773  0.00646928
         353       -0.28   -0.469235  0.00647325
         354        -0.6   -0.469605   0.0064655
         355       -0.36   -0.469296  0.00645465
         356       -0.52   -0.469438  0.00643809
         357       -0.52    -0.46958  0.00642162
         358       -0.52   -0.469721  0.00640522
         359       -0.36   -0.469415  0.00639467
         360       -0.52   -0.469556  0.00637845
         361       -0.52   -0.469695  0.00636231
         362       -0.52   -0.469834  0.00634625
         363       -0.52   -0.469972  0.00633028
         364        -0.6    -0.47033  0.00632296
         365        -0.6   -0.470685  0.00631561
         366        -0.6   -0.471038  0.00630823
         367        -0.6    -0.47139  0.00630082
         368       -0.52   -0.471522  0.00628508
         369       -0.36    -0.47122  0.00627531
         370        -0.6   -0.471568  0.00626799
         371       -0.52   -0.471698  0.00625246
         372       -0.52   -0.471828    0.006237
         373       -0.52   -0.471957  0.00622161
         374       -0.44   -0.471872  0.00620556
         375       -0.44   -0.471787   0.0061896
         376       -0.52   -0.471915  0.00617447
         377        -0.6   -0.472255  0.00616743
         378       -0.36   -0.471958  0.00615826
         379       -0.28   -0.471451   0.0061628
         380       -0.36   -0.471158  0.00615356
         381       -0.52   -0.471286  0.00613874
         382       -0.44   -0.471204  0.00612322
         383       -0.36   -0.470914  0.00611411
         384       -0.36   -0.470625  0.00610501
         385       -0.28    -0.47013   0.0061092
         386       -0.28   -0.469637  0.00611319
         387       -0.28   -0.469147    0.006117
         388       -0.52   -0.469278  0.00610264
         389       -0.52   -0.469409  0.00608835
         390       -0.52   -0.469538  0.00607412
         391       -0.44   -0.469463  0.00605905
         392        -0.6   -0.469796  0.00605274
         393        -0.6   -0.470127   0.0060464
         394        -0.6   -0.470457  0.00604003
         395       -0.52   -0.470582  0.00602604
         396       -0.76   -0.471313  0.00605498
         397       -0.76    -0.47204  0.00608324
         398        -0.6   -0.472362  0.00607644
         399        -0.6   -0.472682  0.00606963
         400       -0.52     -0.4728  0.00605561
         401       -0.44   -0.472718  0.00604106
         402       -0.36   -0.472438  0.00603254
         403       -0.44   -0.472357   0.0060181
         404       -0.44   -0.472277  0.00600374
         405       -0.52   -0.472395  0.00599007
         406       -0.44   -0.472315  0.00597585
         407       -0.28   -0.471843  0.00597982
         408       -0.44   -0.471765  0.00596567
         409       -0.44   -0.471687  0.00595159
         410       -0.52   -0.471805  0.00593824
         411       -0.52   -0.471922  0.00592495
         412       -0.28   -0.471456  0.00592886
         413        -0.2   -0.470799  0.00595082
         414       -0.36   -0.470531  0.00594246
         415       -0.44   -0.470458   0.0059286
         416       -0.28       -0.47    0.005932
         417       -0.52    -0.47012  0.00591899
         418        -0.6   -0.470431  0.00591297
         419       -0.76   -0.471122  0.00593911
         420       -0.76    -0.47181  0.00596467
         421       -0.44   -0.471734  0.00595098
         422       -0.44   -0.471659  0.00593735
         423       -0.44   -0.471584  0.00592379
         424       -0.36   -0.471321  0.00591566
         425       -0.36   -0.471059  0.00590753
         426       -0.36   -0.470798  0.00589942
         427       -0.44   -0.470726  0.00588604
         428        -0.2   -0.470093  0.00590618
         429        -0.2   -0.469464  0.00592587
         430        -0.2   -0.468837  0.00594513
         431       -0.44    -0.46877  0.00593172
         432       -0.44   -0.468704  0.00591836
         433       -0.28   -0.468268  0.00592071
         434        -0.6   -0.468571  0.00591485
         435       -0.52    -0.46869  0.00590243
         436       -0.52   -0.468807  0.00589007
         437       -0.44   -0.468741  0.00587696
         438        -0.6   -0.469041  0.00587118
         439        -0.6   -0.469339  0.00586538
         440       -0.44   -0.469273  0.00585242
         441       -0.44   -0.469206  0.00583953
         442        -0.6   -0.469502  0.00583381
         443       -0.44   -0.469436  0.00582102
         444       -0.52    -0.46955  0.00580903
         445       -0.44   -0.469483  0.00579635
         446       -0.52   -0.469596  0.00578446
         447       -0.36   -0.469351  0.00577671
         448        -0.6   -0.469643  0.00577118
         449       -0.68   -0.470111  0.00577731
         450       -0.36   -0.469867  0.00576965
         451       -0.28   -0.469446  0.00577219
         452       -0.52   -0.469558  0.00576051
         453       -0.52   -0.469669  0.00574887
         454       -0.44   -0.469604  0.00573658
         455       -0.52   -0.469714  0.00572504
         456       -0.68   -0.470175  0.00573103
         457       -0.44   -0.470109  0.00571887
         458       -0.44   -0.470044  0.00570676
         459       -0.44   -0.469978   0.0056947
         460       -0.68   -0.470435  0.00570059
         461        -0.6   -0.470716  0.00569515
         462       -0.36   -0.470476  0.00568786
         463       -0.28   -0.470065  0.00569044
         464       -0.12    -0.46931  0.00572797
         465       -0.28   -0.468903   0.0057301
         466       -0.28   -0.468498  0.00573212
         467       -0.36   -0.468266  0.00572456
         468       -0.44   -0.468205  0.00571264
         469       -0.52   -0.468316  0.00570153
         470        -0.6   -0.468596  0.00569628
         471       -0.52   -0.468705  0.00568523
         472       -0.52   -0.468814  0.00567422
         473       -0.44   -0.468753  0.00566255
         474       -0.36   -0.468523  0.00565525
         475       -0.52   -0.468632  0.00564439
         476       -0.52   -0.468739  0.00563356
         477       -0.36   -0.468512  0.00562636
         478       -0.36   -0.468285  0.00561917
         479       -0.52   -0.468392  0.00560847
         480       -0.44   -0.468333   0.0055971
         481        -0.6   -0.468607  0.00559215
         482       -0.44   -0.468548  0.00558087
         483       -0.52   -0.468654  0.00557033
         484       -0.52    -0.46876  0.00555983
         485       -0.36   -0.468536  0.00555289
         486       -0.44   -0.468477  0.00554177
         487       -0.44   -0.468419   0.0055307
         488       -0.36   -0.468197  0.00552383
         489       -0.44   -0.468139  0.00551283
         490       -0.28   -0.467755  0.00551494
         491       -0.44   -0.467699    0.005504
         492       -0.52   -0.467805  0.00549383
         493       -0.36   -0.467586  0.00548704
         494       -0.68   -0.468016  0.00549276
         495        -0.6   -0.468283  0.00548813
         496       -0.44   -0.468226  0.00547736
         497        -0.2   -0.467686  0.00549286
         498       -0.36    -0.46747  0.00548609
         499       -0.44   -0.467415  0.00547537
         500        -0.6    -0.46768  0.00547083
         501       -0.44   -0.467625  0.00546019
         502       -0.36    -0.46741  0.00545352
         503       -0.36   -0.467197  0.00544686
         504       -0.52   -0.467302  0.00543706
         505       -0.44   -0.467248  0.00542656
         506       -0.44   -0.467194  0.00541611
         507       -0.12   -0.466509  0.00544854
         508       -0.44   -0.466457  0.00543807
         509        -0.6   -0.466719  0.00543371
         510       -0.52   -0.466824  0.00542406
         511       -0.36   -0.466614  0.00541747
         512       -0.28    -0.46625  0.00541914
         513       -0.44   -0.466199  0.00540882
         514        -0.6   -0.466459  0.00540455
         515       -0.28   -0.466097  0.00540617
         516       -0.52   -0.466202  0.00539671
         517        -0.2   -0.465687  0.00541077
         518       -0.52   -0.465792  0.00540134
         519       -0.52   -0.465896  0.00539195
         520       -0.52      -0.466  0.00538258
         521       -0.52   -0.466104  0.00537325
         522       -0.44   -0.466054  0.00536319
         523       -0.52   -0.466157  0.00535392
         524       -0.36   -0.465954  0.00534754
         525       -0.52   -0.466057  0.00533834
         526       -0.44   -0.466008  0.00532842
         527       -0.76   -0.466565  0.00534744
         528        -0.6   -0.466818  0.00534328
         529       -0.44   -0.466767  0.00533342
         530       -0.44   -0.466717  0.00532359
         531       -0.44   -0.466667  0.00531381
         532       -0.52   -0.466767  0.00530476
         533       -0.44   -0.466717  0.00529505
         534       -0.36   -0.466517   0.0052889
         535       -0.52   -0.466617  0.00527996
         536       -0.52   -0.466716  0.00527105
         537       -0.52   -0.466816  0.00526217
         538       -0.44   -0.466766  0.00525262
         539       -0.36   -0.466568  0.00524661
         540       -0.28   -0.466222  0.00524826
         541       -0.52   -0.466322   0.0052395
         542       -0.52   -0.466421  0.00523077
         543        -0.6   -0.466667  0.00522692
         544       -0.44   -0.466618  0.00521754
         545       -0.44   -0.466569  0.00520819
         546       -0.28   -0.466227  0.00520985
         547        -0.6   -0.466472  0.00520606
         548       -0.52   -0.466569  0.00519748
         549       -0.36   -0.466375  0.00519164
         550       -0.36   -0.466182   0.0051858
         551       -0.36   -0.465989  0.00517997
         552       -0.68   -0.466377  0.00518507
         553       -0.52   -0.466474   0.0051766
         554        -0.6   -0.466715  0.00517286
         555       -0.44   -0.466667  0.00516377
         556       -0.68    -0.46705  0.00516872
         557       -0.52   -0.467145  0.00516031
         558       -0.52    -0.46724  0.00515193
         559       -0.52   -0.467335  0.00514358
         560       -0.68   -0.467714   0.0051484
         561        -0.6    -0.46795  0.00514462
         562       -0.44     -0.4679   0.0051357
         563       -0.36   -0.467709  0.00513015
         564        -0.2   -0.467234  0.00514297
         565        -0.6   -0.467469  0.00513923
         566       -0.36   -0.467279  0.00513366
         567       -0.28   -0.466949  0.00513522
         568       -0.44   -0.466901   0.0051264
         569        -0.6   -0.467135  0.00512272
         570       -0.52   -0.467228  0.00511458
         571       -0.68   -0.467601  0.00511917
         572       -0.52   -0.467692  0.00511104
         573       -0.68   -0.468063  0.00511554
         574       -0.44   -0.468014  0.00510686
         575       -0.52   -0.468104  0.00509878
         576       -0.76   -0.468611  0.00511505
         577        -0.6   -0.468839  0.00511125
         578        -0.6   -0.469066  0.00510744
         579        -0.6   -0.469292  0.00510362
         580       -0.52   -0.469379  0.00509557
         581       -0.44   -0.469329  0.00508705
         582       -0.44   -0.469278  0.00507856
         583       -0.44   -0.469228   0.0050701
         584       -0.36   -0.469041  0.00506487
         585       -0.44   -0.468991  0.00505645
         586       -0.44   -0.468942  0.00504806
         587       -0.36   -0.468756  0.00504287
         588        -0.2   -0.468299  0.00505497
         589       -0.28    -0.46798  0.00505649
         590       -0.52   -0.468068  0.00504868
         591       -0.28    -0.46775  0.00505016
         592       -0.44   -0.467703  0.00504185
         593       -0.52   -0.467791  0.00503412
         594       -0.52   -0.467879  0.00502641
         595       -0.52   -0.467966  0.00501872
         596       -0.44   -0.467919  0.00501052
         597       -0.44   -0.467873  0.00500235
         598       -0.44   -0.467826   0.0049942
         599       -0.36   -0.467646  0.00498911
         600        -0.6   -0.467867  0.00498567
         601       -0.52   -0.467953  0.00497812
         602       -0.52    -0.46804  0.00497061
         603        -0.6   -0.468259  0.00496718
         604       -0.52   -0.468344  0.00495969
         605       -0.68   -0.468694  0.00496382
         606       -0.68   -0.469043  0.00496786
         607       -0.76   -0.469522  0.00498275
         608        -0.6   -0.469737  0.00497917
         609       -0.28   -0.469425  0.00498073
         610       -0.36   -0.469246   0.0049758
         611       -0.28   -0.468936  0.00497728
         612       -0.52    -0.46902  0.00496985
         613       -0.52   -0.469103  0.00496244
         614       -0.52   -0.469186  0.00495505
         615       -0.44   -0.469138  0.00494722
         616       -0.36   -0.468961  0.00494236
         617       -0.36   -0.468784   0.0049375
         618       -0.36   -0.468608  0.00493265
         619       -0.44   -0.468562   0.0049249
         620       -0.36   -0.468387  0.00492007
         621       -0.36   -0.468213  0.00491524
         622       -0.28    -0.46791  0.00491664
         623       -0.28   -0.467608  0.00491799
         624       -0.36   -0.467436  0.00491313
         625       -0.28   -0.467136  0.00491442
         626       -0.44   -0.467093  0.00490676
         627       -0.52   -0.467177  0.00489966
         628       -0.52   -0.467261  0.00489258
         629        -0.6   -0.467472  0.00488935
         630       -0.44   -0.467429  0.00488178
         631       -0.44   -0.467385  0.00487424
         632        -0.6   -0.467595  0.00487104
         633       -0.44   -0.467551  0.00486354
         634        -0.6    -0.46776  0.00486035
         635       -0.52   -0.467843   0.0048534
         636       -0.44   -0.467799  0.00484596
         637       -0.52   -0.467881  0.00483905
         638       -0.52   -0.467962  0.00483215
         639       -0.52   -0.468044  0.00482528
         640       -0.36   -0.467875  0.00482069
         641       -0.28   -0.467582  0.00482207
         642       -0.52   -0.467664  0.00481525
         643       -0.36   -0.467496  0.00481067
         644       -0.44   -0.467453  0.00480339
         645       -0.28   -0.467163  0.00480473
         646       -0.36   -0.466997  0.00480015
         647       -0.28   -0.466708  0.00480143
         648       -0.36   -0.466543  0.00479684
         649       -0.28   -0.466256  0.00479805
         650       -0.52   -0.466338  0.00479138
         651       -0.52   -0.466421  0.00478473
         652        -0.6   -0.466626  0.00478178
         653        -0.6    -0.46683  0.00477882
         654       -0.44   -0.466789  0.00477169
         655        -0.6   -0.466992  0.00476873
         656       -0.44   -0.466951  0.00476164
         657        -0.2   -0.466545   0.0047717
         658       -0.28   -0.466261  0.00477286
         659       -0.44   -0.466222  0.00476578
         660        -0.6   -0.466424  0.00476287
         661       -0.36   -0.466263  0.00475839
         662        -0.6   -0.466465  0.00475548
         663       -0.36   -0.466305  0.00475102
         664       -0.44   -0.466265  0.00474403
         665       -0.44   -0.466226  0.00473706
         666       -0.12   -0.465706  0.00475839
         667       -0.44   -0.465667  0.00475141
         668        -0.6   -0.465868  0.00474855
         669       -0.52   -0.465949  0.00474214
         670       -0.36   -0.465791   0.0047377
         671       -0.44   -0.465753   0.0047308
         672        -0.6   -0.465952  0.00472797
         673        -0.6   -0.466152  0.00472514
         674       -0.52   -0.466231  0.00471881
         675       -0.52   -0.466311  0.00471249
         676        -0.6   -0.466509  0.00470967
         677        -0.6   -0.466706  0.00470683
         678       -0.76   -0.467139  0.00471973
         679       -0.52   -0.467216  0.00471342
         680       -0.52   -0.467294  0.00470713
         681       -0.52   -0.467372  0.00470085
         682       -0.52   -0.467449  0.00469459
         683       -0.28   -0.467174  0.00469573
         684       -0.52   -0.467251   0.0046895
         685        -0.6   -0.467445  0.00468666
         686       -0.44   -0.467405     0.00468
         687       -0.44   -0.467365  0.00467336
         688       -0.52   -0.467442  0.00466719
         689       -0.36   -0.467286  0.00466302
         690       -0.44   -0.467246  0.00465643
         691       -0.36   -0.467091  0.00465228
         692        -0.6   -0.467283  0.00464952
         693       -0.52   -0.467359  0.00464343
         694        -0.6    -0.46755  0.00464067
         695       -0.28   -0.467281  0.00464183
         696        -0.2   -0.466897  0.00465102
         697       -0.36   -0.466743  0.00464688
         698        -0.2   -0.466361  0.00465591
         699       -0.36   -0.466209  0.00465173
         700       -0.28   -0.465943  0.00465269
         701       -0.36   -0.465792   0.0046485
         702       -0.28   -0.465527  0.00464941
         703       -0.36   -0.465377  0.00464522
         704       -0.12   -0.464886  0.00466446
         705       -0.44   -0.464851  0.00465797
         706       -0.52   -0.464929  0.00465203
         707       -0.28   -0.464668   0.0046528
         708        -0.6   -0.464859  0.00465015
         709       -0.52   -0.464937  0.00464424
         710        -0.6   -0.465127   0.0046416
         711       -0.44   -0.465091   0.0046352
         712       -0.52   -0.465169  0.00462933
         713       -0.36   -0.465021  0.00462519
         714       -0.28   -0.464762  0.00462597
         715       -0.28   -0.464503  0.00462671
         716       -0.28   -0.464246  0.00462742
         717       -0.44   -0.464212  0.00462109
         718       -0.76   -0.464624  0.00463298
         719       -0.44    -0.46459  0.00462666
         720       -0.36   -0.464444  0.00462251
         721       -0.36     -0.4643  0.00461837
         722       -0.44   -0.464266   0.0046121
         723       -0.44   -0.464232  0.00460584
         724       -0.44   -0.464199   0.0045996
         725        -0.6   -0.464386  0.00459707
         726       -0.36   -0.464242  0.00459298
         727       -0.12   -0.463769  0.00461101
         728       -0.28   -0.463516  0.00461158
         729        -0.2   -0.463155   0.0046194
         730       -0.28   -0.462904  0.00461988
         731       -0.12   -0.462435  0.00463731
         732       -0.44   -0.462404  0.00463108
         733        -0.6   -0.462592  0.00462857
         734        -0.6   -0.462779  0.00462604
         735       -0.44   -0.462748  0.00461985
         736       -0.52   -0.462826  0.00461423
         737       -0.44   -0.462795  0.00460807
         738        -0.6   -0.462981  0.00460558
         739       -0.44    -0.46295  0.00459945
         740        -0.2   -0.462595  0.00460694
         741       -0.44   -0.462564  0.00460083
         742       -0.44   -0.462534  0.00459473
         743       -0.52   -0.462611  0.00458919
         744       -0.44   -0.462581  0.00458313
         745       -0.52   -0.462658  0.00457762
         746       -0.52   -0.462735  0.00457213
         747       -0.36   -0.462597  0.00456808
         748        -0.6   -0.462781  0.00456566
         749       -0.52   -0.462857  0.00456021
         750        -0.6    -0.46304  0.00455779
         751       -0.36   -0.462903  0.00455379
         752        -0.6   -0.463085  0.00455138
         753       -0.52   -0.463161  0.00454596
         754       -0.76   -0.463554  0.00455695
         755       -0.52   -0.463629  0.00455153
         756       -0.52   -0.463704  0.00454612
         757        -0.6   -0.463884  0.00454367
         758       -0.36   -0.463747  0.00453975
         759       -0.44   -0.463715  0.00453387
         760       -0.52   -0.463789  0.00452851
         761       -0.44   -0.463758  0.00452267
         762       -0.36   -0.463622  0.00451878
         763       -0.44   -0.463591  0.00451297
         764       -0.52   -0.463665  0.00450766
         765        -0.6   -0.463843  0.00450529
         766        -0.2   -0.463499  0.00451256
         767       -0.28   -0.463259  0.00451301
         768        -0.6   -0.463438  0.00451065
         769       -0.52   -0.463511  0.00450538
         770       -0.68   -0.463792  0.00450829
         771       -0.52   -0.463865  0.00450304
         772       -0.36   -0.463731  0.00449921
         773       -0.28   -0.463493  0.00449967
         774       -0.52   -0.463566  0.00449445
         775       -0.52   -0.463639  0.00448924
         776        -0.6   -0.463814  0.00448689
         777       -0.44   -0.463784  0.00448122
         778       -0.36    -0.46365  0.00447744
         779       -0.28   -0.463415   0.0044779
         780       -0.52   -0.463487  0.00447275
         781       -0.36   -0.463355  0.00446898
         782       -0.28    -0.46312  0.00446941
         783       -0.28   -0.462886  0.00446982
         784       -0.52   -0.462959  0.00446471
         785       -0.44    -0.46293  0.00445912
         786       -0.44   -0.462901  0.00445354
         787       -0.44   -0.462872  0.00444798
         788       -0.44   -0.462843  0.00444243
         789       -0.52   -0.462915  0.00443739
         790        -0.6   -0.463089  0.00443516
         791        -0.6   -0.463262  0.00443293
         792       -0.52   -0.463333  0.00442791
         793       -0.44   -0.463304  0.00442243
         794       -0.52   -0.463375  0.00441743
         795       -0.52   -0.463447  0.00441245
         796       -0.28   -0.463216  0.00441292
         797       -0.28   -0.462986  0.00441337
         798       -0.28   -0.462757  0.00441379
         799       -0.36   -0.462628  0.00441014
         800       -0.52     -0.4627  0.00440521
         801        -0.6   -0.462871  0.00440305
         802       -0.84   -0.463342  0.00442259
         803       -0.44   -0.463313  0.00441718
         804       -0.76   -0.463682  0.00442707
         805       -0.52   -0.463752  0.00442213
         806       -0.52   -0.463821  0.00441719
         807       -0.68   -0.464089  0.00441983
         808        -0.6   -0.464257  0.00441756
         809       -0.44   -0.464227   0.0044122
         810       -0.44   -0.464198  0.00440686
         811       -0.44   -0.464168  0.00440153
         812       -0.52   -0.464236  0.00439664
         813        -0.6   -0.464403   0.0043944
         814       -0.52   -0.464472  0.00438954
         815       -0.28   -0.464245  0.00438998
         816       -0.44   -0.464216   0.0043847
         817       -0.28    -0.46399  0.00438513
         818       -0.52   -0.464059   0.0043803
         819       -0.44   -0.464029  0.00437505
         820       -0.68   -0.464293  0.00437764
         821       -0.68   -0.464555  0.00438018
         822        -0.6    -0.46472  0.00437795
         823       -0.44    -0.46469  0.00437274
         824       -0.36   -0.464563  0.00436928
         825       -0.44   -0.464533  0.00436408
         826       -0.52     -0.4646  0.00435931
         827       -0.52   -0.464667  0.00435456
         828        -0.6   -0.464831  0.00435237
         829       -0.76   -0.465187  0.00436165
         830       -0.52   -0.465253   0.0043569
         831       -0.52   -0.465319  0.00435215
         832        -0.6   -0.465481  0.00434993
         833        -0.6   -0.465642  0.00434771
         834       -0.52   -0.465707  0.00434298
         835       -0.52   -0.465772  0.00433827
         836       -0.44   -0.465742  0.00433319
         837       -0.44   -0.465711  0.00432812
         838       -0.44    -0.46568  0.00432307
         839       -0.44    -0.46565  0.00431802
         840        -0.6    -0.46581  0.00431584
         841       -0.52   -0.465874  0.00431119
         842       -0.44   -0.465843  0.00430618
         843       -0.44   -0.465813  0.00430118
         844       -0.52   -0.465877  0.00429656
         845       -0.52   -0.465941  0.00429196
         846       -0.44    -0.46591  0.00428699
         847        -0.6   -0.466068  0.00428485
         848        -0.6   -0.466226  0.00428271
         849        -0.6   -0.466384  0.00428056
         850       -0.44   -0.466353  0.00427564
         851       -0.52   -0.466416  0.00427108
         852        -0.2   -0.466103   0.0042775
         853       -0.28   -0.465885  0.00427804
         854       -0.52   -0.465948   0.0042735
         855       -0.36   -0.465825   0.0042703
         856       -0.28   -0.465607  0.00427083
         857       -0.36   -0.465484  0.00426762
         858       -0.52   -0.465548  0.00426312
         859        -0.6   -0.465704  0.00426103
         860       -0.28   -0.465488  0.00426154
         861       -0.44   -0.465459   0.0042567
         862       -0.52   -0.465522  0.00425223
         863       -0.44   -0.465492   0.0042474
         864       -0.44   -0.465463  0.00424259
         865       -0.36   -0.465341  0.00423944
         866       -0.44   -0.465312  0.00423464
         867       -0.44   -0.465283  0.00422986
         868       -0.28   -0.465069  0.00423037
         869       -0.28   -0.464856  0.00423086
         870       -0.36   -0.464736  0.00422771
         871       -0.44   -0.464707  0.00422295
         872       -0.52   -0.464771  0.00421859
         873        -0.6   -0.464926   0.0042166
         874       -0.52   -0.464989  0.00421224
         875       -0.52   -0.465051   0.0042079
         876       -0.68   -0.465297  0.00421024
         877       -0.68   -0.465542  0.00421255
         878       -0.44   -0.465513  0.00420786
         879       -0.36   -0.465392  0.00420478
         880       -0.36   -0.465273  0.00420171
         881       -0.52   -0.465335   0.0041974
         882        -0.6   -0.465488  0.00419542
         883       -0.44   -0.465459  0.00419076
         884        -0.6   -0.465611  0.00418879
         885       -0.44   -0.465582  0.00418415
         886       -0.44   -0.465553  0.00417953
         887       -0.36   -0.465434  0.00417651
         888       -0.36   -0.465315   0.0041735
         889       -0.36   -0.465197  0.00417048
         890       -0.52   -0.465258  0.00416625
         891       -0.52    -0.46532  0.00416203
         892       -0.52   -0.465381  0.00415781
         893       -0.44   -0.465353  0.00415325
         894        -0.6   -0.465503  0.00415134
         895        -0.6   -0.465654  0.00414942
         896       -0.36   -0.465536  0.00414646
         897       -0.12   -0.465151   0.0041597
         898        -0.2   -0.464855  0.00416553
         899       -0.36   -0.464739  0.00416253
         900       -0.52     -0.4648  0.00415836
         901       -0.52   -0.464861  0.00415419
         902        -0.2   -0.464568  0.00415995
         903       -0.12   -0.464186  0.00417281
         904       -0.44   -0.464159  0.00416828
         905       -0.28   -0.463956  0.00416864
         906       -0.52   -0.464018   0.0041645
         907       -0.36   -0.463903  0.00416148
         908       -0.44   -0.463877  0.00415698
         909       -0.52   -0.463938  0.00415287
         910        -0.6   -0.464088    0.004151
         911       -0.52   -0.464149  0.00414689
         912        -0.6   -0.464298  0.00414502
         913       -0.68   -0.464535  0.00414721
         914       -0.44   -0.464508  0.00414276
         915       -0.36   -0.464393   0.0041398
         916       -0.76   -0.464716  0.00414784
         917        -0.6   -0.464864  0.00414594
         918       -0.68   -0.465098  0.00414804
         919       -0.68   -0.465332  0.00415012
         920       -0.76   -0.465652  0.00415795
         921       -0.52   -0.465711  0.00415385
         922       -0.52    -0.46577  0.00414976
         923       -0.36   -0.465655  0.00414685
         924       -0.36   -0.465541  0.00414394
         925        -0.6   -0.465686  0.00414201
         926       -0.36   -0.465572  0.00413911
         927       -0.44   -0.465545  0.00413473
         928       -0.68   -0.465776  0.00413673
         929       -0.52   -0.465834  0.00413269
         930       -0.52   -0.465892  0.00412866
         931       -0.52   -0.465951  0.00412463
         932       -0.52   -0.466009  0.00412061
         933       -0.52   -0.466066   0.0041166
         934        -0.6    -0.46621  0.00411469
         935       -0.44   -0.466182  0.00411039
         936       -0.28   -0.465983   0.0041108
         937       -0.36    -0.46587  0.00410797
         938       -0.44   -0.465842  0.00410369
         939       -0.68    -0.46607  0.00410565
         940       -0.76   -0.466383  0.00411317
         941       -0.68    -0.46661  0.00411506
         942       -0.44   -0.466582  0.00411079
         943        -0.6   -0.466723  0.00410886
         944       -0.52    -0.46678   0.0041049
         945        -0.6   -0.466921  0.00410297
         946        0.04   -0.466385  0.00413348
         947       -0.28   -0.466188   0.0041338
         948        -0.6   -0.466329  0.00413185
         949       -0.44   -0.466301  0.00412759
         950       -0.28   -0.466105   0.0041279
         951       -0.36   -0.465994  0.00412507
         952        -0.2   -0.465714  0.00413018
         953       -0.36   -0.465603  0.00412734
         954       -0.36   -0.465493   0.0041245
         955       -0.36   -0.465382  0.00412166
         956       -0.36   -0.465272  0.00411882
         957       -0.36   -0.465162  0.00411598
         958        -0.2   -0.464885  0.00412098
         959       -0.52   -0.464943  0.00411709
         960       -0.36   -0.464833  0.00411425
         961       -0.44   -0.464807  0.00411005
         962       -0.44   -0.464782  0.00410586
         963       -0.52   -0.464839    0.004102
         964       -0.52   -0.464896  0.00409814
         965       -0.52   -0.464953  0.00409429
         966        -0.6   -0.465093  0.00409244
         967       -0.52    -0.46515   0.0040886
         968        -0.6   -0.465289  0.00408675
         969        -0.6   -0.465428  0.00408489
         970       -0.52   -0.465485  0.00408107
         971        -0.6   -0.465623  0.00407922
         972       -0.52   -0.465679  0.00407541
         973       -0.52   -0.465735   0.0040716
         974       -0.44   -0.465708   0.0040675
         975       -0.52   -0.465764  0.00406371
         976       -0.44   -0.465738  0.00405964
         977       -0.44   -0.465711  0.00405557
         978       -0.52   -0.465767   0.0040518
         979       -0.52   -0.465822  0.00404804
         980        -0.6   -0.465959  0.00404622
         981       -0.44   -0.465933  0.00404219
         982       -0.36   -0.465825  0.00403951
         983       -0.52    -0.46588  0.00403578
         984       -0.52   -0.465935  0.00403205
         985       -0.44   -0.465909  0.00402804
         986       -0.28    -0.46572  0.00402837
         987       -0.28   -0.465532  0.00402868
         988       -0.44   -0.465506  0.00402468
         989       -0.52   -0.465561  0.00402099
         990       -0.36   -0.465455  0.00401834
         991       -0.44   -0.465429  0.00401437
         992        -0.6   -0.465565  0.00401261
         993       -0.68    -0.46578  0.00401438
         994       -0.68   -0.465996  0.00401612
         995       -0.36   -0.465889   0.0040135
         996       -0.28   -0.465703  0.00401381
         997       -0.36   -0.465597  0.00401118
         998       -0.44   -0.465571  0.00400724
         999       -0.36   -0.465465  0.00400462
        1000       -0.36    -0.46536  0.00400201
        1001       -0.68   -0.465574  0.00400375
        1002        -0.6   -0.465709    0.004002
        1003        -0.6   -0.465842  0.00400025
        1004        -0.2   -0.465578  0.00400502
        1005       -0.36   -0.465473  0.00400241
        1006       -0.52   -0.465527   0.0039988
        1007       -0.44   -0.465501  0.00399491
        1008       -0.36   -0.465397  0.00399232
        1009       -0.36   -0.465292  0.00398973
        1010        -0.2    -0.46503  0.00399441
        1011       -0.36   -0.464926  0.00399181
        1012       -0.28   -0.464743  0.00399205
        1013       -0.52   -0.464798  0.00398848
        1014        -0.6   -0.464931  0.00398678
        1015       -0.52   -0.464985  0.00398322
        1016        -0.6   -0.465118  0.00398151
        1017       -0.84   -0.465487  0.00399463
        1018       -0.68   -0.465697  0.00399626
        1019       -0.76   -0.465986  0.00400276
        1020       -0.44   -0.465961  0.00399891
        1021       -0.36   -0.465857  0.00399634
        1022        -0.6   -0.465988  0.00399459
        1023        -0.6   -0.466119  0.00399283
        1024       -0.68   -0.466328  0.00399439
        1025       -0.44   -0.466302  0.00399058
        1026       -0.44   -0.466277  0.00398677
        1027       -0.28   -0.466095  0.00398701
        1028       -0.44    -0.46607  0.00398321
        1029       -0.28   -0.465889  0.00398344
        1030       -0.44   -0.465864  0.00397966
        1031       -0.36   -0.465761  0.00397712
        1032        -0.6   -0.465891  0.00397539
        1033       -0.28   -0.465712  0.00397562
        1034       -0.52   -0.465764  0.00397212
        1035       -0.68   -0.465971  0.00397367
        1036       -0.52   -0.466023  0.00397018
        1037       -0.28   -0.465844   0.0039704
        1038        -0.6   -0.465973  0.00396868
        1039        -0.6   -0.466102  0.00396695
        1040       -0.52   -0.466154  0.00396348
        1041       -0.52   -0.466206  0.00396001
        1042       -0.52   -0.466257  0.00395654
        1043       -0.44   -0.466232  0.00395283
        1044       -0.28   -0.466054  0.00395307
        1045        -0.2   -0.465799  0.00395747
        1046       -0.12   -0.465468  0.00396747
        1047       -0.36   -0.465368  0.00396496
        1048       -0.44   -0.465344  0.00396125
        1049       -0.44   -0.465319  0.00395755
        1050       -0.52   -0.465371  0.00395413
        1051       -0.44   -0.465347  0.00395044
        1052       -0.36   -0.465247  0.00394795
        1053        -0.2   -0.464995  0.00395223
        1054       -0.36   -0.464896  0.00394973
        1055       -0.44   -0.464872  0.00394606
        1056       -0.36   -0.464773  0.00394357
        1057       -0.36   -0.464674  0.00394109
        1058       -0.28   -0.464499  0.00394123
        1059       -0.36     -0.4644  0.00393874
        1060       -0.36   -0.464302  0.00393626
        1061       -0.28   -0.464128  0.00393638
        1062       -0.36    -0.46403  0.00393389
        1063       -0.36   -0.463932  0.00393141
        1064        -0.2   -0.463684  0.00393553
        1065       -0.44   -0.463662   0.0039319
        1066       -0.44    -0.46364  0.00392827
        1067       -0.28   -0.463468  0.00392836
        1068        -0.6   -0.463596  0.00392676
        1069        -0.6   -0.463723  0.00392516
        1070       -0.28   -0.463551  0.00392525
        1071       -0.44   -0.463529  0.00392164
        1072       -0.36   -0.463433  0.00391917
        1073       -0.04   -0.463038  0.00393534
        1074       -0.36   -0.462942  0.00393284
        1075       -0.52   -0.462995  0.00392954
        1076       -0.36     -0.4629  0.00392706
        1077       -0.28    -0.46273  0.00392708
        1078       -0.68   -0.462931  0.00392861
        1079        -0.6   -0.463058  0.00392702
        1080       -0.36   -0.462963  0.00392454
        1081       -0.52   -0.463016  0.00392127
        1082       -0.44   -0.462994   0.0039177
        1083       -0.28   -0.462825  0.00391772
        1084       -0.68   -0.463026  0.00391923
        1085       -0.36   -0.462931  0.00391677
        1086        -0.2   -0.462689  0.00392064
        1087       -0.44   -0.462668  0.00391708
        1088       -0.36   -0.462574  0.00391462
        1089       -0.52   -0.462626  0.00391138
        1090       -0.44   -0.462606  0.00390785
        1091       -0.12   -0.462291  0.00391686
        1092       -0.44   -0.462271  0.00391333
        1093       -0.44   -0.462251   0.0039098
        1094       -0.36   -0.462157  0.00390735
        1095       -0.52    -0.46221  0.00390413
        1096       -0.52   -0.462263  0.00390093
        1097       -0.28   -0.462097  0.00390091
        1098       -0.52   -0.462149  0.00389771
        1099       -0.28   -0.461984  0.00389769
        1100        -0.2   -0.461745  0.00390141
        1101       -0.28    -0.46158  0.00390136
        1102       -0.28   -0.461416   0.0039013
        1103       -0.36   -0.461324  0.00389885
        1104       -0.28   -0.461159  0.00389877
        1105       -0.52   -0.461213  0.00389561
        1106        -0.6   -0.461338  0.00389411
        1107       -0.52   -0.461391  0.00389095
        1108       -0.44   -0.461372  0.00388748
        1109       -0.36    -0.46128  0.00388505
        1110       -0.52   -0.461333  0.00388191
        1111       -0.28    -0.46117  0.00388185
        1112       -0.44   -0.461151  0.00387841
        1113       -0.12   -0.460845  0.00388701
        1114       -0.44   -0.460826  0.00388357
        1115       -0.52   -0.460879  0.00388045
        1116       -0.76   -0.461147  0.00388622
        1117       -0.68   -0.461343  0.00388767
        1118       -0.52   -0.461395  0.00388455
        1119        -0.6   -0.461519  0.00388305
        1120       -0.52   -0.461571  0.00387994
        1121       -0.52   -0.461624  0.00387683
        1122        -0.6   -0.461747  0.00387533
        1123       -0.44   -0.461728  0.00387193
        1124       -0.68   -0.461922  0.00387335
        1125        -0.6   -0.462044  0.00387185
        1126       -0.44   -0.462025  0.00386846
        1127       -0.36   -0.461934  0.00386609
        1128       -0.44   -0.461915  0.00386271
        1129       -0.44   -0.461895  0.00385934
        1130       -0.52   -0.461947  0.00385627
        1131       -0.44   -0.461927  0.00385291
        1132       -0.52   -0.461979  0.00384984
        1133       -0.36   -0.461889   0.0038475
        1134       -0.28   -0.461728  0.00384745
        1135       -0.28   -0.461568  0.00384739
        1136       -0.44   -0.461549  0.00384405
        1137       -0.44    -0.46153  0.00384071
        1138       -0.52   -0.461582  0.00383768
        1139       -0.52   -0.461633  0.00383466
        1140       -0.76   -0.461895  0.00384021
        1141       -0.28   -0.461735  0.00384015
        1142       -0.44   -0.461716  0.00383684
        1143       -0.44   -0.461697  0.00383353
        1144       -0.52   -0.461748  0.00383052
        1145        -0.6   -0.461869  0.00382907
        1146        -0.6    -0.46199  0.00382763
        1147       -0.36   -0.461901  0.00382533
        1148       -0.36   -0.461812  0.00382302
        1149       -0.36   -0.461723  0.00382072
        1150       -0.36   -0.461635  0.00381842
        1151       -0.44   -0.461616  0.00381515
        1152       -0.28   -0.461458   0.0038151
        1153       -0.52   -0.461509  0.00381213
        1154       -0.44    -0.46149  0.00380887
        1155       -0.44   -0.461472  0.00380562
        1156       -0.68   -0.461661  0.00380702
        1157       -0.52   -0.461711  0.00380406
        1158        -0.6   -0.461831  0.00380265
        1159       -0.52   -0.461881   0.0037997
        1160       -0.52   -0.461931  0.00379675
        1161       -0.36   -0.461843   0.0037945
        1162       -0.44   -0.461824  0.00379128
        1163       -0.44   -0.461806  0.00378807
        1164       -0.36   -0.461718  0.00378582
        1165       -0.36   -0.461631  0.00378358
        1166       -0.68   -0.461818  0.00378497
        1167        -0.6   -0.461937  0.00378357
        1168       -0.36   -0.461849  0.00378134
        1169       -0.52   -0.461899  0.00377843
        1170        -0.6   -0.462017  0.00377705
        1171       -0.68   -0.462203  0.00377841
        1172       -0.52   -0.462253   0.0037755
        1173       -0.28   -0.462097  0.00377548
        1174        -0.6   -0.462215  0.00377409
        1175       -0.52   -0.462264   0.0037712
        1176       -0.52   -0.462313  0.00376831
        1177       -0.28   -0.462158  0.00376829
        1178       -0.36   -0.462071  0.00376609
        1179       -0.52    -0.46212  0.00376322
        1180       -0.28   -0.461966  0.00376319
        1181       -0.44   -0.461948  0.00376005
        1182        -0.6   -0.462064  0.00375868
        1183       -0.68   -0.462249  0.00376002
        1184       -0.52   -0.462297  0.00375716
        1185        -0.6   -0.462414  0.00375579
        1186       -0.76   -0.462664  0.00376099
        1187        -0.6    -0.46278   0.0037596
        1188       -0.36   -0.462694  0.00375743
        1189       -0.28    -0.46254  0.00375741
        1190       -0.52   -0.462588  0.00375457
        1191       -0.52   -0.462636  0.00375172
        1192       -0.36    -0.46255  0.00374956
        1193        -0.6   -0.462666  0.00374819
        1194        -0.6   -0.462781  0.00374682
        1195       -0.52   -0.462828  0.00374399
        1196       -0.44   -0.462809   0.0037409
        1197       -0.28   -0.462657  0.00374089
        1198       -0.12   -0.462371  0.00374869
        1199       -0.36   -0.462285  0.00374654
        1200       -0.36     -0.4622  0.00374438
        1201       -0.44   -0.462182  0.00374131
        1202       -0.52    -0.46223  0.00373851
        1203        -0.6   -0.462344  0.00373715
        1204       -0.52   -0.462392  0.00373436
        1205        -0.6   -0.462506    0.003733
        1206       -0.52   -0.462554  0.00373021
        1207        -0.2   -0.462336  0.00373346
        1208       -0.28   -0.462185  0.00373342
        1209       -0.44   -0.462167  0.00373038
        1210       -0.36   -0.462083  0.00372825
        1211       -0.44   -0.462064  0.00372521
        1212        -0.6   -0.462178  0.00372388
        1213       -0.44    -0.46216  0.00372085
        1214       -0.36   -0.462076  0.00371874
        1215       -0.36   -0.461992  0.00371663
        1216       -0.28   -0.461842  0.00371658
        1217       -0.44   -0.461824  0.00371357
        1218       -0.68   -0.462003  0.00371484
        1219        -0.6   -0.462116  0.00371352
        1220       -0.36   -0.462033  0.00371142
        1221        -0.6   -0.462146   0.0037101
        1222        -0.6   -0.462259  0.00370878
        1223       -0.44    -0.46224  0.00370579
        1224       -0.28   -0.462092  0.00370575
        1225       -0.28   -0.461943  0.00370571
        1226       -0.36    -0.46186  0.00370362
        1227       -0.36   -0.461777  0.00370153
        1228       -0.44   -0.461759  0.00369856
        1229       -0.36   -0.461676  0.00369647
        1230       -0.44   -0.461659  0.00369351
        1231       -0.52   -0.461706  0.00369081
        1232       -0.44   -0.461688  0.00368786
        1233       -0.36   -0.461606  0.00368579
        1234       -0.44   -0.461588  0.00368285
        1235       -0.52   -0.461636  0.00368017
        1236       -0.44   -0.461618  0.00367723
        1237       -0.52   -0.461665  0.00367456
        1238       -0.36   -0.461583  0.00367251
        1239       -0.52    -0.46163  0.00366985
        1240       -0.68   -0.461806  0.00367111
        1241       -0.52   -0.461853  0.00366846
        1242       -0.44   -0.461836  0.00366554
        1243       -0.36   -0.461754  0.00366351
        1244       -0.28   -0.461608  0.00366348
        1245       -0.52   -0.461655  0.00366084
        1246       -0.36   -0.461573  0.00365881
        1247       -0.36   -0.461492  0.00365678
        1248        -0.2   -0.461282  0.00365985
        1249       -0.36   -0.461201  0.00365781
        1250       -0.44   -0.461184  0.00365493
        1251       -0.52   -0.461231  0.00365231
        1252       -0.52   -0.461278  0.00364969
        1253       -0.44   -0.461261  0.00364682
        1254       -0.52   -0.461308  0.00364421
        1255       -0.68   -0.461482  0.00364547
        1256       -0.52   -0.461529  0.00364287
        1257       -0.44   -0.461512  0.00364001
        1258       -0.52   -0.461558  0.00363741
        1259       -0.68   -0.461732  0.00363866
        1260       -0.44   -0.461714  0.00363581
        1261        -0.6   -0.461824  0.00363458
        1262        -0.6   -0.461933  0.00363335
        1263        -0.6   -0.462043  0.00363212
        1264       -0.68   -0.462215  0.00363334
        1265       -0.68   -0.462387  0.00363454
        1266       -0.36   -0.462306  0.00363257
        1267       -0.36   -0.462226   0.0036306
        1268       -0.44   -0.462208  0.00362778
        1269        -0.6   -0.462317  0.00362654
        1270       -0.76   -0.462551  0.00363126
        1271       -0.44   -0.462533  0.00362844
        1272       -0.36   -0.462453  0.00362649
        1273       -0.28    -0.46231  0.00362647
        1274       -0.68    -0.46248  0.00362764
        1275       -0.12   -0.462212  0.00363473
        1276       -0.52   -0.462257  0.00363216
        1277       -0.36   -0.462177   0.0036302
        1278       -0.36   -0.462097  0.00362824
        1279        -0.2   -0.461892  0.00363119
        1280       -0.36   -0.461813  0.00362922
        1281       -0.36   -0.461733  0.00362726
        1282       -0.52   -0.461778  0.00362472
        1283       -0.44   -0.461761  0.00362193
        1284       -0.44   -0.461745  0.00361915
        1285       -0.44   -0.461728  0.00361637
        1286       -0.44   -0.461711   0.0036136
        1287        -0.6   -0.461818  0.00361239
        1288       -0.52   -0.461863  0.00360987
        1289       -0.44   -0.461846  0.00360711
        1290       -0.52   -0.461891  0.00360459
        1291       -0.44   -0.461875  0.00360184
        1292       -0.44   -0.461858  0.00359909
        1293       -0.36   -0.461779  0.00359717
        1294       -0.12   -0.461515  0.00360407
        1295       -0.28   -0.461375  0.00360402
        1296       -0.44   -0.461358  0.00360127
        1297        -0.6   -0.461465  0.00360008
        1298       -0.44   -0.461448  0.00359735
        1299       -0.76   -0.461678  0.00360191
        1300        -0.6   -0.461785  0.00360071
        1301       -0.44   -0.461768  0.00359798
        1302       -0.12   -0.461505  0.00360478
        1303       -0.36   -0.461427  0.00360286
        1304       -0.52   -0.461472  0.00360037
        1305       -0.44   -0.461456  0.00359765
        1306       -0.12   -0.461194  0.00360439
        1307       -0.36   -0.461117  0.00360246
        1308        -0.6   -0.461223  0.00360127
        1309       -0.52   -0.461268   0.0035988
        1310       -0.36   -0.461191  0.00359688
        1311       -0.52   -0.461236  0.00359442
        1312       -0.44    -0.46122  0.00359171
        1313       -0.52   -0.461264  0.00358926
        1314        -0.6    -0.46137  0.00358808
        1315        -0.6   -0.461475   0.0035869
        1316       -0.52    -0.46152  0.00358445
        1317       -0.68   -0.461686  0.00358556
        1318       -0.68   -0.461851  0.00358667
        1319       -0.44   -0.461835  0.00358399
        1320       -0.68      -0.462  0.00358508
        1321       -0.44   -0.461983  0.00358241
        1322       -0.52   -0.462027  0.00357996
        1323       -0.68   -0.462192  0.00358105
        1324       -0.36   -0.462115  0.00357917
        1325       -0.36   -0.462038   0.0035773
        1326       -0.44   -0.462021  0.00357464
        1327       -0.44   -0.462005  0.00357199
        1328       -0.52   -0.462048  0.00356957
        1329       -0.36   -0.461971  0.00356771
        1330       -0.44   -0.461955  0.00356506
        1331       -0.68   -0.462119  0.00356614
        1332       -0.36   -0.462042  0.00356429
        1333        -0.2   -0.461845  0.00356703
        1334       -0.36   -0.461769  0.00356518
        1335       -0.12   -0.461513  0.00357169
        1336       -0.36   -0.461437  0.00356982
        1337       -0.36   -0.461361  0.00356796
        1338       -0.52   -0.461405  0.00356556
        1339       -0.52   -0.461449  0.00356317
        1340       -0.52   -0.461493  0.00356077
        1341        -0.6   -0.461596  0.00355962
        1342       -0.28   -0.461461  0.00355954
        1343       -0.28   -0.461325  0.00355945
        1344        -0.2   -0.461131  0.00356211
        1345        -0.2   -0.460937  0.00356475
        1346       -0.44   -0.460921  0.00356213
        1347       -0.36   -0.460846  0.00356027
        1348       -0.52    -0.46089   0.0035579
        1349        -0.6   -0.460993  0.00355676
        1350       -0.68   -0.461156  0.00355782
        1351       -0.36   -0.461081  0.00355598
        1352       -0.52   -0.461124  0.00355361
        1353       -0.52   -0.461168  0.00355125
        1354       -0.44   -0.461152  0.00354867
        1355       -0.44   -0.461137  0.00354608
        1356       -0.36   -0.461062  0.00354425
        1357       -0.28   -0.460929  0.00354415
        1358       -0.36   -0.460854  0.00354232
        1359       -0.36    -0.46078  0.00354049
        1360        -0.2   -0.460588  0.00354307
        1361       -0.44   -0.460573   0.0035405
        1362        -0.2   -0.460382  0.00354307
        1363        -0.2   -0.460191  0.00354562
        1364       -0.44   -0.460176  0.00354305
        1365        -0.6   -0.460278  0.00354193
        1366       -0.44   -0.460264  0.00353937
        1367       -0.52   -0.460307  0.00353705
        1368        -0.6   -0.460409  0.00353594
        1369       -0.44   -0.460394  0.00353339
        1370       -0.44    -0.46038  0.00353084
        1371       -0.28   -0.460248  0.00353072
        1372       -0.44   -0.460233  0.00352817
        1373       -0.52   -0.460277  0.00352587
        1374       -0.36   -0.460204  0.00352406
        1375       -0.52   -0.460247  0.00352177
        1376       -0.52   -0.460291  0.00351947
        1377       -0.36   -0.460218  0.00351767
        1378       -0.52   -0.460261  0.00351539
        1379        -0.6   -0.460363   0.0035143
        1380       -0.28   -0.460232  0.00351418
        1381        -0.6   -0.460333  0.00351309
        1382       -0.28   -0.460203  0.00351297
        1383       -0.52   -0.460246   0.0035107
        1384       -0.52   -0.460289  0.00350843
        1385       -0.36   -0.460217  0.00350664
        1386       -0.36   -0.460144  0.00350486
        1387       -0.28   -0.460014  0.00350474
        1388       -0.52   -0.460058  0.00350248
        1389       -0.52   -0.460101  0.00350022
        1390       -0.44   -0.460086  0.00349773
        1391       -0.28   -0.459957  0.00349761
        1392        -0.6   -0.460057  0.00349655
        1393       -0.52   -0.460101   0.0034943
        1394       -0.28   -0.459971  0.00349418
        1395       -0.36     -0.4599  0.00349241
        1396       -0.36   -0.459828  0.00349065
        1397       -0.52   -0.459871  0.00348841
        1398       -0.52   -0.459914  0.00348618
        1399       -0.44     -0.4599  0.00348372
        1400        -0.6       -0.46  0.00348267
        1401       -0.44   -0.459986  0.00348021
        1402       -0.52   -0.460029  0.00347799
        1403        -0.6   -0.460128  0.00347694
        1404       -0.52   -0.460171  0.00347473
        1405       -0.36     -0.4601  0.00347299
        1406        -0.2   -0.459915  0.00347544
        1407       -0.52   -0.459957  0.00347323
        1408       -0.44   -0.459943   0.0034708
        1409        -0.2   -0.459759  0.00347323
        1410       -0.28   -0.459631  0.00347311
        1411       -0.52   -0.459674  0.00347091
        1412       -0.52   -0.459717  0.00346871
        1413       -0.52   -0.459759  0.00346652
        1414       -0.44   -0.459745   0.0034641
        1415       -0.28   -0.459618  0.00346398
        1416        -0.6   -0.459718  0.00346295
        1417        -0.6   -0.459817  0.00346192
        1418       -0.52   -0.459859  0.00345974
        1419        -0.6   -0.459958  0.00345871
        1420       -0.52       -0.46  0.00345653
        1421       -0.52   -0.460042  0.00345436
        1422       -0.36   -0.459972  0.00345265
        1423       -0.44   -0.459958  0.00345025
        1424       -0.52       -0.46  0.00344808
        1425       -0.36    -0.45993  0.00344638
        1426       -0.52   -0.459972  0.00344422
        1427        -0.6    -0.46007   0.0034432
        1428       -0.52   -0.460112  0.00344105
        1429        -0.6    -0.46021  0.00344003
        1430        -0.6   -0.460308  0.00343901
        1431       -0.44   -0.460294  0.00343664
        1432        -0.6   -0.460391  0.00343563
        1433       -0.44   -0.460377  0.00343326
        1434       -0.28   -0.460251  0.00343317
        1435       -0.68   -0.460404  0.00343419
        1436       -0.52   -0.460446  0.00343205
        1437       -0.36   -0.460376  0.00343037
        1438       -0.52   -0.460417  0.00342824
        1439       -0.52   -0.460459   0.0034261
        1440       -0.68   -0.460611  0.00342711
        1441       -0.52   -0.460652  0.00342498
        1442       -0.52   -0.460693  0.00342286
        1443       -0.36   -0.460624  0.00342119
        1444       -0.28   -0.460499  0.00342111
        1445       -0.44   -0.460484  0.00341877
        1446       -0.52   -0.460526  0.00341666
        1447       -0.44   -0.460511  0.00341433
        1448       -0.36   -0.460442  0.00341267
        1449       -0.36   -0.460373  0.00341102
        1450       -0.28   -0.460248  0.00341094
        1451        -0.2   -0.460069   0.0034133
        1452       -0.52    -0.46011   0.0034112
        1453       -0.36   -0.460041  0.00340954
        1454       -0.52   -0.460083  0.00340745
        1455        -0.6   -0.460179  0.00340646
        1456        -0.6   -0.460275  0.00340548
        1457       -0.52   -0.460316  0.00340339
        1458       -0.44   -0.460302  0.00340108
        1459        -0.6   -0.460398   0.0034001
        1460        -0.6   -0.460493  0.00339911
        1461       -0.52   -0.460534  0.00339703
        1462       -0.68   -0.460684  0.00339802
        1463       -0.44    -0.46067  0.00339573
        1464        -0.6   -0.460765  0.00339474
        1465       -0.52   -0.460805  0.00339267
        1466       -0.44   -0.460791  0.00339038
        1467       -0.44   -0.460777   0.0033881
        1468       -0.44   -0.460763  0.00338582
        1469       -0.52   -0.460803  0.00338376
        1470       -0.36   -0.460735  0.00338215
        1471       -0.28   -0.460612  0.00338208
        1472        -0.6   -0.460707  0.00338111
        1473       -0.52   -0.460747  0.00337905
        1474       -0.44   -0.460733  0.00337679
        1475       -0.44   -0.460719  0.00337453
        1476       -0.36    -0.46065  0.00337293
        1477       -0.36   -0.460582  0.00337134
        1478       -0.28    -0.46046  0.00337127
        1479       -0.36   -0.460392  0.00336968
        1480        -0.6   -0.460486  0.00336872
        1481        -0.6   -0.460581  0.00336776
        1482       -0.44   -0.460567  0.00336552
        1483        -0.6   -0.460661  0.00336456
        1484        -0.6   -0.460755   0.0033636
        1485       -0.44   -0.460741  0.00336137
        1486       -0.52   -0.460781  0.00335934
        1487       -0.52    -0.46082  0.00335732
        1488       -0.36   -0.460753  0.00335575
        1489        -0.6   -0.460846   0.0033548
        1490       -0.28   -0.460725  0.00335474
        1491       -0.52   -0.460765  0.00335272
        1492       -0.36   -0.460697  0.00335116
        1493       -0.28   -0.460576   0.0033511
        1494       -0.36   -0.460509  0.00334953
        1495       -0.52   -0.460548  0.00334753
        1496       -0.52   -0.460588  0.00334553
        1497       -0.36   -0.460521  0.00334397
        1498        -0.2   -0.460347  0.00334625
        1499        -0.2   -0.460173  0.00334852
        1500       -0.44    -0.46016  0.00334632
        1501        -0.6   -0.460253  0.00334539
        1502        -0.6   -0.460346  0.00334445
        1503       -0.52   -0.460386  0.00334246
        1504       -0.76   -0.460585  0.00334617
        1505       -0.68   -0.460731  0.00334712
        1506       -0.76    -0.46093  0.00335079
        1507       -0.52   -0.460969   0.0033488
        1508       -0.52   -0.461008  0.00334681
        1509       -0.44   -0.460994  0.00334462
        1510       -0.36   -0.460927  0.00334307
        1511       -0.36    -0.46086  0.00334153
        1512       -0.36   -0.460794  0.00333998
        1513       -0.28   -0.460674  0.00333991
        1514       -0.44   -0.460661  0.00333773
        1515       -0.36   -0.460594  0.00333619
        1516       -0.44    -0.46058  0.00333402
        1517       -0.44   -0.460567  0.00333185
        1518        -0.6   -0.460659  0.00333092
        1519       -0.68   -0.460803  0.00333186
        1520       -0.52   -0.460842  0.00332989
        1521       -0.28   -0.460723  0.00332982
        1522       -0.36   -0.460657  0.00332829
        1523       -0.52   -0.460696  0.00332634
        1524       -0.36    -0.46063  0.00332481
        1525       -0.52   -0.460669  0.00332286
        1526       -0.44   -0.460655  0.00332071
        1527       -0.36   -0.460589  0.00331919
        1528       -0.44   -0.460576  0.00331704
        1529       -0.44   -0.460562   0.0033149
        1530       -0.44   -0.460549  0.00331276
        1531       -0.52   -0.460588  0.00331082
        1532       -0.44   -0.460574  0.00330869
        1533       -0.44   -0.460561  0.00330656
        1534       -0.28   -0.460443   0.0033065
        1535       -0.36   -0.460378  0.00330499
        1536       -0.28    -0.46026  0.00330493
        1537       -0.36   -0.460195  0.00330342
        1538       -0.12   -0.459974  0.00330867
        1539       -0.12   -0.459753  0.00331389
        1540       -0.36   -0.459688  0.00331237
        1541       -0.28   -0.459572  0.00331227
        1542       -0.36   -0.459507  0.00331075
        1543        -0.6   -0.459598  0.00330986
        1544       -0.44   -0.459585  0.00330774
        1545       -0.52   -0.459625  0.00330583
        1546       -0.68   -0.459767  0.00330676
        1547       -0.52   -0.459806  0.00330485
        1548       -0.44   -0.459793  0.00330274
        1549       -0.28   -0.459677  0.00330265
        1550       -0.36   -0.459613  0.00330114
        1551        -0.6   -0.459703  0.00330026
        1552       -0.44   -0.459691  0.00329815
        1553       -0.44   -0.459678  0.00329605
        1554       -0.44   -0.459665  0.00329396
        1555       -0.36   -0.459601  0.00329246
        1556       -0.44   -0.459589  0.00329037
        1557       -0.36   -0.459525  0.00328888
        1558       -0.36   -0.459461  0.00328739
        1559       -0.44   -0.459448   0.0032853
        1560       -0.52   -0.459487  0.00328343
        1561       -0.44   -0.459475  0.00328135
        1562        -0.6   -0.459565  0.00328048
        1563       -0.68   -0.459706  0.00328141
        1564       -0.52   -0.459744  0.00327954
        1565       -0.52   -0.459783  0.00327767
        1566        -0.6   -0.459872   0.0032768
        1567       -0.44    -0.45986  0.00327473
        1568       -0.52   -0.459898  0.00327287
        1569       -0.68   -0.460038  0.00327379
        1570       -0.36   -0.459975  0.00327232
        1571       -0.52   -0.460013  0.00327046
        1572       -0.52   -0.460051  0.00326861
        1573       -0.44   -0.460038  0.00326655
        1574       -0.52   -0.460076   0.0032647
        1575        -0.2   -0.459911   0.0032668
        1576       -0.36   -0.459848  0.00326534
        1577       -0.44   -0.459835   0.0032633
        1578       -0.44   -0.459823  0.00326125
        1579       -0.52   -0.459861  0.00325941
        1580        -0.6   -0.459949  0.00325855
        1581       -0.52   -0.459987  0.00325671
        1582       -0.44   -0.459975  0.00325468
        1583       -0.52   -0.460013  0.00325284
        1584       -0.52   -0.460051  0.00325101
        1585       -0.52   -0.460088  0.00324918
        1586        -0.6   -0.460177  0.00324833
        1587       -0.36   -0.460113   0.0032469
        1588        -0.6   -0.460202  0.00324605
        1589        -0.6   -0.460289  0.00324519
        1590        -0.6   -0.460377  0.00324434
        1591        -0.6   -0.460465  0.00324349
        1592       -0.28   -0.460352  0.00324343
        1593       -0.52   -0.460389  0.00324161
        1594       -0.68   -0.460527  0.00324251
        1595       -0.36   -0.460464  0.00324109
        1596       -0.52   -0.460501  0.00323927
        1597       -0.44   -0.460488  0.00323727
        1598       -0.52   -0.460526  0.00323546
        1599       -0.44   -0.460513  0.00323346
        1600       -0.44     -0.4605  0.00323146
        1601       -0.52   -0.460537  0.00322966
        1602       -0.44   -0.460524  0.00322767
        1603       -0.28   -0.460412  0.00322762
        1604        -0.6   -0.460499  0.00322678
        1605        -0.6   -0.460586  0.00322594
        1606       -0.68   -0.460722  0.00322682
        1607       -0.28    -0.46061  0.00322677
        1608       -0.52   -0.460647  0.00322498
        1609       -0.44   -0.460634    0.003223
        1610       -0.44   -0.460621  0.00322102
        1611       -0.36   -0.460559  0.00321963
        1612       -0.36   -0.460496  0.00321823
        1613       -0.36   -0.460434  0.00321684
        1614       -0.52   -0.460471  0.00321506
        1615        -0.6   -0.460557  0.00321423
        1616        -0.2   -0.460396  0.00321628
        1617       -0.28   -0.460284  0.00321623
        1618       -0.44   -0.460272  0.00321426
        1619       -0.44   -0.460259   0.0032123
        1620       -0.44   -0.460247  0.00321035
        1621       -0.44   -0.460234  0.00320839
        1622        -0.6   -0.460321  0.00320757
        1623       -0.44   -0.460308  0.00320562
        1624       -0.68   -0.460443   0.0032065
        1625       -0.76   -0.460628  0.00320982
        1626        -0.6   -0.460713  0.00320899
        1627       -0.52    -0.46075  0.00320722
        1628       -0.52   -0.460786  0.00320546
        1629       -0.44   -0.460773  0.00320352
        1630        -0.6   -0.460859  0.00320269
        1631       -0.52   -0.460895  0.00320093
        1632       -0.36   -0.460833  0.00319957
        1633       -0.44   -0.460821  0.00319763
        1634       -0.52   -0.460857  0.00319588
        1635       -0.44   -0.460844  0.00319395
        1636       -0.44   -0.460831  0.00319202
        1637       -0.28   -0.460721  0.00319199
        1638       -0.36   -0.460659  0.00319063
        1639       -0.44   -0.460647  0.00318871
        1640       -0.36   -0.460585  0.00318735
        1641       -0.28   -0.460475  0.00318731
        1642        -0.2   -0.460317  0.00318931
        1643       -0.36   -0.460256  0.00318796
        1644       -0.52   -0.460292  0.00318623
        1645       -0.44    -0.46028  0.00318431
        1646       -0.52   -0.460316  0.00318258
        1647       -0.68   -0.460449  0.00318345
        1648       -0.28    -0.46034   0.0031834
        1649       -0.52   -0.460376  0.00318167
        1650       -0.36   -0.460315  0.00318032
        1651       -0.44   -0.460303  0.00317842
        1652       -0.28   -0.460194  0.00317837
        1653       -0.36   -0.460133  0.00317703
        1654       -0.52   -0.460169  0.00317531
        1655       -0.52   -0.460205   0.0031736
        1656       -0.52   -0.460242  0.00317189
        1657       -0.44   -0.460229     0.00317
        1658       -0.44   -0.460217  0.00316811
        1659       -0.36   -0.460157  0.00316678
        1660       -0.52   -0.460193  0.00316507
        1661       -0.52   -0.460229  0.00316337
        1662        -0.6   -0.460313  0.00316259
        1663       -0.68   -0.460445  0.00316344
        1664        -0.6   -0.460529  0.00316265
        1665       -0.52   -0.460565  0.00316096
        1666       -0.44   -0.460552  0.00315908
        1667       -0.44    -0.46054  0.00315721
        1668       -0.36    -0.46048  0.00315589
        1669       -0.52   -0.460515   0.0031542
        1670        -0.6   -0.460599  0.00315342
        1671       -0.68    -0.46073  0.00315427
        1672        -0.6   -0.460813  0.00315348
        1673       -0.36   -0.460753  0.00315217
        1674        -0.2   -0.460597  0.00315413
        1675       -0.52   -0.460633  0.00315245
        1676       -0.44   -0.460621  0.00315059
        1677       -0.52   -0.460656  0.00314891
        1678       -0.36   -0.460596  0.00314761
        1679       -0.52   -0.460631  0.00314593
        1680       -0.44   -0.460619  0.00314408
        1681       -0.36   -0.460559  0.00314278
        1682       -0.68    -0.46069  0.00314362
        1683       -0.36    -0.46063  0.00314232
        1684       -0.36    -0.46057  0.00314102
        1685       -0.52   -0.460605  0.00313936
        1686        -0.6   -0.460688  0.00313858
        1687       -0.52   -0.460723  0.00313692
        1688       -0.44   -0.460711  0.00313509
        1689        -0.6   -0.460793  0.00313432
        1690       -0.52   -0.460828  0.00313266
        1691       -0.36   -0.460769  0.00313137
        1692        -0.6   -0.460851   0.0031306
        1693        -0.6   -0.460933  0.00312983
        1694       -0.44   -0.460921  0.00312801
        1695       -0.36   -0.460861  0.00312673
        1696       -0.36   -0.460802  0.00312545
        1697       -0.36   -0.460742  0.00312417
        1698       -0.28   -0.460636  0.00312415
        1699       -0.52   -0.460671   0.0031225
        1700        -0.6   -0.460753  0.00312174
        1701       -0.36   -0.460694  0.00312047
        1702        -0.2   -0.460541  0.00312239
        1703       -0.44   -0.460528  0.00312058
        1704       -0.52   -0.460563  0.00311895
        1705       -0.36   -0.460504  0.00311767
        1706       -0.36   -0.460445   0.0031164
        1707       -0.36   -0.460387  0.00311513
        1708       -0.44   -0.460375  0.00311333
        1709       -0.44   -0.460363  0.00311153
        1710       -0.44   -0.460351  0.00310974
        1711        -0.2   -0.460199  0.00311164
        1712       -0.36    -0.46014  0.00311037
        1713       -0.44   -0.460128  0.00310858
        1714        -0.2   -0.459977  0.00311047
        1715       -0.52   -0.460012  0.00310885
        1716       -0.44       -0.46  0.00310706
        1717       -0.44   -0.459988  0.00310527
        1718       -0.52   -0.460023  0.00310366
        1719       -0.44   -0.460012  0.00310188
        1720       -0.36   -0.459953  0.00310062
        1721       -0.44   -0.459942  0.00309884
        1722       -0.44    -0.45993  0.00309706
        1723       -0.44   -0.459919  0.00309529
        1724        -0.6       -0.46  0.00309456
        1725       -0.68   -0.460128  0.00309539
        1726       -0.28   -0.460023  0.00309536
        1727       -0.44   -0.460012  0.00309358
        1728       -0.44       -0.46  0.00309182
        1729       -0.36   -0.459942  0.00309057
        1730       -0.44   -0.459931   0.0030888
        1731       -0.44   -0.459919  0.00308704
        1732       -0.36   -0.459861   0.0030858
        1733       -0.52   -0.459896  0.00308421
        1734       -0.52   -0.459931  0.00308263
        1735       -0.68   -0.460058  0.00308346
        1736        -0.6   -0.460138  0.00308274
        1737       -0.36   -0.460081   0.0030815
        1738       -0.44   -0.460069  0.00307975
        1739       -0.36   -0.460012  0.00307852
        1740        -0.6   -0.460092   0.0030778
        1741        -0.6   -0.460172  0.00307708
        1742       -0.52   -0.460207  0.00307551
        1743       -0.52   -0.460241  0.00307393
        1744       -0.52   -0.460275  0.00307236
        1745        -0.6   -0.460355  0.00307164
        1746       -0.44   -0.460344  0.00306991
        1747       -0.52   -0.460378  0.00306834
        1748       -0.52   -0.460412  0.00306677
        1749       -0.44     -0.4604  0.00306504
        1750       -0.44   -0.460389  0.00306331
        1751       -0.28   -0.460286  0.00306329
        1752       -0.36   -0.460228  0.00306208
        1753       -0.04   -0.459989   0.0030697
        1754       -0.36   -0.459932  0.00306848
        1755       -0.36   -0.459875  0.00306726
        1756       -0.28   -0.459772  0.00306723
        1757       -0.52   -0.459806  0.00306567
        1758        -0.6   -0.459886  0.00306496
        1759        -0.6   -0.459966  0.00306426
        1760        -0.6   -0.460045  0.00306355
        1761       -0.44   -0.460034  0.00306183
        1762       -0.44   -0.460023  0.00306011
        1763       -0.68   -0.460147  0.00306092
        1764       -0.52   -0.460181  0.00305937
        1765       -0.44    -0.46017  0.00305766
        1766        -0.6   -0.460249  0.00305695
        1767       -0.36   -0.460192  0.00305575
        1768       -0.44   -0.460181  0.00305404
        1769       -0.44    -0.46017  0.00305234
        1770       -0.04   -0.459932  0.00305983
        1771       -0.28   -0.459831  0.00305979
        1772       -0.52   -0.459865  0.00305825
        1773       -0.44   -0.459853  0.00305655
        1774       -0.44   -0.459842  0.00305484
        1775       -0.44   -0.459831  0.00305314
        1776       -0.36   -0.459775  0.00305194
        1777       -0.44   -0.459764  0.00305025
        1778       -0.44   -0.459753  0.00304855
        1779       -0.36   -0.459696  0.00304735
        1780       -0.44   -0.459685  0.00304566
        1781       -0.76   -0.459854  0.00304861
        1782       -0.52   -0.459888  0.00304709
        1783       -0.44   -0.459877   0.0030454
        1784        -0.6   -0.459955  0.00304471
        1785       -0.44   -0.459944  0.00304302
        1786        -0.6   -0.460022  0.00304233
        1787       -0.44   -0.460011  0.00304065
        1788       -0.52   -0.460045  0.00303913
        1789        -0.2   -0.459899  0.00304091
        1790       -0.44   -0.459888  0.00303923
        1791       -0.44   -0.459877  0.00303755
        1792       -0.36   -0.459821  0.00303637
        1793        -0.2   -0.459677  0.00303813
        1794       -0.36   -0.459621  0.00303694
        1795       -0.44    -0.45961  0.00303527
        1796       -0.28    -0.45951  0.00303523
        1797       -0.44   -0.459499  0.00303356
        1798       -0.44   -0.459488  0.00303189
        1799       -0.68   -0.459611  0.00303268
        1800       -0.52   -0.459644  0.00303118
        1801       -0.36   -0.459589  0.00303001
        1802       -0.44   -0.459578  0.00302834
        1803       -0.44   -0.459567  0.00302668
        1804       -0.28   -0.459468  0.00302664
        1805       -0.28   -0.459368   0.0030266
        1806       -0.36   -0.459313  0.00302542
        1807       -0.36   -0.459258  0.00302425
        1808       -0.52   -0.459292  0.00302276
        1809        -0.6    -0.45937  0.00302209
        1810       -0.52   -0.459403  0.00302061
        1811       -0.52   -0.459437  0.00301912
        1812       -0.68   -0.459558  0.00301991
        1813       -0.68    -0.45968  0.00302069
        1814       -0.76   -0.459846  0.00302356
        1815        -0.6   -0.459923  0.00302288
        1816        -0.6       -0.46   0.0030222
        1817        -0.6   -0.460077  0.00302152
        1818       -0.68   -0.460198  0.00302228
        1819        -0.6   -0.460275  0.00302159
        1820        -0.6   -0.460352  0.00302091
        1821       -0.44    -0.46034  0.00301927
        1822       -0.52   -0.460373  0.00301779
        1823       -0.28   -0.460274  0.00301776
        1824       -0.44   -0.460263  0.00301612
        1825        -0.6    -0.46034  0.00301544
        1826       -0.52   -0.460372  0.00301397
        1827       -0.52   -0.460405  0.00301249
        1828       -0.52   -0.460438  0.00301102
        1829       -0.52    -0.46047  0.00300955
        1830       -0.36   -0.460415  0.00300841
        1831       -0.28   -0.460317  0.00300838
        1832        -0.6   -0.460393   0.0030077
        1833        -0.2   -0.460251  0.00300941
        1834       -0.36   -0.460196  0.00300827
        1835       -0.36   -0.460142  0.00300713
        1836       -0.52   -0.460174  0.00300566
        1837       -0.36    -0.46012  0.00300452
        1838       -0.36   -0.460065  0.00300338
        1839       -0.52   -0.460098  0.00300193
        1840       -0.52    -0.46013  0.00300047
        1841       -0.52   -0.460163  0.00299902
        1842       -0.28   -0.460065  0.00299898
        1843       -0.44   -0.460054  0.00299738
        1844       -0.52   -0.460087  0.00299593
        1845       -0.52   -0.460119  0.00299448
        1846       -0.52   -0.460152  0.00299303
        1847       -0.52   -0.460184  0.00299159
        1848       -0.44   -0.460173  0.00298999
        1849        -0.6   -0.460249  0.00298933
        1850       -0.44   -0.460238  0.00298773
        1851       -0.52    -0.46027  0.00298629
        1852       -0.36   -0.460216  0.00298517
        1853       -0.36   -0.460162  0.00298405
        1854       -0.44   -0.460151  0.00298246
        1855       -0.52   -0.460183  0.00298103
        1856       -0.52   -0.460216  0.00297959
        1857       -0.36   -0.460162  0.00297848
        1858       -0.52   -0.460194  0.00297705
        1859       -0.52   -0.460226  0.00297562
        1860       -0.44   -0.460215  0.00297404
        1861       -0.44   -0.460204  0.00297246
        1862       -0.36    -0.46015  0.00297135
        1863       -0.28   -0.460054  0.00297133
        1864       -0.36       -0.46  0.00297022
        1865       -0.36   -0.459946  0.00296912
        1866       -0.36   -0.459893  0.00296801
        1867       -0.44   -0.459882  0.00296644
        1868       -0.36   -0.459829  0.00296533
        1869        -0.6   -0.459904  0.00296469
        1870       -0.52   -0.459936  0.00296328
        1871        -0.6   -0.460011  0.00296264
        1872       -0.52   -0.460043  0.00296123
        1873       -0.36   -0.459989  0.00296013
        1874       -0.36   -0.459936  0.00295903
        1875       -0.44   -0.459925  0.00295748
        1876       -0.04   -0.459701  0.00296436
        1877       -0.52   -0.459734  0.00296295
        1878       -0.36   -0.459681  0.00296185
        1879       -0.36   -0.459627  0.00296075
        1880       -0.68   -0.459745  0.00296149
        1881       -0.44   -0.459734  0.00295994
        1882       -0.44   -0.459724  0.00295838
        1883        -0.6   -0.459798  0.00295775
        1884       -0.44   -0.459788   0.0029562
        1885        -0.6   -0.459862  0.00295557
        1886        -0.6   -0.459936  0.00295493
        1887       -0.52   -0.459968  0.00295354
        1888       -0.52       -0.46  0.00295215
        1889        -0.6   -0.460074  0.00295151
        1890        -0.6   -0.460148  0.00295088
        1891        -0.6   -0.460222  0.00295025
        1892       -0.68   -0.460338  0.00295097
        1893       -0.84   -0.460539  0.00295622
        1894       -0.68   -0.460655  0.00295693
        1895       -0.36   -0.460602  0.00295585
        1896       -0.36   -0.460549  0.00295476
        1897       -0.36   -0.460496  0.00295368
        1898        -0.6   -0.460569  0.00295304
        1899       -0.52     -0.4606  0.00295165
        1900       -0.28   -0.460505  0.00295163
        1901       -0.52   -0.460537  0.00295024
        1902       -0.44   -0.460526  0.00294871
        1903       -0.44   -0.460515  0.00294718
        1904        -0.6   -0.460588  0.00294654
        1905       -0.44   -0.460577  0.00294502
        1906       -0.52   -0.460609  0.00294364
        1907       -0.52    -0.46064  0.00294226
        1908       -0.76   -0.460797   0.0029449
        1909       -0.68   -0.460911  0.00294559
        1910       -0.68   -0.461026  0.00294628
        1911        -0.6   -0.461099  0.00294564
        1912       -0.52    -0.46113  0.00294426
        1913       -0.52    -0.46116  0.00294288
        1914       -0.28   -0.461066  0.00294286
        1915        -0.6   -0.461138  0.00294222
        1916       -0.44   -0.461127  0.00294071
        1917       -0.44   -0.461116  0.00293919
        1918       -0.68    -0.46123  0.00293987
        1919       -0.52   -0.461261   0.0029385
        1920       -0.44    -0.46125  0.00293699
        1921       -0.44   -0.461239  0.00293548
        1922       -0.52    -0.46127  0.00293412
        1923       -0.44   -0.461258  0.00293261
        1924       -0.52   -0.461289  0.00293125
        1925       -0.44   -0.461278  0.00292974
        1926       -0.44   -0.461267  0.00292824
        1927       -0.36   -0.461214   0.0029272
        1928       -0.44   -0.461203   0.0029257
        1929       -0.36   -0.461151  0.00292465
        1930       -0.12   -0.460974  0.00292847
        1931       -0.44   -0.460963  0.00292698
        1932       -0.52   -0.460994  0.00292562
        1933       -0.52   -0.461024  0.00292427
        1934       -0.28   -0.460931  0.00292425
        1935       -0.52   -0.460961   0.0029229
        1936       -0.44    -0.46095  0.00292141
        1937        -0.6   -0.461022  0.00292078
        1938       -0.44   -0.461011   0.0029193
        1939        -0.6   -0.461083  0.00291867
        1940       -0.52   -0.461113  0.00291733
        1941       -0.44   -0.461103  0.00291584
        1942       -0.52   -0.461133   0.0029145
        1943       -0.44   -0.461122  0.00291302
        1944       -0.68   -0.461235   0.0029137
        1945        -0.6   -0.461306  0.00291307
        1946       -0.68   -0.461418  0.00291374
        1947       -0.52   -0.461448   0.0029124
        1948       -0.52   -0.461478  0.00291106
        1949       -0.44   -0.461467  0.00290959
        1950       -0.12   -0.461292  0.00291336
        1951       -0.28   -0.461199  0.00291335
        1952       -0.44   -0.461189  0.00291188
        1953        -0.6    -0.46126  0.00291125
        1954        -0.6   -0.461331  0.00291063
        1955       -0.36   -0.461279   0.0029096
        1956       -0.36   -0.461227  0.00290857
        1957       -0.36   -0.461175  0.00290755
        1958       -0.44   -0.461164  0.00290608
        1959       -0.44   -0.461154  0.00290462
        1960       -0.36   -0.461102   0.0029036
        1961       -0.52   -0.461132  0.00290227
        1962       -0.52   -0.461162  0.00290095
        1963       -0.68   -0.461274  0.00290161
        1964       -0.52   -0.461303  0.00290029
        1965       -0.44   -0.461293  0.00289883
        1966       -0.44   -0.461282  0.00289738
        1967       -0.52   -0.461312  0.00289606
        1968       -0.68   -0.461423  0.00289672
        1969        -0.6   -0.461493   0.0028961
        1970       -0.44   -0.461482  0.00289465
        1971       -0.44   -0.461471   0.0028932
        1972       -0.52   -0.461501  0.00289189
        1973       -0.36    -0.46145  0.00289088
        1974       -0.36   -0.461398  0.00288987
        1975       -0.28   -0.461306  0.00288987
        1976       -0.36   -0.461255  0.00288886
        1977       -0.44   -0.461244  0.00288742
        1978       -0.36   -0.461193  0.00288641
        1979       -0.52   -0.461223  0.00288511
        1980       -0.36   -0.461172   0.0028841
        1981       -0.52   -0.461201   0.0028828
        1982        -0.6   -0.461271   0.0028822
        1983       -0.52   -0.461301  0.00288089
        1984       -0.44    -0.46129  0.00287946
        1985       -0.28   -0.461199  0.00287946
        1986       -0.28   -0.461108  0.00287946
        1987       -0.52   -0.461137  0.00287816
        1988       -0.52   -0.461167  0.00287686
        1989       -0.68   -0.461277  0.00287752
        1990        -0.6   -0.461347  0.00287692
        1991       -0.68   -0.461457  0.00287757
        1992       -0.44   -0.461446  0.00287614
        1993       -0.36   -0.461395  0.00287515
        1994       -0.44   -0.461384  0.00287373
        1995       -0.44   -0.461373  0.00287231
        1996       -0.52   -0.461403  0.00287102
        1997       -0.52   -0.461432  0.00286973
        1998       -0.36   -0.461381  0.00286875
        1999       -0.44   -0.461371  0.00286733
        2000       -0.28    -0.46128  0.00286733
        2001       -0.52   -0.461309  0.00286605
        2002       -0.44   -0.461299  0.00286464
        2003       -0.52   -0.461328  0.00286336
        2004       -0.36   -0.461277  0.00286237
        2005       -0.52   -0.461307  0.00286109
        2006       -0.36   -0.461256  0.00286011
        2007       -0.36   -0.461206  0.00285913
        2008       -0.44   -0.461195  0.00285773
        2009       -0.44   -0.461185  0.00285633
        2010       -0.44   -0.461174  0.00285493
        2011       -0.52   -0.461203  0.00285366
        2012       -0.44   -0.461193  0.00285226
        2013       -0.44   -0.461182  0.00285086
        2014       -0.52   -0.461212  0.00284959
        2015        -0.6    -0.46128  0.00284901
        2016       -0.44    -0.46127  0.00284762
        2017       -0.36    -0.46122  0.00284665
        2018       -0.52   -0.461249  0.00284539
        2019       -0.44   -0.461238    0.002844
        2020       -0.28   -0.461149    0.002844
        2021       -0.44   -0.461138  0.00284262
        2022       -0.44   -0.461128  0.00284123
        2023       -0.36   -0.461078  0.00284026
        2024        -0.6   -0.461146  0.00283969
        2025        -0.6   -0.461215  0.00283912
        2026       -0.44   -0.461204  0.00283773
        2027       -0.44   -0.461194  0.00283635
        2028       -0.28   -0.461105  0.00283636
        2029       -0.36   -0.461055   0.0028354
        2030       -0.52   -0.461084  0.00283415
        2031       -0.52   -0.461113  0.00283291
        2032        -0.6   -0.461181  0.00283234
        2033        -0.6   -0.461249  0.00283177
        2034       -0.44   -0.461239  0.00283039
        2035        -0.6   -0.461307  0.00282982
        2036       -0.44   -0.461297  0.00282845
        2037       -0.52   -0.461325  0.00282721
        2038       -0.36   -0.461276  0.00282626
        2039       -0.36   -0.461226  0.00282531
        2040       -0.36   -0.461176  0.00282436
        2041       -0.44   -0.461166    0.002823
        2042        -0.6   -0.461234  0.00282243
        2043       -0.36   -0.461185  0.00282149
        2044       -0.52   -0.461213  0.00282025
        2045       -0.44   -0.461203  0.00281889
        2046       -0.52   -0.461232  0.00281766
        2047       -0.44   -0.461221   0.0028163
        2048        -0.6   -0.461289  0.00281574
        2049       -0.68   -0.461396  0.00281639
        2050        -0.6   -0.461463  0.00281583
        2051       -0.52   -0.461492   0.0028146
        2052       -0.28   -0.461404  0.00281462
        2053       -0.52   -0.461432  0.00281339
        2054        -0.6     -0.4615  0.00281283
        2055       -0.68   -0.461606  0.00281347
        2056       -0.36   -0.461556  0.00281254
        2057       -0.44   -0.461546  0.00281119
        2058       -0.52   -0.461574  0.00280997
        2059        -0.6   -0.461642  0.00280941
        2060       -0.36   -0.461592  0.00280848
        2061       -0.36   -0.461543  0.00280755
        2062       -0.44   -0.461532   0.0028062
        2063       -0.28   -0.461444  0.00280622
        2064       -0.36   -0.461395  0.00280529
        2065        -0.6   -0.461462  0.00280474
        2066       -0.68   -0.461568  0.00280538
        2067       -0.44   -0.461558  0.00280404
        2068       -0.44   -0.461547   0.0028027
        2069       -0.44   -0.461537  0.00280137
        2070        -0.6   -0.461604  0.00280081
        2071       -0.36   -0.461555  0.00279989
        2072       -0.52   -0.461583  0.00279868
        2073        -0.6    -0.46165  0.00279813
        2074        -0.6   -0.461716  0.00279757
        2075       -0.52   -0.461745  0.00279636
        2076       -0.44   -0.461734  0.00279504
        2077        -0.6   -0.461801  0.00279448
        2078        -0.6   -0.461867  0.00279393
        2079       -0.52   -0.461895  0.00279273
        2080       -0.44   -0.461885   0.0027914
        2081        -0.6   -0.461951  0.00279085
        2082       -0.44    -0.46194  0.00278953
        2083       -0.52   -0.461968  0.00278833
        2084       -0.36   -0.461919  0.00278742
        2085       -0.28   -0.461832  0.00278745
        2086       -0.52    -0.46186  0.00278625
        2087       -0.36   -0.461811  0.00278535
        2088       -0.44   -0.461801  0.00278403
        2089       -0.28   -0.461714  0.00278406
        2090       -0.28   -0.461627  0.00278408
        2091       -0.52   -0.461655  0.00278289
        2092        -0.6   -0.461721  0.00278235
        2093       -0.36   -0.461672  0.00278144
        2094       -0.44   -0.461662  0.00278013
        2095       -0.44   -0.461652  0.00277883
        2096        -0.6   -0.461718  0.00277828
        2097       -0.68   -0.461822  0.00277891
        2098        -0.6   -0.461888  0.00277836
        2099        -0.6   -0.461953  0.00277782
        2100       -0.36   -0.461905  0.00277692
        2101       -0.44   -0.461894  0.00277562
        2102       -0.28   -0.461808  0.00277565
        2103        -0.6   -0.461874   0.0027751
        2104       -0.52   -0.461901  0.00277392
        2105       -0.44   -0.461891  0.00277262
        2106       -0.52   -0.461918  0.00277145
        2107       -0.44   -0.461908  0.00277015
        2108       -0.36    -0.46186  0.00276926
        2109       -0.52   -0.461887  0.00276808
        2110       -0.44   -0.461877  0.00276679
        2111        -0.6   -0.461942  0.00276625
        2112       -0.52    -0.46197  0.00276508
        2113       -0.52   -0.461997  0.00276391
        2114       -0.68     -0.4621  0.00276452
        2115       -0.68   -0.462203  0.00276513
        2116        -0.6   -0.462268  0.00276459
        2117       -0.52   -0.462296  0.00276342
        2118        -0.6   -0.462361  0.00276288
        2119        -0.6   -0.462426  0.00276234
        2120       -0.68   -0.462528  0.00276295
        2121       -0.44   -0.462518  0.00276166
        2122       -0.52   -0.462545  0.00276049
        2123       -0.52   -0.462572  0.00275933
        2124       -0.28   -0.462486  0.00275937
        2125        -0.2   -0.462362  0.00276083
        2126       -0.28   -0.462277  0.00276086
        2127       -0.36   -0.462228  0.00275999
        2128       -0.44   -0.462218  0.00275871
        2129       -0.52   -0.462245  0.00275755
        2130       -0.52   -0.462272  0.00275638
        2131       -0.28   -0.462187  0.00275642
        2132       -0.44   -0.462176  0.00275514
        2133       -0.68   -0.462278  0.00275574
        2134       -0.52   -0.462306  0.00275459
        2135        -0.6    -0.46237  0.00275405
        2136        -0.6   -0.462434  0.00275352
        2137        -0.6   -0.462499  0.00275298
        2138       -0.44   -0.462488  0.00275171
        2139        -0.6   -0.462553  0.00275118
        2140       -0.52   -0.462579  0.00275002
        2141       -0.36   -0.462532  0.00274915
        2142       -0.44   -0.462521  0.00274789
        2143       -0.52   -0.462548  0.00274674
        2144       -0.52   -0.462575  0.00274559
        2145       -0.36   -0.462527  0.00274473
        2146       -0.44   -0.462516  0.00274347
        2147       -0.44   -0.462506  0.00274221
        2148       -0.36   -0.462458  0.00274135
        2149       -0.36    -0.46241  0.00274049
        2150       -0.52   -0.462437  0.00273934
        2151       -0.36    -0.46239  0.00273848
        2152       -0.36   -0.462342  0.00273762
        2153       -0.52   -0.462369  0.00273648
        2154        -0.6   -0.462433  0.00273596
        2155       -0.68   -0.462534  0.00273655
        2156       -0.52    -0.46256  0.00273541
        2157       -0.68   -0.462661    0.002736
        2158       -0.44   -0.462651  0.00273475
        2159       -0.28   -0.462566  0.00273479
        2160       -0.36   -0.462519  0.00273394
        2161       -0.68   -0.462619  0.00273453
        2162        -0.6   -0.462683    0.002734
        2163       -0.44   -0.462672  0.00273276
        2164       -0.28   -0.462588   0.0027328
        2165       -0.28   -0.462503  0.00273284
        2166       -0.44   -0.462493  0.00273159
        2167       -0.52    -0.46252  0.00273046
        2168       -0.44   -0.462509  0.00272922
        2169       -0.36   -0.462462  0.00272837
        2170       -0.36   -0.462415  0.00272752
        2171       -0.44   -0.462404  0.00272629
        2172       -0.52   -0.462431  0.00272516
        2173       -0.36   -0.462384  0.00272432
        2174       -0.44   -0.462374  0.00272308
        2175       -0.44   -0.462363  0.00272185
        2176        -0.6   -0.462426  0.00272133
        2177       -0.68   -0.462526  0.00272192
        2178       -0.52   -0.462553   0.0027208
        2179       -0.52   -0.462579  0.00271967
        2180       -0.44   -0.462569  0.00271845
        2181       -0.52   -0.462595  0.00271733
        2182       -0.44   -0.462585   0.0027161
        2183       -0.44   -0.462574  0.00271488
        2184       -0.52   -0.462601  0.00271376
        2185       -0.44    -0.46259  0.00271254
        2186       -0.28   -0.462507  0.00271258
        2187       -0.44   -0.462497  0.00271136
        2188       -0.52   -0.462523  0.00271025
        2189        -0.6   -0.462586  0.00270974
        2190       -0.52   -0.462612  0.00270863
        2191       -0.68   -0.462711  0.00270921
        2192       -0.68    -0.46281  0.00270979
        2193       -0.68   -0.462909  0.00271036
        2194        -0.6   -0.462972  0.00270985
        2195        -0.6   -0.463034  0.00270933
        2196       -0.68   -0.463133   0.0027099
        2197       -0.76   -0.463268  0.00271203
        2198       -0.52   -0.463294  0.00271092
        2199        -0.6   -0.463356   0.0027104
        2200        -0.6   -0.463418  0.00270988
        2201        -0.6    -0.46348  0.00270936
        2202       -0.52   -0.463506  0.00270825
        2203       -0.68   -0.463604   0.0027088
        2204       -0.52    -0.46363   0.0027077
        2205       -0.52   -0.463655  0.00270659
        2206       -0.36   -0.463608  0.00270577
        2207       -0.36   -0.463561  0.00270495
        2208       -0.28   -0.463478    0.002705
        2209       -0.68   -0.463576  0.00270555
        2210       -0.52   -0.463602  0.00270445
        2211       -0.52   -0.463627  0.00270335
        2212       -0.52   -0.463653  0.00270224
        2213       -0.68   -0.463751  0.00270279
        2214       -0.68   -0.463848  0.00270333
        2215       -0.28   -0.463765  0.00270339
        2216       -0.52   -0.463791  0.00270229
        2217        -0.6   -0.463852  0.00270177
        2218       -0.52   -0.463877  0.00270067
        2219       -0.12   -0.463722  0.00270389
        2220       -0.44   -0.463712   0.0027027
        2221       -0.76   -0.463845  0.00270477
        2222       -0.68   -0.463942   0.0027053
        2223        -0.6   -0.464004  0.00270478
        2224       -0.28   -0.463921  0.00270482
        2225       -0.52   -0.463946  0.00270373
        2226       -0.36   -0.463899  0.00270292
        2227       -0.52   -0.463925  0.00270182
        2228       -0.68   -0.464022  0.00270235
        2229       -0.52   -0.464047  0.00270125
        2230       -0.44   -0.464036  0.00270006
        2231        -0.6   -0.464097  0.00269954
        2232       -0.36    -0.46405  0.00269873
        2233       -0.36   -0.464004  0.00269793
        2234       -0.44   -0.463993  0.00269674
        2235       -0.44   -0.463982  0.00269555
        2236       -0.52   -0.464007  0.00269446
        2237       -0.52   -0.464032  0.00269338
        2238       -0.44   -0.464021  0.00269219
        2239       -0.52   -0.464046  0.00269111
        2240       -0.44   -0.464036  0.00268993
        2241        -0.6   -0.464096  0.00268941
        2242       -0.44   -0.464086  0.00268823
        2243        -0.2   -0.463968  0.00268961
        2244       -0.28   -0.463886  0.00268966
        2245       -0.36    -0.46384  0.00268886
        2246       -0.52   -0.463865  0.00268778
        2247       -0.44   -0.463854  0.00268661
        2248       -0.44   -0.463843  0.00268543
        2249       -0.52   -0.463868  0.00268435
        2250        -0.6   -0.463929  0.00268384
        2251       -0.52   -0.463954  0.00268277
        2252       -0.28   -0.463872  0.00268282
        2253       -0.36   -0.463826  0.00268202
        2254       -0.44   -0.463815  0.00268086
        2255        -0.6   -0.463876  0.00268035
        2256       -0.28   -0.463794   0.0026804
        2257       -0.28   -0.463713  0.00268045
        2258        -0.6   -0.463773  0.00267994
        2259       -0.28   -0.463692  0.00267999
        2260        -0.6   -0.463752  0.00267948
        2261       -0.44   -0.463742  0.00267832
        2262       -0.36   -0.463696  0.00267752
        2263       -0.36    -0.46365  0.00267673
        2264       -0.52   -0.463675  0.00267567
        2265       -0.52     -0.4637   0.0026746
        2266       -0.36   -0.463654  0.00267381
        2267       -0.52   -0.463679  0.00267275
        2268       -0.36   -0.463633  0.00267196
        2269       -0.36   -0.463587  0.00267117
        2270       -0.44   -0.463577  0.00267002
        2271       -0.44   -0.463567  0.00266886
        2272       -0.52   -0.463592   0.0026678
        2273       -0.44   -0.463581  0.00266665
        2274       -0.36   -0.463536  0.00266586
        2275       -0.52    -0.46356  0.00266481
        2276       -0.44    -0.46355  0.00266366
        2277       -0.52   -0.463575   0.0026626
        2278       -0.52     -0.4636  0.00266155
        2279       -0.12   -0.463449  0.00266465
        2280       -0.36   -0.463404  0.00266387
        2281        -0.6   -0.463463  0.00266337
        2282       -0.44   -0.463453  0.00266222
        2283       -0.44   -0.463443  0.00266108
        2284       -0.52   -0.463468  0.00266003
        2285       -0.52   -0.463492  0.00265898
        2286       -0.36   -0.463447   0.0026582
        2287       -0.52   -0.463472  0.00265715
        2288       -0.36   -0.463427  0.00265638
        2289       -0.36   -0.463381   0.0026556
        2290       -0.44   -0.463371  0.00265446
        2291       -0.44   -0.463361  0.00265332
        2292       -0.52   -0.463386  0.00265228
        2293       -0.36   -0.463341  0.00265151
        2294        -0.6     -0.4634  0.00265102
        2295        -0.6    -0.46346  0.00265053
        2296       -0.52   -0.463484  0.00264949
        2297       -0.76   -0.463613  0.00265148
        2298        -0.6   -0.463673  0.00265099
        2299        -0.6   -0.463732   0.0026505
        2300       -0.52   -0.463757  0.00264946
        2301       -0.44   -0.463746  0.00264833
        2302       -0.44   -0.463736   0.0026472
        2303        -0.6   -0.463795  0.00264671
        2304       -0.36    -0.46375  0.00264595
        2305       -0.52   -0.463774  0.00264491
        2306       -0.68   -0.463868  0.00264543
        2307       -0.68   -0.463962  0.00264594
        2308        -0.6   -0.464021  0.00264545
        2309        -0.6    -0.46408  0.00264496
        2310       -0.44   -0.464069  0.00264383
        2311       -0.36   -0.464024  0.00264307
        2312        -0.2    -0.46391  0.00264439
        2313        -0.2   -0.463796  0.00264571
        2314       -0.36   -0.463751  0.00264495
        2315       -0.36   -0.463706  0.00264419
        2316        -0.6   -0.463765   0.0026437
        2317       -0.52   -0.463789  0.00264267
        2318       -0.44   -0.463779  0.00264155
        2319       -0.52   -0.463803  0.00264052
        2320       -0.52   -0.463828  0.00263949
        2321       -0.68   -0.463921     0.00264
        2322        -0.6   -0.463979  0.00263951
        2323       -0.68   -0.464072  0.00264001
        2324        -0.6   -0.464131  0.00263953
        2325       -0.44    -0.46412  0.00263841
        2326       -0.68   -0.464213  0.00263891
        2327        -0.6   -0.464272  0.00263842
        2328       -0.36   -0.464227  0.00263767
        2329       -0.44   -0.464216  0.00263656
        2330       -0.36   -0.464172   0.0026358
        2331       -0.44   -0.464161  0.00263469
        2332       -0.52   -0.464185  0.00263367
        2333       -0.44   -0.464175  0.00263256
        2334       -0.52   -0.464199  0.00263154
        2335       -0.44   -0.464188  0.00263044
        2336       -0.28    -0.46411  0.00263049
        2337       -0.44   -0.464099  0.00262939
        2338        -0.6   -0.464157  0.00262891
        2339       -0.36   -0.464113  0.00262816
        2340        -0.6   -0.464171  0.00262768
        2341       -0.52   -0.464195  0.00262666
        2342       -0.44   -0.464184  0.00262556
        2343       -0.68   -0.464277  0.00262606
        2344       -0.36   -0.464232  0.00262531
        2345       -0.52   -0.464256   0.0026243
        2346       -0.68   -0.464348  0.00262479
        2347       -0.52   -0.464372  0.00262378
        2348       -0.36   -0.464327  0.00262304
        2349        -0.6   -0.464385  0.00262256
        2350       -0.28   -0.464306  0.00262262
        2351       -0.44   -0.464296  0.00262152
        2352       -0.68   -0.464388  0.00262201
        2353       -0.68   -0.464479   0.0026225
        2354       -0.68   -0.464571  0.00262298
        2355       -0.44   -0.464561  0.00262189
        2356       -0.36   -0.464516  0.00262115
        2357       -0.68   -0.464608  0.00262163
        2358        -0.2   -0.464495  0.00262292
        2359       -0.52   -0.464519  0.00262191
        2360       -0.44   -0.464508  0.00262082
        2361       -0.52   -0.464532  0.00261982
        2362       -0.36   -0.464488  0.00261908
        2363       -0.36   -0.464444  0.00261835
        2364       -0.28   -0.464365   0.0026184
        2365       -0.28   -0.464288  0.00261846
        2366       -0.36   -0.464243  0.00261772
        2367       -0.44   -0.464233  0.00261664
        2368       -0.52   -0.464257  0.00261564
        2369       -0.12   -0.464111  0.00261857
        2370       -0.36   -0.464068  0.00261783
        2371       -0.36   -0.464024  0.00261709
        2372       -0.36    -0.46398  0.00261636
        2373       -0.28   -0.463902   0.0026164
        2374       -0.52   -0.463926  0.00261541
        2375       -0.44   -0.463916  0.00261433
        2376       -0.44   -0.463906  0.00261325
        2377       -0.44   -0.463896  0.00261217
        2378       -0.68   -0.463987  0.00261265
        2379        -0.6   -0.464044  0.00261217
        2380       -0.52   -0.464067  0.00261118
        2381       -0.52   -0.464091  0.00261019
        2382       -0.36   -0.464047  0.00260946
        2383       -0.44   -0.464037  0.00260839
        2384        -0.6   -0.464094  0.00260792
        2385       -0.76   -0.464218  0.00260977
        2386       -0.52   -0.464241  0.00260878
        2387       -0.52   -0.464265  0.00260779
        2388       -0.36   -0.464221  0.00260707
        2389       -0.36   -0.464177  0.00260634
        2390       -0.52   -0.464201  0.00260536
        2391       -0.52   -0.464224  0.00260437
        2392       -0.36   -0.464181  0.00260365
        2393       -0.36   -0.464137  0.00260292
        2394       -0.28    -0.46406  0.00260297
        2395       -0.44    -0.46405   0.0026019
        2396       -0.28   -0.463973  0.00260195
        2397       -0.44   -0.463963  0.00260088
        2398       -0.36    -0.46392  0.00260016
        2399       -0.28   -0.463843  0.00260021
        2400        -0.6     -0.4639  0.00259974
        2401       -0.28   -0.463823  0.00259979
        2402       -0.52   -0.463847  0.00259881
        2403       -0.52    -0.46387  0.00259783
        2404       -0.52   -0.463894  0.00259686
        2405        -0.6    -0.46395   0.0025964
        2406        -0.6   -0.464007  0.00259593
        2407       -0.52    -0.46403  0.00259496
        2408       -0.36   -0.463987  0.00259424
        2409       -0.52    -0.46401  0.00259327
        2410       -0.28   -0.463934  0.00259331
        2411       -0.52   -0.463957  0.00259234
        2412       -0.36   -0.463914  0.00259163
        2413       -0.52   -0.463937  0.00259066
        2414        -0.6   -0.463993   0.0025902
        2415       -0.44   -0.463983  0.00258914
        2416       -0.36    -0.46394  0.00258843
        2417       -0.52   -0.463964  0.00258746
        2418       -0.52   -0.463987   0.0025865
        2419       -0.28   -0.463911  0.00258655
        2420       -0.36   -0.463868  0.00258583
        2421       -0.68   -0.463957  0.00258631
        2422       -0.68   -0.464046  0.00258678
        2423       -0.52   -0.464069  0.00258581
        2424       -0.52   -0.464092  0.00258485
        2425        -0.6   -0.464148  0.00258439
        2426       -0.44   -0.464138  0.00258334
        2427       -0.28   -0.464063  0.00258339
        2428       -0.36    -0.46402  0.00258268
        2429       -0.36   -0.463977  0.00258197
        2430       -0.36   -0.463934  0.00258127
        2431       -0.44   -0.463924  0.00258022
        2432        -0.6    -0.46398  0.00257977
        2433        -0.6   -0.464036  0.00257931
        2434       -0.44   -0.464026  0.00257827
        2435       -0.68   -0.464115  0.00257874
        2436       -0.36   -0.464072  0.00257804
        2437       -0.44   -0.464062    0.002577
        2438       -0.52   -0.464085  0.00257604
        2439        -0.6   -0.464141  0.00257559
        2440       -0.52   -0.464164  0.00257463
        2441       -0.36   -0.464121  0.00257393
        2442       -0.44   -0.464111   0.0025729
        2443       -0.52   -0.464134  0.00257195
        2444        -0.6    -0.46419   0.0025715
        2445       -0.52   -0.464213  0.00257055
        2446       -0.44   -0.464203  0.00256951
        2447       -0.44   -0.464193  0.00256848
        2448       -0.44   -0.464183  0.00256745
        2449       -0.44   -0.464173  0.00256642
        2450       -0.52   -0.464196  0.00256548
        2451        -0.6   -0.464251  0.00256503
        2452       -0.44   -0.464241    0.002564
        2453       -0.44   -0.464232  0.00256297
        2454       -0.44   -0.464222  0.00256195
        2455       -0.36   -0.464179  0.00256126
        2456       -0.36   -0.464137  0.00256057
        2457       -0.28   -0.464062  0.00256062
        2458       -0.52   -0.464085  0.00255968
        2459        -0.6    -0.46414  0.00255924
        2460       -0.36   -0.464098  0.00255855
        2461       -0.52    -0.46412  0.00255761
        2462       -0.36   -0.464078  0.00255692
        2463       -0.52   -0.464101  0.00255598
        2464       -0.52   -0.464123  0.00255504
        2465       -0.28   -0.464049   0.0025551
        2466       -0.28   -0.463974  0.00255515
        2467       -0.52   -0.463997  0.00255422
        2468       -0.36   -0.463955  0.00255353
        2469       -0.52   -0.463977   0.0025526
        2470       -0.36   -0.463935  0.00255191
        2471       -0.36   -0.463893  0.00255122
        2472       -0.44   -0.463883  0.00255021
        2473       -0.52   -0.463906  0.00254928
        2474       -0.44   -0.463897  0.00254827
        2475       -0.52   -0.463919  0.00254734
        2476       -0.52   -0.463942  0.00254641
        2477       -0.52   -0.463964  0.00254548
        2478        -0.6   -0.464019  0.00254505
        2479       -0.52   -0.464042  0.00254412
        2480       -0.44   -0.464032  0.00254311
        2481       -0.36    -0.46399  0.00254243
        2482       -0.28   -0.463916  0.00254249
        2483       -0.28   -0.463842  0.00254255
        2484       -0.12   -0.463704  0.00254529
        2485       -0.36   -0.463662  0.00254461
        2486       -0.28   -0.463588  0.00254465
        2487       -0.44   -0.463579  0.00254365
        2488        -0.6   -0.463633  0.00254322
        2489       -0.36   -0.463592  0.00254254
        2490       -0.36    -0.46355  0.00254186
        2491        -0.6   -0.463605  0.00254142
        2492       -0.36   -0.463563  0.00254075
        2493       -0.36   -0.463522  0.00254007
        2494       -0.28   -0.463448  0.00254011
        2495       -0.44   -0.463439  0.00253911
        2496       -0.52   -0.463462   0.0025382
        2497       -0.36    -0.46342  0.00253752
        2498       -0.44   -0.463411  0.00253652
        2499       -0.44   -0.463401  0.00253552
        2500       -0.52   -0.463424  0.00253461
        2501       -0.44   -0.463415  0.00253361
        2502        -0.6   -0.463469  0.00253319
        2503       -0.44    -0.46346  0.00253219
        2504       -0.28   -0.463387  0.00253224
        2505       -0.36   -0.463345  0.00253157
        2506       -0.44   -0.463336  0.00253057
        2507       -0.36   -0.463295   0.0025299
        2508       -0.28   -0.463222  0.00252995
        2509       -0.44   -0.463212  0.00252896
        2510       -0.52   -0.463235  0.00252805
        2511       -0.52   -0.463258  0.00252714
        2512        -0.6   -0.463312  0.00252672
        2513       -0.52   -0.463335  0.00252582
        2514       -0.68   -0.463421  0.00252628
        2515       -0.68   -0.463507  0.00252675
        2516        -0.6   -0.463561  0.00252632
        2517       -0.52   -0.463584  0.00252542
        2518       -0.52   -0.463606  0.00252452
        2519        -0.2   -0.463501  0.00252568
        2520       -0.52   -0.463524  0.00252478
        2521        -0.6   -0.463578  0.00252436
        2522       -0.68   -0.463664  0.00252482
        2523       -0.68    -0.46375  0.00252527
        2524       -0.28   -0.463677  0.00252532
        2525       -0.04   -0.463509  0.00252989
        2526        -0.2   -0.463405  0.00253104
        2527       -0.44   -0.463395  0.00253005
        2528        -0.2   -0.463291  0.00253119
        2529       -0.52   -0.463314  0.00253029
        2530       -0.36   -0.463273  0.00252962
        2531       -0.52   -0.463295  0.00252872
        2532        -0.6   -0.463349   0.0025283
        2533       -0.36   -0.463308  0.00252763
        2534        -0.2   -0.463204  0.00252877
        2535       -0.12   -0.463069  0.00253139
        2536       -0.36   -0.463028  0.00253072
        2537       -0.36   -0.462988  0.00253005
        2538       -0.44   -0.462979  0.00252907
        2539       -0.52   -0.463001  0.00252817
        2540       -0.52   -0.463024  0.00252728
        2541       -0.44   -0.463015   0.0025263
        2542       -0.52   -0.463037   0.0025254
        2543       -0.52   -0.463059  0.00252451
        2544       -0.36   -0.463019  0.00252384
        2545       -0.44    -0.46301  0.00252287
        2546       -0.44   -0.463001  0.00252189
        2547       -0.36    -0.46296  0.00252123
        2548        -0.6   -0.463014  0.00252081
        2549       -0.68   -0.463099  0.00252126
        2550       -0.52   -0.463122  0.00252037
        2551       -0.52   -0.463144  0.00251948
        2552        -0.6   -0.463197  0.00251906
        2553       -0.44   -0.463188  0.00251809
        2554       -0.36   -0.463148  0.00251743
        2555       -0.36   -0.463108  0.00251677
        2556       -0.52    -0.46313  0.00251588
        2557       -0.36    -0.46309  0.00251522
        2558       -0.52   -0.463112  0.00251434
        2559        -0.2   -0.463009  0.00251546
        2560       -0.36   -0.462969   0.0025148
        2561       -0.44    -0.46296  0.00251383
        2562       -0.44   -0.462951  0.00251286
        2563       -0.36   -0.462911   0.0025122
        2564       -0.36   -0.462871  0.00251155
        2565       -0.52   -0.462893  0.00251066
        2566       -0.52   -0.462915  0.00250979
        2567        -0.6   -0.462968  0.00250938
        2568       -0.44    -0.46296  0.00250841
        2569       -0.44   -0.462951  0.00250745
        2570       -0.28   -0.462879  0.00250749
        2571       -0.52   -0.462902  0.00250661
        2572       -0.52   -0.462924  0.00250574
        2573       -0.68   -0.463008  0.00250618
        2574       -0.52    -0.46303  0.00250531
        2575       -0.52   -0.463052  0.00250443
        2576       -0.52   -0.463075  0.00250356
        2577       -0.44   -0.463066   0.0025026
        2578       -0.44   -0.463057  0.00250165
        2579       -0.28   -0.462986  0.00250168
        2580       -0.36   -0.462946  0.00250103
        2581       -0.36   -0.462906  0.00250038
        2582        -0.6   -0.462959  0.00249998
        2583       -0.44    -0.46295  0.00249902
        2584       -0.44   -0.462941  0.00249807
        2585       -0.36   -0.462901  0.00249742
        2586       -0.36   -0.462862  0.00249677
        2587       -0.52   -0.462884  0.00249591
        2588       -0.36   -0.462844  0.00249526
        2589       -0.52   -0.462866  0.00249439
        2590       -0.52   -0.462888  0.00249353
        2591        -0.6   -0.462941  0.00249313
        2592       -0.28    -0.46287  0.00249316
        2593       -0.36   -0.462831  0.00249252
        2594       -0.36   -0.462791  0.00249187
        2595       -0.44   -0.462782  0.00249093
        2596       -0.44   -0.462773  0.00248998
        2597       -0.36   -0.462734  0.00248934
        2598       -0.52   -0.462756  0.00248848
        2599       -0.44   -0.462747  0.00248754
        2600        -0.6     -0.4628  0.00248714
        2601       -0.36    -0.46276   0.0024865
        2602       -0.52   -0.462782  0.00248564
        2603       -0.44   -0.462774   0.0024847
        2604       -0.44   -0.462765  0.00248376
        2605       -0.44   -0.462756  0.00248282
        2606        -0.2   -0.462655  0.00248392
        2607       -0.44   -0.462647  0.00248298
        2608       -0.52   -0.462669  0.00248212
        2609       -0.68   -0.462752  0.00248257
        2610       -0.44   -0.462743  0.00248163
        2611       -0.68   -0.462827  0.00248208
        2612       -0.44   -0.462818  0.00248114
        2613       -0.52    -0.46284  0.00248029
        2614       -0.36     -0.4628  0.00247965
        2615       -0.44   -0.462792  0.00247872
        2616       -0.52   -0.462813  0.00247787
        2617        -0.6   -0.462866  0.00247748
        2618        -0.6   -0.462918  0.00247708
        2619       -0.52    -0.46294  0.00247623
        2620       -0.52   -0.462962  0.00247538
        2621       -0.44   -0.462953  0.00247446
        2622       -0.36   -0.462914  0.00247382
        2623       -0.28   -0.462844  0.00247386
        2624       -0.36   -0.462805  0.00247323
        2625       -0.36   -0.462766   0.0024726
        2626       -0.36   -0.462727  0.00247197
        2627        -0.6   -0.462779  0.00247158
        2628       -0.52   -0.462801  0.00247073
        2629       -0.52   -0.462822  0.00246989
        2630       -0.68   -0.462905  0.00247033
        2631       -0.44   -0.462896  0.00246941
        2632       -0.44   -0.462888  0.00246848
        2633       -0.12   -0.462757  0.00247098
        2634       -0.44   -0.462749  0.00247006
        2635       -0.28   -0.462679  0.00247009
        2636       -0.12   -0.462549  0.00247257
        2637        -0.2    -0.46245  0.00247364
        2638       -0.44   -0.462441  0.00247272
        2639       -0.28   -0.462372  0.00247275
        2640       -0.44   -0.462364  0.00247182
        2641       -0.52   -0.462385  0.00247098
        2642       -0.52   -0.462407  0.00247015
        2643       -0.36   -0.462369  0.00246951
        2644       -0.36    -0.46233  0.00246888
        2645       -0.36   -0.462291  0.00246825
        2646       -0.44   -0.462283  0.00246734
        2647        -0.6   -0.462335  0.00246695
        2648        -0.6   -0.462387  0.00246657
        2649        -0.6   -0.462439  0.00246618
        2650        -0.6   -0.462491   0.0024658
        2651       -0.52   -0.462512  0.00246496
        2652       -0.52   -0.462534  0.00246413
        2653       -0.52   -0.462556   0.0024633
        2654        -0.6   -0.462607  0.00246291
        2655       -0.68   -0.462689  0.00246335
        2656        -0.6   -0.462741  0.00246296
        2657       -0.68   -0.462823  0.00246339
        2658       -0.52   -0.462844  0.00246256
        2659       -0.52   -0.462866  0.00246173
        2660       -0.44   -0.462857  0.00246082
        2661       -0.36   -0.462818  0.00246019
        2662       -0.36    -0.46278  0.00245957
        2663        -0.2   -0.462681  0.00246063
        2664        -0.2   -0.462583  0.00246168
        2665       -0.28   -0.462514  0.00246171
        2666       -0.28   -0.462446  0.00246174
        2667        -0.6   -0.462497  0.00246135
        2668        -0.6   -0.462549  0.00246097
        2669       -0.52    -0.46257  0.00246014
        2670        -0.6   -0.462622  0.00245976
        2671       -0.44   -0.462613  0.00245885
        2672       -0.52   -0.462635  0.00245803
        2673       -0.36   -0.462596  0.00245741
        2674       -0.52   -0.462618  0.00245658
        2675       -0.36   -0.462579  0.00245596
        2676       -0.44   -0.462571  0.00245506
        2677       -0.52   -0.462592  0.00245424
        2678       -0.44   -0.462584  0.00245334
        2679       -0.52   -0.462605  0.00245251
        2680       -0.44   -0.462597  0.00245161
        2681        -0.2   -0.462499  0.00245265
        2682       -0.36   -0.462461  0.00245204
        2683       -0.28   -0.462393  0.00245207
        2684       -0.28   -0.462325  0.00245209
        2685       -0.28   -0.462257  0.00245212
        2686       -0.44   -0.462249  0.00245122
        2687       -0.52    -0.46227   0.0024504
        2688       -0.52   -0.462292  0.00244959
        2689       -0.68   -0.462373  0.00245001
        2690       -0.44   -0.462364  0.00244912
        2691       -0.36   -0.462326   0.0024485
        2692       -0.52   -0.462348  0.00244769
        2693       -0.52   -0.462369  0.00244687
        2694        -0.6    -0.46242   0.0024465
        2695       -0.52   -0.462442  0.00244568
        2696       -0.52   -0.462463  0.00244487
        2697       -0.36   -0.462425  0.00244426
        2698       -0.52   -0.462446  0.00244344
        2699       -0.36   -0.462408  0.00244283
        2700       -0.36    -0.46237  0.00244222
        2701       -0.44   -0.462362  0.00244133
        2702       -0.28   -0.462295  0.00244136
        2703        -0.2   -0.462198  0.00244239
        2704       -0.28    -0.46213  0.00244241
        2705       -0.28   -0.462063  0.00244244
        2706       -0.36   -0.462025  0.00244183
        2707       -0.44   -0.462017  0.00244094
        2708       -0.52   -0.462038  0.00244013
        2709       -0.36   -0.462001  0.00243952
        2710       -0.52   -0.462022  0.00243871
        2711        -0.6   -0.462073  0.00243834
        2712       -0.36   -0.462035  0.00243774
        2713       -0.36   -0.461998  0.00243713
        2714       -0.44    -0.46199  0.00243624
        2715        -0.6   -0.462041  0.00243588
        2716       -0.28   -0.461973   0.0024359
        2717       -0.44   -0.461965  0.00243502
        2718       -0.28   -0.461898  0.00243504
        2719        -0.2   -0.461802  0.00243605
        2720       -0.28   -0.461735  0.00243607
        2721       -0.28   -0.461669  0.00243609
        2722       -0.28   -0.461602  0.00243611
        2723        -0.2   -0.461506  0.00243711
        2724       -0.52   -0.461527  0.00243631
        2725       -0.68   -0.461607  0.00243673
        2726       -0.52   -0.461629  0.00243594
        2727       -0.52    -0.46165  0.00243514
        2728       -0.52   -0.461672  0.00243434
        2729       -0.52   -0.461693  0.00243354
        2730       -0.52   -0.461714  0.00243274
        2731       -0.44   -0.461706  0.00243186
        2732       -0.52   -0.461728  0.00243107
        2733       -0.44    -0.46172  0.00243019
        2734       -0.28   -0.461653  0.00243021
        2735       -0.52   -0.461675  0.00242942
        2736       -0.36   -0.461637  0.00242881
        2737       -0.52   -0.461659  0.00242802
        2738       -0.36   -0.461622  0.00242741
        2739       -0.52   -0.461643  0.00242662
        2740       -0.52   -0.461664  0.00242583
        2741        -0.6   -0.461715  0.00242547
        2742        -0.6   -0.461765  0.00242511
        2743       -0.52   -0.461786  0.00242432
        2744       -0.44   -0.461778  0.00242345
        2745       -0.28   -0.461712  0.00242347
        2746       -0.68   -0.461792  0.00242389
        2747       -0.36   -0.461755  0.00242329
        2748       -0.28   -0.461689  0.00242331
        2749       -0.36   -0.461652  0.00242271
        2750       -0.52   -0.461673  0.00242192
        2751       -0.36   -0.461636  0.00242133
        2752       -0.44   -0.461628  0.00242046
        2753       -0.68   -0.461707  0.00242088
        2754       -0.28   -0.461641   0.0024209
        2755       -0.36   -0.461604   0.0024203
        2756       -0.52   -0.461626  0.00241952
        2757        -0.6   -0.461676  0.00241916
        2758        -0.6   -0.461726   0.0024188
        2759       -0.52   -0.461747  0.00241802
        2760       -0.52   -0.461768  0.00241723
        2761        -0.6   -0.461818  0.00241688
        2762       -0.52   -0.461839  0.00241609
        2763       -0.44   -0.461831  0.00241523
        2764       -0.44   -0.461823  0.00241437
        2765       -0.44   -0.461816  0.00241351
        2766       -0.28    -0.46175  0.00241353
        2767       -0.52   -0.461771  0.00241275
        2768       -0.36   -0.461734  0.00241216
        2769       -0.44   -0.461726   0.0024113
        2770       -0.28   -0.461661  0.00241132
        2771       -0.36   -0.461624  0.00241073
        2772       -0.44   -0.461616  0.00240988
        2773       -0.28   -0.461551   0.0024099
        2774       -0.52   -0.461572  0.00240912
        2775       -0.36   -0.461535  0.00240853
        2776       -0.44   -0.461527  0.00240768
        2777       -0.52   -0.461548   0.0024069
        2778        -0.6   -0.461598  0.00240655
        2779       -0.44   -0.461591   0.0024057
        2780       -0.44   -0.461583  0.00240484
        2781       -0.36   -0.461546  0.00240426
        2782       -0.52   -0.461567  0.00240348
        2783       -0.44   -0.461559  0.00240263
        2784       -0.36   -0.461523  0.00240205
        2785       -0.44   -0.461515   0.0024012
        2786       -0.36   -0.461479  0.00240061
        2787       -0.52     -0.4615  0.00239984
        2788       -0.28   -0.461435  0.00239986
        2789       -0.68   -0.461513  0.00240028
        2790       -0.52   -0.461534  0.00239951
        2791       -0.44   -0.461526  0.00239867
        2792       -0.44   -0.461519  0.00239782
        2793       -0.36   -0.461482  0.00239724
        2794       -0.44   -0.461475  0.00239639
        2795       -0.52   -0.461496  0.00239562
        2796       -0.28   -0.461431  0.00239565
        2797       -0.44   -0.461423   0.0023948
        2798        -0.6   -0.461472  0.00239446
        2799       -0.52   -0.461493  0.00239369
        2800        -0.6   -0.461543  0.00239335
        2801        -0.6   -0.461592  0.00239301
        2802        -0.6   -0.461642  0.00239266
        2803       -0.36   -0.461605  0.00239208
        2804       -0.44   -0.461598  0.00239124
        2805       -0.44    -0.46159   0.0023904
        2806       -0.12   -0.461468  0.00239265
        2807       -0.12   -0.461347  0.00239489
        2808       -0.36   -0.461311  0.00239431
        2809        -0.6    -0.46136  0.00239396
        2810       -0.36   -0.461324  0.00239338
        2811       -0.28   -0.461259   0.0023934
        2812       -0.52    -0.46128  0.00239264
        2813       -0.44   -0.461273   0.0023918
        2814       -0.36   -0.461237  0.00239122
        2815       -0.36   -0.461201  0.00239064
        2816       -0.52   -0.461222  0.00238989
        2817       -0.44   -0.461214  0.00238905
        2818       -0.28    -0.46115  0.00238907
        2819       -0.28   -0.461085  0.00238908
        2820       -0.28   -0.461021   0.0023891
        2821       -0.52   -0.461042  0.00238834
        2822        -0.6   -0.461091    0.002388
        2823       -0.52   -0.461112  0.00238725
        2824       -0.44   -0.461105  0.00238642
        2825       -0.28   -0.461041  0.00238643
        2826        -0.6    -0.46109  0.00238609
        2827       -0.44   -0.461082  0.00238526
        2828       -0.36   -0.461047  0.00238469
        2829       -0.44   -0.461039  0.00238386
        2830       -0.52    -0.46106   0.0023831
        2831       -0.44   -0.461053  0.00238227
        2832       -0.52   -0.461073  0.00238152
        2833       -0.68   -0.461151  0.00238194
        2834       -0.52   -0.461171  0.00238119
        2835       -0.68   -0.461249   0.0023816
        2836       -0.44   -0.461241  0.00238077
        2837       -0.44   -0.461234  0.00237994
        2838       -0.44   -0.461226  0.00237911
        2839       -0.52   -0.461247  0.00237837
        2840        -0.6   -0.461296  0.00237803
        2841        -0.6   -0.461345   0.0023777
        2842       -0.44   -0.461337  0.00237687
        2843        -0.6   -0.461386  0.00237653
        2844       -0.44   -0.461378  0.00237571
        2845       -0.44   -0.461371  0.00237489
        2846       -0.52   -0.461391  0.00237414
        2847       -0.28   -0.461328  0.00237416
        2848       -0.44    -0.46132  0.00237334
        2849       -0.28   -0.461257  0.00237336
        2850        -0.6   -0.461305  0.00237303
        2851       -0.76    -0.46141  0.00237451
        2852        -0.6   -0.461459  0.00237417
        2853       -0.52   -0.461479  0.00237343
        2854        -0.6   -0.461528  0.00237309
        2855       -0.52   -0.461548  0.00237235
        2856        -0.2   -0.461457  0.00237329
        2857       -0.36   -0.461421  0.00237272
        2858       -0.36   -0.461386  0.00237216
        2859       -0.52   -0.461406  0.00237142
        2860       -0.44   -0.461399   0.0023706
        2861       -0.44   -0.461391  0.00236978
        2862        -0.6    -0.46144  0.00236945
        2863       -0.28   -0.461376  0.00236947
        2864       -0.44   -0.461369  0.00236865
        2865       -0.36   -0.461333  0.00236809
        2866       -0.44   -0.461326  0.00236728
        2867       -0.44   -0.461318  0.00236646
        2868       -0.44   -0.461311  0.00236565
        2869       -0.36   -0.461276  0.00236509
        2870       -0.44   -0.461268  0.00236427
        2871       -0.52   -0.461289  0.00236354
        2872       -0.36   -0.461253  0.00236298
        2873       -0.52   -0.461274  0.00236225
        2874       -0.36   -0.461239  0.00236169
        2875       -0.36   -0.461203  0.00236113
        2876       -0.36   -0.461168  0.00236057
        2877        -0.6   -0.461217  0.00236024
        2878       -0.52   -0.461237  0.00235951
        2879       -0.52   -0.461257  0.00235878
        2880       -0.28   -0.461194   0.0023588
        2881       -0.44   -0.461187  0.00235799
        2882       -0.52   -0.461207  0.00235726
        2883       -0.52   -0.461228  0.00235653
        2884       -0.44   -0.461221  0.00235573
        2885       -0.28   -0.461158  0.00235575
        2886       -0.52   -0.461178  0.00235502
        2887       -0.52   -0.461198  0.00235429
        2888       -0.52   -0.461219  0.00235356
        2889       -0.28   -0.461156  0.00235359
        2890       -0.36   -0.461121  0.00235303
        2891       -0.36   -0.461086  0.00235248
        2892       -0.44   -0.461079  0.00235168
        2893       -0.52   -0.461099  0.00235095
        2894        -0.6   -0.461147  0.00235063
        2895       -0.44    -0.46114  0.00234983
        2896       -0.52    -0.46116   0.0023491
        2897        -0.6   -0.461208  0.00234878
        2898       -0.68   -0.461284  0.00234919
        2899       -0.52   -0.461304  0.00234846
        2900       -0.28   -0.461241  0.00234848
        2901        -0.2   -0.461151   0.0023494
        2902       -0.36   -0.461116  0.00234885
        2903       -0.36   -0.461082   0.0023483
        2904        -0.6   -0.461129  0.00234798
        2905       -0.52    -0.46115  0.00234726
        2906        -0.6   -0.461198  0.00234693
        2907        -0.6   -0.461245  0.00234661
        2908        -0.6   -0.461293  0.00234629
        2909       -0.44   -0.461286   0.0023455
        2910       -0.44   -0.461278   0.0023447
        2911       -0.28   -0.461216  0.00234472
        2912        -0.2   -0.461126  0.00234563
        2913       -0.52   -0.461147  0.00234491
        2914        -0.6   -0.461194  0.00234459
        2915       -0.52   -0.461214  0.00234388
        2916       -0.44   -0.461207  0.00234308
        2917       -0.36   -0.461172  0.00234254
        2918       -0.44   -0.461165  0.00234175
        2919       -0.36   -0.461131   0.0023412
        2920       -0.52   -0.461151  0.00234049
        2921       -0.68   -0.461226  0.00234088
        2922       -0.44   -0.461218  0.00234009
        2923       -0.28   -0.461156  0.00234011
        2924       -0.28   -0.461094  0.00234013
        2925       -0.52   -0.461115  0.00233942
        2926       -0.36    -0.46108  0.00233888
        2927       -0.44   -0.461073  0.00233809
        2928       -0.44   -0.461066   0.0023373
        2929       -0.52   -0.461086  0.00233659
        2930       -0.44   -0.461078   0.0023358
        2931       -0.52   -0.461099  0.00233509
        2932       -0.68   -0.461173  0.00233549
        2933        -0.6   -0.461221  0.00233517
        2934       -0.28   -0.461159  0.00233519
        2935        -0.2    -0.46107  0.00233609
        2936       -0.52    -0.46109  0.00233538
        2937       -0.36   -0.461055  0.00233484
        2938        -0.6   -0.461103  0.00233453
        2939       -0.36   -0.461068  0.00233398
        2940       -0.44   -0.461061   0.0023332
        2941       -0.44   -0.461054  0.00233242
        2942       -0.44   -0.461047  0.00233164
        2943       -0.28   -0.460985  0.00233166
        2944       -0.28   -0.460924  0.00233167
        2945       -0.28   -0.460862  0.00233169
        2946        -0.6    -0.46091  0.00233138
        2947       -0.68   -0.460984  0.00233177
        2948       -0.52   -0.461004  0.00233107
        2949       -0.44   -0.460997  0.00233029
        2950       -0.36   -0.460963  0.00232975
        2951       -0.28   -0.460901  0.00232977
        2952       -0.44   -0.460894  0.00232899
        2953       -0.44   -0.460887  0.00232821
        2954       -0.36   -0.460853  0.00232767
        2955        -0.2   -0.460765  0.00232856
        2956       -0.36   -0.460731  0.00232802
        2957        -0.6   -0.460778  0.00232771
        2958       -0.52   -0.460798  0.00232701
        2959       -0.68   -0.460872   0.0023274
        2960        -0.6   -0.460919  0.00232709
        2961       -0.36   -0.460885  0.00232655
        2962       -0.44   -0.460878  0.00232578
        2963       -0.28   -0.460817  0.00232579
        2964        -0.6   -0.460864  0.00232548
        2965        -0.6   -0.460911  0.00232517
        2966       -0.52   -0.460931  0.00232447
        2967       -0.68   -0.461004  0.00232486
        2968        -0.6   -0.461051  0.00232455
        2969       -0.28    -0.46099  0.00232457
        2970        -0.6   -0.461037  0.00232426
        2971       -0.52   -0.461057  0.00232356
        2972       -0.36   -0.461023  0.00232303
        2973        -0.2   -0.460935   0.0023239
        2974       -0.44   -0.460928  0.00232313
        2975       -0.52   -0.460948  0.00232244
        2976       -0.52   -0.460968  0.00232174
        2977       -0.04   -0.460826  0.00232526
        2978       -0.44   -0.460819  0.00232449
        2979        -0.2   -0.460732  0.00232536
        2980       -0.36   -0.460698  0.00232483
        2981       -0.44   -0.460691  0.00232406
        2982       -0.36   -0.460657  0.00232352
        2983       -0.44    -0.46065  0.00232275
        2984        -0.2   -0.460563  0.00232362
        2985       -0.36   -0.460529  0.00232308
        2986       -0.36   -0.460496  0.00232255
        2987        -0.2   -0.460408  0.00232341
        2988       -0.12   -0.460295  0.00232542
        2989       -0.44   -0.460288  0.00232465
        2990       -0.36   -0.460254  0.00232412
        2991       -0.36   -0.460221  0.00232358
        2992        -0.6   -0.460267  0.00232328
        2993        -0.6   -0.460314  0.00232297
        2994       -0.36   -0.460281  0.00232244
        2995       -0.52   -0.460301  0.00232175
        2996       -0.52    -0.46032  0.00232106
        2997       -0.52    -0.46034  0.00232037
        2998       -0.28    -0.46028  0.00232037
        2999       -0.28    -0.46022  0.00232038
        3000       -0.44   -0.460213  0.00231961
        3001        -0.6    -0.46026  0.00231931
        3002        -0.6   -0.460306    0.002319
        3003       -0.36   -0.460273  0.00231847
        3004       -0.36    -0.46024  0.00231794
        3005       -0.44   -0.460233  0.00231718
        3006       -0.44   -0.460226  0.00231642
        3007       -0.28   -0.460166  0.00231642
        3008       -0.52   -0.460186  0.00231574
        3009       -0.36   -0.460153  0.00231521
        3010       -0.36    -0.46012  0.00231468
        3011       -0.36   -0.460086  0.00231415
        3012       -0.44    -0.46008  0.00231339
        3013       -0.44   -0.460073  0.00231263
        3014       -0.36    -0.46004   0.0023121
        3015       -0.44   -0.460033  0.00231134
        3016       -0.36       -0.46  0.00231082
        3017       -0.36   -0.459967  0.00231029
        3018       -0.36   -0.459934  0.00230976
        3019       -0.44   -0.459927    0.002309
        3020       -0.44   -0.459921  0.00230825
        3021       -0.36   -0.459887  0.00230772
        3022        -0.2   -0.459801  0.00230856
        3023       -0.44   -0.459795   0.0023078
        3024       -0.44   -0.459788  0.00230705
        3025       -0.36   -0.459755  0.00230652
        3026        -0.6   -0.459802  0.00230623
        3027        -0.6   -0.459848  0.00230593
        3028       -0.52   -0.459868  0.00230525
        3029       -0.52   -0.459888  0.00230458
        3030       -0.52   -0.459908   0.0023039
        3031       -0.28   -0.459848  0.00230391
        3032       -0.52   -0.459868  0.00230323
        3033       -0.76   -0.459967   0.0023046
        3034       -0.68    -0.46004  0.00230498
        3035        -0.6   -0.460086  0.00230468
        3036       -0.68   -0.460158  0.00230506
        3037       -0.52   -0.460178  0.00230439
        3038       -0.44   -0.460171  0.00230364
        3039       -0.52   -0.460191  0.00230296
        3040       -0.12   -0.460079  0.00230492
        3041       -0.44   -0.460072  0.00230417
        3042       -0.44   -0.460066  0.00230343
        3043       -0.36   -0.460033   0.0023029
        3044       -0.36       -0.46  0.00230238
        3045       -0.36   -0.459967  0.00230186
        3046        -0.6   -0.460013  0.00230156
        3047       -0.52   -0.460033  0.00230089
        3048        -0.6   -0.460079   0.0023006
        3049       -0.36   -0.460046  0.00230008
        3050       -0.44   -0.460039  0.00229933
        3051        -0.6   -0.460085  0.00229903
        3052       -0.28   -0.460026  0.00229904
        3053       -0.44    -0.46002  0.00229829
        3054       -0.12   -0.459908  0.00230024
        3055       -0.44   -0.459902  0.00229949
        3056        -0.6   -0.459948   0.0022992
        3057       -0.52   -0.459967  0.00229853
        3058       -0.68   -0.460039   0.0022989
        3059       -0.44   -0.460033  0.00229816
        3060       -0.28   -0.459974  0.00229816
        3061        -0.2   -0.459889  0.00229898
        3062        -0.6   -0.459935  0.00229869
        3063       -0.76   -0.460033  0.00230002
        3064       -0.52   -0.460052  0.00229936
        3065        -0.6   -0.460098  0.00229906
        3066       -0.52   -0.460117  0.00229839
        3067        -0.6   -0.460163  0.00229809
        3068       -0.28   -0.460104   0.0022981
        3069        -0.6    -0.46015   0.0022978
        3070       -0.36   -0.460117  0.00229728
        3071       -0.36   -0.460085  0.00229677
        3072       -0.44   -0.460078  0.00229603
        3073       -0.44   -0.460072  0.00229529
        3074       -0.36   -0.460039  0.00229477
        3075       -0.28    -0.45998  0.00229477
        3076       -0.52       -0.46  0.00229411
        3077       -0.36   -0.459968   0.0022936
        3078       -0.52   -0.459987  0.00229293
        3079        -0.2   -0.459903  0.00229374
        3080       -0.52   -0.459922  0.00229308
        3081       -0.12   -0.459812  0.00229499
        3082        -0.2   -0.459727  0.00229579
        3083       -0.44   -0.459721  0.00229506
        3084       -0.28   -0.459663  0.00229505
        3085       -0.44   -0.459656  0.00229432
        3086       -0.36   -0.459624   0.0022938
        3087       -0.36   -0.459592  0.00229328
        3088       -0.12   -0.459482  0.00229518
        3089       -0.52   -0.459501  0.00229452
        3090        -0.6   -0.459547  0.00229423
        3091       -0.52   -0.459566  0.00229357
        3092       -0.68   -0.459638  0.00229393
        3093       -0.52   -0.459657  0.00229327
        3094       -0.36   -0.459625  0.00229276
        3095       -0.44   -0.459619  0.00229203
        3096       -0.36   -0.459587  0.00229151
        3097       -0.36   -0.459554    0.002291
        3098       -0.52   -0.459574  0.00229034
        3099       -0.52   -0.459593  0.00228969
        3100       -0.36   -0.459561  0.00228917
        3101       -0.44   -0.459555  0.00228844
        3102       -0.36   -0.459523  0.00228793
        3103       -0.44   -0.459517   0.0022872
        3104       -0.52   -0.459536  0.00228655
        3105       -0.52   -0.459556  0.00228589
        3106       -0.52   -0.459575  0.00228524
        3107       -0.52   -0.459594  0.00228459
        3108       -0.76   -0.459691   0.0022859
        3109       -0.44   -0.459685  0.00228517
        3110       -0.68   -0.459756  0.00228553
        3111        -0.6   -0.459801  0.00228524
        3112       -0.68   -0.459871   0.0022856
        3113       -0.36   -0.459839   0.0022851
        3114       -0.36   -0.459807  0.00228459
        3115       -0.36   -0.459775  0.00228408
        3116       -0.52   -0.459795  0.00228343
        3117       -0.36   -0.459763  0.00228292
        3118       -0.52   -0.459782  0.00228227
        3119       -0.28   -0.459724  0.00228226
        3120       -0.52   -0.459744  0.00228161
        3121       -0.28   -0.459686  0.00228161
        3122        -0.6   -0.459731  0.00228132
        3123       -0.52    -0.45975  0.00228067
        3124       -0.52    -0.45977  0.00228002
        3125        -0.6   -0.459814  0.00227974
        3126       -0.52   -0.459834  0.00227909
        3127       -0.44   -0.459827  0.00227837
        3128       -0.52   -0.459847  0.00227772
        3129       -0.44    -0.45984    0.002277
        3130       -0.52   -0.459859  0.00227636
        3131       -0.44   -0.459853  0.00227564
        3132       -0.52   -0.459872  0.00227499
        3133       -0.36    -0.45984  0.00227449
        3134       -0.36   -0.459809  0.00227399
        3135       -0.28   -0.459751  0.00227398
        3136       -0.52    -0.45977  0.00227334
        3137       -0.44   -0.459764  0.00227262
        3138       -0.52   -0.459783  0.00227198
        3139       -0.44   -0.459777  0.00227127
        3140       -0.28    -0.45972  0.00227126
        3141       -0.44   -0.459713  0.00227055
        3142       -0.36   -0.459682  0.00227005
        3143        -0.6   -0.459726  0.00226977
        3144        -0.6   -0.459771  0.00226948
        3145        -0.6   -0.459816   0.0022692
        3146       -0.44   -0.459809  0.00226849
        3147        -0.6   -0.459854   0.0022682
        3148       -0.68   -0.459924  0.00226856
        3149       -0.76   -0.460019  0.00226984
        3150        -0.6   -0.460063  0.00226955
        3151       -0.44   -0.460057  0.00226884
        3152       -0.44   -0.460051  0.00226813
        3153       -0.52    -0.46007  0.00226749
        3154       -0.44   -0.460063  0.00226678
        3155       -0.28   -0.460006  0.00226678
        3156        -0.2   -0.459924  0.00226756
        3157       -0.28   -0.459867  0.00226756
        3158       -0.12   -0.459759  0.00226939
        3159       -0.52   -0.459778  0.00226875
        3160       -0.52   -0.459797  0.00226812
        3161       -0.44   -0.459791  0.00226741
        3162       -0.52    -0.45981  0.00226677
        3163       -0.44   -0.459804  0.00226606
        3164       -0.44   -0.459798  0.00226536
        3165       -0.28   -0.459741  0.00226535
        3166        -0.6   -0.459785  0.00226507
        3167       -0.44   -0.459779  0.00226436
        3168       -0.52   -0.459798  0.00226373
        3169       -0.44   -0.459792  0.00226302
        3170       -0.52   -0.459811  0.00226239
        3171       -0.52    -0.45983  0.00226175
        3172       -0.44   -0.459823  0.00226105
        3173       -0.52   -0.459842  0.00226042
        3174        -0.6   -0.459887  0.00226014
        3175       -0.52   -0.459906   0.0022595
        3176       -0.52   -0.459924  0.00225887
        3177        -0.6   -0.459969  0.00225859
        3178       -0.52   -0.459987  0.00225796
        3179       -0.44   -0.459981  0.00225726
        3180       -0.28   -0.459925  0.00225726
        3181       -0.52   -0.459943  0.00225663
        3182        -0.6   -0.459987  0.00225635
        3183       -0.52   -0.460006  0.00225572
        3184       -0.36   -0.459975  0.00225523
        3185       -0.52   -0.459994   0.0022546
        3186       -0.44   -0.459987   0.0022539
        3187       -0.36   -0.459956  0.00225341
        3188       -0.44    -0.45995  0.00225271
        3189       -0.36   -0.459918  0.00225222
        3190       -0.36   -0.459887  0.00225173
        3191       -0.52   -0.459906  0.00225111
        3192       -0.44     -0.4599  0.00225041
        3193        -0.6   -0.459944  0.00225013
        3194       -0.68   -0.460013  0.00225048
        3195       -0.68   -0.460081  0.00225083
        3196       -0.52     -0.4601  0.00225021
        3197        -0.6   -0.460144  0.00224993
        3198       -0.76   -0.460238  0.00225118
        3199       -0.52   -0.460256  0.00225055
        3200       -0.52   -0.460275  0.00224993
        3201       -0.52   -0.460294   0.0022493
        3202       -0.52   -0.460312  0.00224867
        3203       -0.36   -0.460281  0.00224819
        3204       -0.28   -0.460225  0.00224819
        3205        -0.2   -0.460144  0.00224896
        3206       -0.36   -0.460112  0.00224847
        3207       -0.52   -0.460131  0.00224785
        3208       -0.44   -0.460125  0.00224716
        3209       -0.44   -0.460118  0.00224647
        3210       -0.28   -0.460062  0.00224647
        3211       -0.44   -0.460056  0.00224578
        3212       -0.44    -0.46005  0.00224508
        3213       -0.36   -0.460019   0.0022446
        3214       -0.44   -0.460012  0.00224391
        3215       -0.44   -0.460006  0.00224322
        3216       -0.44       -0.46  0.00224253
        3217       -0.52   -0.460019  0.00224191
        3218       -0.44   -0.460012  0.00224123
        3219       -0.52   -0.460031  0.00224061
        3220       -0.52    -0.46005  0.00223999
        3221        -0.6   -0.460093  0.00223972
        3222       -0.44   -0.460087  0.00223903
        3223       -0.52   -0.460105  0.00223841
        3224        -0.6   -0.460149  0.00223814
        3225        -0.6   -0.460192  0.00223786
        3226        -0.6   -0.460236  0.00223759
        3227       -0.52   -0.460254  0.00223697
        3228       -0.52   -0.460273  0.00223636
        3229       -0.28   -0.460217  0.00223636
        3230       -0.44   -0.460211  0.00223568
        3231       -0.36    -0.46018   0.0022352
        3232       -0.44   -0.460173  0.00223452
        3233       -0.36   -0.460142  0.00223404
        3234       -0.36   -0.460111  0.00223356
        3235       -0.44   -0.460105  0.00223288
        3236       -0.52   -0.460124  0.00223227
        3237       -0.36   -0.460093  0.00223179
        3238       -0.52   -0.460111  0.00223118
        3239       -0.52    -0.46013  0.00223057
        3240       -0.52   -0.460148  0.00222996
        3241       -0.52   -0.460167  0.00222935
        3242       -0.44    -0.46016  0.00222867
        3243       -0.44   -0.460154  0.00222799
        3244        -0.6   -0.460197  0.00222772
        3245       -0.68   -0.460265  0.00222806
        3246       -0.52   -0.460283  0.00222745
        3247       -0.36   -0.460253  0.00222698
        3248       -0.44   -0.460246   0.0022263
        3249       -0.36   -0.460215  0.00222583
        3250       -0.44   -0.460209  0.00222515
        3251       -0.36   -0.460178  0.00222468
        3252       -0.12   -0.460074  0.00222646
        3253        -0.6   -0.460117  0.00222619
        3254       -0.52   -0.460135  0.00222558
        3255       -0.28    -0.46008  0.00222558
        3256       -0.36   -0.460049  0.00222511
        3257       -0.52   -0.460068  0.00222451
        3258       -0.44   -0.460061  0.00222383
        3259       -0.44   -0.460055  0.00222316
        3260       -0.52   -0.460074  0.00222255
        3261        -0.6   -0.460117  0.00222229
        3262       -0.52   -0.460135  0.00222168
        3263        -0.6   -0.460178  0.00222141
        3264       -0.68   -0.460245  0.00222175
        3265       -0.44   -0.460239  0.00222108
        3266       -0.36   -0.460208  0.00222061
        3267       -0.44   -0.460202  0.00221994
        3268       -0.52    -0.46022  0.00221934
        3269        -0.2   -0.460141  0.00222009
        3270       -0.44   -0.460135  0.00221942
        3271        -0.6   -0.460177  0.00221915
        3272        -0.6    -0.46022  0.00221888
        3273        -0.6   -0.460263  0.00221862
        3274       -0.36   -0.460232  0.00221815
        3275       -0.44   -0.460226  0.00221748
        3276        -0.6   -0.460269  0.00221721
        3277       -0.44   -0.460262  0.00221655
        3278       -0.68   -0.460329  0.00221688
        3279       -0.44   -0.460323  0.00221622
        3280       -0.68    -0.46039  0.00221655
        3281        -0.6   -0.460433  0.00221628
        3282       -0.52   -0.460451  0.00221568
        3283        -0.6   -0.460493  0.00221542
        3284        -0.6   -0.460536  0.00221515
        3285       -0.28   -0.460481  0.00221516
        3286       -0.52   -0.460499  0.00221456
        3287       -0.28   -0.460444  0.00221456
        3288        -0.6   -0.460487   0.0022143
        3289       -0.44    -0.46048  0.00221363
        3290       -0.28   -0.460426  0.00221364
        3291       -0.44   -0.460419  0.00221297
        3292       -0.36   -0.460389  0.00221251
        3293       -0.44   -0.460383  0.00221185
        3294       -0.36   -0.460352  0.00221139
        3295       -0.36   -0.460322  0.00221093
        3296        -0.2   -0.460243  0.00221167
        3297       -0.36   -0.460212   0.0022112
        3298       -0.52    -0.46023  0.00221061
        3299       -0.76   -0.460321   0.0022118
        3300       -0.36   -0.460291  0.00221134
        3301       -0.44   -0.460285  0.00221068
        3302       -0.44   -0.460279  0.00221002
        3303       -0.52   -0.460297  0.00220943
        3304       -0.44   -0.460291  0.00220877
        3305       -0.44   -0.460284  0.00220811
        3306       -0.28    -0.46023  0.00220811
        3307       -0.44   -0.460224  0.00220745
        3308       -0.44   -0.460218  0.00220679
        3309        -0.6    -0.46026  0.00220653
        3310        -0.6   -0.460302  0.00220627
        3311       -0.44   -0.460296  0.00220561
        3312       -0.44    -0.46029  0.00220495
        3313       -0.52   -0.460308  0.00220436
        3314       -0.52   -0.460326  0.00220377
        3315       -0.44    -0.46032  0.00220311
        3316        -0.6   -0.460362  0.00220285
        3317       -0.52    -0.46038  0.00220226
        3318       -0.52   -0.460398  0.00220167
        3319       -0.44   -0.460392  0.00220101
        3320       -0.44   -0.460386  0.00220036
        3321       -0.44   -0.460379  0.00219971
        3322       -0.44   -0.460373  0.00219905
        3323        -0.6   -0.460415  0.00219879
        3324       -0.36   -0.460385  0.00219834
        3325       -0.36   -0.460355  0.00219788
        3326       -0.52   -0.460373   0.0021973
        3327       -0.28   -0.460319  0.00219731
        3328       -0.28   -0.460264  0.00219731
        3329       -0.44   -0.460258  0.00219666
        3330       -0.44   -0.460252  0.00219601
        3331       -0.44   -0.460246  0.00219536
        3332       -0.36   -0.460216  0.00219491
        3333       -0.12   -0.460114  0.00219662
        3334       -0.52   -0.460132  0.00219603
        3335       -0.52    -0.46015  0.00219545
        3336       -0.44   -0.460144   0.0021948
        3337       -0.44   -0.460138  0.00219415
        3338       -0.28   -0.460084  0.00219416
        3339       -0.36   -0.460054   0.0021937
        3340        -0.2   -0.459976  0.00219443
        3341       -0.36   -0.459946  0.00219398
        3342       -0.52   -0.459964  0.00219339
        3343       -0.44   -0.459958  0.00219275
        3344       -0.28   -0.459904  0.00219275
        3345       -0.44   -0.459898   0.0021921
        3346       -0.44   -0.459892  0.00219146
        3347       -0.52    -0.45991  0.00219087
        3348       -0.44   -0.459904  0.00219023
        3349       -0.52   -0.459922  0.00218965
        3350       -0.44   -0.459916    0.002189
        3351       -0.44    -0.45991  0.00218836
        3352       -0.44   -0.459905  0.00218771
        3353        -0.6   -0.459946  0.00218746
        3354       -0.44    -0.45994  0.00218681
        3355       -0.44   -0.459934  0.00218617
        3356       -0.44   -0.459928  0.00218553
        3357       -0.44   -0.459923  0.00218488
        3358       -0.36   -0.459893  0.00218444
        3359        -0.2   -0.459815  0.00218516
        3360       -0.36   -0.459786  0.00218471
        3361       -0.52   -0.459804  0.00218413
        3362        -0.6   -0.459845  0.00218388
        3363       -0.52   -0.459863   0.0021833
        3364       -0.28    -0.45981  0.00218331
        3365        -0.6   -0.459851  0.00218306
        3366       -0.68   -0.459917  0.00218339
        3367       -0.52   -0.459935  0.00218281
        3368       -0.36   -0.459905  0.00218237
        3369       -0.52   -0.459923  0.00218179
        3370       -0.36   -0.459893  0.00218135
        3371       -0.44   -0.459887  0.00218071
        3372        -0.6   -0.459929  0.00218046
        3373        -0.6    -0.45997   0.0021802
        3374       -0.76   -0.460059  0.00218137
        3375       -0.68   -0.460124   0.0021817
        3376       -0.76   -0.460213  0.00218286
        3377       -0.52   -0.460231  0.00218228
        3378        -0.6   -0.460272  0.00218203
        3379       -0.68   -0.460337  0.00218235
        3380        -0.6   -0.460379   0.0021821
        3381        -0.6    -0.46042  0.00218184
        3382       -0.68   -0.460485  0.00218216
        3383       -0.52   -0.460503  0.00218159
        3384       -0.44   -0.460496  0.00218095
        3385       -0.52   -0.460514  0.00218038
        3386       -0.52   -0.460532  0.00217981
        3387       -0.36   -0.460502  0.00217937
        3388       -0.52   -0.460519  0.00217879
        3389       -0.52   -0.460537  0.00217822
        3390        -0.6   -0.460578  0.00217797
        3391       -0.44   -0.460572  0.00217733
        3392       -0.36   -0.460542  0.00217689
        3393       -0.44   -0.460536  0.00217626
        3394       -0.44    -0.46053  0.00217563
        3395       -0.52   -0.460548  0.00217506
        3396       -0.52   -0.460565  0.00217449
        3397       -0.44   -0.460559  0.00217386
        3398        -0.6     -0.4606   0.0021736
        3399       -0.44   -0.460594  0.00217297
        3400        -0.6   -0.460635  0.00217272
        3401        -0.6   -0.460676  0.00217247
        3402       -0.52   -0.460694   0.0021719
        3403       -0.52   -0.460711  0.00217133
        3404       -0.36   -0.460682  0.00217089
        3405        -0.6   -0.460722  0.00217064
        3406        -0.6   -0.460763  0.00217039
        3407        -0.6   -0.460804  0.00217014
        3408       -0.44   -0.460798  0.00216951
        3409       -0.52   -0.460815  0.00216894
        3410       -0.52   -0.460833  0.00216838
        3411       -0.52    -0.46085  0.00216781
        3412        -0.6   -0.460891  0.00216756
        3413        -0.6   -0.460932  0.00216731
        3414       -0.52   -0.460949  0.00216674
        3415       -0.52   -0.460966  0.00216617
        3416       -0.36   -0.460937  0.00216574
        3417        -0.6   -0.460977  0.00216549
        3418       -0.44   -0.460971  0.00216487
        3419       -0.52   -0.460989   0.0021643
        3420       -0.52   -0.461006  0.00216374
        3421       -0.52   -0.461023  0.00216317
        3422       -0.52    -0.46104  0.00216261
        3423       -0.68   -0.461104  0.00216292
        3424        -0.6   -0.461145  0.00216267
        3425       -0.52   -0.461162  0.00216211
        3426        -0.6   -0.461203  0.00216186
        3427        -0.6   -0.461243  0.00216161
        3428       -0.52    -0.46126  0.00216104
        3429       -0.52   -0.461277  0.00216048
        3430       -0.36   -0.461248  0.00216005
        3431       -0.44   -0.461242  0.00215943
        3432       -0.36   -0.461212  0.00215901
        3433       -0.52   -0.461229  0.00215844
        3434       -0.44   -0.461223  0.00215782
        3435       -0.28    -0.46117  0.00215784
        3436       -0.28   -0.461118  0.00215786
        3437       -0.36   -0.461088  0.00215743
        3438       -0.44   -0.461082  0.00215681
        3439       -0.36   -0.461053  0.00215638
        3440        -0.6   -0.461093  0.00215614
        3441        -0.6   -0.461133  0.00215589
        3442       -0.68   -0.461197   0.0021562
        3443       -0.44   -0.461191  0.00215558
        3444       -0.52   -0.461208  0.00215502
        3445        -0.6   -0.461248  0.00215477
        3446       -0.44   -0.461242  0.00215416
        3447       -0.44   -0.461236  0.00215354
        3448        -0.2    -0.46116  0.00215425
        3449       -0.28   -0.461108  0.00215426
        3450       -0.44   -0.461101  0.00215365
        3451        -0.6   -0.461142   0.0021534
        3452       -0.28   -0.461089  0.00215342
        3453       -0.44   -0.461083   0.0021528
        3454       -0.36   -0.461054  0.00215238
        3455       -0.36   -0.461025  0.00215195
        3456       -0.36   -0.460995  0.00215153
        3457        -0.2    -0.46092  0.00215223
        3458        -0.2   -0.460844  0.00215293
        3459       -0.52   -0.460862  0.00215238
        3460       -0.52   -0.460879  0.00215182
        3461       -0.36   -0.460849   0.0021514
        3462       -0.36    -0.46082  0.00215097
        3463       -0.52   -0.460837  0.00215042
        3464       -0.52   -0.460855  0.00214987
        3465       -0.36   -0.460825  0.00214944
        3466       -0.36   -0.460796  0.00214902
        3467       -0.52   -0.460813  0.00214847
        3468       -0.68   -0.460877  0.00214878
        3469       -0.44   -0.460871  0.00214817
        3470       -0.44   -0.460865  0.00214756
        3471       -0.52   -0.460882  0.00214701
        3472       -0.44   -0.460876   0.0021464
        3473       -0.52   -0.460893  0.00214584
        3474       -0.12   -0.460794  0.00214747
        3475       -0.28   -0.460742  0.00214748
        3476        -0.6   -0.460783  0.00214724
        3477       -0.52     -0.4608  0.00214669
        3478       -0.52   -0.460817  0.00214614
        3479       -0.52   -0.460834  0.00214559
        3480       -0.52   -0.460851  0.00214504
        3481       -0.52   -0.460868  0.00214449
        3482       -0.52   -0.460885  0.00214394
        3483       -0.52   -0.460902  0.00214339
        3484       -0.36   -0.460873  0.00214297
        3485       -0.44   -0.460867  0.00214237
        3486       -0.44   -0.460861  0.00214176
        3487       -0.12   -0.460763  0.00214338
        3488       -0.28   -0.460711  0.00214339
        3489       -0.36   -0.460682  0.00214297
        3490       -0.36   -0.460653  0.00214255
        3491       -0.36   -0.460624  0.00214213
        3492       -0.44   -0.460619  0.00214152
        3493       -0.36    -0.46059   0.0021411
        3494       -0.28   -0.460538  0.00214111
        3495       -0.36   -0.460509   0.0021407
        3496       -0.28   -0.460458  0.00214071
        3497       -0.28   -0.460406  0.00214072
        3498       -0.28   -0.460354  0.00214072
        3499       -0.44   -0.460349  0.00214012
        3500       -0.68   -0.460411  0.00214043
        3501       -0.52   -0.460428  0.00213989
        3502       -0.44   -0.460423  0.00213928
        3503       -0.52    -0.46044  0.00213874
        3504       -0.68   -0.460502  0.00213905
        3505       -0.68   -0.460565  0.00213935
        3506       -0.76    -0.46065  0.00214045
        3507       -0.52   -0.460667   0.0021399
        3508       -0.68    -0.46073  0.00214021
        3509       -0.44   -0.460724   0.0021396
        3510        -0.6   -0.460764  0.00213936
        3511       -0.68   -0.460826  0.00213966
        3512       -0.44    -0.46082  0.00213906
        3513       -0.52   -0.460837  0.00213852
        3514       -0.36   -0.460808  0.00213811
        3515       -0.52   -0.460825  0.00213756
        3516       -0.52   -0.460842  0.00213702
        3517       -0.52   -0.460859  0.00213648
        3518       -0.52   -0.460875  0.00213594
        3519        -0.6   -0.460915   0.0021357
        3520        -0.6   -0.460955  0.00213546
        3521       -0.44   -0.460949  0.00213486
        3522       -0.44   -0.460943  0.00213426
        3523       -0.36   -0.460914  0.00213385
        3524       -0.44   -0.460908  0.00213325
        3525       -0.44   -0.460902  0.00213265
        3526        -0.6   -0.460942  0.00213241
        3527        -0.6   -0.460981  0.00213217
        3528       -0.44   -0.460975  0.00213158
        3529        -0.6   -0.461014  0.00213134
        3530       -0.44   -0.461008  0.00213074
        3531       -0.52   -0.461025   0.0021302
        3532       -0.52   -0.461042  0.00212967
        3533       -0.52   -0.461059  0.00212913
        3534       -0.36    -0.46103  0.00212872
        3535       -0.44   -0.461024  0.00212812
        3536       -0.28   -0.460973  0.00212814
        3537       -0.44   -0.460967  0.00212754
        3538       -0.44   -0.460961  0.00212695
        3539       -0.36   -0.460932  0.00212654
        3540       -0.28   -0.460881  0.00212655
        3541        -0.6   -0.460921  0.00212632
        3542       -0.52   -0.460937  0.00212578
        3543       -0.68   -0.460999  0.00212608
        3544        -0.6   -0.461038  0.00212584
        3545       -0.68     -0.4611  0.00212614
        3546       -0.36   -0.461072  0.00212573
        3547       -0.36   -0.461043  0.00212532
        3548        -0.2    -0.46097    0.002126
        3549       -0.52   -0.460986  0.00212546
        3550       -0.52   -0.461003  0.00212493
        3551       -0.36   -0.460974  0.00212452
        3552       -0.44   -0.460968  0.00212393
        3553       -0.36    -0.46094  0.00212352
        3554        -0.6   -0.460979  0.00212329
        3555       -0.44   -0.460973   0.0021227
        3556       -0.28   -0.460922  0.00212271
        3557       -0.28   -0.460872  0.00212272
        3558       -0.52   -0.460888  0.00212219
        3559       -0.36    -0.46086  0.00212179
        3560        -0.6   -0.460899  0.00212155
        3561        -0.6   -0.460938  0.00212131
        3562       -0.52   -0.460955  0.00212078
        3563       -0.52   -0.460971  0.00212025
        3564       -0.36   -0.460943  0.00211985
        3565       -0.52   -0.460959  0.00211932
        3566       -0.44   -0.460953  0.00211873
        3567        -0.6   -0.460992   0.0021185
        3568       -0.28   -0.460942  0.00211851
        3569       -0.52   -0.460958  0.00211798
        3570       -0.52   -0.460975  0.00211745
        3571       -0.52   -0.460991  0.00211692
        3572       -0.52   -0.461008  0.00211639
        3573        -0.6   -0.461047  0.00211616
        3574        -0.6   -0.461086  0.00211592
        3575       -0.44    -0.46108  0.00211534
        3576       -0.28   -0.461029  0.00211536
        3577       -0.28   -0.460978  0.00211537
        3578       -0.36    -0.46095  0.00211497
        3579       -0.52   -0.460967  0.00211444
        3580       -0.52   -0.460983  0.00211391
        3581       -0.44   -0.460977  0.00211333
        3582       -0.52   -0.460994  0.00211281
        3583       -0.44   -0.460988  0.00211222
        3584       -0.44   -0.460982  0.00211164
        3585       -0.52   -0.460999  0.00211112
        3586       -0.44   -0.460993  0.00211054
        3587        -0.6   -0.461032   0.0021103
        3588       -0.44   -0.461026  0.00210972
        3589       -0.44    -0.46102  0.00210914
        3590       -0.28   -0.460969  0.00210916
        3591       -0.52   -0.460986  0.00210864
        3592       -0.52   -0.461002  0.00210811
        3593       -0.52   -0.461019  0.00210759
        3594       -0.44   -0.461013  0.00210701
        3595        -0.2    -0.46094  0.00210768
        3596       -0.44   -0.460934   0.0021071
        3597        -0.6   -0.460973  0.00210687
        3598       -0.36   -0.460945  0.00210647
        3599       -0.28   -0.460895  0.00210648
        3600        -0.2   -0.460822  0.00210714
        3601       -0.44   -0.460816  0.00210657
        3602       -0.44   -0.460811  0.00210599
        3603        -0.6   -0.460849  0.00210576
        3604       -0.52   -0.460866  0.00210524
        3605        -0.6   -0.460904  0.00210501
        3606       -0.44   -0.460899  0.00210443
        3607       -0.44   -0.460893  0.00210386
        3608       -0.44   -0.460887  0.00210328
        3609        -0.6   -0.460925  0.00210305
        3610       -0.36   -0.460898  0.00210266
        3611       -0.44   -0.460892  0.00210208
        3612       -0.36   -0.460864  0.00210169
        3613       -0.44   -0.460858  0.00210111
        3614       -0.36    -0.46083  0.00210072
        3615        -0.2   -0.460758  0.00210137
        3616       -0.52   -0.460774  0.00210086
        3617       -0.52   -0.460791  0.00210034
        3618       -0.36   -0.460763  0.00209994
        3619        -0.6   -0.460801  0.00209972
        3620       -0.68   -0.460862  0.00210001
        3621       -0.68   -0.460922   0.0021003
        3622       -0.68   -0.460983  0.00210059
        3623        -0.6   -0.461021  0.00210036
        3624       -0.36   -0.460993  0.00209997
        3625       -0.44   -0.460988   0.0020994
        3626       -0.52   -0.461004  0.00209888
        3627        -0.6   -0.461042  0.00209865
        3628       -0.36   -0.461014  0.00209826
        3629        -0.2   -0.460942  0.00209891
        3630       -0.28   -0.460893  0.00209893
        3631       -0.36   -0.460865  0.00209853
        3632       -0.44   -0.460859  0.00209796
        3633       -0.44   -0.460853  0.00209739
        3634       -0.36   -0.460826    0.002097
        3635       -0.28   -0.460776  0.00209701
        3636       -0.44    -0.46077  0.00209644
        3637       -0.36   -0.460742  0.00209605
        3638       -0.44   -0.460737  0.00209548
        3639       -0.52   -0.460753  0.00209497
        3640        -0.6   -0.460791  0.00209474
        3641        -0.6   -0.460829  0.00209452
        3642        -0.6   -0.460868  0.00209429
        3643       -0.44   -0.460862  0.00209372
        3644       -0.44   -0.460856  0.00209316
        3645        -0.2   -0.460785   0.0020938
        3646       -0.28   -0.460735  0.00209382
        3647        -0.6   -0.460773  0.00209359
        3648       -0.52   -0.460789  0.00209308
        3649       -0.44   -0.460784  0.00209251
        3650        -0.6   -0.460822  0.00209229
        3651       -0.36   -0.460794   0.0020919
        3652        -0.2   -0.460723  0.00209254
        3653       -0.28   -0.460673  0.00209256
        3654       -0.52    -0.46069  0.00209205
        3655       -0.52   -0.460706  0.00209154
        3656       -0.52   -0.460722  0.00209103
        3657       -0.68   -0.460782  0.00209131
        3658       -0.28   -0.460733  0.00209133
        3659        -0.6   -0.460771   0.0020911
        3660       -0.44   -0.460765  0.00209054
        3661       -0.52   -0.460781  0.00209003
        3662       -0.44   -0.460776  0.00208947
        3663        -0.6   -0.460814  0.00208924
        3664        -0.6   -0.460852  0.00208902
        3665       -0.68   -0.460911   0.0020893
        3666       -0.52   -0.460927  0.00208879
        3667       -0.36     -0.4609  0.00208841
        3668       -0.44   -0.460894  0.00208785
        3669       -0.28   -0.460845  0.00208786
        3670       -0.44   -0.460839   0.0020873
        3671        -0.6   -0.460877  0.00208707
        3672       -0.44   -0.460871  0.00208651
        3673       -0.44   -0.460866  0.00208595
        3674       -0.36   -0.460838  0.00208556
        3675       -0.44   -0.460833    0.002085
        3676       -0.36   -0.460805  0.00208462
        3677       -0.52   -0.460821  0.00208411
        3678       -0.68   -0.460881   0.0020844
        3679       -0.68    -0.46094  0.00208468
        3680       -0.52   -0.460957  0.00208418
        3681       -0.44   -0.460951  0.00208362
        3682       -0.28   -0.460902  0.00208363
        3683       -0.44   -0.460896  0.00208307
        3684       -0.44    -0.46089  0.00208252
        3685       -0.44   -0.460885  0.00208196
        3686        -0.2   -0.460814   0.0020826
        3687       -0.44   -0.460808  0.00208204
        3688       -0.52   -0.460824  0.00208154
        3689        -0.2   -0.460754  0.00208217
        3690       -0.36   -0.460726  0.00208179
        3691       -0.36   -0.460699   0.0020814
        3692       -0.36   -0.460672  0.00208102
        3693       -0.52   -0.460688  0.00208052
        3694        -0.2   -0.460617  0.00208115
        3695       -0.44   -0.460612  0.00208059
        3696        -0.6   -0.460649  0.00208037
        3697       -0.52   -0.460665  0.00207987
        3698       -0.52   -0.460681  0.00207937
        3699       -0.28   -0.460633  0.00207938
        3700       -0.52   -0.460649  0.00207888
        3701       -0.44   -0.460643  0.00207833
        3702        -0.6   -0.460681  0.00207811
        3703       -0.36   -0.460654  0.00207773
        3704       -0.36   -0.460626  0.00207734
        3705       -0.76   -0.460707  0.00207835
        3706       -0.68   -0.460766  0.00207863
        3707       -0.68   -0.460825  0.00207891
        3708        -0.6   -0.460863  0.00207869
        3709       -0.76   -0.460944   0.0020797
        3710       -0.36   -0.460916  0.00207931
        3711       -0.44   -0.460911  0.00207876
        3712       -0.44   -0.460905  0.00207821
        3713       -0.44     -0.4609  0.00207766
        3714       -0.28   -0.460851  0.00207767
        3715        -0.6   -0.460888  0.00207745
        3716       -0.52   -0.460904  0.00207695
        3717        -0.6   -0.460942  0.00207673
        3718        -0.6   -0.460979   0.0020765
        3719       -0.44   -0.460973  0.00207595
        3720       -0.36   -0.460946  0.00207557
        3721       -0.68   -0.461005  0.00207585
        3722       -0.44   -0.460999   0.0020753
        3723       -0.44   -0.460994  0.00207475
        3724       -0.28   -0.460945  0.00207476
        3725       -0.52   -0.460961  0.00207427
        3726       -0.44   -0.460955  0.00207372
        3727       -0.44    -0.46095  0.00207317
        3728       -0.36   -0.460923  0.00207279
        3729       -0.36   -0.460896  0.00207241
        3730       -0.36   -0.460869  0.00207203
        3731       -0.36   -0.460842  0.00207165
        3732       -0.36   -0.460815  0.00207127
        3733       -0.52    -0.46083  0.00207078
        3734       -0.44   -0.460825  0.00207023
        3735       -0.44   -0.460819  0.00206968
        3736        -0.6   -0.460857  0.00206947
        3737       -0.36    -0.46083  0.00206909
        3738       -0.36   -0.460803  0.00206871
        3739       -0.52   -0.460818  0.00206822
        3740        -0.2   -0.460749  0.00206884
        3741        -0.2   -0.460679  0.00206946
        3742       -0.36   -0.460652  0.00206908
        3743       -0.44   -0.460647  0.00206854
        3744       -0.44   -0.460641  0.00206799
        3745        -0.6   -0.460678  0.00206777
        3746        -0.6   -0.460715  0.00206756
        3747       -0.44    -0.46071  0.00206701
        3748        -0.6   -0.460747   0.0020668
        3749       -0.52   -0.460763   0.0020663
        3750       -0.68   -0.460821  0.00206658
        3751       -0.44   -0.460816  0.00206604
        3752       -0.52   -0.460832  0.00206555
        3753        -0.2   -0.460762  0.00206616
        3754        -0.2   -0.460693  0.00206678
        3755       -0.52   -0.460708  0.00206629
        3756       -0.36   -0.460682  0.00206592
        3757       -0.28   -0.460633  0.00206593
        3758        -0.2   -0.460564  0.00206654
        3759       -0.36   -0.460537  0.00206616
        3760       -0.28   -0.460489  0.00206617
        3761       -0.36   -0.460463  0.00206579
        3762        -0.2   -0.460393  0.00206641
        3763        -0.6   -0.460431  0.00206619
        3764       -0.44   -0.460425  0.00206565
        3765       -0.44    -0.46042  0.00206511
        3766       -0.36   -0.460393  0.00206473
        3767       -0.36   -0.460366  0.00206435
        3768       -0.52   -0.460382  0.00206387
        3769       -0.44   -0.460377  0.00206333
        3770        -0.6   -0.460414  0.00206311
        3771       -0.76   -0.460493  0.00206409
        3772       -0.52   -0.460509  0.00206361
        3773       -0.44   -0.460504  0.00206307
        3774       -0.44   -0.460498  0.00206253
        3775       -0.44   -0.460493  0.00206199
        3776       -0.44   -0.460487  0.00206145
        3777       -0.28    -0.46044  0.00206146
        3778       -0.44   -0.460434  0.00206092
        3779       -0.36   -0.460408  0.00206054
        3780       -0.36   -0.460381  0.00206017
        3781       -0.52   -0.460397  0.00205969
        3782        -0.6   -0.460434  0.00205947
        3783       -0.76   -0.460513  0.00206045
        3784        -0.6    -0.46055  0.00206023
        3785        -0.6   -0.460587  0.00206002
        3786       -0.68   -0.460644  0.00206029
        3787       -0.44   -0.460639  0.00205975
        3788       -0.68   -0.460697  0.00206002
        3789       -0.52   -0.460713  0.00205954
        3790        -0.6   -0.460749  0.00205932
        3791       -0.76   -0.460828  0.00206029
        3792       -0.44   -0.460823  0.00205976
        3793       -0.28   -0.460775  0.00205977
        3794       -0.52   -0.460791  0.00205928
        3795       -0.52   -0.460806   0.0020588
        3796       -0.44   -0.460801  0.00205826
        3797       -0.36   -0.460774  0.00205789
        3798       -0.44   -0.460769  0.00205736
        3799       -0.36   -0.460742  0.00205699
        3800        -0.6   -0.460779  0.00205677
        3801       -0.52   -0.460795  0.00205629
        3802       -0.44   -0.460789  0.00205576
        3803       -0.52   -0.460805  0.00205527
        3804       -0.52    -0.46082  0.00205479
        3805       -0.44   -0.460815  0.00205426
        3806       -0.52    -0.46083  0.00205378
        3807       -0.36   -0.460804  0.00205341
        3808       -0.28   -0.460756  0.00205342
        3809       -0.52   -0.460772  0.00205294
        3810       -0.36   -0.460745  0.00205257
        3811        0.04   -0.460614  0.00205623
        3812        -0.2   -0.460546  0.00205683
        3813       -0.36   -0.460519  0.00205646
        3814       -0.44   -0.460514  0.00205593
        3815       -0.52   -0.460529  0.00205545
        3816       -0.52   -0.460545  0.00205497
        3817        -0.6   -0.460582  0.00205476
        3818       -0.36   -0.460555  0.00205439
        3819       -0.44    -0.46055  0.00205386
        3820       -0.44   -0.460545  0.00205333
        3821       -0.52    -0.46056  0.00205285
        3822       -0.44   -0.460555  0.00205232
        3823       -0.52    -0.46057  0.00205184
        3824       -0.68   -0.460628   0.0020521
        3825       -0.52   -0.460643  0.00205163
        3826       -0.44   -0.460638   0.0020511
        3827       -0.28   -0.460591   0.0020511
        3828       -0.44   -0.460585  0.00205058
        3829       -0.52   -0.460601   0.0020501
        3830       -0.52   -0.460616  0.00204962
        3831        -0.6   -0.460653  0.00204941
        3832       -0.52   -0.460668  0.00204893
        3833        -0.6   -0.460704  0.00204872
        3834       -0.28   -0.460657  0.00204873
        3835       -0.44   -0.460652   0.0020482
        3836       -0.44   -0.460647  0.00204768
        3837       -0.68   -0.460704  0.00204794
        3838        -0.6    -0.46074  0.00204773
        3839       -0.36   -0.460714  0.00204736
        3840       -0.44   -0.460708  0.00204684
        3841       -0.28   -0.460661  0.00204684
        3842       -0.44   -0.460656  0.00204632
        3843       -0.52   -0.460671  0.00204584
        3844       -0.52   -0.460687  0.00204537
        3845       -0.52   -0.460702   0.0020449
        3846       -0.44   -0.460697  0.00204437
        3847       -0.52   -0.460712   0.0020439
        3848       -0.44   -0.460707  0.00204337
        3849       -0.44   -0.460701  0.00204285
        3850       -0.44   -0.460696  0.00204233
        3851       -0.28   -0.460649  0.00204234
        3852       -0.44   -0.460644  0.00204181
        3853       -0.36   -0.460618  0.00204145
        3854       -0.36   -0.460592  0.00204109
        3855       -0.44   -0.460586  0.00204056
        3856       -0.68   -0.460643  0.00204083
        3857       -0.68     -0.4607  0.00204109
        3858       -0.76   -0.460778  0.00204204
        3859       -0.76   -0.460855  0.00204298
        3860        -0.6   -0.460891  0.00204277
        3861       -0.52   -0.460907   0.0020423
        3862       -0.44   -0.460901  0.00204177
        3863        -0.6   -0.460937  0.00204156
        3864       -0.44   -0.460932  0.00204104
        3865       -0.44   -0.460926  0.00204052
        3866       -0.28   -0.460879  0.00204053
        3867       -0.52   -0.460895  0.00204006
        3868       -0.36   -0.460869   0.0020397
        3869       -0.44   -0.460863  0.00203918
        3870       -0.52   -0.460879  0.00203871
        3871       -0.36   -0.460852  0.00203835
        3872       -0.44   -0.460847  0.00203783
        3873       -0.68   -0.460904  0.00203809
        3874       -0.76   -0.460981  0.00203902
        3875       -0.52   -0.460996  0.00203856
        3876       -0.52   -0.461011  0.00203809
        3877       -0.28   -0.460965   0.0020381
        3878       -0.36   -0.460939  0.00203774
        3879       -0.44   -0.460933  0.00203722
        3880       -0.36   -0.460907  0.00203686
        3881       -0.44   -0.460902  0.00203634
        3882       -0.44   -0.460896  0.00203582
        3883       -0.44   -0.460891  0.00203531
        3884       -0.44   -0.460886  0.00203479
        3885        -0.2   -0.460819  0.00203537
        3886       -0.52   -0.460834  0.00203491
        3887        -0.6    -0.46087   0.0020347
        3888       -0.52   -0.460885  0.00203423
        3889       -0.36   -0.460859  0.00203387
        3890       -0.44   -0.460853  0.00203336
        3891       -0.52   -0.460869  0.00203289
        3892       -0.52   -0.460884  0.00203243
        3893       -0.44   -0.460878  0.00203191
        3894       -0.52   -0.460894  0.00203145
        3895       -0.36   -0.460868  0.00203109
        3896        -0.2   -0.460801  0.00203167
        3897       -0.44   -0.460795  0.00203116
        3898       -0.44    -0.46079  0.00203064
        3899        -0.6   -0.460826  0.00203044
        3900       -0.44   -0.460821  0.00202992
        3901       -0.68   -0.460877  0.00203018
        3902       -0.44   -0.460871  0.00202967
        3903       -0.36   -0.460846  0.00202931
        3904        -0.6   -0.460881  0.00202911
        3905        -0.6   -0.460917   0.0020289
        3906       -0.52   -0.460932  0.00202844
        3907       -0.52   -0.460947  0.00202797
        3908       -0.28   -0.460901  0.00202798
        3909       -0.36   -0.460875  0.00202763
        3910       -0.76   -0.460951  0.00202855
        3911       -0.44   -0.460946  0.00202804
        3912       -0.44   -0.460941  0.00202753
        3913        -0.2   -0.460874  0.00202811
        3914       -0.44   -0.460869   0.0020276
        3915       -0.36   -0.460843  0.00202724
        3916       -0.44   -0.460838  0.00202673
        3917       -0.44   -0.460832  0.00202622
        3918        -0.6   -0.460868  0.00202601
        3919        -0.6   -0.460903  0.00202581
        3920       -0.52   -0.460918  0.00202535
        3921       -0.44   -0.460913  0.00202484
        3922       -0.52   -0.460928  0.00202438
        3923       -0.44   -0.460923  0.00202387
        3924       -0.52   -0.460938  0.00202341
        3925        -0.6   -0.460973   0.0020232
        3926        -0.6   -0.461009    0.002023
        3927       -0.28   -0.460963  0.00202301
        3928       -0.28   -0.460916  0.00202302
        3929        -0.2    -0.46085  0.00202359
        3930       -0.44   -0.460845  0.00202308
        3931       -0.36   -0.460819  0.00202273
        3932        -0.6   -0.460855  0.00202253
        3933       -0.44   -0.460849  0.00202202
        3934        -0.6   -0.460885  0.00202182
        3935       -0.44   -0.460879  0.00202131
        3936       -0.44   -0.460874   0.0020208
        3937       -0.28   -0.460828  0.00202081
        3938       -0.28   -0.460782  0.00202082
        3939       -0.36   -0.460757  0.00202047
        3940        -0.6   -0.460792  0.00202027
        3941        -0.6   -0.460827  0.00202006
        3942       -0.36   -0.460802  0.00201971
        3943        -0.2   -0.460735  0.00202028
        3944       -0.44    -0.46073  0.00201978
        3945       -0.36   -0.460705  0.00201943
        3946       -0.52    -0.46072  0.00201897
        3947       -0.44   -0.460714  0.00201846
        3948       -0.52   -0.460729  0.00201801
        3949       -0.68   -0.460785  0.00201826
        3950       -0.44    -0.46078  0.00201776
        3951        -0.6   -0.460815  0.00201755
        3952       -0.44    -0.46081  0.00201705
        3953       -0.52   -0.460825   0.0020166
        3954       -0.36   -0.460799  0.00201625
        3955       -0.36   -0.460774   0.0020159
        3956       -0.28   -0.460728  0.00201591
        3957       -0.68   -0.460783  0.00201616
        3958       -0.52   -0.460798  0.00201571
        3959       -0.68   -0.460854  0.00201596
        3960       -0.52   -0.460869   0.0020155
        3961       -0.44   -0.460863    0.002015
        3962       -0.44   -0.460858   0.0020145
        3963        -0.2   -0.460792  0.00201507
        3964       -0.44   -0.460787  0.00201456
        3965       -0.36   -0.460762  0.00201422
        3966        -0.2   -0.460696  0.00201478
        3967       -0.28    -0.46065  0.00201479
        3968       -0.36   -0.460625  0.00201444
        3969       -0.36     -0.4606  0.00201409
        3970       -0.44   -0.460594  0.00201359
        3971       -0.44   -0.460589  0.00201309
        3972       -0.36   -0.460564  0.00201274
        3973       -0.36   -0.460539   0.0020124
        3974       -0.52   -0.460554  0.00201195
        3975       -0.44   -0.460548  0.00201145
        3976        -0.2   -0.460483  0.00201201
        3977       -0.36   -0.460458  0.00201166
        3978       -0.36   -0.460432  0.00201131
        3979       -0.36   -0.460407  0.00201097
        3980       -0.28   -0.460362  0.00201097
        3981       -0.36   -0.460337  0.00201062
        3982       -0.28   -0.460291  0.00201063
        3983       -0.44   -0.460286  0.00201013
        3984       -0.44   -0.460281  0.00200963
        3985       -0.36   -0.460256  0.00200929
        3986       -0.52   -0.460271  0.00200884
        3987       -0.52   -0.460286  0.00200839
        3988        -0.6   -0.460321  0.00200819
        3989       -0.52   -0.460336  0.00200774
        3990       -0.68   -0.460391    0.002008
        3991       -0.52   -0.460406  0.00200755
        3992        -0.6   -0.460441  0.00200735
        3993       -0.36   -0.460416    0.002007
        3994       -0.68   -0.460471  0.00200726
        3995        -0.6   -0.460506  0.00200706
        3996       -0.44   -0.460501  0.00200656
        3997       -0.36   -0.460475  0.00200622
        3998       -0.36    -0.46045  0.00200587
        3999       -0.12   -0.460365  0.00200718
        4000       -0.36    -0.46034  0.00200683
        4001       -0.52   -0.460355  0.00200638
        4002       -0.68    -0.46041  0.00200663
        4003        -0.6   -0.460445  0.00200644
        4004        -0.6    -0.46048  0.00200624
        4005        -0.6   -0.460514  0.00200604
        4006        -0.6   -0.460549  0.00200584
        4007       -0.52   -0.460564  0.00200539
        4008       -0.68   -0.460619  0.00200564
        4009        -0.6   -0.460654  0.00200544
        4010       -0.52   -0.460668    0.002005
        4011       -0.36   -0.460643  0.00200465
        4012       -0.44   -0.460638  0.00200416
        4013        -0.6   -0.460673  0.00200396
        4014        -0.2   -0.460608  0.00200452
        4015       -0.36   -0.460583  0.00200417
        4016       -0.52   -0.460598  0.00200373
        4017       -0.52   -0.460612  0.00200328
        4018        -0.6   -0.460647  0.00200309
        4019       -0.44   -0.460642  0.00200259
        4020       -0.36   -0.460617  0.00200225
        4021       -0.36   -0.460592  0.00200191
        4022       -0.44   -0.460587  0.00200142
        4023       -0.36   -0.460562  0.00200108
        4024       -0.28   -0.460517  0.00200108
        4025       -0.44   -0.460512  0.00200059
        4026       -0.52   -0.460527  0.00200015
        4027       -0.52   -0.460541  0.00199971
        4028       -0.12   -0.460457    0.002001
        4029       -0.36   -0.460432  0.00200066
        4030       -0.44   -0.460427  0.00200017
        4031       -0.52   -0.460442  0.00199973
        4032       -0.44   -0.460437  0.00199924
        4033        -0.6   -0.460471  0.00199904
        4034       -0.44   -0.460466  0.00199855
        4035       -0.52   -0.460481  0.00199811
        4036       -0.44   -0.460476  0.00199762
        4037       -0.52    -0.46049  0.00199718
        4038       -0.36   -0.460466  0.00199684
        4039       -0.52    -0.46048   0.0019964
        4040       -0.28   -0.460436  0.00199641
        4041       -0.28   -0.460391  0.00199641
        4042       -0.52   -0.460406  0.00199597
        4043        -0.6    -0.46044  0.00199578
        4044       -0.52   -0.460455  0.00199534
        4045       -0.36    -0.46043    0.001995
        4046       -0.36   -0.460405  0.00199466
        4047       -0.76   -0.460479  0.00199554
        4048        -0.6   -0.460514  0.00199535
        4049       -0.52   -0.460529  0.00199491
        4050       -0.52   -0.460543  0.00199447
        4051       -0.52   -0.460558  0.00199403
        4052       -0.44   -0.460553  0.00199354
        4053       -0.44   -0.460548  0.00199306
        4054        -0.6   -0.460582  0.00199286
        4055       -0.36   -0.460557  0.00199253
        4056       -0.44   -0.460552  0.00199204
        4057       -0.44   -0.460547  0.00199156
        4058       -0.44   -0.460542  0.00199107
        4059       -0.36   -0.460517  0.00199074
        4060       -0.44   -0.460512  0.00199025
        4061       -0.36   -0.460488  0.00198992
        4062       -0.36   -0.460463  0.00198958
        4063       -0.28   -0.460418  0.00198959
        4064       -0.28   -0.460374  0.00198959
        4065       -0.36   -0.460349  0.00198926
        4066       -0.44   -0.460344  0.00198877
        4067        -0.6   -0.460379  0.00198858
        4068       -0.44   -0.460374   0.0019881
        4069       -0.36   -0.460349  0.00198776
        4070        -0.6   -0.460383  0.00198757
        4071       -0.44   -0.460378  0.00198709
        4072       -0.28   -0.460334  0.00198709
        4073       -0.36   -0.460309  0.00198676
        4074       -0.44   -0.460304  0.00198628
        4075       -0.52   -0.460319  0.00198584
        4076       -0.44   -0.460314  0.00198536
        4077       -0.52   -0.460329  0.00198493
        4078       -0.44   -0.460324  0.00198445
        4079        -0.6   -0.460358  0.00198426
        4080       -0.52   -0.460373  0.00198383
        4081       -0.52   -0.460387  0.00198339
        4082       -0.68   -0.460441  0.00198364
        4083       -0.68   -0.460495  0.00198388
        4084       -0.68   -0.460548  0.00198412
        4085       -0.44   -0.460543  0.00198364
        4086       -0.36   -0.460519  0.00198331
        4087       -0.36   -0.460494  0.00198298
        4088       -0.36    -0.46047  0.00198265
        4089       -0.28   -0.460426  0.00198265
        4090       -0.36   -0.460401  0.00198232
        4091       -0.36   -0.460376  0.00198199
        4092        -0.6   -0.460411   0.0019818
        4093       -0.36   -0.460386  0.00198146
        4094       -0.52   -0.460401  0.00198103
        4095        -0.6   -0.460435  0.00198084
        4096       -0.44    -0.46043  0.00198036
        4097       -0.68   -0.460483  0.00198061
        4098        -0.6   -0.460517  0.00198042
        4099        -0.6   -0.460551  0.00198023
        4100       -0.52   -0.460566   0.0019798
        4101       -0.68   -0.460619  0.00198004
        4102       -0.52   -0.460634  0.00197961
        4103       -0.68   -0.460687  0.00197984
        4104       -0.52   -0.460702  0.00197942
        4105       -0.28   -0.460658  0.00197942
        4106        -0.6   -0.460692  0.00197923
        4107        -0.6   -0.460726  0.00197904
        4108       -0.44   -0.460721  0.00197856
        4109       -0.36   -0.460696  0.00197823
        4110       -0.44   -0.460691  0.00197776
        4111       -0.44   -0.460686  0.00197729
        4112       -0.44   -0.460681  0.00197681
        4113       -0.44   -0.460676  0.00197634
        4114       -0.36   -0.460651  0.00197601
        4115       -0.44   -0.460646  0.00197553
        4116       -0.44   -0.460641  0.00197506
        4117       -0.44   -0.460636  0.00197459
        4118       -0.28   -0.460593  0.00197459
        4119       -0.36   -0.460568  0.00197427
        4120       -0.44   -0.460563  0.00197379
        4121       -0.44   -0.460558  0.00197332
        4122       -0.52   -0.460573  0.00197289
        4123       -0.36   -0.460548  0.00197257
        4124       -0.44   -0.460543  0.00197209
        4125       -0.28   -0.460499   0.0019721
        4126        -0.2   -0.460436  0.00197263
        4127       -0.36   -0.460412  0.00197231
        4128       -0.52   -0.460426  0.00197188
        4129       -0.28   -0.460383  0.00197189
        4130       -0.28   -0.460339  0.00197189
        4131       -0.44   -0.460334  0.00197142
        4132       -0.44   -0.460329  0.00197095
        4133        -0.6   -0.460363  0.00197077
        4134       -0.68   -0.460416    0.001971
        4135       -0.68   -0.460469  0.00197124
        4136       -0.52   -0.460484  0.00197082
        4137        -0.6   -0.460517  0.00197063
        4138       -0.68    -0.46057  0.00197087
        4139       -0.76   -0.460643  0.00197172
        4140       -0.44   -0.460638  0.00197125
        4141       -0.44   -0.460633  0.00197078
        4142       -0.44   -0.460628  0.00197031
        4143       -0.28   -0.460584  0.00197032
        4144       -0.28   -0.460541  0.00197032
        4145       -0.52   -0.460555   0.0019699
        4146       -0.52   -0.460569  0.00196948
        4147       -0.52   -0.460584  0.00196906
        4148       -0.44   -0.460579  0.00196859
        4149       -0.44   -0.460574  0.00196812
        4150       -0.68   -0.460627  0.00196835
        4151        -0.6    -0.46066  0.00196817
        4152       -0.52   -0.460674  0.00196774
        4153       -0.44   -0.460669  0.00196728
        4154       -0.44   -0.460664  0.00196681
        4155       -0.68   -0.460717  0.00196704
        4156       -0.68    -0.46077  0.00196728
        4157        -0.6   -0.460803  0.00196709
        4158        -0.6   -0.460837   0.0019669
        4159       -0.52   -0.460851  0.00196648
        4160       -0.28   -0.460808  0.00196649
        4161        -0.2   -0.460745  0.00196701
        4162       -0.28   -0.460702  0.00196702
        4163       -0.44   -0.460697  0.00196656
        4164       -0.52   -0.460711  0.00196613
        4165       -0.28   -0.460667  0.00196614
        4166       -0.68    -0.46072  0.00196637
        4167        -0.6   -0.460754  0.00196619
        4168       -0.36   -0.460729  0.00196586
        4169        -0.2   -0.460667  0.00196639
        4170       -0.52   -0.460681  0.00196597
        4171       -0.76   -0.460753   0.0019668
        4172       -0.76   -0.460825  0.00196764
        4173       -0.52   -0.460839  0.00196722
        4174       -0.36   -0.460815   0.0019669
        4175       -0.44    -0.46081  0.00196643
        4176       -0.28   -0.460766  0.00196644
        4177       -0.52    -0.46078  0.00196602
        4178       -0.36   -0.460756   0.0019657
        4179       -0.28   -0.460713   0.0019657
        4180       -0.52   -0.460727  0.00196528
        4181       -0.52   -0.460741  0.00196486
        4182        -0.2   -0.460679  0.00196538
        4183       -0.36   -0.460655  0.00196506
        4184       -0.44    -0.46065   0.0019646
        4185       -0.36   -0.460626  0.00196427
        4186       -0.28   -0.460583  0.00196428
        4187       -0.36   -0.460559  0.00196396
        4188       -0.44   -0.460554  0.00196349
        4189       -0.12   -0.460473  0.00196471
        4190        -0.6   -0.460506  0.00196452
        4191       -0.68   -0.460558  0.00196475
        4192       -0.52   -0.460573  0.00196433
        4193       -0.52   -0.460587  0.00196391
        4194       -0.68   -0.460639  0.00196414
        4195       -0.44   -0.460634  0.00196368
        4196       -0.28   -0.460591  0.00196368
        4197       -0.12    -0.46051  0.00196489
        4198        -0.6   -0.460543  0.00196471
        4199       -0.44   -0.460538  0.00196424
        4200       -0.52   -0.460552  0.00196383
        4201       -0.68   -0.460605  0.00196405
        4202        -0.6   -0.460638  0.00196387
        4203       -0.52   -0.460652  0.00196345
        4204       -0.52   -0.460666  0.00196303
        4205        -0.6   -0.460699  0.00196285
        4206       -0.68   -0.460751  0.00196307
        4207        -0.2   -0.460689  0.00196358
        4208       -0.52   -0.460703  0.00196317
        4209       -0.44   -0.460699  0.00196271
        4210       -0.36   -0.460675  0.00196239
        4211       -0.52   -0.460689  0.00196197
        4212       -0.44   -0.460684  0.00196151
        4213       -0.52   -0.460698   0.0019611
        4214       -0.44   -0.460693  0.00196064
        4215       -0.52   -0.460707  0.00196022
        4216       -0.52   -0.460721  0.00195981
        4217       -0.68   -0.460773  0.00196003
        4218       -0.52   -0.460787  0.00195962
        4219        -0.6    -0.46082  0.00195943
        4220        -0.6   -0.460853  0.00195925
        4221       -0.52   -0.460867  0.00195883
        4222       -0.36   -0.460843  0.00195851
        4223       -0.44   -0.460838  0.00195806
        4224        -0.6   -0.460871  0.00195787
        4225        -0.6   -0.460904  0.00195768
        4226       -0.52   -0.460918  0.00195727
        4227       -0.36   -0.460894  0.00195695
        4228        -0.2   -0.460833  0.00195746
        4229        -0.6   -0.460865  0.00195728
        4230       -0.52   -0.460879  0.00195686
        4231       -0.36   -0.460856  0.00195655
        4232       -0.52    -0.46087  0.00195613
        4233       -0.28   -0.460827  0.00195614
        4234       -0.28   -0.460784  0.00195614
        4235       -0.04   -0.460685   0.0019582
        4236       -0.28   -0.460642   0.0019582
        4237       -0.12   -0.460562  0.00195939
        4238       -0.44   -0.460557  0.00195894
        4239        -0.6    -0.46059  0.00195875
        4240       -0.44   -0.460585  0.00195829
        4241       -0.36   -0.460561  0.00195798
        4242       -0.44   -0.460556  0.00195752
        4243       -0.44   -0.460551  0.00195706
        4244       -0.52   -0.460566  0.00195665
        4245       -0.52    -0.46058  0.00195624
        4246       -0.52   -0.460593  0.00195583
        4247       -0.44   -0.460589  0.00195538
        4248       -0.52   -0.460603  0.00195497
        4249       -0.44   -0.460598  0.00195451
        4250       -0.36   -0.460574   0.0019542
        4251       -0.52   -0.460588  0.00195379
        4252        -0.6   -0.460621   0.0019536
        4253       -0.52   -0.460635  0.00195319
        4254        -0.6   -0.460668  0.00195301
        4255       -0.68   -0.460719  0.00195323
        4256        -0.6   -0.460752  0.00195304
        4257       -0.36   -0.460728  0.00195273
        4258       -0.52   -0.460742  0.00195232
        4259       -0.52   -0.460756  0.00195191
        4260        -0.6   -0.460789  0.00195173
        4261       -0.44   -0.460784  0.00195128
        4262       -0.44   -0.460779  0.00195082
        4263       -0.36   -0.460755  0.00195051
        4264        -0.6   -0.460788  0.00195033
        4265       -0.52   -0.460802  0.00194992
        4266        -0.6   -0.460835  0.00194973
        4267        -0.6   -0.460867  0.00194955
        4268       -0.52   -0.460881  0.00194914
        4269       -0.68   -0.460932  0.00194936
        4270        -0.6   -0.460965  0.00194918
        4271       -0.52   -0.460979  0.00194877
        4272       -0.76   -0.461049  0.00194957
        4273       -0.44   -0.461044  0.00194912
        4274       -0.52   -0.461058  0.00194871
        4275       -0.36   -0.461034   0.0019484
        4276       -0.28   -0.460992   0.0019484
        4277       -0.44   -0.460987  0.00194795
        4278       -0.52      -0.461  0.00194755
        4279        -0.6   -0.461033  0.00194736
        4280       -0.52   -0.461047  0.00194696
        4281       -0.52    -0.46106  0.00194655
        4282       -0.44   -0.461056   0.0019461
        4283       -0.28   -0.461013  0.00194611
        4284        -0.2   -0.460952  0.00194661
        4285       -0.52   -0.460966   0.0019462
        4286       -0.52    -0.46098   0.0019458
        4287       -0.44   -0.460975  0.00194535
        4288       -0.44    -0.46097   0.0019449
        4289       -0.44   -0.460965  0.00194445
        4290       -0.36   -0.460942  0.00194414
        4291       -0.44   -0.460937   0.0019437
        4292       -0.44   -0.460932  0.00194325
        4293       -0.44   -0.460927   0.0019428
        4294        -0.2   -0.460866   0.0019433
        4295       -0.36   -0.460843  0.00194299
        4296        -0.6   -0.460875  0.00194281
        4297       -0.36   -0.460852   0.0019425
        4298       -0.44   -0.460847  0.00194205
        4299       -0.44   -0.460842  0.00194161
        4300       -0.36   -0.460819   0.0019413
        4301       -0.36   -0.460795  0.00194099
        4302       -0.36   -0.460772  0.00194068
        4303       -0.28    -0.46073  0.00194068
        4304       -0.28   -0.460688  0.00194068
        4305       -0.36   -0.460664  0.00194037
        4306       -0.52   -0.460678  0.00193997
        4307       -0.44   -0.460673  0.00193953
        4308       -0.36    -0.46065  0.00193922
        4309       -0.36   -0.460627  0.00193891
        4310       -0.28   -0.460585  0.00193891
        4311       -0.44    -0.46058  0.00193847
        4312        -0.2   -0.460519  0.00193896
        4313       -0.28   -0.460478  0.00193896
        4314       -0.28   -0.460436  0.00193896
        4315       -0.28   -0.460394  0.00193896
        4316       -0.52   -0.460408  0.00193856
        4317       -0.44   -0.460403  0.00193812
        4318       -0.44   -0.460398  0.00193768
        4319       -0.44   -0.460394  0.00193724
        4320       -0.36    -0.46037  0.00193693
        4321       -0.76    -0.46044  0.00193772
        4322       -0.44   -0.460435  0.00193728
        4323       -0.44    -0.46043  0.00193683
        4324       -0.36   -0.460407  0.00193653
        4325       -0.28   -0.460365  0.00193653
        4326       -0.36   -0.460342  0.00193622
        4327       -0.36   -0.460319  0.00193591
        4328       -0.44   -0.460314  0.00193547
        4329       -0.68   -0.460365  0.00193569
        4330       -0.52   -0.460379  0.00193529
        4331        -0.6   -0.460411  0.00193511
        4332        -0.6   -0.460443  0.00193493
        4333       -0.44   -0.460438  0.00193449
        4334       -0.28   -0.460397  0.00193449
        4335       -0.44   -0.460392  0.00193405
        4336       -0.44   -0.460387  0.00193361
        4337       -0.28   -0.460346  0.00193361
        4338        -0.6   -0.460378  0.00193343
        4339        -0.6    -0.46041  0.00193326
        4340       -0.52   -0.460424  0.00193286
        4341       -0.52   -0.460438  0.00193246
        4342       -0.44   -0.460433  0.00193202
        4343       -0.36    -0.46041  0.00193172
        4344       -0.52   -0.460424  0.00193132
        4345        -0.6   -0.460456  0.00193114
        4346       -0.76   -0.460525  0.00193193
        4347       -0.44    -0.46052  0.00193149
        4348       -0.44   -0.460515  0.00193105
        4349       -0.52   -0.460529  0.00193066
        4350        -0.6   -0.460561  0.00193048
        4351       -0.44   -0.460556  0.00193004
        4352        -0.6   -0.460588  0.00192986
        4353       -0.52   -0.460602  0.00192947
        4354       -0.44   -0.460597  0.00192903
        4355        -0.2   -0.460537  0.00192952
        4356       -0.28   -0.460496  0.00192952
        4357       -0.52    -0.46051  0.00192912
        4358       -0.44   -0.460505  0.00192869
        4359        -0.6   -0.460537  0.00192851
        4360       -0.44   -0.460532  0.00192807
        4361       -0.44   -0.460527  0.00192764
        4362       -0.44   -0.460523   0.0019272
        4363       -0.44   -0.460518  0.00192676
        4364       -0.28   -0.460477  0.00192677
        4365       -0.36   -0.460454  0.00192646
        4366       -0.52   -0.460467  0.00192607
        4367        -0.6   -0.460499  0.00192589
        4368       -0.36   -0.460476  0.00192559
        4369       -0.44   -0.460472  0.00192516
        4370        -0.6   -0.460503  0.00192498
        4371       -0.52   -0.460517  0.00192459
        4372       -0.44   -0.460512  0.00192415
        4373       -0.28   -0.460471  0.00192416
        4374       -0.36   -0.460448  0.00192385
        4375        -0.2   -0.460389  0.00192433
        4376       -0.36   -0.460366  0.00192403
        4377       -0.52   -0.460379  0.00192364
        4378        -0.6   -0.460411  0.00192347
        4379       -0.52   -0.460425  0.00192307
        4380       -0.36   -0.460402  0.00192277
        4381       -0.52   -0.460415  0.00192238
        4382       -0.52   -0.460429  0.00192199
        4383        -0.6   -0.460461  0.00192182
        4384        -0.6   -0.460493  0.00192164
        4385       -0.76   -0.460561  0.00192242
        4386       -0.52   -0.460575  0.00192203
        4387       -0.36   -0.460552  0.00192172
        4388       -0.36   -0.460529  0.00192142
        4389       -0.52   -0.460542  0.00192103
        4390       -0.44   -0.460538   0.0019206
        4391        -0.6   -0.460569  0.00192043
        4392       -0.68   -0.460619  0.00192064
        4393       -0.36   -0.460596  0.00192034
        4394       -0.36   -0.460574  0.00192004
        4395       -0.52   -0.460587  0.00191965
        4396       -0.44   -0.460582  0.00191922
        4397       -0.52   -0.460596  0.00191883
        4398       -0.52   -0.460609  0.00191844
        4399        -0.6   -0.460641  0.00191826
        4400       -0.52   -0.460655  0.00191788
        4401       -0.36   -0.460632  0.00191758
        4402       -0.68   -0.460682  0.00191779
        4403       -0.68   -0.460731    0.001918
        4404       -0.68   -0.460781  0.00191821
        4405       -0.44   -0.460776  0.00191778
        4406       -0.36   -0.460754  0.00191748
        4407       -0.28   -0.460713  0.00191749
        4408       -0.52   -0.460726   0.0019171
        4409       -0.36   -0.460703   0.0019168
        4410       -0.68   -0.460753  0.00191701
        4411       -0.52   -0.460766  0.00191662
        4412       -0.52    -0.46078  0.00191623
        4413       -0.52   -0.460793  0.00191585
        4414       -0.52   -0.460807  0.00191546
        4415        -0.6   -0.460838  0.00191529
        4416       -0.44   -0.460833  0.00191486
        4417        -0.6   -0.460865  0.00191468
        4418       -0.52   -0.460878   0.0019143
        4419       -0.52   -0.460892  0.00191391
        4420       -0.44   -0.460887  0.00191348
        4421       -0.44   -0.460882  0.00191306
        4422        -0.6   -0.460914  0.00191288
        4423       -0.52   -0.460927   0.0019125
        4424       -0.36   -0.460904   0.0019122
        4425       -0.36   -0.460881   0.0019119
        4426       -0.52   -0.460895  0.00191152
        4427       -0.44    -0.46089  0.00191109
        4428       -0.36   -0.460867   0.0019108
        4429       -0.52   -0.460881  0.00191041
        4430       -0.52   -0.460894  0.00191003
        4431       -0.52   -0.460907  0.00190964
        4432       -0.44   -0.460903  0.00190922
        4433       -0.52   -0.460916  0.00190883
        4434       -0.36   -0.460893  0.00190854
        4435       -0.52   -0.460906  0.00190816
        4436        -0.6   -0.460938  0.00190798
        4437       -0.44   -0.460933  0.00190756
        4438       -0.28   -0.460892  0.00190756
        4439       -0.28   -0.460852  0.00190757
        4440       -0.44   -0.460847  0.00190715
        4441       -0.36   -0.460824  0.00190685
        4442       -0.44   -0.460819  0.00190643
        4443       -0.52   -0.460833  0.00190605
        4444       -0.68   -0.460882  0.00190625
        4445        -0.6   -0.460913  0.00190608
        4446       -0.44   -0.460909  0.00190566
        4447       -0.52   -0.460922  0.00190528
        4448       -0.76   -0.460989  0.00190604
        4449        -0.6    -0.46102  0.00190586
        4450       -0.52   -0.461034  0.00190548
        4451       -0.44   -0.461029  0.00190506
        4452       -0.36   -0.461006  0.00190477
        4453       -0.52    -0.46102  0.00190438
        4454        -0.6   -0.461051  0.00190421
        4455       -0.52   -0.461064  0.00190383
        4456       -0.44   -0.461059  0.00190341
        4457       -0.36   -0.461037  0.00190312
        4458       -0.28   -0.460996  0.00190312
        4459       -0.36   -0.460973  0.00190283
        4460       -0.36   -0.460951  0.00190254
        4461       -0.36   -0.460928  0.00190225
        4462       -0.52   -0.460941  0.00190187
        4463       -0.36   -0.460919  0.00190158
        4464       -0.36   -0.460896  0.00190128
        4465       -0.28   -0.460856  0.00190129
        4466       -0.52   -0.460869  0.00190091
        4467       -0.36   -0.460846  0.00190062
        4468       -0.52   -0.460859  0.00190024
        4469       -0.36   -0.460837  0.00189995
        4470       -0.44   -0.460832  0.00189953
        4471       -0.44   -0.460828  0.00189911
        4472        -0.2   -0.460769  0.00189958
        4473       -0.28   -0.460729  0.00189959
        4474       -0.52   -0.460742  0.00189921
        4475       -0.44   -0.460737  0.00189879
        4476        -0.2   -0.460679  0.00189926
        4477       -0.44   -0.460675  0.00189884
        4478        -0.6   -0.460706  0.00189867
        4479       -0.44   -0.460701  0.00189825
        4480        -0.6   -0.460732  0.00189808
        4481        -0.6   -0.460763  0.00189791
        4482       -0.44   -0.460759   0.0018975
        4483       -0.52   -0.460772  0.00189712
        4484        -0.6   -0.460803  0.00189695
        4485       -0.44   -0.460798  0.00189653
        4486       -0.52   -0.460811  0.00189616
        4487       -0.44   -0.460807  0.00189574
        4488        -0.6   -0.460838  0.00189557
        4489       -0.52   -0.460851  0.00189519
        4490       -0.44   -0.460846  0.00189478
        4491       -0.52   -0.460859   0.0018944
        4492       -0.68   -0.460908  0.00189461
        4493       -0.52   -0.460921  0.00189423
        4494        -0.6   -0.460952  0.00189406
        4495       -0.52   -0.460966  0.00189369
        4496        -0.6   -0.460996  0.00189352
        4497       -0.52    -0.46101  0.00189314
        4498       -0.52   -0.461023  0.00189277
        4499       -0.28   -0.460982  0.00189277
        4500        -0.6   -0.461013  0.00189261
        4501       -0.52   -0.461026  0.00189223
        4502       -0.68   -0.461075  0.00189243
        4503       -0.44    -0.46107  0.00189202
        4504       -0.28    -0.46103  0.00189203
        4505       -0.52   -0.461043  0.00189165
        4506        -0.6   -0.461074  0.00189148
        4507       -0.44   -0.461069  0.00189107
        4508       -0.44   -0.461065  0.00189066
        4509       -0.36   -0.461042  0.00189037
        4510       -0.44   -0.461038  0.00188996
        4511       -0.52   -0.461051  0.00188958
        4512       -0.52   -0.461064  0.00188921
        4513       -0.52   -0.461077  0.00188884
        4514       -0.52    -0.46109  0.00188846
        4515       -0.36   -0.461068  0.00188818
        4516       -0.44   -0.461063  0.00188776
        4517       -0.52   -0.461076  0.00188739
        4518       -0.44   -0.461071  0.00188698
        4519       -0.52   -0.461084  0.00188661
        4520       -0.52   -0.461097  0.00188623
        4521       -0.36   -0.461075  0.00188595
        4522       -0.36   -0.461053  0.00188567
        4523       -0.28   -0.461013  0.00188567
        4524        -0.6   -0.461043  0.00188551
        4525        -0.6   -0.461074  0.00188534
        4526       -0.68   -0.461122  0.00188554
        4527        -0.6   -0.461153  0.00188538
        4528       -0.36   -0.461131  0.00188509
        4529       -0.52   -0.461144  0.00188472
        4530       -0.52   -0.461157  0.00188435
        4531        -0.6   -0.461187  0.00188418
        4532       -0.52     -0.4612  0.00188381
        4533       -0.52   -0.461213  0.00188344
        4534       -0.44   -0.461209  0.00188303
        4535       -0.68   -0.461257  0.00188323
        4536        -0.6   -0.461287  0.00188307
        4537       -0.44   -0.461283  0.00188266
        4538       -0.36    -0.46126  0.00188238
        4539       -0.36   -0.461238  0.00188209
        4540       -0.44   -0.461233  0.00188169
        4541       -0.36   -0.461211   0.0018814
        4542       -0.36   -0.461189  0.00188112
        4543       -0.36   -0.461167  0.00188084
        4544       -0.28   -0.461127  0.00188085
        4545       -0.52    -0.46114  0.00188048
        4546       -0.52   -0.461153  0.00188011
        4547       -0.44   -0.461148   0.0018797
        4548       -0.52   -0.461161  0.00187933
        4549        -0.6   -0.461191  0.00187917
        4550       -0.52   -0.461204   0.0018788
        4551       -0.52   -0.461217  0.00187843
        4552        -0.6   -0.461248  0.00187826
        4553        -0.6   -0.461278   0.0018781
        4554       -0.52   -0.461291  0.00187773
        4555        -0.2   -0.461234  0.00187819
        4556       -0.28   -0.461194   0.0018782
        4557       -0.44   -0.461189   0.0018778
        4558       -0.36   -0.461167  0.00187752
        4559       -0.36   -0.461145  0.00187724
        4560       -0.44    -0.46114  0.00187683
        4561       -0.44   -0.461136  0.00187642
        4562       -0.52   -0.461149  0.00187606
        4563        -0.6   -0.461179  0.00187589
        4564       -0.36   -0.461157  0.00187561
        4565        -0.2     -0.4611  0.00187607
        4566       -0.36   -0.461078  0.00187579
        4567       -0.52    -0.46109  0.00187543
        4568       -0.44   -0.461086  0.00187502
        4569       -0.44   -0.461081  0.00187462
        4570       -0.36   -0.461059  0.00187434
        4571       -0.44   -0.461054  0.00187393
        4572       -0.44    -0.46105  0.00187353
        4573       -0.44   -0.461045  0.00187313
        4574       -0.44   -0.461041  0.00187272
        4575       -0.52   -0.461054  0.00187236
        4576        -0.6   -0.461084  0.00187219
        4577       -0.52   -0.461097  0.00187183
        4578       -0.52    -0.46111  0.00187146
        4579       -0.28    -0.46107  0.00187147
        4580       -0.36   -0.461048   0.0018712
        4581       -0.44   -0.461043  0.00187079
        4582       -0.68   -0.461091  0.00187099
        4583       -0.68   -0.461139   0.0018712
        4584       -0.68   -0.461187   0.0018714
        4585       -0.52     -0.4612  0.00187103
        4586       -0.44   -0.461195  0.00187063
        4587       -0.28   -0.461155  0.00187064
        4588       -0.44   -0.461151  0.00187024
        4589       -0.12   -0.461076  0.00187131
        4590       -0.52   -0.461089  0.00187094
        4591       -0.44   -0.461085  0.00187054
        4592       -0.36   -0.461063  0.00187026
        4593        -0.6   -0.461093   0.0018701
        4594        -0.2   -0.461036  0.00187056
        4595        -0.2   -0.460979  0.00187101
        4596       -0.36   -0.460957  0.00187073
        4597        -0.6   -0.460988  0.00187057
        4598       -0.52      -0.461  0.00187021
        4599       -0.44   -0.460996  0.00186981
        4600       -0.44   -0.460991  0.00186941
        4601       -0.36   -0.460969  0.00186913
        4602       -0.52   -0.460982  0.00186877
        4603        -0.6   -0.461012  0.00186861
        4604       -0.44   -0.461008  0.00186821
        4605        -0.6   -0.461038  0.00186804
        4606        -0.6   -0.461068  0.00186788
        4607       -0.28   -0.461029  0.00186789
        4608       -0.44   -0.461024  0.00186749
        4609       -0.52   -0.461037  0.00186713
        4610       -0.44   -0.461033  0.00186673
        4611       -0.52   -0.461045  0.00186637
        4612       -0.44   -0.461041  0.00186597
        4613       -0.28   -0.461002  0.00186598
        4614       -0.44   -0.460997  0.00186558
        4615       -0.44   -0.460992  0.00186518
        4616        -0.6   -0.461023  0.00186502
        4617       -0.52   -0.461035  0.00186466
        4618        -0.6   -0.461065   0.0018645
        4619        -0.6   -0.461095  0.00186434
        4620       -0.52   -0.461108  0.00186398
        4621       -0.28   -0.461069  0.00186398
        4622        -0.6   -0.461099  0.00186382
        4623        -0.6   -0.461129  0.00186366
        4624        -0.6   -0.461159   0.0018635
        4625       -0.52   -0.461172  0.00186314
        4626        -0.6   -0.461202  0.00186298
        4627       -0.52   -0.461215  0.00186262
        4628        -0.6   -0.461245  0.00186246
        4629       -0.52   -0.461257   0.0018621
        4630       -0.44   -0.461253  0.00186171
        4631        -0.6   -0.461283  0.00186154
        4632        -0.6   -0.461313  0.00186138
        4633       -0.36   -0.461291  0.00186111
        4634       -0.52   -0.461303  0.00186075
        4635       -0.44   -0.461299  0.00186036
        4636       -0.52   -0.461311     0.00186
        4637       -0.36    -0.46129  0.00185972
        4638       -0.52   -0.461302  0.00185937
        4639        -0.6   -0.461332  0.00185921
        4640       -0.36    -0.46131  0.00185893
        4641       -0.52   -0.461323  0.00185858
        4642        -0.6   -0.461353  0.00185842
        4643       -0.68     -0.4614  0.00185861
        4644       -0.68   -0.461447  0.00185881
        4645       -0.28   -0.461408  0.00185882
        4646       -0.12   -0.461334  0.00185987
        4647       -0.44    -0.46133  0.00185948
        4648       -0.44   -0.461325  0.00185908
        4649       -0.44   -0.461321  0.00185869
        4650       -0.36   -0.461299  0.00185841
        4651       -0.44   -0.461294  0.00185802
        4652       -0.52   -0.461307  0.00185766
        4653       -0.52    -0.46132  0.00185731
        4654       -0.52   -0.461332  0.00185695
        4655       -0.52   -0.461345   0.0018566
        4656       -0.44    -0.46134   0.0018562
        4657        -0.6    -0.46137  0.00185604
        4658        -0.6     -0.4614  0.00185588
        4659        -0.6   -0.461429  0.00185572
        4660       -0.44   -0.461425  0.00185533
        4661       -0.52   -0.461437  0.00185497
        4662       -0.36   -0.461416   0.0018547
        4663       -0.36   -0.461394  0.00185443
        4664       -0.52   -0.461407  0.00185408
        4665       -0.44   -0.461402  0.00185369
        4666        -0.2   -0.461346  0.00185414
        4667       -0.28   -0.461307  0.00185415
        4668        -0.6   -0.461337  0.00185399
        4669       -0.44   -0.461332   0.0018536
        4670        -0.6   -0.461362  0.00185344
        4671       -0.52   -0.461374  0.00185308
        4672       -0.52   -0.461387  0.00185273
        4673       -0.52     -0.4614  0.00185237
        4674       -0.52   -0.461412  0.00185202
        4675        -0.6   -0.461442  0.00185186
        4676       -0.44   -0.461437  0.00185147
        4677       -0.52    -0.46145  0.00185112
        4678       -0.52   -0.461462  0.00185076
        4679       -0.44   -0.461458  0.00185037
        4680       -0.28   -0.461419  0.00185039
        4681       -0.28    -0.46138   0.0018504
        4682        -0.2   -0.461324  0.00185084
        4683       -0.52   -0.461337  0.00185049
        4684       -0.68   -0.461383  0.00185068
        4685        -0.6   -0.461413  0.00185052
        4686       -0.44   -0.461408  0.00185014
        4687       -0.52   -0.461421  0.00184978
        4688       -0.36   -0.461399  0.00184951
        4689       -0.44   -0.461395  0.00184913
        4690       -0.44    -0.46139  0.00184874
        4691       -0.52   -0.461403  0.00184839
        4692       -0.36   -0.461381  0.00184812
        4693       -0.36   -0.461359  0.00184785
        4694       -0.68   -0.461406  0.00184804
        4695       -0.52   -0.461419  0.00184769
        4696       -0.36   -0.461397  0.00184743
        4697       -0.52   -0.461409  0.00184707
        4698       -0.52   -0.461422  0.00184672
        4699       -0.44   -0.461417  0.00184634
        4700       -0.44   -0.461413  0.00184595
        4701       -0.44   -0.461408  0.00184556
        4702       -0.44   -0.461404  0.00184517
        4703       -0.28   -0.461365  0.00184519
        4704        -0.2    -0.46131  0.00184563
        4705       -0.28   -0.461271  0.00184564
        4706       -0.36   -0.461249  0.00184537
        4707       -0.44   -0.461245  0.00184499
        4708       -0.36   -0.461223  0.00184472
        4709       -0.44   -0.461219  0.00184433
        4710       -0.36   -0.461197  0.00184407
        4711       -0.68   -0.461244  0.00184426
        4712        -0.6   -0.461273   0.0018441
        4713       -0.52   -0.461286  0.00184375
        4714       -0.36   -0.461264  0.00184349
        4715       -0.44    -0.46126   0.0018431
        4716        -0.2   -0.461204  0.00184354
        4717       -0.52   -0.461217   0.0018432
        4718        -0.6   -0.461246  0.00184304
        4719       -0.36   -0.461225  0.00184277
        4720       -0.28   -0.461186  0.00184278
        4721       -0.44   -0.461182   0.0018424
        4722       -0.52   -0.461194  0.00184205
        4723       -0.44    -0.46119  0.00184167
        4724       -0.44   -0.461185  0.00184128
        4725       -0.44   -0.461181   0.0018409
        4726       -0.44   -0.461176  0.00184051
        4727       -0.28   -0.461138  0.00184052
        4728       -0.52   -0.461151  0.00184018
        4729       -0.28   -0.461112  0.00184019
        4730       -0.52   -0.461125  0.00183984
        4731       -0.52   -0.461137  0.00183949
        4732       -0.44   -0.461133  0.00183911
        4733       -0.52   -0.461145  0.00183876
        4734        -0.6   -0.461174  0.00183861
        4735       -0.52   -0.461187  0.00183826
        4736       -0.44   -0.461182  0.00183788
        4737       -0.28   -0.461144  0.00183789
        4738       -0.36   -0.461123  0.00183762
        4739       -0.28   -0.461085  0.00183763
        4740       -0.28   -0.461046  0.00183764
        4741       -0.36   -0.461025  0.00183738
        4742       -0.36   -0.461004  0.00183712
        4743       -0.44   -0.460999  0.00183673
        4744       -0.44   -0.460995  0.00183635
        4745       -0.36   -0.460974  0.00183609
        4746       -0.12   -0.460902  0.00183711
        4747       -0.52   -0.460914  0.00183676
        4748        -0.6   -0.460944  0.00183661
        4749       -0.36   -0.460922  0.00183634
        4750       -0.44   -0.460918  0.00183596
        4751       -0.52    -0.46093  0.00183562
        4752        -0.6    -0.46096  0.00183547
        4753       -0.44   -0.460955  0.00183509
        4754       -0.52   -0.460968  0.00183474
        4755       -0.52    -0.46098   0.0018344
        4756        -0.6   -0.461009  0.00183424
        4757        -0.6   -0.461038  0.00183409
        4758       -0.44   -0.461034  0.00183371
        4759       -0.52   -0.461046  0.00183337
        4760       -0.52   -0.461059  0.00183302
        4761        -0.6   -0.461088  0.00183287
        4762       -0.52     -0.4611  0.00183253
        4763       -0.44   -0.461096  0.00183215
        4764        -0.6   -0.461125    0.001832
        4765        -0.6   -0.461154  0.00183184
        4766       -0.52   -0.461167   0.0018315
        4767        -0.6   -0.461196  0.00183135
        4768       -0.68   -0.461242  0.00183154
        4769        -0.6   -0.461271  0.00183139
        4770       -0.36   -0.461249  0.00183113
        4771       -0.52   -0.461262  0.00183078
        4772       -0.28   -0.461224  0.00183079
        4773       -0.36   -0.461203  0.00183053
        4774       -0.28   -0.461165  0.00183054
        4775       -0.68    -0.46121  0.00183073
        4776       -0.84    -0.46129  0.00183207
        4777       -0.68   -0.461336  0.00183226
        4778        -0.6   -0.461365   0.0018321
        4779       -0.52   -0.461377  0.00183176
        4780       -0.44   -0.461372  0.00183138
        4781       -0.44   -0.461368    0.001831
        4782       -0.36   -0.461347  0.00183074
        4783       -0.52   -0.461359   0.0018304
        4784       -0.52   -0.461371  0.00183006
        4785        -0.6     -0.4614  0.00182991
        4786       -0.52   -0.461412  0.00182957
        4787        -0.6   -0.461441  0.00182941
        4788        -0.6    -0.46147  0.00182926
        4789       -0.68   -0.461516  0.00182945
        4790       -0.52   -0.461528  0.00182911
        4791       -0.44   -0.461524  0.00182873
        4792       -0.12   -0.461452  0.00182974
        4793       -0.44   -0.461448  0.00182936
        4794       -0.52    -0.46146  0.00182902
        4795       -0.44   -0.461456  0.00182864
        4796        -0.6   -0.461485  0.00182849
        4797       -0.44    -0.46148  0.00182811
        4798       -0.44   -0.461476  0.00182774
        4799        -0.6   -0.461504  0.00182759
        4800       -0.52   -0.461517  0.00182725
        4801       -0.44   -0.461512  0.00182687
        4802       -0.44   -0.461508   0.0018265
        4803       -0.28    -0.46147  0.00182651
        4804       -0.28   -0.461432  0.00182652
        4805        -0.6   -0.461461  0.00182636
        4806        -0.6    -0.46149  0.00182621
        4807       -0.44   -0.461485  0.00182584
        4808       -0.44   -0.461481  0.00182546
        4809       -0.28   -0.461443  0.00182547
        4810       -0.44   -0.461439   0.0018251
        4811        -0.6   -0.461467  0.00182495
        4812       -0.36   -0.461446  0.00182469
        4813       -0.44   -0.461442  0.00182432
        4814       -0.36   -0.461421  0.00182406
        4815       -0.52   -0.461433  0.00182372
        4816       -0.52   -0.461445  0.00182338
        4817        -0.6   -0.461474  0.00182323
        4818       -0.68   -0.461519  0.00182342
        4819       -0.52   -0.461531  0.00182308
        4820        -0.6    -0.46156  0.00182293
        4821       -0.52   -0.461572  0.00182259
        4822       -0.44   -0.461568  0.00182222
        4823       -0.44   -0.461563  0.00182184
        4824       -0.68   -0.461609  0.00182203
        4825        -0.6   -0.461637  0.00182188
        4826       -0.36   -0.461616  0.00182162
        4827        -0.2   -0.461562  0.00182205
        4828       -0.28   -0.461524  0.00182206
        4829       -0.44    -0.46152  0.00182169
        4830       -0.52   -0.461532  0.00182135
        4831       -0.28   -0.461495  0.00182136
        4832       -0.44    -0.46149  0.00182099
        4833       -0.52   -0.461502  0.00182065
        4834       -0.44   -0.461498  0.00182028
        4835       -0.44   -0.461493  0.00181991
        4836        -0.6   -0.461522  0.00181976
        4837       -0.52   -0.461534  0.00181942
        4838       -0.44    -0.46153  0.00181905
        4839        -0.2   -0.461476  0.00181948
        4840       -0.12   -0.461405  0.00182047
        4841       -0.36   -0.461384  0.00182022
        4842        -0.6   -0.461413  0.00182007
        4843        -0.6   -0.461441  0.00181992
        4844        -0.6    -0.46147  0.00181976
        4845       -0.44   -0.461465  0.00181939
        4846       -0.36   -0.461444  0.00181914
        4847       -0.52   -0.461457   0.0018188
        4848        -0.6   -0.461485  0.00181865
        4849       -0.36   -0.461464   0.0018184
        4850        -0.6   -0.461493  0.00181825
        4851       -0.44   -0.461488  0.00181788
        4852       -0.36   -0.461467  0.00181762
        4853       -0.44   -0.461463  0.00181726
        4854       -0.44   -0.461459  0.00181689
        4855       -0.36   -0.461438  0.00181663
        4856       -0.52    -0.46145   0.0018163
        4857       -0.36   -0.461429  0.00181604
        4858       -0.36   -0.461408  0.00181579
        4859       -0.52    -0.46142  0.00181546
        4860        -0.6   -0.461449  0.00181531
        4861       -0.36   -0.461428  0.00181505
        4862       -0.44   -0.461423  0.00181469
        4863       -0.44   -0.461419  0.00181432
        4864       -0.36   -0.461398  0.00181406
        4865       -0.36   -0.461377  0.00181381
        4866       -0.68   -0.461422    0.001814
        4867       -0.44   -0.461418  0.00181363
        4868       -0.12   -0.461348  0.00181461
        4869       -0.44   -0.461343  0.00181424
        4870       -0.52   -0.461355  0.00181391
        4871        -0.6   -0.461384  0.00181376
        4872        -0.6   -0.461412  0.00181361
        4873       -0.44   -0.461408  0.00181325
        4874       -0.52    -0.46142  0.00181291
        4875       -0.52   -0.461432  0.00181258
        4876       -0.36   -0.461411  0.00181233
        4877       -0.44   -0.461407  0.00181196
        4878        -0.6   -0.461435  0.00181181
        4879       -0.44   -0.461431  0.00181145
        4880       -0.36    -0.46141   0.0018112
        4881       -0.44   -0.461405  0.00181083
        4882       -0.36   -0.461385  0.00181058
        4883       -0.28   -0.461348  0.00181059
        4884       -0.52    -0.46136  0.00181026
        4885        -0.6   -0.461388  0.00181011
        4886       -0.52     -0.4614  0.00180978
        4887       -0.36   -0.461379  0.00180953
        4888       -0.36   -0.461358  0.00180928
        4889       -0.44   -0.461354  0.00180891
        4890       -0.36   -0.461333  0.00180866
        4891        -0.6   -0.461362  0.00180851
        4892       -0.44   -0.461357  0.00180815
        4893       -0.52   -0.461369  0.00180782
        4894       -0.36   -0.461349  0.00180757
        4895        -0.2   -0.461295  0.00180799
        4896       -0.36   -0.461275  0.00180774
        4897       -0.36   -0.461254  0.00180749
        4898       -0.44   -0.461249  0.00180712
        4899       -0.44   -0.461245  0.00180676
        4900       -0.28   -0.461208  0.00180677
        4901       -0.52    -0.46122  0.00180644
        4902       -0.52   -0.461232  0.00180611
        4903        -0.6    -0.46126  0.00180596
        4904       -0.52   -0.461272  0.00180563
        4905       -0.28   -0.461235  0.00180564
        4906       -0.52   -0.461247  0.00180532
        4907       -0.44   -0.461243  0.00180495
        4908       -0.44   -0.461239  0.00180459
        4909       -0.44   -0.461234  0.00180423
        4910        -0.6   -0.461263  0.00180408
        4911        -0.6   -0.461291  0.00180394
        4912       -0.44   -0.461287  0.00180357
        4913       -0.52   -0.461299  0.00180325
        4914       -0.52   -0.461311  0.00180292
        4915       -0.36    -0.46129  0.00180267
        4916       -0.28   -0.461253  0.00180268
        4917       -0.36   -0.461232  0.00180243
        4918       -0.44   -0.461228  0.00180207
        4919       -0.44   -0.461224  0.00180171
        4920       -0.28   -0.461187  0.00180172
        4921       -0.36   -0.461166  0.00180147
        4922       -0.36   -0.461146  0.00180122
        4923       -0.52   -0.461158   0.0018009
        4924        -0.6   -0.461186  0.00180075
        4925       -0.44   -0.461182  0.00180039
        4926       -0.44   -0.461177  0.00180003
        4927       -0.44   -0.461173  0.00179967
        4928       -0.44   -0.461169  0.00179931
        4929       -0.36   -0.461148  0.00179906
        4930       -0.52    -0.46116  0.00179874
        4931       -0.52   -0.461172  0.00179841
        4932       -0.52   -0.461184  0.00179809
        4933        -0.2   -0.461131   0.0017985
        4934       -0.44   -0.461127  0.00179814
        4935       -0.28    -0.46109  0.00179815
        4936       -0.28   -0.461053  0.00179816
        4937       -0.52   -0.461065  0.00179784
        4938       -0.36   -0.461045  0.00179759
        4939       -0.44   -0.461041  0.00179723
        4940       -0.52   -0.461053  0.00179691
        4941        -0.6   -0.461081  0.00179676
        4942       -0.68   -0.461125  0.00179695
        4943       -0.44   -0.461121  0.00179659
        4944       -0.44   -0.461117  0.00179623
        4945       -0.36   -0.461096  0.00179598
        4946       -0.52   -0.461108  0.00179566
        4947       -0.28   -0.461071  0.00179567
        4948       -0.44   -0.461067  0.00179531
        4949        -0.2   -0.461014  0.00179572
        4950       -0.36   -0.460994  0.00179548
        4951       -0.52   -0.461006  0.00179515
        4952       -0.52   -0.461018  0.00179483
        4953        -0.6   -0.461046  0.00179469
        4954       -0.28   -0.461009   0.0017947
        4955       -0.36   -0.460989  0.00179445
        4956        -0.2   -0.460936  0.00179486
        4957        -0.6   -0.460964  0.00179472
        4958       -0.52   -0.460976  0.00179439
        4959       -0.36   -0.460956  0.00179415
        4960       -0.36   -0.460935   0.0017939
        4961       -0.36   -0.460915  0.00179366
        4962       -0.44   -0.460911   0.0017933
        4963       -0.28   -0.460874  0.00179331
        4964       -0.44    -0.46087  0.00179295
        4965       -0.52   -0.460882  0.00179263
        4966       -0.28   -0.460846  0.00179264
        4967       -0.52   -0.460858  0.00179232
        4968        -0.6   -0.460886  0.00179218
        4969        -0.6   -0.460914  0.00179203
        4970       -0.52   -0.460926  0.00179171
        4971       -0.44   -0.460921  0.00179136
        4972       -0.12   -0.460853  0.00179231
        4973       -0.52   -0.460865  0.00179199
        4974       -0.36   -0.460844  0.00179174
        4975       -0.36   -0.460824   0.0017915
        4976       -0.44    -0.46082  0.00179114
        4977        -0.6   -0.460848    0.001791
        4978        -0.2   -0.460796  0.00179141
        4979        -0.2   -0.460743  0.00179181
        4980       -0.52   -0.460755  0.00179149
        4981       -0.52   -0.460767  0.00179117
        4982       -0.36   -0.460747  0.00179093
        4983        -0.2   -0.460694  0.00179133
        4984       -0.44    -0.46069  0.00179098
        4985       -0.68   -0.460734  0.00179116
        4986       -0.44    -0.46073   0.0017908
        4987       -0.36    -0.46071  0.00179056
        4988       -0.36    -0.46069  0.00179031
        4989       -0.28   -0.460653  0.00179032
        4990       -0.52   -0.460665     0.00179
        4991       -0.52   -0.460677  0.00178968
        4992       -0.44   -0.460673  0.00178933
        4993       -0.44   -0.460669  0.00178898
        4994       -0.44   -0.460665  0.00178862
        4995       -0.52   -0.460677   0.0017883
        4996       -0.36   -0.460657  0.00178806
        4997       -0.52   -0.460668  0.00178774
        4998       -0.12     -0.4606  0.00178868
        4999       -0.52   -0.460612  0.00178836
        5000       -0.36   -0.460592  0.00178812
        5001        -0.2    -0.46054  0.00178852
        5002       -0.28   -0.460504  0.00178853
        5003       -0.68   -0.460548  0.00178871
        5004       -0.28   -0.460512  0.00178871
        5005       -0.44   -0.460507  0.00178836
        5006       -0.36   -0.460487  0.00178812
        5007       -0.28   -0.460451  0.00178812
        5008       -0.36   -0.460431  0.00178788
        5009       -0.36   -0.460411  0.00178763
        5010       -0.28   -0.460375  0.00178764
        5011       -0.44   -0.460371  0.00178729
        5012       -0.44   -0.460367  0.00178694
        5013        -0.6   -0.460395   0.0017868
        5014       -0.44   -0.460391  0.00178644
        5015       -0.44   -0.460387  0.00178609
        5016       -0.36   -0.460367  0.00178585
        5017       -0.52   -0.460379  0.00178553
        5018       -0.44   -0.460375  0.00178518
        5019        -0.6   -0.460402  0.00178504
        5020       -0.44   -0.460398  0.00178469
        5021       -0.36   -0.460378  0.00178445
        5022       -0.36   -0.460358   0.0017842
        5023       -0.52    -0.46037  0.00178389
        5024       -0.52   -0.460382  0.00178357
        5025       -0.52   -0.460394  0.00178326
        5026       -0.28   -0.460358  0.00178326
        5027        -0.2   -0.460306  0.00178366
        5028       -0.28    -0.46027  0.00178367
        5029        -0.6   -0.460298  0.00178353
        5030       -0.68   -0.460342  0.00178371
        5031        -0.6    -0.46037  0.00178357
        5032        -0.6   -0.460397  0.00178343
        5033       -0.52   -0.460409  0.00178312
        5034        -0.2   -0.460358  0.00178351
        5035        -0.2   -0.460306  0.00178391
        5036       -0.44   -0.460302  0.00178356
        5037        -0.6    -0.46033  0.00178342
        5038       -0.52   -0.460341  0.00178311
        5039       -0.44   -0.460337  0.00178276
        5040       -0.36   -0.460317  0.00178251
        5041       -0.36   -0.460298  0.00178227
        5042       -0.52   -0.460309  0.00178196
        5043       -0.52   -0.460321  0.00178164
        5044       -0.52   -0.460333  0.00178133
        5045       -0.52   -0.460345  0.00178102
        5046       -0.44   -0.460341  0.00178067
        5047        -0.6   -0.460369  0.00178053
        5048       -0.68   -0.460412  0.00178071
        5049        -0.6    -0.46044  0.00178057
        5050        -0.6   -0.460467  0.00178043
        5051       -0.52   -0.460479  0.00178012
        5052       -0.52   -0.460491   0.0017798
        5053       -0.44   -0.460487  0.00177946
        5054       -0.44   -0.460483  0.00177911
        5055       -0.52   -0.460495   0.0017788
        5056       -0.52   -0.460506  0.00177848
        5057       -0.52   -0.460518  0.00177817
        5058       -0.44   -0.460514  0.00177782
        5059        -0.6   -0.460542  0.00177769
        5060        -0.6   -0.460569  0.00177755
        5061       -0.52   -0.460581  0.00177724
        5062       -0.28   -0.460545  0.00177724
        5063       -0.52   -0.460557  0.00177693
        5064       -0.36   -0.460537  0.00177669
        5065       -0.44   -0.460533  0.00177634
        5066        -0.6   -0.460561  0.00177621
        5067       -0.44   -0.460557  0.00177586
        5068       -0.44   -0.460552  0.00177552
        5069       -0.28   -0.460517  0.00177552
        5070       -0.68    -0.46056   0.0017757
        5071        -0.6   -0.460588  0.00177556
        5072       -0.36   -0.460568  0.00177532
        5073       -0.36   -0.460548  0.00177508
        5074       -0.44   -0.460544  0.00177474
        5075       -0.36   -0.460524   0.0017745
        5076       -0.52   -0.460536  0.00177419
        5077       -0.52   -0.460548  0.00177388
        5078       -0.44   -0.460544  0.00177353
        5079       -0.44   -0.460539  0.00177319
        5080        -0.6   -0.460567  0.00177305
        5081       -0.28   -0.460531  0.00177306
        5082       -0.44   -0.460527  0.00177272
        5083       -0.36   -0.460508  0.00177248
        5084       -0.36   -0.460488  0.00177224
        5085       -0.52     -0.4605  0.00177193
        5086       -0.52   -0.460511  0.00177162
        5087       -0.52   -0.460523  0.00177131
        5088       -0.44   -0.460519  0.00177097
        5089        -0.6   -0.460546  0.00177083
        5090       -0.44   -0.460542  0.00177049
        5091       -0.44   -0.460538  0.00177014
        5092       -0.52    -0.46055  0.00176983
        5093       -0.52   -0.460562  0.00176953
        5094       -0.36   -0.460542  0.00176929
        5095        -0.6   -0.460569  0.00176915
        5096       -0.52   -0.460581  0.00176884
        5097       -0.36   -0.460561  0.00176861
        5098       -0.36   -0.460541  0.00176837
        5099       -0.44   -0.460537  0.00176803
        5100        -0.6   -0.460565  0.00176789
        5101        -0.6   -0.460592  0.00176776
        5102       -0.68   -0.460635  0.00176793
        5103       -0.44   -0.460631  0.00176759
        5104       -0.44   -0.460627  0.00176725
        5105        -0.6   -0.460654  0.00176711
        5106       -0.44    -0.46065  0.00176677
        5107       -0.28   -0.460615  0.00176678
        5108       -0.28   -0.460579  0.00176679
        5109       -0.28   -0.460544   0.0017668
        5110       -0.44    -0.46054  0.00176646
        5111       -0.52   -0.460552  0.00176615
        5112       -0.52   -0.460563  0.00176584
        5113       -0.36   -0.460544  0.00176561
        5114       -0.36   -0.460524  0.00176537
        5115       -0.52   -0.460536  0.00176506
        5116       -0.36   -0.460516  0.00176483
        5117       -0.28   -0.460481  0.00176483
        5118       -0.52   -0.460492  0.00176453
        5119       -0.44   -0.460488  0.00176419
        5120       -0.44   -0.460484  0.00176385
        5121       -0.44    -0.46048  0.00176351
        5122       -0.52   -0.460492   0.0017632
        5123       -0.52   -0.460504   0.0017629
        5124       -0.44     -0.4605  0.00176256
        5125       -0.36    -0.46048  0.00176232
        5126       -0.28   -0.460445  0.00176233
        5127       -0.52   -0.460456  0.00176202
        5128       -0.36   -0.460437  0.00176179
        5129       -0.52   -0.460448  0.00176148
        5130       -0.52    -0.46046  0.00176118
        5131       -0.44   -0.460456  0.00176084
        5132       -0.28   -0.460421  0.00176085
        5133       -0.44   -0.460417  0.00176051
        5134       -0.36   -0.460397  0.00176028
        5135       -0.52   -0.460409  0.00175997
        5136       -0.52   -0.460421  0.00175967
        5137       -0.52   -0.460432  0.00175936
        5138       -0.44   -0.460428  0.00175902
        5139       -0.28   -0.460393  0.00175903
        5140       -0.52   -0.460405  0.00175873
        5141        -0.6   -0.460432   0.0017586
        5142        -0.6   -0.460459  0.00175846
        5143       -0.52   -0.460471  0.00175816
        5144       -0.52   -0.460482  0.00175786
        5145       -0.68   -0.460525  0.00175803
        5146       -0.52   -0.460536  0.00175773
        5147       -0.44   -0.460532  0.00175739
        5148       -0.52   -0.460544  0.00175709
        5149       -0.36   -0.460524  0.00175686
        5150       -0.44    -0.46052  0.00175652
        5151        -0.6   -0.460547  0.00175639
        5152       -0.44   -0.460543  0.00175605
        5153       -0.52   -0.460555  0.00175575
        5154       -0.52   -0.460567  0.00175544
        5155        -0.6   -0.460594  0.00175531
        5156       -0.36   -0.460574  0.00175508
        5157       -0.44    -0.46057  0.00175474
        5158        -0.6   -0.460597  0.00175461
        5159       -0.52   -0.460609  0.00175431
        5160       -0.36   -0.460589  0.00175408
        5161       -0.44   -0.460585  0.00175374
        5162       -0.52   -0.460597  0.00175344
        5163        -0.6   -0.460624  0.00175331
        5164       -0.28   -0.460589  0.00175332
        5165       -0.44   -0.460585  0.00175298
        5166       -0.52   -0.460596  0.00175268
        5167       -0.36   -0.460577  0.00175245
        5168       -0.44   -0.460573  0.00175212
        5169        -0.6     -0.4606  0.00175199
        5170        -0.6   -0.460627  0.00175185
        5171       -0.52   -0.460638  0.00175155
        5172       -0.44   -0.460634  0.00175122
        5173       -0.52   -0.460646  0.00175092
        5174       -0.44   -0.460642  0.00175058
        5175       -0.36   -0.460622  0.00175035
        5176       -0.44   -0.460618  0.00175002
        5177       -0.28   -0.460583  0.00175003
        5178       -0.44   -0.460579   0.0017497
        5179       -0.28   -0.460545  0.00174971
        5180       -0.52   -0.460556  0.00174941
        5181       -0.36   -0.460537  0.00174918
        5182       -0.52   -0.460548  0.00174888
        5183       -0.52    -0.46056  0.00174858
        5184        -0.6   -0.460586  0.00174845
        5185       -0.44   -0.460582  0.00174811
        5186       -0.52   -0.460594  0.00174781
        5187       -0.36   -0.460575  0.00174758
        5188        -0.2   -0.460524  0.00174797
        5189       -0.44    -0.46052  0.00174764
        5190       -0.28   -0.460486  0.00174765
        5191       -0.52   -0.460497  0.00174735
        5192       -0.36   -0.460478  0.00174712
        5193       -0.44   -0.460474  0.00174679
        5194        -0.6   -0.460501  0.00174666
        5195       -0.52   -0.460512  0.00174636
        5196       -0.44   -0.460508  0.00174602
        5197       -0.44   -0.460504  0.00174569
        5198       -0.28   -0.460469   0.0017457
        5199       -0.44   -0.460465  0.00174537
        5200        -0.6   -0.460492  0.00174524
        5201       -0.44   -0.460488  0.00174491
        5202       -0.44   -0.460484  0.00174458
        5203       -0.36   -0.460465  0.00174435
        5204       -0.44   -0.460461  0.00174402
        5205       -0.52   -0.460473  0.00174372
        5206       -0.12   -0.460407  0.00174461
        5207       -0.28   -0.460373  0.00174462
        5208       -0.36   -0.460353  0.00174439
        5209        -0.6    -0.46038  0.00174427
        5210        -0.6   -0.460407  0.00174414
        5211       -0.52   -0.460418  0.00174384
        5212       -0.52    -0.46043  0.00174354
        5213       -0.28   -0.460395  0.00174355
        5214       -0.52   -0.460407  0.00174325
        5215       -0.36   -0.460387  0.00174303
        5216       -0.52   -0.460399  0.00174273
        5217        -0.6   -0.460426   0.0017426
        5218        -0.6   -0.460452  0.00174247
        5219       -0.52   -0.460464  0.00174218
        5220       -0.44    -0.46046  0.00174185
        5221       -0.52   -0.460471  0.00174155
        5222       -0.44   -0.460467  0.00174122
        5223       -0.44   -0.460463  0.00174089
        5224       -0.44   -0.460459  0.00174056
        5225       -0.44   -0.460456  0.00174024
        5226       -0.44   -0.460452  0.00173991
        5227       -0.52   -0.460463  0.00173961
        5228       -0.36   -0.460444  0.00173938
        5229       -0.52   -0.460455  0.00173909
        5230       -0.52   -0.460467  0.00173879
        5231       -0.68   -0.460509  0.00173897
        5232       -0.44   -0.460505  0.00173864
        5233        -0.6   -0.460531  0.00173851
        5234        -0.6   -0.460558  0.00173838
        5235       -0.52   -0.460569  0.00173809
        5236        -0.6   -0.460596  0.00173796
        5237       -0.52   -0.460607  0.00173767
        5238       -0.44   -0.460603  0.00173734
        5239       -0.44   -0.460599  0.00173701
        5240       -0.44   -0.460595  0.00173668
        5241        -0.2   -0.460546  0.00173706
        5242       -0.44   -0.460542  0.00173674
        5243       -0.52   -0.460553  0.00173644
        5244        -0.6    -0.46058  0.00173632
        5245       -0.68   -0.460622  0.00173649
        5246       -0.68   -0.460663  0.00173666
        5247       -0.52   -0.460675  0.00173637
        5248       -0.68   -0.460716  0.00173654
        5249       -0.52   -0.460728  0.00173625
        5250       -0.12   -0.460663  0.00173713
        5251        -0.2   -0.460613  0.00173751
        5252       -0.36   -0.460594  0.00173728
        5253       -0.44    -0.46059  0.00173695
        5254       -0.28   -0.460556  0.00173696
        5255       -0.52   -0.460567  0.00173667
        5256       -0.52   -0.460578  0.00173638
        5257       -0.36   -0.460559  0.00173615
        5258       -0.68   -0.460601  0.00173632
        5259        -0.2   -0.460551   0.0017367
        5260       -0.36   -0.460532  0.00173647
        5261       -0.36   -0.460513  0.00173625
        5262       -0.36   -0.460494  0.00173602
        5263       -0.36   -0.460475   0.0017358
        5264       -0.44   -0.460471  0.00173547
        5265       -0.52   -0.460482  0.00173518
        5266        -0.6   -0.460509  0.00173505
        5267       -0.44   -0.460505  0.00173473
        5268       -0.36   -0.460486   0.0017345
        5269       -0.52   -0.460497  0.00173421
        5270        0.04   -0.460402  0.00173648
        5271        -0.2   -0.460353  0.00173686
        5272       -0.28   -0.460319  0.00173686
        5273       -0.36     -0.4603  0.00173664
        5274       -0.36   -0.460281  0.00173641
        5275        -0.2   -0.460231  0.00173678
        5276       -0.36   -0.460212  0.00173656
        5277       -0.44   -0.460208  0.00173623
        5278       -0.52    -0.46022  0.00173594
        5279        -0.6   -0.460246  0.00173581
        5280       -0.68   -0.460288  0.00173598
        5281       -0.44   -0.460284  0.00173566
        5282       -0.44    -0.46028  0.00173534
        5283       -0.52   -0.460292  0.00173504
        5284       -0.36   -0.460273  0.00173482
        5285       -0.44   -0.460269   0.0017345
        5286       -0.36    -0.46025  0.00173427
        5287       -0.44   -0.460246  0.00173395
        5288       -0.52   -0.460257  0.00173366
        5289        -0.6   -0.460284  0.00173353
        5290       -0.44    -0.46028  0.00173321
        5291       -0.36   -0.460261  0.00173298
        5292       -0.52   -0.460272  0.00173269
        5293       -0.44   -0.460268  0.00173237
        5294       -0.44   -0.460264  0.00173205
        5295        -0.6   -0.460291  0.00173192
        5296       -0.44   -0.460287   0.0017316
        5297       -0.44   -0.460283  0.00173127
        5298       -0.68   -0.460325  0.00173144
        5299       -0.52   -0.460336  0.00173115
        5300        -0.6   -0.460362  0.00173103
        5301       -0.36   -0.460343   0.0017308
        5302       -0.44   -0.460339  0.00173048
        5303       -0.68   -0.460381  0.00173065
        5304       -0.44   -0.460377  0.00173033
        5305       -0.44   -0.460373  0.00173001
        5306       -0.36   -0.460354  0.00172979
        5307       -0.52   -0.460366   0.0017295
        5308       -0.52   -0.460377  0.00172921
        5309       -0.52   -0.460388  0.00172892
        5310       -0.28   -0.460354  0.00172893
        5311       -0.36   -0.460335   0.0017287
        5312        -0.6   -0.460361  0.00172858
        5313       -0.28   -0.460327  0.00172859
        5314        -0.2   -0.460279  0.00172895
        5315       -0.36    -0.46026  0.00172873
        5316        -0.2   -0.460211   0.0017291
        5317       -0.44   -0.460207  0.00172878
        5318       -0.52   -0.460218  0.00172849
        5319       -0.44   -0.460214  0.00172817
        5320       -0.28    -0.46018  0.00172818
        5321        -0.2   -0.460132  0.00172854
        5322       -0.36   -0.460113  0.00172832
        5323       -0.28   -0.460079  0.00172833
        5324       -0.44   -0.460075  0.00172801
        5325       -0.52   -0.460086  0.00172772
        5326       -0.44   -0.460083   0.0017274
        5327       -0.52   -0.460094  0.00172711
        5328       -0.44    -0.46009  0.00172679
        5329       -0.44   -0.460086  0.00172647
        5330       -0.36   -0.460068  0.00172625
        5331       -0.36   -0.460049  0.00172603
        5332       -0.28   -0.460015  0.00172603
        5333        -0.2   -0.459966   0.0017264
        5334       -0.28   -0.459933  0.00172641
        5335       -0.76   -0.459989    0.001727
        5336       -0.68    -0.46003  0.00172717
        5337       -0.52   -0.460041  0.00172688
        5338       -0.52   -0.460052  0.00172659
        5339       -0.44   -0.460049  0.00172627
        5340       -0.44   -0.460045  0.00172595
        5341       -0.28   -0.460011  0.00172596
        5342       -0.36   -0.459993  0.00172574
        5343       -0.44   -0.459989  0.00172542
        5344       -0.36    -0.45997   0.0017252
        5345       -0.36   -0.459951  0.00172498
        5346       -0.28   -0.459918  0.00172498
        5347       -0.36   -0.459899  0.00172476
        5348       -0.52    -0.45991  0.00172447
        5349       -0.52   -0.459921  0.00172419
        5350       -0.36   -0.459903  0.00172397
        5351       -0.28   -0.459869  0.00172397
        5352       -0.28   -0.459836  0.00172398
        5353       -0.36   -0.459817  0.00172376
        5354       -0.52   -0.459828  0.00172347
        5355        -0.6   -0.459854  0.00172335
        5356       -0.52   -0.459866  0.00172306
        5357       -0.36   -0.459847  0.00172284
        5358       -0.44   -0.459843  0.00172253
        5359       -0.52   -0.459854  0.00172224
        5360       -0.52   -0.459866  0.00172196
        5361       -0.52   -0.459877  0.00172167
        5362       -0.36   -0.459858  0.00172145
        5363       -0.36    -0.45984  0.00172123
        5364       -0.52   -0.459851  0.00172095
        5365        -0.6   -0.459877  0.00172082
        5366       -0.52   -0.459888  0.00172054
        5367       -0.36    -0.45987  0.00172032
        5368       -0.44   -0.459866     0.00172
        5369       -0.68   -0.459907  0.00172017
        5370        -0.6   -0.459933  0.00172005
        5371        -0.6   -0.459959  0.00171993
        5372       -0.44   -0.459955  0.00171961
        5373       -0.52   -0.459966  0.00171933
        5374       -0.36   -0.459948  0.00171911
        5375       -0.36   -0.459929  0.00171889
        5376       -0.36   -0.459911  0.00171867
        5377       -0.44   -0.459907  0.00171835
        5378       -0.52   -0.459918  0.00171807
        5379       -0.52   -0.459929  0.00171779
        5380        -0.6   -0.459955  0.00171767
        5381       -0.52   -0.459967  0.00171738
        5382       -0.52   -0.459978   0.0017171
        5383       -0.44   -0.459974  0.00171678
        5384       -0.44    -0.45997  0.00171647
        5385       -0.52   -0.459981  0.00171619
        5386       -0.52   -0.459993   0.0017159
        5387       -0.44   -0.459989  0.00171559
        5388        -0.6   -0.460015  0.00171547
        5389       -0.44   -0.460011  0.00171515
        5390       -0.36   -0.459993  0.00171494
        5391       -0.52   -0.460004  0.00171465
        5392       -0.44       -0.46  0.00171434
        5393        -0.6   -0.460026  0.00171422
        5394       -0.68   -0.460067  0.00171439
        5395        -0.6   -0.460093  0.00171426
        5396       -0.44   -0.460089  0.00171395
        5397       -0.52     -0.4601  0.00171367
        5398       -0.44   -0.460096  0.00171336
        5399        -0.6   -0.460122  0.00171323
        5400       -0.36   -0.460104  0.00171302
        5401       -0.36   -0.460085   0.0017128
        5402       -0.28   -0.460052  0.00171281
        5403       -0.36   -0.460033  0.00171259
        5404       -0.36   -0.460015  0.00171237
        5405       -0.44   -0.460011  0.00171206
        5406       -0.52   -0.460022  0.00171178
        5407       -0.52   -0.460033   0.0017115
        5408       -0.36   -0.460015  0.00171128
        5409       -0.36   -0.459996  0.00171107
        5410       -0.44   -0.459993  0.00171075
        5411       -0.52   -0.460004  0.00171047
        5412       -0.36   -0.459985  0.00171026
        5413        -0.2   -0.459937  0.00171062
        5414       -0.28   -0.459904  0.00171062
        5415       -0.36   -0.459886  0.00171041
        5416        -0.6   -0.459911  0.00171029
        5417        -0.6   -0.459937  0.00171017
        5418       -0.36   -0.459919  0.00170995
        5419       -0.52    -0.45993  0.00170967
        5420       -0.36   -0.459911  0.00170945
        5421       -0.36   -0.459893  0.00170924
        5422        -0.6   -0.459919  0.00170912
        5423       -0.76   -0.459974   0.0017097
        5424       -0.52   -0.459985  0.00170942
        5425       -0.52   -0.459996  0.00170914
        5426       -0.44   -0.459993  0.00170883
        5427       -0.52   -0.460004  0.00170855
        5428       -0.52   -0.460015  0.00170827
        5429        -0.6   -0.460041  0.00170815
        5430       -0.52   -0.460052  0.00170787
        5431       -0.52   -0.460063  0.00170759
        5432       -0.36   -0.460044  0.00170738
        5433       -0.36   -0.460026  0.00170716
        5434       -0.36   -0.460007  0.00170695
        5435       -0.44   -0.460004  0.00170664
        5436       -0.36   -0.459985  0.00170642
        5437       -0.36   -0.459967  0.00170621
        5438       -0.36   -0.459949  0.00170599
        5439       -0.44   -0.459945  0.00170568
        5440       -0.52   -0.459956  0.00170541
        5441        -0.6   -0.459982  0.00170529
        5442       -0.52   -0.459993  0.00170501
        5443        -0.6   -0.460018  0.00170489
        5444       -0.52   -0.460029  0.00170461
        5445        -0.6   -0.460055  0.00170449
        5446       -0.68   -0.460095  0.00170466
        5447        -0.6   -0.460121  0.00170454
        5448       -0.52   -0.460132  0.00170426
        5449       -0.52   -0.460143  0.00170398
        5450        -0.6   -0.460169  0.00170387
        5451       -0.36    -0.46015  0.00170365
        5452       -0.28   -0.460117  0.00170366
        5453       -0.28   -0.460084  0.00170367
        5454       -0.44   -0.460081  0.00170336
        5455       -0.44   -0.460077  0.00170305
        5456       -0.36   -0.460059  0.00170284
        5457       -0.36    -0.46004  0.00170262
        5458       -0.36   -0.460022  0.00170241
        5459       -0.36   -0.460004   0.0017022
        5460       -0.36   -0.459985  0.00170198
        5461        -0.2   -0.459938  0.00170234
        5462       -0.52   -0.459949  0.00170206
        5463       -0.44   -0.459945  0.00170175
        5464       -0.44   -0.459941  0.00170145
        5465       -0.36   -0.459923  0.00170123
        5466       -0.36   -0.459905  0.00170102
        5467       -0.44   -0.459901  0.00170071
        5468       -0.68   -0.459941  0.00170088
        5469        -0.6   -0.459967  0.00170076
        5470       -0.44   -0.459963  0.00170045
        5471       -0.52   -0.459974  0.00170018
        5472       -0.52   -0.459985   0.0016999
        5473       -0.52   -0.459996  0.00169963
        5474       -0.36   -0.459978  0.00169942
        5475       -0.44   -0.459974  0.00169911
        5476       -0.44   -0.459971   0.0016988
        5477       -0.36   -0.459953  0.00169859
        5478       -0.28    -0.45992   0.0016986
        5479       -0.36   -0.459901  0.00169839
        5480       -0.36   -0.459883  0.00169817
        5481       -0.28    -0.45985  0.00169818
        5482       -0.36   -0.459832  0.00169797
        5483       -0.44   -0.459829  0.00169766
        5484       -0.44   -0.459825  0.00169736
        5485       -0.36   -0.459807  0.00169715
        5486        -0.2   -0.459759   0.0016975
        5487        -0.2   -0.459712  0.00169785
        5488       -0.44   -0.459708  0.00169754
        5489       -0.36    -0.45969  0.00169733
        5490       -0.44   -0.459687  0.00169702
        5491       -0.12   -0.459625  0.00169784
        5492       -0.44   -0.459621  0.00169754
        5493       -0.52   -0.459632  0.00169726
        5494       -0.44   -0.459629  0.00169696
        5495       -0.52    -0.45964  0.00169669
        5496       -0.52   -0.459651  0.00169641
        5497       -0.44   -0.459647  0.00169611
        5498       -0.44   -0.459644   0.0016958
        5499       -0.44    -0.45964   0.0016955
        5500       -0.44   -0.459636  0.00169519
        5501       -0.44   -0.459633  0.00169489
        5502       -0.44   -0.459629  0.00169459
        5503       -0.44   -0.459626  0.00169428
        5504       -0.52   -0.459637  0.00169401
        5505        -0.6   -0.459662  0.00169389
        5506        -0.6   -0.459688  0.00169378
        5507        -0.6   -0.459713  0.00169366
        5508       -0.52   -0.459724  0.00169339
        5509       -0.36   -0.459706  0.00169318
        5510       -0.44   -0.459702  0.00169287
        5511        -0.6   -0.459728  0.00169276
        5512       -0.68   -0.459768  0.00169292
        5513       -0.68   -0.459808  0.00169309
        5514        -0.6   -0.459833  0.00169297
        5515       -0.36   -0.459815  0.00169276
        5516       -0.44   -0.459811  0.00169246
        5517       -0.44   -0.459808  0.00169216
        5518       -0.12   -0.459746  0.00169297
        5519       -0.44   -0.459743  0.00169267
        5520       -0.28    -0.45971  0.00169267
        5521       -0.28   -0.459678  0.00169268
        5522       -0.52   -0.459689  0.00169241
        5523       -0.52   -0.459699  0.00169214
        5524       -0.52    -0.45971  0.00169186
        5525       -0.28   -0.459678  0.00169187
        5526       -0.36    -0.45966  0.00169166
        5527       -0.44   -0.459656  0.00169136
        5528        -0.6   -0.459682  0.00169124
        5529       -0.52   -0.459693  0.00169097
        5530        -0.6   -0.459718  0.00169086
        5531        -0.6   -0.459743  0.00169074
        5532       -0.36   -0.459725  0.00169053
        5533       -0.52   -0.459736  0.00169026
        5534       -0.44   -0.459733  0.00168996
        5535       -0.36   -0.459715  0.00168975
        5536       -0.44   -0.459711  0.00168945
        5537       -0.44   -0.459707  0.00168915
        5538       -0.68   -0.459747  0.00168931
        5539       -0.44   -0.459744  0.00168901
        5540       -0.28   -0.459711  0.00168902
        5541       -0.44   -0.459708  0.00168872
        5542       -0.44   -0.459704  0.00168841
        5543       -0.44   -0.459701  0.00168811
        5544       -0.52   -0.459711  0.00168784
        5545       -0.44   -0.459708  0.00168754
        5546       -0.36    -0.45969  0.00168734
        5547       -0.44   -0.459686  0.00168704
        5548        -0.6   -0.459712  0.00168692
        5549       -0.44   -0.459708  0.00168662
        5550       -0.44   -0.459705  0.00168632
        5551        -0.2   -0.459658  0.00168667
        5552       -0.36    -0.45964  0.00168646
        5553       -0.52   -0.459651  0.00168619
        5554       -0.28   -0.459618  0.00168619
        5555       -0.28   -0.459586   0.0016862
        5556       -0.44   -0.459582   0.0016859
        5557       -0.52   -0.459593  0.00168563
        5558       -0.76   -0.459647   0.0016862
        5559       -0.68   -0.459687  0.00168636
        5560       -0.76   -0.459741  0.00168692
        5561       -0.52   -0.459752  0.00168665
        5562        -0.6   -0.459777  0.00168654
        5563       -0.68   -0.459817   0.0016867
        5564       -0.28   -0.459784   0.0016867
        5565       -0.36   -0.459766   0.0016865
        5566        -0.2    -0.45972  0.00168684
        5567       -0.36   -0.459702  0.00168663
        5568       -0.28    -0.45967  0.00168664
        5569       -0.44   -0.459666  0.00168634
        5570        -0.6   -0.459691  0.00168622
        5571        -0.6   -0.459716  0.00168611
        5572       -0.28   -0.459684  0.00168612
        5573       -0.44   -0.459681  0.00168582
        5574       -0.52   -0.459691  0.00168555
        5575       -0.28   -0.459659  0.00168555
        5576       -0.44   -0.459656  0.00168526
        5577       -0.44   -0.459652  0.00168496
        5578       -0.36   -0.459634  0.00168475
        5579       -0.04   -0.459559  0.00168613
        5580       -0.28   -0.459527  0.00168613
        5581       -0.36   -0.459509  0.00168592
        5582       -0.44   -0.459506  0.00168562
        5583        -0.6   -0.459531  0.00168551
        5584        -0.6   -0.459556   0.0016854
        5585       -0.28   -0.459524   0.0016854
        5586       -0.52   -0.459535  0.00168513
        5587       -0.52   -0.459545  0.00168487
        5588       -0.44   -0.459542  0.00168457
        5589       -0.44   -0.459538  0.00168427
        5590       -0.36   -0.459521  0.00168406
        5591       -0.52   -0.459531   0.0016838
        5592       -0.44   -0.459528   0.0016835
        5593       -0.52   -0.459539  0.00168323
        5594       -0.36   -0.459521  0.00168303
        5595        -0.6   -0.459546  0.00168291
        5596       -0.36   -0.459528  0.00168271
        5597       -0.52   -0.459539  0.00168244
        5598       -0.44   -0.459536  0.00168214
        5599       -0.36   -0.459518  0.00168194
        5600       -0.44   -0.459514  0.00168164
        5601       -0.52   -0.459525  0.00168138
        5602       -0.52   -0.459536  0.00168111
        5603       -0.28   -0.459504  0.00168112
        5604       -0.36   -0.459486  0.00168091
        5605       -0.44   -0.459483  0.00168061
        5606       -0.68   -0.459522  0.00168077
        5607       -0.52   -0.459533  0.00168051
        5608       -0.52   -0.459544  0.00168024
        5609        -0.6   -0.459569  0.00168013
        5610        -0.6   -0.459594  0.00168002
        5611       -0.68   -0.459633  0.00168018
        5612        -0.6   -0.459658  0.00168006
        5613        -0.6   -0.459683  0.00167995
        5614       -0.52   -0.459694  0.00167969
        5615       -0.68   -0.459733  0.00167984
        5616       -0.52   -0.459744  0.00167958
        5617       -0.68   -0.459783  0.00167974
        5618       -0.68   -0.459822   0.0016799
        5619       -0.52   -0.459833  0.00167963
        5620       -0.36   -0.459815  0.00167943
        5621       -0.36   -0.459797  0.00167922
        5622       -0.28   -0.459765  0.00167923
        5623       -0.36   -0.459747  0.00167902
        5624       -0.36    -0.45973  0.00167882
        5625       -0.68   -0.459769  0.00167898
        5626       -0.44   -0.459765  0.00167868
        5627        -0.6    -0.45979  0.00167857
        5628       -0.52   -0.459801   0.0016783
        5629        -0.6   -0.459826  0.00167819
        5630       -0.76   -0.459879  0.00167874
        5631       -0.76   -0.459933  0.00167929
        5632        -0.6   -0.459957  0.00167917
        5633       -0.68   -0.459996  0.00167933
        5634       -0.68   -0.460035  0.00167949
        5635        -0.6    -0.46006  0.00167937
        5636       -0.68   -0.460099  0.00167953
        5637        -0.6   -0.460124  0.00167941
        5638       -0.36   -0.460106  0.00167921
        5639       -0.28   -0.460074  0.00167921
        5640       -0.52   -0.460085  0.00167895
        5641       -0.44   -0.460082  0.00167866
        5642       -0.68   -0.460121  0.00167881
        5643        -0.6   -0.460145   0.0016787
        5644       -0.68   -0.460184  0.00167885
        5645       -0.52   -0.460195  0.00167859
        5646       -0.52   -0.460205  0.00167832
        5647        -0.6    -0.46023  0.00167821
        5648       -0.52   -0.460241  0.00167794
        5649       -0.52   -0.460251  0.00167768
        5650       -0.52   -0.460262  0.00167742
        5651       -0.76   -0.460315  0.00167796
        5652        -0.6    -0.46034  0.00167784
        5653       -0.44   -0.460336  0.00167755
        5654       -0.52   -0.460347  0.00167729
        5655       -0.28   -0.460315  0.00167729
        5656        -0.6   -0.460339  0.00167718
        5657       -0.28   -0.460308  0.00167719
        5658        -0.2   -0.460262  0.00167752
        5659       -0.52   -0.460272  0.00167726
        5660       -0.52   -0.460283  0.00167699
        5661       -0.44   -0.460279   0.0016767
        5662       -0.44   -0.460276  0.00167641
        5663       -0.36   -0.460258  0.00167621
        5664       -0.52   -0.460268  0.00167594
        5665       -0.28   -0.460237  0.00167595
        5666        -0.6   -0.460261  0.00167584
        5667       -0.44   -0.460258  0.00167554
        5668       -0.36    -0.46024  0.00167534
        5669       -0.36   -0.460222  0.00167514
        5670       -0.52   -0.460233  0.00167488
        5671       -0.52   -0.460243  0.00167461
        5672       -0.44    -0.46024  0.00167432
        5673        -0.6   -0.460264  0.00167421
        5674        -0.6   -0.460289   0.0016741
        5675       -0.52     -0.4603  0.00167383
        5676        -0.6   -0.460324  0.00167372
        5677       -0.36   -0.460306  0.00167352
        5678       -0.12   -0.460247   0.0016743
        5679       -0.28   -0.460215   0.0016743
        5680       -0.52   -0.460225  0.00167404
        5681       -0.44   -0.460222  0.00167375
        5682        -0.6   -0.460246  0.00167364
        5683       -0.68   -0.460285  0.00167379
        5684       -0.84   -0.460352  0.00167483
        5685       -0.68   -0.460391  0.00167498
        5686       -0.36   -0.460373  0.00167478
        5687       -0.52   -0.460383  0.00167451
        5688       -0.44    -0.46038  0.00167422
        5689       -0.52    -0.46039  0.00167396
        5690       -0.68   -0.460429  0.00167411
        5691       -0.36   -0.460411  0.00167391
        5692       -0.36   -0.460394  0.00167371
        5693       -0.52   -0.460404  0.00167345
        5694       -0.36   -0.460386  0.00167325
        5695       -0.36   -0.460369  0.00167305
        5696       -0.44   -0.460365  0.00167276
        5697       -0.36   -0.460348  0.00167256
        5698        -0.6   -0.460372  0.00167244
        5699       -0.44   -0.460368  0.00167215
        5700       -0.44   -0.460365  0.00167186
        5701       -0.44   -0.460361  0.00167157
        5702       -0.28    -0.46033  0.00167158
        5703       -0.44   -0.460326  0.00167129
        5704       -0.44   -0.460323    0.001671
        5705        -0.6   -0.460347  0.00167089
        5706        -0.6   -0.460372  0.00167077
        5707       -0.44   -0.460368  0.00167049
        5708       -0.44   -0.460364   0.0016702
        5709       -0.44   -0.460361  0.00166991
        5710       -0.44   -0.460357  0.00166962
        5711       -0.28   -0.460326  0.00166963
        5712       -0.36   -0.460308  0.00166943
        5713       -0.28   -0.460277  0.00166943
        5714       -0.36   -0.460259  0.00166923
        5715       -0.68   -0.460297  0.00166938
        5716       -0.52   -0.460308  0.00166912
        5717       -0.36    -0.46029  0.00166892
        5718       -0.52   -0.460301  0.00166866
        5719       -0.44   -0.460297  0.00166838
        5720       -0.52   -0.460308  0.00166812
        5721       -0.36    -0.46029  0.00166792
        5722       -0.44   -0.460287  0.00166763
        5723       -0.36   -0.460269  0.00166743
        5724       -0.36   -0.460252  0.00166723
        5725        -0.6   -0.460276  0.00166712
        5726       -0.36   -0.460258  0.00166692
        5727       -0.36   -0.460241  0.00166672
        5728       -0.44   -0.460237  0.00166643
        5729       -0.28   -0.460206  0.00166644
        5730       -0.44   -0.460202  0.00166615
        5731       -0.52   -0.460213  0.00166589
        5732       -0.52   -0.460223  0.00166564
        5733        -0.2   -0.460178  0.00166596
        5734       -0.28   -0.460146  0.00166597
        5735       -0.44   -0.460143  0.00166568
        5736        -0.6   -0.460167  0.00166557
        5737       -0.44   -0.460164  0.00166528
        5738       -0.68   -0.460202  0.00166543
        5739       -0.28   -0.460171  0.00166544
        5740       -0.52   -0.460181  0.00166518
        5741       -0.68   -0.460219  0.00166533
        5742       -0.36   -0.460202  0.00166513
        5743       -0.36   -0.460185  0.00166494
        5744       -0.52   -0.460195  0.00166468
        5745       -0.52   -0.460205  0.00166442
        5746       -0.44   -0.460202  0.00166414
        5747       -0.28   -0.460171  0.00166414
        5748       -0.12   -0.460111   0.0016649
        5749       -0.52   -0.460122  0.00166465
        5750       -0.52   -0.460132  0.00166439
        5751       -0.52   -0.460143  0.00166413
        5752        -0.6   -0.460167  0.00166402
        5753       -0.68   -0.460205  0.00166417
        5754        -0.6   -0.460229  0.00166406
        5755       -0.36   -0.460212  0.00166386
        5756       -0.52   -0.460222   0.0016636
        5757       -0.52   -0.460233  0.00166335
        5758       -0.36   -0.460215  0.00166315
        5759       -0.36   -0.460198  0.00166295
        5760       -0.12   -0.460139  0.00166371
        5761       -0.36   -0.460122  0.00166351
        5762       -0.28    -0.46009  0.00166352
        5763       -0.28   -0.460059  0.00166352
        5764       -0.28   -0.460028  0.00166353
        5765       -0.28   -0.459997  0.00166353
        5766       -0.52   -0.460007  0.00166328
        5767        -0.6   -0.460031  0.00166317
        5768       -0.68   -0.460069  0.00166331
        5769        -0.6   -0.460094   0.0016632
        5770        -0.6   -0.460118  0.00166309
        5771       -0.52   -0.460128  0.00166284
        5772       -0.44   -0.460125  0.00166255
        5773       -0.52   -0.460135   0.0016623
        5774       -0.28   -0.460104   0.0016623
        5775        -0.2   -0.460059  0.00166262
        5776       -0.44   -0.460055  0.00166234
        5777       -0.36   -0.460038  0.00166214
        5778       -0.28   -0.460007  0.00166215
        5779       -0.44   -0.460003  0.00166186
        5780       -0.44       -0.46  0.00166158
        5781       -0.52    -0.46001  0.00166132
        5782       -0.36   -0.459993  0.00166112
        5783       -0.52   -0.460003  0.00166087
        5784       -0.44       -0.46  0.00166059
        5785        -0.6   -0.460024  0.00166048
        5786       -0.44   -0.460021  0.00166019
        5787       -0.28    -0.45999   0.0016602
        5788       -0.28   -0.459959   0.0016602
        5789       -0.44   -0.459955  0.00165992
        5790       -0.36   -0.459938  0.00165972
        5791       -0.52   -0.459948  0.00165947
        5792       -0.52   -0.459959  0.00165921
        5793       -0.52   -0.459969  0.00165896
        5794       -0.52   -0.459979   0.0016587
        5795       -0.52    -0.45999  0.00165845
        5796        -0.6   -0.460014  0.00165834
        5797       -0.52   -0.460024  0.00165809
        5798       -0.44   -0.460021   0.0016578
        5799       -0.44   -0.460017  0.00165752
        5800       -0.52   -0.460028  0.00165727
        5801       -0.52   -0.460038  0.00165702
        5802       -0.44   -0.460034  0.00165673
        5803       -0.68   -0.460072  0.00165688
        5804       -0.68    -0.46011  0.00165703
        5805       -0.68   -0.460148  0.00165718
        5806       -0.68   -0.460186  0.00165732
        5807       -0.52   -0.460196  0.00165707
        5808        -0.6    -0.46022  0.00165696
        5809        -0.6   -0.460244  0.00165685
        5810       -0.44   -0.460241  0.00165657
        5811       -0.52   -0.460251  0.00165631
        5812       -0.36   -0.460234  0.00165612
        5813       -0.28   -0.460203  0.00165612
        5814       -0.44     -0.4602  0.00165584
        5815       -0.44   -0.460196  0.00165556
        5816       -0.52   -0.460206  0.00165531
        5817       -0.28   -0.460175  0.00165532
        5818       -0.36   -0.460158  0.00165512
        5819       -0.36   -0.460141  0.00165493
        5820       -0.44   -0.460137  0.00165464
        5821       -0.44   -0.460134  0.00165436
        5822       -0.36   -0.460117  0.00165417
        5823       -0.52   -0.460127  0.00165392
        5824       -0.68   -0.460165  0.00165406
        5825        -0.6   -0.460189  0.00165395
        5826        -0.6   -0.460213  0.00165384
        5827        -0.6   -0.460237  0.00165373
        5828        -0.6   -0.460261  0.00165362
        5829        -0.6   -0.460285  0.00165351
        5830        -0.6   -0.460309   0.0016534
        5831       -0.52   -0.460319  0.00165315
        5832       -0.52   -0.460329   0.0016529
        5833       -0.36   -0.460312  0.00165271
        5834       -0.52   -0.460322  0.00165246
        5835       -0.68    -0.46036   0.0016526
        5836       -0.36   -0.460343  0.00165241
        5837       -0.52   -0.460353  0.00165216
        5838       -0.36   -0.460336  0.00165196
        5839       -0.52   -0.460346  0.00165171
        5840       -0.52   -0.460356  0.00165146
        5841       -0.68   -0.460394  0.00165161
        5842       -0.36   -0.460377  0.00165141
        5843       -0.44   -0.460373  0.00165113
        5844        -0.6   -0.460397  0.00165102
        5845        -0.6   -0.460421  0.00165091
        5846       -0.36   -0.460404  0.00165072
        5847        -0.6   -0.460428  0.00165061
        5848        -0.6   -0.460451   0.0016505
        5849        -0.6   -0.460475  0.00165039
        5850       -0.52   -0.460485  0.00165014
        5851       -0.44   -0.460482  0.00164986
        5852       -0.28   -0.460451  0.00164987
        5853       -0.44   -0.460448  0.00164959
        5854       -0.44   -0.460444  0.00164931
        5855       -0.44   -0.460441  0.00164903
        5856       -0.28    -0.46041  0.00164904
        5857       -0.44   -0.460406  0.00164876
        5858       -0.44   -0.460403  0.00164848
        5859       -0.76   -0.460454    0.001649
        5860       -0.68   -0.460491  0.00164914
        5861        -0.6   -0.460515  0.00164903
        5862       -0.52   -0.460525  0.00164878
        5863       -0.44   -0.460522   0.0016485
        5864       -0.36   -0.460505  0.00164831
        5865       -0.44   -0.460501  0.00164803
        5866       -0.36   -0.460484  0.00164784
        5867        -0.6   -0.460508  0.00164773
        5868       -0.52   -0.460518  0.00164748
        5869       -0.52   -0.460528  0.00164723
        5870       -0.28   -0.460497  0.00164724
        5871       -0.36    -0.46048  0.00164705
        5872       -0.28    -0.46045  0.00164705
        5873       -0.52    -0.46046  0.00164681
        5874       -0.36   -0.460443  0.00164661
        5875       -0.52   -0.460453  0.00164636
        5876       -0.44   -0.460449  0.00164609
        5877       -0.44   -0.460446  0.00164581
        5878       -0.36   -0.460429  0.00164562
        5879       -0.52   -0.460439  0.00164537
        5880       -0.44   -0.460435   0.0016451
        5881       -0.52   -0.460446  0.00164485
        5882        -0.6   -0.460469  0.00164474
        5883        -0.6   -0.460493  0.00164463
        5884        -0.6   -0.460517  0.00164452
        5885       -0.28   -0.460486  0.00164453
        5886       -0.52   -0.460496  0.00164428
        5887       -0.52   -0.460506  0.00164403
        5888        -0.6    -0.46053  0.00164392
        5889       -0.68   -0.460567  0.00164407
        5890       -0.52   -0.460577  0.00164382
        5891       -0.52   -0.460587  0.00164357
        5892       -0.44   -0.460584  0.00164329
        5893       -0.52   -0.460594  0.00164305
        5894       -0.36   -0.460577  0.00164286
        5895        -0.6   -0.460601  0.00164275
        5896       -0.52   -0.460611   0.0016425
        5897        -0.6   -0.460634  0.00164239
        5898       -0.52   -0.460644  0.00164214
        5899       -0.52   -0.460654   0.0016419
        5900       -0.52   -0.460664  0.00164165
        5901       -0.52   -0.460674   0.0016414
        5902        -0.6   -0.460698  0.00164129
        5903       -0.52   -0.460708  0.00164105
        5904       -0.44   -0.460705  0.00164077
        5905       -0.44   -0.460701   0.0016405
        5906       -0.44   -0.460698  0.00164022
        5907        -0.6   -0.460721  0.00164012
        5908        -0.6   -0.460745  0.00164001
        5909       -0.36   -0.460728  0.00163982
        5910       -0.52   -0.460738  0.00163957
        5911       -0.44   -0.460734   0.0016393
        5912       -0.52   -0.460744  0.00163905
        5913        -0.6   -0.460768  0.00163894
        5914       -0.68   -0.460805  0.00163909
        5915       -0.52   -0.460815  0.00163884
        5916       -0.36   -0.460798  0.00163865
        5917       -0.28   -0.460767  0.00163866
        5918       -0.36    -0.46075  0.00163847
        5919        -0.6   -0.460774  0.00163836
        5920       -0.44    -0.46077  0.00163809
        5921       -0.44   -0.460767  0.00163782
        5922       -0.44   -0.460763  0.00163754
        5923       -0.12   -0.460706  0.00163828
        5924       -0.36   -0.460689  0.00163809
        5925       -0.36   -0.460672   0.0016379
        5926       -0.52   -0.460682  0.00163765
        5927        -0.6   -0.460705  0.00163755
        5928       -0.44   -0.460702  0.00163727
        5929       -0.28   -0.460671  0.00163728
        5930       -0.36   -0.460654  0.00163709
        5931        -0.6   -0.460678  0.00163699
        5932        -0.6   -0.460701  0.00163688
        5933        -0.6   -0.460725  0.00163677
        5934       -0.36   -0.460708  0.00163658
        5935        -0.6   -0.460731  0.00163648
        5936       -0.36   -0.460714  0.00163629
        5937       -0.44   -0.460711  0.00163602
        5938       -0.52   -0.460721  0.00163577
        5939        -0.6   -0.460744  0.00163566
        5940       -0.28   -0.460714  0.00163567
        5941       -0.44    -0.46071   0.0016354
        5942       -0.28    -0.46068  0.00163541
        5943       -0.36   -0.460663  0.00163522
        5944       -0.44   -0.460659  0.00163495
        5945       -0.52   -0.460669   0.0016347
        5946       -0.68   -0.460706  0.00163485
        5947       -0.52   -0.460716   0.0016346
        5948       -0.36   -0.460699  0.00163441
        5949        -0.2   -0.460656  0.00163473
        5950       -0.28   -0.460625  0.00163473
        5951       -0.28   -0.460595  0.00163474
        5952       -0.52   -0.460605   0.0016345
        5953       -0.36   -0.460588  0.00163431
        5954       -0.44   -0.460584  0.00163404
        5955       -0.52   -0.460594   0.0016338
        5956        -0.6   -0.460618  0.00163369
        5957        -0.2   -0.460574    0.001634
        5958       -0.52   -0.460584  0.00163376
        5959       -0.36   -0.460567  0.00163357
        5960       -0.36    -0.46055  0.00163338
        5961       -0.36   -0.460533   0.0016332
        5962       -0.52   -0.460543  0.00163295
        5963       -0.44    -0.46054  0.00163268
        5964       -0.52    -0.46055  0.00163244
        5965       -0.36   -0.460533  0.00163225
        5966        -0.6   -0.460556  0.00163215
        5967       -0.52   -0.460566   0.0016319
        5968       -0.44   -0.460563  0.00163163
        5969       -0.36   -0.460546  0.00163145
        5970       -0.52   -0.460556   0.0016312
        5971       -0.52   -0.460566  0.00163096
        5972       -0.44   -0.460563  0.00163069
        5973       -0.52   -0.460573  0.00163045
        5974        -0.6   -0.460596  0.00163034
        5975       -0.52   -0.460606   0.0016301
        5976       -0.52   -0.460616  0.00162986
        5977       -0.44   -0.460612  0.00162959
        5978       -0.36   -0.460596   0.0016294
        5979       -0.44   -0.460592  0.00162913
        5980       -0.52   -0.460602  0.00162889
        5981       -0.52   -0.460612  0.00162865
        5982       -0.76   -0.460662  0.00162915
        5983       -0.68   -0.460699  0.00162929
        5984       -0.36   -0.460682   0.0016291
        5985       -0.52   -0.460692  0.00162886
        5986       -0.52   -0.460702  0.00162862
        5987       -0.36   -0.460685  0.00162843
        5988        -0.6   -0.460708  0.00162833
        5989        -0.6   -0.460731  0.00162822
        5990       -0.44   -0.460728  0.00162795
        5991       -0.36   -0.460711  0.00162777
        5992       -0.28   -0.460681  0.00162777
        5993       -0.36   -0.460664  0.00162759
        5994       -0.52   -0.460674  0.00162735
        5995       -0.36   -0.460657  0.00162716
        5996       -0.36    -0.46064  0.00162698
        5997       -0.36   -0.460624  0.00162679
        5998       -0.36   -0.460607  0.00162661
        5999       -0.44   -0.460603  0.00162634
        6000       -0.44     -0.4606  0.00162607
        6001       -0.36   -0.460583  0.00162589
        6002       -0.36   -0.460566  0.00162571
        6003       -0.36    -0.46055  0.00162552
        6004       -0.44   -0.460546  0.00162525
        6005        -0.6    -0.46057  0.00162515
        6006        -0.6   -0.460593  0.00162504
        6007       -0.44   -0.460589  0.00162478
        6008       -0.52   -0.460599  0.00162454
        6009       -0.52   -0.460609   0.0016243
        6010       -0.36   -0.460592  0.00162411
        6011       -0.44   -0.460589  0.00162385
        6012       -0.52   -0.460599  0.00162361
        6013        -0.6   -0.460622   0.0016235
        6014        -0.6   -0.460645   0.0016234
        6015       -0.44   -0.460642  0.00162313
        6016       -0.44   -0.460638  0.00162286
        6017        -0.6   -0.460661  0.00162276
        6018       -0.52   -0.460671  0.00162252
        6019       -0.36   -0.460655  0.00162234
        6020        -0.2   -0.460611  0.00162265
        6021       -0.44   -0.460608  0.00162238
        6022       -0.44   -0.460604  0.00162211
        6023       -0.52   -0.460614  0.00162187
        6024       -0.44   -0.460611  0.00162161
        6025       -0.52   -0.460621  0.00162137
        6026       -0.44   -0.460617   0.0016211
        6027       -0.68   -0.460654  0.00162124
        6028       -0.76   -0.460703  0.00162173
        6029        -0.6   -0.460726  0.00162163
        6030        -0.6    -0.46075  0.00162153
        6031        -0.6   -0.460773  0.00162142
        6032       -0.68   -0.460809  0.00162156
        6033       -0.52   -0.460819  0.00162132
        6034       -0.52   -0.460829  0.00162108
        6035       -0.52   -0.460838  0.00162084
        6036       -0.52   -0.460848   0.0016206
        6037       -0.44   -0.460845  0.00162034
        6038       -0.44   -0.460841  0.00162007
        6039        -0.6   -0.460864  0.00161997
        6040       -0.44   -0.460861  0.00161971
        6041       -0.36   -0.460844  0.00161952
        6042       -0.36   -0.460828  0.00161934
        6043       -0.36   -0.460811  0.00161916
        6044       -0.44   -0.460807   0.0016189
        6045       -0.44   -0.460804  0.00161863
        6046        -0.6   -0.460827  0.00161853
        6047       -0.12   -0.460771  0.00161924
        6048       -0.52    -0.46078    0.001619
        6049       -0.44   -0.460777  0.00161874
        6050       -0.52   -0.460787   0.0016185
        6051       -0.52   -0.460797  0.00161826
        6052       -0.36    -0.46078  0.00161808
        6053       -0.52    -0.46079  0.00161784
        6054       -0.36   -0.460773  0.00161766
        6055       -0.44    -0.46077   0.0016174
        6056       -0.44   -0.460766  0.00161713
        6057        -0.6   -0.460789  0.00161703
        6058       -0.44   -0.460786  0.00161677
        6059       -0.52   -0.460796  0.00161653
        6060       -0.44   -0.460792  0.00161627
        6061        -0.6   -0.460815  0.00161616
        6062       -0.44   -0.460812   0.0016159
        6063       -0.44   -0.460808  0.00161564
        6064       -0.52   -0.460818   0.0016154
        6065       -0.52   -0.460828  0.00161516
        6066       -0.52   -0.460837  0.00161493
        6067        -0.2   -0.460794  0.00161523
        6068       -0.44   -0.460791  0.00161497
        6069        -0.2   -0.460748  0.00161528
        6070       -0.36   -0.460731   0.0016151
        6071       -0.52   -0.460741  0.00161486
        6072       -0.68   -0.460777    0.001615
        6073        -0.6     -0.4608  0.00161489
        6074        -0.6   -0.460823  0.00161479
        6075       -0.44    -0.46082  0.00161453
        6076       -0.44   -0.460816  0.00161427
        6077       -0.36     -0.4608  0.00161409
        6078       -0.28    -0.46077  0.00161409
        6079        -0.2   -0.460727   0.0016144
        6080       -0.36   -0.460711  0.00161422
        6081       -0.28   -0.460681  0.00161423
        6082       -0.36   -0.460664  0.00161405
        6083       -0.36   -0.460648  0.00161386
        6084       -0.36   -0.460631  0.00161368
        6085        -0.2   -0.460588  0.00161399
        6086        -0.2   -0.460546  0.00161429
        6087       -0.44   -0.460542  0.00161403
        6088       -0.44   -0.460539  0.00161377
        6089       -0.52   -0.460549  0.00161353
        6090       -0.44   -0.460545  0.00161327
        6091       -0.44   -0.460542  0.00161301
        6092       -0.44   -0.460538  0.00161275
        6093       -0.36   -0.460522  0.00161257
        6094        -0.6   -0.460545  0.00161247
        6095        -0.6   -0.460568  0.00161236
        6096       -0.52   -0.460577  0.00161213
        6097        -0.6     -0.4606  0.00161203
        6098        -0.6   -0.460623  0.00161192
        6099       -0.68   -0.460659  0.00161206
        6100       -0.44   -0.460656   0.0016118
        6101       -0.28   -0.460626  0.00161181
        6102       -0.36    -0.46061  0.00161163
        6103       -0.04   -0.460541  0.00161284
        6104       -0.36   -0.460524  0.00161266
        6105       -0.52   -0.460534  0.00161242
        6106       -0.36   -0.460518  0.00161224
        6107       -0.52   -0.460527  0.00161201
        6108       -0.36   -0.460511  0.00161183
        6109       -0.44   -0.460507  0.00161157
        6110        -0.6    -0.46053  0.00161146
        6111        -0.2   -0.460488  0.00161176
        6112       -0.36   -0.460471  0.00161158
        6113       -0.52   -0.460481  0.00161135
        6114       -0.52   -0.460491  0.00161112
        6115       -0.36   -0.460474  0.00161094
        6116       -0.36   -0.460458  0.00161076
        6117       -0.28   -0.460428  0.00161076
        6118        -0.6   -0.460451  0.00161066
        6119       -0.44   -0.460448   0.0016104
        6120       -0.28   -0.460418  0.00161041
        6121       -0.52   -0.460428  0.00161018
        6122        -0.6   -0.460451  0.00161007
        6123       -0.52   -0.460461  0.00160984
        6124       -0.52    -0.46047  0.00160961
        6125       -0.68   -0.460506  0.00160974
        6126       -0.68   -0.460542  0.00160988
        6127       -0.36   -0.460526   0.0016097
        6128       -0.28   -0.460496  0.00160971
        6129       -0.44   -0.460493  0.00160945
        6130        -0.2    -0.46045  0.00160975
        6131       -0.44   -0.460447  0.00160949
        6132       -0.36   -0.460431  0.00160931
        6133       -0.52    -0.46044  0.00160907
        6134       -0.44   -0.460437  0.00160882
        6135       -0.28   -0.460407  0.00160882
        6136       -0.52   -0.460417  0.00160859
        6137       -0.52   -0.460427  0.00160836
        6138        -0.6    -0.46045  0.00160826
        6139       -0.52   -0.460459  0.00160802
        6140       -0.52   -0.460469  0.00160779
        6141       -0.28    -0.46044   0.0016078
        6142       -0.28    -0.46041   0.0016078
        6143       -0.68   -0.460446  0.00160794
        6144       -0.52   -0.460456  0.00160771
        6145        -0.2   -0.460413    0.001608
        6146       -0.44    -0.46041  0.00160775
        6147       -0.36   -0.460394  0.00160757
        6148       -0.52   -0.460403  0.00160733
        6149       -0.28   -0.460374  0.00160734
        6150       -0.36   -0.460358  0.00160716
        6151       -0.52   -0.460367  0.00160693
        6152       -0.44   -0.460364  0.00160667
        6153       -0.44   -0.460361  0.00160641
        6154       -0.44   -0.460357  0.00160616
        6155       -0.52   -0.460367  0.00160593
        6156       -0.52   -0.460377  0.00160569
        6157       -0.36   -0.460361  0.00160552
        6158       -0.36   -0.460344  0.00160534
        6159       -0.52   -0.460354  0.00160511
        6160       -0.36   -0.460338  0.00160493
        6161       -0.44   -0.460334  0.00160467
        6162       -0.44   -0.460331  0.00160441
        6163        -0.6   -0.460354  0.00160431
        6164       -0.44    -0.46035  0.00160406
        6165       -0.36   -0.460334  0.00160388
        6166       -0.36   -0.460318   0.0016037
        6167       -0.36   -0.460302  0.00160352
        6168       -0.44   -0.460298  0.00160327
        6169       -0.52   -0.460308  0.00160304
        6170       -0.52   -0.460318  0.00160281
        6171       -0.44   -0.460314  0.00160255
        6172        -0.2   -0.460272  0.00160285
        6173        -0.6   -0.460295  0.00160275
        6174       -0.44   -0.460292  0.00160249
        6175       -0.36   -0.460275  0.00160231
        6176        -0.2   -0.460233  0.00160261
        6177       -0.28   -0.460204  0.00160261
        6178       -0.44   -0.460201  0.00160236
        6179       -0.36   -0.460184  0.00160218
        6180        -0.6   -0.460207  0.00160208
        6181       -0.44   -0.460204  0.00160182
        6182        -0.6   -0.460226  0.00160172
        6183       -0.28   -0.460197  0.00160173
        6184       -0.36   -0.460181  0.00160155
        6185        -0.6   -0.460204  0.00160145
        6186       -0.52   -0.460213  0.00160122
        6187       -0.44    -0.46021  0.00160097
        6188       -0.28   -0.460181  0.00160098
        6189       -0.28   -0.460152  0.00160098
        6190        -0.2    -0.46011  0.00160127
        6191       -0.44   -0.460107  0.00160102
        6192       -0.68   -0.460142  0.00160115
        6193        -0.6   -0.460165  0.00160105
        6194        -0.6   -0.460187  0.00160096
        6195       -0.68   -0.460223  0.00160109
        6196       -0.44   -0.460219  0.00160084
        6197       -0.36   -0.460203  0.00160066
        6198       -0.44     -0.4602   0.0016004
        6199       -0.52    -0.46021  0.00160017
        6200        -0.2   -0.460168  0.00160047
        6201       -0.44   -0.460164  0.00160021
        6202       -0.12    -0.46011  0.00160089
        6203       -0.28   -0.460081   0.0016009
        6204       -0.36   -0.460064  0.00160072
        6205       -0.36   -0.460048  0.00160055
        6206       -0.44   -0.460045  0.00160029
        6207       -0.44   -0.460042  0.00160004
        6208       -0.36   -0.460026  0.00159986
        6209       -0.44   -0.460023  0.00159961
        6210        -0.6   -0.460045  0.00159951
        6211        -0.6   -0.460068  0.00159941
        6212       -0.36   -0.460052  0.00159923
        6213       -0.52   -0.460061    0.001599
        6214       -0.44   -0.460058  0.00159875
        6215       -0.52   -0.460068  0.00159852
        6216       -0.52   -0.460077  0.00159829
        6217       -0.52   -0.460087  0.00159806
        6218        -0.6   -0.460109  0.00159797
        6219       -0.44   -0.460106  0.00159771
        6220        -0.6   -0.460129  0.00159761
        6221       -0.36   -0.460113  0.00159744
        6222       -0.52   -0.460122  0.00159721
        6223       -0.52   -0.460132  0.00159698
        6224       -0.52   -0.460141  0.00159675
        6225       -0.36   -0.460125  0.00159658
        6226       -0.44   -0.460122  0.00159633
        6227       -0.44   -0.460119  0.00159607
        6228       -0.44   -0.460116  0.00159582
        6229       -0.44   -0.460112  0.00159557
        6230       -0.52   -0.460122  0.00159534
        6231       -0.52   -0.460132  0.00159511
        6232       -0.52   -0.460141  0.00159489
        6233       -0.44   -0.460138  0.00159463
        6234        -0.6    -0.46016  0.00159454
        6235       -0.52    -0.46017  0.00159431
        6236       -0.28   -0.460141  0.00159431
        6237        -0.2   -0.460099   0.0015946
        6238       -0.36   -0.460083  0.00159443
        6239       -0.52   -0.460093   0.0015942
        6240       -0.44    -0.46009  0.00159395
        6241        -0.6   -0.460112  0.00159385
        6242       -0.68   -0.460147  0.00159399
        6243        -0.6    -0.46017  0.00159389
        6244        -0.2   -0.460128  0.00159418
        6245       -0.52   -0.460138  0.00159395
        6246       -0.52   -0.460147  0.00159373
        6247       -0.52   -0.460157   0.0015935
        6248       -0.52   -0.460166  0.00159327
        6249        -0.2   -0.460125  0.00159356
        6250       -0.36   -0.460109  0.00159339
        6251        -0.2   -0.460067  0.00159368
        6252       -0.44   -0.460064  0.00159342
        6253       -0.36   -0.460048  0.00159325
        6254       -0.36   -0.460032  0.00159308
        6255       -0.36   -0.460016   0.0015929
        6256       -0.36       -0.46  0.00159273
        6257       -0.52    -0.46001   0.0015925
        6258        -0.6   -0.460032   0.0015924
        6259        -0.6   -0.460054  0.00159231
        6260        -0.6   -0.460077  0.00159221
        6261       -0.52   -0.460086  0.00159198
        6262       -0.52   -0.460096  0.00159176
        6263       -0.44   -0.460093  0.00159151
        6264       -0.44   -0.460089  0.00159126
        6265       -0.44   -0.460086    0.001591
        6266       -0.68   -0.460121  0.00159114
        6267       -0.68   -0.460156  0.00159127
        6268        -0.6   -0.460179  0.00159117
        6269       -0.52   -0.460188  0.00159095
        6270       -0.68   -0.460223  0.00159108
        6271       -0.44    -0.46022  0.00159083
        6272        -0.6   -0.460242  0.00159073
        6273       -0.36   -0.460226  0.00159056
        6274       -0.52   -0.460236  0.00159033
        6275       -0.28   -0.460207  0.00159034
        6276       -0.36   -0.460191  0.00159017
        6277       -0.36   -0.460175  0.00158999
        6278       -0.28   -0.460147     0.00159
        6279       -0.44   -0.460143  0.00158975
        6280       -0.52   -0.460153  0.00158952
        6281       -0.52   -0.460162   0.0015893
        6282       -0.52   -0.460172  0.00158908
        6283       -0.36   -0.460156   0.0015889
        6284       -0.52   -0.460165  0.00158868
        6285       -0.52   -0.460175  0.00158845
        6286       -0.36   -0.460159  0.00158828
        6287       -0.36   -0.460143  0.00158811
        6288       -0.36   -0.460127  0.00158794
        6289       -0.44   -0.460124  0.00158769
        6290        -0.6   -0.460146  0.00158759
        6291        -0.6   -0.460168  0.00158749
        6292       -0.28    -0.46014   0.0015875
        6293       -0.36   -0.460124  0.00158733
        6294       -0.36   -0.460108  0.00158715
        6295       -0.28   -0.460079  0.00158716
        6296       -0.44   -0.460076  0.00158691
        6297       -0.28   -0.460048  0.00158692
        6298       -0.36   -0.460032  0.00158674
        6299       -0.36   -0.460016  0.00158657
        6300       -0.52   -0.460025  0.00158635
        6301       -0.52   -0.460035  0.00158613
        6302       -0.44   -0.460032  0.00158588
        6303       -0.44   -0.460029  0.00158563
        6304       -0.36   -0.460013  0.00158546
        6305       -0.44    -0.46001  0.00158521
        6306        -0.6   -0.460032  0.00158511
        6307       -0.52   -0.460041  0.00158489
        6308       -0.36   -0.460025  0.00158472
        6309        -0.2   -0.459984    0.001585
        6310        -0.2   -0.459943  0.00158529
        6311       -0.52   -0.459952  0.00158506
        6312       -0.52   -0.459962  0.00158484
        6313       -0.44   -0.459959  0.00158459
        6314       -0.52   -0.459968  0.00158437
        6315       -0.44   -0.459965  0.00158412
        6316       -0.52   -0.459975   0.0015839
        6317        -0.2   -0.459934  0.00158418
        6318       -0.36   -0.459918  0.00158401
        6319       -0.44   -0.459915  0.00158377
        6320       -0.44   -0.459911  0.00158352
        6321        -0.2    -0.45987   0.0015838
        6322       -0.36   -0.459854  0.00158363
        6323       -0.52   -0.459864  0.00158341
        6324       -0.28   -0.459836  0.00158341
        6325       -0.36    -0.45982  0.00158324
        6326       -0.44   -0.459817  0.00158299
        6327       -0.52   -0.459826  0.00158277
        6328       -0.52   -0.459836  0.00158255
        6329       -0.36    -0.45982  0.00158238
        6330        -0.2   -0.459779  0.00158266
        6331       -0.28    -0.45975  0.00158267
        6332       -0.44   -0.459747  0.00158242
        6333       -0.36   -0.459732  0.00158225
        6334       -0.28   -0.459703  0.00158225
        6335       -0.44     -0.4597  0.00158201
        6336       -0.44   -0.459697  0.00158176
        6337       -0.44   -0.459694  0.00158151
        6338       -0.44   -0.459691  0.00158127
        6339       -0.52     -0.4597  0.00158105
        6340       -0.36   -0.459685  0.00158087
        6341       -0.36   -0.459669   0.0015807
        6342       -0.36   -0.459653  0.00158053
        6343       -0.52   -0.459663  0.00158031
        6344       -0.36   -0.459647  0.00158014
        6345       -0.52   -0.459656  0.00157992
        6346       -0.52   -0.459666   0.0015797
        6347       -0.44   -0.459663  0.00157945
        6348       -0.36   -0.459647  0.00157928
        6349       -0.52   -0.459657  0.00157906
        6350        -0.6   -0.459679  0.00157897
        6351       -0.28    -0.45965  0.00157897
        6352       -0.68   -0.459685  0.00157911
        6353       -0.36   -0.459669  0.00157894
        6354       -0.36   -0.459654  0.00157876
        6355       -0.44   -0.459651  0.00157852
        6356       -0.28   -0.459622  0.00157852
        6357       -0.36   -0.459607  0.00157835
        6358       -0.12   -0.459553  0.00157901
        6359       -0.28   -0.459525  0.00157901
        6360       -0.52   -0.459535  0.00157879
        6361       -0.36   -0.459519  0.00157862
        6362       -0.36   -0.459503  0.00157845
        6363       -0.28   -0.459475  0.00157846
        6364       -0.44   -0.459472  0.00157821
        6365        -0.6   -0.459494  0.00157812
        6366       -0.52   -0.459504   0.0015779
        6367       -0.36   -0.459488  0.00157773
        6368       -0.28    -0.45946  0.00157773
        6369       -0.28   -0.459432  0.00157774
        6370       -0.36   -0.459416  0.00157757
        6371       -0.44   -0.459413  0.00157732
        6372       -0.52   -0.459422   0.0015771
        6373       -0.44   -0.459419  0.00157686
        6374       -0.44   -0.459416  0.00157661
        6375       -0.44   -0.459413  0.00157637
        6376       -0.52   -0.459423  0.00157615
        6377       -0.36   -0.459407  0.00157598
        6378       -0.44   -0.459404  0.00157574
        6379       -0.44   -0.459401  0.00157549
        6380       -0.76   -0.459448  0.00157595
        6381       -0.68   -0.459483  0.00157608
        6382        -0.6   -0.459505  0.00157599
        6383       -0.44   -0.459502  0.00157574
        6384       -0.44   -0.459499   0.0015755
        6385        -0.6   -0.459521  0.00157541
        6386       -0.44   -0.459518  0.00157516
        6387       -0.52   -0.459527  0.00157494
        6388        -0.6   -0.459549  0.00157485
        6389       -0.44   -0.459546  0.00157461
        6390       -0.12   -0.459493  0.00157526
        6391       -0.28   -0.459465  0.00157526
        6392       -0.36   -0.459449  0.00157509
        6393       -0.36   -0.459434  0.00157492
        6394        -0.2   -0.459393   0.0015752
        6395        -0.6   -0.459415  0.00157511
        6396        -0.6   -0.459437  0.00157501
        6397       -0.36   -0.459422  0.00157484
        6398        -0.6   -0.459444  0.00157475
        6399       -0.44   -0.459441  0.00157451
        6400       -0.76   -0.459488  0.00157496
        6401       -0.52   -0.459497  0.00157474
        6402       -0.44   -0.459494   0.0015745
        6403       -0.36   -0.459478  0.00157433
        6404       -0.36   -0.459463  0.00157416
        6405       -0.36   -0.459447  0.00157399
        6406       -0.52   -0.459457  0.00157378
        6407       -0.52   -0.459466  0.00157356
        6408       -0.52   -0.459476  0.00157334
        6409       -0.44   -0.459473   0.0015731
        6410       -0.44    -0.45947  0.00157286
        6411       -0.52   -0.459479  0.00157264
        6412        -0.6   -0.459501  0.00157255
        6413       -0.44   -0.459498  0.00157231
        6414       -0.36   -0.459482  0.00157214
        6415       -0.44   -0.459479  0.00157189
        6416       -0.52   -0.459489  0.00157168
        6417       -0.76   -0.459536  0.00157213
        6418       -0.52   -0.459545  0.00157191
        6419       -0.52   -0.459554   0.0015717
        6420       -0.52   -0.459564  0.00157148
        6421       -0.44   -0.459561  0.00157124
        6422       -0.52    -0.45957  0.00157102
        6423       -0.52    -0.45958  0.00157081
        6424        -0.6   -0.459601  0.00157071
        6425       -0.52   -0.459611   0.0015705
        6426       -0.44   -0.459608  0.00157026
        6427       -0.36   -0.459592  0.00157009
        6428       -0.52   -0.459602  0.00156987
        6429        -0.6   -0.459624  0.00156978
        6430       -0.52   -0.459633  0.00156956
        6431       -0.52   -0.459642  0.00156935
        6432       -0.52   -0.459652  0.00156913
        6433       -0.44   -0.459649  0.00156889
        6434       -0.52   -0.459658  0.00156867
        6435       -0.36   -0.459643  0.00156851
        6436       -0.44    -0.45964  0.00156827
        6437       -0.44   -0.459636  0.00156803
        6438       -0.44   -0.459633  0.00156779
        6439       -0.44    -0.45963  0.00156754
        6440       -0.36   -0.459615  0.00156738
        6441       -0.52   -0.459624  0.00156716
        6442       -0.52   -0.459634  0.00156695
        6443       -0.36   -0.459618  0.00156678
        6444       -0.28    -0.45959  0.00156678
        6445       -0.52     -0.4596  0.00156657
        6446       -0.44   -0.459597  0.00156633
        6447       -0.52   -0.459606  0.00156611
        6448       -0.28   -0.459578  0.00156612
        6449       -0.52   -0.459588   0.0015659
        6450       -0.44   -0.459584  0.00156566
        6451       -0.44   -0.459581  0.00156543
        6452       -0.44   -0.459578  0.00156519
        6453       -0.44   -0.459575  0.00156495
        6454       -0.44   -0.459572  0.00156471
        6455       -0.52   -0.459582  0.00156449
        6456        -0.2   -0.459542  0.00156477
        6457       -0.28   -0.459514  0.00156477
        6458       -0.36   -0.459498   0.0015646
        6459        -0.2   -0.459458  0.00156488
        6460       -0.04   -0.459393  0.00156598
        6461       -0.28   -0.459365  0.00156599
        6462       -0.44   -0.459362  0.00156575
        6463       -0.36   -0.459347  0.00156558
        6464       -0.44   -0.459344  0.00156534
        6465       -0.28   -0.459316  0.00156534
        6466        -0.6   -0.459338  0.00156525
        6467        -0.6    -0.45936  0.00156516
        6468       -0.68   -0.459394  0.00156529
        6469       -0.44   -0.459391  0.00156505
        6470       -0.52     -0.4594  0.00156484
        6471       -0.68   -0.459434  0.00156497
        6472       -0.28   -0.459407  0.00156497
        6473       -0.52   -0.459416  0.00156476
        6474       -0.44   -0.459413  0.00156452
        6475       -0.44    -0.45941  0.00156428
        6476       -0.28   -0.459382  0.00156428
        6477       -0.28   -0.459355  0.00156429
        6478       -0.52   -0.459364  0.00156407
        6479       -0.44   -0.459361  0.00156384
        6480       -0.52    -0.45937  0.00156362
        6481       -0.52    -0.45938  0.00156341
        6482        -0.6   -0.459401  0.00156332
        6483       -0.52   -0.459411  0.00156311
        6484       -0.68   -0.459445  0.00156323
        6485       -0.68   -0.459479  0.00156336
        6486       -0.28   -0.459451  0.00156337
        6487        -0.2   -0.459411  0.00156364
        6488        -0.2   -0.459371  0.00156391
        6489       -0.44   -0.459368  0.00156367
        6490       -0.44   -0.459365  0.00156343
        6491       -0.36    -0.45935  0.00156327
        6492        -0.2    -0.45931  0.00156354
        6493       -0.28   -0.459282  0.00156354
        6494       -0.52   -0.459292  0.00156333
        6495       -0.52   -0.459301  0.00156311
        6496       -0.44   -0.459298  0.00156288
        6497       -0.36   -0.459283  0.00156271
        6498       -0.36   -0.459267  0.00156254
        6499       -0.36   -0.459252  0.00156238
        6500       -0.12     -0.4592  0.00156301
        6501       -0.36   -0.459185  0.00156284
        6502       -0.52   -0.459194  0.00156263
        6503       -0.36   -0.459179  0.00156246
        6504        -0.6     -0.4592  0.00156237
        6505       -0.68   -0.459234   0.0015625
        6506       -0.68   -0.459268  0.00156263
        6507       -0.52   -0.459278  0.00156242
        6508        -0.6   -0.459299  0.00156233
        6509       -0.28   -0.459272  0.00156233
        6510       -0.44   -0.459269  0.00156209
        6511       -0.44   -0.459266  0.00156186
        6512       -0.52   -0.459275  0.00156165
        6513       -0.44   -0.459272  0.00156141
        6514       -0.36   -0.459257  0.00156124
        6515       -0.28   -0.459229  0.00156125
        6516       -0.28   -0.459202  0.00156125
        6517       -0.44   -0.459199  0.00156101
        6518       -0.28   -0.459172  0.00156101
        6519        -0.6   -0.459193  0.00156092
        6520       -0.52   -0.459202  0.00156071
        6521       -0.36   -0.459187  0.00156055
        6522        -0.6   -0.459209  0.00156046
        6523       -0.52   -0.459218  0.00156025
        6524       -0.28   -0.459191  0.00156025
        6525        -0.2   -0.459151  0.00156052
        6526       -0.44   -0.459148  0.00156028
        6527       -0.28   -0.459121  0.00156028
        6528       -0.44   -0.459118  0.00156004
        6529       -0.36   -0.459102  0.00155988
        6530        -0.6   -0.459124  0.00155979
        6531       -0.68   -0.459158  0.00155992
        6532        -0.6   -0.459179  0.00155983
        6533       -0.52   -0.459189  0.00155962
        6534        -0.6    -0.45921  0.00155953
        6535        -0.6   -0.459232  0.00155944
        6536       -0.52   -0.459241  0.00155923
        6537       -0.52    -0.45925  0.00155902
        6538       -0.36   -0.459235  0.00155885
        6539       -0.44   -0.459232  0.00155862
        6540       -0.44   -0.459229  0.00155838
        6541       -0.44   -0.459226  0.00155814
        6542       -0.36   -0.459211  0.00155798
        6543       -0.28   -0.459184  0.00155798
        6544       -0.28   -0.459156  0.00155799
        6545       -0.28   -0.459129  0.00155799
        6546       -0.36   -0.459114  0.00155782
        6547       -0.52   -0.459123  0.00155761
        6548       -0.36   -0.459108  0.00155745
        6549       -0.52   -0.459117  0.00155724
        6550        -0.6   -0.459139  0.00155715
        6551       -0.36   -0.459124  0.00155699
        6552        -0.6   -0.459145   0.0015569
        6553       -0.44   -0.459142  0.00155666
        6554       -0.52   -0.459152  0.00155645
        6555        -0.6   -0.459173  0.00155636
        6556        -0.6   -0.459195  0.00155627
        6557       -0.44   -0.459192  0.00155604
        6558        -0.6   -0.459213  0.00155595
        6559        -0.6   -0.459235  0.00155586
        6560        -0.6   -0.459256  0.00155577
        6561       -0.36   -0.459241  0.00155561
        6562       -0.44   -0.459238  0.00155537
        6563       -0.36   -0.459223  0.00155521
        6564       -0.52   -0.459232    0.001555
        6565       -0.44   -0.459229  0.00155477
        6566       -0.52   -0.459239  0.00155456
        6567       -0.52   -0.459248  0.00155435
        6568       -0.36   -0.459233  0.00155418
        6569       -0.44    -0.45923  0.00155395
        6570        -0.6   -0.459251  0.00155386
        6571       -0.44   -0.459248  0.00155363
        6572       -0.52   -0.459257  0.00155342
        6573       -0.52   -0.459267  0.00155321
        6574       -0.28   -0.459239  0.00155321
        6575       -0.44   -0.459237  0.00155298
        6576       -0.44   -0.459234  0.00155275
        6577       -0.44   -0.459231  0.00155251
        6578        -0.6   -0.459252  0.00155243
        6579       -0.68   -0.459286  0.00155255
        6580       -0.76   -0.459331  0.00155299
        6581       -0.76   -0.459377  0.00155342
        6582       -0.76   -0.459423  0.00155386
        6583       -0.76   -0.459468  0.00155429
        6584       -0.52   -0.459478  0.00155409
        6585       -0.36   -0.459462  0.00155392
        6586       -0.44   -0.459459  0.00155369
        6587       -0.52   -0.459469  0.00155348
        6588       -0.52   -0.459478  0.00155327
        6589       -0.44   -0.459475  0.00155304
        6590       -0.44   -0.459472  0.00155281
        6591       -0.52   -0.459481   0.0015526
        6592       -0.36   -0.459466  0.00155244
        6593       -0.36   -0.459451  0.00155227
        6594       -0.28   -0.459424  0.00155228
        6595       -0.36   -0.459409  0.00155211
        6596       -0.44   -0.459406  0.00155188
        6597       -0.44   -0.459403  0.00155165
        6598       -0.28   -0.459376  0.00155165
        6599       -0.28   -0.459348  0.00155166
        6600       -0.36   -0.459333  0.00155149
        6601       -0.28   -0.459306   0.0015515
        6602       -0.36   -0.459291  0.00155133
        6603       -0.44   -0.459288   0.0015511
        6604       -0.52   -0.459297  0.00155089
        6605       -0.52   -0.459307  0.00155069
        6606       -0.44   -0.459304  0.00155045
        6607        -0.6   -0.459325  0.00155037
        6608       -0.36    -0.45931   0.0015502
        6609       -0.52   -0.459319     0.00155
        6610       -0.52   -0.459328  0.00154979
        6611       -0.44   -0.459325  0.00154956
        6612       -0.52   -0.459335  0.00154935
        6613       -0.52   -0.459344  0.00154914
        6614       -0.68   -0.459377  0.00154927
        6615       -0.28    -0.45935  0.00154927
        6616       -0.52   -0.459359  0.00154906
        6617       -0.68   -0.459392  0.00154919
        6618        -0.6   -0.459414   0.0015491
        6619       -0.52   -0.459423  0.00154889
        6620       -0.36   -0.459408  0.00154873
        6621        -0.2   -0.459369  0.00154899
        6622       -0.44   -0.459366  0.00154876
        6623        -0.6   -0.459387  0.00154868
        6624       -0.44   -0.459384  0.00154844
        6625       -0.44   -0.459381  0.00154821
        6626       -0.52    -0.45939  0.00154801
        6627       -0.52   -0.459399   0.0015478
        6628        -0.6   -0.459421  0.00154771
        6629       -0.36   -0.459406  0.00154755
        6630       -0.68   -0.459439  0.00154768
        6631       -0.44   -0.459436  0.00154744
        6632       -0.52   -0.459445  0.00154724
        6633       -0.52   -0.459454  0.00154703
        6634       -0.36   -0.459439  0.00154687
        6635       -0.52   -0.459448  0.00154667
        6636        -0.6    -0.45947  0.00154658
        6637       -0.44   -0.459467  0.00154635
        6638       -0.28    -0.45944  0.00154635
        6639       -0.68   -0.459473  0.00154647
        6640       -0.44    -0.45947  0.00154624
        6641        -0.6   -0.459491  0.00154616
        6642        -0.6   -0.459512  0.00154607
        6643       -0.68   -0.459545  0.00154619
        6644       -0.68   -0.459579  0.00154631
        6645       -0.36   -0.459564  0.00154615
        6646        -0.6   -0.459585  0.00154607
        6647       -0.52   -0.459594  0.00154586
        6648       -0.68   -0.459627  0.00154598
        6649       -0.52   -0.459636  0.00154578
        6650       -0.44   -0.459633  0.00154555
        6651       -0.44    -0.45963  0.00154532
        6652       -0.44   -0.459627  0.00154509
        6653        -0.6   -0.459648    0.001545
        6654       -0.12   -0.459597  0.00154561
        6655       -0.52   -0.459606  0.00154541
        6656       -0.52   -0.459615   0.0015452
        6657       -0.52   -0.459624  0.00154499
        6658       -0.44   -0.459622  0.00154477
        6659       -0.52   -0.459631  0.00154456
        6660       -0.52    -0.45964  0.00154435
        6661       -0.52   -0.459649  0.00154415
        6662        -0.6    -0.45967  0.00154406
        6663        -0.6   -0.459691  0.00154397
        6664       -0.52     -0.4597  0.00154377
        6665       -0.68   -0.459733  0.00154389
        6666       -0.44    -0.45973  0.00154366
        6667       -0.28   -0.459703  0.00154367
        6668       -0.28   -0.459676  0.00154367
        6669       -0.12   -0.459625  0.00154428
        6670        -0.2   -0.459586  0.00154454
        6671        -0.6   -0.459607  0.00154445
        6672        -0.6   -0.459628  0.00154436
        6673        -0.6   -0.459649  0.00154427
        6674       -0.44   -0.459646  0.00154404
        6675       -0.52   -0.459655  0.00154384
        6676       -0.52   -0.459664  0.00154363
        6677        -0.6   -0.459685  0.00154355
        6678        -0.6   -0.459706  0.00154346
        6679       -0.52   -0.459716  0.00154325
        6680       -0.44   -0.459713  0.00154303
        6681       -0.44    -0.45971   0.0015428
        6682       -0.36   -0.459695  0.00154264
        6683       -0.36    -0.45968  0.00154248
        6684       -0.28   -0.459653  0.00154248
        6685       -0.04    -0.45959  0.00154353
        6686        -0.6   -0.459611  0.00154344
        6687       -0.68   -0.459644  0.00154356
        6688       -0.52   -0.459653  0.00154336
        6689       -0.52   -0.459662  0.00154315
        6690        -0.6   -0.459683  0.00154307
        6691       -0.44    -0.45968  0.00154284
        6692       -0.52   -0.459689  0.00154263
        6693       -0.68   -0.459722  0.00154275
        6694       -0.44   -0.459719  0.00154253
        6695        -0.6    -0.45974  0.00154244
        6696       -0.36   -0.459725  0.00154228
        6697       -0.68   -0.459758   0.0015424
        6698       -0.44   -0.459755  0.00154217
        6699       -0.36    -0.45974  0.00154201
        6700       -0.44   -0.459737  0.00154179
        6701       -0.36   -0.459722  0.00154163
        6702       -0.52   -0.459731  0.00154142
        6703       -0.44   -0.459728   0.0015412
        6704       -0.44   -0.459726  0.00154097
        6705       -0.76    -0.45977  0.00154139
        6706       -0.52   -0.459779  0.00154119
        6707        -0.2   -0.459741  0.00154144
        6708       -0.52    -0.45975  0.00154124
        6709       -0.28   -0.459723  0.00154124
        6710       -0.28   -0.459696  0.00154125
        6711        -0.6   -0.459717  0.00154116
        6712        -0.2   -0.459678  0.00154142
        6713       -0.44   -0.459675  0.00154119
        6714       -0.44   -0.459672  0.00154096
        6715       -0.52   -0.459681  0.00154076
        6716       -0.44   -0.459678  0.00154053
        6717       -0.52   -0.459687  0.00154033
        6718       -0.36   -0.459673  0.00154017
        6719       -0.52   -0.459682  0.00153997
        6720        -0.6   -0.459702  0.00153988
        6721       -0.44   -0.459699  0.00153965
        6722       -0.52   -0.459708  0.00153945
        6723       -0.12   -0.459658  0.00154005
        6724       -0.28   -0.459631  0.00154005
        6725       -0.52    -0.45964  0.00153985
        6726       -0.36   -0.459625  0.00153969
        6727       -0.52   -0.459634  0.00153949
        6728       -0.52   -0.459643  0.00153929
        6729       -0.68   -0.459676  0.00153941
        6730       -0.52   -0.459685   0.0015392
        6731       -0.44   -0.459682  0.00153898
        6732       -0.44   -0.459679  0.00153875
        6733       -0.44   -0.459676  0.00153853
        6734       -0.36   -0.459661  0.00153837
        6735       -0.28   -0.459635  0.00153837
        6736       -0.28   -0.459608  0.00153838
        6737       -0.44   -0.459605  0.00153815
        6738       -0.44   -0.459602  0.00153792
        6739       -0.36   -0.459587  0.00153777
        6740       -0.36   -0.459573  0.00153761
        6741       -0.52   -0.459582  0.00153741
        6742       -0.52   -0.459591  0.00153721
        6743       -0.52     -0.4596    0.001537
        6744       -0.36   -0.459585  0.00153685
        6745       -0.44   -0.459582  0.00153662
        6746       -0.36   -0.459567  0.00153647
        6747       -0.44   -0.459564  0.00153624
        6748       -0.52   -0.459573  0.00153604
        6749        -0.6   -0.459594  0.00153595
        6750       -0.68   -0.459627  0.00153607
        6751       -0.52   -0.459636  0.00153587
        6752        -0.6   -0.459656  0.00153578
        6753        -0.6   -0.459677   0.0015357
        6754        -0.6   -0.459698  0.00153561
        6755        -0.6   -0.459719  0.00153552
        6756       -0.52   -0.459728  0.00153532
        6757       -0.36   -0.459713  0.00153517
        6758       -0.28   -0.459686  0.00153517
        6759       -0.44   -0.459683  0.00153494
        6760       -0.52   -0.459692  0.00153474
        6761       -0.44   -0.459689  0.00153452
        6762       -0.52   -0.459698  0.00153432
        6763        -0.6   -0.459719  0.00153423
        6764       -0.36   -0.459704  0.00153408
        6765       -0.52   -0.459713  0.00153387
        6766       -0.44    -0.45971  0.00153365
        6767       -0.36   -0.459696  0.00153349
        6768       -0.36   -0.459681  0.00153334
        6769       -0.44   -0.459678  0.00153311
        6770       -0.52   -0.459687  0.00153291
        6771       -0.44   -0.459684  0.00153269
        6772        -0.2   -0.459646  0.00153294
        6773        -0.2   -0.459607   0.0015332
        6774       -0.44   -0.459604  0.00153297
        6775       -0.44   -0.459601  0.00153275
        6776       -0.36   -0.459587  0.00153259
        6777       -0.44   -0.459584  0.00153237
        6778       -0.28   -0.459557  0.00153237
        6779        -0.2   -0.459519  0.00153263
        6780        0.04   -0.459445  0.00153417
        6781       -0.36   -0.459431  0.00153401
        6782       -0.52    -0.45944  0.00153381
        6783       -0.52   -0.459449  0.00153361
        6784       -0.28   -0.459422  0.00153362
        6785       -0.52   -0.459431  0.00153341
        6786       -0.52    -0.45944  0.00153321
        6787       -0.36   -0.459425  0.00153306
        6788       -0.44   -0.459423  0.00153284
        6789       -0.28   -0.459396  0.00153284
        6790       -0.52   -0.459405  0.00153264
        6791       -0.44   -0.459402  0.00153242
        6792       -0.68   -0.459435  0.00153253
        6793       -0.52   -0.459444  0.00153233
        6794        -0.6   -0.459464  0.00153225
        6795       -0.52   -0.459473  0.00153205
        6796       -0.36   -0.459459  0.00153189
        6797       -0.28   -0.459432   0.0015319
        6798       -0.52   -0.459441   0.0015317
        6799       -0.44   -0.459438  0.00153147
        6800       -0.36   -0.459424  0.00153132
        6801       -0.44   -0.459421   0.0015311
        6802       -0.52    -0.45943   0.0015309
        6803       -0.52   -0.459438   0.0015307
        6804        -0.6   -0.459459  0.00153061
        6805       -0.44   -0.459456  0.00153039
        6806       -0.52   -0.459465  0.00153019
        6807        -0.6   -0.459486   0.0015301
        6808       -0.36   -0.459471  0.00152995
        6809        -0.2   -0.459433   0.0015302
        6810       -0.52   -0.459442     0.00153
        6811       -0.36   -0.459427  0.00152985
        6812        -0.6   -0.459448  0.00152976
        6813        -0.6   -0.459469  0.00152967
        6814       -0.36   -0.459454  0.00152952
        6815       -0.36   -0.459439  0.00152936
        6816       -0.28   -0.459413  0.00152937
        6817       -0.52   -0.459422  0.00152917
        6818       -0.44   -0.459419  0.00152895
        6819       -0.36   -0.459405  0.00152879
        6820       -0.52   -0.459413  0.00152859
        6821       -0.44   -0.459411  0.00152837
        6822       -0.52    -0.45942  0.00152817
        6823       -0.44   -0.459417  0.00152795
        6824        -0.6   -0.459437  0.00152787
        6825       -0.44   -0.459434  0.00152765
        6826       -0.28   -0.459408  0.00152765
        6827       -0.52   -0.459417  0.00152745
        6828       -0.44   -0.459414  0.00152723
        6829       -0.52   -0.459423  0.00152703
        6830       -0.44    -0.45942  0.00152681
        6831       -0.44   -0.459417  0.00152659
        6832       -0.28   -0.459391  0.00152659
        6833       -0.44   -0.459388  0.00152637
        6834       -0.44   -0.459385  0.00152615
        6835        -0.6   -0.459406  0.00152607
        6836       -0.68   -0.459438  0.00152618
        6837       -0.52   -0.459447  0.00152599
        6838       -0.68   -0.459479   0.0015261
        6839       -0.52   -0.459488  0.00152591
        6840       -0.44   -0.459485  0.00152569
        6841       -0.44   -0.459483  0.00152547
        6842       -0.52   -0.459491  0.00152527
        6843       -0.44   -0.459489  0.00152505
        6844       -0.68   -0.459521  0.00152517
        6845        -0.6   -0.459541  0.00152508
        6846       -0.44   -0.459538  0.00152486
        6847       -0.44   -0.459536  0.00152464
        6848       -0.44   -0.459533  0.00152442
        6849       -0.44    -0.45953   0.0015242
        6850       -0.52   -0.459539    0.001524
        6851        -0.6   -0.459559  0.00152392
        6852        -0.6    -0.45958  0.00152384
        6853       -0.52   -0.459589  0.00152364
        6854       -0.44   -0.459586  0.00152342
        6855       -0.52   -0.459594  0.00152322
        6856       -0.44   -0.459592    0.001523
        6857       -0.52     -0.4596  0.00152281
        6858       -0.52   -0.459609  0.00152261
        6859       -0.52   -0.459618  0.00152241
        6860       -0.52   -0.459627  0.00152222
        6861        -0.6   -0.459647  0.00152213
        6862        -0.6   -0.459668  0.00152205
        6863       -0.52   -0.459677  0.00152185
        6864        -0.6   -0.459697  0.00152177
        6865       -0.52   -0.459706  0.00152157
        6866       -0.44   -0.459703  0.00152135
        6867       -0.52   -0.459712  0.00152116
        6868       -0.52    -0.45972  0.00152096
        6869       -0.28   -0.459694  0.00152096
        6870       -0.28   -0.459668  0.00152097
        6871        -0.6   -0.459689  0.00152088
        6872       -0.44   -0.459686  0.00152066
        6873       -0.52   -0.459694  0.00152047
        6874       -0.36    -0.45968  0.00152032
        6875       -0.44   -0.459677   0.0015201
        6876       -0.36   -0.459663  0.00151995
        6877       -0.36   -0.459648  0.00151979
        6878        -0.2    -0.45961  0.00152004
        6879       -0.52   -0.459619  0.00151985
        6880       -0.52   -0.459628  0.00151965
        6881       -0.36   -0.459613   0.0015195
        6882       -0.44   -0.459611  0.00151928
        6883       -0.36   -0.459596  0.00151913
        6884       -0.44   -0.459593  0.00151891
        6885       -0.28   -0.459567  0.00151891
        6886        -0.6   -0.459588  0.00151883
        6887        -0.6   -0.459608  0.00151875
        6888        -0.6   -0.459628  0.00151866
        6889       -0.36   -0.459614  0.00151851
        6890       -0.36   -0.459599  0.00151836
        6891       -0.52   -0.459608  0.00151816
        6892       -0.36   -0.459594  0.00151801
        6893        -0.6   -0.459614  0.00151793
        6894       -0.52   -0.459623  0.00151773
        6895       -0.36   -0.459608  0.00151758
        6896       -0.28   -0.459582  0.00151759
        6897       -0.52   -0.459591  0.00151739
        6898       -0.52     -0.4596   0.0015172
        6899       -0.44   -0.459597  0.00151698
        6900       -0.44   -0.459594  0.00151676
        6901       -0.68   -0.459626  0.00151688
        6902       -0.52   -0.459635  0.00151668
        6903       -0.12   -0.459586  0.00151726
        6904       -0.44   -0.459583  0.00151705
        6905       -0.52   -0.459592  0.00151685
        6906        -0.6   -0.459612  0.00151677
        6907       -0.36   -0.459598  0.00151662
        6908       -0.36   -0.459583  0.00151647
        6909       -0.44    -0.45958  0.00151625
        6910       -0.28   -0.459554  0.00151625
        6911       -0.36    -0.45954   0.0015161
        6912       -0.28   -0.459514   0.0015161
        6913       -0.28   -0.459488  0.00151611
        6914       -0.36   -0.459474  0.00151596
        6915       -0.28   -0.459448  0.00151596
        6916        -0.2    -0.45941   0.0015162
        6917       -0.28   -0.459384  0.00151621
        6918       -0.52   -0.459393  0.00151601
        6919       -0.36   -0.459379  0.00151586
        6920        -0.6   -0.459399  0.00151578
        6921       -0.36   -0.459384  0.00151563
        6922       -0.44   -0.459382  0.00151541
        6923        -0.6   -0.459402  0.00151533
        6924       -0.68   -0.459434  0.00151544
        6925       -0.44   -0.459431  0.00151523
        6926       -0.44   -0.459428  0.00151501
        6927        -0.6   -0.459449  0.00151493
        6928       -0.68    -0.45948  0.00151505
        6929       -0.52   -0.459489  0.00151485
        6930       -0.68   -0.459521  0.00151497
        6931       -0.44   -0.459518  0.00151475
        6932       -0.44   -0.459515  0.00151454
        6933       -0.52   -0.459524  0.00151434
        6934       -0.28   -0.459498  0.00151435
        6935       -0.52   -0.459507  0.00151415
        6936       -0.28   -0.459481  0.00151415
        6937       -0.52    -0.45949  0.00151396
        6938       -0.36   -0.459475  0.00151381
        6939       -0.36   -0.459461  0.00151366
        6940       -0.36   -0.459447  0.00151351
        6941       -0.52   -0.459455  0.00151332
        6942       -0.44   -0.459453   0.0015131
        6943       -0.36   -0.459438  0.00151295
        6944       -0.52   -0.459447  0.00151276
        6945       -0.36   -0.459433  0.00151261
        6946       -0.36   -0.459418  0.00151246
        6947       -0.52   -0.459427  0.00151227
        6948        -0.6   -0.459447  0.00151218
        6949       -0.76   -0.459491  0.00151259
        6950       -0.76   -0.459534  0.00151299
        6951       -0.68   -0.459566   0.0015131
        6952       -0.68   -0.459597  0.00151321
        6953       -0.68   -0.459629  0.00151333
        6954       -0.52   -0.459638  0.00151314
        6955       -0.28   -0.459612  0.00151314
        6956        -0.2   -0.459574  0.00151338
        6957       -0.44   -0.459572  0.00151317
        6958        -0.6   -0.459592  0.00151308
        6959       -0.68   -0.459624   0.0015132
        6960        -0.6   -0.459644  0.00151312
        6961       -0.68   -0.459675  0.00151323
        6962        -0.6   -0.459695  0.00151315
        6963       -0.44   -0.459693  0.00151293
        6964        -0.6   -0.459713  0.00151285
        6965       -0.44    -0.45971  0.00151263
        6966       -0.36   -0.459696  0.00151248
        6967       -0.52   -0.459704  0.00151229
        6968       -0.52   -0.459713   0.0015121
        6969       -0.52   -0.459722  0.00151191
        6970       -0.52    -0.45973  0.00151172
        6971       -0.52   -0.459739  0.00151152
        6972       -0.28   -0.459713  0.00151153
        6973       -0.44    -0.45971  0.00151131
        6974       -0.68   -0.459742  0.00151143
        6975        -0.6   -0.459762  0.00151134
        6976       -0.44   -0.459759  0.00151113
        6977       -0.36   -0.459745  0.00151098
        6978       -0.36   -0.459731  0.00151083
        6979       -0.52   -0.459739  0.00151064
        6980        -0.6   -0.459759  0.00151056
        6981       -0.52   -0.459768  0.00151036
        6982        -0.6   -0.459788  0.00151028
        6983       -0.52   -0.459797  0.00151009
        6984       -0.44   -0.459794  0.00150988
        6985       -0.44   -0.459791  0.00150966
        6986       -0.36   -0.459777  0.00150951
        6987        -0.2    -0.45974  0.00150976
        6988       -0.36   -0.459725  0.00150961
        6989       -0.44   -0.459722  0.00150939
        6990        -0.6   -0.459742  0.00150931
        6991       -0.52   -0.459751  0.00150912
        6992       -0.52    -0.45976  0.00150893
        6993       -0.52   -0.459768  0.00150874
        6994        -0.6   -0.459788  0.00150866
        6995        -0.6   -0.459808  0.00150857
        6996       -0.52   -0.459817  0.00150838
        6997       -0.36   -0.459803  0.00150823
        6998       -0.36   -0.459789  0.00150809
        6999        -0.2   -0.459751  0.00150833
        7000       -0.52    -0.45976  0.00150814
        7001       -0.52   -0.459769  0.00150794
        7002       -0.36   -0.459754   0.0015078
        7003       -0.44   -0.459752  0.00150758
        7004       -0.52    -0.45976  0.00150739
        7005       -0.44   -0.459757  0.00150718
        7006       -0.52   -0.459766  0.00150699
        7007       -0.28    -0.45974  0.00150699
        7008       -0.44   -0.459737  0.00150678
        7009        -0.6   -0.459757   0.0015067
        7010        -0.6   -0.459777  0.00150662
        7011       -0.52   -0.459786  0.00150643
        7012       -0.36   -0.459772  0.00150628
        7013       -0.44   -0.459769  0.00150607
        7014        -0.6   -0.459789  0.00150598
        7015       -0.44   -0.459786  0.00150577
        7016       -0.44   -0.459783  0.00150556
        7017        -0.2   -0.459746   0.0015058
        7018       -0.44   -0.459744  0.00150559
        7019       -0.36   -0.459729  0.00150544
        7020       -0.44   -0.459726  0.00150523
        7021        -0.6   -0.459746  0.00150515
        7022       -0.44   -0.459744  0.00150494
        7023       -0.52   -0.459752  0.00150475
        7024       -0.52   -0.459761  0.00150456
        7025       -0.36   -0.459747  0.00150441
        7026       -0.28   -0.459721  0.00150441
        7027       -0.44   -0.459718   0.0015042
        7028       -0.52   -0.459727  0.00150401
        7029       -0.44   -0.459724   0.0015038
        7030       -0.52   -0.459733  0.00150361
        7031       -0.68   -0.459764  0.00150372
        7032       -0.36    -0.45975  0.00150358
        7033       -0.44   -0.459747  0.00150337
        7034       -0.28   -0.459721  0.00150337
        7035       -0.44   -0.459719  0.00150316
        7036       -0.28   -0.459693  0.00150316
        7037       -0.28   -0.459667  0.00150316
        7038       -0.28   -0.459642  0.00150317
        7039       -0.28   -0.459616  0.00150317
        7040       -0.28   -0.459591  0.00150317
        7041       -0.52   -0.459599  0.00150298
        7042       -0.52   -0.459608   0.0015028
        7043       -0.36   -0.459594  0.00150265
        7044       -0.44   -0.459591  0.00150244
        7045       -0.44   -0.459588  0.00150223
        7046       -0.44   -0.459586  0.00150202
        7047       -0.52   -0.459594  0.00150183
        7048        -0.6   -0.459614  0.00150175
        7049       -0.28   -0.459589  0.00150175
        7050       -0.44   -0.459586  0.00150154
        7051       -0.36   -0.459572  0.00150139
        7052       -0.04   -0.459512  0.00150236
        7053       -0.36   -0.459498  0.00150221
        7054       -0.36   -0.459484  0.00150207
        7055       -0.52   -0.459493  0.00150188
        7056        -0.6   -0.459512   0.0015018
        7057       -0.36   -0.459498  0.00150165
        7058       -0.36   -0.459484   0.0015015
        7059       -0.68   -0.459516  0.00150162
        7060       -0.52   -0.459524  0.00150143
        7061       -0.44   -0.459521  0.00150122
        7062       -0.68   -0.459553  0.00150133
        7063       -0.36   -0.459538  0.00150118
        7064       -0.52   -0.459547  0.00150099
        7065        -0.6   -0.459567  0.00150091
        7066       -0.44   -0.459564   0.0015007
        7067       -0.68   -0.459595  0.00150082
        7068       -0.68   -0.459626  0.00150093
        7069        -0.6   -0.459646  0.00150085
        7070        -0.6   -0.459666  0.00150077
        7071       -0.52   -0.459675  0.00150058
        7072       -0.44   -0.459672  0.00150037
        7073       -0.28   -0.459647  0.00150037
        7074       -0.36   -0.459632  0.00150022
        7075       -0.52   -0.459641  0.00150004
        7076       -0.36   -0.459627  0.00149989
        7077       -0.52   -0.459635   0.0014997
        7078       -0.44   -0.459633  0.00149949
        7079       -0.52   -0.459641  0.00149931
        7080       -0.28   -0.459616  0.00149931
        7081       -0.52   -0.459624  0.00149912
        7082       -0.52   -0.459633  0.00149893
        7083       -0.52   -0.459641  0.00149875
        7084       -0.36   -0.459627   0.0014986
        7085       -0.52   -0.459636  0.00149841
        7086       -0.52   -0.459644  0.00149823
        7087       -0.68   -0.459675  0.00149834
        7088       -0.52   -0.459684  0.00149815
        7089       -0.44   -0.459681  0.00149794
        7090       -0.44   -0.459678  0.00149773
        7091       -0.36   -0.459664  0.00149759
        7092       -0.52   -0.459673   0.0014974
        7093       -0.68   -0.459704  0.00149751
        7094       -0.52   -0.459712  0.00149733
        7095       -0.36   -0.459698  0.00149718
        7096       -0.44   -0.459696  0.00149697
        7097       -0.44   -0.459693  0.00149676
        7098        -0.6   -0.459713  0.00149668
        7099       -0.52   -0.459721   0.0014965
        7100        -0.6   -0.459741  0.00149642
        7101       -0.52   -0.459749  0.00149623
        7102       -0.44   -0.459747  0.00149602
        7103       -0.44   -0.459744  0.00149581
        7104       -0.36    -0.45973  0.00149567
        7105       -0.36   -0.459716  0.00149552
        7106       -0.12   -0.459668  0.00149608
        7107       -0.44   -0.459665  0.00149587
        7108       -0.44   -0.459662  0.00149566
        7109       -0.52   -0.459671  0.00149548
        7110       -0.36   -0.459657  0.00149533
        7111       -0.52   -0.459665  0.00149514
        7112       -0.52   -0.459674  0.00149496
        7113       -0.52   -0.459682  0.00149477
        7114        -0.6   -0.459702  0.00149469
        7115       -0.36   -0.459688  0.00149455
        7116       -0.44   -0.459685  0.00149434
        7117       -0.44   -0.459682  0.00149413
        7118       -0.44    -0.45968  0.00149393
        7119       -0.44   -0.459677  0.00149372
        7120        -0.6   -0.459697  0.00149364
        7121       -0.44   -0.459694  0.00149343
        7122       -0.44   -0.459691  0.00149322
        7123       -0.52     -0.4597  0.00149304
        7124       -0.36   -0.459686  0.00149289
        7125       -0.28    -0.45966   0.0014929
        7126       -0.36   -0.459646  0.00149275
        7127       -0.36   -0.459632  0.00149261
        7128       -0.36   -0.459618  0.00149247
        7129       -0.52   -0.459627  0.00149228
        7130       -0.44   -0.459624  0.00149207
        7131       -0.52   -0.459633  0.00149189
        7132       -0.52   -0.459641   0.0014917
        7133        -0.6   -0.459661  0.00149162
        7134       -0.44   -0.459658  0.00149142
        7135       -0.44   -0.459655  0.00149121
        7136       -0.52   -0.459664  0.00149103
        7137       -0.44   -0.459661  0.00149082
        7138       -0.44   -0.459658  0.00149061
        7139        -0.6   -0.459678  0.00149053
        7140       -0.44   -0.459675  0.00149033
        7141       -0.52   -0.459684  0.00149014
        7142       -0.36    -0.45967     0.00149
        7143       -0.52   -0.459678  0.00148982
        7144       -0.36   -0.459664  0.00148967
        7145       -0.28   -0.459639  0.00148968
        7146        -0.6   -0.459659   0.0014896
        7147        -0.6   -0.459678  0.00148952
        7148       -0.52   -0.459687  0.00148933
        7149       -0.36   -0.459673  0.00148919
        7150       -0.28   -0.459648  0.00148919
        7151       -0.44   -0.459645  0.00148899
        7152       -0.44   -0.459642  0.00148878
        7153       -0.44   -0.459639  0.00148858
        7154       -0.44   -0.459637  0.00148837
        7155        -0.6   -0.459656  0.00148829
        7156        -0.6   -0.459676  0.00148821
        7157       -0.52   -0.459684  0.00148803
        7158       -0.68   -0.459715  0.00148814
        7159       -0.68   -0.459746  0.00148825
        7160       -0.44   -0.459743  0.00148805
        7161       -0.52   -0.459751  0.00148786
        7162       -0.44   -0.459749  0.00148766
        7163        -0.6   -0.459768  0.00148758
        7164       -0.44   -0.459765  0.00148737
        7165       -0.28    -0.45974  0.00148738
        7166       -0.28   -0.459715  0.00148738
        7167       -0.44   -0.459713  0.00148718
        7168       -0.52   -0.459721  0.00148699
        7169        -0.6   -0.459741  0.00148691
        7170        -0.6    -0.45976  0.00148683
        7171       -0.44   -0.459757  0.00148663
        7172       -0.52   -0.459766  0.00148645
        7173       -0.44   -0.459763  0.00148624
        7174       -0.44    -0.45976  0.00148604
        7175        -0.2   -0.459724  0.00148627
        7176       -0.44   -0.459721  0.00148607
        7177       -0.44   -0.459719  0.00148586
        7178       -0.28   -0.459694  0.00148587
        7179       -0.52   -0.459702  0.00148568
        7180       -0.44   -0.459699  0.00148548
        7181       -0.44   -0.459696  0.00148527
        7182       -0.36   -0.459683  0.00148513
        7183       -0.36   -0.459669  0.00148499
        7184        -0.6   -0.459688  0.00148491
        7185       -0.36   -0.459674  0.00148477
        7186       -0.36    -0.45966  0.00148463
        7187       -0.44   -0.459658  0.00148442
        7188       -0.36   -0.459644  0.00148428
        7189       -0.52   -0.459652   0.0014841
        7190       -0.52   -0.459661  0.00148392
        7191       -0.52   -0.459669  0.00148373
        7192       -0.52   -0.459677  0.00148355
        7193       -0.52   -0.459686  0.00148337
        7194        -0.6   -0.459705  0.00148329
        7195       -0.36   -0.459691  0.00148315
        7196       -0.44   -0.459689  0.00148295
        7197       -0.28   -0.459664  0.00148295
        7198       -0.28   -0.459639  0.00148295
        7199       -0.44   -0.459636  0.00148275
        7200       -0.44   -0.459633  0.00148255
        7201       -0.44   -0.459631  0.00148234
        7202        -0.6    -0.45965  0.00148227
        7203       -0.52   -0.459658  0.00148208
        7204       -0.36   -0.459645  0.00148194
        7205       -0.52   -0.459653  0.00148176
        7206       -0.44    -0.45965  0.00148156
        7207       -0.36   -0.459636  0.00148142
        7208        -0.2     -0.4596  0.00148165
        7209       -0.36   -0.459587  0.00148151
        7210        -0.6   -0.459606  0.00148143
        7211       -0.36   -0.459592  0.00148129
        7212        -0.6   -0.459612  0.00148121
        7213        -0.6   -0.459631  0.00148113
        7214       -0.44   -0.459629  0.00148093
        7215       -0.44   -0.459626  0.00148073
        7216       -0.36   -0.459612  0.00148059
        7217        -0.6   -0.459631  0.00148051
        7218       -0.52    -0.45964  0.00148033
        7219       -0.68    -0.45967  0.00148044
        7220        -0.6    -0.45969  0.00148036
        7221       -0.68    -0.45972  0.00148047
        7222       -0.52   -0.459729  0.00148029
        7223        -0.6   -0.459748  0.00148021
        7224       -0.44   -0.459745  0.00148001
        7225        -0.6   -0.459765  0.00147993
        7226        -0.6   -0.459784  0.00147985
        7227        -0.6   -0.459804  0.00147978
        7228       -0.36    -0.45979  0.00147964
        7229       -0.52   -0.459798  0.00147945
        7230       -0.52   -0.459806  0.00147927
        7231       -0.36   -0.459793  0.00147913
        7232       -0.52   -0.459801  0.00147895
        7233       -0.44   -0.459798  0.00147875
        7234       -0.44   -0.459795  0.00147855
        7235       -0.36   -0.459782  0.00147841
        7236       -0.44   -0.459779  0.00147821
        7237       -0.52   -0.459787  0.00147803
        7238       -0.44   -0.459784  0.00147782
        7239       -0.44   -0.459782  0.00147762
        7240       -0.36   -0.459768  0.00147748
        7241       -0.28   -0.459743  0.00147749
        7242       -0.44    -0.45974  0.00147729
        7243       -0.52   -0.459749   0.0014771
        7244       -0.44   -0.459746   0.0014769
        7245       -0.52   -0.459754  0.00147672
        7246        -0.2   -0.459718  0.00147695
        7247       -0.44   -0.459716  0.00147675
        7248        -0.6   -0.459735  0.00147668
        7249       -0.52   -0.459743   0.0014765
        7250       -0.28   -0.459719   0.0014765
        7251       -0.36   -0.459705  0.00147636
        7252       -0.28    -0.45968  0.00147636
        7253       -0.44   -0.459677  0.00147616
        7254       -0.52   -0.459686  0.00147598
        7255       -0.44   -0.459683  0.00147578
        7256       -0.36   -0.459669  0.00147564
        7257       -0.52   -0.459678  0.00147546
        7258       -0.36   -0.459664  0.00147532
        7259       -0.28   -0.459639  0.00147533
        7260        -0.6   -0.459658  0.00147525
        7261       -0.44   -0.459656  0.00147505
        7262       -0.36   -0.459642  0.00147491
        7263       -0.44   -0.459639  0.00147471
        7264       -0.52   -0.459648  0.00147453
        7265        -0.2   -0.459612  0.00147476
        7266       -0.44   -0.459609  0.00147456
        7267       -0.44   -0.459606  0.00147436
        7268       -0.36   -0.459593  0.00147422
        7269       -0.52   -0.459601  0.00147404
        7270       -0.44   -0.459598  0.00147384
        7271        -0.6   -0.459618  0.00147377
        7272       -0.44   -0.459615  0.00147357
        7273       -0.36   -0.459601  0.00147343
        7274       -0.44   -0.459599  0.00147323
        7275       -0.44   -0.459596  0.00147303
        7276       -0.28   -0.459571  0.00147303
        7277       -0.44   -0.459569  0.00147283
        7278       -0.44   -0.459566  0.00147263
        7279       -0.36   -0.459552  0.00147249
        7280       -0.44   -0.459549  0.00147229
        7281        -0.6   -0.459569  0.00147222
        7282       -0.44   -0.459566  0.00147202
        7283       -0.52   -0.459574  0.00147184
        7284       -0.76   -0.459616  0.00147221
        7285       -0.68   -0.459646  0.00147232
        7286       -0.28   -0.459621  0.00147233
        7287       -0.52   -0.459629  0.00147215
        7288       -0.52   -0.459638  0.00147197
        7289       -0.36   -0.459624  0.00147183
        7290        -0.6   -0.459643  0.00147176
        7291        -0.6   -0.459663  0.00147168
        7292       -0.68   -0.459693  0.00147179
        7293       -0.28   -0.459668  0.00147179
        7294       -0.52   -0.459676  0.00147161
        7295       -0.68   -0.459707  0.00147172
        7296       -0.44   -0.459704  0.00147152
        7297        -0.6   -0.459723  0.00147145
        7298       -0.36    -0.45971  0.00147131
        7299       -0.52   -0.459718  0.00147113
        7300        -0.6   -0.459737  0.00147105
        7301        -0.6   -0.459756  0.00147098
        7302       -0.36   -0.459743  0.00147084
        7303       -0.44    -0.45974  0.00147064
        7304       -0.28   -0.459715  0.00147065
        7305        -0.2    -0.45968  0.00147087
        7306       -0.44   -0.459677  0.00147067
        7307       -0.36   -0.459663  0.00147054
        7308       -0.52   -0.459672  0.00147036
        7309        -0.6   -0.459691  0.00147028
        7310       -0.52   -0.459699   0.0014701
        7311       -0.44   -0.459696  0.00146991
        7312       -0.52   -0.459705  0.00146973
        7313       -0.36   -0.459691  0.00146959
        7314       -0.28   -0.459666   0.0014696
        7315       -0.52   -0.459675  0.00146942
        7316       -0.52   -0.459683  0.00146924
        7317        -0.6   -0.459702  0.00146916
        7318       -0.52    -0.45971  0.00146899
        7319       -0.52   -0.459719  0.00146881
        7320       -0.52   -0.459727  0.00146863
        7321       -0.52   -0.459735  0.00146845
        7322        -0.2     -0.4597  0.00146868
        7323       -0.44   -0.459697  0.00146848
        7324        -0.6   -0.459716  0.00146841
        7325        -0.6   -0.459735  0.00146833
        7326       -0.44   -0.459732  0.00146813
        7327       -0.52   -0.459741  0.00146796
        7328       -0.36   -0.459727  0.00146782
        7329       -0.44   -0.459724  0.00146762
        7330        -0.6   -0.459744  0.00146755
        7331       -0.44   -0.459741  0.00146735
        7332        -0.6    -0.45976  0.00146727
        7333       -0.68    -0.45979  0.00146738
        7334        -0.6   -0.459809   0.0014673
        7335       -0.44   -0.459806  0.00146711
        7336       -0.28   -0.459782  0.00146711
        7337       -0.52    -0.45979  0.00146694
        7338       -0.44   -0.459787  0.00146674
        7339       -0.28   -0.459763  0.00146674
        7340       -0.28   -0.459738  0.00146675
        7341        -0.6   -0.459758  0.00146667
        7342       -0.44   -0.459755  0.00146647
        7343       -0.36   -0.459741  0.00146634
        7344       -0.52   -0.459749  0.00146616
        7345        -0.6   -0.459769  0.00146609
        7346       -0.52   -0.459777  0.00146591
        7347       -0.36   -0.459763  0.00146577
        7348       -0.28   -0.459739  0.00146578
        7349       -0.28   -0.459714  0.00146578
        7350       -0.28    -0.45969  0.00146579
        7351       -0.28   -0.459665  0.00146579
        7352       -0.36   -0.459652  0.00146565
        7353       -0.28   -0.459627  0.00146566
        7354       -0.52   -0.459636  0.00146548
        7355       -0.68   -0.459666  0.00146559
        7356        -0.6   -0.459685  0.00146551
        7357       -0.68   -0.459715  0.00146562
        7358       -0.44   -0.459712  0.00146542
        7359        -0.6   -0.459731  0.00146535
        7360       -0.52   -0.459739  0.00146517
        7361       -0.44   -0.459736  0.00146498
        7362        -0.2   -0.459701   0.0014652
        7363       -0.36   -0.459688  0.00146507
        7364       -0.36   -0.459674  0.00146493
        7365       -0.52   -0.459682  0.00146475
        7366        -0.6   -0.459701  0.00146468
        7367        -0.6    -0.45972   0.0014646
        7368        -0.6   -0.459739  0.00146453
        7369       -0.68   -0.459769  0.00146463
        7370       -0.52   -0.459777  0.00146446
        7371       -0.68   -0.459807  0.00146456
        7372       -0.44   -0.459805  0.00146437
        7373       -0.28    -0.45978  0.00146437
        7374       -0.52   -0.459788   0.0014642
        7375       -0.52   -0.459797  0.00146402
        7376       -0.36   -0.459783  0.00146388
        7377       -0.36    -0.45977  0.00146375
        7378       -0.52   -0.459778  0.00146357
        7379       -0.52   -0.459786   0.0014634
        7380        -0.6   -0.459805  0.00146332
        7381        -0.6   -0.459824  0.00146325
        7382       -0.52   -0.459832  0.00146307
        7383       -0.52    -0.45984   0.0014629
        7384        -0.6   -0.459859  0.00146282
        7385        -0.6   -0.459878  0.00146275
        7386       -0.36   -0.459865  0.00146261
        7387       -0.52   -0.459873  0.00146244
        7388       -0.52   -0.459881  0.00146226
        7389       -0.36   -0.459867  0.00146212
        7390       -0.44   -0.459865  0.00146193
        7391       -0.44   -0.459862  0.00146173
        7392       -0.52    -0.45987  0.00146156
        7393       -0.44   -0.459867  0.00146136
        7394       -0.44   -0.459865  0.00146117
        7395       -0.28    -0.45984  0.00146117
        7396       -0.52   -0.459849    0.001461
        7397       -0.44   -0.459846   0.0014608
        7398       -0.44   -0.459843  0.00146061
        7399       -0.36    -0.45983  0.00146047
        7400       -0.52   -0.459838   0.0014603
        7401       -0.44   -0.459835   0.0014601
        7402       -0.52   -0.459843  0.00145993
        7403       -0.76   -0.459884   0.0014603
        7404       -0.76   -0.459924  0.00146066
        7405       -0.52   -0.459932  0.00146049
        7406       -0.52   -0.459941  0.00146031
        7407       -0.36   -0.459927  0.00146018
        7408        -0.6   -0.459946   0.0014601
        7409        -0.6   -0.459965  0.00146003
        7410       -0.44   -0.459962  0.00145983
        7411       -0.52    -0.45997  0.00145966
        7412        -0.6   -0.459989  0.00145958
        7413       -0.28   -0.459965  0.00145959
        7414       -0.36   -0.459951  0.00145945
        7415       -0.36   -0.459938  0.00145932
        7416       -0.28   -0.459914  0.00145932
        7417       -0.36     -0.4599  0.00145919
        7418       -0.28   -0.459876  0.00145919
        7419       -0.12    -0.45983  0.00145972
        7420       -0.28   -0.459806  0.00145972
        7421       -0.36   -0.459792  0.00145959
        7422       -0.28   -0.459768  0.00145959
        7423       -0.28   -0.459744  0.00145959
        7424        -0.6   -0.459763  0.00145952
        7425       -0.76   -0.459803  0.00145988
        7426       -0.28   -0.459779  0.00145989
        7427       -0.44   -0.459776  0.00145969
        7428       -0.52   -0.459785  0.00145952
        7429       -0.52   -0.459793  0.00145935
        7430       -0.28   -0.459769  0.00145935
        7431       -0.44   -0.459766  0.00145916
        7432       -0.28   -0.459742  0.00145916
        7433        -0.6   -0.459761  0.00145909
        7434       -0.68    -0.45979  0.00145919
        7435       -0.52   -0.459798  0.00145902
        7436        -0.6   -0.459817  0.00145894
        7437       -0.44   -0.459814  0.00145875
        7438       -0.44   -0.459812  0.00145855
        7439       -0.68   -0.459841  0.00145866
        7440       -0.28   -0.459817  0.00145866
        7441       -0.44   -0.459815  0.00145847
        7442       -0.28    -0.45979  0.00145847
        7443       -0.36   -0.459777  0.00145834
        7444       -0.28   -0.459753  0.00145834
        7445       -0.52   -0.459761  0.00145817
        7446       -0.28   -0.459737  0.00145817
        7447       -0.28   -0.459713  0.00145818
        7448        -0.6   -0.459731   0.0014581
        7449       -0.52    -0.45974  0.00145793
        7450       -0.36   -0.459726   0.0014578
        7451       -0.44   -0.459724   0.0014576
        7452       -0.36    -0.45971  0.00145747
        7453       -0.68    -0.45974  0.00145757
        7454       -0.36   -0.459726  0.00145744
        7455       -0.36   -0.459713   0.0014573
        7456       -0.52   -0.459721  0.00145713
        7457       -0.44   -0.459718  0.00145694
        7458        -0.2   -0.459684  0.00145716
        7459       -0.36    -0.45967  0.00145703
        7460       -0.44   -0.459668  0.00145683
        7461       -0.28   -0.459643  0.00145684
        7462       -0.52   -0.459652  0.00145666
        7463       -0.44   -0.459649  0.00145647
        7464       -0.52   -0.459657   0.0014563
        7465        -0.6   -0.459676  0.00145622
        7466       -0.68   -0.459705  0.00145633
        7467       -0.68   -0.459735  0.00145643
        7468       -0.68   -0.459764  0.00145654
        7469       -0.68   -0.459794  0.00145664
        7470       -0.44   -0.459791  0.00145645
        7471       -0.52   -0.459799  0.00145627
        7472        -0.6   -0.459818   0.0014562
        7473       -0.36   -0.459805  0.00145607
        7474       -0.28   -0.459781  0.00145607
        7475        -0.6   -0.459799    0.001456
        7476       -0.36   -0.459786  0.00145586
        7477       -0.36   -0.459773  0.00145573
        7478       -0.52   -0.459781  0.00145556
        7479       -0.44   -0.459778  0.00145536
        7480       -0.52   -0.459786  0.00145519
        7481       -0.44   -0.459783    0.001455
        7482       -0.44   -0.459781  0.00145481
        7483       -0.36   -0.459767  0.00145467
        7484       -0.44   -0.459765  0.00145448
        7485       -0.44   -0.459762  0.00145429
        7486       -0.36   -0.459749  0.00145416
        7487        -0.6   -0.459768  0.00145408
        7488       -0.68   -0.459797  0.00145419
        7489       -0.44   -0.459794    0.001454
        7490       -0.68   -0.459824   0.0014541
        7491        -0.6   -0.459842  0.00145402
        7492       -0.52   -0.459851  0.00145385
        7493        -0.6   -0.459869  0.00145378
        7494       -0.52   -0.459877  0.00145361
        7495       -0.44   -0.459875  0.00145342
        7496       -0.36   -0.459861  0.00145328
        7497       -0.36   -0.459848  0.00145315
        7498       -0.68   -0.459877  0.00145325
        7499       -0.36   -0.459864  0.00145312
        7500       -0.28    -0.45984  0.00145312
        7501       -0.12   -0.459795  0.00145364
        7502       -0.28   -0.459771  0.00145364
        7503       -0.36   -0.459757  0.00145351
        7504       -0.52   -0.459765  0.00145334
        7505        -0.6   -0.459784  0.00145326
        7506        -0.6   -0.459803  0.00145319
        7507       -0.28   -0.459779  0.00145319
        7508       -0.36   -0.459766  0.00145306
        7509       -0.36   -0.459752  0.00145293
        7510       -0.44    -0.45975  0.00145274
        7511       -0.44   -0.459747  0.00145254
        7512       -0.52   -0.459755  0.00145237
        7513       -0.76   -0.459795  0.00145273
        7514        -0.6   -0.459814  0.00145266
        7515       -0.44   -0.459811  0.00145247
        7516       -0.52   -0.459819  0.00145229
        7517       -0.52   -0.459827  0.00145212
        7518        -0.6   -0.459846  0.00145205
        7519       -0.68   -0.459875  0.00145215
        7520        -0.6   -0.459894  0.00145208
        7521       -0.28    -0.45987  0.00145208
        7522       -0.52   -0.459878  0.00145191
        7523       -0.52   -0.459886  0.00145174
        7524       -0.52   -0.459894  0.00145157
        7525       -0.52   -0.459902   0.0014514
        7526       -0.52    -0.45991  0.00145123
        7527       -0.76    -0.45995  0.00145158
        7528       -0.36   -0.459936  0.00145145
        7529       -0.52   -0.459944  0.00145128
        7530       -0.44   -0.459942  0.00145109
        7531        -0.6    -0.45996  0.00145102
        7532       -0.52   -0.459968  0.00145084
        7533       -0.44   -0.459965  0.00145065
        7534       -0.68   -0.459995  0.00145076
        7535       -0.68   -0.460024  0.00145086
        7536       -0.76   -0.460064  0.00145121
        7537        -0.6   -0.460082  0.00145114
        7538       -0.52    -0.46009  0.00145097
        7539       -0.44   -0.460088  0.00145078
        7540        -0.6   -0.460106   0.0014507
        7541       -0.44   -0.460103  0.00145051
        7542       -0.52   -0.460111  0.00145034
        7543       -0.76   -0.460151  0.00145069
        7544       -0.44   -0.460148   0.0014505
        7545       -0.44   -0.460146  0.00145031
        7546        -0.2   -0.460111  0.00145053
        7547       -0.28   -0.460087  0.00145054
        7548       -0.44   -0.460085  0.00145035
        7549       -0.44   -0.460082  0.00145016
        7550       -0.44   -0.460079  0.00144997
        7551       -0.44   -0.460077  0.00144978
        7552       -0.68   -0.460106  0.00144988
        7553       -0.52   -0.460114  0.00144971
        7554       -0.28    -0.46009  0.00144971
        7555       -0.44   -0.460087  0.00144952
        7556       -0.52   -0.460095  0.00144935
        7557       -0.44   -0.460093  0.00144916
        7558       -0.36   -0.460079  0.00144903
        7559       -0.44   -0.460077  0.00144884
        7560       -0.44   -0.460074  0.00144865
        7561       -0.52   -0.460082  0.00144848
        7562       -0.52    -0.46009  0.00144831
        7563       -0.36   -0.460077  0.00144818
        7564       -0.52   -0.460085  0.00144801
        7565       -0.76   -0.460124  0.00144836
        7566       -0.52   -0.460132  0.00144819
        7567       -0.52    -0.46014  0.00144802
        7568       -0.52   -0.460148  0.00144785
        7569       -0.44   -0.460145  0.00144767
        7570       -0.12     -0.4601  0.00144817
        7571       -0.36   -0.460087  0.00144804
        7572       -0.28   -0.460063  0.00144804
        7573       -0.28    -0.46004  0.00144805
        7574       -0.44   -0.460037  0.00144786
        7575       -0.28   -0.460013  0.00144786
        7576       -0.28   -0.459989  0.00144787
        7577       -0.36   -0.459976  0.00144774
        7578       -0.36   -0.459963  0.00144761
        7579       -0.36    -0.45995  0.00144748
        7580       -0.44   -0.459947  0.00144729
        7581       -0.44   -0.459945   0.0014471
        7582       -0.36   -0.459931  0.00144697
        7583       -0.44   -0.459929  0.00144678
        7584       -0.44   -0.459926  0.00144659
        7585        -0.6   -0.459945  0.00144652
        7586        -0.6   -0.459963  0.00144644
        7587       -0.68   -0.459992  0.00144654
        7588       -0.68   -0.460021  0.00144664
        7589       -0.76   -0.460061  0.00144699
        7590       -0.44   -0.460058  0.00144681
        7591       -0.68   -0.460087  0.00144691
        7592       -0.44   -0.460084  0.00144672
        7593       -0.36   -0.460071  0.00144659
        7594       -0.36   -0.460058  0.00144646
        7595       -0.44   -0.460055  0.00144627
        7596       -0.52   -0.460063   0.0014461
        7597        -0.2   -0.460029  0.00144631
        7598       -0.36   -0.460016  0.00144618
        7599       -0.52   -0.460024  0.00144601
        7600       -0.44   -0.460021  0.00144583
        7601       -0.52   -0.460029  0.00144566
        7602       -0.36   -0.460016  0.00144553
        7603       -0.44   -0.460013  0.00144534
        7604       -0.44   -0.460011  0.00144515
        7605       -0.36   -0.459997  0.00144502
        7606       -0.44   -0.459995  0.00144483
        7607       -0.36   -0.459982   0.0014447
        7608       -0.36   -0.459968  0.00144457
        7609       -0.52   -0.459976  0.00144441
        7610       -0.52   -0.459984  0.00144424
        7611       -0.44   -0.459982  0.00144405
        7612       -0.52   -0.459989  0.00144388
        7613        -0.6   -0.460008  0.00144381
        7614       -0.52   -0.460016  0.00144364
        7615       -0.52   -0.460024  0.00144347
        7616       -0.36   -0.460011  0.00144334
        7617       -0.36   -0.459997  0.00144321
        7618       -0.44   -0.459995  0.00144303
        7619        -0.6   -0.460013  0.00144295
        7620       -0.36       -0.46  0.00144282
        7621        -0.2   -0.459966  0.00144304
        7622       -0.52   -0.459974  0.00144287
        7623       -0.36   -0.459961  0.00144274
        7624       -0.52   -0.459969  0.00144257
        7625       -0.44   -0.459966  0.00144239
        7626       -0.44   -0.459963   0.0014422
        7627       -0.52   -0.459971  0.00144203
        7628       -0.52   -0.459979  0.00144186
        7629       -0.52   -0.459987   0.0014417
        7630        -0.6   -0.460005  0.00144163
        7631        -0.6   -0.460024  0.00144155
        7632       -0.44   -0.460021  0.00144137
        7633       -0.44   -0.460018  0.00144118
        7634       -0.44   -0.460016  0.00144099
        7635        -0.6   -0.460034  0.00144092
        7636       -0.36   -0.460021  0.00144079
        7637       -0.44   -0.460018  0.00144061
        7638       -0.52   -0.460026  0.00144044
        7639       -0.52   -0.460034  0.00144027
        7640       -0.44   -0.460031  0.00144009
        7641       -0.52   -0.460039  0.00143992
        7642        -0.6   -0.460058  0.00143985
        7643        -0.6   -0.460076  0.00143977
        7644       -0.28   -0.460052  0.00143978
        7645       -0.28   -0.460029  0.00143978
        7646       -0.52   -0.460037  0.00143962
        7647       -0.52   -0.460044  0.00143945
        7648       -0.36   -0.460031  0.00143932
        7649       -0.36   -0.460018  0.00143919
        7650       -0.36   -0.460005  0.00143906
        7651       -0.36   -0.459992  0.00143893
        7652       -0.44    -0.45999  0.00143875
        7653       -0.52   -0.459997  0.00143858
        7654       -0.52   -0.460005  0.00143842
        7655        -0.2   -0.459971  0.00143863
        7656       -0.52   -0.459979  0.00143846
        7657       -0.52   -0.459987   0.0014383
        7658       -0.52   -0.459995  0.00143813
        7659       -0.44   -0.459992  0.00143794
        7660       -0.36   -0.459979  0.00143782
        7661       -0.52   -0.459987  0.00143765
        7662        -0.6   -0.460005  0.00143758
        7663       -0.52   -0.460013  0.00143741
        7664       -0.44    -0.46001  0.00143723
        7665       -0.36   -0.459997   0.0014371
        7666        -0.6   -0.460016  0.00143703
        7667       -0.52   -0.460023  0.00143686
        7668       -0.44   -0.460021  0.00143668
        7669       -0.28   -0.459997  0.00143668
        7670       -0.44   -0.459995  0.00143649
        7671       -0.44   -0.459992  0.00143631
        7672       -0.36   -0.459979  0.00143618
        7673       -0.28   -0.459956  0.00143619
        7674        -0.2   -0.459922   0.0014364
        7675       -0.36   -0.459909  0.00143627
        7676       -0.44   -0.459906  0.00143609
        7677       -0.44   -0.459904   0.0014359
        7678       -0.28    -0.45988   0.0014359
        7679       -0.68   -0.459909    0.001436
        7680        -0.6   -0.459927  0.00143593
        7681        -0.6   -0.459945  0.00143586
        7682       -0.52   -0.459953   0.0014357
        7683        -0.6   -0.459971  0.00143562
        7684       -0.52   -0.459979  0.00143546
        7685       -0.52   -0.459987  0.00143529
        7686       -0.44   -0.459984  0.00143511
        7687       -0.52   -0.459992  0.00143494
        7688       -0.44    -0.45999  0.00143476
        7689       -0.44   -0.459987  0.00143458
        7690        -0.6   -0.460005   0.0014345
        7691       -0.52   -0.460013  0.00143434
        7692       -0.68   -0.460042  0.00143444
        7693       -0.52   -0.460049  0.00143427
        7694       -0.68   -0.460078  0.00143437
        7695       -0.52   -0.460086  0.00143421
        7696        -0.6   -0.460104  0.00143413
        7697       -0.52   -0.460112  0.00143397
        7698       -0.44   -0.460109  0.00143379
        7699       -0.52   -0.460117  0.00143362
        7700       -0.36   -0.460104  0.00143349
        7701       -0.44   -0.460101  0.00143331
        7702        -0.6   -0.460119  0.00143324
        7703       -0.44   -0.460117  0.00143305
        7704        -0.6   -0.460135  0.00143298
        7705       -0.52   -0.460143  0.00143282
        7706        -0.6   -0.460161  0.00143275
        7707        -0.6   -0.460179  0.00143268
        7708       -0.52   -0.460187  0.00143251
        7709       -0.76   -0.460226  0.00143285
        7710        -0.6   -0.460244  0.00143278
        7711       -0.52   -0.460252  0.00143262
        7712       -0.44   -0.460249  0.00143243
        7713       -0.44   -0.460246  0.00143225
        7714        -0.2   -0.460213  0.00143246
        7715       -0.28   -0.460189  0.00143247
        7716       -0.36   -0.460176  0.00143234
        7717       -0.28   -0.460153  0.00143235
        7718        -0.2   -0.460119  0.00143256
        7719       -0.28   -0.460096  0.00143256
        7720       -0.36   -0.460083  0.00143243
        7721       -0.44    -0.46008  0.00143225
        7722       -0.52   -0.460088  0.00143209
        7723       -0.44   -0.460085   0.0014319
        7724       -0.44   -0.460083  0.00143172
        7725       -0.44    -0.46008  0.00143154
        7726       -0.44   -0.460078  0.00143135
        7727       -0.36   -0.460065  0.00143123
        7728       -0.44   -0.460062  0.00143104
        7729       -0.52    -0.46007  0.00143088
        7730       -0.44   -0.460067   0.0014307
        7731       -0.44   -0.460065  0.00143051
        7732       -0.28   -0.460041  0.00143052
        7733       -0.44   -0.460039  0.00143034
        7734        -0.6   -0.460057  0.00143027
        7735        -0.6   -0.460075   0.0014302
        7736       -0.44   -0.460072  0.00143001
        7737       -0.44    -0.46007  0.00142983
        7738       -0.36   -0.460057   0.0014297
        7739       -0.44   -0.460054  0.00142952
        7740       -0.04       -0.46  0.00143037
        7741       -0.52   -0.460008   0.0014302
        7742       -0.52   -0.460015  0.00143004
        7743       -0.36   -0.460003  0.00142991
        7744       -0.36    -0.45999  0.00142979
        7745       -0.28   -0.459966  0.00142979
        7746       -0.36   -0.459954  0.00142967
        7747       -0.36   -0.459941  0.00142954
        7748       -0.28   -0.459917  0.00142954
        7749       -0.44   -0.459915  0.00142936
        7750        -0.2   -0.459881  0.00142957
        7751       -0.44   -0.459879  0.00142939
        7752       -0.52   -0.459886  0.00142922
        7753       -0.44   -0.459884  0.00142904
        7754       -0.52   -0.459892  0.00142888
        7755       -0.68    -0.45992  0.00142898
        7756       -0.68   -0.459948  0.00142907
        7757       -0.52   -0.459956  0.00142891
        7758       -0.52   -0.459964  0.00142875
        7759       -0.52   -0.459972  0.00142858
        7760        -0.6    -0.45999  0.00142851
        7761       -0.44   -0.459987  0.00142833
        7762       -0.28   -0.459964  0.00142834
        7763       -0.44   -0.459961  0.00142815
        7764       -0.28   -0.459938  0.00142816
        7765       -0.52   -0.459946    0.001428
        7766       -0.44   -0.459943  0.00142781
        7767        -0.6   -0.459961  0.00142774
        7768        -0.6   -0.459979  0.00142767
        7769       -0.44   -0.459977  0.00142749
        7770       -0.44   -0.459974  0.00142731
        7771       -0.44   -0.459972  0.00142713
        7772       -0.44   -0.459969  0.00142695
        7773       -0.44   -0.459967  0.00142677
        7774       -0.36   -0.459954  0.00142664
        7775       -0.52   -0.459961  0.00142648
        7776        -0.6   -0.459979  0.00142641
        7777       -0.52   -0.459987  0.00142625
        7778       -0.52   -0.459995  0.00142608
        7779       -0.36   -0.459982  0.00142596
        7780       -0.52    -0.45999   0.0014258
        7781       -0.68   -0.460018  0.00142589
        7782        -0.6   -0.460036  0.00142582
        7783       -0.44   -0.460033  0.00142564
        7784       -0.52   -0.460041  0.00142548
        7785       -0.52   -0.460049  0.00142532
        7786       -0.52   -0.460057  0.00142516
        7787       -0.44   -0.460054  0.00142498
        7788       -0.44   -0.460051   0.0014248
        7789       -0.36   -0.460039  0.00142467
        7790       -0.36   -0.460026  0.00142455
        7791       -0.52   -0.460033  0.00142438
        7792        -0.2       -0.46  0.00142459
        7793        -0.2   -0.459967   0.0014248
        7794       -0.52   -0.459974  0.00142464
        7795       -0.44   -0.459972  0.00142446
        7796       -0.52   -0.459979  0.00142429
        7797       -0.44   -0.459977  0.00142411
        7798       -0.52   -0.459985  0.00142395
        7799       -0.44   -0.459982  0.00142377
        7800       -0.28   -0.459959  0.00142378
        7801       -0.44   -0.459956   0.0014236
        7802       -0.44   -0.459954  0.00142342
        7803       -0.36   -0.459941  0.00142329
        7804        -0.6   -0.459959  0.00142322
        7805       -0.52   -0.459967  0.00142306
        7806       -0.52   -0.459974   0.0014229
        7807       -0.52   -0.459982  0.00142274
        7808        -0.6       -0.46  0.00142267
        7809       -0.68   -0.460028  0.00142277
        7810       -0.76   -0.460067   0.0014231
        7811       -0.52   -0.460074  0.00142294
        7812       -0.44   -0.460072  0.00142276
        7813       -0.12   -0.460028  0.00142324
        7814       -0.44   -0.460026  0.00142306
        7815       -0.36   -0.460013  0.00142294
        7816       -0.44    -0.46001  0.00142276
        7817       -0.44   -0.460008  0.00142258
        7818       -0.28   -0.459985  0.00142258
        7819       -0.52   -0.459992  0.00142242
        7820       -0.44    -0.45999  0.00142224
        7821       -0.36   -0.459977  0.00142212
        7822       -0.52   -0.459985  0.00142196
        7823       -0.44   -0.459982  0.00142178
        7824       -0.36   -0.459969  0.00142165
        7825       -0.44   -0.459967  0.00142147
        7826       -0.52   -0.459974  0.00142131
        7827       -0.52   -0.459982  0.00142115
        7828       -0.52    -0.45999  0.00142099
        7829        -0.6   -0.460008  0.00142092
        7830       -0.36   -0.459995   0.0014208
        7831       -0.36   -0.459982  0.00142067
        7832       -0.44    -0.45998   0.0014205
        7833       -0.28   -0.459957   0.0014205
        7834       -0.52   -0.459964  0.00142034
        7835       -0.52   -0.459972  0.00142018
        7836        -0.2   -0.459939  0.00142039
        7837        -0.2   -0.459906  0.00142059
        7838       -0.28   -0.459883   0.0014206
        7839       -0.28    -0.45986   0.0014206
        7840       -0.52   -0.459867  0.00142044
        7841       -0.52   -0.459875  0.00142028
        7842       -0.76   -0.459913  0.00142061
        7843       -0.44   -0.459911  0.00142043
        7844       -0.44   -0.459908  0.00142026
        7845       -0.52   -0.459916  0.00142009
        7846       -0.52   -0.459924  0.00141993
        7847        -0.6   -0.459941  0.00141987
        7848        -0.6   -0.459959   0.0014198
        7849       -0.44   -0.459957  0.00141962
        7850        -0.2   -0.459924  0.00141982
        7851       -0.36   -0.459911   0.0014197
        7852       -0.52   -0.459918  0.00141954
        7853        -0.6   -0.459936  0.00141947
        7854       -0.44   -0.459934  0.00141929
        7855       -0.68   -0.459962  0.00141939
        7856       -0.44   -0.459959  0.00141921
        7857       -0.44   -0.459957  0.00141903
        7858        -0.6   -0.459975  0.00141896
        7859        -0.6   -0.459992  0.00141889
        7860        -0.6    -0.46001  0.00141883
        7861       -0.44   -0.460008  0.00141865
        7862       -0.44   -0.460005  0.00141847
        7863       -0.52   -0.460013  0.00141831
        7864       -0.44    -0.46001  0.00141813
        7865       -0.44   -0.460008  0.00141795
        7866       -0.12   -0.459964  0.00141843
        7867       -0.44   -0.459962  0.00141825
        7868       -0.52   -0.459969  0.00141809
        7869       -0.68   -0.459997  0.00141819
        7870       -0.36   -0.459985  0.00141807
        7871       -0.44   -0.459982  0.00141789
        7872       -0.52    -0.45999  0.00141773
        7873       -0.52   -0.459997  0.00141757
        7874        -0.6   -0.460015   0.0014175
        7875       -0.68   -0.460043   0.0014176
        7876       -0.52   -0.460051  0.00141744
        7877       -0.36   -0.460038  0.00141731
        7878       -0.28   -0.460015  0.00141732
        7879       -0.44   -0.460013  0.00141714
        7880       -0.36       -0.46  0.00141702
        7881       -0.52   -0.460008  0.00141686
        7882       -0.44   -0.460005  0.00141668
        7883       -0.36   -0.459992  0.00141656
        7884       -0.36    -0.45998  0.00141643
        7885       -0.52   -0.459987  0.00141627
        7886        -0.6   -0.460005  0.00141621
        7887       -0.44   -0.460003  0.00141603
        7888       -0.44       -0.46  0.00141585
        7889       -0.44   -0.459997  0.00141567
        7890       -0.44   -0.459995   0.0014155
        7891       -0.36   -0.459982  0.00141537
        7892       -0.52    -0.45999  0.00141522
        7893       -0.52   -0.459997  0.00141506
        7894       -0.52   -0.460005   0.0014149
        7895       -0.68   -0.460033  0.00141499
        7896       -0.44    -0.46003  0.00141482
        7897       -0.36   -0.460018  0.00141469
        7898        -0.6   -0.460035  0.00141463
        7899       -0.52   -0.460043  0.00141447
        7900       -0.12       -0.46  0.00141494
        7901        -0.2   -0.459967  0.00141515
        7902       -0.44   -0.459965  0.00141497
        7903       -0.36   -0.459952  0.00141485
        7904       -0.52    -0.45996  0.00141469
        7905       -0.44   -0.459957  0.00141451
        7906       -0.36   -0.459944  0.00141439
        7907       -0.36   -0.459932  0.00141427
        7908       -0.44   -0.459929  0.00141409
        7909       -0.28   -0.459906  0.00141409
        7910       -0.36   -0.459894  0.00141397
        7911       -0.44   -0.459891   0.0014138
        7912        -0.2   -0.459858    0.001414
        7913       -0.28   -0.459836    0.001414
        7914       -0.44   -0.459833  0.00141383
        7915       -0.36   -0.459821   0.0014137
        7916       -0.36   -0.459808  0.00141358
        7917       -0.52   -0.459816  0.00141342
        7918       -0.44   -0.459813  0.00141325
        7919        -0.2    -0.45978  0.00141345
        7920       -0.36   -0.459768  0.00141333
        7921       -0.44   -0.459765  0.00141315
        7922       -0.44   -0.459763  0.00141297
        7923       -0.44    -0.45976   0.0014128
        7924       -0.44   -0.459758  0.00141262
        7925       -0.28   -0.459735  0.00141263
        7926       -0.44   -0.459733  0.00141245
        7927       -0.68    -0.45976  0.00141255
        7928       -0.68   -0.459788  0.00141264
        7929       -0.44   -0.459786  0.00141246
        7930        -0.6   -0.459803   0.0014124
        7931       -0.52   -0.459811  0.00141224
        7932        -0.6   -0.459829  0.00141217
        7933       -0.52   -0.459836  0.00141201
        7934       -0.44   -0.459834  0.00141184
        7935       -0.36   -0.459821  0.00141172
        7936       -0.36   -0.459808  0.00141159
        7937       -0.44   -0.459806  0.00141142
        7938       -0.44   -0.459803  0.00141124
        7939       -0.28   -0.459781  0.00141125
        7940        -0.6   -0.459798  0.00141118
        7941        -0.6   -0.459816  0.00141111
        7942        -0.6   -0.459834  0.00141105
        7943       -0.52   -0.459841  0.00141089
        7944       -0.52   -0.459849  0.00141073
        7945       -0.44   -0.459846  0.00141056
        7946       -0.44   -0.459844  0.00141038
        7947        -0.6   -0.459862  0.00141031
        7948       -0.84   -0.459909  0.00141095
        7949        -0.6   -0.459927  0.00141088
        7950       -0.44   -0.459925   0.0014107
        7951       -0.68   -0.459952   0.0014108
        7952        -0.6    -0.45997  0.00141073
        7953        -0.6   -0.459987  0.00141066
        7954       -0.52   -0.459995  0.00141051
        7955       -0.68   -0.460023   0.0014106
        7956       -0.52    -0.46003  0.00141044
        7957       -0.68   -0.460058  0.00141054
        7958       -0.68   -0.460085  0.00141063
        7959        -0.6   -0.460103  0.00141056
        7960       -0.44   -0.460101  0.00141039
        7961       -0.52   -0.460108  0.00141023
        7962       -0.52   -0.460116  0.00141007
        7963       -0.36   -0.460103  0.00140995
        7964       -0.52    -0.46011  0.00140979
        7965       -0.52   -0.460118  0.00140964
        7966        -0.6   -0.460136  0.00140957
        7967       -0.28   -0.460113  0.00140957
        7968       -0.44    -0.46011   0.0014094
        7969       -0.44   -0.460108  0.00140923
        7970        -0.6   -0.460125  0.00140916
        7971       -0.44   -0.460123  0.00140898
        7972       -0.36    -0.46011  0.00140886
        7973       -0.28   -0.460088  0.00140887
        7974       -0.52   -0.460095  0.00140871
        7975       -0.52   -0.460103  0.00140855
        7976       -0.52    -0.46011   0.0014084
        7977        -0.6   -0.460128  0.00140833
        7978        -0.6   -0.460145  0.00140826
        7979       -0.52   -0.460153  0.00140811
        7980       -0.44    -0.46015  0.00140793
        7981       -0.12   -0.460108   0.0014084
        7982        -0.2   -0.460075   0.0014086
        7983       -0.36   -0.460063  0.00140848
        7984       -0.52    -0.46007  0.00140832
        7985       -0.44   -0.460068  0.00140815
        7986       -0.52   -0.460075  0.00140799
        7987       -0.44   -0.460073  0.00140782
        7988        -0.6    -0.46009  0.00140775
        7989       -0.44   -0.460088  0.00140758
        7990       -0.36   -0.460075  0.00140746
        7991       -0.28   -0.460053  0.00140746
        7992       -0.36    -0.46004  0.00140734
        7993       -0.52   -0.460048  0.00140719
        7994       -0.28   -0.460025  0.00140719
        7995       -0.36   -0.460013  0.00140707
        7996       -0.44    -0.46001   0.0014069
        7997       -0.52   -0.460018  0.00140674
        7998       -0.52   -0.460025  0.00140658
        7999       -0.52   -0.460033  0.00140643
        8000       -0.52    -0.46004  0.00140627
        8001       -0.68   -0.460067  0.00140636
        8002       -0.52   -0.460075  0.00140621
        8003       -0.52   -0.460082  0.00140605
        8004       -0.28    -0.46006  0.00140606
        8005       -0.28   -0.460037  0.00140606
        8006       -0.36   -0.460025  0.00140594
        8007       -0.44   -0.460022  0.00140577
        8008       -0.36    -0.46001  0.00140565
        8009       -0.52   -0.460017  0.00140549
        8010       -0.68   -0.460045  0.00140559
        8011       -0.52   -0.460052  0.00140543
        8012        -0.6    -0.46007  0.00140536
        8013       -0.68   -0.460097  0.00140546
        8014       -0.52   -0.460105   0.0014053
        8015       -0.68   -0.460132  0.00140539
        8016        -0.6    -0.46015  0.00140533
        8017       -0.28   -0.460127  0.00140533
        8018       -0.52   -0.460135  0.00140517
        8019        -0.6   -0.460152  0.00140511
        8020       -0.52    -0.46016  0.00140495
        8021       -0.36   -0.460147  0.00140483
        8022       -0.36   -0.460135  0.00140471
        8023       -0.36   -0.460122  0.00140459
        8024        -0.6    -0.46014  0.00140453
        8025       -0.44   -0.460137  0.00140435
        8026       -0.44   -0.460135  0.00140418
        8027       -0.52   -0.460142  0.00140403
        8028       -0.68   -0.460169  0.00140412
        8029        -0.6   -0.460187  0.00140405
        8030       -0.44   -0.460184  0.00140388
        8031       -0.52   -0.460192  0.00140372
        8032       -0.52   -0.460199  0.00140357
        8033       -0.52   -0.460207  0.00140341
        8034       -0.36   -0.460194  0.00140329
        8035       -0.36   -0.460182  0.00140317
        8036       -0.36   -0.460169  0.00140306
        8037        -0.2   -0.460137  0.00140325
        8038       -0.44   -0.460134  0.00140308
        8039       -0.36   -0.460122  0.00140296
        8040       -0.36   -0.460109  0.00140284
        8041       -0.52   -0.460117  0.00140269
        8042       -0.52   -0.460124  0.00140253
        8043        -0.6   -0.460142  0.00140247
        8044       -0.68   -0.460169  0.00140256
        8045       -0.68   -0.460196  0.00140265
        8046       -0.76   -0.460234  0.00140297
        8047        -0.6   -0.460251   0.0014029
        8048       -0.52   -0.460258  0.00140275
        8049       -0.28   -0.460236  0.00140275
        8050       -0.52   -0.460243   0.0014026
        8051       -0.44   -0.460241  0.00140243
        8052       -0.28   -0.460219  0.00140243
        8053       -0.36   -0.460206  0.00140231
        8054       -0.36   -0.460194  0.00140219
        8055       -0.44   -0.460191  0.00140202
        8056       -0.52   -0.460199  0.00140187
        8057        -0.2   -0.460166  0.00140207
        8058        -0.6   -0.460184    0.001402
        8059       -0.44   -0.460181  0.00140183
        8060       -0.52   -0.460189  0.00140167
        8061       -0.28   -0.460166  0.00140168
        8062       -0.44   -0.460164  0.00140151
        8063       -0.52   -0.460171  0.00140135
        8064       -0.44   -0.460169  0.00140118
        8065       -0.52   -0.460176  0.00140103
        8066        -0.6   -0.460193  0.00140096
        8067       -0.52   -0.460201  0.00140081
        8068       -0.36   -0.460188  0.00140069
        8069       -0.44   -0.460186  0.00140052
        8070       -0.44   -0.460183  0.00140035
        8071       -0.36   -0.460171  0.00140023
        8072       -0.28   -0.460149  0.00140023
        8073       -0.36   -0.460136  0.00140011
        8074       -0.36   -0.460124  0.00139999
        8075       -0.44   -0.460121  0.00139982
        8076       -0.52   -0.460129  0.00139967
        8077       -0.36   -0.460116  0.00139955
        8078       -0.36   -0.460104  0.00139943
        8079       -0.36   -0.460092  0.00139931
        8080       -0.44   -0.460089  0.00139914
        8081        -0.6   -0.460106  0.00139908
        8082        -0.6   -0.460124  0.00139901
        8083       -0.44   -0.460121  0.00139884
        8084       -0.44   -0.460119  0.00139867
        8085       -0.28   -0.460096  0.00139867
        8086       -0.44   -0.460094   0.0013985
        8087       -0.36   -0.460082  0.00139838
        8088       -0.52   -0.460089  0.00139823
        8089       -0.28   -0.460067  0.00139824
        8090       -0.76   -0.460104  0.00139855
        8091       -0.68   -0.460131  0.00139865
        8092       -0.52   -0.460138  0.00139849
        8093       -0.68   -0.460166  0.00139858
        8094        -0.6   -0.460183  0.00139852
        8095       -0.44    -0.46018  0.00139835
        8096       -0.44   -0.460178  0.00139818
        8097       -0.44   -0.460175  0.00139801
        8098       -0.44   -0.460173  0.00139784
        8099       -0.28   -0.460151  0.00139784
        8100       -0.36   -0.460138  0.00139772
        8101        -0.2   -0.460106  0.00139792
        8102       -0.44   -0.460104  0.00139775
        8103       -0.36   -0.460091  0.00139763
        8104       -0.52   -0.460099  0.00139748
        8105       -0.36   -0.460086  0.00139736
        8106       -0.68   -0.460113  0.00139745
        8107       -0.52   -0.460121   0.0013973
        8108        -0.6   -0.460138  0.00139723
        8109       -0.68   -0.460165  0.00139732
        8110        -0.6   -0.460182  0.00139726
        8111       -0.44    -0.46018  0.00139709
        8112       -0.44   -0.460178  0.00139692
        8113       -0.36   -0.460165   0.0013968
        8114       -0.36   -0.460153  0.00139668
        8115       -0.28   -0.460131  0.00139669
        8116       -0.52   -0.460138  0.00139653
        8117       -0.28   -0.460116  0.00139654
        8118       -0.36   -0.460103  0.00139642
        8119       -0.44   -0.460101  0.00139625
        8120       -0.52   -0.460108   0.0013961
        8121       -0.44   -0.460106  0.00139593
        8122       -0.52   -0.460113  0.00139578
        8123        -0.6    -0.46013  0.00139571
        8124       -0.52   -0.460138  0.00139556
        8125       -0.68   -0.460165  0.00139565
        8126       -0.76   -0.460202  0.00139596
        8127       -0.44   -0.460199  0.00139579
        8128       -0.52   -0.460207  0.00139564
        8129       -0.44   -0.460204  0.00139547
        8130       -0.36   -0.460192  0.00139536
        8131       -0.68   -0.460219  0.00139545
        8132        -0.6   -0.460236  0.00139538
        8133       -0.44   -0.460234  0.00139521
        8134       -0.44   -0.460231  0.00139504
        8135       -0.52   -0.460238  0.00139489
        8136       -0.36   -0.460226  0.00139477
        8137       -0.36   -0.460214  0.00139465
        8138       -0.28   -0.460192  0.00139466
        8139       -0.36   -0.460179  0.00139454
        8140        -0.6   -0.460197  0.00139448
        8141       -0.44   -0.460194  0.00139431
        8142       -0.52   -0.460201  0.00139416
        8143       -0.36   -0.460189  0.00139404
        8144       -0.44   -0.460187  0.00139387
        8145       -0.52   -0.460194  0.00139372
        8146       -0.44   -0.460192  0.00139355
        8147       -0.28   -0.460169  0.00139355
        8148       -0.52   -0.460177   0.0013934
        8149       -0.52   -0.460184  0.00139325
        8150        -0.6   -0.460201  0.00139318
        8151       -0.44   -0.460199  0.00139302
        8152       -0.68   -0.460226  0.00139311
        8153        -0.6   -0.460243  0.00139304
        8154       -0.68    -0.46027  0.00139313
        8155        -0.6   -0.460287  0.00139307
        8156       -0.44   -0.460284   0.0013929
        8157       -0.52   -0.460292  0.00139274
        8158       -0.44   -0.460289  0.00139258
        8159        -0.6   -0.460306  0.00139251
        8160       -0.52   -0.460314  0.00139236
        8161       -0.36   -0.460301  0.00139224
        8162        -0.6   -0.460319  0.00139218
        8163       -0.36   -0.460306  0.00139206
        8164       -0.44   -0.460304  0.00139189
        8165       -0.44   -0.460301  0.00139173
        8166       -0.68   -0.460328  0.00139181
        8167       -0.44   -0.460326  0.00139165
        8168        -0.6   -0.460343  0.00139158
        8169       -0.28   -0.460321  0.00139159
        8170       -0.36   -0.460308  0.00139147
        8171       -0.28   -0.460286  0.00139147
        8172       -0.28   -0.460264  0.00139148
        8173        -0.2   -0.460232  0.00139167
        8174       -0.36    -0.46022  0.00139156
        8175       -0.28   -0.460198  0.00139156
        8176       -0.28   -0.460176  0.00139157
        8177       -0.44   -0.460174   0.0013914
        8178       -0.52   -0.460181  0.00139125
        8179       -0.52   -0.460188   0.0013911
        8180       -0.44   -0.460186  0.00139093
        8181       -0.52   -0.460193  0.00139078
        8182       -0.52     -0.4602  0.00139063
        8183       -0.44   -0.460198  0.00139046
        8184        -0.6   -0.460215  0.00139039
        8185       -0.36   -0.460203  0.00139028
        8186       -0.36   -0.460191  0.00139016
        8187       -0.28   -0.460169  0.00139017
        8188       -0.36   -0.460156  0.00139005
        8189        -0.6   -0.460173  0.00138999
        8190       -0.28   -0.460151  0.00138999
        8191       -0.44   -0.460149  0.00138982
        8192       -0.44   -0.460146  0.00138965
        8193       -0.68   -0.460173  0.00138974
        8194       -0.52   -0.460181  0.00138959
        8195       -0.68   -0.460207  0.00138968
        8196       -0.52   -0.460215  0.00138953
        8197       -0.68   -0.460242  0.00138962
        8198       -0.68   -0.460268  0.00138971
        8199        -0.6   -0.460285  0.00138965
        8200       -0.44   -0.460283  0.00138948
        8201        -0.6     -0.4603  0.00138941
        8202       -0.44   -0.460297  0.00138925
        8203       -0.36   -0.460285  0.00138913
        8204       -0.52   -0.460293  0.00138898
        8205        -0.6    -0.46031  0.00138892
        8206        -0.6   -0.460327  0.00138885
        8207        -0.2   -0.460295  0.00138904
        8208       -0.44   -0.460292  0.00138888
        8209       -0.44    -0.46029  0.00138871
        8210       -0.28   -0.460268  0.00138871
        8211        -0.6   -0.460285  0.00138865
        8212       -0.52   -0.460292   0.0013885
        8213       -0.52     -0.4603  0.00138835
        8214       -0.44   -0.460297  0.00138818
        8215       -0.44   -0.460295  0.00138802
        8216        -0.2   -0.460263  0.00138821
        8217       -0.52    -0.46027  0.00138806
        8218        -0.6   -0.460287  0.00138799
        8219       -0.52   -0.460294  0.00138784
        8220       -0.52   -0.460302  0.00138769
        8221       -0.52   -0.460309  0.00138754
        8222        -0.6   -0.460326  0.00138748
        8223       -0.68   -0.460353  0.00138757
        8224        -0.6    -0.46037   0.0013875
        8225       -0.44   -0.460367  0.00138734
        8226       -0.68   -0.460394  0.00138742
        8227       -0.84    -0.46044  0.00138802
        8228       -0.44   -0.460438  0.00138786
        8229       -0.52   -0.460445  0.00138771
        8230       -0.68   -0.460471  0.00138779
        8231       -0.44   -0.460469  0.00138763
        8232       -0.44   -0.460466  0.00138746
        8233       -0.28   -0.460445  0.00138747
        8234       -0.52   -0.460452  0.00138732
        8235        -0.6   -0.460469  0.00138725
        8236       -0.52   -0.460476   0.0013871
        8237        -0.6   -0.460493  0.00138704
        8238        -0.6    -0.46051  0.00138697
        8239       -0.44   -0.460507  0.00138681
        8240       -0.52   -0.460515  0.00138666
        8241       -0.28   -0.460493  0.00138666
        8242       -0.36    -0.46048  0.00138655
        8243       -0.52   -0.460488   0.0013864
        8244       -0.28   -0.460466   0.0013864
        8245       -0.36   -0.460454  0.00138629
        8246       -0.52   -0.460461  0.00138614
        8247       -0.28   -0.460439  0.00138614
        8248       -0.52   -0.460446  0.00138599
        8249       -0.44   -0.460444  0.00138583
        8250       -0.52   -0.460451  0.00138568
        8251       -0.52   -0.460458  0.00138553
        8252       -0.36   -0.460446  0.00138541
        8253       -0.28   -0.460424  0.00138542
        8254       -0.44   -0.460422  0.00138525
        8255       -0.28     -0.4604  0.00138526
        8256       -0.28   -0.460378  0.00138526
        8257       -0.36   -0.460366  0.00138515
        8258       -0.28   -0.460344  0.00138515
        8259       -0.52   -0.460351    0.001385
        8260        -0.6   -0.460368  0.00138494
        8261       -0.28   -0.460346  0.00138494
        8262       -0.44   -0.460344  0.00138478
        8263       -0.68    -0.46037  0.00138487
        8264       -0.52   -0.460378  0.00138472
        8265       -0.52   -0.460385  0.00138457
        8266        -0.6   -0.460402   0.0013845
        8267       -0.36    -0.46039  0.00138439
        8268        -0.6   -0.460406  0.00138433
        8269       -0.44   -0.460404  0.00138416
        8270       -0.52   -0.460411  0.00138401
        8271        -0.6   -0.460428  0.00138395
        8272       -0.52   -0.460435   0.0013838
        8273       -0.52   -0.460442  0.00138365
        8274       -0.28   -0.460421  0.00138365
        8275       -0.68   -0.460447  0.00138374
        8276       -0.44   -0.460445  0.00138358
        8277       -0.44   -0.460442  0.00138341
        8278       -0.52   -0.460449  0.00138326
        8279       -0.52   -0.460457  0.00138312
        8280       -0.76   -0.460493  0.00138342
        8281       -0.52     -0.4605  0.00138327
        8282       -0.36   -0.460488  0.00138316
        8283       -0.28   -0.460466  0.00138316
        8284       -0.44   -0.460464    0.001383
        8285       -0.36   -0.460451  0.00138289
        8286       -0.52   -0.460459  0.00138274
        8287       -0.28   -0.460437  0.00138274
        8288       -0.52   -0.460444  0.00138259
        8289       -0.52   -0.460451  0.00138245
        8290       -0.36   -0.460439  0.00138233
        8291       -0.52   -0.460446  0.00138218
        8292       -0.44   -0.460444  0.00138202
        8293       -0.68    -0.46047  0.00138211
        8294        -0.6   -0.460487  0.00138204
        8295       -0.44   -0.460485  0.00138188
        8296       -0.44   -0.460482  0.00138171
        8297       -0.36    -0.46047   0.0013816
        8298       -0.28   -0.460448   0.0013816
        8299       -0.44   -0.460446  0.00138144
        8300       -0.44   -0.460443  0.00138128
        8301        -0.6    -0.46046  0.00138121
        8302       -0.52   -0.460467  0.00138106
        8303       -0.36   -0.460455  0.00138095
        8304       -0.28   -0.460434  0.00138096
        8305       -0.36   -0.460421  0.00138084
        8306       -0.28     -0.4604  0.00138085
        8307        -0.6   -0.460417  0.00138078
        8308       -0.52   -0.460424  0.00138063
        8309        -0.2   -0.460392  0.00138082
        8310       -0.36    -0.46038  0.00138071
        8311       -0.36   -0.460368   0.0013806
        8312       -0.52   -0.460375  0.00138045
        8313        -0.6   -0.460392  0.00138039
        8314       -0.44    -0.46039  0.00138022
        8315       -0.36   -0.460378  0.00138011
        8316       -0.36   -0.460366     0.00138
        8317       -0.36   -0.460353  0.00137988
        8318       -0.52   -0.460361  0.00137974
        8319       -0.36   -0.460349  0.00137962
        8320       -0.44   -0.460346  0.00137946
        8321       -0.52   -0.460353  0.00137931
        8322        -0.6    -0.46037  0.00137925
        8323       -0.44   -0.460368  0.00137908
        8324       -0.28   -0.460346  0.00137909
        8325       -0.44   -0.460344  0.00137893
        8326       -0.36   -0.460331  0.00137881
        8327        -0.6   -0.460348  0.00137875
        8328       -0.68   -0.460375  0.00137884
        8329       -0.36   -0.460363  0.00137872
        8330       -0.28   -0.460341  0.00137873
        8331       -0.28   -0.460319  0.00137873
        8332       -0.52   -0.460326  0.00137859
        8333       -0.36   -0.460314  0.00137847
        8334       -0.36   -0.460302  0.00137836
        8335       -0.52    -0.46031  0.00137821
        8336        -0.6   -0.460326  0.00137815
        8337       -0.52   -0.460333    0.001378
        8338        -0.6    -0.46035  0.00137794
        8339       -0.68   -0.460377  0.00137803
        8340       -0.52   -0.460384  0.00137788
        8341        -0.6     -0.4604  0.00137782
        8342       -0.28   -0.460379  0.00137782
        8343       -0.52   -0.460386  0.00137767
        8344       -0.52   -0.460393  0.00137753
        8345        -0.6    -0.46041  0.00137746
        8346        -0.6   -0.460427   0.0013774
        8347       -0.52   -0.460434  0.00137725
        8348       -0.44   -0.460431  0.00137709
        8349        -0.6   -0.460448  0.00137703
        8350       -0.52   -0.460455  0.00137688
        8351        -0.6   -0.460472  0.00137682
        8352       -0.44   -0.460469  0.00137665
        8353       -0.44   -0.460467  0.00137649
        8354       -0.52   -0.460474  0.00137635
        8355        -0.2   -0.460443  0.00137653
        8356       -0.52    -0.46045  0.00137639
        8357       -0.52   -0.460457  0.00137624
        8358       -0.28   -0.460436  0.00137625
        8359       -0.36   -0.460423  0.00137613
        8360       -0.28   -0.460402  0.00137614
        8361        -0.2   -0.460371  0.00137633
        8362       -0.36   -0.460359  0.00137621
        8363       -0.28   -0.460337  0.00137622
        8364       -0.44   -0.460335  0.00137606
        8365       -0.44   -0.460332  0.00137589
        8366       -0.52   -0.460339  0.00137575
        8367       -0.44   -0.460337  0.00137559
        8368        -0.6   -0.460354  0.00137552
        8369        -0.6    -0.46037  0.00137546
        8370       -0.68   -0.460397  0.00137554
        8371        -0.6   -0.460413  0.00137548
        8372        -0.6    -0.46043  0.00137542
        8373       -0.44   -0.460428  0.00137526
        8374       -0.68   -0.460454  0.00137534
        8375       -0.52   -0.460461   0.0013752
        8376       -0.52   -0.460468  0.00137505
        8377       -0.52   -0.460475   0.0013749
        8378       -0.36   -0.460463  0.00137479
        8379       -0.44   -0.460461  0.00137463
        8380       -0.44   -0.460458  0.00137447
        8381        -0.2   -0.460427  0.00137466
        8382       -0.28   -0.460406  0.00137466
        8383       -0.28   -0.460384  0.00137467
        8384       -0.36   -0.460372  0.00137455
        8385       -0.36    -0.46036  0.00137444
        8386       -0.44   -0.460358  0.00137428
        8387       -0.28   -0.460336  0.00137428
        8388        -0.2   -0.460305  0.00137447
        8389       -0.28   -0.460284  0.00137447
        8390       -0.36   -0.460272  0.00137436
        8391       -0.36    -0.46026  0.00137425
        8392       -0.44   -0.460257  0.00137409
        8393       -0.36   -0.460245  0.00137398
        8394       -0.36   -0.460234  0.00137387
        8395       -0.44   -0.460231   0.0013737
        8396       -0.44   -0.460229  0.00137354
        8397       -0.52   -0.460236   0.0013734
        8398       -0.68   -0.460262  0.00137348
        8399       -0.44    -0.46026  0.00137332
        8400       -0.44   -0.460257  0.00137316
        8401       -0.52   -0.460264  0.00137302
        8402       -0.52   -0.460271  0.00137287
        8403       -0.52   -0.460278  0.00137273
        8404       -0.44   -0.460276  0.00137256
        8405       -0.36   -0.460264  0.00137245
        8406       -0.36   -0.460252  0.00137234
        8407       -0.44    -0.46025  0.00137218
        8408       -0.44   -0.460247  0.00137202
        8409        -0.6   -0.460264  0.00137196
        8410       -0.52   -0.460271  0.00137181
        8411       -0.52   -0.460278  0.00137167
        8412       -0.44   -0.460276  0.00137151
        8413       -0.44   -0.460273  0.00137135
        8414       -0.36   -0.460261  0.00137123
        8415       -0.36    -0.46025  0.00137112
        8416        -0.6   -0.460266  0.00137106
        8417       -0.52   -0.460273  0.00137092
        8418        -0.6    -0.46029  0.00137085
        8419       -0.44   -0.460287  0.00137069
        8420        -0.2   -0.460257  0.00137088
        8421       -0.36   -0.460245  0.00137077
        8422       -0.44   -0.460242  0.00137061
        8423       -0.44    -0.46024  0.00137045
        8424       -0.52   -0.460247   0.0013703
        8425        -0.6   -0.460264  0.00137024
        8426       -0.52   -0.460271   0.0013701
        8427       -0.52   -0.460278  0.00136995
        8428       -0.36   -0.460266  0.00136984
        8429       -0.28   -0.460244  0.00136985
        8430       -0.28   -0.460223  0.00136985
        8431       -0.36   -0.460211  0.00136974
        8432       -0.36   -0.460199  0.00136963
        8433        -0.6   -0.460216  0.00136957
        8434        -0.6   -0.460232   0.0013695
        8435        -0.6   -0.460249  0.00136944
        8436       -0.68   -0.460275  0.00136953
        8437       -0.36   -0.460263  0.00136942
        8438       -0.36   -0.460251  0.00136931
        8439       -0.28    -0.46023  0.00136931
        8440       -0.28   -0.460209  0.00136931
        8441       -0.36   -0.460197   0.0013692
        8442        -0.2   -0.460166  0.00136939
        8443       -0.28   -0.460144  0.00136939
        8444       -0.68   -0.460171  0.00136948
        8445       -0.76   -0.460206  0.00136978
        8446       -0.44   -0.460204  0.00136961
        8447       -0.36   -0.460192   0.0013695
        8448        -0.6   -0.460208  0.00136944
        8449       -0.52   -0.460215   0.0013693
        8450       -0.36   -0.460204  0.00136919
        8451       -0.36   -0.460192  0.00136908
        8452       -0.28    -0.46017  0.00136908
        8453       -0.28   -0.460149  0.00136908
        8454       -0.44   -0.460147  0.00136892
        8455       -0.52   -0.460154  0.00136878
        8456       -0.44   -0.460151  0.00136862
        8457       -0.44   -0.460149  0.00136846
        8458       -0.44   -0.460147   0.0013683
        8459       -0.44   -0.460144  0.00136814
        8460       -0.36   -0.460132  0.00136803
        8461        -0.6   -0.460149  0.00136797
        8462        -0.6   -0.460165  0.00136791
        8463       -0.28   -0.460144  0.00136791
        8464       -0.44   -0.460142  0.00136775
        8465       -0.36    -0.46013  0.00136764
        8466        -0.6   -0.460146  0.00136758
        8467       -0.44   -0.460144  0.00136742
        8468       -0.36   -0.460132  0.00136731
        8469       -0.44    -0.46013  0.00136715
        8470       -0.36   -0.460118  0.00136704
        8471        -0.6   -0.460135  0.00136698
        8472       -0.68   -0.460161  0.00136706
        8473        -0.6   -0.460177    0.001367
        8474       -0.68   -0.460203  0.00136709
        8475        -0.6   -0.460219  0.00136703
        8476       -0.52   -0.460227  0.00136688
        8477       -0.36   -0.460215  0.00136677
        8478        -0.2   -0.460184  0.00136696
        8479       -0.44   -0.460182   0.0013668
        8480       -0.36    -0.46017  0.00136669
        8481        -0.2   -0.460139  0.00136687
        8482       -0.12   -0.460099   0.0013673
        8483       -0.44   -0.460097  0.00136714
        8484        -0.6   -0.460113  0.00136708
        8485       -0.44   -0.460111  0.00136692
        8486       -0.52   -0.460118  0.00136677
        8487        -0.6   -0.460134  0.00136671
        8488        -0.6   -0.460151  0.00136665
        8489       -0.44   -0.460148  0.00136649
        8490        -0.6   -0.460165  0.00136643
        8491        -0.6   -0.460181  0.00136637
        8492       -0.44   -0.460179  0.00136621
        8493       -0.52   -0.460186  0.00136607
        8494       -0.76   -0.460221  0.00136636
        8495        -0.6   -0.460238   0.0013663
        8496       -0.68   -0.460264  0.00136638
        8497       -0.68    -0.46029  0.00136647
        8498       -0.76   -0.460325  0.00136676
        8499       -0.76    -0.46036  0.00136706
        8500       -0.68   -0.460386  0.00136714
        8501       -0.44   -0.460383  0.00136698
        8502       -0.44   -0.460381  0.00136682
        8503       -0.36   -0.460369  0.00136671
        8504        -0.2   -0.460339  0.00136689
        8505        -0.2   -0.460308  0.00136708
        8506       -0.52   -0.460315  0.00136693
        8507       -0.52   -0.460322  0.00136679
        8508       -0.68   -0.460348  0.00136687
        8509        -0.6   -0.460364  0.00136681
        8510       -0.28   -0.460343  0.00136682
        8511        -0.6    -0.46036  0.00136675
        8512       -0.52   -0.460367  0.00136661
        8513       -0.52   -0.460374  0.00136647
        8514        -0.6    -0.46039  0.00136641
        8515       -0.52   -0.460397  0.00136626
        8516       -0.52   -0.460404  0.00136612
        8517       -0.52   -0.460411  0.00136598
        8518       -0.36   -0.460399  0.00136587
        8519       -0.44   -0.460397  0.00136571
        8520        -0.6   -0.460413  0.00136565
        8521       -0.52    -0.46042  0.00136551
        8522       -0.36   -0.460408   0.0013654
        8523       -0.52   -0.460415  0.00136526
        8524       -0.68   -0.460441  0.00136534
        8525       -0.44   -0.460439  0.00136518
        8526       -0.52   -0.460446  0.00136504
        8527       -0.68   -0.460471  0.00136512
        8528       -0.68   -0.460497   0.0013652
        8529       -0.68   -0.460523  0.00136529
        8530       -0.52    -0.46053  0.00136514
        8531       -0.52   -0.460537    0.001365
        8532       -0.52   -0.460544  0.00136486
        8533       -0.52   -0.460551  0.00136472
        8534       -0.44   -0.460548  0.00136456
        8535       -0.36   -0.460537  0.00136445
        8536       -0.36   -0.460525  0.00136434
        8537       -0.36   -0.460513  0.00136423
        8538       -0.36   -0.460501  0.00136412
        8539       -0.36    -0.46049  0.00136401
        8540       -0.68   -0.460515   0.0013641
        8541       -0.76    -0.46055  0.00136439
        8542        -0.6   -0.460567  0.00136433
        8543       -0.36   -0.460555  0.00136422
        8544        -0.6   -0.460571  0.00136415
        8545       -0.52   -0.460578  0.00136401
        8546       -0.68   -0.460604  0.00136409
        8547        -0.6    -0.46062  0.00136403
        8548        -0.6   -0.460636  0.00136397
        8549       -0.44   -0.460634  0.00136381
        8550       -0.52   -0.460641  0.00136367
        8551       -0.52   -0.460648  0.00136353
        8552       -0.52   -0.460655  0.00136339
        8553       -0.28   -0.460634  0.00136339
        8554        -0.2   -0.460603  0.00136357
        8555       -0.36   -0.460591  0.00136346
        8556       -0.28    -0.46057  0.00136347
        8557       -0.36   -0.460559  0.00136336
        8558       -0.52   -0.460566  0.00136322
        8559       -0.52   -0.460572  0.00136308
        8560       -0.28   -0.460551  0.00136308
        8561       -0.36    -0.46054  0.00136297
        8562       -0.28   -0.460519  0.00136298
        8563       -0.52   -0.460526  0.00136283
        8564       -0.52   -0.460532  0.00136269
        8565       -0.36   -0.460521  0.00136258
        8566       -0.44   -0.460518  0.00136243
        8567       -0.28   -0.460497  0.00136243
        8568       -0.44   -0.460495  0.00136227
        8569       -0.44   -0.460492  0.00136212
        8570       -0.36   -0.460481  0.00136201
        8571       -0.44   -0.460478  0.00136185
        8572       -0.44   -0.460476  0.00136169
        8573       -0.28   -0.460455   0.0013617
        8574       -0.36   -0.460443  0.00136159
        8575       -0.52    -0.46045  0.00136145
        8576       -0.36   -0.460438  0.00136134
        8577       -0.36   -0.460427  0.00136123
        8578       -0.28   -0.460406  0.00136124
        8579       -0.52   -0.460413   0.0013611
        8580       -0.44    -0.46041  0.00136094
        8581       -0.28   -0.460389  0.00136094
        8582       -0.36   -0.460378  0.00136083
        8583       -0.36   -0.460366  0.00136073
        8584        -0.2   -0.460336  0.00136091
        8585        -0.6   -0.460352  0.00136084
        8586        -0.6   -0.460368  0.00136078
        8587       -0.44   -0.460366  0.00136063
        8588       -0.52   -0.460373  0.00136049
        8589        -0.6   -0.460389  0.00136042
        8590       -0.44   -0.460386  0.00136027
        8591       -0.52   -0.460393  0.00136013
        8592       -0.44   -0.460391  0.00135997
        8593       -0.28    -0.46037  0.00135998
        8594       -0.44   -0.460368  0.00135982
        8595       -0.36   -0.460356  0.00135971
        8596       -0.36   -0.460344   0.0013596
        8597       -0.36   -0.460333  0.00135949
        8598       -0.28   -0.460312   0.0013595
        8599       -0.36     -0.4603  0.00135939
        8600       -0.36   -0.460288  0.00135928
        8601       -0.28   -0.460267  0.00135929
        8602       -0.36   -0.460256  0.00135918
        8603       -0.44   -0.460253  0.00135902
        8604       -0.44   -0.460251  0.00135887
        8605       -0.68   -0.460277  0.00135895
        8606        -0.6   -0.460293  0.00135889
        8607       -0.44    -0.46029  0.00135873
        8608       -0.36   -0.460279  0.00135862
        8609       -0.36   -0.460267  0.00135852
        8610       -0.44   -0.460265  0.00135836
        8611       -0.36   -0.460253  0.00135825
        8612       -0.44   -0.460251   0.0013581
        8613       -0.36   -0.460239  0.00135799
        8614       -0.44   -0.460237  0.00135783
        8615       -0.36   -0.460225  0.00135773
        8616       -0.36   -0.460214  0.00135762
        8617       -0.36   -0.460202  0.00135751
        8618        -0.6   -0.460218  0.00135745
        8619       -0.36   -0.460207  0.00135734
        8620       -0.52   -0.460213   0.0013572
        8621       -0.52    -0.46022  0.00135706
        8622       -0.52   -0.460227  0.00135692
        8623        -0.6   -0.460244  0.00135686
        8624       -0.68   -0.460269  0.00135694
        8625       -0.68   -0.460294  0.00135703
        8626        -0.6   -0.460311  0.00135696
        8627        -0.6   -0.460327   0.0013569
        8628       -0.52   -0.460334  0.00135676
        8629        -0.6    -0.46035   0.0013567
        8630       -0.44   -0.460348  0.00135655
        8631       -0.52   -0.460355  0.00135641
        8632       -0.52   -0.460361  0.00135627
        8633       -0.36    -0.46035  0.00135616
        8634       -0.52   -0.460357  0.00135602
        8635       -0.52   -0.460364  0.00135588
        8636       -0.52   -0.460371  0.00135574
        8637        -0.6   -0.460387  0.00135568
        8638        -0.6   -0.460403  0.00135562
        8639       -0.36   -0.460391  0.00135552
        8640       -0.36    -0.46038  0.00135541
        8641       -0.36   -0.460368   0.0013553
        8642       -0.28   -0.460347  0.00135531
        8643       -0.44   -0.460345  0.00135515
        8644       -0.52   -0.460352  0.00135501
        8645       -0.68   -0.460377  0.00135509
        8646       -0.36   -0.460365  0.00135499
        8647       -0.44   -0.460363  0.00135483
        8648       -0.28   -0.460342  0.00135483
        8649       -0.44    -0.46034  0.00135468
        8650       -0.44   -0.460338  0.00135453
        8651       -0.44   -0.460335  0.00135437
        8652       -0.44   -0.460333  0.00135422
        8653       -0.36   -0.460321  0.00135411
        8654       -0.36    -0.46031    0.001354
        8655       -0.44   -0.460307  0.00135385
        8656       -0.44   -0.460305  0.00135369
        8657       -0.52   -0.460312  0.00135356
        8658       -0.44    -0.46031   0.0013534
        8659       -0.36   -0.460298  0.00135329
        8660       -0.36   -0.460286  0.00135319
        8661        -0.6   -0.460303  0.00135313
        8662       -0.44     -0.4603  0.00135297
        8663        -0.6   -0.460316  0.00135291
        8664        -0.6   -0.460332  0.00135285
        8665        -0.6   -0.460349  0.00135279
        8666       -0.52   -0.460355  0.00135265
        8667       -0.52   -0.460362  0.00135252
        8668       -0.36   -0.460351  0.00135241
        8669       -0.28    -0.46033  0.00135241
        8670       -0.44   -0.460328  0.00135226
        8671       -0.52   -0.460334  0.00135212
        8672       -0.44   -0.460332  0.00135197
        8673       -0.52   -0.460339  0.00135183
        8674       -0.68   -0.460364  0.00135191
        8675       -0.52   -0.460371  0.00135177
        8676       -0.28    -0.46035  0.00135178
        8677       -0.44   -0.460348  0.00135162
        8678       -0.28   -0.460327  0.00135163
        8679       -0.28   -0.460306  0.00135163
        8680       -0.28   -0.460286  0.00135163
        8681       -0.52   -0.460293   0.0013515
        8682       -0.44    -0.46029  0.00135134
        8683       -0.68   -0.460316  0.00135142
        8684        -0.6   -0.460332  0.00135136
        8685       -0.52   -0.460339  0.00135123
        8686        -0.6   -0.460355  0.00135117
        8687       -0.36   -0.460343  0.00135106
        8688       -0.44   -0.460341  0.00135091
        8689       -0.44   -0.460338  0.00135075
        8690       -0.52   -0.460345  0.00135061
        8691       -0.44   -0.460343  0.00135046
        8692       -0.52    -0.46035  0.00135032
        8693       -0.44   -0.460347  0.00135017
        8694       -0.76   -0.460382  0.00135045
        8695       -0.52   -0.460389  0.00135032
        8696       -0.36   -0.460377  0.00135021
        8697        -0.6   -0.460393  0.00135015
        8698       -0.44   -0.460391     0.00135
        8699       -0.44   -0.460389  0.00134984
        8700        -0.2   -0.460359  0.00135002
        8701        -0.6   -0.460375  0.00134996
        8702        -0.6   -0.460391   0.0013499
        8703        -0.6   -0.460407  0.00134984
        8704       -0.44   -0.460404  0.00134969
        8705       -0.52   -0.460411  0.00134955
        8706       -0.44   -0.460409   0.0013494
        8707       -0.36   -0.460397  0.00134929
        8708       -0.52   -0.460404  0.00134915
        8709       -0.44   -0.460402    0.001349
        8710       -0.52   -0.460409  0.00134886
        8711       -0.68   -0.460434  0.00134894
        8712       -0.76   -0.460468  0.00134923
        8713       -0.52   -0.460475  0.00134909
        8714       -0.52   -0.460482  0.00134895
        8715       -0.52   -0.460489  0.00134882
        8716       -0.28   -0.460468  0.00134882
        8717       -0.36   -0.460457  0.00134871
        8718       -0.28   -0.460436  0.00134872
        8719       -0.28   -0.460415  0.00134872
        8720       -0.28   -0.460394  0.00134873
        8721       -0.36   -0.460383  0.00134862
        8722       -0.52    -0.46039  0.00134848
        8723       -0.68   -0.460415  0.00134856
        8724       -0.68    -0.46044  0.00134864
        8725        -0.6   -0.460456  0.00134858
        8726       -0.44   -0.460454  0.00134843
        8727       -0.36   -0.460442  0.00134833
        8728       -0.44    -0.46044  0.00134817
        8729       -0.44   -0.460438  0.00134802
        8730       -0.44   -0.460435  0.00134787
        8731       -0.52   -0.460442  0.00134773
        8732       -0.36   -0.460431  0.00134763
        8733       -0.44   -0.460428  0.00134747
        8734       -0.36   -0.460417  0.00134737
        8735       -0.52   -0.460424  0.00134723
        8736       -0.52    -0.46043   0.0013471
        8737       -0.52   -0.460437  0.00134696
        8738       -0.36   -0.460426  0.00134685
        8739       -0.36   -0.460414  0.00134675
        8740        -0.6    -0.46043  0.00134669
        8741       -0.52   -0.460437  0.00134655
        8742       -0.44   -0.460435   0.0013464
        8743       -0.52   -0.460441  0.00134626
        8744       -0.44   -0.460439  0.00134611
        8745       -0.28   -0.460419  0.00134612
        8746       -0.44   -0.460416  0.00134596
        8747       -0.36   -0.460405  0.00134586
        8748        -0.6   -0.460421   0.0013458
        8749       -0.52   -0.460427  0.00134566
        8750        -0.6   -0.460443   0.0013456
        8751       -0.44   -0.460441  0.00134545
        8752       -0.52   -0.460448  0.00134532
        8753       -0.36   -0.460436  0.00134521
        8754       -0.52   -0.460443  0.00134507
        8755        -0.6   -0.460459  0.00134502
        8756       -0.68   -0.460484   0.0013451
        8757        -0.6     -0.4605  0.00134504
        8758        -0.6   -0.460516  0.00134498
        8759       -0.44   -0.460514  0.00134483
        8760       -0.44   -0.460511  0.00134467
        8761       -0.28   -0.460491  0.00134468
        8762       -0.44   -0.460488  0.00134453
        8763       -0.92   -0.460541   0.0013454
        8764       -0.76   -0.460575  0.00134568
        8765        -0.6   -0.460591  0.00134562
        8766        -0.6   -0.460607  0.00134556
        8767       -0.36   -0.460595  0.00134545
        8768       -0.52   -0.460602  0.00134532
        8769       -0.28   -0.460582  0.00134532
        8770       -0.52   -0.460588  0.00134518
        8771       -0.52   -0.460595  0.00134505
        8772       -0.68    -0.46062  0.00134513
        8773        -0.6   -0.460636  0.00134507
        8774        -0.6   -0.460652  0.00134501
        8775       -0.52   -0.460659  0.00134487
        8776       -0.36   -0.460647  0.00134477
        8777       -0.76   -0.460681  0.00134505
        8778        -0.6   -0.460697  0.00134499
        8779       -0.68   -0.460722  0.00134507
        8780       -0.52   -0.460729  0.00134493
        8781       -0.44   -0.460727  0.00134478
        8782       -0.44   -0.460724  0.00134463
        8783       -0.68   -0.460749  0.00134471
        8784        -0.6   -0.460765  0.00134465
        8785        -0.6   -0.460781  0.00134459
        8786       -0.44   -0.460779  0.00134444
        8787        -0.6   -0.460794  0.00134438
        8788        -0.2   -0.460765  0.00134455
        8789       -0.44   -0.460762   0.0013444
        8790       -0.44    -0.46076  0.00134425
        8791       -0.36   -0.460748  0.00134414
        8792       -0.52   -0.460755  0.00134401
        8793       -0.44   -0.460753  0.00134386
        8794        -0.6   -0.460769   0.0013438
        8795       -0.52   -0.460775  0.00134366
        8796       -0.44   -0.460773  0.00134351
        8797       -0.28   -0.460753  0.00134352
        8798       -0.52   -0.460759  0.00134338
        8799       -0.52   -0.460766  0.00134324
        8800        -0.6   -0.460782  0.00134318
        8801       -0.44   -0.460779  0.00134303
        8802       -0.28   -0.460759  0.00134304
        8803       -0.68   -0.460784  0.00134312
        8804       -0.68   -0.460809   0.0013432
        8805       -0.44   -0.460806  0.00134304
        8806       -0.36   -0.460795  0.00134294
        8807       -0.68    -0.46082  0.00134302
        8808       -0.52   -0.460827  0.00134288
        8809       -0.36   -0.460815  0.00134278
        8810       -0.44   -0.460813  0.00134263
        8811        -0.6   -0.460829  0.00134257
        8812        -0.6   -0.460844  0.00134251
        8813       -0.44   -0.460842  0.00134236
        8814       -0.44    -0.46084  0.00134221
        8815       -0.68   -0.460864  0.00134229
        8816       -0.52   -0.460871  0.00134215
        8817       -0.44   -0.460869    0.001342
        8818       -0.44   -0.460866  0.00134185
        8819        -0.6   -0.460882  0.00134179
        8820       -0.52   -0.460889  0.00134166
        8821       -0.52   -0.460896  0.00134152
        8822       -0.44   -0.460893  0.00134137
        8823       -0.52     -0.4609  0.00134124
        8824       -0.68   -0.460925  0.00134131
        8825       -0.44   -0.460922  0.00134116
        8826       -0.36   -0.460911  0.00134106
        8827       -0.52   -0.460918  0.00134093
        8828       -0.44   -0.460915  0.00134078
        8829       -0.44   -0.460913  0.00134063
        8830       -0.68   -0.460938   0.0013407
        8831        -0.6   -0.460953  0.00134065
        8832       -0.68   -0.460978  0.00134072
        8833        -0.6   -0.460994  0.00134066
        8834       -0.68   -0.461019  0.00134074
        8835       -0.68   -0.461044  0.00134082
        8836        -0.6   -0.461059  0.00134076
        8837       -0.44   -0.461057  0.00134061
        8838       -0.36   -0.461045  0.00134051
        8839       -0.28   -0.461025  0.00134051
        8840       -0.68    -0.46105  0.00134059
        8841       -0.52   -0.461056  0.00134045
        8842       -0.36   -0.461045  0.00134035
        8843       -0.52   -0.461052  0.00134022
        8844       -0.36    -0.46104  0.00134011
        8845       -0.52   -0.461047  0.00133998
        8846       -0.44   -0.461045  0.00133983
        8847       -0.52   -0.461051  0.00133969
        8848       -0.52   -0.461058  0.00133956
        8849        -0.6   -0.461074   0.0013395
        8850        -0.6   -0.461089  0.00133944
        8851       -0.68   -0.461114  0.00133952
        8852       -0.44   -0.461112  0.00133937
        8853       -0.12   -0.461073  0.00133977
        8854       -0.68   -0.461098  0.00133985
        8855       -0.68   -0.461123  0.00133992
        8856       -0.76   -0.461156   0.0013402
        8857       -0.76    -0.46119  0.00134047
        8858        -0.6   -0.461206  0.00134041
        8859       -0.52   -0.461212  0.00134028
        8860       -0.52   -0.461219  0.00134014
        8861       -0.44   -0.461217  0.00133999
        8862        -0.6   -0.461232  0.00133993
        8863       -0.44    -0.46123  0.00133978
        8864       -0.36   -0.461218  0.00133968
        8865       -0.44   -0.461216  0.00133953
        8866       -0.36   -0.461205  0.00133943
        8867       -0.36   -0.461193  0.00133933
        8868       -0.68   -0.461218   0.0013394
        8869       -0.68   -0.461243  0.00133948
        8870       -0.44    -0.46124  0.00133933
        8871       -0.36   -0.461229  0.00133923
        8872       -0.52   -0.461235  0.00133909
        8873       -0.44   -0.461233  0.00133895
        8874       -0.44   -0.461231   0.0013388
        8875       -0.44   -0.461228  0.00133865
        8876       -0.68   -0.461253  0.00133872
        8877        -0.6   -0.461268  0.00133866
        8878       -0.44   -0.461266  0.00133852
        8879       -0.36   -0.461255  0.00133841
        8880       -0.36   -0.461243  0.00133831
        8881        -0.6   -0.461259  0.00133825
        8882       -0.52   -0.461265  0.00133812
        8883       -0.52   -0.461272  0.00133798
        8884       -0.28   -0.461252  0.00133799
        8885        -0.2   -0.461222  0.00133816
        8886       -0.28   -0.461202  0.00133817
        8887       -0.52   -0.461209  0.00133803
        8888       -0.36   -0.461197  0.00133793
        8889       -0.44   -0.461195  0.00133778
        8890       -0.28   -0.461174  0.00133779
        8891       -0.36   -0.461163  0.00133768
        8892        -0.6   -0.461179  0.00133762
        8893       -0.68   -0.461203   0.0013377
        8894        -0.6   -0.461219  0.00133764
        8895       -0.52   -0.461225  0.00133751
        8896       -0.44   -0.461223  0.00133736
        8897        -0.2   -0.461194  0.00133753
        8898       -0.44   -0.461191  0.00133738
        8899       -0.44   -0.461189  0.00133723
        8900        -0.6   -0.461204  0.00133717
        8901        -0.6    -0.46122  0.00133712
        8902       -0.52   -0.461227  0.00133698
        8903       -0.44   -0.461224  0.00133683
        8904       -0.44   -0.461222  0.00133669
        8905       -0.52   -0.461229  0.00133655
        8906       -0.44   -0.461226   0.0013364
        8907       -0.52   -0.461233  0.00133627
        8908       -0.52   -0.461239  0.00133614
        8909       -0.28   -0.461219  0.00133614
        8910       -0.44   -0.461217  0.00133599
        8911       -0.28   -0.461196    0.001336
        8912       -0.36   -0.461185   0.0013359
        8913       -0.28   -0.461165   0.0013359
        8914       -0.44   -0.461162  0.00133575
        8915        -0.2   -0.461133  0.00133592
        8916       -0.28   -0.461113  0.00133593
        8917        -0.6   -0.461128  0.00133587
        8918       -0.52   -0.461135  0.00133574
        8919       -0.68   -0.461159  0.00133581
        8920       -0.28   -0.461139  0.00133582
        8921       -0.36   -0.461128  0.00133572
        8922       -0.52   -0.461134  0.00133558
        8923       -0.52   -0.461141  0.00133545
        8924       -0.36    -0.46113  0.00133535
        8925        -0.2     -0.4611  0.00133552
        8926       -0.44   -0.461098  0.00133537
        8927       -0.52   -0.461105  0.00133524
        8928       -0.52   -0.461111   0.0013351
        8929       -0.52   -0.461118  0.00133497
        8930       -0.68   -0.461142  0.00133505
        8931       -0.52   -0.461149  0.00133491
        8932        -0.6   -0.461164  0.00133485
        8933       -0.52   -0.461171  0.00133472
        8934       -0.52   -0.461178  0.00133459
        8935       -0.44   -0.461175  0.00133444
        8936       -0.44   -0.461173  0.00133429
        8937       -0.52   -0.461179  0.00133416
        8938       -0.44   -0.461177  0.00133401
        8939       -0.44   -0.461175  0.00133387
        8940       -0.52   -0.461181  0.00133373
        8941        -0.2   -0.461152   0.0013339
        8942        -0.6   -0.461168  0.00133384
        8943        -0.6   -0.461183  0.00133379
        8944       -0.28   -0.461163  0.00133379
        8945       -0.28   -0.461143   0.0013338
        8946       -0.28   -0.461122   0.0013338
        8947       -0.44    -0.46112  0.00133365
        8948       -0.52   -0.461127  0.00133352
        8949       -0.44   -0.461124  0.00133337
        8950        -0.6    -0.46114  0.00133331
        8951       -0.68   -0.461164  0.00133339
        8952       -0.52   -0.461171  0.00133326
        8953       -0.44   -0.461168  0.00133311
        8954       -0.52   -0.461175  0.00133298
        8955        -0.6    -0.46119  0.00133292
        8956       -0.28    -0.46117  0.00133292
        8957        -0.6   -0.461186  0.00133286
        8958        -0.6   -0.461201  0.00133281
        8959       -0.36    -0.46119   0.0013327
        8960       -0.36   -0.461179   0.0013326
        8961       -0.12    -0.46114    0.001333
        8962       -0.52   -0.461147  0.00133287
        8963        -0.2   -0.461118  0.00133304
        8964       -0.28   -0.461098  0.00133304
        8965       -0.36   -0.461086  0.00133294
        8966       -0.44   -0.461084  0.00133279
        8967       -0.52   -0.461091  0.00133266
        8968       -0.36   -0.461079  0.00133256
        8969        -0.2    -0.46105  0.00133273
        8970       -0.36   -0.461039  0.00133263
        8971       -0.36   -0.461028  0.00133253
        8972       -0.44   -0.461025  0.00133238
        8973        -0.6   -0.461041  0.00133232
        8974        -0.6   -0.461056  0.00133226
        8975        -0.6   -0.461072  0.00133221
        8976        -0.6   -0.461087  0.00133215
        8977       -0.44   -0.461085    0.001332
        8978       -0.52   -0.461092  0.00133187
        8979       -0.52   -0.461098  0.00133174
        8980       -0.44   -0.461096  0.00133159
        8981       -0.28   -0.461076  0.00133159
        8982       -0.36   -0.461064  0.00133149
        8983       -0.36   -0.461053  0.00133139
        8984       -0.36   -0.461042  0.00133129
        8985       -0.52   -0.461048  0.00133116
        8986       -0.52   -0.461055  0.00133103
        8987       -0.44   -0.461053  0.00133088
        8988       -0.36   -0.461041  0.00133078
        8989       -0.44   -0.461039  0.00133064
        8990       -0.44   -0.461037  0.00133049
        8991       -0.36   -0.461025  0.00133039
        8992       -0.36   -0.461014  0.00133029
        8993       -0.44   -0.461012  0.00133014
        8994       -0.52   -0.461018  0.00133001
        8995       -0.44   -0.461016  0.00132987
        8996       -0.68    -0.46104  0.00132994
        8997       -0.28    -0.46102  0.00132994
        8998       -0.44   -0.461018   0.0013298
        8999       -0.52   -0.461025  0.00132967
        9000       -0.44   -0.461022  0.00132952
        9001        -0.6   -0.461038  0.00132946
        9002       -0.68   -0.461062  0.00132954
        9003       -0.68   -0.461086  0.00132961
        9004       -0.52   -0.461093  0.00132948
        9005       -0.44   -0.461091  0.00132934
        9006       -0.44   -0.461088  0.00132919
        9007       -0.68   -0.461112  0.00132926
        9008       -0.68   -0.461137  0.00132934
        9009       -0.44   -0.461134  0.00132919
        9010       -0.28   -0.461114   0.0013292
        9011       -0.52   -0.461121  0.00132907
        9012       -0.44   -0.461119  0.00132892
        9013       -0.52   -0.461125  0.00132879
        9014       -0.36   -0.461114  0.00132869
        9015        -0.6   -0.461129  0.00132863
        9016       -0.28   -0.461109  0.00132864
        9017       -0.36   -0.461098  0.00132854
        9018       -0.68   -0.461122  0.00132861
        9019       -0.44    -0.46112  0.00132847
        9020       -0.36   -0.461109  0.00132837
        9021       -0.36   -0.461097  0.00132827
        9022       -0.28   -0.461077  0.00132827
        9023        -0.6   -0.461093  0.00132821
        9024       -0.36   -0.461082  0.00132811
        9025       -0.44   -0.461079  0.00132797
        9026       -0.44   -0.461077  0.00132782
        9027       -0.52   -0.461083  0.00132769
        9028       -0.28   -0.461063   0.0013277
        9029       -0.44   -0.461061  0.00132755
        9030        -0.6   -0.461076  0.00132749
        9031       -0.36   -0.461065  0.00132739
        9032        -0.2   -0.461036  0.00132756
        9033       -0.44   -0.461034  0.00132742
        9034       -0.52   -0.461041  0.00132728
        9035       -0.44   -0.461038  0.00132714
        9036       -0.44   -0.461036  0.00132699
        9037       -0.52   -0.461042  0.00132686
        9038       -0.52   -0.461049  0.00132673
        9039       -0.44   -0.461047  0.00132659
        9040       -0.36   -0.461035  0.00132649
        9041       -0.36   -0.461024  0.00132639
        9042       -0.52   -0.461031  0.00132626
        9043       -0.44   -0.461028  0.00132611
        9044       -0.44   -0.461026  0.00132597
        9045       -0.36   -0.461015  0.00132587
        9046       -0.52   -0.461021  0.00132574
        9047       -0.52   -0.461028  0.00132561
        9048        -0.2   -0.460999  0.00132578
        9049       -0.28   -0.460979  0.00132578
        9050       -0.44   -0.460977  0.00132564
        9051       -0.28   -0.460957  0.00132564
        9052        -0.2   -0.460928  0.00132581
        9053       -0.52   -0.460934  0.00132568
        9054        -0.6    -0.46095  0.00132562
        9055       -0.52   -0.460956  0.00132549
        9056        -0.6   -0.460972  0.00132543
        9057       -0.52   -0.460978   0.0013253
        9058       -0.52   -0.460985  0.00132517
        9059       -0.28   -0.460965  0.00132518
        9060       -0.28   -0.460945  0.00132518
        9061       -0.36   -0.460934  0.00132508
        9062        -0.2   -0.460905  0.00132525
        9063       -0.52   -0.460911  0.00132512
        9064       -0.52   -0.460918  0.00132499
        9065        -0.6   -0.460933  0.00132493
        9066       -0.52    -0.46094   0.0013248
        9067       -0.52   -0.460946  0.00132467
        9068        -0.6   -0.460962  0.00132461
        9069       -0.44   -0.460959  0.00132447
        9070       -0.52   -0.460966  0.00132434
        9071        -0.6   -0.460981  0.00132428
        9072       -0.76   -0.461014  0.00132454
        9073        -0.6   -0.461029  0.00132449
        9074       -0.52   -0.461036  0.00132436
        9075       -0.68    -0.46106  0.00132443
        9076        -0.6   -0.461075  0.00132437
        9077       -0.52   -0.461082  0.00132424
        9078       -0.36   -0.461071  0.00132414
        9079       -0.44   -0.461068    0.001324
        9080       -0.52   -0.461075  0.00132387
        9081       -0.36   -0.461064  0.00132377
        9082        -0.2   -0.461035  0.00132394
        9083       -0.36   -0.461024  0.00132384
        9084        -0.6   -0.461039  0.00132378
        9085       -0.28   -0.461019  0.00132379
        9086       -0.44   -0.461017  0.00132364
        9087       -0.52   -0.461023  0.00132351
        9088       -0.76   -0.461056  0.00132378
        9089        -0.6   -0.461072  0.00132372
        9090       -0.36   -0.461061  0.00132362
        9091       -0.52   -0.461067  0.00132349
        9092       -0.36   -0.461056  0.00132339
        9093       -0.44   -0.461054  0.00132325
        9094       -0.44   -0.461051   0.0013231
        9095       -0.44   -0.461049  0.00132296
        9096        -0.6   -0.461064   0.0013229
        9097       -0.52   -0.461071  0.00132277
        9098       -0.52   -0.461077  0.00132264
        9099       -0.28   -0.461057  0.00132265
        9100       -0.12    -0.46102  0.00132303
        9101       -0.52   -0.461026   0.0013229
        9102       -0.68    -0.46105  0.00132298
        9103       -0.68   -0.461074  0.00132305
        9104       -0.52   -0.461081  0.00132292
        9105       -0.44   -0.461079  0.00132278
        9106       -0.44   -0.461076  0.00132263
        9107       -0.44   -0.461074  0.00132249
        9108       -0.28   -0.461054   0.0013225
        9109        -0.6   -0.461069  0.00132244
        9110        -0.6   -0.461085  0.00132238
        9111        -0.6     -0.4611  0.00132232
        9112       -0.52   -0.461106  0.00132219
        9113        -0.6   -0.461121  0.00132214
        9114       -0.68   -0.461145  0.00132221
        9115        -0.6   -0.461161  0.00132215
        9116       -0.44   -0.461158  0.00132201
        9117       -0.28   -0.461139  0.00132201
        9118       -0.28   -0.461119  0.00132202
        9119       -0.44   -0.461116  0.00132188
        9120       -0.52   -0.461123  0.00132175
        9121        -0.6   -0.461138  0.00132169
        9122       -0.68   -0.461162  0.00132176
        9123        -0.6   -0.461177  0.00132171
        9124        -0.6   -0.461192  0.00132165
        9125       -0.68   -0.461216  0.00132172
        9126       -0.68    -0.46124  0.00132179
        9127       -0.52   -0.461247  0.00132166
        9128       -0.68   -0.461271  0.00132174
        9129       -0.68   -0.461295  0.00132181
        9130       -0.52   -0.461301  0.00132168
        9131       -0.36    -0.46129  0.00132158
        9132       -0.44   -0.461288  0.00132144
        9133       -0.52   -0.461294  0.00132131
        9134       -0.36   -0.461283  0.00132121
        9135       -0.36   -0.461272  0.00132111
        9136       -0.44    -0.46127  0.00132097
        9137       -0.52   -0.461276  0.00132084
        9138       -0.44   -0.461274   0.0013207
        9139       -0.44   -0.461271  0.00132056
        9140       -0.52   -0.461278  0.00132043
        9141       -0.36   -0.461267  0.00132033
        9142       -0.44   -0.461264  0.00132019
        9143       -0.52   -0.461271  0.00132006
        9144       -0.84   -0.461312  0.00132056
        9145       -0.84   -0.461354  0.00132107
        9146       -0.44   -0.461351  0.00132093
        9147       -0.76   -0.461384  0.00132119
        9148       -0.52    -0.46139  0.00132106
        9149       -0.44   -0.461388  0.00132091
        9150        -0.2    -0.46136  0.00132108
        9151       -0.36   -0.461348  0.00132098
        9152       -0.52   -0.461355  0.00132085
        9153       -0.36   -0.461344  0.00132075
        9154       -0.68   -0.461368  0.00132083
        9155       -0.44   -0.461365  0.00132068
        9156       -0.52   -0.461372  0.00132056
        9157       -0.36   -0.461361  0.00132046
        9158        -0.6   -0.461376   0.0013204
        9159       -0.44   -0.461374  0.00132026
        9160        -0.6   -0.461389   0.0013202
        9161       -0.36   -0.461378   0.0013201
        9162        -0.2   -0.461349  0.00132027
        9163        -0.2   -0.461321  0.00132043
        9164       -0.36   -0.461309  0.00132033
        9165       -0.44   -0.461307  0.00132019
        9166       -0.28   -0.461287   0.0013202
        9167       -0.28   -0.461268   0.0013202
        9168       -0.44   -0.461265  0.00132006
        9169       -0.36   -0.461254  0.00131996
        9170        -0.6   -0.461269   0.0013199
        9171       -0.44   -0.461267  0.00131976
        9172       -0.52   -0.461273  0.00131963
        9173       -0.44   -0.461271  0.00131949
        9174       -0.52   -0.461278  0.00131936
        9175       -0.44   -0.461275  0.00131922
        9176       -0.52   -0.461282  0.00131909
        9177        -0.6   -0.461297  0.00131903
        9178        -0.6   -0.461312  0.00131898
        9179       -0.36   -0.461301  0.00131888
        9180        -0.2   -0.461272  0.00131904
        9181       -0.44    -0.46127   0.0013189
        9182       -0.44   -0.461268  0.00131876
        9183       -0.52   -0.461274  0.00131863
        9184       -0.44   -0.461272  0.00131849
        9185       -0.52   -0.461278  0.00131836
        9186       -0.36   -0.461267  0.00131827
        9187       -0.44   -0.461265  0.00131812
        9188        -0.2   -0.461236  0.00131829
        9189       -0.36   -0.461225  0.00131819
        9190       -0.36   -0.461214  0.00131809
        9191        -0.2   -0.461186  0.00131826
        9192       -0.28   -0.461166  0.00131826
        9193       -0.68    -0.46119  0.00131833
        9194       -0.52   -0.461196   0.0013182
        9195       -0.52   -0.461203  0.00131807
        9196       -0.52   -0.461209  0.00131795
        9197       -0.44   -0.461207  0.00131781
        9198       -0.36   -0.461196  0.00131771
        9199       -0.52   -0.461202  0.00131758
        9200       -0.52   -0.461209  0.00131745
        9201        -0.6   -0.461224   0.0013174
        9202       -0.68   -0.461248  0.00131747
        9203       -0.36   -0.461237  0.00131737
        9204        -0.6   -0.461252  0.00131731
        9205       -0.68   -0.461275  0.00131738
        9206        -0.6    -0.46129  0.00131733
        9207        -0.6   -0.461306  0.00131727
        9208       -0.52   -0.461312  0.00131714
        9209       -0.36   -0.461301  0.00131705
        9210       -0.52   -0.461307  0.00131692
        9211       -0.44   -0.461305  0.00131678
        9212       -0.52   -0.461311  0.00131665
        9213       -0.68   -0.461335  0.00131672
        9214        -0.6    -0.46135  0.00131666
        9215        -0.6   -0.461365  0.00131661
        9216       -0.68   -0.461389  0.00131668
        9217       -0.52   -0.461395  0.00131655
        9218        -0.6    -0.46141  0.00131649
        9219       -0.44   -0.461408  0.00131635
        9220       -0.44   -0.461406  0.00131621
        9221       -0.28   -0.461386  0.00131622
        9222       -0.52   -0.461392  0.00131609
        9223       -0.52   -0.461399  0.00131596
        9224       -0.68   -0.461422  0.00131603
        9225        -0.6   -0.461437  0.00131598
        9226       -0.36   -0.461426  0.00131588
        9227       -0.52   -0.461433  0.00131575
        9228        -0.6   -0.461448  0.00131569
        9229       -0.44   -0.461445  0.00131555
        9230        -0.6    -0.46146   0.0013155
        9231        -0.6   -0.461475  0.00131544
        9232       -0.76   -0.461508   0.0013157
        9233       -0.68   -0.461531  0.00131577
        9234        -0.6   -0.461546  0.00131571
        9235        -0.6   -0.461561  0.00131565
        9236       -0.52   -0.461568  0.00131552
        9237       -0.28   -0.461548  0.00131553
        9238       -0.36   -0.461537  0.00131543
        9239       -0.36   -0.461526  0.00131534
        9240       -0.44   -0.461524   0.0013152
        9241        -0.6   -0.461539  0.00131514
        9242       -0.36   -0.461528  0.00131504
        9243       -0.44   -0.461525   0.0013149
        9244       -0.36   -0.461514  0.00131481
        9245        -0.6   -0.461529  0.00131475
        9246       -0.52   -0.461536  0.00131462
        9247       -0.44   -0.461533  0.00131448
        9248        -0.6   -0.461548  0.00131442
        9249       -0.52   -0.461555   0.0013143
        9250       -0.52   -0.461561  0.00131417
        9251       -0.36    -0.46155  0.00131407
        9252       -0.12   -0.461513  0.00131445
        9253        -0.2   -0.461485  0.00131461
        9254       -0.36   -0.461474  0.00131452
        9255       -0.52    -0.46148  0.00131439
        9256       -0.68   -0.461504  0.00131446
        9257        -0.6   -0.461519   0.0013144
        9258        -0.6   -0.461534  0.00131435
        9259       -0.76   -0.461566   0.0013146
        9260        -0.6   -0.461581  0.00131454
        9261        -0.6   -0.461596  0.00131449
        9262       -0.52   -0.461602  0.00131436
        9263        -0.6   -0.461617   0.0013143
        9264        -0.6   -0.461632  0.00131424
        9265       -0.36   -0.461621  0.00131415
        9266       -0.36    -0.46161  0.00131405
        9267       -0.52   -0.461616  0.00131393
        9268       -0.36   -0.461606  0.00131383
        9269       -0.36   -0.461595  0.00131373
        9270        -0.6   -0.461609  0.00131368
        9271       -0.68   -0.461633  0.00131375
        9272       -0.52   -0.461639  0.00131362
        9273        -0.6   -0.461654  0.00131356
        9274       -0.44   -0.461652  0.00131342
        9275       -0.68   -0.461675  0.00131349
        9276       -0.44   -0.461673  0.00131335
        9277        -0.6   -0.461688   0.0013133
        9278       -0.52   -0.461694  0.00131317
        9279       -0.44   -0.461692  0.00131303
        9280        -0.6   -0.461707  0.00131297
        9281       -0.44   -0.461705  0.00131283
        9282       -0.36   -0.461694  0.00131274
        9283       -0.44   -0.461691   0.0013126
        9284       -0.52   -0.461698  0.00131247
        9285       -0.52   -0.461704  0.00131235
        9286       -0.36   -0.461693  0.00131225
        9287       -0.52   -0.461699  0.00131212
        9288       -0.52   -0.461705    0.001312
        9289       -0.52   -0.461712  0.00131187
        9290        -0.2   -0.461684  0.00131203
        9291       -0.44   -0.461681  0.00131189
        9292        -0.6   -0.461696  0.00131184
        9293       -0.44   -0.461694   0.0013117
        9294       -0.36   -0.461683   0.0013116
        9295       -0.28   -0.461663  0.00131161
        9296       -0.36   -0.461652  0.00131151
        9297       -0.52   -0.461659  0.00131139
        9298       -0.52   -0.461665  0.00131126
        9299       -0.44   -0.461663  0.00131112
        9300       -0.52   -0.461669  0.00131099
        9301        -0.6   -0.461684  0.00131094
        9302        -0.6   -0.461699  0.00131088
        9303       -0.44   -0.461696  0.00131074
        9304       -0.44   -0.461694   0.0013106
        9305       -0.52     -0.4617  0.00131048
        9306       -0.52   -0.461706  0.00131035
        9307       -0.44   -0.461704  0.00131021
        9308       -0.28   -0.461685  0.00131022
        9309       -0.36   -0.461674  0.00131012
        9310       -0.44   -0.461671  0.00130998
        9311       -0.44   -0.461669  0.00130985
        9312       -0.36   -0.461658  0.00130975
        9313        -0.2    -0.46163  0.00130991
        9314       -0.36   -0.461619  0.00130982
        9315       -0.44   -0.461617  0.00130968
        9316       -0.36   -0.461606  0.00130958
        9317       -0.36   -0.461595  0.00130949
        9318       -0.28   -0.461575  0.00130949
        9319       -0.44   -0.461573  0.00130935
        9320       -0.36   -0.461562  0.00130926
        9321       -0.52   -0.461569  0.00130913
        9322       -0.52   -0.461575  0.00130901
        9323        -0.6    -0.46159  0.00130895
        9324       -0.44   -0.461587  0.00130881
        9325       -0.36   -0.461576  0.00130872
        9326       -0.44   -0.461574  0.00130858
        9327       -0.28   -0.461555  0.00130858
        9328       -0.44   -0.461552  0.00130845
        9329       -0.44    -0.46155  0.00130831
        9330        -0.6   -0.461565  0.00130825
        9331       -0.28   -0.461545  0.00130826
        9332        -0.6    -0.46156   0.0013082
        9333       -0.36   -0.461549   0.0013081
        9334       -0.36   -0.461538  0.00130801
        9335       -0.44   -0.461536  0.00130787
        9336       -0.44   -0.461534  0.00130773
        9337       -0.36   -0.461523  0.00130764
        9338       -0.44   -0.461521   0.0013075
        9339       -0.52   -0.461527  0.00130738
        9340       -0.28   -0.461507  0.00130738
        9341       -0.52   -0.461514  0.00130725
        9342       -0.28   -0.461494  0.00130726
        9343       -0.36   -0.461483  0.00130716
        9344       -0.44   -0.461481  0.00130703
        9345       -0.36    -0.46147  0.00130693
        9346       -0.28   -0.461451  0.00130694
        9347       -0.28   -0.461431  0.00130694
        9348        -0.6   -0.461446  0.00130688
        9349       -0.44   -0.461444  0.00130675
        9350       -0.52    -0.46145  0.00130662
        9351       -0.28   -0.461431  0.00130663
        9352       -0.52   -0.461437   0.0013065
        9353       -0.52   -0.461443  0.00130638
        9354        -0.6   -0.461458  0.00130632
        9355        -0.6   -0.461473  0.00130627
        9356       -0.52   -0.461479  0.00130614
        9357       -0.52   -0.461486  0.00130602
        9358        -0.6     -0.4615  0.00130596
        9359       -0.36   -0.461489  0.00130587
        9360       -0.44   -0.461487  0.00130573
        9361       -0.44   -0.461485  0.00130559
        9362       -0.68   -0.461508  0.00130566
        9363       -0.52   -0.461514  0.00130554
        9364       -0.44   -0.461512   0.0013054
        9365        -0.6   -0.461527  0.00130534
        9366       -0.68    -0.46155  0.00130541
        9367       -0.52   -0.461557  0.00130529
        9368        -0.6   -0.461571  0.00130523
        9369        -0.6   -0.461586  0.00130518
        9370       -0.36   -0.461575  0.00130508
        9371        -0.6    -0.46159  0.00130503
        9372       -0.28   -0.461571  0.00130503
        9373       -0.52   -0.461577  0.00130491
        9374        -0.6   -0.461592  0.00130485
        9375       -0.52   -0.461598  0.00130473
        9376        -0.6   -0.461613  0.00130467
        9377       -0.52   -0.461619  0.00130455
        9378       -0.44   -0.461617  0.00130441
        9379       -0.68    -0.46164  0.00130448
        9380       -0.36   -0.461629  0.00130438
        9381       -0.52   -0.461635  0.00130426
        9382       -0.52   -0.461641  0.00130414
        9383       -0.76   -0.461673  0.00130438
        9384       -0.44   -0.461671  0.00130425
        9385       -0.52   -0.461677  0.00130412
        9386       -0.52   -0.461683    0.001304
        9387       -0.36   -0.461673  0.00130391
        9388       -0.52   -0.461679  0.00130378
        9389       -0.44   -0.461676  0.00130364
        9390       -0.28   -0.461657  0.00130365
        9391       -0.44   -0.461655  0.00130351
        9392       -0.44   -0.461652  0.00130338
        9393       -0.44    -0.46165  0.00130324
        9394       -0.44   -0.461648   0.0013031
        9395       -0.44   -0.461646  0.00130297
        9396       -0.44   -0.461643  0.00130283
        9397       -0.28   -0.461624  0.00130283
        9398        -0.2   -0.461596  0.00130299
        9399       -0.44   -0.461594  0.00130286
        9400       -0.52     -0.4616  0.00130273
        9401       -0.52   -0.461606  0.00130261
        9402        -0.2   -0.461578  0.00130277
        9403       -0.36   -0.461568  0.00130267
        9404       -0.44   -0.461565  0.00130254
        9405       -0.36   -0.461554  0.00130244
        9406       -0.36   -0.461544  0.00130235
        9407       -0.28   -0.461524  0.00130235
        9408       -0.44   -0.461522  0.00130222
        9409       -0.44    -0.46152  0.00130208
        9410        -0.6   -0.461535  0.00130203
        9411       -0.44   -0.461532  0.00130189
        9412       -0.44    -0.46153  0.00130175
        9413       -0.68   -0.461553  0.00130182
        9414       -0.52   -0.461559   0.0013017
        9415       -0.44   -0.461557  0.00130156
        9416       -0.44   -0.461555  0.00130143
        9417       -0.52   -0.461561   0.0013013
        9418        -0.6   -0.461576  0.00130125
        9419        -0.6    -0.46159  0.00130119
        9420       -0.28   -0.461571   0.0013012
        9421       -0.36    -0.46156   0.0013011
        9422       -0.44   -0.461558  0.00130097
        9423       -0.52   -0.461564  0.00130084
        9424        -0.6   -0.461579  0.00130079
        9425       -0.68   -0.461602  0.00130086
        9426       -0.36   -0.461591  0.00130076
        9427       -0.36   -0.461581  0.00130067
        9428       -0.44   -0.461578  0.00130053
        9429        -0.6   -0.461593  0.00130048
        9430       -0.52   -0.461599  0.00130036
        9431        -0.6   -0.461614   0.0013003
        9432       -0.36   -0.461603  0.00130021
        9433       -0.36   -0.461592  0.00130011
        9434       -0.44    -0.46159  0.00129998
        9435       -0.52   -0.461596  0.00129986
        9436       -0.36   -0.461585  0.00129976
        9437       -0.36   -0.461575  0.00129967
        9438       -0.44   -0.461572  0.00129953
        9439       -0.36   -0.461562  0.00129944
        9440       -0.52   -0.461568  0.00129932
        9441       -0.44   -0.461566  0.00129918
        9442       -0.44   -0.461563  0.00129905
        9443       -0.44   -0.461561  0.00129891
        9444       -0.52   -0.461567  0.00129879
        9445        -0.6   -0.461582  0.00129873
        9446        -0.6   -0.461596  0.00129868
        9447        -0.6   -0.461611  0.00129862
        9448        -0.6   -0.461626  0.00129857
        9449       -0.28   -0.461607  0.00129857
        9450       -0.52   -0.461613  0.00129845
        9451       -0.52   -0.461619  0.00129833
        9452       -0.28     -0.4616  0.00129833
        9453       -0.52   -0.461606  0.00129821
        9454       -0.68   -0.461629  0.00129828
        9455       -0.68   -0.461652  0.00129835
        9456       -0.68   -0.461675  0.00129841
        9457        -0.6    -0.46169  0.00129836
        9458       -0.52   -0.461696  0.00129824
        9459       -0.36   -0.461685  0.00129814
        9460       -0.36   -0.461674  0.00129805
        9461       -0.36   -0.461664  0.00129796
        9462       -0.52    -0.46167  0.00129784
        9463       -0.28   -0.461651  0.00129784
        9464       -0.28   -0.461631  0.00129785
        9465       -0.44   -0.461629  0.00129771
        9466       -0.36   -0.461618  0.00129762
        9467       -0.68   -0.461641  0.00129769
        9468       -0.52   -0.461648  0.00129756
        9469       -0.68   -0.461671  0.00129763
        9470       -0.36    -0.46166  0.00129754
        9471       -0.52   -0.461666  0.00129742
        9472       -0.36   -0.461655  0.00129732
        9473       -0.52   -0.461662   0.0012972
        9474       -0.44   -0.461659  0.00129707
        9475       -0.76   -0.461691  0.00129731
        9476       -0.52   -0.461697  0.00129719
        9477       -0.52   -0.461703  0.00129707
        9478       -0.44   -0.461701  0.00129693
        9479       -0.68   -0.461724    0.001297
        9480       -0.36   -0.461713  0.00129691
        9481       -0.52   -0.461719  0.00129679
        9482       -0.52   -0.461725  0.00129666
        9483       -0.44   -0.461723  0.00129653
        9484       -0.44   -0.461721  0.00129639
        9485       -0.36    -0.46171   0.0012963
        9486        -0.6   -0.461725  0.00129625
        9487        -0.6   -0.461739  0.00129619
        9488       -0.52   -0.461745  0.00129607
        9489       -0.52   -0.461752  0.00129595
        9490       -0.52   -0.461758  0.00129583
        9491       -0.36   -0.461747  0.00129573
        9492       -0.52   -0.461753  0.00129561
        9493       -0.36   -0.461742  0.00129552
        9494       -0.44    -0.46174  0.00129539
        9495       -0.36   -0.461729  0.00129529
        9496       -0.36   -0.461719   0.0012952
        9497       -0.44   -0.461716  0.00129507
        9498       -0.28   -0.461697  0.00129507
        9499       -0.44   -0.461695  0.00129494
        9500       -0.36   -0.461684  0.00129485
        9501       -0.44   -0.461682  0.00129471
        9502       -0.28   -0.461663  0.00129472
        9503       -0.36   -0.461652  0.00129462
        9504       -0.44    -0.46165  0.00129449
        9505       -0.52   -0.461656  0.00129437
        9506       -0.44   -0.461654  0.00129423
        9507       -0.52    -0.46166  0.00129411
        9508       -0.52   -0.461666  0.00129399
        9509        -0.2   -0.461638  0.00129415
        9510       -0.36   -0.461628  0.00129406
        9511       -0.44   -0.461625  0.00129392
        9512       -0.28   -0.461606  0.00129393
        9513       -0.36   -0.461596  0.00129383
        9514       -0.28   -0.461577  0.00129384
        9515       -0.36   -0.461566  0.00129375
        9516       -0.36   -0.461555  0.00129366
        9517       -0.44   -0.461553  0.00129352
        9518       -0.76   -0.461584  0.00129377
        9519       -0.68   -0.461607  0.00129383
        9520        -0.6   -0.461622  0.00129378
        9521       -0.52   -0.461628  0.00129366
        9522       -0.44   -0.461626  0.00129352
        9523       -0.52   -0.461632   0.0012934
        9524       -0.44    -0.46163  0.00129327
        9525       -0.44   -0.461627  0.00129313
        9526       -0.44   -0.461625    0.001293
        9527       -0.52   -0.461631  0.00129288
        9528       -0.52   -0.461637  0.00129276
        9529       -0.44   -0.461635  0.00129263
        9530       -0.52   -0.461641   0.0012925
        9531        -0.6   -0.461656  0.00129245
        9532       -0.52   -0.461662  0.00129233
        9533       -0.68   -0.461685   0.0012924
        9534        -0.6   -0.461699  0.00129234
        9535       -0.28    -0.46168  0.00129235
        9536        -0.6   -0.461695  0.00129229
        9537       -0.52   -0.461701  0.00129217
        9538       -0.28   -0.461682  0.00129218
        9539       -0.44   -0.461679  0.00129204
        9540       -0.68   -0.461702  0.00129211
        9541       -0.44     -0.4617  0.00129198
        9542       -0.36   -0.461689  0.00129189
        9543       -0.28    -0.46167  0.00129189
        9544       -0.44   -0.461668  0.00129176
        9545       -0.44   -0.461666  0.00129162
        9546       -0.36   -0.461655  0.00129153
        9547       -0.52   -0.461661  0.00129141
        9548        -0.2   -0.461634  0.00129157
        9549       -0.52    -0.46164  0.00129145
        9550       -0.44   -0.461638  0.00129131
        9551       -0.52   -0.461644  0.00129119
        9552       -0.44   -0.461642  0.00129106
        9553       -0.28   -0.461623  0.00129106
        9554       -0.36   -0.461612  0.00129097
        9555       -0.28   -0.461593  0.00129098
        9556       -0.44   -0.461591  0.00129084
        9557       -0.52   -0.461597  0.00129072
        9558       -0.44   -0.461594  0.00129059
        9559       -0.68   -0.461617  0.00129066
        9560       -0.36   -0.461607  0.00129057
        9561       -0.44   -0.461604  0.00129043
        9562       -0.52   -0.461611  0.00129031
        9563       -0.44   -0.461608  0.00129018
        9564       -0.52   -0.461614  0.00129006
        9565       -0.36   -0.461604  0.00128997
        9566        -0.6   -0.461618  0.00128991
        9567       -0.68   -0.461641  0.00128998
        9568       -0.44   -0.461639  0.00128985
        9569       -0.44   -0.461637  0.00128972
        9570       -0.36   -0.461626  0.00128963
        9571       -0.52   -0.461632   0.0012895
        9572       -0.52   -0.461638  0.00128938
        9573        -0.6   -0.461653  0.00128933
        9574       -0.52   -0.461659  0.00128921
        9575       -0.36   -0.461648  0.00128912
        9576       -0.52   -0.461654    0.001289
        9577        -0.6   -0.461669  0.00128895
        9578       -0.36   -0.461658  0.00128886
        9579       -0.44   -0.461656  0.00128872
        9580       -0.68   -0.461678  0.00128879
        9581       -0.44   -0.461676  0.00128866
        9582       -0.68   -0.461699  0.00128872
        9583        -0.6   -0.461713  0.00128867
        9584       -0.44   -0.461711  0.00128854
        9585       -0.44   -0.461709  0.00128841
        9586       -0.44   -0.461707  0.00128827
        9587        -0.6   -0.461721  0.00128822
        9588        -0.6   -0.461736  0.00128817
        9589       -0.52   -0.461742  0.00128805
        9590       -0.44   -0.461739  0.00128791
        9591       -0.44   -0.461737  0.00128778
        9592       -0.28   -0.461718  0.00128779
        9593       -0.36   -0.461707   0.0012877
        9594       -0.68    -0.46173  0.00128776
        9595       -0.52   -0.461736  0.00128764
        9596        -0.6   -0.461751  0.00128759
        9597       -0.44   -0.461748  0.00128746
        9598       -0.28    -0.46173  0.00128746
        9599       -0.36   -0.461719  0.00128737
        9600       -0.68   -0.461742  0.00128744
        9601        -0.6   -0.461756  0.00128738
        9602       -0.44   -0.461754  0.00128725
        9603        -0.2   -0.461727  0.00128741
        9604       -0.36   -0.461716  0.00128732
        9605       -0.52   -0.461722   0.0012872
        9606        -0.6   -0.461736  0.00128714
        9607       -0.68   -0.461759  0.00128721
        9608       -0.76    -0.46179  0.00128745
        9609       -0.52   -0.461796  0.00128733
        9610        -0.6   -0.461811  0.00128728
        9611       -0.28   -0.461792  0.00128728
        9612       -0.44   -0.461789  0.00128715
        9613       -0.52   -0.461795  0.00128703
        9614       -0.28   -0.461777  0.00128704
        9615       -0.52   -0.461783  0.00128692
        9616       -0.52   -0.461789   0.0012868
        9617       -0.68   -0.461811  0.00128686
        9618        -0.6   -0.461826  0.00128681
        9619        -0.6    -0.46184  0.00128675
        9620        -0.6   -0.461854   0.0012867
        9621       -0.44   -0.461852  0.00128657
        9622       -0.36   -0.461842  0.00128648
        9623       -0.44   -0.461839  0.00128635
        9624       -0.36   -0.461829  0.00128626
        9625        -0.6   -0.461843   0.0012862
        9626       -0.52   -0.461849  0.00128608
        9627       -0.52   -0.461855  0.00128597
        9628       -0.28   -0.461836  0.00128597
        9629        -0.6   -0.461851  0.00128592
        9630       -0.68   -0.461873  0.00128598
        9631        -0.6   -0.461888  0.00128593
        9632       -0.44   -0.461885   0.0012858
        9633       -0.52   -0.461891  0.00128568
        9634        -0.6   -0.461906  0.00128562
        9635       -0.68   -0.461928  0.00128569
        9636        -0.6   -0.461943  0.00128564
        9637       -0.68   -0.461965   0.0012857
        9638       -0.52   -0.461971  0.00128558
        9639       -0.68   -0.461994  0.00128565
        9640       -0.52      -0.462  0.00128553
        9641        -0.6   -0.462014  0.00128548
        9642       -0.44   -0.462012  0.00128534
        9643       -0.52   -0.462018  0.00128523
        9644       -0.76   -0.462049  0.00128546
        9645        -0.6   -0.462063  0.00128541
        9646       -0.44   -0.462061  0.00128528
        9647       -0.36    -0.46205  0.00128519
        9648       -0.44   -0.462048  0.00128506
        9649       -0.52   -0.462054  0.00128494
        9650       -0.04    -0.46201  0.00128555
        9651       -0.44   -0.462008  0.00128542
        9652        -0.2   -0.461981  0.00128557
        9653       -0.04   -0.461937  0.00128618
        9654       -0.28   -0.461918  0.00128619
        9655       -0.28     -0.4619  0.00128619
        9656       -0.44   -0.461897  0.00128606
        9657       -0.36   -0.461887  0.00128597
        9658       -0.44   -0.461884  0.00128584
        9659       -0.36   -0.461874  0.00128575
        9660        -0.6   -0.461888   0.0012857
        9661       -0.52   -0.461894  0.00128558
        9662       -0.68   -0.461917  0.00128564
        9663        -0.6   -0.461931  0.00128559
        9664       -0.44   -0.461929  0.00128546
        9665       -0.36   -0.461918  0.00128537
        9666       -0.44   -0.461916  0.00128524
        9667       -0.68   -0.461939   0.0012853
        9668       -0.52   -0.461945  0.00128518
        9669       -0.44   -0.461942  0.00128505
        9670       -0.12   -0.461907  0.00128541
        9671       -0.44   -0.461905  0.00128527
        9672       -0.52   -0.461911  0.00128516
        9673       -0.52   -0.461917  0.00128504
        9674       -0.28   -0.461898  0.00128504
        9675       -0.52   -0.461904  0.00128492
        9676        -0.6   -0.461918  0.00128487
        9677       -0.52   -0.461924  0.00128475
        9678       -0.44   -0.461922  0.00128462
        9679       -0.44    -0.46192  0.00128449
        9680        -0.6   -0.461934  0.00128444
        9681       -0.68   -0.461956   0.0012845
        9682       -0.44   -0.461954  0.00128437
        9683       -0.44   -0.461952  0.00128424
        9684       -0.28   -0.461933  0.00128424
        9685       -0.36   -0.461923  0.00128415
        9686       -0.52   -0.461929  0.00128404
        9687       -0.52   -0.461935  0.00128392
        9688       -0.52   -0.461941   0.0012838
        9689        -0.6   -0.461955  0.00128375
        9690       -0.44   -0.461953  0.00128361
        9691        -0.6   -0.461967  0.00128356
        9692        -0.6   -0.461981  0.00128351
        9693       -0.52   -0.461987  0.00128339
        9694       -0.44   -0.461985  0.00128326
        9695       -0.44   -0.461982  0.00128313
        9696        -0.6   -0.461997  0.00128308
        9697       -0.52   -0.462003  0.00128296
        9698       -0.36   -0.461992  0.00128287
        9699       -0.68   -0.462015  0.00128293
        9700        -0.6   -0.462029  0.00128288
        9701       -0.44   -0.462027  0.00128275
        9702       -0.44   -0.462024  0.00128262
        9703       -0.28   -0.462006  0.00128262
        9704       -0.44   -0.462003  0.00128249
        9705       -0.44   -0.462001  0.00128236
        9706       -0.52   -0.462007  0.00128224
        9707       -0.52   -0.462013  0.00128213
        9708       -0.28   -0.461994  0.00128213
        9709       -0.44   -0.461992    0.001282
        9710       -0.44    -0.46199  0.00128187
        9711       -0.68   -0.462012  0.00128194
        9712       -0.44    -0.46201  0.00128181
        9713       -0.36   -0.461999  0.00128172
        9714       -0.44   -0.461997  0.00128159
        9715       -0.44   -0.461995  0.00128146
        9716       -0.44   -0.461993  0.00128133
        9717       -0.44    -0.46199   0.0012812
        9718       -0.44   -0.461988  0.00128107
        9719       -0.28   -0.461969  0.00128107
        9720       -0.36   -0.461959  0.00128098
        9721       -0.52   -0.461965  0.00128087
        9722       -0.52   -0.461971  0.00128075
        9723       -0.44   -0.461969  0.00128062
        9724       -0.68   -0.461991  0.00128068
        9725        -0.6   -0.462005  0.00128063
        9726        -0.6   -0.462019  0.00128058
        9727       -0.28   -0.462001  0.00128058
        9728       -0.52   -0.462007  0.00128046
        9729       -0.52   -0.462013  0.00128035
        9730        -0.6   -0.462027  0.00128029
        9731       -0.36   -0.462016   0.0012802
        9732        -0.6    -0.46203  0.00128015
        9733        -0.6   -0.462045   0.0012801
        9734       -0.68   -0.462067  0.00128016
        9735       -0.68   -0.462089  0.00128023
        9736       -0.52   -0.462095  0.00128011
        9737        0.04   -0.462044  0.00128102
        9738       -0.36   -0.462033  0.00128093
        9739       -0.52   -0.462039  0.00128081
        9740        -0.6   -0.462053  0.00128076
        9741       -0.52   -0.462059  0.00128064
        9742        -0.2   -0.462032  0.00128079
        9743       -0.36   -0.462022   0.0012807
        9744        -0.6   -0.462036  0.00128065
        9745       -0.44   -0.462034  0.00128052
        9746       -0.44   -0.462032  0.00128039
        9747       -0.28   -0.462013  0.00128039
        9748       -0.44   -0.462011  0.00128027
        9749        -0.6   -0.462025  0.00128021
        9750       -0.52   -0.462031  0.00128009
        9751       -0.52   -0.462037  0.00127998
        9752       -0.52   -0.462043  0.00127986
        9753        -0.6   -0.462057  0.00127981
        9754       -0.68   -0.462079  0.00127987
        9755       -0.36   -0.462069  0.00127978
        9756       -0.44   -0.462066  0.00127965
        9757       -0.44   -0.462064  0.00127952
        9758       -0.68   -0.462086  0.00127959
        9759       -0.36   -0.462076   0.0012795
        9760       -0.36   -0.462066  0.00127941
        9761       -0.52   -0.462072  0.00127929
        9762       -0.52   -0.462077  0.00127918
        9763       -0.44   -0.462075  0.00127905
        9764       -0.68   -0.462098  0.00127911
        9765        -0.6   -0.462112  0.00127906
        9766       -0.36   -0.462101  0.00127897
        9767       -0.36   -0.462091  0.00127888
        9768       -0.28   -0.462072  0.00127889
        9769       -0.44    -0.46207  0.00127876
        9770       -0.52   -0.462076  0.00127864
        9771       -0.36   -0.462065  0.00127855
        9772        -0.2   -0.462038   0.0012787
        9773       -0.52   -0.462044  0.00127859
        9774       -0.44   -0.462042  0.00127846
        9775        -0.2   -0.462015  0.00127861
        9776       -0.12    -0.46198  0.00127895
        9777       -0.36    -0.46197  0.00127887
        9778       -0.36    -0.46196  0.00127878
        9779       -0.28   -0.461941  0.00127878
        9780        -0.2   -0.461914  0.00127893
        9781       -0.28   -0.461896  0.00127894
        9782       -0.28   -0.461877  0.00127894
        9783       -0.44   -0.461875  0.00127881
        9784       -0.52   -0.461881   0.0012787
        9785       -0.44   -0.461878  0.00127857
        9786       -0.52   -0.461884  0.00127845
        9787       -0.36   -0.461874  0.00127836
        9788       -0.44   -0.461872  0.00127823
        9789       -0.44   -0.461869   0.0012781
        9790       -0.52   -0.461875  0.00127799
        9791       -0.52   -0.461881  0.00127787
        9792       -0.52   -0.461887  0.00127775
        9793       -0.44   -0.461885  0.00127763
        9794       -0.36   -0.461875  0.00127754
        9795       -0.44   -0.461872  0.00127741
        9796       -0.52   -0.461878  0.00127729
        9797       -0.44   -0.461876  0.00127716
        9798       -0.52   -0.461882  0.00127705
        9799       -0.36   -0.461872  0.00127696
        9800       -0.68   -0.461894  0.00127702
        9801       -0.76   -0.461924  0.00127725
        9802       -0.68   -0.461947  0.00127732
        9803       -0.44   -0.461944  0.00127719
        9804       -0.28   -0.461926  0.00127719
        9805       -0.36   -0.461915  0.00127711
        9806        -0.2   -0.461889  0.00127726
        9807       -0.28    -0.46187  0.00127726
        9808       -0.44   -0.461868  0.00127713
        9809        -0.6   -0.461882  0.00127708
        9810       -0.68   -0.461904  0.00127714
        9811       -0.52    -0.46191  0.00127703
        9812       -0.36     -0.4619  0.00127694
        9813       -0.28   -0.461881  0.00127694
        9814       -0.36   -0.461871  0.00127685
        9815        -0.6   -0.461885   0.0012768
        9816       -0.36   -0.461874  0.00127671
        9817       -0.44   -0.461872  0.00127659
        9818       -0.36   -0.461862   0.0012765
        9819       -0.36   -0.461852  0.00127641
        9820       -0.44   -0.461849  0.00127628
        9821       -0.36   -0.461839  0.00127619
        9822       -0.44   -0.461837  0.00127607
        9823       -0.44   -0.461834  0.00127594
        9824       -0.36   -0.461824  0.00127585
        9825       -0.52    -0.46183  0.00127573
        9826       -0.52   -0.461836  0.00127562
        9827       -0.44   -0.461834  0.00127549
        9828       -0.36   -0.461823   0.0012754
        9829       -0.52   -0.461829  0.00127529
        9830        -0.6   -0.461843  0.00127523
        9831       -0.68   -0.461866   0.0012753
        9832        -0.6    -0.46188  0.00127525
        9833       -0.76    -0.46191  0.00127548
        9834       -0.52   -0.461916  0.00127536
        9835        -0.6    -0.46193  0.00127531
        9836       -0.68   -0.461952  0.00127537
        9837        -0.6   -0.461966  0.00127532
        9838        -0.6    -0.46198  0.00127527
        9839       -0.36    -0.46197  0.00127518
        9840       -0.36   -0.461959  0.00127509
        9841       -0.44   -0.461957  0.00127496
        9842       -0.44   -0.461955  0.00127484
        9843       -0.44   -0.461953  0.00127471
        9844       -0.52   -0.461959  0.00127459
        9845        -0.6   -0.461973  0.00127454
        9846        -0.6   -0.461987  0.00127449
        9847        -0.6   -0.462001  0.00127444
        9848       -0.44   -0.461998  0.00127431
        9849       -0.28    -0.46198  0.00127431
        9850       -0.28   -0.461961  0.00127432
        9851       -0.52   -0.461967   0.0012742
        9852        -0.6   -0.461981  0.00127415
        9853       -0.28   -0.461963  0.00127415
        9854       -0.52   -0.461969  0.00127404
        9855        -0.6   -0.461983  0.00127399
        9856       -0.68   -0.462005  0.00127405
        9857       -0.36   -0.461995  0.00127396
        9858       -0.44   -0.461992  0.00127383
        9859       -0.44    -0.46199  0.00127371
        9860       -0.44   -0.461988  0.00127358
        9861        -0.6   -0.462002  0.00127353
        9862       -0.52   -0.462008  0.00127341
        9863       -0.28   -0.461989  0.00127342
        9864        -0.2   -0.461963  0.00127356
        9865       -0.36   -0.461952  0.00127348
        9866       -0.52   -0.461958  0.00127336
        9867       -0.44   -0.461956  0.00127323
        9868        -0.6    -0.46197  0.00127318
        9869        -0.2   -0.461943  0.00127333
        9870       -0.36   -0.461933  0.00127324
        9871       -0.28   -0.461915  0.00127325
        9872       -0.36   -0.461904  0.00127316
        9873       -0.28   -0.461886  0.00127316
        9874       -0.28   -0.461868  0.00127317
        9875       -0.44   -0.461865  0.00127304
        9876       -0.44   -0.461863  0.00127291
        9877       -0.68   -0.461885  0.00127298
        9878       -0.68   -0.461907  0.00127304
        9879       -0.52   -0.461913  0.00127292
        9880        -0.6   -0.461927  0.00127287
        9881       -0.52   -0.461933  0.00127276
        9882       -0.44   -0.461931  0.00127263
        9883       -0.28   -0.461912  0.00127263
        9884       -0.44    -0.46191  0.00127251
        9885        -0.6   -0.461924  0.00127246
        9886       -0.36   -0.461914  0.00127237
        9887       -0.52    -0.46192  0.00127225
        9888       -0.44   -0.461917  0.00127213
        9889       -0.44   -0.461915    0.001272
        9890       -0.44   -0.461913  0.00127187
        9891        -0.2   -0.461887  0.00127202
        9892        -0.6   -0.461901  0.00127197
        9893       -0.52   -0.461906  0.00127185
        9894       -0.44   -0.461904  0.00127173
        9895       -0.68   -0.461926  0.00127179
        9896       -0.52   -0.461932  0.00127167
        9897       -0.68   -0.461954  0.00127174
        9898        -0.6   -0.461968  0.00127169
        9899       -0.44   -0.461966  0.00127156
        9900        -0.2   -0.461939  0.00127171
        9901       -0.36   -0.461929  0.00127162
        9902       -0.36   -0.461919  0.00127153
        9903       -0.36   -0.461909  0.00127145
        9904       -0.44   -0.461906  0.00127132
        9905       -0.44   -0.461904  0.00127119
        9906       -0.36   -0.461894  0.00127111
        9907       -0.44   -0.461892  0.00127098
        9908       -0.28   -0.461873  0.00127098
        9909       -0.44   -0.461871  0.00127086
        9910       -0.76   -0.461901  0.00127108
        9911        -0.6   -0.461915  0.00127103
        9912       -0.36   -0.461905  0.00127095
        9913       -0.28   -0.461886  0.00127095
        9914       -0.52   -0.461892  0.00127084
        9915       -0.52   -0.461898  0.00127072
        9916        -0.6   -0.461912  0.00127067
        9917       -0.52   -0.461918  0.00127055
        9918       -0.76   -0.461948  0.00127078
        9919        -0.6   -0.461962  0.00127073
        9920       -0.76   -0.461992  0.00127096
        9921        -0.6   -0.462006  0.00127091
        9922       -0.44   -0.462004  0.00127078
        9923        -0.6   -0.462018  0.00127073
        9924       -0.36   -0.462007  0.00127064
        9925       -0.44   -0.462005  0.00127051
        9926       -0.36   -0.461995  0.00127043
        9927       -0.52   -0.462001  0.00127031
        9928       -0.28   -0.461982  0.00127032
        9929       -0.28   -0.461964  0.00127032
        9930       -0.36   -0.461954  0.00127024
        9931       -0.36   -0.461943  0.00127015
        9932       -0.36   -0.461933  0.00127006
        9933       -0.44   -0.461931  0.00126994
        9934       -0.44   -0.461929  0.00126981
        9935       -0.52   -0.461935   0.0012697
        9936        -0.6   -0.461948  0.00126964
        9937       -0.44   -0.461946  0.00126952
        9938       -0.44   -0.461944  0.00126939
        9939       -0.44   -0.461942  0.00126927
        9940       -0.52   -0.461948  0.00126915
        9941       -0.68    -0.46197  0.00126922
        9942       -0.52   -0.461975   0.0012691
        9943       -0.52   -0.461981  0.00126899
        9944       -0.36   -0.461971   0.0012689
        9945       -0.28   -0.461953   0.0012689
        9946       -0.52   -0.461959  0.00126879
        9947        -0.6   -0.461972  0.00126874
        9948        -0.6   -0.461986  0.00126869
        9949       -0.68   -0.462008  0.00126875
        9950       -0.52   -0.462014  0.00126863
        9951        -0.2   -0.461988  0.00126878
        9952       -0.36   -0.461977  0.00126869
        9953       -0.36   -0.461967  0.00126861
        9954       -0.36   -0.461957  0.00126852
        9955       -0.36   -0.461947  0.00126844
        9956       -0.44   -0.461945  0.00126831
        9957       -0.52    -0.46195   0.0012682
        9958       -0.44   -0.461948  0.00126807
        9959        -0.6   -0.461962  0.00126802
        9960       -0.44    -0.46196  0.00126789
        9961       -0.44   -0.461958  0.00126777
        9962        -0.6   -0.461971  0.00126772
        9963       -0.28   -0.461953  0.00126772
        9964        -0.6   -0.461967  0.00126767
        9965       -0.44   -0.461965  0.00126754
        9966       -0.52   -0.461971  0.00126743
        9967       -0.76   -0.462001  0.00126766
        9968       -0.44   -0.461998  0.00126753
        9969       -0.44   -0.461996  0.00126741
        9970        -0.2    -0.46197  0.00126755
        9971       -0.36    -0.46196  0.00126747
        9972       -0.36   -0.461949  0.00126738
        9973       -0.44   -0.461947  0.00126725
        9974        -0.2   -0.461921   0.0012674
        9975       -0.44   -0.461919  0.00126727
        9976       -0.36   -0.461909  0.00126719
        9977       -0.44   -0.461906  0.00126706
        9978       -0.52   -0.461912  0.00126695
        9979       -0.28   -0.461894  0.00126695
        9980        -0.2   -0.461868   0.0012671
        9981       -0.36   -0.461858  0.00126701
        9982       -0.44   -0.461855  0.00126689
        9983       -0.36   -0.461845   0.0012668
        9984        -0.6   -0.461859  0.00126675
        9985        -0.6   -0.461873   0.0012667
        9986       -0.52   -0.461879  0.00126659
        9987       -0.44   -0.461876  0.00126646
        9988        -0.6    -0.46189  0.00126641
        9989       -0.52   -0.461896   0.0012663
        9990       -0.52   -0.461902  0.00126618
        9991       -0.52   -0.461908  0.00126607
        9992        -0.6   -0.461922  0.00126602
        9993       -0.52   -0.461927  0.00126591
        9994        -0.2   -0.461901  0.00126605
        9995        -0.2   -0.461875  0.00126619
        9996       -0.36   -0.461865  0.00126611
        9997       -0.44   -0.461863  0.00126598
        9998        -0.6   -0.461876  0.00126593
        9999        -0.6    -0.46189  0.00126588
       10000       -0.44   -0.461888  0.00126576
       10001       -0.36   -0.461878  0.00126567
       10002       -0.44   -0.461876  0.00126555
       10003       -0.44   -0.461873  0.00126542
       10004       -0.36   -0.461863  0.00126534
       10005       -0.36   -0.461853  0.00126525
       10006        -0.6   -0.461867   0.0012652
       10007       -0.44   -0.461865  0.00126507
       10008       -0.44   -0.461863  0.00126495
       10009       -0.52   -0.461868  0.00126484
       10010       -0.36   -0.461858  0.00126475
       10011       -0.44   -0.461856  0.00126463
       10012       -0.44   -0.461854   0.0012645
       10013       -0.36   -0.461844  0.00126442
       10014       -0.52   -0.461849   0.0012643
       10015        -0.6   -0.461863  0.00126425
       10016       -0.68   -0.461885  0.00126432
       10017       -0.36   -0.461875  0.00126423
       10018       -0.44   -0.461873  0.00126411
       10019       -0.44    -0.46187  0.00126398
       10020       -0.28   -0.461852  0.00126399
       10021       -0.44    -0.46185  0.00126386
       10022       -0.36    -0.46184  0.00126378
       10023       -0.52   -0.461846  0.00126366
       10024       -0.52   -0.461852  0.00126355
       10025       -0.36   -0.461841  0.00126347
       10026       -0.36   -0.461831  0.00126338
       10027       -0.52   -0.461837  0.00126327
       10028       -0.52   -0.461843  0.00126315
       10029       -0.44   -0.461841  0.00126303
       10030       -0.36   -0.461831  0.00126295
       10031        -0.6   -0.461844  0.00126289
       10032        -0.6   -0.461858  0.00126284
       10033        -0.6   -0.461872  0.00126279
       10034       -0.44    -0.46187  0.00126267
       10035       -0.36   -0.461859  0.00126258
       10036       -0.52   -0.461865  0.00126247
       10037       -0.28   -0.461847  0.00126248
       10038       -0.44   -0.461845  0.00126235
       10039       -0.52   -0.461851  0.00126224
       10040       -0.52   -0.461857  0.00126213
       10041       -0.36   -0.461846  0.00126204
       10042       -0.44   -0.461844  0.00126192
       10043       -0.52    -0.46185  0.00126181
       10044       -0.44   -0.461848  0.00126168
       10045       -0.52   -0.461854  0.00126157
       10046       -0.28   -0.461836  0.00126157
       10047       -0.52   -0.461841  0.00126146
       10048       -0.44   -0.461839  0.00126134
       10049       -0.36   -0.461829  0.00126125
       10050       -0.44   -0.461827  0.00126113
       10051        -0.6   -0.461841  0.00126108
       10052       -0.12   -0.461807  0.00126141
       10053        -0.6    -0.46182  0.00126136
       10054        -0.6   -0.461834  0.00126131
       10055       -0.44   -0.461832  0.00126119
       10056       -0.44    -0.46183  0.00126106
       10057       -0.52   -0.461836  0.00126095
       10058       -0.44   -0.461833  0.00126083
       10059       -0.44   -0.461831   0.0012607
       10060        -0.6   -0.461845  0.00126065
       10061       -0.52   -0.461851  0.00126054
       10062        -0.6   -0.461864  0.00126049
       10063        -0.6   -0.461878  0.00126044
       10064       -0.44   -0.461876  0.00126032
       10065       -0.44   -0.461874  0.00126019
       10066       -0.44   -0.461872  0.00126007
       10067       -0.36   -0.461862  0.00125999
       10068       -0.68   -0.461883  0.00126005
       10069       -0.76   -0.461913  0.00126027
       10070       -0.52   -0.461919  0.00126016
       10071       -0.68    -0.46194  0.00126022
       10072       -0.52   -0.461946  0.00126011
       10073       -0.68   -0.461968  0.00126017
       10074       -0.36   -0.461958  0.00126008
       10075       -0.36   -0.461947     0.00126
       10076        -0.2   -0.461921  0.00126014
       10077       -0.52   -0.461927  0.00126003
       10078       -0.44   -0.461925  0.00125991
       10079       -0.68   -0.461947  0.00125997
       10080        -0.6    -0.46196  0.00125992
       10081       -0.44   -0.461958  0.00125979
       10082       -0.28    -0.46194   0.0012598
       10083       -0.52   -0.461946  0.00125969
       10084       -0.36   -0.461936   0.0012596
       10085       -0.36   -0.461926  0.00125952
       10086        -0.6   -0.461939  0.00125947
       10087       -0.36   -0.461929  0.00125938
       10088       -0.44   -0.461927  0.00125926
       10089       -0.52   -0.461933  0.00125915
       10090       -0.68   -0.461954  0.00125921
       10091       -0.36   -0.461944  0.00125913
       10092       -0.68   -0.461966  0.00125919
       10093       -0.68   -0.461988  0.00125925
       10094        -0.6   -0.462001   0.0012592
       10095       -0.44   -0.461999  0.00125907
       10096       -0.36   -0.461989  0.00125899
       10097       -0.36   -0.461979   0.0012589
       10098       -0.44   -0.461977  0.00125878
       10099       -0.36   -0.461967   0.0012587
       10100       -0.52   -0.461972  0.00125859
       10101        -0.6   -0.461986  0.00125854
       10102       -0.28   -0.461968  0.00125854
       10103       -0.36   -0.461958  0.00125846
       10104       -0.52   -0.461964  0.00125834
       10105       -0.28   -0.461946  0.00125835
       10106       -0.36   -0.461935  0.00125827
       10107        -0.2    -0.46191  0.00125841
       10108       -0.44   -0.461907  0.00125828
       10109       -0.44   -0.461905  0.00125816
       10110       -0.44   -0.461903  0.00125804
       10111        -0.6   -0.461917  0.00125799
       10112       -0.52   -0.461922  0.00125788
       10113       -0.36   -0.461912  0.00125779
       10114       -0.44    -0.46191  0.00125767
       10115       -0.52   -0.461916  0.00125756
       10116       -0.44   -0.461914  0.00125744
       10117       -0.52    -0.46192  0.00125733
       10118       -0.52   -0.461925  0.00125722
       10119       -0.28   -0.461907  0.00125722
       10120       -0.44   -0.461905   0.0012571
       10121       -0.44   -0.461903  0.00125698
       10122       -0.52   -0.461909  0.00125686
       10123       -0.52   -0.461914  0.00125675
       10124       -0.44   -0.461912  0.00125663
       10125       -0.44    -0.46191  0.00125651
       10126       -0.44   -0.461908  0.00125639
       10127       -0.28    -0.46189  0.00125639
       10128       -0.36    -0.46188  0.00125631
       10129       -0.36    -0.46187  0.00125622
       10130       -0.44   -0.461868   0.0012561
       10131       -0.36   -0.461858  0.00125602
       10132        -0.2   -0.461832  0.00125616
       10133       -0.28   -0.461814  0.00125616
       10134       -0.12    -0.46178  0.00125649
       10135       -0.52   -0.461786  0.00125638
       10136       -0.36   -0.461776   0.0012563
       10137       -0.44   -0.461774  0.00125618
       10138       -0.28   -0.461756  0.00125618
       10139       -0.44   -0.461754  0.00125606
       10140       -0.76   -0.461783  0.00125628
       10141       -0.76   -0.461812   0.0012565
       10142       -0.52   -0.461818  0.00125639
       10143       -0.44   -0.461816  0.00125627
       10144       -0.52   -0.461822  0.00125615
       10145       -0.28   -0.461804  0.00125616
       10146       -0.12    -0.46177  0.00125649
       10147       -0.44   -0.461768  0.00125636
       10148        -0.6   -0.461782  0.00125631
       10149       -0.52   -0.461787   0.0012562
       10150        -0.6   -0.461801  0.00125615
       10151       -0.52   -0.461807  0.00125604
       10152       -0.52   -0.461812  0.00125593
       10153        -0.6   -0.461826  0.00125588
       10154       -0.44   -0.461824  0.00125576
       10155       -0.28   -0.461806  0.00125576
       10156       -0.28   -0.461788  0.00125577
       10157       -0.28    -0.46177  0.00125577
       10158       -0.44   -0.461768  0.00125565
       10159        -0.6   -0.461782   0.0012556
       10160        -0.6   -0.461795  0.00125555
       10161       -0.68   -0.461817  0.00125561
       10162       -0.44   -0.461815  0.00125549
       10163       -0.28   -0.461797  0.00125549
       10164        -0.6    -0.46181  0.00125544
       10165       -0.52   -0.461816  0.00125533
       10166        -0.6    -0.46183  0.00125528
       10167       -0.44   -0.461827  0.00125516
       10168        -0.6   -0.461841  0.00125511
       10169        -0.6   -0.461855  0.00125506
       10170       -0.28   -0.461837  0.00125507
       10171       -0.36   -0.461827  0.00125498
       10172       -0.28   -0.461809  0.00125499
       10173       -0.28   -0.461791  0.00125499
       10174       -0.28   -0.461773  0.00125499
       10175       -0.28   -0.461755    0.001255
       10176       -0.44   -0.461753  0.00125488
       10177       -0.36   -0.461743  0.00125479
       10178       -0.52   -0.461749  0.00125468
       10179        -0.6   -0.461762  0.00125463
       10180       -0.44    -0.46176  0.00125451
       10181        -0.6   -0.461774  0.00125446
       10182       -0.76   -0.461803  0.00125468
       10183       -0.76   -0.461832   0.0012549
       10184        -0.6   -0.461846  0.00125485
       10185       -0.44   -0.461844  0.00125473
       10186       -0.52    -0.46185  0.00125462
       10187       -0.28   -0.461832  0.00125462
       10188       -0.44    -0.46183   0.0012545
       10189       -0.52   -0.461835  0.00125439
       10190       -0.36   -0.461825  0.00125431
       10191       -0.52   -0.461831   0.0012542
       10192       -0.52   -0.461837  0.00125409
       10193       -0.36   -0.461827    0.001254
       10194       -0.36   -0.461817  0.00125392
       10195       -0.36   -0.461807  0.00125384
       10196       -0.52   -0.461812  0.00125373
       10197       -0.36   -0.461802  0.00125364
       10198       -0.36   -0.461793  0.00125356
       10199        -0.6   -0.461806  0.00125351
       10200       -0.52   -0.461812   0.0012534
       10201       -0.68   -0.461833  0.00125346
       10202       -0.68   -0.461855  0.00125352
       10203       -0.44   -0.461852   0.0012534
       10204        -0.6   -0.461866  0.00125335
       10205       -0.76   -0.461895  0.00125357
       10206       -0.52   -0.461901  0.00125346
       10207       -0.68   -0.461922  0.00125352
       10208       -0.76   -0.461951  0.00125373
       10209       -0.76   -0.461981  0.00125395
       10210        -0.6   -0.461994   0.0012539
       10211       -0.44   -0.461992  0.00125378
       10212        -0.6   -0.462005  0.00125373
       10213        -0.6   -0.462019  0.00125368
       10214       -0.44   -0.462017  0.00125356
       10215       -0.52   -0.462023  0.00125345
       10216       -0.52   -0.462028  0.00125334
       10217       -0.52   -0.462034  0.00125323
       10218        -0.6   -0.462047  0.00125318
       10219       -0.36   -0.462037   0.0012531
       10220       -0.36   -0.462027  0.00125301
       10221       -0.36   -0.462017  0.00125293
       10222       -0.52   -0.462023  0.00125282
       10223       -0.52   -0.462029  0.00125271
       10224        -0.6   -0.462042  0.00125266
       10225       -0.52   -0.462048  0.00125255
       10226        -0.6   -0.462061   0.0012525
       10227       -0.44   -0.462059  0.00125238
       10228       -0.52   -0.462065  0.00125227
       10229       -0.44   -0.462063  0.00125215
       10230       -0.76   -0.462092  0.00125237
       10231       -0.52   -0.462098  0.00125226
       10232        -0.6   -0.462111  0.00125221
       10233       -0.28   -0.462093  0.00125221
       10234       -0.52   -0.462099   0.0012521
       10235       -0.52   -0.462105  0.00125199
       10236       -0.36   -0.462095  0.00125191
       10237       -0.28   -0.462077  0.00125191
       10238       -0.36   -0.462067  0.00125183
       10239       -0.28   -0.462049  0.00125184
       10240       -0.36   -0.462039  0.00125175
       10241       -0.52   -0.462045  0.00125164
       10242        -0.6   -0.462058  0.00125159
       10243       -0.44   -0.462056  0.00125147
       10244       -0.28   -0.462038  0.00125148
       10245       -0.68    -0.46206  0.00125154
       10246       -0.52   -0.462065  0.00125143
       10247        -0.6   -0.462079  0.00125138
       10248       -0.52   -0.462084  0.00125127
       10249       -0.52    -0.46209  0.00125116
       10250       -0.44   -0.462088  0.00125104
       10251       -0.44   -0.462086  0.00125092
       10252       -0.68   -0.462107  0.00125098
       10253       -0.52   -0.462113  0.00125087
       10254       -0.44    -0.46211  0.00125075
       10255       -0.52   -0.462116  0.00125064
       10256       -0.44   -0.462114  0.00125052
       10257       -0.44   -0.462112   0.0012504
       10258       -0.36   -0.462102  0.00125032
       10259       -0.36   -0.462092  0.00125023
       10260       -0.28   -0.462074  0.00125024
       10261       -0.52    -0.46208  0.00125013
       10262       -0.52   -0.462085  0.00125002
       10263       -0.68   -0.462107  0.00125008
       10264       -0.52   -0.462112  0.00124997
       10265       -0.36   -0.462102  0.00124989
       10266       -0.52   -0.462108  0.00124978
       10267       -0.52   -0.462114  0.00124967
       10268        -0.6   -0.462127  0.00124962
       10269        -0.6    -0.46214  0.00124957
       10270       -0.44   -0.462138  0.00124945
       10271       -0.44   -0.462136  0.00124933
       10272        -0.6    -0.46215  0.00124928
       10273       -0.36    -0.46214   0.0012492
       10274       -0.52   -0.462145  0.00124909
       10275       -0.36   -0.462135  0.00124901
       10276       -0.36   -0.462125  0.00124893
       10277       -0.28   -0.462108  0.00124893
       10278        -0.2   -0.462082  0.00124907
       10279       -0.28   -0.462064  0.00124907
       10280       -0.36   -0.462054  0.00124899
       10281       -0.44   -0.462052  0.00124887
       10282       -0.36   -0.462042  0.00124879
       10283       -0.36   -0.462032  0.00124871
       10284       -0.28   -0.462015  0.00124871
       10285       -0.44   -0.462013  0.00124859
       10286       -0.28   -0.461995  0.00124859
       10287       -0.44   -0.461993  0.00124848
       10288       -0.44   -0.461991  0.00124836
       10289       -0.44   -0.461989  0.00124824
       10290       -0.52   -0.461994  0.00124813
       10291       -0.76   -0.462023  0.00124834
       10292       -0.68   -0.462044   0.0012484
       10293       -0.68   -0.462065  0.00124846
       10294       -0.52   -0.462071  0.00124835
       10295       -0.36   -0.462061  0.00124827
       10296       -0.04    -0.46202  0.00124882
       10297       -0.04   -0.461979  0.00124937
       10298       -0.28   -0.461962  0.00124937
       10299       -0.36   -0.461952  0.00124929
       10300        -0.6   -0.461965  0.00124924
       10301        -0.6   -0.461978  0.00124919
       10302       -0.44   -0.461976  0.00124907
       10303        -0.6    -0.46199  0.00124903
       10304       -0.44   -0.461988  0.00124891
       10305       -0.36   -0.461978  0.00124882
       10306       -0.28    -0.46196  0.00124883
       10307        -0.6   -0.461973  0.00124878
       10308        -0.6   -0.461987  0.00124873
       10309       -0.52   -0.461992  0.00124862
       10310       -0.28   -0.461975  0.00124862
       10311       -0.52    -0.46198  0.00124852
       10312       -0.52   -0.461986  0.00124841
       10313        -0.6   -0.461999  0.00124836
       10314        -0.6   -0.462013  0.00124831
       10315        -0.2   -0.461987  0.00124845
       10316       -0.44   -0.461985  0.00124833
       10317       -0.44   -0.461983  0.00124821
       10318        -0.2   -0.461958  0.00124834
       10319       -0.44   -0.461956  0.00124823
       10320       -0.36   -0.461946  0.00124814
       10321       -0.36   -0.461936  0.00124806
       10322        -0.2    -0.46191   0.0012482
       10323       -0.36   -0.461901  0.00124812
       10324       -0.36   -0.461891  0.00124804
       10325       -0.36   -0.461881  0.00124795
       10326       -0.36   -0.461871  0.00124787
       10327       -0.52   -0.461877  0.00124776
       10328        -0.2   -0.461851   0.0012479
       10329       -0.44   -0.461849  0.00124778
       10330       -0.44   -0.461847  0.00124766
       10331       -0.68   -0.461868  0.00124772
       10332       -0.44   -0.461866   0.0012476
       10333       -0.52   -0.461872  0.00124749
       10334        -0.6   -0.461885  0.00124744
       10335       -0.68   -0.461906   0.0012475
       10336       -0.52   -0.461912  0.00124739
       10337       -0.44    -0.46191  0.00124727
       10338       -0.36     -0.4619  0.00124719
       10339        -0.2   -0.461874  0.00124733
       10340       -0.44   -0.461872  0.00124721
       10341       -0.52   -0.461878   0.0012471
       10342       -0.52   -0.461884  0.00124699
       10343        -0.6   -0.461897  0.00124695
       10344        -0.6    -0.46191   0.0012469
       10345       -0.44   -0.461908  0.00124678
       10346       -0.36   -0.461898   0.0012467
       10347        -0.2   -0.461873  0.00124683
       10348        -0.2   -0.461848  0.00124697
       10349       -0.28    -0.46183  0.00124697
       10350        -0.6   -0.461843  0.00124692
       10351        -0.6   -0.461857  0.00124687
       10352       -0.44   -0.461855  0.00124676
       10353        -0.2   -0.461829  0.00124689
       10354       -0.36    -0.46182  0.00124681
       10355       -0.36    -0.46181  0.00124673
       10356       -0.44   -0.461808  0.00124661
       10357       -0.44   -0.461806  0.00124649
       10358       -0.28   -0.461788  0.00124649
       10359       -0.52   -0.461794  0.00124639
       10360       -0.68   -0.461815  0.00124644
       10361       -0.68   -0.461836   0.0012465
       10362       -0.68   -0.461857  0.00124656
       10363       -0.52   -0.461862  0.00124645
       10364        -0.6   -0.461876   0.0012464
       10365       -0.52   -0.461881   0.0012463
       10366        -0.6   -0.461895  0.00124625
       10367        -0.6   -0.461908   0.0012462
       10368       -0.52   -0.461914  0.00124609
       10369       -0.44   -0.461911  0.00124597
       10370       -0.52   -0.461917  0.00124586
       10371        -0.6    -0.46193  0.00124581
       10372        -0.6   -0.461944  0.00124577
       10373        -0.2   -0.461918   0.0012459
       10374       -0.36   -0.461909  0.00124582
       10375       -0.52   -0.461914  0.00124571
       10376       -0.52    -0.46192  0.00124561
       10377        -0.6   -0.461933  0.00124556
       10378       -0.36   -0.461923  0.00124548
       10379       -0.44   -0.461921  0.00124536
       10380       -0.28   -0.461904  0.00124536
       10381       -0.36   -0.461894  0.00124528
       10382        -0.2   -0.461869  0.00124541
       10383       -0.44   -0.461867   0.0012453
       10384       -0.28   -0.461849   0.0012453
       10385       -0.44   -0.461847  0.00124518
       10386       -0.36   -0.461837   0.0012451
       10387       -0.36   -0.461827  0.00124502
       10388        -0.6   -0.461841  0.00124497
       10389       -0.68   -0.461862  0.00124503
       10390       -0.68   -0.461883  0.00124508
       10391       -0.52   -0.461888  0.00124498
       10392        -0.6   -0.461901  0.00124493
       10393       -0.44   -0.461899  0.00124481
       10394       -0.44   -0.461897  0.00124469
       10395       -0.36   -0.461887  0.00124461
       10396       -0.44   -0.461885  0.00124449
       10397       -0.36   -0.461876  0.00124441
       10398       -0.44   -0.461873  0.00124429
       10399        -0.2   -0.461848  0.00124443
       10400       -0.28   -0.461831  0.00124443
       10401       -0.52   -0.461836  0.00124433
       10402       -0.36   -0.461827  0.00124424
       10403       -0.28   -0.461809  0.00124425
       10404       -0.44   -0.461807  0.00124413
       10405       -0.28    -0.46179  0.00124413
       10406       -0.28   -0.461772  0.00124414
       10407       -0.44    -0.46177  0.00124402
       10408       -0.36    -0.46176  0.00124394
       10409       -0.52   -0.461766  0.00124383
       10410       -0.52   -0.461771  0.00124372
       10411        -0.6   -0.461785  0.00124367
       10412        -0.6   -0.461798  0.00124363
       10413       -0.68   -0.461819  0.00124368
       10414       -0.36   -0.461809   0.0012436
       10415        -0.6   -0.461822  0.00124355
       10416       -0.68   -0.461843  0.00124361
       10417        -0.6   -0.461857  0.00124356
       10418       -0.68   -0.461878  0.00124362
       10419       -0.44   -0.461875   0.0012435
       10420       -0.52   -0.461881  0.00124339
       10421        -0.6   -0.461894  0.00124335
       10422       -0.68   -0.461915   0.0012434
       10423        -0.6   -0.461928  0.00124335
       10424       -0.44   -0.461926  0.00124324
       10425       -0.44   -0.461924  0.00124312
       10426       -0.52    -0.46193  0.00124301
       10427       -0.04   -0.461889  0.00124355
       10428       -0.36    -0.46188  0.00124347
       10429        -0.6   -0.461893  0.00124342
       10430       -0.44   -0.461891   0.0012433
       10431        -0.6   -0.461904  0.00124326
       10432       -0.36   -0.461894  0.00124317
       10433       -0.52     -0.4619  0.00124307
       10434       -0.44   -0.461898  0.00124295
       10435       -0.36   -0.461888  0.00124287
       10436        -0.6   -0.461901  0.00124282
       10437       -0.52   -0.461907  0.00124271
       10438       -0.52   -0.461912  0.00124261
       10439       -0.36   -0.461902  0.00124253
       10440       -0.36   -0.461893  0.00124245
       10441       -0.36   -0.461883  0.00124237
       10442       -0.44   -0.461881  0.00124225
       10443       -0.52   -0.461886  0.00124214
       10444       -0.52   -0.461892  0.00124204
       10445       -0.36   -0.461882  0.00124196
       10446       -0.28   -0.461865  0.00124196
       10447       -0.28   -0.461847  0.00124196
       10448        -0.6   -0.461861  0.00124191
       10449       -0.44   -0.461859   0.0012418
       10450       -0.28   -0.461841   0.0012418
       10451       -0.36   -0.461831  0.00124172
       10452       -0.44   -0.461829   0.0012416
       10453       -0.52   -0.461835   0.0012415
       10454        -0.6   -0.461848  0.00124145
       10455       -0.52   -0.461854  0.00124134
       10456       -0.44   -0.461852  0.00124122
       10457        -0.6   -0.461865  0.00124118
       10458       -0.68   -0.461886  0.00124123
       10459       -0.44   -0.461884  0.00124111
       10460       -0.28   -0.461866  0.00124112
       10461       -0.36   -0.461856  0.00124104
       10462       -0.28   -0.461839  0.00124104
       10463       -0.28   -0.461822  0.00124104
       10464       -0.36   -0.461812  0.00124096
       10465       -0.44    -0.46181  0.00124085
       10466        -0.6   -0.461823   0.0012408
       10467        -0.6   -0.461836  0.00124075
       10468       -0.52   -0.461842  0.00124064
       10469       -0.36   -0.461832  0.00124056
       10470       -0.36   -0.461822  0.00124048
       10471       -0.52   -0.461828  0.00124038
       10472       -0.44   -0.461826  0.00124026
       10473       -0.44   -0.461824  0.00124014
       10474       -0.52   -0.461829  0.00124004
       10475       -0.36    -0.46182  0.00123996
       10476       -0.68    -0.46184  0.00124001
       10477       -0.52   -0.461846  0.00123991
       10478       -0.68   -0.461867  0.00123996
       10479       -0.52   -0.461872  0.00123986
       10480       -0.44    -0.46187  0.00123974
       10481       -0.52   -0.461876  0.00123964
       10482       -0.36   -0.461866  0.00123956
       10483       -0.12   -0.461833  0.00123987
       10484        -0.2   -0.461808     0.00124
       10485       -0.36   -0.461799  0.00123992
       10486       -0.12   -0.461766  0.00124023
       10487       -0.28   -0.461749  0.00124023
       10488       -0.52   -0.461754  0.00124013
       10489        -0.6   -0.461768  0.00124008
       10490       -0.44   -0.461765  0.00123996
       10491       -0.28   -0.461748  0.00123996
       10492       -0.44   -0.461746  0.00123985
       10493       -0.44   -0.461744  0.00123973
       10494        -0.6   -0.461757  0.00123968
       10495       -0.52   -0.461763  0.00123958
       10496       -0.52   -0.461768  0.00123947
       10497       -0.36   -0.461759  0.00123939
       10498       -0.44   -0.461757  0.00123928
       10499       -0.52   -0.461762  0.00123917
       10500        -0.6   -0.461775  0.00123912
       10501       -0.44   -0.461773  0.00123901
       10502       -0.44   -0.461771  0.00123889
       10503       -0.28   -0.461754  0.00123889
       10504       -0.44   -0.461752  0.00123878
       10505        -0.6   -0.461765  0.00123873
       10506       -0.44   -0.461763  0.00123861
       10507       -0.44   -0.461761   0.0012385
       10508       -0.52   -0.461766  0.00123839
       10509       -0.52   -0.461772  0.00123829
       10510        -0.6   -0.461785  0.00123824
       10511       -0.44   -0.461783  0.00123812
       10512       -0.52   -0.461788  0.00123802
       10513        -0.6   -0.461802  0.00123797
       10514       -0.44     -0.4618  0.00123785
       10515       -0.52   -0.461805  0.00123775
       10516       -0.44   -0.461803  0.00123763
       10517       -0.52   -0.461809  0.00123753
       10518       -0.52   -0.461814  0.00123742
       10519        -0.6   -0.461827  0.00123737
       10520       -0.44   -0.461825  0.00123726
       10521       -0.44   -0.461823  0.00123714
       10522       -0.36   -0.461813  0.00123706
       10523       -0.36   -0.461804  0.00123698
       10524       -0.36   -0.461794   0.0012369
       10525       -0.44   -0.461792  0.00123679
       10526       -0.52   -0.461797  0.00123668
       10527       -0.36   -0.461788   0.0012366
       10528       -0.44   -0.461786  0.00123648
       10529       -0.52   -0.461791  0.00123638
       10530       -0.36   -0.461782   0.0012363
       10531       -0.44    -0.46178  0.00123618
       10532       -0.44   -0.461777  0.00123607
       10533       -0.36   -0.461768  0.00123599
       10534        -0.2   -0.461743  0.00123612
       10535       -0.36   -0.461733  0.00123604
       10536       -0.44   -0.461731  0.00123593
       10537        -0.6   -0.461744  0.00123588
       10538       -0.44   -0.461742  0.00123576
       10539       -0.44    -0.46174  0.00123565
       10540       -0.36   -0.461731  0.00123557
       10541       -0.44   -0.461728  0.00123545
       10542        -0.6   -0.461742  0.00123541
       10543        -0.6   -0.461755  0.00123536
       10544       -0.44   -0.461753  0.00123524
       10545        -0.6   -0.461766  0.00123519
       10546       -0.52   -0.461771  0.00123509
       10547       -0.68   -0.461792  0.00123515
       10548       -0.68   -0.461813   0.0012352
       10549       -0.76   -0.461841  0.00123541
       10550        -0.6   -0.461854  0.00123536
       10551       -0.52    -0.46186  0.00123526
       10552       -0.28   -0.461842  0.00123526
       10553       -0.44    -0.46184  0.00123514
       10554       -0.28   -0.461823  0.00123515
       10555        -0.2   -0.461798  0.00123528
       10556        -0.2   -0.461773  0.00123541
       10557       -0.52   -0.461779  0.00123531
       10558       -0.44   -0.461777  0.00123519
       10559       -0.36   -0.461767  0.00123511
       10560       -0.28    -0.46175  0.00123511
       10561       -0.28   -0.461733  0.00123512
       10562       -0.44   -0.461731    0.001235
       10563       -0.76   -0.461759  0.00123521
       10564       -0.76   -0.461787  0.00123541
       10565       -0.44   -0.461785   0.0012353
       10566       -0.36   -0.461776  0.00123522
       10567       -0.28   -0.461758  0.00123522
       10568        -0.2   -0.461734  0.00123535
       10569       -0.44   -0.461731  0.00123524
       10570       -0.52   -0.461737  0.00123513
       10571       -0.44   -0.461735  0.00123502
       10572       -0.52    -0.46174  0.00123491
       10573       -0.36   -0.461731  0.00123483
       10574       -0.44   -0.461729  0.00123472
       10575       -0.36   -0.461719  0.00123464
       10576       -0.44   -0.461717  0.00123453
       10577        -0.6    -0.46173  0.00123448
       10578       -0.52   -0.461736  0.00123437
       10579       -0.44   -0.461734  0.00123426
       10580       -0.52   -0.461739  0.00123415
       10581        -0.6   -0.461752  0.00123411
       10582       -0.68   -0.461773  0.00123416
       10583        -0.6   -0.461786  0.00123411
       10584        -0.6   -0.461799  0.00123407
       10585       -0.68    -0.46182  0.00123412
       10586       -0.52   -0.461825  0.00123402
       10587       -0.52   -0.461831  0.00123391
       10588       -0.36   -0.461821  0.00123384
       10589       -0.36   -0.461811  0.00123376
       10590       -0.44   -0.461809  0.00123364
       10591       -0.36     -0.4618  0.00123356
       10592        -0.6   -0.461813  0.00123351
       10593       -0.52   -0.461818  0.00123341
       10594       -0.36   -0.461809  0.00123333
       10595       -0.28   -0.461791  0.00123333
       10596       -0.44   -0.461789  0.00123322
       10597       -0.44   -0.461787  0.00123311
       10598       -0.68   -0.461808  0.00123316
       10599        -0.6   -0.461821  0.00123311
       10600       -0.68   -0.461842  0.00123317
       10601       -0.68   -0.461862  0.00123322
       10602       -0.44    -0.46186  0.00123311
       10603       -0.52   -0.461866  0.00123301
       10604       -0.36   -0.461856  0.00123293
       10605       -0.36   -0.461846  0.00123285
       10606       -0.52   -0.461852  0.00123274
       10607        -0.6   -0.461865   0.0012327
       10608       -0.44   -0.461863  0.00123258
       10609       -0.28   -0.461846  0.00123258
       10610        -0.2   -0.461821  0.00123272
       10611       -0.44   -0.461819   0.0012326
       10612       -0.52   -0.461824   0.0012325
       10613       -0.52    -0.46183  0.00123239
       10614       -0.52   -0.461835  0.00123229
       10615       -0.52   -0.461841  0.00123219
       10616       -0.52   -0.461846  0.00123208
       10617       -0.52   -0.461852  0.00123198
       10618       -0.68   -0.461872  0.00123203
       10619       -0.44    -0.46187  0.00123192
       10620       -0.36   -0.461861  0.00123184
       10621       -0.52   -0.461866  0.00123174
       10622       -0.68   -0.461887  0.00123179
       10623       -0.68   -0.461907  0.00123185
       10624       -0.76   -0.461935  0.00123205
       10625       -0.44   -0.461933  0.00123194
       10626       -0.44   -0.461931  0.00123182
       10627       -0.36   -0.461922  0.00123174
       10628       -0.52   -0.461927  0.00123164
       10629        -0.6    -0.46194  0.00123159
       10630       -0.44   -0.461938  0.00123148
       10631       -0.36   -0.461928   0.0012314
       10632       -0.52   -0.461934   0.0012313
       10633        -0.6   -0.461947  0.00123125
       10634       -0.44   -0.461945  0.00123113
       10635       -0.52    -0.46195  0.00123103
       10636       -0.44   -0.461948  0.00123092
       10637       -0.44   -0.461946   0.0012308
       10638       -0.36   -0.461936  0.00123072
       10639       -0.36   -0.461927  0.00123065
       10640        -0.2   -0.461902  0.00123078
       10641       -0.36   -0.461893   0.0012307
       10642       -0.68   -0.461913  0.00123075
       10643       -0.44   -0.461911  0.00123064
       10644       -0.52   -0.461917  0.00123054
       10645       -0.44   -0.461915  0.00123042
       10646       -0.52    -0.46192  0.00123032
       10647       -0.36    -0.46191  0.00123024
       10648       -0.36   -0.461901  0.00123016
       10649       -0.44   -0.461899  0.00123005
       10650       -0.44   -0.461897  0.00122993
       10651       -0.44   -0.461895  0.00122982
       10652       -0.44   -0.461893  0.00122971
       10653       -0.44   -0.461891  0.00122959
       10654       -0.44   -0.461888  0.00122948
       10655       -0.36   -0.461879   0.0012294
       10656       -0.44   -0.461877  0.00122929
       10657       -0.52   -0.461882  0.00122918
       10658       -0.52   -0.461888  0.00122908
       10659       -0.36   -0.461878    0.001229
       10660       -0.52   -0.461884   0.0012289
       10661       -0.28   -0.461867   0.0012289
       10662       -0.28    -0.46185  0.00122891
       10663        -0.2   -0.461825  0.00122904
       10664       -0.52    -0.46183  0.00122893
       10665       -0.28   -0.461813  0.00122894
       10666       -0.36   -0.461804  0.00122886
       10667       -0.52   -0.461809  0.00122875
       10668       -0.44   -0.461807  0.00122864
       10669        -0.6    -0.46182  0.00122859
       10670       -0.36   -0.461811  0.00122852
       10671       -0.44   -0.461809   0.0012284
       10672       -0.52   -0.461814   0.0012283
       10673       -0.52    -0.46182   0.0012282
       10674       -0.36    -0.46181  0.00122812
       10675       -0.44   -0.461808  0.00122801
       10676       -0.44   -0.461806  0.00122789
       10677       -0.44   -0.461804  0.00122778
       10678       -0.44   -0.461802  0.00122767
       10679       -0.52   -0.461807  0.00122756
       10680       -0.44   -0.461805  0.00122745
       10681       -0.44   -0.461803  0.00122734
       10682       -0.52   -0.461809  0.00122723
       10683       -0.44   -0.461807  0.00122712
       10684        -0.2   -0.461782  0.00122725
       10685       -0.28   -0.461765  0.00122725
       10686       -0.44   -0.461763  0.00122714
       10687       -0.28   -0.461746  0.00122714
       10688       -0.36   -0.461737  0.00122706
       10689       -0.52   -0.461742  0.00122696
       10690        -0.6   -0.461755  0.00122692
       10691       -0.52    -0.46176  0.00122681
       10692       -0.52   -0.461766  0.00122671
       10693       -0.52   -0.461771  0.00122661
       10694       -0.52   -0.461777   0.0012265
       10695       -0.36   -0.461767  0.00122643
       10696       -0.44   -0.461765  0.00122631
       10697       -0.44   -0.461763   0.0012262
       10698       -0.36   -0.461754  0.00122612
       10699       -0.28   -0.461737  0.00122613
       10700       -0.52   -0.461742  0.00122602
       10701       -0.36   -0.461733  0.00122595
       10702       -0.36   -0.461723  0.00122587
       10703       -0.52   -0.461728  0.00122577
       10704       -0.52   -0.461734  0.00122566
       10705       -0.52   -0.461739  0.00122556
       10706       -0.36    -0.46173  0.00122548
       10707       -0.52   -0.461735  0.00122538
       10708       -0.44   -0.461733  0.00122527
       10709        -0.6   -0.461746  0.00122522
       10710       -0.52   -0.461752  0.00122512
       10711       -0.68   -0.461772  0.00122517
       10712       -0.36   -0.461763   0.0012251
       10713       -0.44    -0.46176  0.00122498
       10714       -0.36   -0.461751  0.00122491
       10715       -0.28   -0.461734  0.00122491
       10716       -0.36   -0.461725  0.00122483
       10717       -0.28   -0.461708  0.00122484
       10718       -0.52   -0.461713  0.00122473
       10719       -0.44   -0.461711  0.00122462
       10720       -0.44   -0.461709  0.00122451
       10721       -0.44   -0.461707   0.0012244
       10722       -0.52   -0.461712  0.00122429
       10723       -0.44    -0.46171  0.00122418
       10724       -0.28   -0.461693  0.00122418
       10725       -0.36   -0.461684  0.00122411
       10726       -0.68   -0.461704  0.00122416
       10727       -0.52    -0.46171  0.00122406
       10728       -0.44   -0.461708  0.00122395
       10729       -0.28   -0.461691  0.00122395
       10730       -0.68   -0.461711  0.00122401
       10731       -0.52   -0.461717   0.0012239
       10732       -0.36   -0.461707  0.00122383
       10733       -0.44   -0.461705  0.00122371
       10734       -0.52    -0.46171  0.00122361
       10735       -0.44   -0.461708   0.0012235
       10736       -0.44   -0.461706  0.00122339
       10737       -0.36   -0.461697  0.00122331
       10738       -0.36   -0.461687  0.00122323
       10739       -0.36   -0.461678  0.00122316
       10740       -0.44   -0.461676  0.00122304
       10741       -0.28   -0.461659  0.00122305
       10742       -0.52   -0.461664  0.00122294
       10743       -0.44   -0.461662  0.00122283
       10744       -0.28   -0.461646  0.00122284
       10745       -0.28   -0.461629  0.00122284
       10746        -0.2   -0.461604  0.00122297
       10747       -0.52    -0.46161  0.00122287
       10748       -0.44   -0.461608  0.00122275
       10749       -0.28   -0.461591  0.00122276
       10750       -0.12   -0.461559  0.00122306
       10751       -0.44   -0.461557  0.00122294
       10752       -0.44   -0.461555  0.00122283
       10753        -0.6   -0.461568  0.00122279
       10754       -0.52   -0.461573  0.00122268
       10755       -0.36   -0.461564  0.00122261
       10756       -0.52   -0.461569   0.0012225
       10757       -0.44   -0.461567  0.00122239
       10758       -0.68   -0.461588  0.00122245
       10759       -0.36   -0.461578  0.00122237
       10760       -0.44   -0.461576  0.00122226
       10761       -0.36   -0.461567  0.00122218
       10762       -0.44   -0.461565  0.00122207
       10763       -0.68   -0.461585  0.00122212
       10764        -0.6   -0.461598  0.00122208
       10765       -0.44   -0.461596  0.00122197
       10766       -0.52   -0.461601  0.00122187
       10767        -0.6   -0.461614  0.00122182
       10768       -0.68   -0.461634  0.00122187
       10769       -0.44   -0.461632  0.00122176
       10770        -0.6   -0.461645  0.00122172
       10771       -0.44   -0.461643   0.0012216
       10772       -0.68   -0.461664  0.00122166
       10773       -0.68   -0.461684  0.00122171
       10774       -0.76   -0.461712  0.00122191
       10775       -0.84   -0.461747  0.00122231
       10776       -0.52   -0.461752   0.0012222
       10777       -0.68   -0.461772  0.00122226
       10778        -0.6   -0.461785  0.00122221
       10779        -0.6   -0.461798  0.00122217
       10780       -0.28   -0.461781  0.00122217
       10781       -0.28   -0.461764  0.00122217
       10782        -0.2    -0.46174   0.0012223
       10783       -0.36   -0.461731  0.00122222
       10784       -0.36   -0.461721  0.00122215
       10785       -0.52   -0.461726  0.00122204
       10786        -0.6   -0.461739    0.001222
       10787       -0.84   -0.461774  0.00122239
       10788        -0.6   -0.461787  0.00122234
       10789        -0.2   -0.461763  0.00122247
       10790       -0.68   -0.461783  0.00122252
       10791       -0.36   -0.461774  0.00122245
       10792        -0.2   -0.461749  0.00122257
       10793       -0.36    -0.46174   0.0012225
       10794       -0.36   -0.461731  0.00122242
       10795       -0.52   -0.461736  0.00122232
       10796       -0.28   -0.461719  0.00122232
       10797       -0.52   -0.461725  0.00122222
       10798       -0.52    -0.46173  0.00122212
       10799       -0.36   -0.461721  0.00122204
       10800       -0.52   -0.461726  0.00122194
       10801       -0.28   -0.461709  0.00122194
       10802       -0.28   -0.461692  0.00122195
       10803       -0.28   -0.461675  0.00122195
       10804       -0.44   -0.461673  0.00122184
       10805       -0.36   -0.461664  0.00122176
       10806       -0.44   -0.461662  0.00122165
       10807       -0.44    -0.46166  0.00122154
       10808       -0.44   -0.461658  0.00122143
       10809       -0.52   -0.461663  0.00122133
       10810       -0.44   -0.461661  0.00122121
       10811       -0.28   -0.461645  0.00122122
       10812       -0.52    -0.46165  0.00122112
       10813        -0.6   -0.461663  0.00122107
       10814       -0.52   -0.461668  0.00122097
       10815        -0.6   -0.461681  0.00122092
       10816       -0.52   -0.461686  0.00122082
       10817       -0.44   -0.461684  0.00122071
       10818       -0.52    -0.46169  0.00122061
       10819        -0.6   -0.461703  0.00122056
       10820       -0.52   -0.461708  0.00122046
       10821        -0.6   -0.461721  0.00122042
       10822       -0.68   -0.461741  0.00122047
       10823        -0.6   -0.461754  0.00122043
       10824        -0.2   -0.461729  0.00122055
       10825       -0.36    -0.46172  0.00122048
       10826       -0.52   -0.461725  0.00122037
       10827        -0.6   -0.461738  0.00122033
       10828       -0.44   -0.461736  0.00122022
       10829       -0.44   -0.461734  0.00122011
       10830       -0.44   -0.461732     0.00122
       10831       -0.44    -0.46173  0.00121988
       10832       -0.52   -0.461736  0.00121978
       10833       -0.44   -0.461734  0.00121967
       10834       -0.44   -0.461732  0.00121956
       10835       -0.44    -0.46173  0.00121945
       10836        -0.2   -0.461705  0.00121958
       10837       -0.36   -0.461696   0.0012195
       10838       -0.76   -0.461724   0.0012197
       10839       -0.52   -0.461729   0.0012196
       10840        -0.6   -0.461742  0.00121955
       10841        -0.6   -0.461754  0.00121951
       10842       -0.52    -0.46176  0.00121941
       10843       -0.44   -0.461758   0.0012193
       10844       -0.28   -0.461741   0.0012193
       10845       -0.52   -0.461746   0.0012192
       10846        -0.6   -0.461759  0.00121915
       10847       -0.68   -0.461779  0.00121921
       10848       -0.68   -0.461799  0.00121926
       10849       -0.68    -0.46182  0.00121931
       10850       -0.52   -0.461825  0.00121921
       10851       -0.44   -0.461823   0.0012191
       10852       -0.36   -0.461813  0.00121902
       10853       -0.44   -0.461811  0.00121891
       10854       -0.44   -0.461809   0.0012188
       10855       -0.36     -0.4618  0.00121873
       10856       -0.68    -0.46182  0.00121878
       10857       -0.36   -0.461811   0.0012187
       10858       -0.36   -0.461801  0.00121863
       10859       -0.44   -0.461799  0.00121852
       10860       -0.52   -0.461805  0.00121842
       10861       -0.68   -0.461825  0.00121847
       10862       -0.44   -0.461823  0.00121836
       10863       -0.44   -0.461821  0.00121825
       10864       -0.52   -0.461826  0.00121815
       10865       -0.44   -0.461824  0.00121804
       10866       -0.28   -0.461807  0.00121804
       10867        -0.6    -0.46182    0.001218
       10868       -0.44   -0.461818  0.00121789
       10869        -0.6   -0.461831  0.00121784
       10870       -0.52   -0.461836  0.00121774
       10871        -0.6   -0.461849  0.00121769
       10872        -0.6   -0.461862  0.00121765
       10873       -0.44    -0.46186  0.00121754
       10874       -0.52   -0.461865  0.00121744
       10875       -0.44   -0.461863  0.00121733
       10876        -0.6   -0.461876  0.00121728
       10877        -0.6   -0.461888  0.00121724
       10878        -0.6   -0.461901  0.00121719
       10879       -0.36   -0.461892  0.00121711
       10880       -0.52   -0.461897  0.00121701
       10881       -0.44   -0.461895   0.0012169
       10882       -0.36   -0.461886  0.00121683
       10883       -0.28   -0.461869  0.00121683
       10884       -0.36    -0.46186  0.00121676
       10885        -0.6   -0.461872  0.00121671
       10886       -0.36   -0.461863  0.00121663
       10887       -0.44   -0.461861  0.00121652
       10888        -0.6   -0.461874  0.00121648
       10889       -0.44   -0.461872  0.00121637
       10890       -0.44    -0.46187  0.00121626
       10891       -0.12   -0.461838  0.00121655
       10892       -0.36   -0.461829  0.00121648
       10893       -0.28   -0.461812  0.00121648
       10894       -0.36   -0.461803   0.0012164
       10895        -0.6   -0.461816  0.00121636
       10896       -0.52   -0.461821  0.00121626
       10897       -0.52   -0.461826  0.00121616
       10898       -0.44   -0.461824  0.00121605
       10899       -0.52    -0.46183  0.00121595
       10900       -0.44   -0.461828  0.00121584
       10901        -0.6    -0.46184  0.00121579
       10902        -0.6   -0.461853  0.00121575
       10903        -0.6   -0.461866   0.0012157
       10904       -0.44   -0.461864  0.00121559
       10905       -0.28   -0.461847  0.00121559
       10906       -0.76   -0.461874  0.00121579
       10907       -0.36   -0.461865  0.00121572
       10908       -0.44   -0.461863  0.00121561
       10909        -0.6   -0.461876  0.00121556
       10910       -0.44   -0.461874  0.00121545
       10911       -0.36   -0.461864  0.00121537
       10912       -0.44   -0.461862  0.00121526
       10913        -0.2   -0.461838  0.00121539
       10914       -0.52   -0.461844  0.00121529
       10915        -0.6   -0.461856  0.00121525
       10916       -0.52   -0.461861  0.00121515
       10917       -0.52   -0.461867  0.00121505
       10918        -0.6   -0.461879    0.001215
       10919       -0.36    -0.46187  0.00121493
       10920       -0.28   -0.461853  0.00121493
       10921       -0.36   -0.461844  0.00121485
       10922       -0.44   -0.461842  0.00121474
       10923       -0.44    -0.46184  0.00121463
       10924       -0.44   -0.461838  0.00121452
       10925       -0.44   -0.461836  0.00121441
       10926       -0.52   -0.461841  0.00121431
       10927       -0.52   -0.461847  0.00121422
       10928       -0.44   -0.461845  0.00121411
       10929        -0.6   -0.461857  0.00121406
       10930       -0.68   -0.461877  0.00121411
       10931       -0.52   -0.461883  0.00121401
       10932       -0.28   -0.461866  0.00121402
       10933       -0.52   -0.461871  0.00121392
       10934       -0.44   -0.461869  0.00121381
       10935       -0.44   -0.461867   0.0012137
       10936       -0.44   -0.461865  0.00121359
       10937       -0.52   -0.461871  0.00121349
       10938        -0.6   -0.461883  0.00121345
       10939       -0.44   -0.461881  0.00121334
       10940       -0.36   -0.461872  0.00121326
       10941       -0.44    -0.46187  0.00121315
       10942        -0.6   -0.461883  0.00121311
       10943       -0.52   -0.461888  0.00121301
       10944       -0.36   -0.461879  0.00121293
       10945       -0.44   -0.461877  0.00121282
       10946       -0.36   -0.461867  0.00121275
       10947       -0.28   -0.461851  0.00121275
       10948       -0.44   -0.461849  0.00121264
       10949       -0.52   -0.461854  0.00121254
       10950        -0.6   -0.461867   0.0012125
       10951       -0.44   -0.461865  0.00121239
       10952       -0.28   -0.461848  0.00121239
       10953       -0.44   -0.461846  0.00121228
       10954       -0.36   -0.461837  0.00121221
       10955        -0.2   -0.461813  0.00121233
       10956       -0.44   -0.461811  0.00121222
       10957       -0.36   -0.461802  0.00121215
       10958       -0.28   -0.461785  0.00121215
       10959       -0.36   -0.461776  0.00121208
       10960       -0.52   -0.461781  0.00121198
       10961        -0.6   -0.461794  0.00121193
       10962       -0.44   -0.461792  0.00121182
       10963       -0.52   -0.461797  0.00121172
       10964       -0.44   -0.461795  0.00121162
       10965       -0.44   -0.461793  0.00121151
       10966       -0.52   -0.461798  0.00121141
       10967       -0.52   -0.461804  0.00121131
       10968        -0.6   -0.461816  0.00121126
       10969       -0.44   -0.461814  0.00121116
       10970       -0.12   -0.461783  0.00121145
       10971       -0.28   -0.461766  0.00121145
       10972       -0.36   -0.461757  0.00121137
       10973       -0.44   -0.461755  0.00121126
       10974       -0.44   -0.461753  0.00121116
       10975       -0.36   -0.461744  0.00121108
       10976       -0.28   -0.461727  0.00121108
       10977       -0.44   -0.461725  0.00121098
       10978       -0.44   -0.461723  0.00121087
       10979       -0.52   -0.461729  0.00121077
       10980       -0.52   -0.461734  0.00121067
       10981       -0.44   -0.461732  0.00121056
       10982       -0.52   -0.461737  0.00121046
       10983        -0.6    -0.46175  0.00121042
       10984       -0.44   -0.461748  0.00121031
       10985       -0.76   -0.461775   0.0012105
       10986       -0.76   -0.461802   0.0012107
       10987       -0.44     -0.4618  0.00121059
       10988       -0.52   -0.461806  0.00121049
       10989       -0.52   -0.461811  0.00121039
       10990       -0.52   -0.461816  0.00121029
       10991       -0.52   -0.461821  0.00121019
       10992       -0.44    -0.46182  0.00121009
       10993       -0.28   -0.461803  0.00121009
       10994       -0.44   -0.461801  0.00120998
       10995       -0.68   -0.461821  0.00121003
       10996       -0.52   -0.461826  0.00120993
       10997       -0.28    -0.46181  0.00120994
       10998       -0.44   -0.461808  0.00120983
       10999       -0.12   -0.461777  0.00121012
       11000        -0.2   -0.461753  0.00121024
       11001       -0.44   -0.461751  0.00121013
       11002       -0.52   -0.461756  0.00121004
       11003        -0.6   -0.461769  0.00120999
       11004       -0.68   -0.461788  0.00121004
       11005       -0.36   -0.461779  0.00120997
       11006        -0.6   -0.461792  0.00120992
       11007       -0.76   -0.461819  0.00121012
       11008       -0.52   -0.461824  0.00121002
       11009       -0.44   -0.461822  0.00120991
       11010       -0.28   -0.461806  0.00120991
       11011       -0.52   -0.461811  0.00120981
       11012       -0.36   -0.461802  0.00120974
       11013       -0.44     -0.4618  0.00120963
       11014       -0.44   -0.461798  0.00120952
       11015       -0.52   -0.461803  0.00120943
       11016       -0.44   -0.461801  0.00120932
       11017       -0.36   -0.461792  0.00120924
       11018        -0.6   -0.461804   0.0012092
       11019       -0.44   -0.461802  0.00120909
       11020       -0.36   -0.461793  0.00120902
       11021       -0.52   -0.461798  0.00120892
       11022       -0.52   -0.461804  0.00120882
       11023        -0.6   -0.461816  0.00120877
       11024       -0.28     -0.4618  0.00120878
       11025       -0.36    -0.46179   0.0012087
       11026       -0.44   -0.461788   0.0012086
       11027       -0.44   -0.461787  0.00120849
       11028       -0.44   -0.461785  0.00120838
       11029       -0.44   -0.461783  0.00120827
       11030       -0.44   -0.461781  0.00120816
       11031       -0.52   -0.461786  0.00120807
       11032       -0.52   -0.461791  0.00120797
       11033        -0.6   -0.461804  0.00120792
       11034       -0.52   -0.461809  0.00120783
       11035        -0.6   -0.461821  0.00120778
       11036        -0.6   -0.461834  0.00120774
       11037        -0.6   -0.461847  0.00120769
       11038        -0.6   -0.461859  0.00120765
       11039       -0.52   -0.461864  0.00120755
       11040       -0.52    -0.46187  0.00120745
       11041        -0.6   -0.461882  0.00120741
       11042        -0.6   -0.461895  0.00120736
       11043       -0.44   -0.461893  0.00120725
       11044       -0.28   -0.461876  0.00120726
       11045       -0.44   -0.461874  0.00120715
       11046        -0.6   -0.461887  0.00120711
       11047       -0.68   -0.461906  0.00120716
       11048       -0.68   -0.461926  0.00120721
       11049       -0.52   -0.461931  0.00120711
       11050       -0.36   -0.461922  0.00120704
       11051       -0.52   -0.461927  0.00120694
       11052       -0.52   -0.461933  0.00120684
       11053       -0.36   -0.461923  0.00120677
       11054       -0.52   -0.461929  0.00120667
       11055       -0.36   -0.461919   0.0012066
       11056       -0.52   -0.461925   0.0012065
       11057       -0.52    -0.46193   0.0012064
       11058        -0.6   -0.461942  0.00120636
       11059       -0.52   -0.461948  0.00120626
       11060       -0.68   -0.461967  0.00120631
       11061        -0.6    -0.46198  0.00120627
       11062       -0.52   -0.461985  0.00120617
       11063        -0.6   -0.461998  0.00120612
       11064       -0.44   -0.461996  0.00120602
       11065       -0.68   -0.462015  0.00120607
       11066        -0.6   -0.462028  0.00120602
       11067       -0.44   -0.462026  0.00120592
       11068       -0.52   -0.462031  0.00120582
       11069        -0.6   -0.462044  0.00120577
       11070       -0.28   -0.462027  0.00120578
       11071       -0.52   -0.462032  0.00120568
       11072        -0.6   -0.462045  0.00120564
       11073       -0.36   -0.462036  0.00120556
       11074       -0.44   -0.462034  0.00120546
       11075       -0.44   -0.462032  0.00120535
       11076       -0.36   -0.462022  0.00120527
       11077        -0.6   -0.462035  0.00120523
       11078       -0.52    -0.46204  0.00120513
       11079        -0.6   -0.462053  0.00120509
       11080       -0.52   -0.462058  0.00120499
       11081       -0.52   -0.462063  0.00120489
       11082        -0.6   -0.462075  0.00120485
       11083       -0.44   -0.462073  0.00120474
       11084       -0.28   -0.462057  0.00120474
       11085       -0.44   -0.462055  0.00120464
       11086       -0.52    -0.46206  0.00120454
       11087       -0.52   -0.462065  0.00120444
       11088       -0.44   -0.462063  0.00120434
       11089       -0.36   -0.462054  0.00120426
       11090       -0.44   -0.462052  0.00120416
       11091       -0.36   -0.462043  0.00120408
       11092        -0.6   -0.462056  0.00120404
       11093        -0.6   -0.462068  0.00120399
       11094       -0.52   -0.462073   0.0012039
       11095       -0.36   -0.462064  0.00120382
       11096       -0.52   -0.462069  0.00120373
       11097       -0.36    -0.46206  0.00120365
       11098       -0.36   -0.462051  0.00120358
       11099        -0.2   -0.462027   0.0012037
       11100       -0.36   -0.462018  0.00120363
       11101       -0.28   -0.462002  0.00120363
       11102       -0.36   -0.461992  0.00120356
       11103       -0.52   -0.461998  0.00120346
       11104       -0.44   -0.461996  0.00120336
       11105       -0.52   -0.462001  0.00120326
       11106       -0.52   -0.462006  0.00120316
       11107       -0.52   -0.462011  0.00120306
       11108       -0.28   -0.461995  0.00120307
       11109        -0.2   -0.461971  0.00120319
       11110        -0.2   -0.461948  0.00120331
       11111       -0.52   -0.461953  0.00120322
       11112       -0.44   -0.461951  0.00120311
       11113       -0.12    -0.46192  0.00120339
       11114       -0.36   -0.461911  0.00120332
       11115       -0.44   -0.461909  0.00120321
       11116       -0.28   -0.461893  0.00120322
       11117       -0.36   -0.461884  0.00120314
       11118       -0.68   -0.461903   0.0012032
       11119       -0.76    -0.46193  0.00120339
       11120        -0.6   -0.461942  0.00120334
       11121       -0.52   -0.461948  0.00120325
       11122        -0.6    -0.46196   0.0012032
       11123        -0.6   -0.461972  0.00120316
       11124       -0.44   -0.461971  0.00120305
       11125       -0.36   -0.461961  0.00120298
       11126        -0.6   -0.461974  0.00120293
       11127       -0.52   -0.461979  0.00120284
       11128       -0.44   -0.461977  0.00120273
       11129       -0.36   -0.461968  0.00120266
       11130       -0.52   -0.461973  0.00120256
       11131       -0.36   -0.461964  0.00120249
       11132       -0.52   -0.461969  0.00120239
       11133       -0.44   -0.461967  0.00120228
       11134       -0.44   -0.461965  0.00120218
       11135       -0.68   -0.461985  0.00120223
       11136       -0.52    -0.46199  0.00120213
       11137        -0.6   -0.462002  0.00120209
       11138       -0.52   -0.462008  0.00120199
       11139       -0.52   -0.462013  0.00120189
       11140       -0.36   -0.462004  0.00120182
       11141       -0.28   -0.461987  0.00120183
       11142       -0.36   -0.461978  0.00120175
       11143       -0.52   -0.461983  0.00120166
       11144        -0.6   -0.461996  0.00120161
       11145       -0.52   -0.462001  0.00120151
       11146       -0.52   -0.462006  0.00120142
       11147       -0.52   -0.462011  0.00120132
       11148        -0.6   -0.462024  0.00120128
       11149       -0.28   -0.462007  0.00120128
       11150       -0.44   -0.462005  0.00120117
       11151       -0.52   -0.462011  0.00120108
       11152       -0.44   -0.462009  0.00120097
       11153       -0.44   -0.462007  0.00120087
       11154        -0.2   -0.461983  0.00120099
       11155       -0.52   -0.461988  0.00120089
       11156       -0.28   -0.461972   0.0012009
       11157       -0.44    -0.46197  0.00120079
       11158       -0.36   -0.461961  0.00120072
       11159        -0.6   -0.461973  0.00120067
       11160        -0.6   -0.461986  0.00120063
       11161       -0.52   -0.461991  0.00120053
       11162        -0.6   -0.462003  0.00120049
       11163       -0.36   -0.461994  0.00120042
       11164       -0.44   -0.461992  0.00120031
       11165       -0.28   -0.461976  0.00120031
       11166       -0.12   -0.461945   0.0012006
       11167       -0.44   -0.461943  0.00120049
       11168        -0.6   -0.461956  0.00120045
       11169       -0.44   -0.461954  0.00120034
       11170       -0.44   -0.461952  0.00120023
       11171       -0.36   -0.461943  0.00120016
       11172       -0.36   -0.461933  0.00120009
       11173       -0.44   -0.461931  0.00119998
       11174       -0.44   -0.461929  0.00119988
       11175       -0.52   -0.461935  0.00119978
       11176       -0.44   -0.461933  0.00119968
       11177       -0.52   -0.461938  0.00119958
       11178       -0.52   -0.461943  0.00119948
       11179       -0.36   -0.461934  0.00119941
       11180       -0.44   -0.461932  0.00119931
       11181       -0.36   -0.461923  0.00119923
       11182       -0.28   -0.461907  0.00119924
       11183       -0.52   -0.461912  0.00119914
       11184       -0.44    -0.46191  0.00119903
       11185       -0.52   -0.461915  0.00119894
       11186       -0.44   -0.461913  0.00119883
       11187        -0.6   -0.461925  0.00119879
       11188       -0.52   -0.461931  0.00119869
       11189        -0.6   -0.461943  0.00119865
       11190       -0.52   -0.461948  0.00119855
       11191       -0.52   -0.461953  0.00119846
       11192        -0.6   -0.461966  0.00119841
       11193        -0.6   -0.461978  0.00119837
       11194       -0.44   -0.461976  0.00119826
       11195       -0.52   -0.461981  0.00119817
       11196        -0.6   -0.461994  0.00119813
       11197       -0.36   -0.461984  0.00119805
       11198        -0.6   -0.461997  0.00119801
       11199        -0.6   -0.462009  0.00119797
       11200       -0.36      -0.462  0.00119789
       11201        -0.2   -0.461977  0.00119801
       11202       -0.52   -0.461982  0.00119792
       11203        -0.2   -0.461958  0.00119804
       11204       -0.36   -0.461949  0.00119797
       11205        -0.6   -0.461962  0.00119792
       11206       -0.36   -0.461953  0.00119785
       11207       -0.36   -0.461943  0.00119778
       11208       -0.52   -0.461949  0.00119768
       11209       -0.52   -0.461954  0.00119759
       11210       -0.28   -0.461938  0.00119759
       11211       -0.52   -0.461943   0.0011975
       11212       -0.28   -0.461927   0.0011975
       11213       -0.52   -0.461932   0.0011974
       11214        -0.6   -0.461944  0.00119736
       11215        -0.6   -0.461956  0.00119732
       11216       -0.44   -0.461954  0.00119721
       11217        -0.6   -0.461967  0.00119717
       11218        -0.6   -0.461979  0.00119712
       11219       -0.52   -0.461984  0.00119703
       11220       -0.44   -0.461982  0.00119692
       11221       -0.52   -0.461987  0.00119683
       11222        -0.6      -0.462  0.00119678
       11223        -0.6   -0.462012  0.00119674
       11224       -0.28   -0.461996  0.00119674
       11225       -0.36   -0.461987  0.00119667
       11226       -0.44   -0.461985  0.00119657
       11227       -0.36   -0.461976   0.0011965
       11228        -0.6   -0.461988  0.00119645
       11229       -0.52   -0.461993  0.00119636
       11230       -0.44   -0.461991  0.00119625
       11231       -0.68   -0.462011   0.0011963
       11232       -0.68    -0.46203  0.00119635
       11233       -0.52   -0.462035  0.00119626
       11234       -0.52    -0.46204  0.00119616
       11235       -0.36   -0.462031  0.00119609
       11236       -0.52   -0.462036    0.001196
       11237       -0.44   -0.462034  0.00119589
       11238       -0.68   -0.462054  0.00119594
       11239       -0.36   -0.462045  0.00119587
       11240       -0.76   -0.462071  0.00119606
       11241       -0.52   -0.462076  0.00119596
       11242        -0.6   -0.462089  0.00119592
       11243       -0.52   -0.462094  0.00119582
       11244       -0.36   -0.462085  0.00119575
       11245       -0.52    -0.46209  0.00119566
       11246       -0.44   -0.462088  0.00119555
       11247       -0.36   -0.462079  0.00119548
       11248       -0.36    -0.46207  0.00119541
       11249       -0.44   -0.462068   0.0011953
       11250       -0.36   -0.462059  0.00119523
       11251       -0.52   -0.462064  0.00119514
       11252       -0.76    -0.46209  0.00119532
       11253       -0.44   -0.462088  0.00119522
       11254        -0.6   -0.462101  0.00119518
       11255       -0.68    -0.46212  0.00119523
       11256       -0.36   -0.462111  0.00119515
       11257       -0.44   -0.462109  0.00119505
       11258       -0.36     -0.4621  0.00119498
       11259       -0.44   -0.462098  0.00119487
       11260       -0.44   -0.462096  0.00119477
       11261       -0.52   -0.462101  0.00119467
       11262        -0.6   -0.462113  0.00119463
       11263       -0.36   -0.462104  0.00119456
       11264       -0.52   -0.462109  0.00119446
       11265       -0.36     -0.4621  0.00119439
       11266       -0.44   -0.462098  0.00119429
       11267       -0.44   -0.462096  0.00119418
       11268       -0.36   -0.462087  0.00119411
       11269       -0.28   -0.462071  0.00119411
       11270       -0.04   -0.462034   0.0011946
       11271       -0.44   -0.462032  0.00119449
       11272       -0.36   -0.462023  0.00119442
       11273       -0.52   -0.462028  0.00119433
       11274       -0.52   -0.462033  0.00119423
       11275       -0.36   -0.462024  0.00119416
       11276       -0.44   -0.462022  0.00119405
       11277       -0.52   -0.462027  0.00119396
       11278       -0.76   -0.462054  0.00119415
       11279       -0.68   -0.462073   0.0011942
       11280       -0.44   -0.462071  0.00119409
       11281       -0.52   -0.462076    0.001194
       11282       -0.44   -0.462074  0.00119389
       11283       -0.36   -0.462065  0.00119382
       11284       -0.44   -0.462063  0.00119372
       11285       -0.36   -0.462054  0.00119365
       11286       -0.44   -0.462052  0.00119354
       11287        -0.6   -0.462064   0.0011935
       11288       -0.44   -0.462062  0.00119339
       11289       -0.44    -0.46206  0.00119329
       11290       -0.52   -0.462066   0.0011932
       11291       -0.28   -0.462049   0.0011932
       11292       -0.68   -0.462069  0.00119325
       11293       -0.52   -0.462074  0.00119315
       11294       -0.52   -0.462079  0.00119306
       11295       -0.76   -0.462105  0.00119325
       11296       -0.76   -0.462132  0.00119343
       11297        -0.6   -0.462144  0.00119339
       11298       -0.44   -0.462142  0.00119328
       11299       -0.44    -0.46214  0.00119318
       11300       -0.44   -0.462138  0.00119308
       11301       -0.52   -0.462143  0.00119298
       11302        -0.6   -0.462155  0.00119294
       11303       -0.68   -0.462175  0.00119299
       11304       -0.52    -0.46218  0.00119289
       11305       -0.44   -0.462178  0.00119279
       11306       -0.28   -0.462162  0.00119279
       11307       -0.44    -0.46216  0.00119269
       11308       -0.52   -0.462165   0.0011926
       11309       -0.52    -0.46217   0.0011925
       11310       -0.44   -0.462168   0.0011924
       11311       -0.36   -0.462159  0.00119233
       11312       -0.36    -0.46215  0.00119225
       11313       -0.52   -0.462155  0.00119216
       11314       -0.36   -0.462146  0.00119209
       11315       -0.12   -0.462116  0.00119237
       11316        -0.2   -0.462093  0.00119249
       11317       -0.28   -0.462077  0.00119249
       11318       -0.52   -0.462082   0.0011924
       11319        -0.6   -0.462094  0.00119235
       11320       -0.52   -0.462099  0.00119226
       11321       -0.52   -0.462104  0.00119216
       11322       -0.44   -0.462102  0.00119206
       11323       -0.52   -0.462107  0.00119197
       11324       -0.44   -0.462105  0.00119186
       11325       -0.52    -0.46211  0.00119177
       11326       -0.52   -0.462115  0.00119167
       11327       -0.28   -0.462099  0.00119168
       11328       -0.44   -0.462097  0.00119157
       11329       -0.28   -0.462081  0.00119158
       11330       -0.28   -0.462065  0.00119158
       11331       -0.44   -0.462063  0.00119148
       11332       -0.52   -0.462068  0.00119138
       11333       -0.52   -0.462074  0.00119129
       11334       -0.36   -0.462065  0.00119122
       11335       -0.52    -0.46207  0.00119112
       11336        -0.6   -0.462082  0.00119108
       11337        -0.6   -0.462094  0.00119104
       11338        -0.6   -0.462106  0.00119099
       11339        -0.6   -0.462118  0.00119095
       11340       -0.44   -0.462116  0.00119085
       11341       -0.36   -0.462107  0.00119078
       11342       -0.36   -0.462098  0.00119071
       11343        -0.2   -0.462075  0.00119082
       11344        -0.2   -0.462052  0.00119094
       11345       -0.52   -0.462057  0.00119085
       11346       -0.52   -0.462062  0.00119076
       11347       -0.28   -0.462046  0.00119076
       11348       -0.36   -0.462037  0.00119069
       11349       -0.36   -0.462028  0.00119062
       11350       -0.44   -0.462026  0.00119051
       11351        -0.6   -0.462039  0.00119047
       11352       -0.52   -0.462044  0.00119038
       11353        -0.6   -0.462056  0.00119033
       11354       -0.36   -0.462047  0.00119026
       11355       -0.44   -0.462045  0.00119016
       11356       -0.44   -0.462043  0.00119006
       11357       -0.52   -0.462048  0.00118996
       11358        -0.6    -0.46206  0.00118992
       11359       -0.52   -0.462065  0.00118983
       11360       -0.28   -0.462049  0.00118983
       11361       -0.44   -0.462047  0.00118973
       11362        -0.6   -0.462059  0.00118968
       11363       -0.68   -0.462079  0.00118973
       11364       -0.28   -0.462063  0.00118974
       11365        -0.2    -0.46204  0.00118986
       11366       -0.44   -0.462038  0.00118975
       11367       -0.52   -0.462043  0.00118966
       11368        -0.6   -0.462055  0.00118962
       11369       -0.44   -0.462053  0.00118951
       11370       -0.28   -0.462037  0.00118952
       11371        -0.2   -0.462014  0.00118963
       11372       -0.36   -0.462005  0.00118956
       11373        -0.6   -0.462017  0.00118952
       11374       -0.28   -0.462001  0.00118952
       11375       -0.44   -0.461999  0.00118942
       11376       -0.12   -0.461969   0.0011897
       11377       -0.12   -0.461939  0.00118997
       11378        -0.6   -0.461951  0.00118993
       11379       -0.52   -0.461956  0.00118983
       11380        -0.6   -0.461968  0.00118979
       11381        -0.6    -0.46198  0.00118975
       11382       -0.12    -0.46195  0.00119002
       11383       -0.36   -0.461941  0.00118995
       11384       -0.52   -0.461947  0.00118986
       11385       -0.52   -0.461952  0.00118977
       11386       -0.68   -0.461971  0.00118982
       11387        -0.6   -0.461983  0.00118977
       11388       -0.52   -0.461988  0.00118968
       11389       -0.52   -0.461993  0.00118959
       11390       -0.36   -0.461984  0.00118952
       11391       -0.44   -0.461982  0.00118941
       11392       -0.44    -0.46198  0.00118931
       11393       -0.44   -0.461978  0.00118921
       11394       -0.52   -0.461984  0.00118911
       11395       -0.36   -0.461975  0.00118904
       11396       -0.12   -0.461945  0.00118932
       11397       -0.28   -0.461929  0.00118932
       11398        -0.6   -0.461941  0.00118928
       11399       -0.52   -0.461946  0.00118918
       11400       -0.68   -0.461965  0.00118923
       11401        -0.2   -0.461942  0.00118935
       11402       -0.44    -0.46194  0.00118925
       11403       -0.68   -0.461959   0.0011893
       11404        -0.6   -0.461971  0.00118925
       11405       -0.28   -0.461955  0.00118926
       11406       -0.52    -0.46196  0.00118916
       11407       -0.52   -0.461965  0.00118907
       11408       -0.52   -0.461971  0.00118898
       11409       -0.44   -0.461969  0.00118887
       11410       -0.68   -0.461988  0.00118892
       11411       -0.44   -0.461986  0.00118882
       11412       -0.52   -0.461991  0.00118873
       11413       -0.36   -0.461982  0.00118866
       11414       -0.36   -0.461973  0.00118859
       11415       -0.44   -0.461971  0.00118848
       11416       -0.52   -0.461976  0.00118839
       11417       -0.52   -0.461981   0.0011883
       11418       -0.44   -0.461979   0.0011882
       11419       -0.44   -0.461977  0.00118809
       11420       -0.44   -0.461975  0.00118799
       11421       -0.44   -0.461974  0.00118789
       11422       -0.28   -0.461958  0.00118789
       11423        -0.2   -0.461935  0.00118801
       11424       -0.36   -0.461926  0.00118794
       11425       -0.52   -0.461931  0.00118784
       11426       -0.44   -0.461929  0.00118774
       11427       -0.44   -0.461927  0.00118764
       11428        -0.6   -0.461939   0.0011876
       11429       -0.68   -0.461958  0.00118765
       11430       -0.52   -0.461963  0.00118755
       11431       -0.52   -0.461968  0.00118746
       11432       -0.44   -0.461966  0.00118736
       11433       -0.52   -0.461971  0.00118727
       11434       -0.52   -0.461977  0.00118717
       11435       -0.36   -0.461968   0.0011871
       11436       -0.28   -0.461952   0.0011871
       11437       -0.44    -0.46195    0.001187
       11438       -0.36   -0.461941  0.00118693
       11439       -0.36   -0.461932  0.00118686
       11440       -0.52   -0.461937  0.00118677
       11441        -0.6   -0.461949  0.00118673
       11442        -0.6   -0.461961  0.00118668
       11443       -0.52   -0.461966  0.00118659
       11444       -0.36   -0.461957  0.00118652
       11445       -0.12   -0.461927  0.00118679
       11446       -0.52   -0.461933   0.0011867
       11447        -0.2    -0.46191  0.00118682
       11448       -0.28   -0.461894  0.00118682
       11449        -0.2   -0.461871  0.00118694
       11450        -0.6   -0.461883  0.00118689
       11451       -0.44   -0.461881  0.00118679
       11452       -0.36   -0.461872  0.00118672
       11453       -0.28   -0.461856  0.00118672
       11454       -0.36   -0.461847  0.00118665
       11455       -0.52   -0.461852  0.00118656
       11456       -0.52   -0.461858  0.00118647
       11457       -0.52   -0.461863  0.00118638
       11458        -0.2    -0.46184  0.00118649
       11459       -0.52   -0.461845   0.0011864
       11460       -0.68   -0.461864  0.00118645
       11461        -0.6   -0.461876  0.00118641
       11462       -0.36   -0.461867  0.00118634
       11463        -0.6   -0.461879  0.00118629
       11464       -0.44   -0.461877  0.00118619
       11465        -0.6   -0.461889  0.00118615
       11466       -0.28   -0.461873  0.00118615
       11467       -0.44   -0.461871  0.00118605
       11468       -0.52   -0.461877  0.00118596
       11469       -0.44   -0.461875  0.00118586
       11470       -0.36   -0.461866  0.00118579
       11471       -0.28    -0.46185  0.00118579
       11472       -0.44   -0.461848  0.00118569
       11473       -0.44   -0.461846  0.00118559
       11474       -0.52   -0.461851  0.00118549
       11475       -0.28   -0.461835   0.0011855
       11476       -0.52    -0.46184   0.0011854
       11477        -0.6   -0.461852  0.00118536
       11478       -0.52   -0.461857  0.00118527
       11479        -0.6    -0.46187  0.00118523
       11480       -0.52   -0.461875  0.00118513
       11481       -0.36   -0.461866  0.00118506
       11482       -0.28    -0.46185  0.00118507
       11483        -0.6   -0.461862  0.00118502
       11484       -0.44    -0.46186  0.00118492
       11485        -0.6   -0.461872  0.00118488
       11486       -0.52   -0.461877  0.00118479
       11487       -0.52   -0.461882   0.0011847
       11488       -0.36   -0.461873  0.00118463
       11489       -0.28   -0.461857  0.00118463
       11490       -0.36   -0.461849  0.00118456
       11491       -0.36    -0.46184  0.00118449
       11492        -0.2   -0.461817  0.00118461
       11493       -0.44   -0.461815   0.0011845
       11494       -0.44   -0.461813   0.0011844
       11495       -0.68   -0.461832  0.00118445
       11496       -0.52   -0.461837  0.00118436
       11497       -0.68   -0.461856  0.00118441
       11498       -0.44   -0.461854  0.00118431
       11499       -0.28   -0.461838  0.00118431
       11500        -0.6    -0.46185  0.00118427
       11501       -0.52   -0.461855  0.00118417
       11502       -0.68   -0.461874  0.00118422
       11503       -0.44   -0.461873  0.00118412
       11504        -0.6   -0.461885  0.00118408
       11505       -0.44   -0.461883  0.00118398
       11506       -0.52   -0.461888  0.00118389
       11507       -0.28   -0.461872  0.00118389
       11508       -0.36   -0.461863  0.00118382
       11509       -0.44   -0.461861  0.00118372
       11510       -0.36   -0.461852  0.00118365
       11511       -0.44    -0.46185  0.00118355
       11512       -0.28   -0.461835  0.00118355
       11513       -0.44   -0.461833  0.00118345
       11514       -0.52   -0.461838  0.00118336
       11515       -0.52   -0.461843  0.00118326
       11516       -0.52   -0.461848  0.00118317
       11517        -0.6    -0.46186  0.00118313
       11518       -0.68   -0.461879  0.00118318
       11519       -0.36    -0.46187  0.00118311
       11520       -0.44   -0.461868  0.00118301
       11521       -0.44   -0.461866  0.00118291
       11522       -0.36   -0.461857  0.00118284
       11523        -0.6   -0.461869   0.0011828
       11524       -0.52   -0.461874   0.0011827
       11525        -0.6   -0.461886  0.00118266
       11526       -0.36   -0.461877  0.00118259
       11527       -0.36   -0.461869  0.00118252
       11528       -0.36    -0.46186  0.00118245
       11529       -0.44   -0.461858  0.00118235
       11530       -0.44   -0.461856  0.00118225
       11531        -0.2   -0.461833  0.00118237
       11532       -0.28   -0.461818  0.00118237
       11533        -0.2   -0.461795  0.00118248
       11534       -0.28   -0.461779  0.00118249
       11535       -0.52   -0.461784   0.0011824
       11536       -0.28   -0.461768   0.0011824
       11537       -0.68   -0.461787  0.00118245
       11538        -0.6   -0.461799  0.00118241
       11539       -0.52   -0.461804  0.00118231
       11540        -0.6   -0.461816  0.00118227
       11541        -0.6   -0.461828  0.00118223
       11542       -0.68   -0.461847  0.00118228
       11543       -0.52   -0.461852  0.00118219
       11544       -0.44    -0.46185  0.00118209
       11545       -0.44   -0.461848  0.00118198
       11546       -0.44   -0.461847  0.00118188
       11547       -0.44   -0.461845  0.00118178
       11548       -0.36   -0.461836  0.00118171
       11549       -0.52   -0.461841  0.00118162
       11550       -0.28   -0.461825  0.00118162
       11551       -0.28   -0.461809  0.00118163
       11552       -0.28   -0.461794  0.00118163
       11553        -0.2   -0.461771  0.00118174
       11554       -0.52   -0.461776  0.00118165
       11555       -0.52   -0.461781  0.00118156
       11556       -0.52   -0.461786  0.00118147
       11557       -0.52   -0.461791  0.00118138
       11558       -0.68    -0.46181  0.00118143
       11559       -0.76   -0.461836  0.00118161
       11560        -0.6   -0.461848  0.00118157
       11561       -0.52   -0.461853  0.00118147
       11562       -0.36   -0.461844   0.0011814
       11563       -0.36   -0.461835  0.00118133
       11564        -0.6   -0.461847  0.00118129
       11565       -0.44   -0.461845  0.00118119
       11566       -0.44   -0.461843  0.00118109
       11567       -0.44   -0.461841  0.00118099
       11568        -0.2   -0.461819  0.00118111
       11569       -0.44   -0.461817  0.00118101
       11570       -0.44   -0.461815   0.0011809
       11571       -0.44   -0.461813   0.0011808
       11572       -0.52   -0.461818  0.00118071
       11573       -0.44   -0.461816  0.00118061
       11574       -0.44   -0.461814  0.00118051
       11575       -0.52   -0.461819  0.00118042
       11576       -0.44   -0.461818  0.00118032
       11577       -0.36   -0.461809  0.00118025
       11578       -0.44   -0.461807  0.00118015
       11579        -0.6   -0.461819  0.00118011
       11580        -0.6   -0.461831  0.00118007
       11581       -0.44   -0.461829  0.00117997
       11582       -0.28   -0.461813  0.00117997
       11583       -0.44   -0.461811  0.00117987
       11584       -0.36   -0.461802   0.0011798
       11585       -0.28   -0.461787   0.0011798
       11586       -0.52   -0.461792  0.00117971
       11587       -0.76   -0.461818  0.00117989
       11588       -0.68   -0.461836  0.00117994
       11589       -0.52   -0.461841  0.00117985
       11590        -0.6   -0.461853  0.00117981
       11591       -0.52   -0.461858  0.00117972
       11592       -0.44   -0.461856  0.00117961
       11593        -0.2   -0.461834  0.00117973
       11594       -0.44   -0.461832  0.00117963
       11595       -0.52   -0.461837  0.00117954
       11596       -0.52   -0.461842  0.00117945
       11597       -0.36   -0.461833  0.00117938
       11598       -0.52   -0.461838  0.00117929
       11599       -0.44   -0.461836  0.00117919
       11600        -0.6   -0.461848  0.00117915
       11601        -0.6    -0.46186   0.0011791
       11602       -0.36   -0.461851  0.00117903
       11603       -0.52   -0.461856  0.00117894
       11604       -0.52   -0.461861  0.00117885
       11605       -0.36   -0.461853  0.00117878
       11606       -0.52   -0.461858  0.00117869
       11607       -0.52   -0.461863   0.0011786
       11608       -0.52   -0.461868  0.00117851
       11609       -0.52   -0.461873  0.00117842
       11610        -0.6   -0.461885  0.00117838
       11611       -0.68   -0.461903  0.00117843
       11612       -0.52   -0.461908  0.00117834
       11613        -0.6    -0.46192  0.00117829
       11614       -0.52   -0.461925   0.0011782
       11615       -0.36   -0.461916  0.00117814
       11616       -0.36   -0.461908  0.00117807
       11617       -0.44   -0.461906  0.00117797
       11618       -0.52   -0.461911  0.00117788
       11619        -0.6   -0.461923  0.00117783
       11620       -0.44   -0.461921  0.00117773
       11621       -0.44   -0.461919  0.00117763
       11622       -0.28   -0.461903  0.00117764
       11623        -0.6   -0.461915   0.0011776
       11624       -0.68   -0.461934  0.00117764
       11625       -0.52   -0.461939  0.00117755
       11626       -0.52   -0.461944  0.00117746
       11627       -0.52   -0.461949  0.00117737
       11628       -0.44   -0.461947  0.00117727
       11629       -0.44   -0.461945  0.00117717
       11630       -0.52    -0.46195  0.00117708
       11631       -0.28   -0.461934  0.00117708
       11632        -0.6   -0.461946  0.00117704
       11633       -0.44   -0.461944  0.00117694
       11634       -0.28   -0.461929  0.00117695
       11635       -0.28   -0.461913  0.00117695
       11636        -0.2   -0.461891  0.00117706
       11637       -0.36   -0.461882  0.00117699
       11638        -0.2   -0.461859  0.00117711
       11639        -0.2   -0.461837  0.00117722
       11640       -0.36   -0.461828  0.00117715
       11641       -0.36   -0.461819  0.00117709
       11642       -0.44   -0.461818  0.00117699
       11643        -0.6   -0.461829  0.00117694
       11644       -0.68   -0.461848  0.00117699
       11645       -0.52   -0.461853   0.0011769
       11646       -0.44   -0.461851   0.0011768
       11647       -0.44   -0.461849   0.0011767
       11648       -0.52   -0.461854  0.00117661
       11649       -0.44   -0.461853  0.00117651
       11650       -0.52   -0.461858  0.00117642
       11651       -0.52   -0.461863  0.00117633
       11652        -0.6   -0.461874  0.00117629
       11653       -0.36   -0.461866  0.00117622
       11654        -0.6   -0.461877  0.00117618
       11655       -0.44   -0.461876  0.00117608
       11656       -0.52   -0.461881  0.00117599
       11657       -0.12   -0.461851  0.00117626
       11658       -0.36   -0.461843  0.00117619
       11659       -0.28   -0.461827  0.00117619
       11660       -0.44   -0.461825  0.00117609
       11661        -0.2   -0.461803   0.0011762
       11662       -0.36   -0.461794  0.00117614
       11663       -0.44   -0.461792  0.00117604
       11664       -0.36   -0.461783  0.00117597
       11665       -0.36   -0.461775   0.0011759
       11666       -0.36   -0.461766  0.00117583
       11667       -0.76   -0.461791  0.00117601
       11668       -0.68    -0.46181  0.00117606
       11669       -0.44   -0.461808  0.00117596
       11670       -0.44   -0.461806  0.00117586
       11671       -0.44   -0.461804  0.00117576
       11672       -0.44   -0.461803  0.00117566
       11673       -0.76   -0.461828  0.00117584
       11674       -0.28   -0.461813  0.00117584
       11675       -0.44   -0.461811  0.00117574
       11676       -0.68   -0.461829  0.00117579
       11677        -0.6   -0.461841  0.00117575
       11678       -0.44   -0.461839  0.00117565
       11679       -0.28   -0.461824  0.00117565
       11680       -0.52   -0.461829  0.00117556
       11681       -0.36    -0.46182  0.00117549
       11682       -0.36   -0.461811  0.00117542
       11683       -0.36   -0.461803  0.00117535
       11684       -0.44   -0.461801  0.00117525
       11685        -0.6   -0.461813  0.00117521
       11686       -0.44   -0.461811  0.00117511
       11687       -0.44   -0.461809  0.00117502
       11688       -0.44   -0.461807  0.00117492
       11689       -0.52   -0.461812  0.00117483
       11690       -0.36   -0.461803  0.00117476
       11691       -0.44   -0.461801  0.00117466
       11692       -0.68    -0.46182  0.00117471
       11693       -0.36   -0.461811  0.00117464
       11694       -0.36   -0.461803  0.00117457
       11695       -0.52   -0.461808  0.00117448
       11696       -0.44   -0.461806  0.00117438
       11697       -0.36   -0.461797  0.00117431
       11698       -0.36   -0.461788  0.00117425
       11699       -0.52   -0.461793  0.00117416
       11700        -0.6   -0.461805  0.00117411
       11701       -0.68   -0.461824  0.00117416
       11702       -0.52   -0.461829  0.00117407
       11703       -0.52   -0.461834  0.00117398
       11704       -0.44   -0.461832  0.00117388
       11705       -0.44    -0.46183  0.00117379
       11706       -0.52   -0.461835   0.0011737
       11707       -0.44   -0.461833   0.0011736
       11708       -0.44   -0.461831   0.0011735
       11709       -0.44   -0.461829   0.0011734
       11710        -0.6   -0.461841  0.00117336
       11711       -0.36   -0.461832  0.00117329
       11712       -0.28   -0.461817  0.00117329
       11713       -0.36   -0.461808  0.00117322
       11714       -0.36     -0.4618  0.00117316
       11715       -0.44   -0.461798  0.00117306
       11716       -0.44   -0.461796  0.00117296
       11717       -0.36   -0.461787  0.00117289
       11718       -0.44   -0.461785  0.00117279
       11719       -0.44   -0.461783  0.00117269
       11720       -0.52   -0.461788   0.0011726
       11721       -0.52   -0.461793  0.00117252
       11722       -0.68   -0.461812  0.00117256
       11723        -0.2    -0.46179  0.00117268
       11724       -0.44   -0.461788  0.00117258
       11725        -0.6     -0.4618  0.00117254
       11726       -0.44   -0.461798  0.00117244
       11727        -0.6   -0.461809   0.0011724
       11728       -0.52   -0.461814  0.00117231
       11729       -0.44   -0.461813  0.00117221
       11730       -0.44   -0.461811  0.00117211
       11731       -0.52   -0.461816  0.00117202
       11732        -0.6   -0.461827  0.00117198
       11733       -0.36   -0.461819  0.00117191
       11734       -0.36    -0.46181  0.00117185
       11735       -0.36   -0.461801  0.00117178
       11736       -0.44     -0.4618  0.00117168
       11737       -0.68   -0.461818  0.00117173
       11738       -0.52   -0.461823  0.00117164
       11739       -0.28   -0.461808  0.00117164
       11740       -0.28   -0.461792  0.00117164
       11741       -0.36   -0.461783  0.00117157
       11742       -0.44   -0.461782  0.00117148
       11743       -0.44    -0.46178  0.00117138
       11744       -0.36   -0.461771  0.00117131
       11745       -0.36   -0.461762  0.00117124
       11746       -0.44   -0.461761  0.00117114
       11747       -0.52   -0.461766  0.00117106
       11748       -0.44   -0.461764  0.00117096
       11749       -0.52   -0.461769  0.00117087
       11750       -0.36    -0.46176   0.0011708
       11751        -0.6   -0.461772  0.00117076
       11752       -0.52   -0.461777  0.00117067
       11753       -0.68   -0.461795  0.00117072
       11754        -0.6   -0.461807  0.00117068
       11755        -0.6   -0.461819  0.00117064
       11756       -0.44   -0.461817  0.00117054
       11757        -0.6   -0.461829   0.0011705
       11758       -0.44   -0.461827   0.0011704
       11759       -0.36   -0.461818  0.00117033
       11760       -0.36    -0.46181  0.00117027
       11761       -0.36   -0.461801   0.0011702
       11762       -0.36   -0.461792  0.00117013
       11763       -0.44    -0.46179  0.00117003
       11764        -0.6   -0.461802  0.00116999
       11765       -0.44     -0.4618  0.00116989
       11766        -0.6   -0.461812  0.00116985
       11767       -0.52   -0.461817  0.00116976
       11768       -0.44   -0.461815  0.00116967
       11769       -0.44   -0.461813  0.00116957
       11770       -0.36   -0.461805   0.0011695
       11771       -0.52    -0.46181  0.00116941
       11772       -0.52   -0.461814  0.00116932
       11773       -0.28   -0.461799  0.00116933
       11774       -0.36    -0.46179  0.00116926
       11775       -0.12   -0.461761  0.00116952
       11776       -0.36   -0.461753  0.00116945
       11777       -0.36   -0.461744  0.00116939
       11778       -0.44   -0.461742  0.00116929
       11779        -0.6   -0.461754  0.00116925
       11780        -0.6   -0.461766  0.00116921
       11781       -0.68   -0.461784  0.00116925
       11782       -0.68   -0.461803   0.0011693
       11783        -0.6   -0.461814  0.00116926
       11784       -0.52   -0.461819  0.00116917
       11785       -0.44   -0.461818  0.00116907
       11786       -0.36   -0.461809  0.00116901
       11787       -0.28   -0.461794  0.00116901
       11788       -0.44   -0.461792  0.00116891
       11789       -0.28   -0.461776  0.00116891
       11790       -0.52   -0.461781  0.00116883
       11791       -0.52   -0.461786  0.00116874
       11792        -0.6   -0.461798   0.0011687
       11793       -0.28   -0.461782   0.0011687
       11794       -0.52   -0.461787  0.00116861
       11795        -0.6   -0.461799  0.00116857
       11796       -0.28   -0.461784  0.00116857
       11797        -0.2   -0.461761  0.00116868
       11798       -0.52   -0.461766   0.0011686
       11799        -0.6   -0.461778  0.00116856
       11800       -0.44   -0.461776  0.00116846
       11801       -0.52   -0.461781  0.00116837
       11802       -0.36   -0.461773   0.0011683
       11803       -0.44   -0.461771   0.0011682
       11804       -0.28   -0.461755  0.00116821
       11805       -0.44   -0.461753  0.00116811
       11806       -0.44   -0.461752  0.00116801
       11807       -0.28   -0.461736  0.00116801
       11808       -0.28   -0.461721  0.00116802
       11809       -0.36   -0.461712  0.00116795
       11810       -0.44    -0.46171  0.00116785
       11811       -0.52   -0.461715  0.00116776
       11812       -0.44   -0.461714  0.00116767
       11813       -0.52   -0.461718  0.00116758
       11814        -0.2   -0.461696  0.00116769
       11815       -0.44   -0.461694  0.00116759
       11816       -0.44   -0.461693  0.00116749
       11817        -0.2    -0.46167  0.00116761
       11818       -0.28   -0.461655  0.00116761
       11819       -0.44   -0.461653  0.00116751
       11820       -0.44   -0.461651  0.00116741
       11821       -0.52   -0.461656  0.00116733
       11822        -0.6   -0.461668  0.00116729
       11823       -0.68   -0.461687  0.00116733
       11824       -0.28   -0.461671  0.00116734
       11825        -0.6   -0.461683   0.0011673
       11826       -0.44   -0.461681   0.0011672
       11827        -0.6   -0.461693  0.00116716
       11828       -0.68   -0.461711   0.0011672
       11829       -0.44   -0.461709  0.00116711
       11830       -0.28   -0.461694  0.00116711
       11831       -0.36   -0.461685  0.00116704
       11832       -0.36   -0.461677  0.00116698
       11833       -0.28   -0.461661  0.00116698
       11834       -0.44    -0.46166  0.00116688
       11835        -0.6   -0.461671  0.00116684
       11836       -0.52   -0.461676  0.00116675
       11837       -0.36   -0.461668  0.00116669
       11838       -0.28   -0.461652  0.00116669
       11839       -0.44    -0.46165  0.00116659
       11840       -0.52   -0.461655   0.0011665
       11841       -0.52    -0.46166  0.00116642
       11842       -0.44   -0.461659  0.00116632
       11843       -0.52   -0.461663  0.00116623
       11844       -0.52   -0.461668  0.00116614
       11845       -0.44   -0.461667  0.00116604
       11846        -0.6   -0.461678  0.00116601
       11847       -0.36    -0.46167  0.00116594
       11848       -0.44   -0.461668  0.00116584
       11849       -0.52   -0.461673  0.00116575
       11850       -0.52   -0.461678  0.00116567
       11851       -0.52   -0.461683  0.00116558
       11852       -0.36   -0.461674  0.00116551
       11853       -0.44   -0.461672  0.00116541
       11854       -0.44    -0.46167  0.00116532
       11855       -0.44   -0.461668  0.00116522
       11856       -0.44   -0.461667  0.00116512
       11857       -0.52   -0.461672  0.00116504
       11858       -0.44    -0.46167  0.00116494
       11859       -0.36   -0.461661  0.00116487
       11860       -0.44   -0.461659  0.00116477
       11861       -0.44   -0.461658  0.00116468
       11862        -0.6   -0.461669  0.00116464
       11863       -0.44   -0.461667  0.00116454
       11864       -0.44   -0.461666  0.00116444
       11865       -0.36   -0.461657  0.00116438
       11866       -0.52   -0.461662  0.00116429
       11867       -0.36   -0.461653  0.00116422
       11868       -0.52   -0.461658  0.00116414
       11869       -0.52   -0.461663  0.00116405
       11870       -0.36   -0.461655  0.00116398
       11871       -0.36   -0.461646  0.00116392
       11872       -0.52   -0.461651  0.00116383
       11873       -0.44   -0.461649  0.00116373
       11874       -0.44   -0.461647  0.00116363
       11875       -0.36   -0.461639  0.00116357
       11876       -0.44   -0.461637  0.00116347
       11877       -0.52   -0.461642  0.00116338
       11878       -0.52   -0.461647   0.0011633
       11879       -0.36   -0.461638  0.00116323
       11880       -0.52   -0.461643  0.00116314
       11881       -0.28   -0.461628  0.00116314
       11882       -0.28   -0.461613  0.00116315
       11883        -0.6   -0.461624  0.00116311
       11884       -0.44   -0.461622  0.00116301
       11885       -0.52   -0.461627  0.00116292
       11886       -0.36   -0.461619  0.00116286
       11887       -0.52   -0.461624  0.00116277
       11888       -0.28   -0.461608  0.00116277
       11889        -0.6    -0.46162  0.00116273
       11890        -0.6   -0.461632  0.00116269
       11891       -0.68    -0.46165  0.00116274
       11892       -0.52   -0.461655  0.00116265
       11893       -0.36   -0.461646  0.00116259
       11894       -0.28   -0.461631  0.00116259
       11895        -0.6   -0.461643  0.00116255
       11896       -0.44   -0.461641  0.00116245
       11897       -0.44   -0.461639  0.00116236
       11898       -0.44   -0.461637  0.00116226
       11899       -0.52   -0.461642  0.00116217
       11900       -0.36   -0.461634  0.00116211
       11901        -0.6   -0.461645  0.00116207
       11902       -0.68   -0.461664  0.00116212
       11903        -0.6   -0.461675  0.00116208
       11904       -0.44   -0.461673  0.00116198
       11905       -0.68   -0.461692  0.00116203
       11906       -0.68    -0.46171  0.00116207
       11907       -0.76   -0.461735  0.00116225
       11908       -0.68   -0.461753  0.00116229
       11909        -0.6   -0.461765  0.00116225
       11910       -0.44   -0.461763  0.00116216
       11911       -0.76   -0.461788  0.00116233
       11912       -0.68   -0.461807  0.00116238
       11913       -0.44   -0.461805  0.00116228
       11914       -0.44   -0.461803  0.00116218
       11915       -0.52   -0.461808   0.0011621
       11916       -0.28   -0.461793   0.0011621
       11917       -0.52   -0.461797  0.00116201
       11918        -0.6   -0.461809  0.00116197
       11919       -0.68   -0.461827  0.00116202
       11920       -0.52   -0.461832  0.00116193
       11921        -0.6   -0.461844  0.00116189
       11922       -0.36   -0.461835  0.00116183
       11923       -0.44   -0.461833  0.00116173
       11924       -0.36   -0.461825  0.00116166
       11925        -0.2   -0.461803  0.00116177
       11926        -0.6   -0.461815  0.00116173
       11927       -0.36   -0.461806  0.00116167
       11928       -0.36   -0.461797   0.0011616
       11929        -0.6   -0.461809  0.00116156
       11930        -0.6   -0.461821  0.00116152
       11931       -0.52   -0.461825  0.00116144
       11932       -0.52    -0.46183  0.00116135
       11933       -0.52   -0.461835  0.00116126
       11934       -0.28    -0.46182  0.00116126
       11935        -0.2   -0.461798  0.00116137
       11936       -0.44   -0.461796  0.00116128
       11937       -0.44   -0.461794  0.00116118
       11938       -0.52   -0.461799   0.0011611
       11939       -0.52   -0.461804  0.00116101
       11940       -0.52   -0.461809  0.00116092
       11941       -0.52   -0.461814  0.00116083
       11942       -0.44   -0.461812  0.00116074
       11943       -0.36   -0.461804  0.00116067
       11944       -0.28   -0.461788  0.00116068
       11945       -0.36    -0.46178  0.00116061
       11946       -0.52   -0.461785  0.00116052
       11947       -0.12   -0.461756  0.00116078
       11948       -0.44   -0.461754  0.00116068
       11949       -0.44   -0.461752  0.00116059
       11950       -0.52   -0.461757   0.0011605
       11951       -0.44   -0.461756   0.0011604
       11952       -0.28    -0.46174  0.00116041
       11953       -0.52   -0.461745  0.00116032
       11954       -0.36   -0.461737  0.00116025
       11955       -0.28   -0.461721  0.00116026
       11956       -0.68    -0.46174   0.0011603
       11957       -0.84   -0.461771  0.00116064
       11958        -0.6   -0.461783   0.0011606
       11959       -0.68   -0.461801  0.00116064
       11960        -0.6   -0.461813   0.0011606
       11961       -0.36   -0.461804  0.00116054
       11962       -0.36   -0.461796  0.00116047
       11963       -0.44   -0.461794  0.00116038
       11964       -0.44   -0.461792  0.00116028
       11965       -0.28   -0.461777  0.00116028
       11966       -0.44   -0.461775  0.00116019
       11967       -0.52    -0.46178   0.0011601
       11968        -0.6   -0.461791  0.00116006
       11969       -0.52   -0.461796  0.00115998
       11970        -0.6   -0.461808  0.00115994
       11971       -0.68   -0.461826  0.00115998
       11972        -0.6   -0.461838  0.00115994
       11973       -0.52   -0.461842  0.00115986
       11974       -0.52   -0.461847  0.00115977
       11975       -0.44   -0.461846  0.00115967
       11976       -0.52    -0.46185  0.00115959
       11977       -0.44   -0.461849  0.00115949
       11978       -0.68   -0.461867  0.00115954
       11979        -0.6   -0.461878   0.0011595
       11980       -0.52   -0.461883  0.00115941
       11981       -0.44   -0.461881  0.00115932
       11982       -0.52   -0.461886  0.00115923
       11983       -0.36   -0.461878  0.00115917
       11984       -0.52   -0.461883  0.00115908
       11985       -0.52   -0.461887  0.00115899
       11986       -0.68   -0.461906  0.00115904
       11987        -0.6   -0.461917    0.001159
       11988       -0.36   -0.461909  0.00115893
       11989       -0.36     -0.4619  0.00115887
       11990        -0.2   -0.461878  0.00115898
       11991       -0.36    -0.46187  0.00115891
       11992       -0.44   -0.461868  0.00115882
       11993        -0.6   -0.461879  0.00115878
       11994       -0.52   -0.461884  0.00115869
       11995        -0.6   -0.461896  0.00115865
       11996       -0.52   -0.461901  0.00115856
       11997       -0.52   -0.461905  0.00115848
       11998        -0.6   -0.461917  0.00115844
       11999       -0.68   -0.461935  0.00115848
       12000        -0.6   -0.461947  0.00115845
       12001        -0.6   -0.461958  0.00115841
       12002       -0.52   -0.461963  0.00115832
       12003       -0.44   -0.461961  0.00115822
       12004       -0.28   -0.461946  0.00115823
       12005       -0.44   -0.461944  0.00115813
       12006       -0.36   -0.461936  0.00115807
       12007       -0.36   -0.461927    0.001158
       12008       -0.28   -0.461912    0.001158
       12009       -0.36   -0.461904  0.00115794
       12010       -0.36   -0.461895  0.00115787
       12011       -0.36   -0.461887  0.00115781
       12012       -0.36   -0.461878  0.00115774
       12013       -0.36    -0.46187  0.00115768
       12014       -0.36   -0.461861  0.00115761
       12015       -0.52   -0.461866  0.00115753
       12016       -0.52   -0.461871  0.00115744
       12017       -0.44   -0.461869  0.00115734
       12018       -0.36   -0.461861  0.00115728
       12019       -0.44   -0.461859  0.00115718
       12020       -0.12    -0.46183  0.00115744
       12021       -0.36   -0.461822  0.00115737
       12022        -0.6   -0.461833  0.00115733
       12023       -0.44   -0.461831  0.00115724
       12024       -0.44    -0.46183  0.00115714
       12025       -0.68   -0.461848  0.00115719
       12026        -0.6   -0.461859  0.00115715
       12027       -0.52   -0.461864  0.00115706
       12028       -0.52   -0.461869  0.00115698
       12029       -0.52   -0.461874  0.00115689
       12030       -0.44   -0.461872   0.0011568
       12031       -0.36   -0.461864  0.00115673
       12032       -0.44   -0.461862  0.00115664
       12033       -0.44    -0.46186  0.00115654
       12034       -0.52   -0.461865  0.00115646
       12035        -0.6   -0.461876  0.00115642
       12036       -0.36   -0.461868  0.00115635
       12037       -0.52   -0.461873  0.00115627
       12038       -0.44   -0.461871  0.00115617
       12039       -0.52   -0.461876  0.00115609
       12040       -0.44   -0.461874  0.00115599
       12041        -0.6   -0.461885  0.00115595
       12042        -0.6   -0.461897  0.00115591
       12043       -0.44   -0.461895  0.00115582
       12044        -0.6   -0.461906  0.00115578
       12045       -0.76   -0.461931  0.00115595
       12046        -0.6   -0.461943  0.00115591
       12047       -0.44   -0.461941  0.00115581
       12048       -0.52   -0.461946  0.00115573
       12049        -0.6   -0.461957  0.00115569
       12050        -0.6   -0.461968  0.00115565
       12051       -0.52   -0.461973  0.00115556
       12052       -0.52   -0.461978  0.00115548
       12053        -0.6    -0.46199  0.00115544
       12054       -0.44   -0.461988  0.00115535
       12055       -0.36   -0.461979  0.00115528
       12056       -0.28   -0.461964  0.00115528
       12057        -0.6   -0.461976  0.00115524
       12058       -0.52    -0.46198  0.00115516
       12059       -0.44   -0.461979  0.00115506
       12060       -0.44   -0.461977  0.00115497
       12061       -0.52   -0.461982  0.00115488
       12062       -0.52   -0.461986   0.0011548
       12063       -0.52   -0.461991  0.00115471
       12064        -0.6   -0.462003  0.00115467
       12065        -0.6   -0.462014  0.00115463
       12066       -0.52   -0.462019  0.00115455
       12067       -0.44   -0.462017  0.00115445
       12068       -0.36   -0.462009  0.00115439
       12069       -0.36      -0.462  0.00115433
       12070       -0.52   -0.462005  0.00115424
       12071       -0.68   -0.462023  0.00115429
       12072       -0.28   -0.462008  0.00115429
       12073       -0.28   -0.461993  0.00115429
       12074        -0.6   -0.462004  0.00115425
       12075        -0.6   -0.462016  0.00115421
       12076       -0.28   -0.462001  0.00115422
       12077       -0.44   -0.461999  0.00115412
       12078       -0.68   -0.462017  0.00115417
       12079       -0.36   -0.462008   0.0011541
       12080       -0.44   -0.462007  0.00115401
       12081       -0.52   -0.462011  0.00115392
       12082       -0.28   -0.461996  0.00115393
       12083       -0.44   -0.461995  0.00115383
       12084       -0.36   -0.461986  0.00115377
       12085       -0.52   -0.461991  0.00115368
       12086       -0.36   -0.461982  0.00115362
       12087       -0.52   -0.461987  0.00115353
       12088       -0.44   -0.461985  0.00115344
       12089        -0.2   -0.461964  0.00115355
       12090       -0.36   -0.461955  0.00115348
       12091       -0.52    -0.46196   0.0011534
       12092       -0.52   -0.461965  0.00115331
       12093        -0.6   -0.461976  0.00115327
       12094       -0.68   -0.461994  0.00115332
       12095        -0.6   -0.462006  0.00115328
       12096       -0.44   -0.462004  0.00115318
       12097       -0.68   -0.462022  0.00115323
       12098       -0.68    -0.46204  0.00115327
       12099       -0.44   -0.462038  0.00115318
       12100       -0.36    -0.46203  0.00115312
       12101       -0.52   -0.462035  0.00115303
       12102        -0.6   -0.462046  0.00115299
       12103        -0.2   -0.462024   0.0011531
       12104        -0.2   -0.462003  0.00115321
       12105       -0.28   -0.461988  0.00115321
       12106       -0.36   -0.461979  0.00115315
       12107       -0.28   -0.461964  0.00115315
       12108       -0.36   -0.461956  0.00115308
       12109       -0.52   -0.461961    0.001153
       12110       -0.36   -0.461952  0.00115294
       12111       -0.44    -0.46195  0.00115284
       12112        -0.6   -0.461962   0.0011528
       12113       -0.68    -0.46198  0.00115285
       12114       -0.44   -0.461978  0.00115275
       12115        -0.6   -0.461989  0.00115272
       12116        -0.6   -0.462001  0.00115268
       12117       -0.44   -0.461999  0.00115258
       12118       -0.52   -0.462004   0.0011525
       12119       -0.52   -0.462008  0.00115241
       12120        -0.6    -0.46202  0.00115237
       12121       -0.76   -0.462044  0.00115254
       12122       -0.28   -0.462029  0.00115254
       12123        -0.6   -0.462041   0.0011525
       12124       -0.28   -0.462026  0.00115251
       12125       -0.36   -0.462017  0.00115244
       12126       -0.44   -0.462016  0.00115235
       12127       -0.44   -0.462014  0.00115226
       12128       -0.36   -0.462005  0.00115219
       12129       -0.44   -0.462003   0.0011521
       12130        -0.6   -0.462015  0.00115206
       12131       -0.36   -0.462006  0.00115199
       12132       -0.36   -0.461998  0.00115193
       12133       -0.52   -0.462003  0.00115185
       12134        -0.6   -0.462014  0.00115181
       12135        -0.6   -0.462026  0.00115177
       12136       -0.68   -0.462044  0.00115181
       12137       -0.68   -0.462061  0.00115186
       12138       -0.68   -0.462079   0.0011519
       12139       -0.68   -0.462097  0.00115195
       12140       -0.52   -0.462102  0.00115186
       12141       -0.52   -0.462107  0.00115178
       12142       -0.68   -0.462125  0.00115182
       12143       -0.52    -0.46213  0.00115174
       12144       -0.44   -0.462128  0.00115164
       12145       -0.36   -0.462119  0.00115158
       12146       -0.28   -0.462104  0.00115158
       12147       -0.28   -0.462089  0.00115159
       12148       -0.36   -0.462081  0.00115152
       12149        -0.6   -0.462092  0.00115148
       12150       -0.36   -0.462084  0.00115142
       12151        -0.6   -0.462095  0.00115138
       12152       -0.52     -0.4621   0.0011513
       12153        -0.2   -0.462078   0.0011514
       12154       -0.44   -0.462077  0.00115131
       12155       -0.52   -0.462081  0.00115122
       12156       -0.44    -0.46208  0.00115113
       12157       -0.44   -0.462078  0.00115104
       12158       -0.36   -0.462069  0.00115097
       12159       -0.44   -0.462068  0.00115088
       12160       -0.28   -0.462053  0.00115088
       12161       -0.44   -0.462051  0.00115079
       12162       -0.52   -0.462056  0.00115071
       12163       -0.28   -0.462041  0.00115071
       12164       -0.36   -0.462032  0.00115064
       12165       -0.36   -0.462024  0.00115058
       12166       -0.28   -0.462009  0.00115058
       12167       -0.44   -0.462007  0.00115049
       12168       -0.52   -0.462012   0.0011504
       12169       -0.44    -0.46201  0.00115031
       12170       -0.36   -0.462002  0.00115025
       12171       -0.44      -0.462  0.00115015
       12172       -0.68   -0.462018   0.0011502
       12173       -0.52   -0.462023  0.00115012
       12174       -0.44   -0.462021  0.00115002
       12175        -0.2   -0.461999  0.00115013
       12176       -0.36   -0.461991  0.00115006
       12177       -0.12   -0.461963  0.00115031
       12178       -0.28   -0.461948  0.00115032
       12179       -0.36   -0.461939  0.00115025
       12180       -0.36   -0.461931  0.00115019
       12181       -0.28   -0.461916  0.00115019
       12182       -0.28   -0.461901  0.00115019
       12183       -0.44   -0.461899   0.0011501
       12184        -0.6   -0.461911  0.00115006
       12185       -0.44   -0.461909  0.00114997
       12186       -0.36   -0.461901   0.0011499
       12187       -0.52   -0.461905  0.00114982
       12188       -0.44   -0.461904  0.00114973
       12189       -0.36   -0.461895  0.00114966
       12190       -0.44   -0.461893  0.00114957
       12191       -0.52   -0.461898  0.00114949
       12192        -0.6   -0.461909  0.00114945
       12193       -0.52   -0.461914  0.00114936
       12194        -0.6   -0.461926  0.00114932
       12195        -0.6   -0.461937  0.00114929
       12196       -0.28   -0.461922  0.00114929
       12197        -0.6   -0.461933  0.00114925
       12198       -0.68   -0.461951  0.00114929
       12199        -0.6   -0.461962  0.00114926
       12200       -0.36   -0.461954  0.00114919
       12201       -0.44   -0.461952   0.0011491
       12202        -0.6   -0.461964  0.00114906
       12203       -0.52   -0.461968  0.00114898
       12204       -0.28   -0.461953  0.00114898
       12205       -0.36   -0.461945  0.00114892
       12206       -0.36   -0.461937  0.00114885
       12207       -0.44   -0.461935  0.00114876
       12208       -0.44   -0.461933  0.00114867
       12209       -0.36   -0.461925   0.0011486
       12210       -0.44   -0.461923  0.00114851
       12211       -0.52   -0.461928  0.00114843
       12212        -0.6   -0.461939  0.00114839
       12213       -0.52   -0.461944   0.0011483
       12214       -0.44   -0.461942  0.00114821
       12215       -0.68    -0.46196  0.00114826
       12216       -0.68   -0.461978   0.0011483
       12217       -0.68   -0.461996  0.00114835
       12218       -0.68   -0.462013  0.00114839
       12219       -0.76   -0.462038  0.00114855
       12220       -0.52   -0.462043  0.00114847
       12221        -0.6   -0.462054  0.00114843
       12222       -0.52   -0.462059  0.00114835
       12223       -0.52   -0.462063  0.00114826
       12224       -0.36   -0.462055   0.0011482
       12225        -0.6   -0.462066  0.00114816
       12226       -0.52   -0.462071  0.00114808
       12227       -0.36   -0.462063  0.00114801
       12228       -0.52   -0.462067  0.00114793
       12229       -0.52   -0.462072  0.00114785
       12230       -0.52   -0.462077  0.00114776
       12231       -0.52   -0.462082  0.00114768
       12232       -0.52   -0.462086  0.00114759
       12233       -0.52   -0.462091  0.00114751
       12234       -0.28   -0.462076  0.00114751
       12235       -0.52   -0.462081  0.00114743
       12236       -0.28   -0.462066  0.00114743
       12237       -0.44   -0.462064  0.00114734
       12238       -0.52   -0.462069  0.00114725
       12239       -0.44   -0.462067  0.00114716
       12240       -0.68   -0.462085  0.00114721
       12241       -0.52    -0.46209  0.00114712
       12242       -0.52   -0.462094  0.00114704
       12243       -0.44   -0.462093  0.00114695
       12244       -0.52   -0.462097  0.00114686
       12245       -0.44   -0.462096  0.00114677
       12246       -0.68   -0.462113  0.00114681
       12247        -0.6   -0.462125  0.00114678
       12248        -0.6   -0.462136  0.00114674
       12249       -0.28   -0.462121  0.00114674
       12250       -0.52   -0.462126  0.00114666
       12251        -0.6   -0.462137  0.00114662
       12252       -0.36   -0.462129  0.00114656
       12253       -0.52   -0.462133  0.00114647
       12254        -0.6   -0.462145  0.00114643
       12255       -0.52   -0.462149  0.00114635
       12256       -0.52   -0.462154  0.00114627
       12257       -0.36   -0.462146   0.0011462
       12258       -0.36   -0.462137  0.00114614
       12259       -0.44   -0.462136  0.00114605
       12260       -0.36   -0.462127  0.00114598
       12261       -0.28   -0.462112  0.00114599
       12262       -0.28   -0.462098  0.00114599
       12263       -0.36   -0.462089  0.00114593
       12264        -0.6     -0.4621  0.00114589
       12265        -0.6   -0.462112  0.00114585
       12266       -0.52   -0.462116  0.00114577
       12267        -0.6   -0.462128  0.00114573
       12268       -0.68   -0.462145  0.00114577
       12269       -0.68   -0.462163  0.00114582
       12270       -0.44   -0.462161  0.00114572
       12271       -0.36   -0.462153  0.00114566
       12272       -0.44   -0.462151  0.00114557
       12273       -0.28   -0.462136  0.00114557
       12274       -0.28   -0.462122  0.00114557
       12275       -0.44    -0.46212  0.00114548
       12276        -0.2   -0.462098  0.00114559
       12277       -0.28   -0.462084  0.00114559
       12278        -0.6   -0.462095  0.00114555
       12279       -0.44   -0.462093  0.00114546
       12280       -0.52   -0.462098  0.00114538
       12281       -0.28   -0.462083  0.00114538
       12282       -0.28   -0.462068  0.00114538
       12283       -0.44   -0.462066  0.00114529
       12284       -0.44   -0.462064   0.0011452
       12285       -0.44   -0.462063  0.00114511
       12286       -0.52   -0.462067  0.00114502
       12287       -0.52   -0.462072  0.00114494
       12288       -0.52   -0.462077  0.00114486
       12289       -0.44   -0.462075  0.00114476
       12290       -0.36   -0.462067   0.0011447
       12291       -0.44   -0.462065  0.00114461
       12292       -0.52    -0.46207  0.00114453
       12293       -0.28   -0.462055  0.00114453
       12294       -0.44   -0.462053  0.00114444
       12295       -0.44   -0.462051  0.00114435
       12296        -0.2    -0.46203  0.00114445
       12297       -0.28   -0.462015  0.00114445
       12298       -0.36   -0.462007  0.00114439
       12299       -0.36   -0.461999  0.00114433
       12300       -0.36    -0.46199  0.00114427
       12301       -0.44   -0.461988  0.00114417
       12302       -0.36    -0.46198  0.00114411
       12303       -0.52   -0.461985  0.00114403
       12304       -0.52    -0.46199  0.00114394
       12305       -0.68   -0.462007  0.00114399
       12306       -0.44   -0.462006   0.0011439
       12307       -0.44   -0.462004  0.00114381
       12308       -0.36   -0.461995  0.00114374
       12309       -0.52      -0.462  0.00114366
       12310       -0.52   -0.462005  0.00114358
       12311       -0.44   -0.462003  0.00114348
       12312       -0.52   -0.462008   0.0011434
       12313       -0.36      -0.462  0.00114334
       12314       -0.44   -0.461998  0.00114325
       12315       -0.68   -0.462015  0.00114329
       12316       -0.44   -0.462014   0.0011432
       12317       -0.28   -0.461999   0.0011432
       12318        -0.6    -0.46201  0.00114316
       12319       -0.68   -0.462028  0.00114321
       12320       -0.44   -0.462026  0.00114312
       12321       -0.52   -0.462031  0.00114303
       12322       -0.36   -0.462022  0.00114297
       12323       -0.44   -0.462021  0.00114288
       12324       -0.52   -0.462025   0.0011428
       12325       -0.44   -0.462024  0.00114271
       12326       -0.52   -0.462028  0.00114262
       12327       -0.44   -0.462026  0.00114253
       12328       -0.28   -0.462012  0.00114253
       12329        -0.2    -0.46199  0.00114264
       12330       -0.36   -0.461982  0.00114258
       12331        -0.6   -0.461993  0.00114254
       12332       -0.52   -0.461998  0.00114246
       12333       -0.36    -0.46199  0.00114239
       12334       -0.44   -0.461988   0.0011423
       12335       -0.36    -0.46198  0.00114224
       12336       -0.28   -0.461965  0.00114224
       12337       -0.52    -0.46197  0.00114216
       12338        -0.6   -0.461981  0.00114212
       12339       -0.52   -0.461986  0.00114204
       12340       -0.52    -0.46199  0.00114196
       12341       -0.44   -0.461988  0.00114186
       12342       -0.52   -0.461993  0.00114178
       12343       -0.36   -0.461985  0.00114172
       12344       -0.36   -0.461977  0.00114166
       12345       -0.44   -0.461975  0.00114156
       12346        -0.6   -0.461986  0.00114153
       12347       -0.68   -0.462004  0.00114157
       12348       -0.36   -0.461995  0.00114151
       12349        -0.6   -0.462007  0.00114147
       12350       -0.52   -0.462011  0.00114139
       12351       -0.68   -0.462029  0.00114143
       12352       -0.52   -0.462034  0.00114135
       12353       -0.44   -0.462032  0.00114126
       12354       -0.44    -0.46203  0.00114117
       12355       -0.44   -0.462028  0.00114108
       12356       -0.44   -0.462027  0.00114099
       12357       -0.28   -0.462012  0.00114099
       12358       -0.52   -0.462017  0.00114091
       12359       -0.44   -0.462015  0.00114081
       12360       -0.44   -0.462013  0.00114072
       12361        -0.6   -0.462024  0.00114069
       12362       -0.28   -0.462009  0.00114069
       12363       -0.44   -0.462008   0.0011406
       12364       -0.52   -0.462012  0.00114052
       12365       -0.52   -0.462017  0.00114043
       12366       -0.28   -0.462002  0.00114044
       12367        -0.2   -0.461981  0.00114054
       12368       -0.52   -0.461986  0.00114046
       12369       -0.36   -0.461978   0.0011404
       12370       -0.28   -0.461963   0.0011404
       12371       -0.28   -0.461948   0.0011404
       12372       -0.36    -0.46194  0.00114034
       12373       -0.52   -0.461945  0.00114026
       12374       -0.36   -0.461936  0.00114019
       12375       -0.52   -0.461941  0.00114011
       12376       -0.52   -0.461946  0.00114003
       12377       -0.52    -0.46195  0.00113995
       12378       -0.36   -0.461942  0.00113988
       12379        -0.2   -0.461921  0.00113999
       12380       -0.52   -0.461926  0.00113991
       12381       -0.44   -0.461924  0.00113981
       12382       -0.52   -0.461929  0.00113973
       12383       -0.44   -0.461927  0.00113964
       12384       -0.52   -0.461932  0.00113956
       12385        -0.6   -0.461943  0.00113952
       12386       -0.36   -0.461934  0.00113946
       12387       -0.52   -0.461939  0.00113938
       12388       -0.44   -0.461937  0.00113929
       12389       -0.44   -0.461936   0.0011392
       12390       -0.36   -0.461927  0.00113913
       12391       -0.44   -0.461926  0.00113904
       12392       -0.36   -0.461917  0.00113898
       12393        -0.6   -0.461929  0.00113894
       12394       -0.52   -0.461933  0.00113886
       12395       -0.28   -0.461919  0.00113886
       12396       -0.36    -0.46191   0.0011388
       12397       -0.44   -0.461909  0.00113871
       12398       -0.44   -0.461907  0.00113862
       12399       -0.36   -0.461899  0.00113856
       12400       -0.44   -0.461897  0.00113847
       12401       -0.36   -0.461889  0.00113841
       12402       -0.44   -0.461887  0.00113832
       12403       -0.44   -0.461885  0.00113823
       12404       -0.44   -0.461883  0.00113813
       12405       -0.44   -0.461881  0.00113804
       12406       -0.44    -0.46188  0.00113795
       12407       -0.36   -0.461872  0.00113789
       12408        -0.6   -0.461883  0.00113785
       12409       -0.28   -0.461868  0.00113786
       12410        -0.6   -0.461879  0.00113782
       12411        -0.6    -0.46189  0.00113778
       12412       -0.52   -0.461895   0.0011377
       12413       -0.44   -0.461893  0.00113761
       12414       -0.68   -0.461911  0.00113765
       12415       -0.52   -0.461915  0.00113757
       12416       -0.36   -0.461907  0.00113751
       12417        -0.2   -0.461886  0.00113761
       12418       -0.28   -0.461871  0.00113762
       12419       -0.36   -0.461863  0.00113756
       12420       -0.44   -0.461862  0.00113746
       12421       -0.36   -0.461853   0.0011374
       12422        -0.2   -0.461832  0.00113751
       12423       -0.36   -0.461824  0.00113744
       12424       -0.44   -0.461822  0.00113735
       12425        -0.6   -0.461833  0.00113732
       12426       -0.44   -0.461832  0.00113723
       12427       -0.36   -0.461823  0.00113716
       12428        -0.6   -0.461835  0.00113713
       12429       -0.44   -0.461833  0.00113704
       12430       -0.52   -0.461837  0.00113696
       12431       -0.28   -0.461823  0.00113696
       12432       -0.52   -0.461828  0.00113688
       12433       -0.52   -0.461832  0.00113679
       12434       -0.36   -0.461824  0.00113673
       12435       -0.52   -0.461829  0.00113665
       12436       -0.44   -0.461827  0.00113656
       12437       -0.36   -0.461819   0.0011365
       12438       -0.44   -0.461817  0.00113641
       12439       -0.44   -0.461815  0.00113632
       12440        -0.6   -0.461826  0.00113628
       12441       -0.36   -0.461818  0.00113622
       12442       -0.28   -0.461804  0.00113622
       12443       -0.52   -0.461808  0.00113614
       12444       -0.52   -0.461813  0.00113606
       12445       -0.44   -0.461811  0.00113597
       12446       -0.36   -0.461803  0.00113591
       12447       -0.36   -0.461795  0.00113585
       12448        -0.2   -0.461774  0.00113595
       12449       -0.36   -0.461766  0.00113589
       12450       -0.52    -0.46177  0.00113581
       12451       -0.44   -0.461769  0.00113572
       12452       -0.68   -0.461786  0.00113576
       12453       -0.52   -0.461791  0.00113568
       12454       -0.52   -0.461795   0.0011356
       12455        -0.2   -0.461774   0.0011357
       12456       -0.44   -0.461773  0.00113561
       12457       -0.68    -0.46179  0.00113565
       12458       -0.52   -0.461795  0.00113557
       12459       -0.44   -0.461793  0.00113548
       12460        -0.6   -0.461804  0.00113545
       12461        -0.6   -0.461815  0.00113541
       12462        -0.6   -0.461826  0.00113537
       12463        -0.6   -0.461837  0.00113534
       12464        -0.6   -0.461849   0.0011353
       12465       -0.52   -0.461853  0.00113522
       12466       -0.68   -0.461871  0.00113526
       12467       -0.36   -0.461863   0.0011352
       12468       -0.44   -0.461861  0.00113511
       12469       -0.44   -0.461859  0.00113502
       12470       -0.44   -0.461857  0.00113493
       12471       -0.44   -0.461856  0.00113484
       12472       -0.44   -0.461854  0.00113475
       12473       -0.44   -0.461852  0.00113466
       12474       -0.36   -0.461844   0.0011346
       12475       -0.52   -0.461848  0.00113452
       12476       -0.44   -0.461847  0.00113443
       12477       -0.52   -0.461851  0.00113435
       12478       -0.44    -0.46185  0.00113426
       12479       -0.28   -0.461835  0.00113426
       12480       -0.28   -0.461821  0.00113426
       12481       -0.36   -0.461812   0.0011342
       12482       -0.36   -0.461804  0.00113414
       12483       -0.52   -0.461809  0.00113406
       12484       -0.28   -0.461794  0.00113406
       12485       -0.52   -0.461799  0.00113398
       12486       -0.28   -0.461784  0.00113398
       12487       -0.44   -0.461783  0.00113389
       12488       -0.04   -0.461749  0.00113431
       12489       -0.28   -0.461734  0.00113431
       12490       -0.28    -0.46172  0.00113431
       12491       -0.36   -0.461712  0.00113425
       12492        -0.6   -0.461723  0.00113421
       12493       -0.44   -0.461721  0.00113412
       12494       -0.44   -0.461719  0.00113403
       12495       -0.36   -0.461711  0.00113397
       12496       -0.36   -0.461703  0.00113391
       12497       -0.36   -0.461695  0.00113385
       12498       -0.44   -0.461693  0.00113376
       12499       -0.52   -0.461698  0.00113368
       12500       -0.52   -0.461702   0.0011336
       12501        -0.6   -0.461713  0.00113356
       12502       -0.52   -0.461718  0.00113348
       12503       -0.52   -0.461723   0.0011334
       12504       -0.36   -0.461715  0.00113334
       12505       -0.36   -0.461707  0.00113328
       12506       -0.28   -0.461692  0.00113328
       12507       -0.52   -0.461697   0.0011332
       12508       -0.52   -0.461701  0.00113312
       12509       -0.44     -0.4617  0.00113303
       12510       -0.68   -0.461717  0.00113307
       12511        -0.6   -0.461728  0.00113303
       12512       -0.52   -0.461733  0.00113295
       12513       -0.44   -0.461731  0.00113286
       12514        -0.6   -0.461742  0.00113283
       12515       -0.44    -0.46174  0.00113274
       12516       -0.44   -0.461739  0.00113265
       12517       -0.44   -0.461737  0.00113256
       12518       -0.12    -0.46171   0.0011328
       12519       -0.12   -0.461682  0.00113304
       12520       -0.52   -0.461687  0.00113295
       12521       -0.28   -0.461672  0.00113296
       12522       -0.52   -0.461677  0.00113288
       12523       -0.36   -0.461669  0.00113282
       12524       -0.44   -0.461667  0.00113273
       12525       -0.52   -0.461672  0.00113265
       12526       -0.52   -0.461677  0.00113256
       12527        -0.2   -0.461656  0.00113267
       12528       -0.36   -0.461648  0.00113261
       12529       -0.44   -0.461646  0.00113252
       12530       -0.52    -0.46165  0.00113244
       12531       -0.44   -0.461649  0.00113235
       12532       -0.52   -0.461653  0.00113227
       12533       -0.76   -0.461677  0.00113243
       12534        -0.6   -0.461688  0.00113239
       12535       -0.44   -0.461686   0.0011323
       12536       -0.52   -0.461691  0.00113222
       12537       -0.36   -0.461683  0.00113216
       12538       -0.36   -0.461675   0.0011321
       12539       -0.52    -0.46168  0.00113202
       12540       -0.44   -0.461678  0.00113193
       12541        -0.2   -0.461657  0.00113203
       12542       -0.52   -0.461662  0.00113195
       12543       -0.36   -0.461654  0.00113189
       12544       -0.52   -0.461658  0.00113181
       12545        -0.6   -0.461669  0.00113177
       12546       -0.68   -0.461687  0.00113181
       12547       -0.84   -0.461717  0.00113212
       12548       -0.68   -0.461734  0.00113217
       12549       -0.68   -0.461752  0.00113221
       12550        -0.6   -0.461763  0.00113217
       12551       -0.44   -0.461761  0.00113209
       12552        -0.6   -0.461772  0.00113205
       12553       -0.52   -0.461776  0.00113197
       12554       -0.52   -0.461781  0.00113189
       12555       -0.36   -0.461773  0.00113183
       12556       -0.52   -0.461778  0.00113175
       12557       -0.52   -0.461782  0.00113167
       12558       -0.52   -0.461787  0.00113158
       12559       -0.44   -0.461785   0.0011315
       12560       -0.36   -0.461777  0.00113144
       12561        -0.2   -0.461756  0.00113154
       12562       -0.44   -0.461754  0.00113145
       12563       -0.36   -0.461746  0.00113139
       12564       -0.44   -0.461745   0.0011313
       12565       -0.36   -0.461737  0.00113124
       12566       -0.52   -0.461741  0.00113116
       12567       -0.52   -0.461746  0.00113108
       12568       -0.52    -0.46175    0.001131
       12569       -0.52   -0.461755  0.00113092
       12570       -0.44   -0.461753  0.00113083
       12571       -0.52   -0.461758  0.00113075
       12572       -0.36    -0.46175  0.00113069
       12573       -0.28   -0.461735  0.00113069
       12574       -0.44   -0.461734   0.0011306
       12575       -0.36   -0.461726  0.00113054
       12576       -0.36   -0.461718  0.00113048
       12577       -0.36   -0.461709  0.00113042
       12578       -0.28   -0.461695  0.00113042
       12579        -0.6   -0.461706  0.00113038
       12580        -0.2   -0.461685  0.00113048
       12581        -0.6   -0.461696  0.00113045
       12582       -0.44   -0.461694  0.00113036
       12583       -0.28    -0.46168  0.00113036
       12584       -0.52   -0.461685  0.00113028
       12585       -0.44   -0.461683  0.00113019
       12586       -0.52   -0.461688  0.00113011
       12587       -0.68   -0.461705  0.00113016
       12588       -0.52    -0.46171  0.00113008
       12589        -0.6   -0.461721  0.00113004
       12590       -0.52   -0.461725  0.00112996
       12591       -0.36   -0.461717   0.0011299
       12592        -0.2   -0.461696     0.00113
       12593       -0.36   -0.461688  0.00112994
       12594        -0.6   -0.461699   0.0011299
       12595       -0.52   -0.461704  0.00112982
       12596       -0.52   -0.461708  0.00112974
       12597        -0.6   -0.461719  0.00112971
       12598       -0.44   -0.461718  0.00112962
       12599       -0.68   -0.461735  0.00112966
       12600       -0.44   -0.461733  0.00112957
       12601       -0.36   -0.461725  0.00112951
       12602       -0.52    -0.46173  0.00112943
       12603       -0.44   -0.461728  0.00112934
       12604       -0.44   -0.461726  0.00112925
       12605       -0.52   -0.461731  0.00112917
       12606       -0.52   -0.461736  0.00112909
       12607       -0.52    -0.46174  0.00112901
       12608        -0.6   -0.461751  0.00112898
       12609       -0.68   -0.461769  0.00112902
       12610        -0.6    -0.46178  0.00112898
       12611       -0.68   -0.461797  0.00112903
       12612       -0.52   -0.461801  0.00112895
       12613       -0.36   -0.461793  0.00112889
       12614       -0.36   -0.461785  0.00112883
       12615       -0.36   -0.461777  0.00112877
       12616       -0.36   -0.461769   0.0011287
       12617       -0.12   -0.461742  0.00112894
       12618       -0.36   -0.461734  0.00112888
       12619       -0.52   -0.461739   0.0011288
       12620       -0.44   -0.461737  0.00112871
       12621       -0.36   -0.461729  0.00112865
       12622       -0.28   -0.461714  0.00112865
       12623       -0.44   -0.461713  0.00112856
       12624       -0.44   -0.461711  0.00112848
       12625       -0.36   -0.461703  0.00112842
       12626       -0.44   -0.461701  0.00112833
       12627       -0.68   -0.461719  0.00112837
       12628        -0.6   -0.461729  0.00112834
       12629        -0.2   -0.461709  0.00112844
       12630        -0.2   -0.461688  0.00112854
       12631       -0.52   -0.461693  0.00112846
       12632       -0.44   -0.461691  0.00112837
       12633       -0.44   -0.461689  0.00112828
       12634       -0.44   -0.461688  0.00112819
       12635        -0.6   -0.461698  0.00112816
       12636       -0.52   -0.461703  0.00112808
       12637       -0.36   -0.461695  0.00112802
       12638       -0.28   -0.461681  0.00112802
       12639       -0.44   -0.461679  0.00112793
       12640       -0.52   -0.461684  0.00112785
       12641       -0.52   -0.461688  0.00112777
       12642       -0.52   -0.461693  0.00112769
       12643        -0.6   -0.461704  0.00112766
       12644       -0.28   -0.461689  0.00112766
       12645        -0.6     -0.4617  0.00112762
       12646        -0.2    -0.46168  0.00112772
       12647       -0.44   -0.461678  0.00112763
       12648       -0.52   -0.461682  0.00112755
       12649       -0.36   -0.461674  0.00112749
       12650       -0.44   -0.461673  0.00112741
       12651       -0.44   -0.461671  0.00112732
       12652       -0.52   -0.461676  0.00112724
       12653       -0.52    -0.46168  0.00112716
       12654       -0.52   -0.461685  0.00112708
       12655       -0.68   -0.461702  0.00112712
       12656       -0.44     -0.4617  0.00112703
       12657       -0.36   -0.461692  0.00112697
       12658       -0.52   -0.461697  0.00112689
       12659       -0.52   -0.461702  0.00112682
       12660       -0.44     -0.4617  0.00112673
       12661        -0.6   -0.461711  0.00112669
       12662       -0.52   -0.461715  0.00112661
       12663       -0.52    -0.46172  0.00112653
       12664       -0.36   -0.461712  0.00112647
       12665       -0.28   -0.461698  0.00112647
       12666       -0.28   -0.461683  0.00112648
       12667       -0.52   -0.461688   0.0011264
       12668        -0.6   -0.461699  0.00112636
       12669       -0.52   -0.461703  0.00112628
       12670       -0.52   -0.461708   0.0011262
       12671       -0.76   -0.461732  0.00112636
       12672       -0.52   -0.461736  0.00112628
       12673       -0.36   -0.461728  0.00112622
       12674       -0.28   -0.461714  0.00112622
       12675        -0.6   -0.461725  0.00112619
       12676        -0.6   -0.461736  0.00112615
       12677       -0.68   -0.461753  0.00112619
       12678        -0.6   -0.461764  0.00112616
       12679        -0.6   -0.461775  0.00112612
       12680       -0.44   -0.461773  0.00112603
       12681       -0.52   -0.461777  0.00112595
       12682       -0.44   -0.461776  0.00112587
       12683       -0.36   -0.461768  0.00112581
       12684       -0.44   -0.461766  0.00112572
       12685       -0.52   -0.461771  0.00112564
       12686       -0.52   -0.461775  0.00112556
       12687       -0.44   -0.461773  0.00112547
       12688        -0.6   -0.461784  0.00112544
       12689       -0.52   -0.461789  0.00112536
       12690       -0.68   -0.461806   0.0011254
       12691       -0.68   -0.461823  0.00112544
       12692       -0.52   -0.461828  0.00112536
       12693       -0.28   -0.461814  0.00112537
       12694        -0.6   -0.461824  0.00112533
       12695        -0.6   -0.461835  0.00112529
       12696        -0.6   -0.461846  0.00112526
       12697       -0.52   -0.461851  0.00112518
       12698       -0.44   -0.461849  0.00112509
       12699       -0.68   -0.461866  0.00112513
       12700       -0.44   -0.461865  0.00112505
       12701        -0.6   -0.461875  0.00112501
       12702       -0.52    -0.46188  0.00112493
       12703       -0.68   -0.461897  0.00112497
       12704        -0.6   -0.461908  0.00112494
       12705       -0.44   -0.461906  0.00112485
       12706       -0.52   -0.461911  0.00112477
       12707       -0.44   -0.461909  0.00112468
       12708       -0.52   -0.461914   0.0011246
       12709       -0.44   -0.461912  0.00112452
       12710       -0.36   -0.461904  0.00112446
       12711       -0.36   -0.461896   0.0011244
       12712        -0.6   -0.461907  0.00112436
       12713       -0.36   -0.461899   0.0011243
       12714       -0.28   -0.461885   0.0011243
       12715       -0.28    -0.46187  0.00112431
       12716       -0.36   -0.461862  0.00112425
       12717       -0.28   -0.461848  0.00112425
       12718        -0.2   -0.461827  0.00112435
       12719       -0.44   -0.461826  0.00112426
       12720       -0.44   -0.461824  0.00112418
       12721       -0.52   -0.461828   0.0011241
       12722        -0.6   -0.461839  0.00112406
       12723       -0.52   -0.461844  0.00112398
       12724       -0.44   -0.461842  0.00112389
       12725       -0.68   -0.461859  0.00112394
       12726       -0.44   -0.461858  0.00112385
       12727       -0.44   -0.461856  0.00112376
       12728       -0.68   -0.461873  0.00112381
       12729       -0.44   -0.461871  0.00112372
       12730       -0.36   -0.461863  0.00112366
       12731       -0.36   -0.461855   0.0011236
       12732       -0.36   -0.461847  0.00112354
       12733        -0.6   -0.461858   0.0011235
       12734        -0.6   -0.461869  0.00112347
       12735       -0.44   -0.461867  0.00112338
       12736       -0.52   -0.461872   0.0011233
       12737       -0.44    -0.46187  0.00112321
       12738       -0.28   -0.461856  0.00112322
       12739       -0.36   -0.461848  0.00112316
       12740       -0.36    -0.46184   0.0011231
       12741       -0.28   -0.461826   0.0011231
       12742       -0.28   -0.461811   0.0011231
       12743        -0.6   -0.461822  0.00112307
       12744       -0.44    -0.46182  0.00112298
       12745       -0.36   -0.461812  0.00112292
       12746       -0.36   -0.461804  0.00112286
       12747       -0.36   -0.461797   0.0011228
       12748       -0.28   -0.461782   0.0011228
       12749       -0.36   -0.461774  0.00112274
       12750       -0.52   -0.461779  0.00112267
       12751       -0.44   -0.461777  0.00112258
       12752       -0.36   -0.461769  0.00112252
       12753       -0.44   -0.461767  0.00112243
       12754       -0.36   -0.461759  0.00112237
       12755       -0.44   -0.461758  0.00112229
       12756       -0.44   -0.461756   0.0011222
       12757        -0.2   -0.461736   0.0011223
       12758       -0.28   -0.461721   0.0011223
       12759       -0.44    -0.46172  0.00112221
       12760       -0.36   -0.461712  0.00112215
       12761       -0.52   -0.461716  0.00112208
       12762       -0.52   -0.461721    0.001122
       12763       -0.44   -0.461719  0.00112191
       12764        -0.6    -0.46173  0.00112188
       12765       -0.28   -0.461716  0.00112188
       12766       -0.36   -0.461708  0.00112182
       12767       -0.36     -0.4617  0.00112176
       12768       -0.44   -0.461698  0.00112167
       12769       -0.44   -0.461696  0.00112159
       12770        -0.6   -0.461707  0.00112155
       12771       -0.52   -0.461712  0.00112147
       12772       -0.52   -0.461716  0.00112139
       12773       -0.52   -0.461721  0.00112131
       12774       -0.52   -0.461725  0.00112124
       12775       -0.28   -0.461711  0.00112124
       12776       -0.52   -0.461716  0.00112116
       12777       -0.36   -0.461708   0.0011211
       12778       -0.36     -0.4617  0.00112104
       12779       -0.28   -0.461686  0.00112104
       12780       -0.52    -0.46169  0.00112096
       12781       -0.44   -0.461688  0.00112088
       12782       -0.36    -0.46168  0.00112082
       12783       -0.52   -0.461685  0.00112074
       12784        -0.6   -0.461696  0.00112071
       12785       -0.44   -0.461694  0.00112062
       12786       -0.36   -0.461686  0.00112056
       12787       -0.52   -0.461691  0.00112048
       12788       -0.36   -0.461683  0.00112042
       12789       -0.52   -0.461687  0.00112034
       12790       -0.44   -0.461686  0.00112026
       12791       -0.68   -0.461703   0.0011203
       12792       -0.52   -0.461707  0.00112022
       12793       -0.52   -0.461712  0.00112014
       12794       -0.52   -0.461716  0.00112006
       12795       -0.36   -0.461708  0.00112001
       12796       -0.44   -0.461707  0.00111992
       12797        -0.6   -0.461718  0.00111988
       12798       -0.44   -0.461716   0.0011198
       12799       -0.44   -0.461714  0.00111971
       12800       -0.28     -0.4617  0.00111971
       12801       -0.52   -0.461705  0.00111964
       12802       -0.44   -0.461703  0.00111955
       12803       -0.44   -0.461701  0.00111946
       12804       -0.12   -0.461674  0.00111969
       12805        -0.2   -0.461654  0.00111979
       12806       -0.44   -0.461652  0.00111971
       12807       -0.52   -0.461657  0.00111963
       12808       -0.52   -0.461661  0.00111955
       12809       -0.36   -0.461654  0.00111949
       12810       -0.36   -0.461646  0.00111943
       12811       -0.52    -0.46165  0.00111935
       12812        -0.2    -0.46163  0.00111945
       12813       -0.52   -0.461634  0.00111937
       12814       -0.52   -0.461639   0.0011193
       12815       -0.36   -0.461631  0.00111924
       12816       -0.44   -0.461629  0.00111915
       12817       -0.52   -0.461634  0.00111907
       12818       -0.36   -0.461626  0.00111901
       12819       -0.28   -0.461612  0.00111902
       12820       -0.36   -0.461604  0.00111896
       12821       -0.44   -0.461602  0.00111887
       12822       -0.28   -0.461588  0.00111887
       12823        -0.2   -0.461567  0.00111897
       12824       -0.44   -0.461566  0.00111889
       12825       -0.52    -0.46157  0.00111881
       12826        -0.6   -0.461581  0.00111877
       12827       -0.36   -0.461573  0.00111871
       12828       -0.52   -0.461578  0.00111864
       12829       -0.36    -0.46157  0.00111858
       12830        -0.6   -0.461581  0.00111854
       12831       -0.52   -0.461585  0.00111846
       12832        -0.6   -0.461596  0.00111843
       12833       -0.44   -0.461594  0.00111834
       12834       -0.44   -0.461593  0.00111826
       12835       -0.52   -0.461597  0.00111818
       12836       -0.68   -0.461614  0.00111822
       12837        -0.6   -0.461625  0.00111819
       12838       -0.28   -0.461611  0.00111819
       12839       -0.52   -0.461615  0.00111811
       12840       -0.28   -0.461601  0.00111811
       12841       -0.28   -0.461587  0.00111812
       12842       -0.44   -0.461585  0.00111803
       12843       -0.44   -0.461584  0.00111794
       12844       -0.52   -0.461588  0.00111787
       12845       -0.44   -0.461587  0.00111778
       12846       -0.52   -0.461591   0.0011177
       12847        -0.6   -0.461602  0.00111767
       12848       -0.44     -0.4616  0.00111758
       12849        -0.6   -0.461611  0.00111755
       12850       -0.68   -0.461628  0.00111759
       12851       -0.44   -0.461626   0.0011175
       12852       -0.68   -0.461643  0.00111755
       12853       -0.52   -0.461648  0.00111747
       12854       -0.36    -0.46164  0.00111741
       12855       -0.52   -0.461644  0.00111733
       12856        -0.6   -0.461655   0.0011173
       12857       -0.52    -0.46166  0.00111722
       12858       -0.44   -0.461658  0.00111713
       12859       -0.44   -0.461656  0.00111705
       12860       -0.28   -0.461642  0.00111705
       12861       -0.28   -0.461628  0.00111705
       12862       -0.36    -0.46162  0.00111699
       12863       -0.36   -0.461612  0.00111693
       12864       -0.44   -0.461611  0.00111685
       12865       -0.44   -0.461609  0.00111676
       12866       -0.52   -0.461614  0.00111669
       12867        -0.6   -0.461624  0.00111665
       12868        -0.6   -0.461635  0.00111662
       12869       -0.52    -0.46164  0.00111654
       12870       -0.44   -0.461638  0.00111645
       12871       -0.28   -0.461624  0.00111645
       12872       -0.52   -0.461628  0.00111638
       12873       -0.68   -0.461645  0.00111642
       12874       -0.68   -0.461662  0.00111646
       12875       -0.52   -0.461667  0.00111638
       12876       -0.44   -0.461665   0.0011163
       12877        -0.6   -0.461676  0.00111626
       12878       -0.28   -0.461662  0.00111627
       12879       -0.36   -0.461654  0.00111621
       12880       -0.36   -0.461646  0.00111615
       12881        -0.2   -0.461626  0.00111625
       12882        -0.2   -0.461605  0.00111634
       12883        -0.2   -0.461585  0.00111644
       12884        -0.6   -0.461596  0.00111641
       12885        -0.6   -0.461607  0.00111637
       12886       -0.36   -0.461599  0.00111631
       12887       -0.28   -0.461585  0.00111632
       12888       -0.28    -0.46157  0.00111632
       12889       -0.28   -0.461556  0.00111632
       12890       -0.28   -0.461542  0.00111632
       12891       -0.52   -0.461547  0.00111625
       12892       -0.44   -0.461545  0.00111616
       12893        -0.6   -0.461556  0.00111613
       12894       -0.36   -0.461548  0.00111607
       12895        -0.2   -0.461528  0.00111616
       12896       -0.36    -0.46152  0.00111611
       12897       -0.52   -0.461524  0.00111603
       12898       -0.36   -0.461517  0.00111597
       12899       -0.68   -0.461533  0.00111601
       12900       -0.76   -0.461557  0.00111616
       12901       -0.44   -0.461555  0.00111608
       12902       -0.36   -0.461547  0.00111602
       12903       -0.44   -0.461545  0.00111594
       12904        -0.6   -0.461556   0.0011159
       12905       -0.36   -0.461548  0.00111584
       12906        -0.6   -0.461559  0.00111581
       12907        -0.6    -0.46157  0.00111577
       12908       -0.52   -0.461574  0.00111569
       12909       -0.52   -0.461579  0.00111562
       12910        -0.6   -0.461589  0.00111558
       12911       -0.76   -0.461613  0.00111574
       12912        -0.6   -0.461623   0.0011157
       12913       -0.68    -0.46164  0.00111574
       12914        -0.6   -0.461651  0.00111571
       12915       -0.28   -0.461637  0.00111571
       12916        -0.6   -0.461648  0.00111567
       12917       -0.68   -0.461664  0.00111572
       12918       -0.52   -0.461669  0.00111564
       12919       -0.44   -0.461667  0.00111555
       12920       -0.44   -0.461666  0.00111547
       12921       -0.12   -0.461639   0.0011157
       12922        -0.6    -0.46165  0.00111566
       12923       -0.68   -0.461667   0.0011157
       12924        -0.6   -0.461677  0.00111567
       12925       -0.68   -0.461694  0.00111571
       12926       -0.68   -0.461711  0.00111575
       12927       -0.68   -0.461728  0.00111579
       12928       -0.52   -0.461733  0.00111572
       12929       -0.68    -0.46175  0.00111576
       12930        -0.6    -0.46176  0.00111572
       12931       -0.44   -0.461759  0.00111564
       12932       -0.36   -0.461751  0.00111558
       12933       -0.44   -0.461749  0.00111549
       12934       -0.44   -0.461747  0.00111541
       12935       -0.52   -0.461752  0.00111533
       12936        -0.6   -0.461763   0.0011153
       12937        -0.6   -0.461773  0.00111526
       12938        -0.6   -0.461784  0.00111523
       12939       -0.36   -0.461776  0.00111517
       12940       -0.68   -0.461793  0.00111521
       12941       -0.28   -0.461779  0.00111521
       12942       -0.36   -0.461771  0.00111515
       12943        -0.6   -0.461782  0.00111512
       12944       -0.28   -0.461768  0.00111512
       12945        -0.2   -0.461747  0.00111522
       12946       -0.04   -0.461715  0.00111561
       12947       -0.28   -0.461701  0.00111561
       12948       -0.44   -0.461699  0.00111552
       12949       -0.52   -0.461704  0.00111545
       12950        -0.2   -0.461683  0.00111554
       12951       -0.44   -0.461682  0.00111546
       12952       -0.44    -0.46168  0.00111537
       12953       -0.28   -0.461666  0.00111538
       12954       -0.28   -0.461652  0.00111538
       12955       -0.36   -0.461644  0.00111532
       12956        -0.6   -0.461655  0.00111528
       12957        -0.6   -0.461666  0.00111525
       12958       -0.52    -0.46167  0.00111517
       12959       -0.52   -0.461675   0.0011151
       12960       -0.36   -0.461667  0.00111504
       12961       -0.36   -0.461659  0.00111498
       12962        -0.6   -0.461669  0.00111494
       12963       -0.44   -0.461668  0.00111486
       12964       -0.36    -0.46166   0.0011148
       12965       -0.44   -0.461658  0.00111472
       12966       -0.68   -0.461675  0.00111476
       12967        -0.6   -0.461686  0.00111472
       12968       -0.44   -0.461684  0.00111464
       12969       -0.44   -0.461682  0.00111455
       12970       -0.36   -0.461675  0.00111449
       12971       -0.28   -0.461661   0.0011145
       12972       -0.28   -0.461647   0.0011145
       12973       -0.36   -0.461639  0.00111444
       12974        -0.6   -0.461649  0.00111441
       12975       -0.44   -0.461648  0.00111432
       12976       -0.52   -0.461652  0.00111424
       12977       -0.36   -0.461644  0.00111419
       12978       -0.44   -0.461643   0.0011141
       12979       -0.44   -0.461641  0.00111402
       12980       -0.52   -0.461646  0.00111394
       12981       -0.52    -0.46165  0.00111386
       12982       -0.44   -0.461648  0.00111378
       12983       -0.28   -0.461634  0.00111378
       12984       -0.44   -0.461633   0.0011137
       12985       -0.44   -0.461631  0.00111361
       12986       -0.44   -0.461629  0.00111353
       12987        -0.6    -0.46164  0.00111349
       12988       -0.44   -0.461638  0.00111341
       12989       -0.04   -0.461606   0.0011138
       12990       -0.36   -0.461598  0.00111374
       12991       -0.44   -0.461596  0.00111365
       12992       -0.44   -0.461595  0.00111357
       12993       -0.44   -0.461593  0.00111348
       12994       -0.44   -0.461592   0.0011134
       12995       -0.28   -0.461578   0.0011134
       12996       -0.36    -0.46157  0.00111334
       12997       -0.28   -0.461556  0.00111334
       12998       -0.52    -0.46156  0.00111327
       12999       -0.44   -0.461559  0.00111318
       13000       -0.36   -0.461551  0.00111313
       13001       -0.36   -0.461543  0.00111307
       13002       -0.44   -0.461541  0.00111298
       13003       -0.44    -0.46154   0.0011129
       13004        -0.6    -0.46155  0.00111286
       13005       -0.52   -0.461555  0.00111279
       13006       -0.52   -0.461559  0.00111271
       13007       -0.52   -0.461564  0.00111263
       13008       -0.44   -0.461562  0.00111255
       13009       -0.28   -0.461548  0.00111255
       13010       -0.36    -0.46154  0.00111249
       13011       -0.52   -0.461545  0.00111242
       13012       -0.44   -0.461543  0.00111233
       13013       -0.68    -0.46156  0.00111237
       13014       -0.44   -0.461558  0.00111229
       13015       -0.52   -0.461563  0.00111221
       13016        -0.6   -0.461573  0.00111218
       13017       -0.28   -0.461559  0.00111218
       13018       -0.52   -0.461564   0.0011121
       13019       -0.52   -0.461568  0.00111203
       13020       -0.28   -0.461555  0.00111203
       13021       -0.44   -0.461553  0.00111195
       13022       -0.44   -0.461551  0.00111186
       13023        -0.6   -0.461562  0.00111183
       13024       -0.44    -0.46156  0.00111174
       13025       -0.68   -0.461577  0.00111178
       13026        -0.6   -0.461588  0.00111175
       13027       -0.68   -0.461604  0.00111179
       13028       -0.52   -0.461609  0.00111171
       13029       -0.44   -0.461607  0.00111163
       13030       -0.52   -0.461612  0.00111155
       13031       -0.44    -0.46161  0.00111147
       13032       -0.36   -0.461602  0.00111141
       13033       -0.52   -0.461607  0.00111134
       13034        -0.6   -0.461617   0.0011113
       13035        -0.6   -0.461628  0.00111127
       13036       -0.28   -0.461614  0.00111127
       13037       -0.36   -0.461606  0.00111121
       13038       -0.28   -0.461592  0.00111121
       13039       -0.28   -0.461578  0.00111122
       13040       -0.36   -0.461571  0.00111116
       13041       -0.44   -0.461569  0.00111107
       13042       -0.36   -0.461561  0.00111102
       13043       -0.52   -0.461566  0.00111094
       13044       -0.52    -0.46157  0.00111086
       13045       -0.52   -0.461575  0.00111079
       13046        -0.6   -0.461585  0.00111075
       13047       -0.44   -0.461584  0.00111067
       13048       -0.52   -0.461588  0.00111059
       13049        -0.2   -0.461568  0.00111069
       13050       -0.36    -0.46156  0.00111063
       13051       -0.52   -0.461565  0.00111055
       13052       -0.36   -0.461557   0.0011105
       13053       -0.36   -0.461549  0.00111044
       13054       -0.52   -0.461554  0.00111036
       13055       -0.44   -0.461552  0.00111028
       13056        -0.6   -0.461563  0.00111024
       13057       -0.36   -0.461555  0.00111019
       13058        -0.6   -0.461565  0.00111015
       13059       -0.44   -0.461564  0.00111007
       13060       -0.52   -0.461568  0.00110999
       13061       -0.36    -0.46156  0.00110994
       13062       -0.36   -0.461553  0.00110988
       13063       -0.36   -0.461545  0.00110982
       13064       -0.36   -0.461537  0.00110976
       13065       -0.44   -0.461535  0.00110968
       13066       -0.36   -0.461528  0.00110962
       13067       -0.44   -0.461526  0.00110954
       13068       -0.52    -0.46153  0.00110946
       13069       -0.44   -0.461529  0.00110938
       13070       -0.36   -0.461521  0.00110932
       13071       -0.44   -0.461519  0.00110924
       13072        -0.2   -0.461499  0.00110933
       13073       -0.44   -0.461498  0.00110925
       13074       -0.52   -0.461502  0.00110917
       13075       -0.44   -0.461501  0.00110909
       13076       -0.36   -0.461493  0.00110903
       13077       -0.44   -0.461491  0.00110895
       13078        -0.6   -0.461502  0.00110891
       13079        -0.6   -0.461512  0.00110888
       13080        -0.6   -0.461523  0.00110884
       13081       -0.44   -0.461521  0.00110876
       13082        -0.6   -0.461532  0.00110873
       13083       -0.52   -0.461536  0.00110865
       13084       -0.44   -0.461535  0.00110857
       13085        -0.2   -0.461515  0.00110866
       13086        -0.6   -0.461525  0.00110863
       13087       -0.52    -0.46153  0.00110855
       13088       -0.28   -0.461516  0.00110855
       13089       -0.44   -0.461514  0.00110847
       13090       -0.76   -0.461537  0.00110862
       13091        -0.6   -0.461548  0.00110859
       13092       -0.52   -0.461552  0.00110851
       13093       -0.36   -0.461544  0.00110845
       13094        -0.2   -0.461524  0.00110855
       13095       -0.36   -0.461517  0.00110849
       13096       -0.44   -0.461515  0.00110841
       13097        -0.6   -0.461526  0.00110837
       13098       -0.52    -0.46153   0.0011083
       13099       -0.44   -0.461528  0.00110821
       13100       -0.44   -0.461527  0.00110813
       13101       -0.36   -0.461519  0.00110807
       13102       -0.44   -0.461517  0.00110799
       13103       -0.28   -0.461503  0.00110799
       13104       -0.36   -0.461496  0.00110794
       13105       -0.28   -0.461482  0.00110794
       13106       -0.44    -0.46148  0.00110785
       13107       -0.44   -0.461479  0.00110777
       13108       -0.44   -0.461477  0.00110769
       13109       -0.52   -0.461481  0.00110761
       13110       -0.28   -0.461468  0.00110761
       13111       -0.28   -0.461454  0.00110762
       13112       -0.36   -0.461446  0.00110756
       13113       -0.52    -0.46145  0.00110748
       13114       -0.44   -0.461449   0.0011074
       13115       -0.44   -0.461447  0.00110732
       13116       -0.44   -0.461446  0.00110723
       13117       -0.52    -0.46145  0.00110716
       13118       -0.36   -0.461442   0.0011071
       13119       -0.52   -0.461447  0.00110703
       13120       -0.76    -0.46147  0.00110717
       13121       -0.44   -0.461468  0.00110709
       13122       -0.44   -0.461466  0.00110701
       13123       -0.68   -0.461483  0.00110705
       13124       -0.68     -0.4615  0.00110709
       13125       -0.52   -0.461504  0.00110701
       13126       -0.52   -0.461508  0.00110694
       13127       -0.52   -0.461513  0.00110686
       13128        -0.6   -0.461523  0.00110683
       13129        -0.6   -0.461534   0.0011068
       13130        -0.6   -0.461545  0.00110676
       13131       -0.36   -0.461537   0.0011067
       13132       -0.44   -0.461535  0.00110662
       13133       -0.44   -0.461534  0.00110654
       13134       -0.28    -0.46152  0.00110654
       13135       -0.28   -0.461506  0.00110654
       13136       -0.52    -0.46151  0.00110647
       13137       -0.44   -0.461509  0.00110638
       13138       -0.36   -0.461501  0.00110633
       13139        -0.6   -0.461512  0.00110629
       13140       -0.52   -0.461516  0.00110622
       13141       -0.36   -0.461508  0.00110616
       13142       -0.36   -0.461501   0.0011061
       13143        -0.6   -0.461511  0.00110607
       13144        -0.6   -0.461522  0.00110604
       13145        -0.6   -0.461532    0.001106
       13146       -0.52   -0.461537  0.00110593
       13147       -0.52   -0.461541  0.00110585
       13148        -0.6   -0.461552  0.00110582
       13149       -0.52   -0.461556  0.00110574
       13150       -0.36   -0.461548  0.00110568
       13151        -0.6   -0.461559  0.00110565
       13152        -0.6   -0.461569  0.00110562
       13153        -0.6    -0.46158  0.00110558
       13154       -0.52   -0.461584  0.00110551
       13155        -0.6   -0.461595  0.00110547
       13156       -0.52   -0.461599   0.0011054
       13157       -0.44   -0.461598  0.00110532
       13158        -0.6   -0.461608  0.00110528
       13159       -0.52   -0.461613  0.00110521
       13160       -0.44   -0.461611  0.00110512
       13161        0.04   -0.461573   0.0011057
       13162        -0.2   -0.461553  0.00110579
       13163       -0.36   -0.461545  0.00110573
       13164        -0.6   -0.461556   0.0011057
       13165       -0.52    -0.46156  0.00110563
       13166       -0.44   -0.461559  0.00110554
       13167       -0.28   -0.461545  0.00110554
       13168        -0.6   -0.461555  0.00110551
       13169       -0.44   -0.461554  0.00110543
       13170       -0.44   -0.461552  0.00110535
       13171       -0.44    -0.46155  0.00110526
       13172       -0.52   -0.461555  0.00110519
       13173       -0.44   -0.461553  0.00110511
       13174       -0.28   -0.461539  0.00110511
       13175       -0.44   -0.461538  0.00110502
       13176       -0.28   -0.461524  0.00110503
       13177       -0.52   -0.461528  0.00110495
       13178       -0.36   -0.461521  0.00110489
       13179       -0.36   -0.461513  0.00110484
       13180        -0.6   -0.461524   0.0011048
       13181        -0.6   -0.461534  0.00110477
       13182       -0.36   -0.461526  0.00110471
       13183       -0.44   -0.461525  0.00110463
       13184       -0.36   -0.461517  0.00110457
       13185       -0.44   -0.461515  0.00110449
       13186       -0.44   -0.461514  0.00110441
       13187       -0.44   -0.461512  0.00110433
       13188       -0.52   -0.461517  0.00110425
       13189       -0.44   -0.461515  0.00110417
       13190       -0.52   -0.461519  0.00110409
       13191       -0.44   -0.461518  0.00110401
       13192       -0.44   -0.461516  0.00110393
       13193       -0.68   -0.461533  0.00110397
       13194       -0.68   -0.461549  0.00110401
       13195       -0.68   -0.461566  0.00110405
       13196       -0.52    -0.46157  0.00110398
       13197        -0.6   -0.461581  0.00110394
       13198        -0.6   -0.461591  0.00110391
       13199       -0.52   -0.461596  0.00110383
       13200       -0.44   -0.461594  0.00110375
       13201       -0.44   -0.461592  0.00110367
       13202       -0.28   -0.461579  0.00110367
       13203       -0.52   -0.461583   0.0011036
       13204       -0.36   -0.461575  0.00110354
       13205       -0.44   -0.461574  0.00110346
       13206       -0.36   -0.461566   0.0011034
       13207       -0.44   -0.461564  0.00110332
       13208       -0.12   -0.461538  0.00110354
       13209       -0.28   -0.461525  0.00110354
       13210        -0.2   -0.461505  0.00110363
       13211       -0.36   -0.461497  0.00110358
       13212       -0.52   -0.461502   0.0011035
       13213       -0.28   -0.461488   0.0011035
       13214       -0.44   -0.461486  0.00110342
       13215       -0.52   -0.461491  0.00110335
       13216       -0.28   -0.461477  0.00110335
       13217       -0.44   -0.461475  0.00110327
       13218       -0.52    -0.46148  0.00110319
       13219       -0.76   -0.461502  0.00110334
       13220       -0.44   -0.461501  0.00110326
       13221       -0.52   -0.461505  0.00110318
       13222       -0.68   -0.461522  0.00110322
       13223        -0.6   -0.461532  0.00110319
       13224       -0.44   -0.461531  0.00110311
       13225        -0.2   -0.461511   0.0011032
       13226       -0.36   -0.461503  0.00110314
       13227        -0.6   -0.461514  0.00110311
       13228       -0.44   -0.461512  0.00110303
       13229       -0.36   -0.461504  0.00110297
       13230       -0.28   -0.461491  0.00110297
       13231       -0.36   -0.461483  0.00110292
       13232       -0.36   -0.461475  0.00110286
       13233        -0.2   -0.461455  0.00110295
       13234       -0.52    -0.46146  0.00110288
       13235       -0.44   -0.461458   0.0011028
       13236       -0.36   -0.461451  0.00110274
       13237       -0.44   -0.461449  0.00110266
       13238       -0.44   -0.461447  0.00110258
       13239       -0.52   -0.461452   0.0011025
       13240       -0.36   -0.461444  0.00110244
       13241        -0.6   -0.461455  0.00110241
       13242       -0.52   -0.461459  0.00110234
       13243       -0.52   -0.461463  0.00110226
       13244        -0.6   -0.461474  0.00110223
       13245       -0.52   -0.461478  0.00110215
       13246       -0.36   -0.461471   0.0011021
       13247       -0.44   -0.461469  0.00110202
       13248       -0.52   -0.461473  0.00110194
       13249       -0.44   -0.461472  0.00110186
       13250       -0.36   -0.461464   0.0011018
       13251       -0.44   -0.461463  0.00110172
       13252       -0.28   -0.461449  0.00110172
       13253       -0.44   -0.461447  0.00110164
       13254       -0.44   -0.461446  0.00110156
       13255       -0.44   -0.461444  0.00110148
       13256       -0.44   -0.461442   0.0011014
       13257       -0.44   -0.461441  0.00110131
       13258        -0.2   -0.461421  0.00110141
       13259       -0.44   -0.461419  0.00110133
       13260       -0.52   -0.461424  0.00110125
       13261       -0.44   -0.461422  0.00110117
       13262        -0.2   -0.461403  0.00110126
       13263       -0.52   -0.461407  0.00110119
       13264       -0.36   -0.461399  0.00110113
       13265       -0.36   -0.461392  0.00110108
       13266        -0.6   -0.461402  0.00110104
       13267        -0.6   -0.461413  0.00110101
       13268        -0.6   -0.461423  0.00110097
       13269       -0.52   -0.461427   0.0011009
       13270        -0.6   -0.461438  0.00110087
       13271       -0.68   -0.461454  0.00110091
       13272       -0.52   -0.461459  0.00110083
       13273       -0.68   -0.461475  0.00110087
       13274       -0.68   -0.461492  0.00110091
       13275       -0.52   -0.461496  0.00110084
       13276        -0.6   -0.461506  0.00110081
       13277       -0.44   -0.461505  0.00110072
       13278       -0.52   -0.461509  0.00110065
       13279       -0.36   -0.461502  0.00110059
       13280        -0.2   -0.461482  0.00110069
       13281       -0.52   -0.461486  0.00110061
       13282       -0.44   -0.461485  0.00110053
       13283       -0.52   -0.461489  0.00110046
       13284       -0.44   -0.461488  0.00110038
       13285       -0.44   -0.461486  0.00110029
       13286       -0.12    -0.46146  0.00110051
       13287       -0.36   -0.461453  0.00110046
       13288       -0.36   -0.461445   0.0011004
       13289       -0.36   -0.461437  0.00110034
       13290       -0.44   -0.461436  0.00110026
       13291       -0.52    -0.46144  0.00110019
       13292       -0.68   -0.461457  0.00110023
       13293       -0.44   -0.461455  0.00110015
       13294       -0.52   -0.461459  0.00110007
       13295       -0.28   -0.461446  0.00110007
       13296       -0.52    -0.46145      0.0011
       13297       -0.44   -0.461448  0.00109992
       13298       -0.44   -0.461447  0.00109984
       13299       -0.52   -0.461451  0.00109976
       13300       -0.52   -0.461456  0.00109969
       13301       -0.44   -0.461454  0.00109961
       13302       -0.28    -0.46144  0.00109961
       13303       -0.52   -0.461445  0.00109954
       13304       -0.44   -0.461443  0.00109945
       13305       -0.28    -0.46143  0.00109946
       13306       -0.28   -0.461416  0.00109946
       13307       -0.52    -0.46142  0.00109938
       13308       -0.44   -0.461419   0.0010993
       13309       -0.44   -0.461417  0.00109922
       13310       -0.52   -0.461421  0.00109915
       13311       -0.36   -0.461414  0.00109909
       13312       -0.52   -0.461418  0.00109902
       13313        -0.6   -0.461429  0.00109898
       13314       -0.28   -0.461415  0.00109899
       13315       -0.36   -0.461407  0.00109893
       13316       -0.36     -0.4614  0.00109887
       13317       -0.36   -0.461392  0.00109882
       13318       -0.52   -0.461397  0.00109874
       13319       -0.52   -0.461401  0.00109867
       13320       -0.52   -0.461405   0.0010986
       13321        -0.6   -0.461416  0.00109856
       13322       -0.52    -0.46142  0.00109849
       13323        -0.6   -0.461431  0.00109846
       13324        -0.6   -0.461441  0.00109842
       13325       -0.52   -0.461445  0.00109835
       13326       -0.44   -0.461444  0.00109827
       13327       -0.52   -0.461448  0.00109819
       13328        -0.6   -0.461459  0.00109816
       13329       -0.68   -0.461475   0.0010982
       13330       -0.52   -0.461479  0.00109813
       13331        -0.6    -0.46149  0.00109809
       13332       -0.36   -0.461482  0.00109804
       13333       -0.44   -0.461481  0.00109796
       13334       -0.36   -0.461473   0.0010979
       13335        -0.2   -0.461453  0.00109799
       13336       -0.12   -0.461428  0.00109821
       13337        -0.2   -0.461408   0.0010983
       13338       -0.52   -0.461413  0.00109823
       13339       -0.68   -0.461429  0.00109827
       13340       -0.76   -0.461451  0.00109842
       13341       -0.84    -0.46148   0.0010987
       13342       -0.68   -0.461496  0.00109874
       13343       -0.28   -0.461482  0.00109874
       13344       -0.36   -0.461475  0.00109868
       13345       -0.68   -0.461491  0.00109872
       13346       -0.52   -0.461496  0.00109865
       13347        -0.6   -0.461506  0.00109862
       13348       -0.52    -0.46151  0.00109854
       13349       -0.52   -0.461515  0.00109847
       13350       -0.68   -0.461531  0.00109851
       13351       -0.52   -0.461535  0.00109844
       13352        -0.6   -0.461546   0.0010984
       13353       -0.52    -0.46155  0.00109833
       13354        -0.6   -0.461561   0.0010983
       13355       -0.44   -0.461559  0.00109822
       13356       -0.28   -0.461545  0.00109822
       13357       -0.44   -0.461544  0.00109814
       13358       -0.44   -0.461542  0.00109806
       13359       -0.36   -0.461535    0.001098
       13360       -0.52   -0.461539  0.00109793
       13361       -0.44   -0.461537  0.00109784
       13362       -0.36    -0.46153  0.00109779
       13363       -0.28   -0.461516  0.00109779
       13364       -0.52   -0.461521  0.00109772
       13365       -0.52   -0.461525  0.00109764
       13366       -0.44   -0.461523  0.00109756
       13367       -0.52   -0.461528  0.00109749
       13368        -0.6   -0.461538  0.00109746
       13369       -0.52   -0.461542  0.00109738
       13370        -0.6   -0.461553  0.00109735
       13371       -0.44   -0.461551  0.00109727
       13372        -0.6   -0.461561  0.00109724
       13373       -0.44    -0.46156  0.00109716
       13374       -0.44   -0.461558  0.00109707
       13375       -0.36   -0.461551  0.00109702
       13376       -0.44   -0.461549  0.00109694
       13377       -0.36   -0.461541  0.00109688
       13378       -0.36   -0.461534  0.00109683
       13379       -0.36   -0.461526  0.00109677
       13380       -0.36   -0.461519  0.00109671
       13381       -0.36   -0.461511  0.00109666
       13382        -0.6   -0.461521  0.00109663
       13383        -0.6   -0.461532  0.00109659
       13384       -0.76   -0.461554  0.00109674
       13385       -0.68    -0.46157  0.00109678
       13386        -0.6   -0.461581  0.00109674
       13387       -0.68   -0.461597  0.00109678
       13388       -0.44   -0.461595   0.0010967
       13389       -0.28   -0.461582   0.0010967
       13390       -0.44    -0.46158  0.00109662
       13391       -0.52   -0.461585  0.00109655
       13392       -0.52   -0.461589  0.00109648
       13393       -0.36   -0.461581  0.00109642
       13394       -0.44    -0.46158  0.00109634
       13395        -0.6    -0.46159  0.00109631
       13396       -0.68   -0.461606  0.00109635
       13397        -0.6   -0.461617  0.00109631
       13398       -0.28   -0.461603  0.00109632
       13399       -0.44   -0.461602  0.00109624
       13400       -0.44     -0.4616  0.00109615
       13401       -0.36   -0.461592   0.0010961
       13402       -0.44   -0.461591  0.00109602
       13403       -0.68   -0.461607  0.00109606
       13404       -0.36     -0.4616    0.001096
       13405       -0.52   -0.461604  0.00109593
       13406       -0.52   -0.461608  0.00109586
       13407       -0.44   -0.461607  0.00109578
       13408       -0.52   -0.461611   0.0010957
       13409       -0.44   -0.461609  0.00109562
       13410       -0.36   -0.461602  0.00109557
       13411       -0.52   -0.461606  0.00109549
       13412       -0.52    -0.46161  0.00109542
       13413       -0.44   -0.461609  0.00109534
       13414        -0.2   -0.461589  0.00109543
       13415       -0.36   -0.461582  0.00109538
       13416       -0.44    -0.46158   0.0010953
       13417       -0.52   -0.461585  0.00109522
       13418       -0.28   -0.461571  0.00109523
       13419       -0.36   -0.461563  0.00109517
       13420       -0.44   -0.461562  0.00109509
       13421       -0.52   -0.461566  0.00109502
       13422       -0.36   -0.461559  0.00109496
       13423       -0.52   -0.461563  0.00109489
       13424       -0.52   -0.461567  0.00109481
       13425       -0.52   -0.461572  0.00109474
       13426       -0.36   -0.461564  0.00109469
       13427       -0.44   -0.461563  0.00109461
       13428       -0.44   -0.461561  0.00109453
       13429       -0.36   -0.461553  0.00109447
       13430       -0.44   -0.461552  0.00109439
       13431       -0.36   -0.461544  0.00109433
       13432       -0.36   -0.461537  0.00109428
       13433       -0.36   -0.461529  0.00109422
       13434       -0.28   -0.461516  0.00109423
       13435       -0.44   -0.461514  0.00109415
       13436        -0.2   -0.461494  0.00109424
       13437       -0.28   -0.461481  0.00109424
       13438       -0.44   -0.461479  0.00109416
       13439       -0.52   -0.461484  0.00109409
       13440       -0.36   -0.461476  0.00109403
       13441        -0.2   -0.461457  0.00109412
       13442       -0.36   -0.461449  0.00109407
       13443       -0.44   -0.461448  0.00109399
       13444       -0.52   -0.461452  0.00109391
       13445       -0.36   -0.461444  0.00109386
       13446       -0.52   -0.461449  0.00109379
       13447        -0.6   -0.461459  0.00109375
       13448        -0.6   -0.461469  0.00109372
       13449       -0.44   -0.461468  0.00109364
       13450        -0.6   -0.461478  0.00109361
       13451       -0.44   -0.461476  0.00109353
       13452       -0.44   -0.461475  0.00109345
       13453       -0.52   -0.461479  0.00109337
       13454       -0.52   -0.461484   0.0010933
       13455       -0.44   -0.461482  0.00109322
       13456       -0.44    -0.46148  0.00109314
       13457       -0.52   -0.461485  0.00109307
       13458       -0.52   -0.461489    0.001093
       13459       -0.52   -0.461493  0.00109292
       13460       -0.36   -0.461486  0.00109287
       13461        -0.2   -0.461466  0.00109296
       13462       -0.36   -0.461459  0.00109291
       13463       -0.28   -0.461445  0.00109291
       13464       -0.44   -0.461444  0.00109283
       13465       -0.44   -0.461442  0.00109275
       13466        -0.6   -0.461453  0.00109271
       13467       -0.44   -0.461451  0.00109263
       13468       -0.44   -0.461449  0.00109255
       13469       -0.36   -0.461442   0.0010925
       13470       -0.36   -0.461434  0.00109244
       13471       -0.44   -0.461433  0.00109236
       13472       -0.68   -0.461449   0.0010924
       13473        -0.6   -0.461459  0.00109237
       13474       -0.52   -0.461464   0.0010923
       13475       -0.52   -0.461468  0.00109223
       13476       -0.36    -0.46146  0.00109217
       13477       -0.44   -0.461459  0.00109209
       13478       -0.52   -0.461463  0.00109202
       13479        -0.2   -0.461444  0.00109211
       13480       -0.28    -0.46143  0.00109211
       13481       -0.44   -0.461429  0.00109203
       13482       -0.36   -0.461421  0.00109198
       13483       -0.52   -0.461425   0.0010919
       13484       -0.76   -0.461448  0.00109205
       13485       -0.68   -0.461464  0.00109209
       13486       -0.52   -0.461468  0.00109202
       13487       -0.36   -0.461461  0.00109196
       13488       -0.44   -0.461459  0.00109188
       13489       -0.36   -0.461452  0.00109183
       13490       -0.52   -0.461456  0.00109175
       13491        -0.6   -0.461466  0.00109172
       13492       -0.76   -0.461488  0.00109186
       13493       -0.68   -0.461504   0.0010919
       13494       -0.52   -0.461509  0.00109183
       13495        -0.2   -0.461489  0.00109192
       13496       -0.36   -0.461482  0.00109187
       13497       -0.44    -0.46148  0.00109179
       13498       -0.52   -0.461485  0.00109171
       13499       -0.44   -0.461483  0.00109163
       13500       -0.44   -0.461481  0.00109156
       13501        -0.6   -0.461492  0.00109152
       13502       -0.44    -0.46149  0.00109144
       13503       -0.44   -0.461489  0.00109136
       13504       -0.52   -0.461493  0.00109129
       13505       -0.28   -0.461479  0.00109129
       13506       -0.36   -0.461472  0.00109124
       13507       -0.44    -0.46147  0.00109116
       13508       -0.28   -0.461457  0.00109116
       13509       -0.44   -0.461455  0.00109108
       13510        -0.6   -0.461466  0.00109105
       13511       -0.44   -0.461464  0.00109097
       13512       -0.44   -0.461462  0.00109089
       13513       -0.68   -0.461479  0.00109093
       13514       -0.68   -0.461495  0.00109097
       13515        -0.6   -0.461505  0.00109093
       13516       -0.52   -0.461509  0.00109086
       13517        -0.6    -0.46152  0.00109083
       13518       -0.44   -0.461518  0.00109075
       13519       -0.52   -0.461522  0.00109068
       13520       -0.36   -0.461515  0.00109062
       13521       -0.36   -0.461507  0.00109057
       13522       -0.52   -0.461512   0.0010905
       13523       -0.52   -0.461516  0.00109042
       13524       -0.52    -0.46152  0.00109035
       13525       -0.52   -0.461525  0.00109028
       13526       -0.44   -0.461523   0.0010902
       13527       -0.36   -0.461515  0.00109015
       13528       -0.44   -0.461514  0.00109007
       13529       -0.52   -0.461518  0.00108999
       13530       -0.52   -0.461523  0.00108992
       13531       -0.36   -0.461515  0.00108987
       13532       -0.28   -0.461502  0.00108987
       13533       -0.36   -0.461494  0.00108982
       13534       -0.52   -0.461498  0.00108974
       13535       -0.36   -0.461491  0.00108969
       13536       -0.44   -0.461489  0.00108961
       13537        -0.6     -0.4615  0.00108958
       13538       -0.44   -0.461498   0.0010895
       13539       -0.36   -0.461491  0.00108944
       13540       -0.44   -0.461489  0.00108936
       13541       -0.44   -0.461487  0.00108928
       13542       -0.28   -0.461474  0.00108929
       13543       -0.36   -0.461466  0.00108923
       13544       -0.44   -0.461465  0.00108915
       13545        -0.6   -0.461475  0.00108912
       13546       -0.36   -0.461468  0.00108907
       13547       -0.28   -0.461454  0.00108907
       13548       -0.36   -0.461447  0.00108901
       13549       -0.36   -0.461439  0.00108896
       13550       -0.44   -0.461438  0.00108888
       13551       -0.52   -0.461442  0.00108881
       13552       -0.36   -0.461434  0.00108875
       13553       -0.44   -0.461433  0.00108867
       13554        -0.6   -0.461443  0.00108864
       13555       -0.68   -0.461459  0.00108868
       13556       -0.44   -0.461458   0.0010886
       13557       -0.28   -0.461444   0.0010886
       13558       -0.52   -0.461449  0.00108853
       13559       -0.52   -0.461453  0.00108846
       13560        -0.6   -0.461463  0.00108843
       13561        -0.6   -0.461473  0.00108839
       13562       -0.36   -0.461466  0.00108834
       13563       -0.52    -0.46147  0.00108827
       13564       -0.44   -0.461469  0.00108819
       13565       -0.44   -0.461467  0.00108811
       13566       -0.52   -0.461471  0.00108804
       13567       -0.44    -0.46147  0.00108796
       13568       -0.36   -0.461462  0.00108791
       13569       -0.28   -0.461449  0.00108791
       13570       -0.28   -0.461436  0.00108791
       13571       -0.36   -0.461428  0.00108785
       13572       -0.28   -0.461415  0.00108786
       13573       -0.44   -0.461413  0.00108778
       13574       -0.44   -0.461412   0.0010877
       13575       -0.52   -0.461416  0.00108763
       13576       -0.36   -0.461408  0.00108757
       13577       -0.36   -0.461401  0.00108752
       13578       -0.44   -0.461399  0.00108744
       13579       -0.44   -0.461398  0.00108736
       13580        -0.2   -0.461378  0.00108745
       13581       -0.28   -0.461365  0.00108745
       13582       -0.44   -0.461364  0.00108737
       13583        -0.2   -0.461344  0.00108746
       13584       -0.28   -0.461331  0.00108747
       13585       -0.36   -0.461324  0.00108741
       13586       -0.28    -0.46131  0.00108741
       13587       -0.44   -0.461309  0.00108733
       13588       -0.52   -0.461313  0.00108726
       13589       -0.44   -0.461311  0.00108718
       13590       -0.44    -0.46131   0.0010871
       13591       -0.44   -0.461308  0.00108703
       13592       -0.28   -0.461295  0.00108703
       13593        -0.6   -0.461305    0.001087
       13594       -0.44   -0.461304  0.00108692
       13595       -0.44   -0.461302  0.00108684
       13596       -0.52   -0.461306  0.00108677
       13597       -0.52   -0.461311   0.0010867
       13598       -0.36   -0.461303  0.00108664
       13599       -0.44   -0.461302  0.00108656
       13600       -0.36   -0.461294  0.00108651
       13601       -0.52   -0.461298  0.00108644
       13602       -0.36   -0.461291  0.00108638
       13603       -0.68   -0.461307  0.00108642
       13604       -0.68   -0.461323  0.00108646
       13605       -0.44   -0.461322  0.00108638
       13606       -0.52   -0.461326  0.00108631
       13607       -0.52    -0.46133  0.00108624
       13608       -0.28   -0.461317  0.00108624
       13609       -0.44   -0.461315  0.00108616
       13610       -0.44   -0.461314  0.00108608
       13611       -0.36   -0.461306  0.00108603
       13612       -0.52   -0.461311  0.00108596
       13613       -0.44   -0.461309  0.00108588
       13614       -0.28   -0.461296  0.00108588
       13615       -0.44   -0.461294   0.0010858
       13616       -0.12   -0.461269  0.00108601
       13617       -0.36   -0.461262  0.00108596
       13618       -0.44    -0.46126  0.00108588
       13619       -0.44   -0.461259   0.0010858
       13620       -0.36   -0.461251  0.00108575
       13621       -0.52   -0.461255  0.00108568
       13622       -0.52    -0.46126   0.0010856
       13623        -0.6    -0.46127  0.00108557
       13624       -0.44   -0.461268  0.00108549
       13625        -0.6   -0.461279  0.00108546
       13626       -0.52   -0.461283  0.00108539
       13627       -0.52   -0.461287  0.00108532
       13628       -0.28   -0.461274  0.00108532
       13629       -0.44   -0.461272  0.00108524
       13630       -0.36   -0.461265  0.00108519
       13631       -0.52   -0.461269  0.00108512
       13632       -0.52   -0.461273  0.00108505
       13633       -0.52   -0.461278  0.00108498
       13634       -0.52   -0.461282   0.0010849
       13635       -0.44   -0.461281  0.00108483
       13636        -0.2   -0.461261  0.00108492
       13637       -0.44    -0.46126  0.00108484
       13638       -0.68   -0.461276  0.00108488
       13639        -0.6   -0.461286  0.00108484
       13640       -0.36   -0.461279  0.00108479
       13641       -0.44   -0.461277  0.00108471
       13642        -0.6   -0.461287  0.00108468
       13643       -0.44   -0.461286   0.0010846
       13644       -0.52    -0.46129  0.00108453
       13645       -0.28   -0.461277  0.00108453
       13646       -0.44   -0.461275  0.00108445
       13647       -0.52   -0.461279  0.00108438
       13648       -0.28   -0.461266  0.00108439
       13649       -0.44   -0.461265  0.00108431
       13650       -0.36   -0.461257  0.00108425
       13651       -0.36    -0.46125   0.0010842
       13652       -0.36   -0.461242  0.00108415
       13653       -0.44   -0.461241  0.00108407
       13654       -0.44   -0.461239  0.00108399
       13655       -0.28   -0.461226  0.00108399
       13656       -0.44   -0.461224  0.00108391
       13657       -0.36   -0.461217  0.00108386
       13658       -0.28   -0.461204  0.00108386
       13659       -0.28    -0.46119  0.00108386
       13660       -0.28   -0.461177  0.00108386
       13661       -0.52   -0.461181  0.00108379
       13662       -0.44    -0.46118  0.00108371
       13663       -0.36   -0.461173  0.00108366
       13664       -0.28   -0.461159  0.00108366
       13665       -0.36   -0.461152  0.00108361
       13666       -0.28   -0.461139  0.00108361
       13667       -0.44   -0.461137  0.00108353
       13668       -0.68   -0.461153  0.00108357
       13669        -0.6   -0.461163  0.00108354
       13670       -0.44   -0.461162  0.00108346
       13671       -0.44    -0.46116  0.00108338
       13672       -0.52   -0.461164  0.00108331
       13673        -0.6   -0.461175  0.00108328
       13674       -0.52   -0.461179  0.00108321
       13675       -0.44   -0.461177  0.00108313
       13676       -0.52   -0.461182  0.00108306
       13677       -0.44    -0.46118  0.00108298
       13678       -0.44   -0.461179  0.00108291
       13679       -0.52   -0.461183  0.00108283
       13680       -0.28    -0.46117  0.00108284
       13681       -0.36   -0.461162  0.00108278
       13682       -0.44   -0.461161   0.0010827
       13683        -0.6   -0.461171  0.00108267
       13684       -0.44   -0.461169  0.00108259
       13685       -0.44   -0.461168  0.00108252
       13686       -0.44   -0.461166  0.00108244
       13687       -0.28   -0.461153  0.00108244
       13688       -0.28    -0.46114  0.00108244
       13689       -0.28   -0.461126  0.00108244
       13690        -0.6   -0.461137  0.00108241
       13691       -0.36   -0.461129  0.00108236
       13692       -0.36   -0.461122   0.0010823
       13693       -0.04   -0.461091  0.00108266
       13694       -0.36   -0.461084  0.00108261
       13695       -0.04   -0.461053  0.00108297
       13696       -0.28    -0.46104  0.00108297
       13697       -0.44   -0.461038  0.00108289
       13698       -0.52   -0.461042  0.00108282
       13699       -0.36   -0.461035  0.00108277
       13700       -0.44   -0.461034  0.00108269
       13701       -0.44   -0.461032  0.00108261
       13702       -0.44   -0.461031  0.00108253
       13703       -0.28   -0.461017  0.00108253
       13704       -0.44   -0.461016  0.00108246
       13705       -0.52    -0.46102  0.00108239
       13706       -0.44   -0.461019  0.00108231
       13707       -0.44   -0.461017  0.00108223
       13708       -0.52   -0.461021  0.00108216
       13709       -0.44    -0.46102  0.00108208
       13710       -0.52   -0.461024  0.00108201
       13711       -0.52   -0.461028  0.00108194
       13712        -0.6   -0.461039  0.00108191
       13713        -0.6   -0.461049  0.00108188
       13714        -0.6   -0.461059  0.00108185
       13715       -0.52   -0.461063  0.00108178
       13716        -0.6   -0.461073  0.00108174
       13717        -0.6   -0.461083  0.00108171
       13718       -0.44   -0.461082  0.00108163
       13719       -0.52   -0.461086  0.00108156
       13720        -0.6   -0.461096  0.00108153
       13721       -0.68   -0.461112  0.00108157
       13722       -0.68   -0.461128  0.00108161
       13723        -0.6   -0.461138  0.00108158
       13724       -0.52   -0.461143  0.00108151
       13725       -0.52   -0.461147  0.00108144
       13726        -0.6   -0.461157  0.00108141
       13727       -0.52   -0.461161  0.00108134
       13728       -0.52   -0.461166  0.00108127
       13729       -0.52    -0.46117   0.0010812
       13730       -0.44   -0.461168  0.00108112
       13731       -0.52   -0.461173  0.00108105
       13732       -0.52   -0.461177  0.00108098
       13733       -0.36   -0.461169  0.00108092
       13734       -0.28   -0.461156  0.00108093
       13735       -0.36   -0.461149  0.00108087
       13736       -0.44   -0.461147   0.0010808
       13737       -0.44   -0.461146  0.00108072
       13738        -0.2   -0.461127  0.00108081
       13739        -0.2   -0.461108  0.00108089
       13740        -0.6   -0.461118  0.00108086
       13741        -0.6   -0.461128  0.00108083
       13742       -0.68   -0.461144  0.00108087
       13743        -0.6   -0.461154  0.00108084
       13744       -0.44   -0.461153  0.00108076
       13745       -0.52   -0.461157  0.00108069
       13746       -0.36   -0.461149  0.00108064
       13747       -0.36   -0.461142  0.00108058
       13748        -0.6   -0.461152  0.00108055
       13749        -0.6   -0.461162  0.00108052
       13750       -0.68   -0.461178  0.00108056
       13751        -0.6   -0.461188  0.00108053
       13752       -0.36   -0.461181  0.00108048
       13753       -0.52   -0.461185  0.00108041
       13754       -0.52   -0.461189  0.00108034
       13755        -0.6     -0.4612   0.0010803
       13756       -0.52   -0.461204  0.00108023
       13757       -0.44   -0.461202  0.00108016
       13758        -0.6   -0.461212  0.00108012
       13759       -0.52   -0.461217  0.00108005
       13760       -0.44   -0.461215  0.00107998
       13761       -0.68   -0.461231  0.00108002
       13762       -0.68   -0.461247  0.00108005
       13763        -0.6   -0.461257  0.00108002
       13764        -0.6   -0.461267  0.00107999
       13765       -0.52   -0.461271  0.00107992
       13766       -0.44    -0.46127  0.00107984
       13767       -0.36   -0.461262  0.00107979
       13768       -0.52   -0.461267  0.00107972
       13769       -0.44   -0.461265  0.00107964
       13770        -0.2   -0.461246  0.00107973
       13771       -0.52    -0.46125  0.00107966
       13772       -0.28   -0.461237  0.00107966
       13773       -0.28   -0.461224  0.00107967
       13774       -0.36   -0.461217  0.00107961
       13775        -0.6   -0.461227  0.00107958
       13776       -0.36    -0.46122  0.00107953
       13777        -0.6    -0.46123   0.0010795
       13778        -0.6    -0.46124  0.00107946
       13779       -0.52   -0.461244  0.00107939
       13780       -0.28   -0.461231   0.0010794
       13781       -0.44   -0.461229  0.00107932
       13782       -0.36   -0.461222  0.00107927
       13783       -0.44    -0.46122  0.00107919
       13784       -0.44   -0.461219  0.00107911
       13785       -0.52   -0.461223  0.00107904
       13786       -0.52   -0.461227  0.00107897
       13787       -0.44   -0.461226  0.00107889
       13788       -0.44   -0.461224  0.00107882
       13789       -0.44   -0.461223  0.00107874
       13790       -0.44   -0.461221  0.00107866
       13791       -0.52   -0.461225  0.00107859
       13792       -0.36   -0.461218  0.00107854
       13793       -0.36   -0.461211  0.00107849
       13794       -0.44   -0.461209  0.00107841
       13795       -0.36   -0.461202  0.00107836
       13796       -0.52   -0.461206  0.00107829
       13797       -0.52    -0.46121  0.00107822
       13798       -0.36   -0.461203  0.00107816
       13799        -0.2   -0.461184  0.00107825
       13800       -0.28   -0.461171  0.00107825
       13801       -0.44   -0.461169  0.00107818
       13802       -0.36   -0.461162  0.00107812
       13803       -0.68   -0.461178  0.00107816
       13804        -0.6   -0.461188  0.00107813
       13805       -0.44   -0.461187  0.00107805
       13806       -0.44   -0.461185  0.00107798
       13807       -0.52   -0.461189  0.00107791
       13808       -0.52   -0.461194  0.00107784
       13809       -0.52   -0.461198  0.00107777
       13810       -0.44   -0.461196  0.00107769
       13811       -0.84   -0.461224  0.00107796
       13812       -0.68    -0.46124    0.001078
       13813       -0.44   -0.461238  0.00107792
       13814       -0.44   -0.461236  0.00107785
       13815       -0.28   -0.461223  0.00107785
       13816       -0.52   -0.461228  0.00107778
       13817       -0.44   -0.461226   0.0010777
       13818       -0.68   -0.461242  0.00107774
       13819       -0.52   -0.461246  0.00107767
       13820       -0.68   -0.461262  0.00107771
       13821       -0.52   -0.461266  0.00107764
       13822       -0.68   -0.461282  0.00107768
       13823       -0.68   -0.461298  0.00107772
       13824       -0.68   -0.461314  0.00107775
       13825       -0.44   -0.461312  0.00107768
       13826       -0.52   -0.461316  0.00107761
       13827       -0.28   -0.461303  0.00107761
       13828       -0.44   -0.461302  0.00107753
       13829        -0.6   -0.461312   0.0010775
       13830       -0.52   -0.461316  0.00107743
       13831       -0.36   -0.461309  0.00107738
       13832       -0.44   -0.461307   0.0010773
       13833       -0.44   -0.461306  0.00107722
       13834        -0.6   -0.461316  0.00107719
       13835       -0.68   -0.461331  0.00107723
       13836       -0.52   -0.461336  0.00107716
       13837       -0.44   -0.461334  0.00107709
       13838        -0.6   -0.461344  0.00107705
       13839       -0.44   -0.461343  0.00107698
       13840       -0.44   -0.461341   0.0010769
       13841       -0.36   -0.461334  0.00107685
       13842       -0.52   -0.461338  0.00107678
       13843       -0.68   -0.461354  0.00107682
       13844       -0.52   -0.461358  0.00107675
       13845        -0.6   -0.461368  0.00107672
       13846       -0.28   -0.461355  0.00107672
       13847       -0.44   -0.461353  0.00107664
       13848        -0.6   -0.461363  0.00107661
       13849       -0.52   -0.461368  0.00107654
       13850       -0.44   -0.461366  0.00107646
       13851        -0.6   -0.461376  0.00107643
       13852       -0.44   -0.461375  0.00107636
       13853       -0.44   -0.461373  0.00107628
       13854       -0.52   -0.461377  0.00107621
       13855       -0.52   -0.461381  0.00107614
       13856       -0.28   -0.461368  0.00107614
       13857       -0.44   -0.461367  0.00107607
       13858       -0.44   -0.461365  0.00107599
       13859       -0.52    -0.46137  0.00107592
       13860        -0.6    -0.46138  0.00107589
       13861        -0.6    -0.46139  0.00107586
       13862       -0.52   -0.461394  0.00107579
       13863       -0.52   -0.461398  0.00107572
       13864        -0.6   -0.461408  0.00107569
       13865        -0.2   -0.461389  0.00107578
       13866        -0.2    -0.46137  0.00107586
       13867       -0.44   -0.461369  0.00107579
       13868       -0.52   -0.461373  0.00107572
       13869       -0.52   -0.461377  0.00107565
       13870        -0.6   -0.461387  0.00107562
       13871        -0.6   -0.461397  0.00107559
       13872       -0.68   -0.461413  0.00107562
       13873       -0.44   -0.461411  0.00107555
       13874       -0.52   -0.461416  0.00107548
       13875        -0.6   -0.461426  0.00107545
       13876        -0.6   -0.461436  0.00107542
       13877       -0.68   -0.461451  0.00107545
       13878       -0.44    -0.46145  0.00107538
       13879       -0.36   -0.461442  0.00107532
       13880        -0.6   -0.461452  0.00107529
       13881       -0.68   -0.461468  0.00107533
       13882        -0.6   -0.461478   0.0010753
       13883       -0.52   -0.461482  0.00107523
       13884       -0.44   -0.461481  0.00107515
       13885       -0.36   -0.461474   0.0010751
       13886       -0.36   -0.461466  0.00107505
       13887       -0.44   -0.461465  0.00107497
       13888        -0.6   -0.461475  0.00107494
       13889       -0.68    -0.46149  0.00107498
       13890       -0.68   -0.461506  0.00107502
       13891       -0.36   -0.461499  0.00107497
       13892       -0.36   -0.461492  0.00107491
       13893       -0.44    -0.46149  0.00107484
       13894       -0.36   -0.461483  0.00107478
       13895       -0.28    -0.46147  0.00107479
       13896       -0.36   -0.461462  0.00107473
       13897       -0.36   -0.461455  0.00107468
       13898       -0.52   -0.461459  0.00107461
       13899       -0.44   -0.461458  0.00107454
       13900       -0.36    -0.46145  0.00107448
       13901       -0.28   -0.461437  0.00107448
       13902        -0.2   -0.461419  0.00107457
       13903       -0.36   -0.461411  0.00107452
       13904        -0.6   -0.461421  0.00107449
       13905       -0.44    -0.46142  0.00107441
       13906        -0.6    -0.46143  0.00107438
       13907       -0.52   -0.461434  0.00107431
       13908       -0.52   -0.461438  0.00107424
       13909       -0.52   -0.461442  0.00107417
       13910       -0.52   -0.461446  0.00107411
       13911       -0.52   -0.461451  0.00107404
       13912        -0.6   -0.461461  0.00107401
       13913       -0.52   -0.461465  0.00107394
       13914       -0.28   -0.461452  0.00107394
       13915       -0.36   -0.461444  0.00107389
       13916       -0.44   -0.461443  0.00107381
       13917       -0.36   -0.461436  0.00107376
       13918       -0.28   -0.461423  0.00107376
       13919       -0.44   -0.461421  0.00107368
       13920       -0.44    -0.46142  0.00107361
       13921       -0.44   -0.461418  0.00107353
       13922       -0.44   -0.461416  0.00107346
       13923       -0.28   -0.461403  0.00107346
       13924        -0.2   -0.461385  0.00107354
       13925        -0.2   -0.461366  0.00107363
       13926       -0.44   -0.461364  0.00107356
       13927       -0.44   -0.461363  0.00107348
       13928       -0.44   -0.461361   0.0010734
       13929       -0.52   -0.461365  0.00107333
       13930       -0.36   -0.461358  0.00107328
       13931       -0.52   -0.461362  0.00107321
       13932       -0.44   -0.461361  0.00107314
       13933       -0.28   -0.461348  0.00107314
       13934       -0.52   -0.461352  0.00107307
       13935       -0.12   -0.461328  0.00107327
       13936        -0.2   -0.461309  0.00107336
       13937       -0.44   -0.461307  0.00107328
       13938       -0.52   -0.461312  0.00107322
       13939       -0.44    -0.46131  0.00107314
       13940       -0.44   -0.461308  0.00107306
       13941       -0.44   -0.461307  0.00107299
       13942       -0.28   -0.461294  0.00107299
       13943       -0.44   -0.461292  0.00107291
       13944       -0.44   -0.461291  0.00107284
       13945        -0.6   -0.461301  0.00107281
       13946       -0.52   -0.461305  0.00107274
       13947       -0.44   -0.461304  0.00107266
       13948       -0.52   -0.461308  0.00107259
       13949       -0.44   -0.461306  0.00107252
       13950       -0.44   -0.461305  0.00107244
       13951       -0.52   -0.461309  0.00107237
       13952       -0.36   -0.461302  0.00107232
       13953       -0.44     -0.4613  0.00107225
       13954       -0.28   -0.461287  0.00107225
       13955       -0.52   -0.461291  0.00107218
       13956       -0.52   -0.461296  0.00107211
       13957       -0.52     -0.4613  0.00107204
       13958       -0.36   -0.461292  0.00107199
       13959       -0.28   -0.461279  0.00107199
       13960       -0.36   -0.461272  0.00107194
       13961       -0.52   -0.461276  0.00107187
       13962       -0.36   -0.461269  0.00107182
       13963       -0.52   -0.461273  0.00107175
       13964       -0.44   -0.461272  0.00107167
       13965       -0.44    -0.46127   0.0010716
       13966        -0.6    -0.46128  0.00107157
       13967       -0.52   -0.461284   0.0010715
       13968       -0.52   -0.461289  0.00107143
       13969       -0.52   -0.461293  0.00107136
       13970       -0.28    -0.46128  0.00107136
       13971       -0.36   -0.461273  0.00107131
       13972        -0.6   -0.461283  0.00107128
       13973       -0.36   -0.461275  0.00107123
       13974       -0.36   -0.461268  0.00107118
       13975       -0.52   -0.461272  0.00107111
       13976        -0.2   -0.461254   0.0010712
       13977       -0.44   -0.461252  0.00107112
       13978       -0.44   -0.461251  0.00107104
       13979       -0.36   -0.461243  0.00107099
       13980        -0.6   -0.461253  0.00107096
       13981       -0.52   -0.461257  0.00107089
       13982       -0.68   -0.461273  0.00107093
       13983        -0.6   -0.461283   0.0010709
       13984       -0.52   -0.461287  0.00107083
       13985       -0.44   -0.461286  0.00107076
       13986       -0.44   -0.461284  0.00107068
       13987       -0.52   -0.461288  0.00107061
       13988       -0.44   -0.461287  0.00107054
       13989       -0.52   -0.461291  0.00107047
       13990       -0.44   -0.461289  0.00107039
       13991       -0.36   -0.461282  0.00107034
       13992       -0.52   -0.461286  0.00107027
       13993       -0.44   -0.461285   0.0010702
       13994       -0.44   -0.461283  0.00107012
       13995       -0.12   -0.461259  0.00107032
       13996       -0.44   -0.461258  0.00107025
       13997       -0.36    -0.46125   0.0010702
       13998       -0.44   -0.461249  0.00107012
       13999       -0.44   -0.461247  0.00107005
       14000       -0.68   -0.461263  0.00107008
       14001       -0.68   -0.461278  0.00107012
       14002        -0.6   -0.461288  0.00107009
       14003       -0.52   -0.461293  0.00107002
       14004        -0.2   -0.461274  0.00107011
       14005       -0.44   -0.461272  0.00107003
       14006        -0.6   -0.461282     0.00107
       14007       -0.44   -0.461281  0.00106993
       14008       -0.36   -0.461274  0.00106988
       14009       -0.52   -0.461278  0.00106981
       14010       -0.28   -0.461265  0.00106981
       14011       -0.36   -0.461258  0.00106976
       14012       -0.52   -0.461262  0.00106969
       14013       -0.44    -0.46126  0.00106961
       14014       -0.52   -0.461264  0.00106955
       14015       -0.52   -0.461269  0.00106948
       14016       -0.52   -0.461273  0.00106941
       14017       -0.44   -0.461271  0.00106933
       14018       -0.52   -0.461276  0.00106927
       14019       -0.52    -0.46128   0.0010692
       14020       -0.36   -0.461272  0.00106915
       14021       -0.28    -0.46126  0.00106915
       14022       -0.44   -0.461258  0.00106907
       14023       -0.28   -0.461245  0.00106907
       14024       -0.44   -0.461244    0.001069
       14025       -0.44   -0.461242  0.00106892
       14026       -0.28   -0.461229  0.00106893
       14027        -0.6   -0.461239   0.0010689
       14028       -0.44   -0.461238  0.00106882
       14029       -0.52   -0.461242  0.00106875
       14030       -0.52   -0.461246  0.00106868
       14031       -0.52    -0.46125  0.00106862
       14032       -0.44   -0.461249  0.00106854
       14033       -0.28   -0.461236  0.00106854
       14034        -0.6   -0.461246  0.00106851
       14035       -0.52    -0.46125  0.00106845
       14036       -0.44   -0.461248  0.00106837
       14037       -0.44   -0.461247   0.0010683
       14038       -0.44   -0.461245  0.00106822
       14039       -0.44   -0.461244  0.00106815
       14040       -0.36   -0.461236  0.00106809
       14041        -0.2   -0.461218  0.00106818
       14042       -0.44   -0.461216   0.0010681
       14043       -0.44   -0.461215  0.00106803
       14044        -0.6   -0.461225    0.001068
       14045       -0.44   -0.461223  0.00106792
       14046       -0.44   -0.461222  0.00106785
       14047       -0.28   -0.461209  0.00106785
       14048       -0.36   -0.461202   0.0010678
       14049       -0.44     -0.4612  0.00106772
       14050       -0.68   -0.461216  0.00106776
       14051        -0.6   -0.461226  0.00106773
       14052       -0.44   -0.461224  0.00106766
       14053       -0.44   -0.461223  0.00106758
       14054       -0.52   -0.461227  0.00106751
       14055        -0.6   -0.461237  0.00106748
       14056        -0.6   -0.461246  0.00106745
       14057       -0.44   -0.461245  0.00106738
       14058       -0.52   -0.461249  0.00106731
       14059       -0.52   -0.461253  0.00106724
       14060       -0.36   -0.461246  0.00106719
       14061        -0.6   -0.461256  0.00106716
       14062       -0.28   -0.461243  0.00106716
       14063        -0.6   -0.461253  0.00106713
       14064       -0.36   -0.461246  0.00106708
       14065       -0.44   -0.461244  0.00106701
       14066       -0.36   -0.461237  0.00106695
       14067       -0.36    -0.46123   0.0010669
       14068       -0.52   -0.461234  0.00106684
       14069       -0.44   -0.461232  0.00106676
       14070       -0.44   -0.461231  0.00106669
       14071       -0.44   -0.461229  0.00106661
       14072       -0.44   -0.461228  0.00106654
       14073       -0.28   -0.461215  0.00106654
       14074       -0.28   -0.461202  0.00106654
       14075       -0.28   -0.461189  0.00106654
       14076       -0.52   -0.461194  0.00106647
       14077       -0.36   -0.461186  0.00106642
       14078       -0.36   -0.461179  0.00106637
       14079       -0.36   -0.461172  0.00106632
       14080       -0.44    -0.46117  0.00106625
       14081        -0.2   -0.461152  0.00106633
       14082       -0.28   -0.461139  0.00106633
       14083       -0.36   -0.461132  0.00106628
       14084       -0.28   -0.461119  0.00106628
       14085        -0.6   -0.461129  0.00106625
       14086       -0.44   -0.461127  0.00106618
       14087       -0.52   -0.461132  0.00106611
       14088       -0.36   -0.461124  0.00106606
       14089        -0.2   -0.461106  0.00106615
       14090       -0.44   -0.461104  0.00106607
       14091       -0.44   -0.461103    0.001066
       14092       -0.28    -0.46109    0.001066
       14093       -0.36   -0.461083  0.00106595
       14094       -0.44   -0.461081  0.00106587
       14095       -0.52   -0.461085   0.0010658
       14096        -0.6   -0.461095  0.00106577
       14097       -0.68   -0.461111  0.00106581
       14098        -0.6   -0.461121  0.00106578
       14099       -0.44   -0.461119  0.00106571
       14100        -0.6   -0.461129  0.00106568
       14101        -0.6   -0.461139  0.00106565
       14102       -0.36   -0.461132   0.0010656
       14103        -0.6   -0.461142  0.00106557
       14104       -0.52   -0.461146   0.0010655
       14105       -0.36   -0.461139  0.00106545
       14106       -0.28   -0.461126  0.00106545
       14107       -0.52    -0.46113  0.00106538
       14108       -0.36   -0.461123  0.00106533
       14109       -0.36   -0.461116  0.00106528
       14110        -0.6   -0.461125  0.00106525
       14111       -0.44   -0.461124  0.00106517
       14112       -0.68   -0.461139  0.00106521
       14113       -0.76   -0.461161  0.00106535
       14114       -0.44   -0.461159  0.00106527
       14115       -0.36   -0.461152  0.00106522
       14116       -0.36   -0.461145  0.00106517
       14117       -0.52   -0.461149   0.0010651
       14118       -0.44   -0.461147  0.00106503
       14119       -0.52   -0.461152  0.00106496
       14120       -0.44    -0.46115  0.00106489
       14121       -0.28   -0.461137  0.00106489
       14122        -0.6   -0.461147  0.00106486
       14123       -0.68   -0.461163  0.00106489
       14124       -0.52   -0.461167  0.00106483
       14125        -0.6   -0.461177   0.0010648
       14126       -0.52   -0.461181  0.00106473
       14127        -0.6   -0.461191   0.0010647
       14128       -0.76   -0.461212  0.00106484
       14129        -0.6   -0.461222  0.00106481
       14130        -0.6   -0.461231  0.00106478
       14131       -0.44    -0.46123   0.0010647
       14132       -0.28   -0.461217   0.0010647
       14133       -0.44   -0.461216  0.00106463
       14134       -0.36   -0.461208  0.00106458
       14135       -0.52   -0.461213  0.00106451
       14136       -0.68   -0.461228  0.00106455
       14137       -0.44   -0.461227  0.00106447
       14138       -0.28   -0.461214  0.00106447
       14139       -0.52   -0.461218  0.00106441
       14140       -0.52   -0.461222  0.00106434
       14141       -0.44   -0.461221  0.00106427
       14142       -0.44   -0.461219  0.00106419
       14143       -0.44   -0.461218  0.00106412
       14144       -0.44   -0.461216  0.00106404
       14145       -0.36   -0.461209  0.00106399
       14146       -0.44   -0.461207  0.00106392
       14147        -0.6   -0.461217  0.00106389
       14148       -0.36    -0.46121  0.00106384
       14149        -0.6    -0.46122  0.00106381
       14150        -0.6    -0.46123  0.00106378
       14151       -0.52   -0.461234  0.00106371
       14152       -0.44   -0.461232  0.00106364
       14153       -0.44   -0.461231  0.00106356
       14154       -0.52   -0.461235  0.00106349
       14155        -0.6   -0.461245  0.00106347
       14156       -0.36   -0.461238  0.00106341
       14157       -0.36    -0.46123  0.00106336
       14158       -0.44   -0.461229  0.00106329
       14159       -0.44   -0.461227  0.00106321
       14160       -0.36    -0.46122  0.00106316
       14161       -0.28   -0.461208  0.00106317
       14162       -0.44   -0.461206  0.00106309
       14163       -0.36   -0.461199  0.00106304
       14164       -0.52   -0.461203  0.00106297
       14165        -0.6   -0.461213  0.00106294
       14166       -0.68   -0.461228  0.00106298
       14167       -0.44   -0.461227  0.00106291
       14168       -0.68   -0.461242  0.00106294
       14169       -0.52   -0.461246  0.00106288
       14170       -0.36   -0.461239  0.00106283
       14171       -0.36   -0.461232  0.00106278
       14172       -0.52   -0.461236  0.00106271
       14173       -0.44   -0.461235  0.00106263
       14174       -0.28   -0.461222  0.00106264
       14175       -0.36   -0.461215  0.00106259
       14176       -0.28   -0.461202  0.00106259
       14177       -0.28   -0.461189  0.00106259
       14178       -0.44   -0.461188  0.00106252
       14179       -0.44   -0.461186  0.00106244
       14180       -0.52    -0.46119  0.00106237
       14181       -0.52   -0.461195  0.00106231
       14182       -0.52   -0.461199  0.00106224
       14183        -0.6   -0.461208  0.00106221
       14184       -0.52   -0.461213  0.00106214
       14185       -0.44   -0.461211  0.00106207
       14186       -0.52   -0.461215    0.001062
       14187       -0.44   -0.461214  0.00106193
       14188        -0.6   -0.461224   0.0010619
       14189       -0.52   -0.461228  0.00106183
       14190       -0.52   -0.461232  0.00106177
       14191       -0.44    -0.46123  0.00106169
       14192        -0.6    -0.46124  0.00106166
       14193        -0.6    -0.46125  0.00106163
       14194       -0.52   -0.461254  0.00106157
       14195       -0.68   -0.461269   0.0010616
       14196       -0.52   -0.461274  0.00106154
       14197       -0.36   -0.461266  0.00106149
       14198       -0.44   -0.461265  0.00106141
       14199       -0.44   -0.461263  0.00106134
       14200       -0.52   -0.461268  0.00106127
       14201       -0.52   -0.461272  0.00106121
       14202       -0.44    -0.46127  0.00106113
       14203       -0.36   -0.461263  0.00106108
       14204       -0.44   -0.461262  0.00106101
       14205       -0.44    -0.46126  0.00106093
       14206       -0.76   -0.461281  0.00106107
       14207       -0.52   -0.461285    0.001061
       14208       -0.44   -0.461284  0.00106093
       14209       -0.44   -0.461282  0.00106085
       14210        -0.6   -0.461292  0.00106082
       14211       -0.52   -0.461296  0.00106076
       14212       -0.36   -0.461289  0.00106071
       14213       -0.44   -0.461288  0.00106063
       14214       -0.44   -0.461286  0.00106056
       14215       -0.44   -0.461285  0.00106049
       14216       -0.36   -0.461277  0.00106044
       14217       -0.44   -0.461276  0.00106036
       14218       -0.28   -0.461263  0.00106036
       14219       -0.36   -0.461256  0.00106031
       14220       -0.36   -0.461249  0.00106026
       14221        -0.6   -0.461259  0.00106023
       14222       -0.44   -0.461257  0.00106016
       14223        -0.6   -0.461267  0.00106013
       14224       -0.52   -0.461271  0.00106006
       14225        -0.6   -0.461281  0.00106003
       14226       -0.36   -0.461274  0.00105998
       14227       -0.44   -0.461272  0.00105991
       14228       -0.36   -0.461265  0.00105986
       14229       -0.44   -0.461264  0.00105979
       14230       -0.44   -0.461262  0.00105971
       14231        -0.6   -0.461272  0.00105968
       14232       -0.52   -0.461276  0.00105962
       14233       -0.52    -0.46128  0.00105955
       14234       -0.52   -0.461284  0.00105948
       14235       -0.44   -0.461283  0.00105941
       14236       -0.44   -0.461281  0.00105934
       14237        -0.6   -0.461291  0.00105931
       14238        -0.6   -0.461301  0.00105928
       14239       -0.68   -0.461316  0.00105931
       14240       -0.52    -0.46132  0.00105925
       14241       -0.44   -0.461319  0.00105917
       14242       -0.36   -0.461312  0.00105912
       14243       -0.52   -0.461316  0.00105906
       14244       -0.44   -0.461314  0.00105898
       14245       -0.84   -0.461341  0.00105924
       14246        -0.6   -0.461351  0.00105921
       14247       -0.76   -0.461372  0.00105935
       14248        -0.6   -0.461381  0.00105932
       14249       -0.52   -0.461385  0.00105925
       14250       -0.44   -0.461384  0.00105918
       14251       -0.36   -0.461377  0.00105913
       14252       -0.36    -0.46137  0.00105908
       14253       -0.36   -0.461363  0.00105903
       14254       -0.36   -0.461355  0.00105898
       14255       -0.52    -0.46136  0.00105891
       14256       -0.44   -0.461358  0.00105884
       14257       -0.52   -0.461362  0.00105877
       14258        -0.6   -0.461372  0.00105874
       14259       -0.52   -0.461376  0.00105867
       14260       -0.36   -0.461369  0.00105862
       14261       -0.36   -0.461362  0.00105857
       14262       -0.44    -0.46136   0.0010585
       14263       -0.36   -0.461353  0.00105845
       14264       -0.44   -0.461352  0.00105838
       14265       -0.52   -0.461356  0.00105831
       14266       -0.36   -0.461349  0.00105826
       14267        -0.6   -0.461358  0.00105823
       14268       -0.68   -0.461374  0.00105827
       14269        -0.6   -0.461383  0.00105824
       14270       -0.44   -0.461382  0.00105816
       14271       -0.52   -0.461386   0.0010581
       14272       -0.76   -0.461407  0.00105823
       14273       -0.76   -0.461428  0.00105836
       14274       -0.84   -0.461454  0.00105862
       14275       -0.68    -0.46147  0.00105866
       14276        -0.6   -0.461479  0.00105863
       14277       -0.44   -0.461478  0.00105856
       14278       -0.44   -0.461476  0.00105848
       14279       -0.52    -0.46148  0.00105842
       14280        -0.6    -0.46149  0.00105839
       14281       -0.52   -0.461494  0.00105832
       14282       -0.52   -0.461498  0.00105825
       14283       -0.44   -0.461497  0.00105818
       14284       -0.44   -0.461495  0.00105811
       14285       -0.36   -0.461488  0.00105806
       14286       -0.44   -0.461487  0.00105799
       14287        -0.6   -0.461496  0.00105796
       14288        -0.6   -0.461506  0.00105793
       14289        -0.6   -0.461516   0.0010579
       14290       -0.52    -0.46152  0.00105783
       14291        -0.6    -0.46153   0.0010578
       14292       -0.52   -0.461534  0.00105773
       14293       -0.68   -0.461549  0.00105777
       14294       -0.44   -0.461548   0.0010577
       14295       -0.36    -0.46154  0.00105765
       14296        -0.6    -0.46155  0.00105762
       14297       -0.44   -0.461549  0.00105755
       14298       -0.36   -0.461541   0.0010575
       14299        -0.6   -0.461551  0.00105747
       14300       -0.52   -0.461555   0.0010574
       14301       -0.44   -0.461554  0.00105733
       14302       -0.44   -0.461552  0.00105725
       14303       -0.28    -0.46154  0.00105726
       14304       -0.52   -0.461544  0.00105719
       14305       -0.44   -0.461542  0.00105712
       14306       -0.36   -0.461535  0.00105707
       14307       -0.36   -0.461528  0.00105702
       14308        -0.6   -0.461538  0.00105699
       14309       -0.44   -0.461536  0.00105691
       14310        -0.6   -0.461546  0.00105689
       14311       -0.52    -0.46155  0.00105682
       14312       -0.44   -0.461548  0.00105675
       14313       -0.52   -0.461552  0.00105668
       14314       -0.68   -0.461568  0.00105672
       14315       -0.44   -0.461566  0.00105664
       14316       -0.44   -0.461565  0.00105657
       14317       -0.44   -0.461563   0.0010565
       14318       -0.52   -0.461567  0.00105643
       14319       -0.52   -0.461571  0.00105637
       14320       -0.52   -0.461575   0.0010563
       14321       -0.44   -0.461574  0.00105623
       14322       -0.52   -0.461578  0.00105616
       14323       -0.44   -0.461576  0.00105609
       14324       -0.52   -0.461581  0.00105602
       14325       -0.52   -0.461585  0.00105596
       14326       -0.52   -0.461589  0.00105589
       14327       -0.36   -0.461582  0.00105584
       14328       -0.52   -0.461586  0.00105578
       14329       -0.44   -0.461584   0.0010557
       14330        -0.6   -0.461594  0.00105567
       14331       -0.68   -0.461609  0.00105571
       14332       -0.52   -0.461613  0.00105565
       14333       -0.68   -0.461628  0.00105568
       14334       -0.52   -0.461632  0.00105562
       14335       -0.52   -0.461637  0.00105555
       14336       -0.44   -0.461635  0.00105548
       14337       -0.28   -0.461622  0.00105548
       14338       -0.36   -0.461615  0.00105543
       14339       -0.52   -0.461619  0.00105536
       14340       -0.52   -0.461623   0.0010553
       14341       -0.52   -0.461628  0.00105523
       14342       -0.52   -0.461632  0.00105517
       14343       -0.28   -0.461619  0.00105517
       14344       -0.36   -0.461612  0.00105512
       14345       -0.28   -0.461599  0.00105512
       14346       -0.28   -0.461587  0.00105512
       14347       -0.36   -0.461579  0.00105507
       14348       -0.28   -0.461567  0.00105508
       14349       -0.44   -0.461565    0.001055
       14350        -0.6   -0.461575  0.00105497
       14351       -0.28   -0.461562  0.00105498
       14352       -0.52   -0.461566  0.00105491
       14353        -0.6   -0.461576  0.00105488
       14354       -0.36   -0.461569  0.00105483
       14355       -0.44   -0.461567  0.00105476
       14356       -0.52   -0.461571  0.00105469
       14357       -0.44    -0.46157  0.00105462
       14358       -0.44   -0.461568  0.00105455
       14359       -0.44   -0.461567  0.00105448
       14360       -0.44   -0.461565   0.0010544
       14361        -0.6   -0.461575  0.00105438
       14362       -0.36   -0.461568  0.00105433
       14363       -0.52   -0.461572  0.00105426
       14364        -0.6   -0.461582  0.00105423
       14365       -0.44    -0.46158  0.00105416
       14366       -0.44   -0.461579  0.00105409
       14367       -0.28   -0.461566  0.00105409
       14368       -0.36   -0.461559  0.00105404
       14369       -0.44   -0.461558  0.00105397
       14370       -0.52   -0.461562   0.0010539
       14371       -0.52   -0.461566  0.00105384
       14372       -0.52    -0.46157  0.00105377
       14373       -0.36   -0.461563  0.00105372
       14374       -0.44   -0.461561  0.00105365
       14375       -0.52   -0.461565  0.00105358
       14376       -0.76   -0.461586  0.00105371
       14377       -0.52    -0.46159  0.00105365
       14378       -0.52   -0.461594  0.00105358
       14379       -0.28   -0.461581  0.00105359
       14380       -0.52   -0.461586  0.00105352
       14381       -0.52    -0.46159  0.00105345
       14382       -0.52   -0.461594  0.00105339
       14383       -0.44   -0.461592  0.00105332
       14384       -0.52   -0.461596  0.00105325
       14385        -0.6   -0.461606  0.00105322
       14386       -0.52    -0.46161  0.00105316
       14387       -0.44   -0.461608  0.00105309
       14388       -0.36   -0.461601  0.00105304
       14389       -0.28   -0.461589  0.00105304
       14390       -0.44   -0.461587  0.00105297
       14391       -0.52   -0.461591   0.0010529
       14392       -0.76   -0.461612  0.00105303
       14393       -0.52   -0.461616  0.00105297
       14394       -0.52    -0.46162   0.0010529
       14395       -0.52   -0.461624  0.00105284
       14396       -0.44   -0.461623  0.00105276
       14397        -0.6   -0.461632  0.00105273
       14398       -0.52   -0.461636  0.00105267
       14399        -0.6   -0.461646  0.00105264
       14400       -0.44   -0.461644  0.00105257
       14401       -0.36   -0.461637  0.00105252
       14402       -0.44   -0.461636  0.00105245
       14403       -0.44   -0.461634  0.00105237
       14404       -0.36   -0.461627  0.00105232
       14405       -0.44   -0.461626  0.00105225
       14406       -0.52    -0.46163  0.00105219
       14407       -0.52   -0.461634  0.00105212
       14408       -0.52   -0.461638  0.00105206
       14409       -0.36   -0.461631  0.00105201
       14410       -0.28   -0.461618  0.00105201
       14411        -0.6   -0.461628  0.00105198
       14412       -0.44   -0.461626  0.00105191
       14413       -0.36   -0.461619  0.00105186
       14414       -0.44   -0.461618  0.00105179
       14415       -0.28   -0.461605  0.00105179
       14416       -0.28   -0.461593  0.00105179
       14417        -0.2   -0.461575  0.00105188
       14418       -0.44   -0.461573   0.0010518
       14419       -0.36   -0.461566  0.00105176
       14420       -0.44   -0.461564  0.00105168
       14421       -0.44   -0.461563  0.00105161
       14422       -0.68   -0.461578  0.00105165
       14423       -0.36   -0.461571   0.0010516
       14424       -0.44    -0.46157  0.00105153
       14425       -0.36   -0.461563  0.00105148
       14426        -0.6   -0.461572  0.00105145
       14427       -0.44   -0.461571  0.00105138
       14428       -0.36   -0.461564  0.00105133
       14429        -0.6   -0.461573   0.0010513
       14430       -0.44   -0.461572  0.00105123
       14431       -0.52   -0.461576  0.00105116
       14432       -0.68   -0.461591   0.0010512
       14433       -0.44   -0.461589  0.00105113
       14434        -0.6   -0.461599   0.0010511
       14435       -0.36   -0.461592  0.00105105
       14436       -0.52   -0.461596  0.00105098
       14437       -0.44   -0.461595  0.00105091
       14438       -0.76   -0.461615  0.00105104
       14439        -0.6   -0.461625  0.00105101
       14440        -0.6   -0.461634  0.00105098
       14441       -0.36   -0.461627  0.00105093
       14442       -0.52   -0.461631  0.00105087
       14443        -0.6   -0.461641  0.00105084
       14444       -0.52   -0.461645  0.00105077
       14445       -0.28   -0.461632  0.00105078
       14446       -0.36   -0.461625  0.00105073
       14447       -0.52   -0.461629  0.00105066
       14448        -0.6   -0.461639  0.00105063
       14449        -0.6   -0.461649   0.0010506
       14450       -0.52   -0.461653  0.00105054
       14451       -0.52   -0.461657  0.00105047
       14452       -0.52   -0.461661  0.00105041
       14453       -0.52   -0.461665  0.00105034
       14454       -0.36   -0.461658   0.0010503
       14455       -0.44   -0.461656  0.00105022
       14456        -0.6   -0.461666  0.00105019
       14457       -0.52    -0.46167  0.00105013
       14458       -0.44   -0.461668  0.00105006
       14459       -0.68   -0.461683  0.00105009
       14460       -0.36   -0.461676  0.00105005
       14461       -0.52    -0.46168  0.00104998
       14462       -0.52   -0.461684  0.00104992
       14463       -0.44   -0.461683  0.00104984
       14464       -0.44   -0.461681  0.00104977
       14465       -0.44    -0.46168   0.0010497
       14466       -0.36   -0.461673  0.00104965
       14467        -0.6   -0.461682  0.00104962
       14468       -0.52   -0.461686  0.00104956
       14469       -0.36   -0.461679  0.00104951
       14470       -0.44   -0.461678  0.00104944
       14471       -0.52   -0.461682  0.00104937
       14472       -0.36   -0.461675  0.00104932
       14473       -0.52   -0.461679  0.00104926
       14474       -0.44   -0.461677  0.00104919
       14475        -0.6   -0.461687  0.00104916
       14476       -0.36    -0.46168  0.00104911
       14477       -0.44   -0.461679  0.00104904
       14478       -0.36   -0.461672  0.00104899
       14479       -0.44    -0.46167  0.00104892
       14480       -0.36   -0.461663  0.00104887
       14481       -0.36   -0.461656  0.00104882
       14482       -0.52    -0.46166  0.00104876
       14483       -0.28   -0.461647  0.00104876
       14484       -0.44   -0.461646  0.00104869
       14485       -0.36   -0.461639  0.00104864
       14486       -0.52   -0.461643  0.00104857
       14487       -0.36   -0.461636  0.00104852
       14488       -0.28   -0.461623  0.00104853
       14489       -0.44   -0.461622  0.00104846
       14490       -0.36   -0.461615  0.00104841
       14491       -0.44   -0.461613  0.00104834
       14492       -0.52   -0.461617  0.00104827
       14493       -0.52   -0.461621  0.00104821
       14494       -0.52   -0.461626  0.00104814
       14495       -0.52    -0.46163  0.00104808
       14496       -0.36   -0.461623  0.00104803
       14497       -0.52   -0.461627  0.00104796
       14498       -0.44   -0.461625  0.00104789
       14499        -0.6   -0.461635  0.00104786
       14500        -0.6   -0.461644  0.00104783
       14501       -0.52   -0.461648  0.00104777
       14502        -0.6   -0.461658  0.00104774
       14503       -0.52   -0.461662  0.00104768
       14504        -0.6   -0.461671  0.00104765
       14505       -0.52   -0.461675  0.00104758
       14506       -0.52   -0.461679  0.00104752
       14507        -0.6   -0.461689  0.00104749
       14508       -0.44   -0.461687  0.00104742
       14509       -0.52   -0.461691  0.00104735
       14510       -0.36   -0.461684  0.00104731
       14511       -0.52   -0.461688  0.00104724
       14512       -0.44   -0.461687  0.00104717
       14513       -0.68   -0.461702  0.00104721
       14514       -0.52   -0.461706  0.00104714
       14515       -0.52    -0.46171  0.00104708
       14516       -0.52   -0.461714  0.00104701
       14517        -0.6   -0.461723  0.00104698
       14518       -0.52   -0.461728  0.00104692
       14519       -0.52   -0.461732  0.00104686
       14520       -0.44    -0.46173  0.00104678
       14521       -0.52   -0.461734  0.00104672
       14522       -0.36   -0.461727  0.00104667
       14523       -0.44   -0.461726   0.0010466
       14524       -0.44   -0.461724  0.00104653
       14525       -0.36   -0.461717  0.00104648
       14526       -0.44   -0.461716  0.00104641
       14527       -0.44   -0.461714  0.00104634
       14528       -0.36   -0.461707  0.00104629
       14529       -0.52   -0.461711  0.00104623
       14530       -0.44    -0.46171  0.00104615
       14531       -0.36   -0.461703  0.00104611
       14532        -0.6   -0.461712  0.00104608
       14533       -0.44   -0.461711  0.00104601
       14534       -0.28   -0.461698  0.00104601
       14535       -0.36   -0.461691  0.00104596
       14536       -0.44    -0.46169  0.00104589
       14537       -0.36   -0.461683  0.00104584
       14538       -0.28    -0.46167  0.00104584
       14539        -0.2   -0.461652  0.00104593
       14540       -0.28    -0.46164  0.00104593
       14541       -0.28   -0.461627  0.00104593
       14542       -0.44   -0.461626  0.00104586
       14543       -0.28   -0.461613  0.00104586
       14544       -0.36   -0.461606  0.00104582
       14545       -0.28   -0.461594  0.00104582
       14546       -0.36   -0.461587  0.00104577
       14547       -0.52   -0.461591  0.00104571
       14548       -0.52   -0.461595  0.00104564
       14549        -0.2   -0.461577  0.00104572
       14550       -0.44   -0.461575  0.00104565
       14551       -0.36   -0.461568   0.0010456
       14552       -0.36   -0.461561  0.00104556
       14553       -0.52   -0.461565  0.00104549
       14554        -0.6   -0.461575  0.00104546
       14555       -0.52   -0.461579   0.0010454
       14556        -0.6   -0.461588  0.00104537
       14557       -0.44   -0.461587   0.0010453
       14558       -0.44   -0.461585  0.00104523
       14559       -0.44   -0.461584  0.00104516
       14560       -0.52   -0.461588  0.00104509
       14561       -0.52   -0.461592  0.00104503
       14562       -0.52   -0.461596  0.00104497
       14563       -0.68   -0.461611    0.001045
       14564       -0.68   -0.461626  0.00104504
       14565        -0.6   -0.461635  0.00104501
       14566       -0.44   -0.461634  0.00104494
       14567       -0.52   -0.461638  0.00104487
       14568       -0.28   -0.461625  0.00104488
       14569       -0.28   -0.461613  0.00104488
       14570       -0.44   -0.461612  0.00104481
       14571       -0.52   -0.461616  0.00104475
       14572       -0.68   -0.461631  0.00104478
       14573       -0.28   -0.461618  0.00104478
       14574       -0.28   -0.461606  0.00104479
       14575       -0.44   -0.461604  0.00104472
       14576       -0.44   -0.461603  0.00104464
       14577       -0.44   -0.461601  0.00104457
       14578       -0.52   -0.461605  0.00104451
       14579       -0.44   -0.461604  0.00104444
       14580        -0.6   -0.461613  0.00104441
       14581       -0.52   -0.461617  0.00104435
       14582       -0.44   -0.461616  0.00104428
       14583        -0.2   -0.461598  0.00104436
       14584       -0.52   -0.461602   0.0010443
       14585       -0.44     -0.4616  0.00104422
       14586       -0.36   -0.461593  0.00104418
       14587       -0.36   -0.461586  0.00104413
       14588       -0.36   -0.461579  0.00104408
       14589       -0.44   -0.461578  0.00104401
       14590        -0.6   -0.461587  0.00104398
       14591        -0.6   -0.461597  0.00104395
       14592        -0.2   -0.461579  0.00104403
       14593       -0.44   -0.461577  0.00104396
       14594       -0.44   -0.461576  0.00104389
       14595       -0.52    -0.46158  0.00104383
       14596        -0.6   -0.461589   0.0010438
       14597       -0.44   -0.461588  0.00104373
       14598        -0.6   -0.461597   0.0010437
       14599       -0.52   -0.461601  0.00104364
       14600       -0.52   -0.461605  0.00104357
       14601       -0.52   -0.461609  0.00104351
       14602       -0.44   -0.461608  0.00104344
       14603       -0.44   -0.461607  0.00104337
       14604       -0.44   -0.461605   0.0010433
       14605       -0.36   -0.461598  0.00104325
       14606        -0.2    -0.46158  0.00104333
       14607        -0.2   -0.461562  0.00104342
       14608       -0.52   -0.461566  0.00104335
       14609        -0.6   -0.461576  0.00104332
       14610       -0.44   -0.461574  0.00104325
       14611       -0.44   -0.461573  0.00104318
       14612       -0.52   -0.461577  0.00104312
       14613       -0.36    -0.46157  0.00104307
       14614       -0.36   -0.461563  0.00104302
       14615       -0.44   -0.461561  0.00104295
       14616       -0.44    -0.46156  0.00104288
       14617       -0.44   -0.461558  0.00104281
       14618       -0.52   -0.461562  0.00104275
       14619       -0.28    -0.46155  0.00104275
       14620       -0.36   -0.461543   0.0010427
       14621        -0.6   -0.461553  0.00104267
       14622       -0.68   -0.461568  0.00104271
       14623       -0.52   -0.461571  0.00104265
       14624       -0.44    -0.46157  0.00104258
       14625        -0.6   -0.461579  0.00104255
       14626       -0.36   -0.461573   0.0010425
       14627       -0.68   -0.461587  0.00104254
       14628       -0.44   -0.461586  0.00104247
       14629       -0.28   -0.461574  0.00104247
       14630       -0.68   -0.461589   0.0010425
       14631       -0.52   -0.461593  0.00104244
       14632       -0.44   -0.461591  0.00104237
       14633       -0.36   -0.461584  0.00104232
       14634       -0.44   -0.461583  0.00104225
       14635       -0.36   -0.461576   0.0010422
       14636       -0.52    -0.46158  0.00104214
       14637       -0.28   -0.461567  0.00104214
       14638       -0.36    -0.46156  0.00104209
       14639       -0.52   -0.461564  0.00104203
       14640       -0.36   -0.461557  0.00104198
       14641       -0.12   -0.461534  0.00104217
       14642       -0.28   -0.461522  0.00104218
       14643       -0.44    -0.46152  0.00104211
       14644        -0.6    -0.46153  0.00104208
       14645       -0.44   -0.461528  0.00104201
       14646       -0.44   -0.461527  0.00104194
       14647        -0.6   -0.461536  0.00104191
       14648        -0.6   -0.461546  0.00104188
       14649       -0.28   -0.461533  0.00104188
       14650       -0.36   -0.461526  0.00104183
       14651       -0.36   -0.461519  0.00104179
       14652       -0.36   -0.461512  0.00104174
       14653       -0.52   -0.461516  0.00104168
       14654       -0.36   -0.461509  0.00104163
       14655       -0.52   -0.461513  0.00104156
       14656       -0.52   -0.461517   0.0010415
       14657       -0.44   -0.461516  0.00104143
       14658       -0.44   -0.461515  0.00104136
       14659       -0.36   -0.461508  0.00104131
       14660       -0.36   -0.461501  0.00104126
       14661        -0.6    -0.46151  0.00104124
       14662       -0.44   -0.461509  0.00104117
       14663       -0.36   -0.461502  0.00104112
       14664       -0.36   -0.461495  0.00104107
       14665       -0.44   -0.461493    0.001041
       14666       -0.44   -0.461492  0.00104093
       14667       -0.36   -0.461485  0.00104088
       14668        -0.6   -0.461494  0.00104085
       14669        -0.6   -0.461504  0.00104083
       14670       -0.36   -0.461497  0.00104078
       14671       -0.36    -0.46149  0.00104073
       14672       -0.68   -0.461505  0.00104077
       14673       -0.68    -0.46152   0.0010408
       14674        -0.6   -0.461529  0.00104077
       14675       -0.44   -0.461528   0.0010407
       14676       -0.52   -0.461532  0.00104064
       14677       -0.44    -0.46153  0.00104057
       14678       -0.36   -0.461523  0.00104052
       14679       -0.12     -0.4615  0.00104071
       14680       -0.52   -0.461504  0.00104065
       14681       -0.28   -0.461492  0.00104065
       14682       -0.44    -0.46149  0.00104058
       14683       -0.52   -0.461494  0.00104052
       14684       -0.52   -0.461498  0.00104045
       14685       -0.36   -0.461491  0.00104041
       14686       -0.44    -0.46149  0.00104034
       14687        0.04   -0.461456  0.00104083
       14688       -0.52    -0.46146  0.00104076
       14689       -0.52   -0.461464   0.0010407
       14690       -0.52   -0.461468  0.00104064
       14691       -0.12   -0.461444  0.00104083
       14692       -0.28   -0.461432  0.00104083
       14693       -0.52   -0.461436  0.00104076
       14694       -0.36   -0.461429  0.00104072
       14695       -0.44   -0.461428  0.00104065
       14696       -0.36   -0.461421   0.0010406
       14697       -0.44   -0.461419  0.00104053
       14698       -0.52   -0.461423  0.00104047
       14699       -0.52   -0.461427   0.0010404
       14700       -0.44   -0.461426  0.00104033
       14701       -0.52    -0.46143  0.00104027
       14702       -0.52   -0.461434  0.00104021
       14703       -0.52   -0.461438  0.00104014
       14704       -0.36   -0.461431   0.0010401
       14705       -0.44   -0.461429  0.00104003
       14706       -0.36   -0.461423  0.00103998
       14707       -0.36   -0.461416  0.00103993
       14708       -0.28   -0.461403  0.00103993
       14709       -0.36   -0.461396  0.00103988
       14710       -0.44   -0.461395  0.00103981
       14711       -0.44   -0.461394  0.00103975
       14712       -0.44   -0.461392  0.00103968
       14713        -0.2   -0.461374  0.00103976
       14714        -0.2   -0.461357  0.00103984
       14715       -0.44   -0.461355  0.00103977
       14716       -0.36   -0.461348  0.00103972
       14717       -0.36   -0.461341  0.00103967
       14718       -0.52   -0.461345  0.00103961
       14719       -0.44   -0.461344  0.00103954
       14720       -0.36   -0.461337  0.00103949
       14721       -0.36    -0.46133  0.00103944
       14722       -0.44   -0.461329  0.00103937
       14723        -0.6   -0.461338  0.00103935
       14724       -0.44   -0.461337  0.00103928
       14725        -0.6   -0.461346  0.00103925
       14726       -0.44   -0.461345  0.00103918
       14727       -0.44   -0.461343  0.00103911
       14728       -0.44   -0.461342  0.00103904
       14729       -0.44    -0.46134  0.00103897
       14730       -0.28   -0.461328  0.00103897
       14731       -0.28   -0.461316  0.00103898
       14732       -0.52    -0.46132  0.00103891
       14733       -0.36   -0.461313  0.00103887
       14734       -0.36   -0.461306  0.00103882
       14735       -0.36   -0.461299  0.00103877
       14736       -0.36   -0.461292  0.00103872
       14737       -0.44   -0.461291  0.00103865
       14738       -0.44   -0.461289  0.00103858
       14739       -0.52   -0.461293  0.00103852
       14740       -0.44   -0.461292  0.00103845
       14741       -0.52   -0.461296  0.00103839
       14742       -0.36   -0.461289  0.00103834
       14743       -0.44   -0.461287  0.00103827
       14744       -0.52   -0.461291  0.00103821
       14745       -0.36   -0.461285  0.00103816
       14746       -0.44   -0.461283  0.00103809
       14747       -0.44   -0.461282  0.00103802
       14748       -0.36   -0.461275  0.00103797
       14749       -0.28   -0.461262  0.00103798
       14750       -0.44   -0.461261  0.00103791
       14751       -0.36   -0.461254  0.00103786
       14752       -0.36   -0.461247  0.00103781
       14753       -0.52   -0.461251  0.00103775
       14754       -0.52   -0.461255  0.00103769
       14755       -0.28   -0.461243  0.00103769
       14756       -0.36   -0.461236  0.00103764
       14757       -0.52    -0.46124  0.00103758
       14758       -0.44   -0.461239  0.00103751
       14759       -0.52   -0.461243  0.00103745
       14760       -0.36   -0.461236   0.0010374
       14761       -0.36   -0.461229  0.00103735
       14762       -0.52   -0.461233  0.00103729
       14763        -0.2   -0.461215  0.00103737
       14764       -0.36   -0.461208  0.00103732
       14765       -0.36   -0.461201  0.00103727
       14766        -0.6   -0.461211  0.00103725
       14767       -0.52   -0.461215  0.00103718
       14768       -0.52   -0.461219  0.00103712
       14769       -0.28   -0.461207  0.00103712
       14770        -0.6   -0.461216   0.0010371
       14771       -0.44   -0.461215  0.00103703
       14772       -0.36   -0.461208  0.00103698
       14773       -0.52   -0.461212  0.00103692
       14774       -0.44    -0.46121  0.00103685
       14775       -0.36   -0.461203   0.0010368
       14776       -0.44   -0.461202  0.00103673
       14777       -0.28    -0.46119  0.00103673
       14778       -0.68   -0.461204  0.00103677
       14779        -0.6   -0.461214  0.00103674
       14780        -0.6   -0.461223  0.00103671
       14781       -0.68   -0.461238  0.00103675
       14782       -0.44   -0.461237  0.00103668
       14783       -0.44   -0.461235  0.00103661
       14784       -0.68    -0.46125  0.00103665
       14785       -0.52   -0.461254  0.00103658
       14786       -0.28   -0.461242  0.00103659
       14787       -0.52   -0.461246  0.00103652
       14788       -0.52    -0.46125  0.00103646
       14789       -0.36   -0.461243  0.00103641
       14790       -0.36   -0.461236  0.00103637
       14791       -0.28   -0.461224  0.00103637
       14792       -0.28   -0.461211  0.00103637
       14793       -0.52   -0.461215  0.00103631
       14794       -0.36   -0.461209  0.00103626
       14795       -0.36   -0.461202  0.00103621
       14796       -0.44     -0.4612  0.00103614
       14797       -0.36   -0.461193   0.0010361
       14798       -0.68   -0.461208  0.00103613
       14799       -0.36   -0.461201  0.00103608
       14800        -0.6   -0.461211  0.00103606
       14801       -0.44   -0.461209  0.00103599
       14802       -0.52   -0.461213  0.00103593
       14803       -0.52   -0.461217  0.00103586
       14804       -0.44   -0.461216  0.00103579
       14805       -0.68   -0.461231  0.00103583
       14806        -0.6    -0.46124   0.0010358
       14807       -0.44   -0.461239  0.00103573
       14808       -0.52   -0.461243  0.00103567
       14809       -0.36   -0.461236  0.00103562
       14810       -0.52    -0.46124  0.00103556
       14811       -0.84   -0.461265  0.00103581
       14812        -0.6   -0.461275  0.00103578
       14813        -0.6   -0.461284  0.00103575
       14814       -0.44   -0.461283  0.00103568
       14815       -0.28    -0.46127  0.00103569
       14816       -0.28   -0.461258  0.00103569
       14817       -0.36   -0.461251  0.00103564
       14818       -0.28   -0.461239  0.00103564
       14819        -0.2   -0.461221  0.00103572
       14820       -0.44    -0.46122  0.00103565
       14821       -0.44   -0.461219  0.00103559
       14822       -0.36   -0.461212  0.00103554
       14823        -0.2   -0.461194  0.00103562
       14824        -0.6   -0.461203  0.00103559
       14825       -0.52   -0.461207  0.00103553
       14826       -0.52   -0.461211  0.00103547
       14827       -0.68   -0.461226   0.0010355
       14828        -0.2   -0.461209  0.00103558
       14829       -0.52   -0.461212  0.00103552
       14830       -0.68   -0.461227  0.00103555
       14831       -0.68   -0.461242  0.00103559
       14832       -0.68   -0.461257  0.00103562
       14833        -0.6   -0.461266   0.0010356
       14834       -0.52    -0.46127  0.00103553
       14835       -0.36   -0.461263  0.00103549
       14836       -0.36   -0.461256  0.00103544
       14837        -0.6   -0.461266  0.00103541
       14838       -0.52    -0.46127  0.00103535
       14839        -0.6   -0.461279  0.00103532
       14840       -0.28   -0.461267  0.00103533
       14841       -0.36    -0.46126  0.00103528
       14842       -0.36   -0.461253  0.00103523
       14843       -0.36   -0.461246  0.00103518
       14844       -0.28   -0.461234  0.00103519
       14845        -0.2   -0.461217  0.00103527
       14846       -0.36    -0.46121  0.00103522
       14847       -0.52   -0.461214  0.00103516
       14848       -0.68   -0.461228  0.00103519
       14849       -0.28   -0.461216  0.00103519
       14850        -0.6   -0.461226  0.00103517
       14851       -0.44   -0.461224   0.0010351
       14852       -0.52   -0.461228  0.00103503
       14853       -0.52   -0.461232  0.00103497
       14854       -0.44   -0.461231   0.0010349
       14855       -0.52   -0.461235  0.00103484
       14856        -0.6   -0.461244  0.00103481
       14857       -0.36   -0.461237  0.00103477
       14858       -0.28   -0.461225  0.00103477
       14859       -0.44   -0.461224   0.0010347
       14860       -0.44   -0.461222  0.00103463
       14861       -0.44   -0.461221  0.00103456
       14862       -0.36   -0.461214  0.00103452
       14863       -0.28   -0.461202  0.00103452
       14864       -0.28   -0.461189  0.00103452
       14865        -0.6   -0.461199  0.00103449
       14866       -0.44   -0.461197  0.00103442
       14867       -0.44   -0.461196  0.00103436
       14868        -0.6   -0.461205  0.00103433
       14869        -0.6   -0.461215   0.0010343
       14870        -0.6   -0.461224  0.00103427
       14871       -0.52   -0.461228  0.00103421
       14872       -0.36   -0.461221  0.00103416
       14873       -0.52   -0.461225   0.0010341
       14874        -0.6   -0.461234  0.00103408
       14875        -0.6   -0.461244  0.00103405
       14876        -0.6   -0.461253  0.00103402
       14877       -0.52   -0.461257  0.00103396
       14878        -0.6   -0.461266  0.00103393
       14879       -0.52    -0.46127  0.00103387
       14880       -0.52   -0.461274  0.00103381
       14881        -0.2   -0.461257  0.00103389
       14882       -0.12   -0.461234  0.00103407
       14883       -0.36   -0.461227  0.00103402
       14884       -0.12   -0.461204  0.00103421
       14885       -0.36   -0.461197  0.00103416
       14886       -0.44   -0.461196  0.00103409
       14887       -0.68    -0.46121  0.00103413
       14888       -0.52   -0.461214  0.00103407
       14889       -0.44   -0.461213    0.001034
       14890       -0.36   -0.461206  0.00103395
       14891       -0.44   -0.461205  0.00103388
       14892        -0.6   -0.461214  0.00103386
       14893        -0.6   -0.461223  0.00103383
       14894        -0.6   -0.461233   0.0010338
       14895       -0.44   -0.461231  0.00103373
       14896        -0.6   -0.461241   0.0010337
       14897       -0.52   -0.461245  0.00103364
       14898       -0.44   -0.461243  0.00103357
       14899       -0.68   -0.461258  0.00103361
       14900        -0.6   -0.461267  0.00103358
       14901       -0.52   -0.461271  0.00103352
       14902       -0.44    -0.46127  0.00103345
       14903       -0.52   -0.461274  0.00103339
       14904        -0.6   -0.461283  0.00103336
       14905       -0.52   -0.461287   0.0010333
       14906       -0.52   -0.461291  0.00103324
       14907        -0.6     -0.4613  0.00103321
       14908       -0.68   -0.461315  0.00103325
       14909        -0.6   -0.461324  0.00103322
       14910       -0.36   -0.461317  0.00103317
       14911       -0.36    -0.46131  0.00103312
       14912       -0.52   -0.461314  0.00103306
       14913        -0.6   -0.461324  0.00103304
       14914       -0.28   -0.461312  0.00103304
       14915       -0.44    -0.46131  0.00103297
       14916        -0.6   -0.461319  0.00103294
       14917       -0.44   -0.461318  0.00103287
       14918       -0.28   -0.461306  0.00103288
       14919       -0.28   -0.461294  0.00103288
       14920        -0.6   -0.461303  0.00103285
       14921       -0.44   -0.461302  0.00103278
       14922       -0.68   -0.461316  0.00103282
       14923       -0.44   -0.461315  0.00103275
       14924       -0.52   -0.461319  0.00103269
       14925       -0.52   -0.461323  0.00103263
       14926       -0.52   -0.461327  0.00103256
       14927       -0.52    -0.46133   0.0010325
       14928       -0.52   -0.461334  0.00103244
       14929        -0.6   -0.461344  0.00103241
       14930       -0.68   -0.461358  0.00103245
       14931        -0.6   -0.461368  0.00103242
       14932       -0.44   -0.461366  0.00103235
       14933       -0.52    -0.46137  0.00103229
       14934       -0.68   -0.461385  0.00103233
       14935       -0.44   -0.461383  0.00103226
       14936       -0.44   -0.461382  0.00103219
       14937        -0.6   -0.461391  0.00103216
       14938        -0.6     -0.4614  0.00103213
       14939       -0.36   -0.461394  0.00103209
       14940       -0.44   -0.461392  0.00103202
       14941       -0.28    -0.46138  0.00103202
       14942        -0.2   -0.461363   0.0010321
       14943        -0.6   -0.461372  0.00103207
       14944        -0.6   -0.461381  0.00103205
       14945       -0.52   -0.461385  0.00103198
       14946       -0.12   -0.461362  0.00103217
       14947        -0.2   -0.461345  0.00103225
       14948       -0.12   -0.461322  0.00103243
       14949       -0.28    -0.46131  0.00103243
       14950        -0.6   -0.461319  0.00103241
       14951       -0.44   -0.461318  0.00103234
       14952       -0.44   -0.461316  0.00103227
       14953       -0.52    -0.46132  0.00103221
       14954       -0.44   -0.461319  0.00103214
       14955       -0.52   -0.461323  0.00103208
       14956        -0.6   -0.461332  0.00103205
       14957        -0.6   -0.461341  0.00103202
       14958       -0.76   -0.461361  0.00103215
       14959       -0.68   -0.461376  0.00103218
       14960       -0.52    -0.46138  0.00103212
       14961       -0.52   -0.461384  0.00103206
       14962       -0.52   -0.461388    0.001032
       14963       -0.36   -0.461381  0.00103195
       14964       -0.44   -0.461379  0.00103188
       14965       -0.36   -0.461373  0.00103184
       14966        -0.2   -0.461355  0.00103192
       14967       -0.44   -0.461354  0.00103185
       14968       -0.76   -0.461374  0.00103197
       14969       -0.52   -0.461378  0.00103191
       14970       -0.36   -0.461371  0.00103186
       14971       -0.52   -0.461375   0.0010318
       14972       -0.28   -0.461363   0.0010318
       14973       -0.28    -0.46135  0.00103181
       14974       -0.04   -0.461322  0.00103212
       14975       -0.28    -0.46131  0.00103212
       14976       -0.44   -0.461309  0.00103205
       14977       -0.44   -0.461307  0.00103199
       14978       -0.52   -0.461311  0.00103193
       14979       -0.44    -0.46131  0.00103186
       14980       -0.44   -0.461308  0.00103179
       14981       -0.52   -0.461312  0.00103173
       14982       -0.44   -0.461311  0.00103166
       14983        -0.6    -0.46132  0.00103163
       14984       -0.52   -0.461324  0.00103157
       14985        -0.6   -0.461333  0.00103154
       14986       -0.44   -0.461332  0.00103148
       14987       -0.52   -0.461336  0.00103141
       14988        -0.6   -0.461345  0.00103139
       14989        -0.6   -0.461354  0.00103136
       14990       -0.36   -0.461348  0.00103131
       14991       -0.44   -0.461346  0.00103125
       14992       -0.36   -0.461339   0.0010312
       14993       -0.44   -0.461338  0.00103113
       14994        -0.6   -0.461347   0.0010311
       14995        -0.2    -0.46133  0.00103118
       14996        -0.6   -0.461339  0.00103116
       14997        -0.6   -0.461348  0.00103113
       14998        -0.6   -0.461358   0.0010311
       14999       -0.68   -0.461372  0.00103113
       15000       -0.52   -0.461376  0.00103107
       15001       -0.76   -0.461396   0.0010312
       15002       -0.52     -0.4614  0.00103114
       15003       -0.52   -0.461404  0.00103107
       15004       -0.52   -0.461408  0.00103101
       15005       -0.52   -0.461412  0.00103095
       15006       -0.44    -0.46141  0.00103088
       15007       -0.28   -0.461398  0.00103089
       15008       -0.44   -0.461397  0.00103082
       15009       -0.52     -0.4614  0.00103076
       15010       -0.36   -0.461394  0.00103071
       15011        -0.2   -0.461376  0.00103079
       15012       -0.28   -0.461364  0.00103079
       15013       -0.52   -0.461368  0.00103073
       15014       -0.44   -0.461367  0.00103066
       15015       -0.52   -0.461371   0.0010306
       15016       -0.52   -0.461375  0.00103054
       15017       -0.44   -0.461373  0.00103047
       15018       -0.52   -0.461377  0.00103041
       15019       -0.52   -0.461381  0.00103035
       15020       -0.44   -0.461379  0.00103028
       15021       -0.44   -0.461378  0.00103021
       15022       -0.52   -0.461382  0.00103015
       15023       -0.28    -0.46137  0.00103016
       15024       -0.44   -0.461368  0.00103009
       15025       -0.36   -0.461362  0.00103004
       15026       -0.28    -0.46135  0.00103004
       15027       -0.28   -0.461338  0.00103005
       15028       -0.36   -0.461331     0.00103
       15029       -0.76   -0.461351  0.00103012
       15030       -0.44   -0.461349  0.00103005
       15031       -0.68   -0.461364  0.00103009
       15032        -0.6   -0.461373  0.00103006
       15033       -0.36   -0.461366  0.00103002
       15034       -0.44   -0.461365  0.00102995
       15035       -0.52   -0.461369  0.00102989
       15036       -0.44   -0.461367  0.00102982
       15037       -0.52   -0.461371  0.00102976
       15038       -0.68   -0.461386  0.00102979
       15039       -0.44   -0.461384  0.00102972
       15040        -0.2   -0.461367   0.0010298
       15041       -0.12   -0.461344  0.00102998
       15042       -0.36   -0.461338  0.00102994
       15043       -0.28   -0.461326  0.00102994
       15044       -0.36   -0.461319  0.00102989
       15045       -0.28   -0.461307   0.0010299
       15046        -0.6   -0.461316  0.00102987
       15047       -0.52    -0.46132  0.00102981
       15048       -0.36   -0.461313  0.00102976
       15049       -0.28   -0.461301  0.00102976
       15050       -0.36   -0.461294  0.00102972
       15051        -0.6   -0.461304  0.00102969
       15052       -0.36   -0.461297  0.00102964
       15053       -0.28   -0.461285  0.00102965
       15054       -0.28   -0.461273  0.00102965
       15055       -0.44   -0.461271  0.00102958
       15056       -0.52   -0.461275  0.00102952
       15057       -0.36   -0.461269  0.00102947
       15058       -0.52   -0.461272  0.00102941
       15059       -0.36   -0.461266  0.00102937
       15060       -0.52    -0.46127   0.0010293
       15061       -0.52   -0.461273  0.00102924
       15062       -0.52   -0.461277  0.00102918
       15063       -0.44   -0.461276  0.00102911
       15064       -0.52    -0.46128  0.00102905
       15065       -0.52   -0.461284  0.00102899
       15066       -0.44   -0.461282  0.00102893
       15067       -0.44   -0.461281  0.00102886
       15068       -0.36   -0.461274  0.00102881
       15069       -0.36   -0.461268  0.00102877
       15070       -0.36   -0.461261  0.00102872
       15071       -0.36   -0.461254  0.00102867
       15072       -0.28   -0.461242  0.00102868
       15073        -0.2   -0.461225  0.00102875
       15074       -0.44   -0.461223  0.00102869
       15075       -0.44   -0.461222  0.00102862
       15076       -0.52   -0.461226  0.00102856
       15077       -0.44   -0.461224  0.00102849
       15078       -0.52   -0.461228  0.00102843
       15079       -0.28   -0.461216  0.00102843
       15080       -0.36    -0.46121  0.00102839
       15081       -0.52   -0.461213  0.00102832
       15082       -0.36   -0.461207  0.00102828
       15083       -0.52   -0.461211  0.00102822
       15084       -0.44   -0.461209  0.00102815
       15085       -0.44   -0.461208  0.00102808
       15086       -0.52   -0.461212  0.00102802
       15087       -0.28     -0.4612  0.00102802
       15088       -0.36   -0.461193  0.00102798
       15089       -0.52   -0.461197  0.00102792
       15090       -0.44   -0.461195  0.00102785
       15091       -0.52   -0.461199  0.00102779
       15092       -0.28   -0.461187  0.00102779
       15093        -0.6   -0.461197  0.00102776
       15094       -0.52     -0.4612   0.0010277
       15095       -0.52   -0.461204  0.00102764
       15096        -0.6   -0.461214  0.00102762
       15097       -0.44   -0.461212  0.00102755
       15098       -0.36   -0.461205   0.0010275
       15099       -0.28   -0.461193   0.0010275
       15100       -0.76   -0.461213  0.00102763
       15101        -0.6   -0.461222   0.0010276
       15102       -0.44   -0.461221  0.00102753
       15103        -0.6    -0.46123  0.00102751
       15104       -0.44   -0.461229  0.00102744
       15105        -0.6   -0.461238  0.00102741
       15106        -0.2   -0.461221  0.00102749
       15107       -0.28   -0.461209  0.00102749
       15108       -0.52   -0.461213  0.00102743
       15109       -0.44   -0.461211  0.00102736
       15110       -0.36   -0.461205  0.00102732
       15111       -0.44   -0.461203  0.00102725
       15112       -0.44   -0.461202  0.00102718
       15113        -0.2   -0.461184  0.00102726
       15114       -0.44   -0.461183  0.00102719
       15115        -0.6   -0.461192  0.00102717
       15116       -0.68   -0.461207   0.0010272
       15117       -0.68   -0.461221  0.00102724
       15118       -0.68   -0.461236  0.00102727
       15119       -0.68    -0.46125   0.0010273
       15120        -0.6   -0.461259  0.00102728
       15121       -0.44   -0.461258  0.00102721
       15122       -0.36   -0.461251  0.00102716
       15123       -0.44    -0.46125   0.0010271
       15124       -0.44   -0.461248  0.00102703
       15125       -0.44   -0.461247  0.00102696
       15126        -0.2    -0.46123  0.00102704
       15127        -0.2   -0.461212  0.00102712
       15128       -0.36   -0.461206  0.00102707
       15129       -0.36   -0.461199  0.00102702
       15130       -0.52   -0.461203  0.00102696
       15131       -0.52   -0.461207   0.0010269
       15132       -0.52   -0.461211  0.00102684
       15133        -0.6    -0.46122  0.00102682
       15134       -0.52   -0.461224  0.00102676
       15135       -0.52   -0.461228   0.0010267
       15136        -0.6   -0.461237  0.00102667
       15137       -0.68   -0.461251   0.0010267
       15138       -0.52   -0.461255  0.00102664
       15139       -0.44   -0.461254  0.00102658
       15140       -0.52   -0.461258  0.00102651
       15141        -0.6   -0.461267  0.00102649
       15142       -0.52   -0.461271  0.00102643
       15143       -0.44   -0.461269  0.00102636
       15144       -0.36   -0.461263  0.00102631
       15145        -0.6   -0.461272  0.00102629
       15146       -0.52   -0.461276  0.00102623
       15147       -0.52   -0.461279  0.00102617
       15148       -0.52   -0.461283  0.00102611
       15149       -0.52   -0.461287  0.00102605
       15150       -0.52   -0.461291  0.00102599
       15151       -0.68   -0.461306  0.00102602
       15152       -0.52   -0.461309  0.00102596
       15153       -0.52   -0.461313   0.0010259
       15154       -0.44   -0.461312  0.00102583
       15155       -0.36   -0.461305  0.00102579
       15156        -0.2   -0.461288  0.00102586
       15157       -0.28   -0.461276  0.00102587
       15158       -0.44   -0.461275   0.0010258
       15159       -0.36   -0.461268  0.00102575
       15160       -0.44   -0.461266  0.00102569
       15161       -0.44   -0.461265  0.00102562
       15162       -0.36   -0.461258  0.00102557
       15163        -0.6   -0.461268  0.00102555
       15164       -0.68   -0.461282  0.00102558
       15165        -0.6   -0.461291  0.00102555
       15166       -0.36   -0.461284  0.00102551
       15167        -0.2   -0.461267  0.00102558
       15168       -0.28   -0.461255  0.00102559
       15169       -0.28   -0.461243  0.00102559
       15170       -0.44   -0.461242  0.00102552
       15171       -0.44   -0.461241  0.00102546
       15172       -0.44   -0.461239  0.00102539
       15173       -0.52   -0.461243  0.00102533
       15174       -0.52   -0.461247  0.00102527
       15175       -0.52   -0.461251  0.00102521
       15176       -0.52   -0.461255  0.00102515
       15177       -0.52   -0.461258  0.00102509
       15178       -0.68   -0.461273  0.00102512
       15179        -0.6   -0.461282  0.00102509
       15180        -0.6   -0.461291  0.00102507
       15181        -0.6     -0.4613  0.00102504
       15182       -0.36   -0.461294  0.00102499
       15183       -0.44   -0.461292  0.00102493
       15184        -0.6   -0.461301   0.0010249
       15185        -0.6   -0.461311  0.00102487
       15186        -0.2   -0.461293  0.00102495
       15187       -0.44   -0.461292  0.00102489
       15188       -0.52   -0.461296  0.00102482
       15189       -0.44   -0.461294  0.00102476
       15190       -0.44   -0.461293  0.00102469
       15191       -0.44   -0.461292  0.00102463
       15192       -0.52   -0.461295  0.00102457
       15193        -0.6   -0.461305  0.00102454
       15194       -0.44   -0.461303  0.00102447
       15195       -0.52   -0.461307  0.00102441
       15196       -0.44   -0.461306  0.00102435
       15197       -0.28   -0.461294  0.00102435
       15198       -0.44   -0.461292  0.00102428
       15199        -0.6   -0.461301  0.00102425
       15200       -0.52   -0.461305  0.00102419
       15201       -0.44   -0.461304  0.00102413
       15202       -0.52   -0.461308  0.00102407
       15203       -0.44   -0.461306    0.001024
       15204       -0.52    -0.46131  0.00102394
       15205        -0.6   -0.461319  0.00102391
       15206       -0.44   -0.461318  0.00102385
       15207       -0.36   -0.461311   0.0010238
       15208       -0.28   -0.461299   0.0010238
       15209       -0.52   -0.461303  0.00102374
       15210       -0.44   -0.461302  0.00102368
       15211        -0.6   -0.461311  0.00102365
       15212       -0.76   -0.461331  0.00102377
       15213       -0.44   -0.461329  0.00102371
       15214       -0.44   -0.461328  0.00102364
       15215       -0.44   -0.461326  0.00102357
       15216       -0.36    -0.46132  0.00102353
       15217       -0.36   -0.461313  0.00102348
       15218       -0.36   -0.461306  0.00102344
       15219       -0.36     -0.4613  0.00102339
       15220        -0.6   -0.461309  0.00102336
       15221       -0.52   -0.461313   0.0010233
       15222       -0.52   -0.461317  0.00102324
       15223       -0.68   -0.461331  0.00102328
       15224        -0.6    -0.46134  0.00102325
       15225       -0.52   -0.461344  0.00102319
       15226       -0.52   -0.461348  0.00102313
       15227       -0.52   -0.461352  0.00102307
       15228       -0.44    -0.46135  0.00102301
       15229       -0.44   -0.461349  0.00102294
       15230       -0.44   -0.461347  0.00102287
       15231        -0.6   -0.461356  0.00102285
       15232       -0.52    -0.46136  0.00102279
       15233        -0.6   -0.461369  0.00102276
       15234       -0.36   -0.461363  0.00102271
       15235        -0.6   -0.461372  0.00102269
       15236        -0.6   -0.461381  0.00102266
       15237       -0.52   -0.461385   0.0010226
       15238       -0.44   -0.461383  0.00102253
       15239       -0.44   -0.461382  0.00102247
       15240       -0.44   -0.461381   0.0010224
       15241       -0.52   -0.461384  0.00102234
       15242       -0.52   -0.461388  0.00102228
       15243       -0.44   -0.461387  0.00102222
       15244       -0.44   -0.461385  0.00102215
       15245       -0.44   -0.461384  0.00102208
       15246        -0.6   -0.461393  0.00102206
       15247       -0.52   -0.461397    0.001022
       15248        -0.6   -0.461406  0.00102197
       15249       -0.68    -0.46142  0.00102201
       15250       -0.44   -0.461419  0.00102194
       15251       -0.36   -0.461412  0.00102189
       15252        -0.6   -0.461421  0.00102187
       15253       -0.44    -0.46142   0.0010218
       15254       -0.68   -0.461434  0.00102183
       15255       -0.52   -0.461438  0.00102177
       15256        -0.6   -0.461447  0.00102175
       15257        -0.6   -0.461456  0.00102172
       15258       -0.76   -0.461476  0.00102184
       15259        -0.6   -0.461485  0.00102182
       15260       -0.52   -0.461489  0.00102176
       15261       -0.44   -0.461487  0.00102169
       15262        -0.6   -0.461497  0.00102166
       15263       -0.52     -0.4615   0.0010216
       15264        -0.6   -0.461509  0.00102158
       15265       -0.52   -0.461513  0.00102152
       15266       -0.44   -0.461512  0.00102145
       15267        -0.6   -0.461521  0.00102142
       15268       -0.52   -0.461525  0.00102136
       15269       -0.52   -0.461529   0.0010213
       15270       -0.44   -0.461527  0.00102124
       15271       -0.52   -0.461531  0.00102118
       15272       -0.36   -0.461524  0.00102113
       15273       -0.44   -0.461523  0.00102107
       15274       -0.52   -0.461527  0.00102101
       15275       -0.76   -0.461546  0.00102113
       15276       -0.68   -0.461561  0.00102116
       15277       -0.44   -0.461559   0.0010211
       15278       -0.52   -0.461563  0.00102104
       15279       -0.44   -0.461562  0.00102097
       15280       -0.52   -0.461565  0.00102091
       15281       -0.68    -0.46158  0.00102094
       15282        -0.6   -0.461589  0.00102092
       15283       -0.52   -0.461593  0.00102086
       15284        -0.6   -0.461602  0.00102083
       15285       -0.28    -0.46159  0.00102083
       15286       -0.36   -0.461583  0.00102079
       15287       -0.12   -0.461561  0.00102097
       15288       -0.28   -0.461549  0.00102097
       15289        -0.2   -0.461532  0.00102104
       15290       -0.44    -0.46153  0.00102098
       15291       -0.52   -0.461534  0.00102092
       15292       -0.52   -0.461538  0.00102086
       15293        -0.6   -0.461547  0.00102083
       15294        -0.6   -0.461556  0.00102081
       15295       -0.52    -0.46156  0.00102075
       15296       -0.52   -0.461564  0.00102069
       15297        -0.6   -0.461573  0.00102066
       15298       -0.68   -0.461587  0.00102069
       15299       -0.52   -0.461591  0.00102063
       15300       -0.36   -0.461584  0.00102059
       15301       -0.52   -0.461588  0.00102053
       15302       -0.44   -0.461587  0.00102046
       15303       -0.36    -0.46158  0.00102042
       15304       -0.44   -0.461579  0.00102035
       15305       -0.36   -0.461572  0.00102031
       15306        -0.6   -0.461581  0.00102028
       15307       -0.36   -0.461574  0.00102024
       15308       -0.44   -0.461573  0.00102017
       15309       -0.28   -0.461561  0.00102017
       15310        -0.6    -0.46157  0.00102015
       15311       -0.52   -0.461574  0.00102009
       15312       -0.44   -0.461573  0.00102002
       15313        -0.6   -0.461582     0.00102
       15314       -0.44    -0.46158  0.00101993
       15315       -0.44   -0.461579  0.00101986
       15316        -0.6   -0.461588  0.00101984
       15317       -0.44   -0.461586  0.00101977
       15318       -0.52    -0.46159  0.00101971
       15319        -0.6   -0.461599  0.00101969
       15320       -0.52   -0.461603  0.00101963
       15321       -0.52   -0.461607  0.00101957
       15322       -0.44   -0.461606   0.0010195
       15323       -0.28   -0.461594   0.0010195
       15324       -0.44   -0.461592  0.00101944
       15325       -0.36   -0.461586  0.00101939
       15326        -0.2   -0.461569  0.00101947
       15327       -0.52   -0.461572  0.00101941
       15328        -0.6   -0.461581  0.00101938
       15329        -0.6    -0.46159  0.00101936
       15330       -0.52   -0.461594   0.0010193
       15331        -0.6   -0.461603  0.00101927
       15332       -0.44   -0.461602  0.00101921
       15333        -0.6   -0.461611  0.00101918
       15334       -0.44   -0.461609  0.00101911
       15335       -0.28   -0.461598  0.00101912
       15336       -0.44   -0.461596  0.00101905
       15337       -0.52     -0.4616  0.00101899
       15338        -0.6   -0.461609  0.00101896
       15339       -0.52   -0.461613  0.00101891
       15340       -0.52   -0.461617  0.00101885
       15341        -0.6   -0.461626  0.00101882
       15342        -0.6   -0.461635  0.00101879
       15343       -0.52   -0.461639  0.00101873
       15344       -0.28   -0.461627  0.00101874
       15345       -0.36    -0.46162  0.00101869
       15346       -0.44   -0.461619  0.00101863
       15347       -0.52   -0.461622  0.00101857
       15348       -0.68   -0.461637   0.0010186
       15349       -0.44   -0.461635  0.00101853
       15350       -0.52   -0.461639  0.00101847
       15351       -0.44   -0.461638  0.00101841
       15352       -0.52   -0.461641  0.00101835
       15353       -0.52   -0.461645  0.00101829
       15354        -0.6   -0.461654  0.00101826
       15355       -0.28   -0.461642  0.00101827
       15356       -0.52   -0.461646  0.00101821
       15357       -0.44   -0.461645  0.00101814
       15358       -0.52   -0.461649  0.00101808
       15359       -0.44   -0.461647  0.00101802
       15360       -0.28   -0.461635  0.00101802
       15361       -0.36   -0.461629  0.00101798
       15362        -0.6   -0.461638  0.00101795
       15363       -0.52   -0.461642  0.00101789
       15364       -0.52   -0.461645  0.00101783
       15365       -0.28   -0.461634  0.00101783
       15366       -0.68   -0.461648  0.00101787
       15367       -0.36   -0.461641  0.00101782
       15368       -0.44    -0.46164  0.00101776
       15369        -0.2   -0.461623  0.00101783
       15370       -0.36   -0.461616  0.00101779
       15371       -0.28   -0.461604  0.00101779
       15372       -0.44   -0.461603  0.00101772
       15373        -0.2   -0.461586   0.0010178
       15374       -0.44   -0.461584  0.00101774
       15375       -0.36   -0.461578  0.00101769
       15376       -0.44   -0.461576  0.00101763
       15377       -0.52    -0.46158  0.00101757
       15378       -0.44   -0.461579   0.0010175
       15379       -0.68   -0.461593  0.00101753
       15380       -0.44   -0.461592  0.00101747
       15381       -0.52   -0.461595  0.00101741
       15382       -0.44   -0.461594  0.00101734
       15383       -0.52   -0.461598  0.00101729
       15384       -0.52   -0.461602  0.00101723
       15385       -0.52   -0.461605  0.00101717
       15386       -0.36   -0.461599  0.00101712
       15387       -0.36   -0.461592  0.00101708
       15388       -0.52   -0.461596  0.00101702
       15389        -0.2   -0.461579   0.0010171
       15390       -0.36   -0.461572  0.00101705
       15391       -0.44   -0.461571  0.00101699
       15392        -0.2   -0.461554  0.00101706
       15393       -0.28   -0.461542  0.00101706
       15394       -0.52   -0.461546    0.001017
       15395       -0.44   -0.461545  0.00101694
       15396       -0.44   -0.461543  0.00101687
       15397       -0.44   -0.461542  0.00101681
       15398       -0.44    -0.46154  0.00101674
       15399        -0.6   -0.461549  0.00101672
       15400       -0.52   -0.461553  0.00101666
       15401       -0.36   -0.461547  0.00101661
       15402       -0.44   -0.461545  0.00101655
       15403       -0.52   -0.461549  0.00101649
       15404       -0.52   -0.461553  0.00101643
       15405        -0.6   -0.461562  0.00101641
       15406       -0.44    -0.46156  0.00101634
       15407       -0.28   -0.461549  0.00101634
       15408       -0.36   -0.461542   0.0010163
       15409       -0.12    -0.46152  0.00101647
       15410        -0.2   -0.461503  0.00101655
       15411       -0.44   -0.461502  0.00101648
       15412       -0.44     -0.4615  0.00101642
       15413       -0.28   -0.461488  0.00101642
       15414       -0.36   -0.461482  0.00101638
       15415       -0.52   -0.461486  0.00101632
       15416       -0.44   -0.461484  0.00101625
       15417       -0.52   -0.461488  0.00101619
       15418       -0.68   -0.461502  0.00101623
       15419       -0.52   -0.461506  0.00101617
       15420       -0.36   -0.461499  0.00101612
       15421       -0.44   -0.461498  0.00101606
       15422       -0.36   -0.461491  0.00101601
       15423       -0.36   -0.461485  0.00101597
       15424       -0.28   -0.461473  0.00101597
       15425       -0.28   -0.461461  0.00101597
       15426       -0.52   -0.461465  0.00101592
       15427       -0.52   -0.461469  0.00101586
       15428       -0.52   -0.461473   0.0010158
       15429       -0.44   -0.461471  0.00101573
       15430        -0.6    -0.46148  0.00101571
       15431       -0.68   -0.461494  0.00101574
       15432        -0.2   -0.461477  0.00101582
       15433       -0.44   -0.461476  0.00101575
       15434       -0.44   -0.461475  0.00101569
       15435       -0.52   -0.461478  0.00101563
       15436       -0.36   -0.461472  0.00101558
       15437       -0.52   -0.461476  0.00101552
       15438       -0.36   -0.461469  0.00101548
       15439        -0.6   -0.461478  0.00101545
       15440       -0.36   -0.461472  0.00101541
       15441       -0.52   -0.461475  0.00101535
       15442        -0.6   -0.461484  0.00101532
       15443        -0.6   -0.461493   0.0010153
       15444        -0.6   -0.461502  0.00101527
       15445       -0.44   -0.461501  0.00101521
       15446       -0.44   -0.461499  0.00101514
       15447       -0.44   -0.461498  0.00101508
       15448       -0.44   -0.461497  0.00101501
       15449        -0.6   -0.461506  0.00101499
       15450       -0.68    -0.46152  0.00101502
       15451        -0.6   -0.461529  0.00101499
       15452       -0.68   -0.461543  0.00101503
       15453       -0.44   -0.461541  0.00101496
       15454       -0.68   -0.461556  0.00101499
       15455       -0.52   -0.461559  0.00101494
       15456       -0.52   -0.461563  0.00101488
       15457       -0.36   -0.461557  0.00101483
       15458       -0.52    -0.46156  0.00101477
       15459       -0.44   -0.461559  0.00101471
       15460       -0.52   -0.461563  0.00101465
       15461       -0.36   -0.461556  0.00101461
       15462        -0.6   -0.461565  0.00101458
       15463       -0.36   -0.461559  0.00101454
       15464       -0.52   -0.461562  0.00101448
       15465       -0.36   -0.461556  0.00101443
       15466       -0.36   -0.461549  0.00101439
       15467       -0.44   -0.461548  0.00101432
       15468       -0.44   -0.461546  0.00101426
       15469       -0.36    -0.46154  0.00101421
       15470       -0.44   -0.461538  0.00101415
       15471       -0.28   -0.461527  0.00101415
       15472       -0.36    -0.46152  0.00101411
       15473       -0.52   -0.461524  0.00101405
       15474        -0.6   -0.461533  0.00101402
       15475       -0.44   -0.461532  0.00101396
       15476        -0.6    -0.46154  0.00101393
       15477       -0.36   -0.461534  0.00101389
       15478       -0.52   -0.461538  0.00101383
       15479       -0.44   -0.461536  0.00101377
       15480       -0.44   -0.461535   0.0010137
       15481       -0.44   -0.461533  0.00101364
       15482       -0.52   -0.461537  0.00101358
       15483       -0.36   -0.461531  0.00101353
       15484       -0.52   -0.461534  0.00101348
       15485       -0.36   -0.461528  0.00101343
       15486       -0.44   -0.461527  0.00101337
       15487       -0.36    -0.46152  0.00101332
       15488       -0.28   -0.461508  0.00101333
       15489       -0.44   -0.461507  0.00101326
       15490       -0.44   -0.461505   0.0010132
       15491       -0.44   -0.461504  0.00101313
       15492       -0.52   -0.461508  0.00101307
       15493       -0.52   -0.461512  0.00101302
       15494        -0.6   -0.461521  0.00101299
       15495       -0.52   -0.461524  0.00101293
       15496       -0.68   -0.461538  0.00101296
       15497       -0.52   -0.461542  0.00101291
       15498       -0.52   -0.461546  0.00101285
       15499       -0.52    -0.46155  0.00101279
       15500       -0.28   -0.461538  0.00101279
       15501       -0.52   -0.461542  0.00101273
       15502       -0.36   -0.461535  0.00101269
       15503       -0.44   -0.461534  0.00101262
       15504       -0.68   -0.461548  0.00101266
       15505       -0.44   -0.461547  0.00101259
       15506       -0.52    -0.46155  0.00101253
       15507        -0.6   -0.461559  0.00101251
       15508       -0.68   -0.461573  0.00101254
       15509       -0.68   -0.461587  0.00101257
       15510       -0.52   -0.461591  0.00101252
       15511       -0.68   -0.461605  0.00101255
       15512       -0.68   -0.461619  0.00101258
       15513       -0.36   -0.461613  0.00101254
       15514       -0.52   -0.461617  0.00101248
       15515       -0.36    -0.46161  0.00101243
       15516       -0.52   -0.461614  0.00101238
       15517       -0.36   -0.461607  0.00101233
       15518       -0.44   -0.461606  0.00101227
       15519       -0.36   -0.461599  0.00101222
       15520       -0.44   -0.461598  0.00101216
       15521        -0.2   -0.461581  0.00101223
       15522       -0.44    -0.46158  0.00101217
       15523       -0.28   -0.461568  0.00101217
       15524       -0.44   -0.461567  0.00101211
       15525       -0.44   -0.461565  0.00101204
       15526       -0.28   -0.461554  0.00101205
       15527       -0.52   -0.461557  0.00101199
       15528       -0.52   -0.461561  0.00101193
       15529       -0.52   -0.461565  0.00101187
       15530       -0.36   -0.461558  0.00101183
       15531       -0.36   -0.461552  0.00101178
       15532       -0.52   -0.461555  0.00101173
       15533       -0.36   -0.461549  0.00101168
       15534       -0.36   -0.461542  0.00101164
       15535       -0.28   -0.461531  0.00101164
       15536       -0.44   -0.461529  0.00101158
       15537       -0.36   -0.461523  0.00101153
       15538       -0.52   -0.461527  0.00101147
       15539       -0.52    -0.46153  0.00101142
       15540       -0.28   -0.461519  0.00101142
       15541       -0.36   -0.461512  0.00101137
       15542       -0.44   -0.461511  0.00101131
       15543       -0.76    -0.46153  0.00101143
       15544       -0.52   -0.461534  0.00101137
       15545       -0.52   -0.461537  0.00101131
       15546       -0.68   -0.461552  0.00101134
       15547       -0.68   -0.461566  0.00101138
       15548        -0.6   -0.461574  0.00101135
       15549       -0.36   -0.461568  0.00101131
       15550        -0.6   -0.461577  0.00101128
       15551       -0.36    -0.46157  0.00101124
       15552       -0.44   -0.461569  0.00101117
       15553       -0.52   -0.461573  0.00101111
       15554       -0.52   -0.461576  0.00101106
       15555       -0.52    -0.46158    0.001011
       15556       -0.44   -0.461579  0.00101093
       15557       -0.36   -0.461572  0.00101089
       15558       -0.52   -0.461576  0.00101083
       15559       -0.36    -0.46157  0.00101079
       15560       -0.36   -0.461563  0.00101074
       15561       -0.36   -0.461556   0.0010107
       15562       -0.68    -0.46157  0.00101073
       15563       -0.84   -0.461595  0.00101096
       15564       -0.76   -0.461614  0.00101108
       15565       -0.36   -0.461607  0.00101103
       15566       -0.52   -0.461611  0.00101098
       15567       -0.44    -0.46161  0.00101091
       15568       -0.44   -0.461608  0.00101085
       15569       -0.52   -0.461612  0.00101079
       15570       -0.68   -0.461626  0.00101082
       15571       -0.44   -0.461625  0.00101076
       15572       -0.68   -0.461639  0.00101079
       15573       -0.68   -0.461653  0.00101082
       15574        -0.6   -0.461662   0.0010108
       15575       -0.44    -0.46166  0.00101073
       15576       -0.28   -0.461649  0.00101074
       15577        -0.6   -0.461658  0.00101071
       15578       -0.36   -0.461651  0.00101067
       15579       -0.44    -0.46165   0.0010106
       15580       -0.52   -0.461653  0.00101054
       15581       -0.28   -0.461642  0.00101055
       15582       -0.28    -0.46163  0.00101055
       15583       -0.52   -0.461634  0.00101049
       15584       -0.52   -0.461638  0.00101043
       15585       -0.28   -0.461626  0.00101044
       15586       -0.28   -0.461614  0.00101044
       15587        -0.6   -0.461623  0.00101041
       15588       -0.52   -0.461627  0.00101035
       15589       -0.44   -0.461626  0.00101029
       15590       -0.36   -0.461619  0.00101025
       15591       -0.36   -0.461612   0.0010102
       15592       -0.12   -0.461591  0.00101038
       15593       -0.52   -0.461594  0.00101032
       15594       -0.68   -0.461608  0.00101035
       15595       -0.68   -0.461622  0.00101038
       15596       -0.52   -0.461626  0.00101032
       15597       -0.44   -0.461625  0.00101026
       15598       -0.36   -0.461618  0.00101022
       15599       -0.44   -0.461617  0.00101015
       15600       -0.44   -0.461615  0.00101009
       15601       -0.36   -0.461609  0.00101005
       15602       -0.52   -0.461613  0.00100999
       15603       -0.36   -0.461606  0.00100994
       15604       -0.36     -0.4616   0.0010099
       15605       -0.44   -0.461598  0.00100984
       15606        -0.6   -0.461607  0.00100981
       15607       -0.52   -0.461611  0.00100975
       15608       -0.52   -0.461615  0.00100969
       15609       -0.36   -0.461608  0.00100965
       15610       -0.44   -0.461607  0.00100959
       15611       -0.28   -0.461595  0.00100959
       15612        -0.6   -0.461604  0.00100956
       15613       -0.44   -0.461603   0.0010095
       15614       -0.52   -0.461606  0.00100944
       15615       -0.36     -0.4616   0.0010094
       15616       -0.44   -0.461598  0.00100934
       15617        -0.6   -0.461607  0.00100931
       15618       -0.52   -0.461611  0.00100925
       15619       -0.44    -0.46161  0.00100919
       15620       -0.44   -0.461608  0.00100912
       15621       -0.44   -0.461607  0.00100906
       15622       -0.44   -0.461605    0.001009
       15623       -0.36   -0.461599  0.00100895
       15624       -0.36   -0.461592  0.00100891
       15625        -0.6   -0.461601  0.00100888
       15626       -0.52   -0.461605  0.00100883
       15627        -0.6   -0.461614   0.0010088
       15628       -0.44   -0.461612  0.00100874
       15629       -0.28   -0.461601  0.00100874
       15630       -0.28   -0.461589  0.00100874
       15631       -0.44   -0.461588  0.00100868
       15632       -0.44   -0.461586  0.00100861
       15633       -0.28   -0.461575  0.00100862
       15634       -0.44   -0.461573  0.00100855
       15635        -0.6   -0.461582  0.00100853
       15636        -0.6   -0.461591   0.0010085
       15637       -0.44    -0.46159  0.00100844
       15638       -0.44   -0.461588  0.00100838
       15639       -0.52   -0.461592  0.00100832
       15640       -0.52   -0.461596  0.00100826
       15641       -0.52     -0.4616   0.0010082
       15642       -0.52   -0.461603  0.00100815
       15643       -0.28   -0.461592  0.00100815
       15644       -0.44    -0.46159  0.00100808
       15645       -0.36   -0.461584  0.00100804
       15646       -0.36   -0.461577    0.001008
       15647       -0.52   -0.461581  0.00100794
       15648        -0.6    -0.46159  0.00100791
       15649       -0.52   -0.461594  0.00100786
       15650       -0.52   -0.461597   0.0010078
       15651       -0.52   -0.461601  0.00100774
       15652        -0.6    -0.46161  0.00100772
       15653        -0.6   -0.461619  0.00100769
       15654       -0.44   -0.461617  0.00100763
       15655       -0.52   -0.461621  0.00100757
       15656       -0.44    -0.46162  0.00100751
       15657       -0.52   -0.461624  0.00100745
       15658       -0.52   -0.461627  0.00100739
       15659        -0.6   -0.461636  0.00100737
       15660       -0.44   -0.461635   0.0010073
       15661        -0.6   -0.461644  0.00100728
       15662        -0.6   -0.461652  0.00100725
       15663       -0.52   -0.461656  0.00100719
       15664       -0.44   -0.461655  0.00100713
       15665       -0.36   -0.461648  0.00100709
       15666       -0.44   -0.461647  0.00100702
       15667       -0.44   -0.461645  0.00100696
       15668        -0.6   -0.461654  0.00100693
       15669       -0.52   -0.461658  0.00100688
       15670       -0.36   -0.461652  0.00100683
       15671       -0.36   -0.461645  0.00100679
       15672       -0.28   -0.461633  0.00100679
       15673       -0.28   -0.461622   0.0010068
       15674       -0.52   -0.461626  0.00100674
       15675       -0.68    -0.46164  0.00100677
       15676       -0.44   -0.461638  0.00100671
       15677       -0.44   -0.461637  0.00100664
       15678       -0.44   -0.461635  0.00100658
       15679       -0.44   -0.461634  0.00100652
       15680       -0.36   -0.461628  0.00100647
       15681       -0.68   -0.461641  0.00100651
       15682        -0.6    -0.46165  0.00100648
       15683       -0.52   -0.461654  0.00100642
       15684       -0.52   -0.461658  0.00100637
       15685       -0.52   -0.461661  0.00100631
       15686        -0.6    -0.46167  0.00100628
       15687       -0.36   -0.461664  0.00100624
       15688       -0.36   -0.461657   0.0010062
       15689       -0.44   -0.461656  0.00100613
       15690       -0.36   -0.461649  0.00100609
       15691       -0.36   -0.461643  0.00100605
       15692       -0.52   -0.461647  0.00100599
       15693        -0.6   -0.461656  0.00100596
       15694       -0.44   -0.461654   0.0010059
       15695       -0.68   -0.461668  0.00100593
       15696       -0.36   -0.461662  0.00100589
       15697       -0.36   -0.461655  0.00100585
       15698       -0.36   -0.461649   0.0010058
       15699       -0.44   -0.461647  0.00100574
       15700       -0.36   -0.461641   0.0010057
       15701       -0.52   -0.461644  0.00100564
       15702       -0.44   -0.461643  0.00100558
       15703        -0.6   -0.461652  0.00100555
       15704       -0.44   -0.461651  0.00100549
       15705       -0.44   -0.461649  0.00100543
       15706       -0.44   -0.461648  0.00100536
       15707       -0.44   -0.461646   0.0010053
       15708       -0.28   -0.461635   0.0010053
       15709        -0.2   -0.461618  0.00100538
       15710        -0.2   -0.461602  0.00100545
       15711        -0.6    -0.46161  0.00100542
       15712        -0.6   -0.461619   0.0010054
       15713        -0.6   -0.461628  0.00100537
       15714       -0.68   -0.461642  0.00100541
       15715        -0.6   -0.461651  0.00100538
       15716       -0.36   -0.461644  0.00100534
       15717       -0.52   -0.461648  0.00100528
       15718       -0.44   -0.461647  0.00100522
       15719       -0.68    -0.46166  0.00100525
       15720       -0.44   -0.461659  0.00100519
       15721       -0.52   -0.461663  0.00100513
       15722        -0.6   -0.461672   0.0010051
       15723        -0.6    -0.46168  0.00100508
       15724       -0.52   -0.461684  0.00100502
       15725       -0.76   -0.461703  0.00100514
       15726       -0.76   -0.461722  0.00100525
       15727       -0.28    -0.46171  0.00100525
       15728        -0.6   -0.461719  0.00100523
       15729        -0.2   -0.461703   0.0010053
       15730       -0.52   -0.461706  0.00100524
       15731       -0.52    -0.46171  0.00100519
       15732       -0.28   -0.461698  0.00100519
       15733        -0.2   -0.461682  0.00100526
       15734       -0.28    -0.46167  0.00100527
       15735       -0.28   -0.461659  0.00100527
       15736       -0.28   -0.461647  0.00100527
       15737       -0.52   -0.461651  0.00100521
       15738        -0.6    -0.46166  0.00100519
       15739       -0.36   -0.461653  0.00100515
       15740       -0.28   -0.461642  0.00100515
       15741       -0.44    -0.46164  0.00100508
       15742       -0.68   -0.461654  0.00100512
       15743       -0.68   -0.461668  0.00100515
       15744       -0.68   -0.461682  0.00100518
       15745        -0.6   -0.461691  0.00100515
       15746       -0.52   -0.461694   0.0010051
       15747       -0.52   -0.461698  0.00100504
       15748       -0.52   -0.461702  0.00100498
       15749       -0.44     -0.4617  0.00100492
       15750       -0.36   -0.461694  0.00100488
       15751       -0.52   -0.461698  0.00100482
       15752       -0.36   -0.461691  0.00100478
       15753        -0.2   -0.461675  0.00100485
       15754       -0.44   -0.461673  0.00100479
       15755        -0.6   -0.461682  0.00100476
       15756        -0.6   -0.461691  0.00100474
       15757       -0.36   -0.461684  0.00100469
       15758       -0.28   -0.461673   0.0010047
       15759       -0.52   -0.461677  0.00100464
       15760       -0.52    -0.46168  0.00100458
       15761       -0.28   -0.461669  0.00100459
       15762       -0.44   -0.461667  0.00100452
       15763        -0.6   -0.461676   0.0010045
       15764       -0.44   -0.461675  0.00100443
       15765       -0.52   -0.461678  0.00100438
       15766       -0.36   -0.461672  0.00100433
       15767       -0.44   -0.461671  0.00100427
       15768       -0.44   -0.461669  0.00100421
       15769       -0.36   -0.461663  0.00100417
       15770       -0.44   -0.461661   0.0010041
       15771       -0.44    -0.46166  0.00100404
       15772       -0.44   -0.461659  0.00100398
       15773       -0.44   -0.461657  0.00100392
       15774       -0.28   -0.461646  0.00100392
       15775       -0.36   -0.461639  0.00100387
       15776       -0.52   -0.461643  0.00100382
       15777        -0.6   -0.461652  0.00100379
       15778       -0.76   -0.461671  0.00100391
       15779       -0.52   -0.461674  0.00100385
       15780       -0.68   -0.461688  0.00100388
       15781       -0.68   -0.461702  0.00100391
       15782       -0.44   -0.461701  0.00100385
       15783       -0.44   -0.461699  0.00100379
       15784       -0.44   -0.461698  0.00100373
       15785       -0.44   -0.461697  0.00100366
       15786       -0.44   -0.461695   0.0010036
       15787       -0.28   -0.461684   0.0010036
       15788       -0.68   -0.461697  0.00100363
       15789       -0.52   -0.461701  0.00100358
       15790       -0.12    -0.46168  0.00100375
       15791       -0.52   -0.461683  0.00100369
       15792       -0.44   -0.461682  0.00100363
       15793       -0.28    -0.46167  0.00100363
       15794       -0.44   -0.461669  0.00100357
       15795       -0.44   -0.461668  0.00100351
       15796        -0.6   -0.461676  0.00100348
       15797       -0.36    -0.46167  0.00100344
       15798       -0.44   -0.461669  0.00100337
       15799       -0.28   -0.461657  0.00100338
       15800       -0.44   -0.461656  0.00100331
       15801       -0.44   -0.461654  0.00100325
       15802       -0.44   -0.461653  0.00100319
       15803        -0.6   -0.461662  0.00100316
       15804       -0.52   -0.461665  0.00100311
       15805       -0.44   -0.461664  0.00100304
       15806       -0.28   -0.461653  0.00100305
       15807       -0.52   -0.461656  0.00100299
       15808       -0.68    -0.46167  0.00100302
       15809        -0.6   -0.461679    0.001003
       15810       -0.52   -0.461682  0.00100294
       15811       -0.52   -0.461686  0.00100288
       15812       -0.44   -0.461685  0.00100282
       15813       -0.36   -0.461678  0.00100278
       15814       -0.52   -0.461682  0.00100272
       15815       -0.44   -0.461681  0.00100266
       15816       -0.44   -0.461679   0.0010026
       15817       -0.28   -0.461668   0.0010026
       15818       -0.28   -0.461656   0.0010026
       15819       -0.44   -0.461655  0.00100254
       15820       -0.36   -0.461649   0.0010025
       15821       -0.44   -0.461647  0.00100243
       15822        -0.6   -0.461656  0.00100241
       15823       -0.68    -0.46167  0.00100244
       15824       -0.44   -0.461668  0.00100238
       15825       -0.68   -0.461682  0.00100241
       15826       -0.68   -0.461696  0.00100244
       15827       -0.28   -0.461684  0.00100244
       15828       -0.36   -0.461678   0.0010024
       15829       -0.28   -0.461667   0.0010024
       15830       -0.36    -0.46166  0.00100236
       15831       -0.28   -0.461649  0.00100236
       15832       -0.28   -0.461637  0.00100236
       15833       -0.28   -0.461626  0.00100237
       15834       -0.52   -0.461629  0.00100231
       15835       -0.44   -0.461628  0.00100225
       15836       -0.52   -0.461632  0.00100219
       15837       -0.76   -0.461651  0.00100231
       15838       -0.68   -0.461664  0.00100234
       15839        -0.6   -0.461673  0.00100231
       15840       -0.52   -0.461677  0.00100226
       15841       -0.44   -0.461675  0.00100219
       15842       -0.36   -0.461669  0.00100215
       15843        -0.6   -0.461678  0.00100213
       15844       -0.36   -0.461671  0.00100208
       15845       -0.28    -0.46166  0.00100208
       15846       -0.52   -0.461664  0.00100203
       15847       -0.52   -0.461667  0.00100197
       15848        -0.6   -0.461676  0.00100195
       15849       -0.44   -0.461675  0.00100188
       15850       -0.52   -0.461678  0.00100183
       15851       -0.44   -0.461677  0.00100177
       15852       -0.44   -0.461675   0.0010017
       15853        -0.6   -0.461684  0.00100168
       15854        -0.6   -0.461693  0.00100165
       15855        -0.6   -0.461702  0.00100163
       15856       -0.28    -0.46169  0.00100163
       15857       -0.52   -0.461694  0.00100157
       15858       -0.28   -0.461682  0.00100158
       15859       -0.52   -0.461686  0.00100152
       15860       -0.44   -0.461685  0.00100146
       15861        -0.6   -0.461693  0.00100143
       15862       -0.68   -0.461707  0.00100146
       15863       -0.68   -0.461721   0.0010015
       15864       -0.68   -0.461735  0.00100153
       15865       -0.76   -0.461754  0.00100164
       15866        -0.6   -0.461762  0.00100161
       15867       -0.36   -0.461756  0.00100157
       15868       -0.44   -0.461754  0.00100151
       15869       -0.28   -0.461743  0.00100151
       15870        -0.6   -0.461752  0.00100149
       15871        -0.6    -0.46176  0.00100146
       15872        -0.6   -0.461769  0.00100144
       15873        -0.6   -0.461778  0.00100141
       15874       -0.36   -0.461771  0.00100137
       15875       -0.36   -0.461765  0.00100133
       15876       -0.52   -0.461769  0.00100127
       15877        -0.6   -0.461777  0.00100124
       15878       -0.52   -0.461781  0.00100119
       15879       -0.52   -0.461785  0.00100113
       15880       -0.52   -0.461788  0.00100108
       15881       -0.52   -0.461792  0.00100102
       15882       -0.44   -0.461791  0.00100096
       15883       -0.44   -0.461789   0.0010009
       15884       -0.28   -0.461778   0.0010009
       15885       -0.28   -0.461766   0.0010009
       15886       -0.36    -0.46176  0.00100086
       15887       -0.44   -0.461759   0.0010008
       15888       -0.68   -0.461772  0.00100083
       15889        -0.6   -0.461781   0.0010008
       15890       -0.52   -0.461785  0.00100075
       15891       -0.52   -0.461788  0.00100069
       15892       -0.44   -0.461787  0.00100063
       15893       -0.36   -0.461781  0.00100058
       15894       -0.44   -0.461779  0.00100052
       15895       -0.52   -0.461783  0.00100047
       15896       -0.68   -0.461797   0.0010005
       15897        -0.6   -0.461805  0.00100047
       15898       -0.52   -0.461809  0.00100042
       15899       -0.52   -0.461813  0.00100036
       15900       -0.44   -0.461811   0.0010003
       15901       -0.52   -0.461815  0.00100024
       15902       -0.44   -0.461814  0.00100018
       15903       -0.36   -0.461807  0.00100014
       15904        -0.6   -0.461816  0.00100011
       15905        -0.6   -0.461825  0.00100009
       15906       -0.36   -0.461818  0.00100004
       15907       -0.36   -0.461812       0.001
       15908       -0.36   -0.461805  0.00099996
       15909       -0.36   -0.461799 0.000999917
       15910       -0.36   -0.461793 0.000999875
       15911       -0.36   -0.461786 0.000999833
       15912        -0.6   -0.461795 0.000999808
       15913       -0.44   -0.461794 0.000999746
       15914       -0.44   -0.461792 0.000999684
       15915       -0.36   -0.461786 0.000999641
       15916       -0.36   -0.461779 0.000999599
       15917       -0.28   -0.461768 0.000999602
       15918       -0.44   -0.461767  0.00099954
       15919       -0.44   -0.461765 0.000999478
       15920       -0.28   -0.461754  0.00099948
       15921       -0.44   -0.461752 0.000999418
       15922        -0.6   -0.461761 0.000999393
       15923        -0.6    -0.46177 0.000999368
       15924       -0.44   -0.461768 0.000999307
       15925        -0.6   -0.461777 0.000999281
       15926       -0.68   -0.461791 0.000999313
       15927       -0.52   -0.461794 0.000999257
       15928       -0.68   -0.461808 0.000999288
       15929       -0.52   -0.461812 0.000999232
       15930       -0.68   -0.461825 0.000999263
       15931       -0.52   -0.461829 0.000999207
       15932       -0.44   -0.461828 0.000999145
       15933       -0.52   -0.461831 0.000999089
       15934       -0.44    -0.46183 0.000999027
       15935       -0.44   -0.461829 0.000998965
       15936       -0.28   -0.461817 0.000998968
       15937       -0.52   -0.461821 0.000998912
       15938       -0.68   -0.461835 0.000998943
       15939       -0.84   -0.461858 0.000999162
       15940       -0.76   -0.461877 0.000999274
       15941       -0.52   -0.461881 0.000999218
       15942        -0.6   -0.461889 0.000999193
       15943       -0.36   -0.461883 0.000999151
       15944       -0.36   -0.461877 0.000999109
       15945       -0.52    -0.46188 0.000999053
       15946       -0.68   -0.461894 0.000999084
       15947        -0.6   -0.461903 0.000999059
       15948       -0.76   -0.461921 0.000999171
       15949       -0.68   -0.461935 0.000999202
       15950        -0.6   -0.461944 0.000999177
       15951       -0.52   -0.461947 0.000999121
       15952       -0.44   -0.461946 0.000999059
       15953       -0.52   -0.461949 0.000999003
       15954       -0.52   -0.461953 0.000998947
       15955       -0.52   -0.461957 0.000998891
       15956        -0.6   -0.461965 0.000998866
       15957       -0.36   -0.461959 0.000998824
       15958       -0.36   -0.461953 0.000998782
       15959       -0.36   -0.461946 0.000998739
       15960        -0.2    -0.46193 0.000998812
       15961       -0.44   -0.461928  0.00099875
       15962       -0.36   -0.461922 0.000998708
       15963       -0.44   -0.461921 0.000998646
       15964       -0.44   -0.461919 0.000998585
       15965       -0.68   -0.461933 0.000998616
       15966        -0.6   -0.461942  0.00099859
       15967       -0.44    -0.46194 0.000998529
       15968       -0.68   -0.461954  0.00099856
       15969        -0.6   -0.461963 0.000998535
       15970       -0.52   -0.461966 0.000998479
       15971       -0.76   -0.461985  0.00099859
       15972       -0.52   -0.461988 0.000998535
       15973        -0.6   -0.461997 0.000998509
       15974       -0.28   -0.461986 0.000998512
       15975       -0.44   -0.461984  0.00099845
       15976       -0.36   -0.461978 0.000998408
       15977       -0.28   -0.461967 0.000998411
       15978       -0.12   -0.461945 0.000998578
       15979       -0.28   -0.461934  0.00099858
       15980       -0.36   -0.461927 0.000998538
       15981       -0.44   -0.461926 0.000998476
       15982       -0.36    -0.46192 0.000998434
       15983       -0.44   -0.461918 0.000998373
       15984       -0.52   -0.461922 0.000998317
       15985       -0.52   -0.461926 0.000998261
       15986       -0.76   -0.461944 0.000998373
       15987        -0.6   -0.461953 0.000998348
       15988       -0.44   -0.461951 0.000998286
       15989       -0.68   -0.461965 0.000998317
       15990        -0.6   -0.461974 0.000998292
       15991       -0.44   -0.461972  0.00099823
       15992       -0.44   -0.461971 0.000998169
       15993       -0.52   -0.461975 0.000998113
       15994        -0.6   -0.461983 0.000998088
       15995       -0.68   -0.461997 0.000998119
       15996       -0.52   -0.462001 0.000998063
       15997       -0.44   -0.461999 0.000998001
       15998       -0.44   -0.461998  0.00099794
       15999       -0.44   -0.461996 0.000997878
       16000        -0.2    -0.46198  0.00099795
       16001       -0.44   -0.461979 0.000997889
       16002       -0.36   -0.461972 0.000997847
       16003       -0.52   -0.461976 0.000997791
       16004        -0.6   -0.461985 0.000997766
       16005       -0.44   -0.461983 0.000997705
       16006        -0.6   -0.461992  0.00099768
       16007        -0.6      -0.462 0.000997655
       16008       -0.52   -0.462004 0.000997599
       16009       -0.44   -0.462003 0.000997537
       16010       -0.44   -0.462001 0.000997476
       16011       -0.52   -0.462005  0.00099742
       16012        -0.2   -0.461989 0.000997492
       16013        -0.2   -0.461972 0.000997564
       16014       -0.44   -0.461971 0.000997503
       16015       -0.52   -0.461974 0.000997447
       16016       -0.44   -0.461973 0.000997386
       16017        -0.2   -0.461957 0.000997458
       16018       -0.52    -0.46196 0.000997402
       16019       -0.52   -0.461964 0.000997346
       16020        -0.6   -0.461973 0.000997321
       16021       -0.44   -0.461971  0.00099726
       16022       -0.44    -0.46197 0.000997199
       16023       -0.44   -0.461968 0.000997137
       16024       -0.52   -0.461972 0.000997082
       16025        -0.6   -0.461981 0.000997057
       16026       -0.44   -0.461979 0.000996995
       16027       -0.36   -0.461973 0.000996953
       16028        -0.2   -0.461957 0.000997025
       16029       -0.44   -0.461955 0.000996964
       16030       -0.52   -0.461959 0.000996908
       16031        -0.6   -0.461967 0.000996883
       16032       -0.52   -0.461971 0.000996828
       16033       -0.52   -0.461975 0.000996772
       16034       -0.36   -0.461968  0.00099673
       16035       -0.44   -0.461967 0.000996669
       16036       -0.44   -0.461966 0.000996608
       16037       -0.52   -0.461969 0.000996552
       16038       -0.52   -0.461973 0.000996497
       16039        -0.6   -0.461981 0.000996472
       16040       -0.52   -0.461985 0.000996416
       16041       -0.36   -0.461979 0.000996374
       16042        -0.2   -0.461962 0.000996446
       16043       -0.52   -0.461966 0.000996391
       16044       -0.44   -0.461965 0.000996329
       16045       -0.44   -0.461963 0.000996268
       16046       -0.44   -0.461962 0.000996207
       16047       -0.68   -0.461975 0.000996238
       16048        -0.6   -0.461984 0.000996213
       16049       -0.36   -0.461978 0.000996171
       16050       -0.28   -0.461966 0.000996173
       16051       -0.28   -0.461955 0.000996176
       16052       -0.36   -0.461949 0.000996134
       16053        -0.6   -0.461957 0.000996109
       16054       -0.52   -0.461961 0.000996054
       16055       -0.36   -0.461955 0.000996012
       16056       -0.44   -0.461953 0.000995951
       16057       -0.28   -0.461942 0.000995953
       16058       -0.44    -0.46194 0.000995892
       16059       -0.52   -0.461944 0.000995837
       16060       -0.12   -0.461923 0.000996002
       16061       -0.52   -0.461926 0.000995947
       16062        -0.6   -0.461935 0.000995922
       16063        -0.6   -0.461944 0.000995897
       16064       -0.44   -0.461942 0.000995836
       16065       -0.28   -0.461931 0.000995838
       16066       -0.36   -0.461925 0.000995796
       16067       -0.28   -0.461913 0.000995799
       16068       -0.36   -0.461907 0.000995757
       16069       -0.44   -0.461906 0.000995696
       16070       -0.52   -0.461909 0.000995641
       16071        -0.6   -0.461918 0.000995616
       16072       -0.52   -0.461921  0.00099556
       16073       -0.52   -0.461925 0.000995505
       16074        -0.6   -0.461934  0.00099548
       16075       -0.44   -0.461932 0.000995419
       16076       -0.28   -0.461921 0.000995422
       16077       -0.12     -0.4619 0.000995587
       16078       -0.36   -0.461893 0.000995545
       16079       -0.12   -0.461872  0.00099571
       16080       -0.52   -0.461876 0.000995655
       16081       -0.28   -0.461864 0.000995657
       16082       -0.52   -0.461868 0.000995602
       16083       -0.68   -0.461881 0.000995632
       16084       -0.52   -0.461885 0.000995577
       16085       -0.44   -0.461884 0.000995516
       16086        -0.6   -0.461892 0.000995491
       16087       -0.44   -0.461891  0.00099543
       16088       -0.36   -0.461885 0.000995388
       16089        -0.6   -0.461893 0.000995364
       16090        -0.6   -0.461902 0.000995339
       16091       -0.52   -0.461905 0.000995283
       16092       -0.52   -0.461909 0.000995228
       16093       -0.36   -0.461903 0.000995186
       16094        -0.6   -0.461911 0.000995162
       16095       -0.68   -0.461925 0.000995192
       16096       -0.52   -0.461928 0.000995137
       16097       -0.36   -0.461922 0.000995095
       16098       -0.36   -0.461916 0.000995053
       16099       -0.36   -0.461909 0.000995012
       16100       -0.52   -0.461913 0.000994956
       16101       -0.44   -0.461912 0.000994896
       16102       -0.36   -0.461905 0.000994854
       16103       -0.28   -0.461894 0.000994856
       16104       -0.52   -0.461898 0.000994801
       16105       -0.52   -0.461901 0.000994746
       16106       -0.68   -0.461915 0.000994776
       16107       -0.52   -0.461918 0.000994721
       16108       -0.52   -0.461922 0.000994666
       16109       -0.52   -0.461926  0.00099461
       16110       -0.52   -0.461929 0.000994555
       16111       -0.44   -0.461928 0.000994494
       16112        -0.6   -0.461936  0.00099447
       16113       -0.44   -0.461935 0.000994409
       16114       -0.52   -0.461939 0.000994354
       16115       -0.52   -0.461942 0.000994299
       16116       -0.52   -0.461946 0.000994243
       16117        -0.6   -0.461954 0.000994219
       16118       -0.44   -0.461953 0.000994158
       16119       -0.28   -0.461942  0.00099416
       16120       -0.36   -0.461935 0.000994119
       16121       -0.28   -0.461924 0.000994121
       16122       -0.52   -0.461928 0.000994066
       16123       -0.52   -0.461931 0.000994011
       16124       -0.44    -0.46193  0.00099395
       16125       -0.44   -0.461929 0.000993889
       16126       -0.36   -0.461922 0.000993848
       16127       -0.36   -0.461916 0.000993806
       16128       -0.52    -0.46192 0.000993751
       16129       -0.52   -0.461923 0.000993696
       16130       -0.36   -0.461917 0.000993655
       16131       -0.36   -0.461911 0.000993613
       16132       -0.44   -0.461909 0.000993552
       16133       -0.44   -0.461908 0.000993492
       16134       -0.52   -0.461911 0.000993437
       16135       -0.52   -0.461915 0.000993382
       16136        -0.6   -0.461924 0.000993357
       16137       -0.76   -0.461942 0.000993467
       16138       -0.44   -0.461941 0.000993407
       16139       -0.44   -0.461939 0.000993346
       16140        -0.6   -0.461948 0.000993321
       16141       -0.44   -0.461947 0.000993261
       16142       -0.44   -0.461945   0.0009932
       16143        -0.6   -0.461954 0.000993175
       16144       -0.36   -0.461947 0.000993134
       16145       -0.44   -0.461946 0.000993073
       16146       -0.44   -0.461945 0.000993013
       16147       -0.76   -0.461963 0.000993123
       16148       -0.52   -0.461967 0.000993068
       16149       -0.36    -0.46196 0.000993026
       16150       -0.52   -0.461964 0.000992971
       16151       -0.36   -0.461958  0.00099293
       16152       -0.52   -0.461961 0.000992875
       16153        -0.6    -0.46197  0.00099285
       16154       -0.68   -0.461983 0.000992881
       16155       -0.68   -0.461997 0.000992911
       16156       -0.68    -0.46201 0.000992941
       16157       -0.68   -0.462024 0.000992971
       16158       -0.68   -0.462037 0.000993001
       16159       -0.52   -0.462041 0.000992946
       16160       -0.52   -0.462045 0.000992891
       16161       -0.68   -0.462058 0.000992922
       16162       -0.28   -0.462047 0.000992924
       16163       -0.36    -0.46204 0.000992883
       16164       -0.36   -0.462034 0.000992841
       16165       -0.44   -0.462033 0.000992781
       16166       -0.36   -0.462026 0.000992739
       16167        -0.6   -0.462035 0.000992715
       16168       -0.52   -0.462039  0.00099266
       16169       -0.68   -0.462052  0.00099269
       16170       -0.36   -0.462046 0.000992649
       16171       -0.52   -0.462049 0.000992594
       16172       -0.44   -0.462048 0.000992533
       16173       -0.36   -0.462042 0.000992492
       16174       -0.36   -0.462035 0.000992451
       16175       -0.52   -0.462039 0.000992396
       16176       -0.44   -0.462038 0.000992335
       16177       -0.52   -0.462041  0.00099228
       16178       -0.52   -0.462045 0.000992226
       16179        -0.6   -0.462053 0.000992201
       16180       -0.52   -0.462057 0.000992146
       16181       -0.36   -0.462051 0.000992105
       16182       -0.52   -0.462054  0.00099205
       16183       -0.44   -0.462053  0.00099199
       16184       -0.44   -0.462051 0.000991929
       16185        -0.6    -0.46206 0.000991905
       16186       -0.52   -0.462064  0.00099185
       16187        -0.6   -0.462072 0.000991825
       16188       -0.36   -0.462066 0.000991784
       16189       -0.36   -0.462059 0.000991743
       16190       -0.28   -0.462048 0.000991745
       16191       -0.52   -0.462052  0.00099169
       16192       -0.36   -0.462045 0.000991649
       16193       -0.36   -0.462039 0.000991608
       16194       -0.28   -0.462028  0.00099161
       16195       -0.44   -0.462027  0.00099155
       16196       -0.44   -0.462025  0.00099149
       16197       -0.52   -0.462029 0.000991435
       16198       -0.36   -0.462022 0.000991394
       16199       -0.52   -0.462026 0.000991339
       16200       -0.52    -0.46203 0.000991284
       16201       -0.68   -0.462043 0.000991314
       16202       -0.68   -0.462057 0.000991345
       16203       -0.68    -0.46207 0.000991375
       16204        -0.6   -0.462078  0.00099135
       16205       -0.36   -0.462072 0.000991309
       16206       -0.44   -0.462071 0.000991249
       16207       -0.36   -0.462065 0.000991207
       16208       -0.44   -0.462063 0.000991147
       16209       -0.36   -0.462057 0.000991106
       16210       -0.36   -0.462051 0.000991065
       16211       -0.52   -0.462054  0.00099101
       16212       -0.36   -0.462048 0.000990969
       16213       -0.44   -0.462047 0.000990909
       16214       -0.52    -0.46205 0.000990854
       16215       -0.44   -0.462049 0.000990794
       16216       -0.36   -0.462042 0.000990753
       16217       -0.36   -0.462036 0.000990712
       16218       -0.28   -0.462025 0.000990714
       16219       -0.36   -0.462019 0.000990673
       16220        -0.2   -0.462002 0.000990744
       16221       -0.44   -0.462001 0.000990684
       16222       -0.52   -0.462005 0.000990629
       16223       -0.36   -0.461998 0.000990588
       16224       -0.52   -0.462002 0.000990533
       16225       -0.44   -0.462001 0.000990473
       16226       -0.52   -0.462004 0.000990419
       16227       -0.52   -0.462008 0.000990364
       16228       -0.28   -0.461997 0.000990367
       16229       -0.44   -0.461995 0.000990306
       16230        -0.2   -0.461979 0.000990377
       16231       -0.04   -0.461953 0.000990657
       16232       -0.28   -0.461942  0.00099066
       16233       -0.44    -0.46194 0.000990599
       16234       -0.28   -0.461929 0.000990602
       16235       -0.52   -0.461933 0.000990547
       16236       -0.52   -0.461936 0.000990493
       16237        -0.6   -0.461945 0.000990468
       16238       -0.68   -0.461958 0.000990498
       16239        -0.6   -0.461967 0.000990474
       16240        -0.6   -0.461975 0.000990449
       16241        -0.6   -0.461984 0.000990425
       16242       -0.36   -0.461978 0.000990384
       16243       -0.52   -0.461981 0.000990329
       16244       -0.36   -0.461975 0.000990288
       16245       -0.36   -0.461969 0.000990247
       16246        -0.2   -0.461952 0.000990317
       16247       -0.44   -0.461951 0.000990257
       16248       -0.44    -0.46195 0.000990197
       16249       -0.36   -0.461944 0.000990156
       16250        -0.6   -0.461952 0.000990132
       16251       -0.36   -0.461946 0.000990091
       16252        -0.6   -0.461954 0.000990066
       16253       -0.52   -0.461958 0.000990012
       16254       -0.52   -0.461961 0.000989957
       16255       -0.36   -0.461955 0.000989916
       16256       -0.28   -0.461944 0.000989919
       16257       -0.36   -0.461938 0.000989877
       16258       -0.44   -0.461936 0.000989818
       16259       -0.44   -0.461935 0.000989758
       16260       -0.52   -0.461938 0.000989703
       16261       -0.68   -0.461952 0.000989733
       16262       -0.52   -0.461955 0.000989679
       16263       -0.28   -0.461944 0.000989681
       16264       -0.12   -0.461923 0.000989844
       16265       -0.28   -0.461912 0.000989846
       16266       -0.76    -0.46193 0.000989955
       16267       -0.76   -0.461949 0.000990063
       16268       -0.68   -0.461962 0.000990093
       16269       -0.44   -0.461961 0.000990033
       16270       -0.52   -0.461964 0.000989979
       16271        -0.6   -0.461973 0.000989954
       16272       -0.76   -0.461991 0.000990063
       16273        -0.6      -0.462 0.000990038
       16274       -0.52   -0.462003 0.000989984
       16275        -0.6   -0.462012 0.000989959
       16276       -0.44    -0.46201   0.0009899
       16277       -0.68   -0.462024 0.000989929
       16278       -0.52   -0.462027 0.000989875
       16279       -0.52   -0.462031 0.000989821
       16280       -0.44   -0.462029 0.000989761
       16281       -0.44   -0.462028 0.000989701
       16282       -0.52   -0.462032 0.000989646
       16283        -0.6    -0.46204 0.000989622
       16284       -0.44   -0.462039 0.000989562
       16285        -0.2   -0.462023 0.000989632
       16286       -0.36   -0.462016 0.000989591
       16287       -0.36    -0.46201  0.00098955
       16288       -0.36   -0.462004 0.000989509
       16289       -0.44   -0.462003 0.000989449
       16290       -0.44   -0.462001  0.00098939
       16291       -0.52   -0.462005 0.000989335
       16292       -0.52   -0.462008 0.000989281
       16293       -0.44   -0.462007 0.000989221
       16294       -0.36   -0.462001  0.00098918
       16295       -0.36   -0.461994 0.000989139
       16296        -0.6   -0.462003 0.000989115
       16297        -0.6   -0.462011 0.000989091
       16298       -0.44    -0.46201 0.000989031
       16299       -0.68   -0.462023  0.00098906
       16300       -0.68   -0.462037  0.00098909
       16301        -0.6   -0.462045 0.000989066
       16302       -0.44   -0.462044 0.000989006
       16303       -0.44   -0.462043 0.000988946
       16304       -0.52   -0.462046 0.000988892
       16305       -0.28   -0.462035 0.000988894
       16306       -0.44   -0.462034 0.000988835
       16307       -0.68   -0.462047 0.000988864
       16308       -0.52   -0.462051  0.00098881
       16309       -0.52   -0.462054 0.000988756
       16310       -0.36   -0.462048 0.000988715
       16311       -0.36   -0.462042 0.000988674
       16312       -0.44    -0.46204 0.000988615
       16313       -0.36   -0.462034 0.000988574
       16314       -0.44   -0.462033 0.000988514
       16315        -0.6   -0.462041  0.00098849
       16316       -0.52   -0.462045 0.000988435
       16317       -0.52   -0.462048 0.000988381
       16318       -0.52   -0.462052 0.000988327
       16319        -0.6    -0.46206 0.000988303
       16320       -0.44   -0.462059 0.000988243
       16321       -0.28   -0.462048 0.000988245
       16322       -0.36   -0.462041 0.000988205
       16323        -0.2   -0.462025 0.000988274
       16324       -0.52   -0.462029  0.00098822
       16325        -0.6   -0.462037 0.000988196
       16326       -0.52   -0.462041 0.000988142
       16327       -0.44    -0.46204 0.000988082
       16328       -0.52   -0.462043 0.000988028
       16329       -0.52   -0.462047 0.000987974
       16330       -0.28   -0.462036 0.000987976
       16331       -0.36   -0.462029 0.000987936
       16332       -0.28   -0.462018 0.000987938
       16333       -0.36   -0.462012 0.000987897
       16334       -0.36   -0.462006 0.000987856
       16335       -0.44   -0.462004 0.000987797
       16336       -0.52   -0.462008 0.000987743
       16337       -0.68   -0.462021 0.000987772
       16338       -0.28    -0.46201 0.000987775
       16339       -0.76   -0.462028 0.000987883
       16340       -0.44   -0.462027 0.000987823
       16341       -0.52    -0.46203 0.000987769
       16342       -0.52   -0.462034 0.000987715
       16343       -0.68   -0.462047 0.000987745
       16344       -0.36   -0.462041 0.000987704
       16345       -0.28    -0.46203 0.000987706
       16346       -0.44   -0.462029 0.000987647
       16347       -0.36   -0.462022 0.000987606
       16348       -0.52   -0.462026 0.000987552
       16349       -0.52   -0.462029 0.000987498
       16350       -0.52   -0.462033 0.000987444
       16351        -0.6   -0.462041  0.00098742
       16352       -0.52   -0.462045 0.000987366
       16353       -0.44   -0.462044 0.000987306
       16354        -0.6   -0.462052 0.000987282
       16355       -0.36   -0.462046 0.000987241
       16356        -0.6   -0.462054 0.000987217
       16357       -0.52   -0.462058 0.000987163
       16358       -0.52   -0.462061 0.000987109
       16359        -0.6    -0.46207 0.000987085
       16360       -0.68   -0.462083 0.000987114
       16361       -0.52   -0.462087  0.00098706
       16362       -0.52    -0.46209 0.000987006
       16363       -0.44   -0.462089 0.000986947
       16364       -0.44   -0.462088 0.000986887
       16365       -0.52   -0.462091 0.000986833
       16366        -0.6   -0.462099 0.000986809
       16367       -0.44   -0.462098  0.00098675
       16368       -0.36   -0.462092 0.000986709
       16369       -0.44   -0.462091  0.00098665
       16370       -0.52   -0.462094 0.000986596
       16371       -0.68   -0.462107 0.000986625
       16372        -0.6   -0.462116 0.000986601
       16373       -0.44   -0.462114 0.000986542
       16374       -0.44   -0.462113 0.000986482
       16375       -0.36   -0.462107 0.000986442
       16376        -0.2   -0.462091 0.000986511
       16377       -0.44    -0.46209 0.000986452
       16378       -0.44   -0.462088 0.000986393
       16379       -0.28   -0.462077 0.000986395
       16380       -0.36   -0.462071 0.000986355
       16381       -0.44   -0.462069 0.000986295
       16382       -0.44   -0.462068 0.000986236
       16383       -0.44   -0.462067 0.000986177
       16384       -0.52    -0.46207 0.000986123
       16385       -0.52   -0.462074 0.000986069
       16386       -0.52   -0.462077 0.000986015
       16387       -0.52   -0.462081 0.000985961
       16388       -0.52   -0.462084 0.000985908
       16389       -0.36   -0.462078 0.000985867
       16390       -0.44   -0.462077 0.000985808
       16391       -0.44   -0.462076 0.000985749
       16392        -0.2    -0.46206 0.000985818
       16393       -0.36   -0.462053 0.000985778
       16394       -0.28   -0.462042  0.00098578
       16395       -0.28   -0.462031 0.000985783
       16396       -0.44    -0.46203 0.000985723
       16397        -0.6   -0.462038 0.000985699
       16398       -0.36   -0.462032 0.000985659
       16399       -0.52   -0.462035 0.000985605
       16400       -0.44   -0.462034 0.000985546
       16401       -0.52   -0.462038 0.000985492
       16402       -0.28   -0.462027 0.000985494
       16403       -0.28   -0.462015 0.000985497
       16404       -0.28   -0.462004 0.000985499
       16405       -0.68   -0.462018 0.000985529
       16406        -0.6   -0.462026 0.000985504
       16407       -0.44   -0.462025 0.000985445
       16408        -0.6   -0.462033 0.000985421
       16409        -0.6   -0.462042 0.000985397
       16410       -0.68   -0.462055 0.000985426
       16411       -0.36   -0.462049 0.000985386
       16412       -0.52   -0.462052 0.000985332
       16413       -0.28   -0.462041 0.000985335
       16414       -0.36   -0.462035 0.000985294
       16415       -0.52   -0.462038 0.000985241
       16416       -0.44   -0.462037 0.000985181
       16417        -0.6   -0.462045 0.000985157
       16418       -0.44   -0.462044 0.000985098
       16419        -0.6   -0.462053 0.000985074
       16420       -0.52   -0.462056  0.00098502
       16421        -0.2    -0.46204  0.00098509
       16422       -0.36   -0.462034 0.000985049
       16423       -0.36   -0.462028 0.000985009
       16424        -0.2   -0.462012 0.000985078
       16425       -0.28   -0.462001  0.00098508
       16426       -0.44   -0.461999 0.000985021
       16427       -0.44   -0.461998 0.000984962
       16428       -0.44   -0.461997 0.000984903
       16429       -0.44   -0.461995 0.000984844
       16430       -0.36   -0.461989 0.000984804
       16431        -0.2   -0.461973 0.000984873
       16432       -0.36   -0.461967 0.000984833
       16433       -0.36   -0.461961 0.000984792
       16434       -0.52   -0.461964 0.000984739
       16435       -0.44   -0.461963  0.00098468
       16436       -0.28   -0.461952 0.000984682
       16437       -0.44    -0.46195 0.000984623
       16438       -0.44   -0.461949 0.000984564
       16439       -0.44   -0.461948 0.000984505
       16440       -0.44   -0.461946 0.000984446
       16441       -0.36    -0.46194 0.000984406
       16442       -0.44   -0.461939 0.000984347
       16443       -0.28   -0.461928 0.000984349
       16444       -0.36   -0.461922 0.000984309
       16445       -0.44    -0.46192  0.00098425
       16446       -0.36   -0.461914 0.000984209
       16447       -0.52   -0.461918 0.000984156
       16448       -0.44   -0.461916 0.000984097
       16449       -0.28   -0.461905 0.000984099
       16450       -0.52   -0.461909 0.000984046
       16451       -0.44   -0.461907 0.000983987
       16452        -0.6   -0.461916 0.000983963
       16453       -0.52   -0.461919 0.000983909
       16454       -0.52   -0.461923 0.000983856
       16455       -0.44   -0.461922 0.000983797
       16456       -0.36   -0.461915 0.000983757
       16457       -0.28   -0.461904 0.000983759
       16458       -0.28   -0.461893 0.000983761
       16459       -0.44   -0.461892 0.000983702
       16460       -0.52   -0.461896 0.000983649
       16461       -0.52   -0.461899 0.000983596
       16462       -0.44   -0.461898 0.000983537
       16463       -0.44   -0.461896 0.000983478
       16464       -0.52     -0.4619 0.000983425
       16465       -0.36   -0.461894 0.000983384
       16466        -0.6   -0.461902  0.00098336
       16467       -0.44   -0.461901 0.000983302
       16468       -0.36   -0.461895 0.000983261
       16469       -0.52   -0.461898 0.000983208
       16470       -0.44   -0.461897 0.000983149
       16471       -0.52     -0.4619 0.000983096
       16472        -0.6   -0.461909 0.000983072
       16473       -0.44   -0.461907 0.000983013
       16474        -0.6   -0.461916 0.000982989
       16475       -0.44   -0.461914  0.00098293
       16476       -0.44   -0.461913 0.000982872
       16477       -0.36   -0.461907 0.000982831
       16478       -0.36   -0.461901 0.000982791
       16479        -0.6   -0.461909 0.000982767
       16480       -0.52   -0.461913 0.000982714
       16481       -0.68   -0.461926 0.000982743
       16482       -0.76   -0.461944  0.00098285
       16483        -0.6   -0.461952 0.000982826
       16484       -0.52   -0.461956 0.000982773
       16485        -0.6   -0.461964 0.000982749
       16486        -0.6   -0.461973 0.000982725
       16487       -0.36   -0.461966 0.000982685
       16488       -0.44   -0.461965 0.000982626
       16489       -0.36   -0.461959 0.000982586
       16490       -0.28   -0.461948 0.000982588
       16491       -0.52   -0.461951 0.000982535
       16492       -0.52   -0.461955 0.000982482
       16493       -0.36   -0.461949 0.000982442
       16494        -0.6   -0.461957 0.000982418
       16495       -0.44   -0.461956 0.000982359
       16496       -0.28   -0.461945 0.000982362
       16497       -0.44   -0.461943 0.000982303
       16498       -0.44   -0.461942 0.000982244
       16499       -0.52   -0.461946 0.000982191
       16500       -0.44   -0.461944 0.000982132
       16501       -0.36   -0.461938 0.000982092
       16502        -0.6   -0.461946 0.000982068
       16503       -0.44   -0.461945  0.00098201
       16504       -0.28   -0.461934 0.000982012
       16505       -0.52   -0.461938 0.000981959
       16506        -0.6   -0.461946 0.000981935
       16507       -0.44   -0.461945 0.000981877
       16508       -0.44   -0.461943 0.000981818
       16509       -0.36   -0.461937 0.000981778
       16510       -0.52   -0.461941 0.000981725
       16511       -0.36   -0.461934 0.000981685
       16512       -0.36   -0.461928 0.000981645
       16513        -0.2   -0.461912 0.000981713
       16514       -0.68   -0.461926 0.000981743
       16515       -0.68   -0.461939 0.000981772
       16516       -0.52   -0.461942 0.000981719
       16517       -0.36   -0.461936 0.000981679
       16518       -0.52    -0.46194 0.000981626
       16519        -0.6   -0.461948 0.000981602
       16520        -0.6   -0.461956 0.000981578
       16521       -0.52    -0.46196 0.000981525
       16522        -0.6   -0.461968 0.000981501
       16523       -0.52   -0.461972 0.000981448
       16524        -0.6    -0.46198 0.000981424
       16525       -0.44   -0.461979 0.000981366
       16526       -0.52   -0.461982 0.000981313
       16527        -0.6   -0.461991 0.000981289
       16528       -0.44   -0.461989  0.00098123
       16529       -0.44   -0.461988 0.000981172
       16530       -0.36   -0.461982 0.000981132
       16531       -0.36   -0.461976 0.000981092
       16532        -0.2    -0.46196 0.000981161
       16533       -0.28   -0.461949 0.000981163
       16534       -0.36   -0.461943 0.000981123
       16535       -0.28   -0.461932 0.000981125
       16536       -0.28   -0.461921 0.000981128
       16537       -0.44   -0.461919 0.000981069
       16538       -0.28   -0.461908 0.000981072
       16539       -0.52   -0.461912 0.000981019
       16540       -0.52   -0.461915 0.000980966
       16541       -0.44   -0.461914 0.000980907
       16542       -0.36   -0.461908 0.000980867
       16543       -0.12   -0.461887 0.000981026
       16544       -0.52   -0.461891 0.000980973
       16545       -0.28    -0.46188 0.000980975
       16546        -0.6   -0.461888 0.000980951
       16547        -0.6   -0.461896 0.000980927
       16548       -0.36    -0.46189 0.000980887
       16549       -0.12    -0.46187 0.000981046
       16550       -0.44   -0.461868 0.000980987
       16551        -0.6   -0.461877 0.000980963
       16552       -0.28   -0.461866 0.000980966
       16553        -0.2    -0.46185 0.000981034
       16554       -0.52   -0.461853 0.000980981
       16555       -0.44   -0.461852 0.000980923
       16556       -0.44   -0.461851 0.000980864
       16557       -0.44   -0.461849 0.000980806
       16558       -0.52   -0.461853 0.000980753
       16559       -0.52   -0.461856   0.0009807
       16560       -0.44   -0.461855 0.000980642
       16561       -0.52   -0.461859 0.000980589
       16562       -0.36   -0.461852 0.000980549
       16563       -0.44   -0.461851 0.000980491
       16564       -0.52   -0.461855 0.000980438
       16565       -0.44   -0.461853 0.000980379
       16566       -0.44   -0.461852 0.000980321
       16567       -0.44   -0.461851 0.000980263
       16568        -0.6   -0.461859 0.000980239
       16569       -0.68   -0.461872 0.000980268
       16570       -0.52   -0.461876 0.000980215
       16571       -0.52   -0.461879 0.000980163
       16572       -0.44   -0.461878 0.000980104
       16573       -0.36   -0.461872 0.000980064
       16574       -0.44    -0.46187 0.000980006
       16575       -0.36   -0.461864 0.000979966
       16576       -0.44   -0.461863 0.000979908
       16577       -0.44   -0.461862  0.00097985
       16578        -0.6    -0.46187 0.000979826
       16579       -0.52   -0.461873 0.000979773
       16580        -0.6   -0.461882  0.00097975
       16581        -0.6    -0.46189 0.000979726
       16582       -0.44   -0.461889 0.000979668
       16583       -0.76   -0.461907 0.000979774
       16584       -0.68    -0.46192 0.000979803
       16585       -0.76   -0.461938 0.000979909
       16586       -0.68   -0.461951 0.000979938
       16587       -0.36   -0.461945 0.000979898
       16588       -0.44   -0.461944  0.00097984
       16589       -0.44   -0.461942 0.000979782
       16590       -0.68   -0.461955 0.000979811
       16591        -0.6   -0.461964 0.000979787
       16592       -0.52   -0.461967 0.000979734
       16593       -0.36   -0.461961 0.000979694
       16594       -0.36   -0.461955 0.000979655
       16595       -0.52   -0.461958 0.000979602
       16596        -0.6   -0.461967 0.000979578
       16597       -0.52    -0.46197 0.000979525
       16598       -0.52   -0.461974 0.000979473
       16599       -0.52   -0.461977  0.00097942
       16600       -0.44   -0.461976 0.000979362
       16601       -0.36    -0.46197 0.000979322
       16602       -0.28   -0.461959 0.000979324
       16603       -0.44   -0.461957 0.000979266
       16604       -0.44   -0.461956 0.000979208
       16605       -0.52    -0.46196 0.000979155
       16606       -0.52   -0.461963 0.000979103
       16607       -0.52   -0.461967  0.00097905
       16608       -0.44   -0.461965 0.000978992
       16609       -0.52   -0.461969 0.000978939
       16610       -0.36   -0.461963   0.0009789
       16611       -0.44   -0.461961 0.000978841
       16612       -0.36   -0.461955 0.000978802
       16613       -0.36   -0.461949 0.000978762
       16614       -0.36   -0.461943 0.000978722
       16615        -0.6   -0.461951 0.000978699
       16616       -0.44    -0.46195 0.000978641
       16617       -0.52   -0.461953 0.000978588
       16618       -0.76   -0.461971 0.000978694
       16619       -0.52   -0.461975 0.000978641
       16620       -0.28   -0.461964 0.000978643
       16621       -0.44   -0.461963 0.000978585
       16622       -0.36   -0.461956 0.000978546
       16623       -0.52    -0.46196 0.000978493
       16624       -0.68   -0.461973 0.000978522
       16625       -0.28   -0.461962 0.000978524
       16626       -0.52   -0.461966 0.000978472
       16627       -0.44   -0.461964 0.000978414
       16628       -0.44   -0.461963 0.000978356
       16629       -0.36   -0.461957 0.000978316
       16630       -0.52    -0.46196 0.000978264
       16631       -0.52   -0.461964 0.000978211
       16632       -0.68   -0.461977  0.00097824
       16633       -0.36   -0.461971   0.0009782
       16634       -0.44   -0.461969 0.000978143
       16635       -0.76   -0.461987 0.000978248
       16636       -0.76   -0.462005 0.000978353
       16637        -0.6   -0.462014 0.000978329
       16638        -0.6   -0.462022 0.000978306
       16639       -0.44   -0.462021 0.000978248
       16640       -0.52   -0.462024 0.000978195
       16641        -0.6   -0.462032 0.000978172
       16642       -0.68   -0.462045 0.000978201
       16643       -0.52   -0.462049 0.000978148
       16644       -0.44   -0.462048  0.00097809
       16645        -0.6   -0.462056 0.000978066
       16646       -0.36    -0.46205 0.000978027
       16647       -0.12   -0.462029 0.000978184
       16648       -0.12   -0.462009 0.000978341
       16649       -0.36   -0.462003 0.000978301
       16650       -0.36   -0.461996 0.000978262
       16651       -0.36    -0.46199 0.000978222
       16652       -0.52   -0.461994  0.00097817
       16653        -0.2   -0.461978 0.000978237
       16654       -0.28   -0.461967  0.00097824
       16655       -0.44   -0.461966 0.000978182
       16656       -0.44   -0.461964 0.000978124
       16657        -0.2   -0.461949 0.000978192
       16658       -0.36   -0.461943 0.000978152
       16659        -0.6   -0.461951 0.000978129
       16660        -0.6   -0.461959 0.000978105
       16661        -0.6   -0.461967 0.000978081
       16662       -0.44   -0.461966 0.000978023
       16663        -0.6   -0.461974    0.000978
       16664       -0.52   -0.461978 0.000977947
       16665        -0.6   -0.461986 0.000977924
       16666        -0.6   -0.461994   0.0009779
       16667       -0.52   -0.461998 0.000977848
       16668       -0.68   -0.462011 0.000977876
       16669        -0.6   -0.462019 0.000977853
       16670       -0.44   -0.462018 0.000977795
       16671       -0.44   -0.462017 0.000977737
       16672       -0.44   -0.462015  0.00097768
       16673       -0.52   -0.462019 0.000977627
       16674       -0.44   -0.462018 0.000977569
       16675       -0.44   -0.462016 0.000977512
       16676        -0.6   -0.462024 0.000977488
       16677       -0.52   -0.462028 0.000977436
       16678       -0.44   -0.462027 0.000977378
       16679        -0.6   -0.462035 0.000977354
       16680       -0.52   -0.462038 0.000977302
       16681       -0.76   -0.462056 0.000977407
       16682       -0.36    -0.46205 0.000977367
       16683       -0.36   -0.462044 0.000977328
       16684       -0.52   -0.462047 0.000977275
       16685       -0.44   -0.462046 0.000977218
       16686       -0.36    -0.46204 0.000977178
       16687       -0.36   -0.462034 0.000977139
       16688       -0.36   -0.462028 0.000977099
       16689       -0.52   -0.462031 0.000977047
       16690       -0.36   -0.462025 0.000977007
       16691       -0.28   -0.462014  0.00097701
       16692       -0.52   -0.462018 0.000976957
       16693       -0.44   -0.462016   0.0009769
       16694       -0.12   -0.461996 0.000977056
       16695       -0.44   -0.461995 0.000976998
       16696        -0.6   -0.462003 0.000976975
       16697        -0.6   -0.462011 0.000976951
       16698       -0.52   -0.462015 0.000976899
       16699       -0.44   -0.462013 0.000976841
       16700       -0.28   -0.462002 0.000976844
       16701       -0.44   -0.462001 0.000976786
       16702       -0.28    -0.46199 0.000976788
       16703       -0.28   -0.461979 0.000976791
       16704       -0.44   -0.461978 0.000976733
       16705       -0.52   -0.461981 0.000976681
       16706       -0.44    -0.46198 0.000976623
       16707        -0.6   -0.461988   0.0009766
       16708       -0.36   -0.461982  0.00097656
       16709       -0.36   -0.461976 0.000976521
       16710        -0.2   -0.461961 0.000976588
       16711        -0.2   -0.461945 0.000976656
       16712       -0.28   -0.461934 0.000976658
       16713       -0.28   -0.461923  0.00097666
       16714        -0.6   -0.461931 0.000976637
       16715        -0.6    -0.46194 0.000976613
       16716       -0.52   -0.461943 0.000976561
       16717       -0.44   -0.461942 0.000976503
       16718        -0.6    -0.46195  0.00097648
       16719       -0.28   -0.461939 0.000976482
       16720       -0.52   -0.461943  0.00097643
       16721       -0.52   -0.461946 0.000976378
       16722       -0.36    -0.46194 0.000976338
       16723       -0.44   -0.461939 0.000976281
       16724       -0.44   -0.461937 0.000976223
       16725       -0.52   -0.461941 0.000976171
       16726        -0.6   -0.461949 0.000976148
       16727       -0.52   -0.461953 0.000976096
       16728       -0.44   -0.461951 0.000976038
       16729       -0.44    -0.46195 0.000975981
       16730       -0.36   -0.461944 0.000975941
       16731       -0.68   -0.461957  0.00097597
       16732       -0.76   -0.461975 0.000976074
       16733       -0.76   -0.461992 0.000976178
       16734       -0.52   -0.461996 0.000976126
       16735        -0.6   -0.462004 0.000976103
       16736       -0.52   -0.462008  0.00097605
       16737       -0.36   -0.462002 0.000976011
       16738       -0.12   -0.461981 0.000976167
       16739       -0.52   -0.461985 0.000976115
       16740       -0.28   -0.461974 0.000976117
       16741       -0.44   -0.461972 0.000976059
       16742        -0.6   -0.461981 0.000976036
       16743       -0.44   -0.461979 0.000975978
       16744       -0.44   -0.461978 0.000975921
       16745       -0.52   -0.461981 0.000975869
       16746       -0.52   -0.461985 0.000975817
       16747        -0.6   -0.461993 0.000975793
       16748        -0.6   -0.462001  0.00097577
       16749       -0.52   -0.462005 0.000975718
       16750       -0.52   -0.462008 0.000975666
       16751       -0.52   -0.462012 0.000975614
       16752        -0.6    -0.46202  0.00097559
       16753        -0.6   -0.462028 0.000975567
       16754       -0.44   -0.462027 0.000975509
       16755       -0.52    -0.46203 0.000975457
       16756       -0.36   -0.462024 0.000975418
       16757       -0.52   -0.462028 0.000975366
       16758       -0.44   -0.462026 0.000975309
       16759       -0.52    -0.46203 0.000975257
       16760        -0.2   -0.462014 0.000975324
       16761       -0.44   -0.462013 0.000975266
       16762       -0.52   -0.462016 0.000975214
       16763       -0.44   -0.462015 0.000975157
       16764       -0.52   -0.462019 0.000975105
       16765       -0.36   -0.462013 0.000975066
       16766       -0.36   -0.462006 0.000975027
       16767       -0.36      -0.462 0.000974987
       16768       -0.44   -0.461999  0.00097493
       16769       -0.52   -0.462003 0.000974878
       16770        -0.6   -0.462011 0.000974855
       16771       -0.44   -0.462009 0.000974798
       16772       -0.44   -0.462008  0.00097474
       16773       -0.28   -0.461997 0.000974743
       16774       -0.68    -0.46201 0.000974771
       16775       -0.76   -0.462028 0.000974875
       16776       -0.68   -0.462041 0.000974903
       16777       -0.92   -0.462068 0.000975227
       16778       -0.68   -0.462081 0.000975256
       16779       -0.52   -0.462085 0.000975204
       16780       -0.52   -0.462088 0.000975152
       16781       -0.36   -0.462082 0.000975113
       16782       -0.52   -0.462086 0.000975061
       16783       -0.36   -0.462079 0.000975021
       16784       -0.44   -0.462078 0.000974964
       16785       -0.36   -0.462072 0.000974925
       16786       -0.52   -0.462076 0.000974873
       16787       -0.52   -0.462079 0.000974821
       16788        -0.2   -0.462063 0.000974888
       16789       -0.44   -0.462062 0.000974831
       16790       -0.52   -0.462066 0.000974779
       16791       -0.36   -0.462059  0.00097474
       16792       -0.28   -0.462049 0.000974742
       16793       -0.44   -0.462047 0.000974685
       16794       -0.36   -0.462041 0.000974646
       16795       -0.36   -0.462035 0.000974607
       16796       -0.36   -0.462029 0.000974568
       16797       -0.52   -0.462033 0.000974516
       16798       -0.36   -0.462026 0.000974477
       16799       -0.44   -0.462025  0.00097442
       16800       -0.44   -0.462024 0.000974362
       16801       -0.28   -0.462013 0.000974365
       16802       -0.28   -0.462002 0.000974367
       16803       -0.44   -0.462001  0.00097431
       16804       -0.04   -0.461976 0.000974575
       16805        -0.6   -0.461984 0.000974552
       16806        -0.6   -0.461992 0.000974529
       16807       -0.52   -0.461996 0.000974477
       16808       -0.44   -0.461994  0.00097442
       16809       -0.36   -0.461988 0.000974381
       16810       -0.44   -0.461987 0.000974323
       16811       -0.52    -0.46199 0.000974272
       16812        -0.6   -0.461999 0.000974248
       16813        -0.2   -0.461983 0.000974315
       16814       -0.36   -0.461977 0.000974276
       16815       -0.44   -0.461976 0.000974219
       16816       -0.44   -0.461974 0.000974162
       16817       -0.28   -0.461963 0.000974164
       16818        -0.6   -0.461972 0.000974141
       16819        -0.6    -0.46198 0.000974117
       16820        -0.2   -0.461964 0.000974184
       16821       -0.52   -0.461968 0.000974132
       16822       -0.68   -0.461981  0.00097416
       16823       -0.44   -0.461979 0.000974103
       16824       -0.36   -0.461973 0.000974064
       16825       -0.04   -0.461948 0.000974329
       16826       -0.28   -0.461937 0.000974331
       16827       -0.36   -0.461931 0.000974292
       16828       -0.12   -0.461911 0.000974446
       16829       -0.52   -0.461915 0.000974394
       16830       -0.44   -0.461913 0.000974337
       16831       -0.36   -0.461907 0.000974298
       16832       -0.36   -0.461901 0.000974259
       16833       -0.52   -0.461905 0.000974207
       16834       -0.52   -0.461908 0.000974156
       16835       -0.52   -0.461911 0.000974104
       16836       -0.44    -0.46191 0.000974047
       16837       -0.28   -0.461899 0.000974049
       16838       -0.36   -0.461893  0.00097401
       16839       -0.36   -0.461887 0.000973971
       16840        -0.2   -0.461872 0.000974037
       16841       -0.44    -0.46187  0.00097398
       16842       -0.36   -0.461864 0.000973941
       16843       -0.44   -0.461863 0.000973884
       16844       -0.52   -0.461867 0.000973833
       16845        -0.2   -0.461851 0.000973899
       16846       -0.28    -0.46184 0.000973901
       16847       -0.52   -0.461844 0.000973849
       16848       -0.52   -0.461847 0.000973797
       16849        -0.6   -0.461855 0.000973774
       16850       -0.52   -0.461859 0.000973722
       16851       -0.44   -0.461857 0.000973666
       16852       -0.52   -0.461861 0.000973614
       16853       -0.36   -0.461855 0.000973575
       16854       -0.12   -0.461835 0.000973728
       16855       -0.36   -0.461829 0.000973689
       16856       -0.28   -0.461818 0.000973691
       16857       -0.52   -0.461821  0.00097364
       16858       -0.52   -0.461825 0.000973588
       16859       -0.36   -0.461819 0.000973549
       16860       -0.52   -0.461822 0.000973497
       16861       -0.52   -0.461826 0.000973446
       16862       -0.36   -0.461819 0.000973407
       16863       -0.44   -0.461818  0.00097335
       16864        -0.6   -0.461826 0.000973327
       16865       -0.52    -0.46183 0.000973275
       16866       -0.36   -0.461824 0.000973236
       16867       -0.52   -0.461827 0.000973185
       16868       -0.44   -0.461826 0.000973128
       16869       -0.52   -0.461829 0.000973076
       16870       -0.44   -0.461828 0.000973019
       16871       -0.52   -0.461832 0.000972968
       16872       -0.36   -0.461826 0.000972929
       16873       -0.52   -0.461829 0.000972877
       16874       -0.36   -0.461823 0.000972838
       16875       -0.44   -0.461822 0.000972781
       16876       -0.36   -0.461816 0.000972743
       16877       -0.36    -0.46181 0.000972704
       16878       -0.36   -0.461804 0.000972665
       16879        -0.6   -0.461812 0.000972642
       16880       -0.44    -0.46181 0.000972585
       16881       -0.28     -0.4618 0.000972587
       16882       -0.52   -0.461803 0.000972535
       16883       -0.68   -0.461816 0.000972564
       16884       -0.52   -0.461819 0.000972512
       16885       -0.44   -0.461818 0.000972455
       16886       -0.36   -0.461812 0.000972416
       16887        -0.2   -0.461797 0.000972482
       16888       -0.28   -0.461786 0.000972484
       16889       -0.36    -0.46178 0.000972446
       16890       -0.36   -0.461774 0.000972407
       16891       -0.68   -0.461787 0.000972435
       16892        -0.6   -0.461795 0.000972412
       16893       -0.68   -0.461808  0.00097244
       16894       -0.68   -0.461821 0.000972468
       16895       -0.68   -0.461834 0.000972496
       16896       -0.44   -0.461832  0.00097244
       16897       -0.44   -0.461831 0.000972383
       16898       -0.36   -0.461825 0.000972344
       16899       -0.44   -0.461824 0.000972287
       16900       -0.28   -0.461813 0.000972289
       16901       -0.44   -0.461812 0.000972233
       16902        -0.2   -0.461796 0.000972299
       16903       -0.52     -0.4618 0.000972247
       16904       -0.36   -0.461794 0.000972208
       16905       -0.36   -0.461788 0.000972169
       16906       -0.44   -0.461786 0.000972113
       16907       -0.52    -0.46179 0.000972061
       16908       -0.52   -0.461793  0.00097201
       16909       -0.52   -0.461797 0.000971959
       16910       -0.68    -0.46181 0.000971987
       16911        -0.6   -0.461818 0.000971964
       16912        -0.2   -0.461802 0.000972029
       16913       -0.28   -0.461792 0.000972031
       16914       -0.36   -0.461786 0.000971993
       16915       -0.44   -0.461784 0.000971936
       16916        -0.2   -0.461769 0.000972002
       16917       -0.52   -0.461772  0.00097195
       16918       -0.52   -0.461776 0.000971899
       16919       -0.68   -0.461789 0.000971927
       16920       -0.44   -0.461787 0.000971871
       16921        -0.6   -0.461795 0.000971847
       16922       -0.28   -0.461785 0.000971849
       16923        -0.2   -0.461769 0.000971915
       16924       -0.36   -0.461763 0.000971876
       16925       -0.52   -0.461767 0.000971825
       16926        -0.6   -0.461775 0.000971802
       16927       -0.52   -0.461778  0.00097175
       16928       -0.36   -0.461772 0.000971712
       16929        -0.6    -0.46178 0.000971689
       16930       -0.76   -0.461798 0.000971791
       16931       -0.68   -0.461811 0.000971819
       16932       -0.44    -0.46181 0.000971762
       16933        -0.6   -0.461818 0.000971739
       16934       -0.36   -0.461812   0.0009717
       16935       -0.44    -0.46181 0.000971644
       16936       -0.44   -0.461809 0.000971587
       16937        -0.6   -0.461817 0.000971564
       16938       -0.44   -0.461816 0.000971508
       16939       -0.68   -0.461829 0.000971536
       16940        -0.2   -0.461813 0.000971601
       16941       -0.44   -0.461812 0.000971545
       16942       -0.44   -0.461811 0.000971488
       16943        -0.6   -0.461819 0.000971465
       16944        -0.6   -0.461827 0.000971442
       16945       -0.36   -0.461821 0.000971403
       16946       -0.44    -0.46182 0.000971347
       16947       -0.36   -0.461814 0.000971308
       16948       -0.36   -0.461808  0.00097127
       16949       -0.52   -0.461811 0.000971218
       16950       -0.68   -0.461824 0.000971246
       16951       -0.52   -0.461828 0.000971195
       16952       -0.36   -0.461822 0.000971156
       16953       -0.52   -0.461825 0.000971105
       16954       -0.52   -0.461828 0.000971054
       16955        -0.6   -0.461837 0.000971031
       16956       -0.44   -0.461835 0.000970974
       16957       -0.36   -0.461829 0.000970936
       16958       -0.28   -0.461819 0.000970938
       16959       -0.36   -0.461813 0.000970899
       16960       -0.44   -0.461811 0.000970843
       16961       -0.28   -0.461801 0.000970844
       16962        -0.2   -0.461785  0.00097091
       16963       -0.44   -0.461784 0.000970854
       16964       -0.52   -0.461787 0.000970802
       16965       -0.44   -0.461786 0.000970746
       16966       -0.52   -0.461789 0.000970695
       16967       -0.52   -0.461793 0.000970644
       16968        -0.6   -0.461801 0.000970621
       16969       -0.52   -0.461804  0.00097057
       16970       -0.12   -0.461784 0.000970721
       16971       -0.44   -0.461783 0.000970665
       16972       -0.52   -0.461786 0.000970614
       16973       -0.28   -0.461776 0.000970616
       16974       -0.28   -0.461765 0.000970618
       16975        -0.2    -0.46175 0.000970683
       16976       -0.44   -0.461748 0.000970627
       16977       -0.28   -0.461738 0.000970628
       16978       -0.36   -0.461732  0.00097059
       16979       -0.36   -0.461726 0.000970551
       16980       -0.52   -0.461729   0.0009705
       16981        -0.6   -0.461737 0.000970477
       16982       -0.44   -0.461736 0.000970421
       16983        -0.6   -0.461744 0.000970398
       16984       -0.44   -0.461743 0.000970341
       16985       -0.44   -0.461742 0.000970285
       16986       -0.28   -0.461731 0.000970287
       16987        -0.2   -0.461715 0.000970352
       16988        -0.6   -0.461724 0.000970329
       16989       -0.68   -0.461736 0.000970357
       16990       -0.44   -0.461735 0.000970301
       16991       -0.36   -0.461729 0.000970262
       16992       -0.44   -0.461728 0.000970206
       16993       -0.44   -0.461727  0.00097015
       16994       -0.36   -0.461721 0.000970111
       16995       -0.36   -0.461715 0.000970073
       16996       -0.36   -0.461709 0.000970034
       16997       -0.28   -0.461698 0.000970036
       16998       -0.36   -0.461692 0.000969997
       16999        -0.6     -0.4617 0.000969974
       17000       -0.44   -0.461699 0.000969918
       17001       -0.68   -0.461712 0.000969946
       17002       -0.52   -0.461715 0.000969895
       17003       -0.52   -0.461719 0.000969844
       17004       -0.52   -0.461722 0.000969793
       17005       -0.36   -0.461716 0.000969754
       17006       -0.36    -0.46171 0.000969716
       17007       -0.44   -0.461709  0.00096966
       17008       -0.52   -0.461712 0.000969609
       17009       -0.44   -0.461711 0.000969553
       17010       -0.52   -0.461714 0.000969502
       17011       -0.44   -0.461713 0.000969445
       17012       -0.44   -0.461712 0.000969389
       17013       -0.28   -0.461701 0.000969391
       17014       -0.28    -0.46169 0.000969393
       17015       -0.44   -0.461689 0.000969337
       17016       -0.52   -0.461693 0.000969286
       17017       -0.44   -0.461691  0.00096923
       17018        -0.2   -0.461676 0.000969295
       17019       -0.28   -0.461665 0.000969297
       17020       -0.52   -0.461669 0.000969246
       17021       -0.52   -0.461672 0.000969195
       17022       -0.36   -0.461666 0.000969156
       17023       -0.36    -0.46166 0.000969118
       17024        -0.6   -0.461668 0.000969095
       17025       -0.44   -0.461667 0.000969039
       17026       -0.44   -0.461666 0.000968983
       17027       -0.44   -0.461664 0.000968927
       17028        -0.6   -0.461673 0.000968904
       17029        -0.6   -0.461681 0.000968881
       17030       -0.28    -0.46167 0.000968883
       17031       -0.36   -0.461664 0.000968844
       17032        -0.6   -0.461672 0.000968822
       17033       -0.68   -0.461685 0.000968849
       17034       -0.36   -0.461679 0.000968811
       17035       -0.36   -0.461673 0.000968773
       17036       -0.44   -0.461672 0.000968716
       17037       -0.44    -0.46167  0.00096866
       17038       -0.28    -0.46166 0.000968662
       17039       -0.52   -0.461663 0.000968611
       17040       -0.52   -0.461667 0.000968561
       17041       -0.52    -0.46167  0.00096851
       17042       -0.44   -0.461669 0.000968454
       17043        -0.6   -0.461677 0.000968431
       17044        -0.6   -0.461685 0.000968408
       17045       -0.52   -0.461688 0.000968358
       17046        -0.6   -0.461697 0.000968335
       17047       -0.76   -0.461714 0.000968436
       17048       -0.76   -0.461732 0.000968537
       17049       -0.52   -0.461735 0.000968486
       17050       -0.36   -0.461729 0.000968448
       17051        -0.6   -0.461737 0.000968425
       17052       -0.52   -0.461741 0.000968374
       17053       -0.44   -0.461739 0.000968318
       17054       -0.36   -0.461733  0.00096828
       17055       -0.36   -0.461727 0.000968242
       17056       -0.28   -0.461717 0.000968244
       17057       -0.52    -0.46172 0.000968193
       17058       -0.52   -0.461724 0.000968142
       17059       -0.52   -0.461727 0.000968091
       17060       -0.52    -0.46173 0.000968041
       17061       -0.52   -0.461734  0.00096799
       17062        -0.6   -0.461742 0.000967967
       17063       -0.52   -0.461745 0.000967916
       17064       -0.44   -0.461744  0.00096786
       17065       -0.44   -0.461743 0.000967805
       17066       -0.36   -0.461737 0.000967766
       17067       -0.44   -0.461736  0.00096771
       17068       -0.28   -0.461725 0.000967712
       17069       -0.44   -0.461724 0.000967656
       17070       -0.36   -0.461718 0.000967618
       17071       -0.44   -0.461716 0.000967562
       17072       -0.28   -0.461706 0.000967564
       17073        -0.2    -0.46169 0.000967629
       17074       -0.36   -0.461684 0.000967591
       17075       -0.68   -0.461697 0.000967618
       17076        -0.6   -0.461705 0.000967596
       17077       -0.84   -0.461727 0.000967792
       17078       -0.52   -0.461731 0.000967742
       17079       -0.44    -0.46173 0.000967686
       17080        -0.6   -0.461738 0.000967663
       17081        -0.6   -0.461746  0.00096764
       17082       -0.52   -0.461749  0.00096759
       17083       -0.36   -0.461743 0.000967551
       17084        -0.2   -0.461728 0.000967616
       17085       -0.36   -0.461722 0.000967578
       17086       -0.36   -0.461716 0.000967539
       17087       -0.44   -0.461715 0.000967484
       17088       -0.52   -0.461718 0.000967433
       17089       -0.36   -0.461712 0.000967395
       17090       -0.44   -0.461711 0.000967339
       17091       -0.68   -0.461724 0.000967367
       17092       -0.44   -0.461722 0.000967311
       17093       -0.44   -0.461721 0.000967255
       17094       -0.44    -0.46172 0.000967199
       17095       -0.36   -0.461714 0.000967161
       17096       -0.52   -0.461717 0.000967111
       17097       -0.68    -0.46173 0.000967138
       17098       -0.44   -0.461729 0.000967083
       17099       -0.36   -0.461723 0.000967044
       17100        -0.6   -0.461731 0.000967022
       17101        -0.2   -0.461716 0.000967086
       17102       -0.36    -0.46171 0.000967048
       17103       -0.28   -0.461699  0.00096705
       17104       -0.44   -0.461698 0.000966994
       17105       -0.68   -0.461711 0.000967022
       17106        -0.6   -0.461719 0.000966999
       17107       -0.68   -0.461731 0.000967027
       17108       -0.36   -0.461726 0.000966988
       17109       -0.36    -0.46172  0.00096695
       17110       -0.36   -0.461714 0.000966912
       17111       -0.44   -0.461712 0.000966856
       17112       -0.44   -0.461711   0.0009668
       17113       -0.44    -0.46171 0.000966745
       17114       -0.44   -0.461709 0.000966689
       17115       -0.52   -0.461712 0.000966639
       17116        -0.6    -0.46172 0.000966616
       17117        -0.6   -0.461728 0.000966593
       17118       -0.28   -0.461717 0.000966595
       17119       -0.44   -0.461716 0.000966539
       17120       -0.36    -0.46171 0.000966501
       17121        -0.2   -0.461695 0.000966566
       17122       -0.36   -0.461689 0.000966527
       17123       -0.44   -0.461688 0.000966472
       17124       -0.52   -0.461691 0.000966421
       17125       -0.44    -0.46169 0.000966366
       17126        -0.6   -0.461698 0.000966343
       17127       -0.52   -0.461701 0.000966293
       17128       -0.36   -0.461695 0.000966255
       17129        -0.6   -0.461704 0.000966232
       17130        -0.6   -0.461712 0.000966209
       17131       -0.68   -0.461724 0.000966237
       17132        -0.6   -0.461732 0.000966214
       17133       -0.36   -0.461726 0.000966176
       17134        -0.6   -0.461735 0.000966153
       17135       -0.52   -0.461738 0.000966103
       17136        -0.6   -0.461746  0.00096608
       17137       -0.52   -0.461749  0.00096603
       17138       -0.36   -0.461743 0.000965992
       17139       -0.52   -0.461747 0.000965941
       17140       -0.44   -0.461746 0.000965886
       17141        -0.6   -0.461754 0.000965863
       17142       -0.44   -0.461752 0.000965808
       17143        -0.6    -0.46176 0.000965785
       17144        -0.6   -0.461769 0.000965762
       17145       -0.76   -0.461786 0.000965863
       17146       -0.52   -0.461789 0.000965812
       17147       -0.68   -0.461802  0.00096584
       17148        -0.6    -0.46181 0.000965817
       17149       -0.84   -0.461832 0.000966012
       17150        -0.6    -0.46184  0.00096599
       17151       -0.68   -0.461853 0.000966017
       17152       -0.52   -0.461856 0.000965967
       17153        -0.6   -0.461864 0.000965944
       17154        -0.6   -0.461872 0.000965921
       17155        -0.6   -0.461881 0.000965899
       17156       -0.44   -0.461879 0.000965843
       17157       -0.36   -0.461873 0.000965805
       17158       -0.44   -0.461872  0.00096575
       17159        -0.6    -0.46188 0.000965727
       17160       -0.52   -0.461883 0.000965676
       17161        -0.6   -0.461891 0.000965654
       17162       -0.52   -0.461895 0.000965603
       17163       -0.52   -0.461898 0.000965553
       17164        -0.6   -0.461906  0.00096553
       17165        -0.6   -0.461914 0.000965508
       17166       -0.44   -0.461913 0.000965452
       17167       -0.36   -0.461907 0.000965414
       17168       -0.44   -0.461906 0.000965359
       17169       -0.52   -0.461909 0.000965309
       17170       -0.52   -0.461913 0.000965258
       17171       -0.76    -0.46193 0.000965358
       17172        -0.6   -0.461938 0.000965335
       17173       -0.52   -0.461941 0.000965285
       17174        -0.6   -0.461949 0.000965262
       17175       -0.52   -0.461953 0.000965212
       17176        -0.6   -0.461961 0.000965189
       17177       -0.52   -0.461964 0.000965139
       17178       -0.52   -0.461968 0.000965089
       17179       -0.36   -0.461962 0.000965051
       17180       -0.36   -0.461956 0.000965013
       17181       -0.52   -0.461959 0.000964963
       17182       -0.36   -0.461953 0.000964925
       17183       -0.44   -0.461952 0.000964869
       17184       -0.52   -0.461955 0.000964819
       17185        -0.6   -0.461963 0.000964797
       17186       -0.44   -0.461962 0.000964741
       17187       -0.52   -0.461965 0.000964691
       17188       -0.28   -0.461955 0.000964693
       17189       -0.44   -0.461954 0.000964638
       17190       -0.28   -0.461943  0.00096464
       17191       -0.36   -0.461937 0.000964602
       17192       -0.36   -0.461931 0.000964564
       17193       -0.44    -0.46193 0.000964509
       17194       -0.44   -0.461929 0.000964453
       17195       -0.44   -0.461927 0.000964398
       17196        -0.6   -0.461935 0.000964376
       17197       -0.44   -0.461934  0.00096432
       17198       -0.28   -0.461923 0.000964322
       17199       -0.44   -0.461922 0.000964267
       17200       -0.52   -0.461926 0.000964217
       17201        -0.2    -0.46191 0.000964281
       17202       -0.28     -0.4619 0.000964283
       17203       -0.36   -0.461894 0.000964245
       17204       -0.44   -0.461893  0.00096419
       17205       -0.36   -0.461887 0.000964152
       17206       -0.44   -0.461885 0.000964097
       17207       -0.36   -0.461879 0.000964059
       17208       -0.52   -0.461883 0.000964009
       17209       -0.36   -0.461877 0.000963971
       17210        -0.6   -0.461885 0.000963948
       17211       -0.52   -0.461888 0.000963898
       17212       -0.76   -0.461906 0.000963998
       17213        -0.6   -0.461914 0.000963975
       17214       -0.52   -0.461917 0.000963925
       17215       -0.44   -0.461916  0.00096387
       17216       -0.68   -0.461928 0.000963897
       17217       -0.36   -0.461923  0.00096386
       17218       -0.52   -0.461926 0.000963809
       17219       -0.52   -0.461929 0.000963759
       17220       -0.36   -0.461923 0.000963722
       17221        -0.2   -0.461908 0.000963786
       17222        -0.2   -0.461893  0.00096385
       17223        -0.6   -0.461901 0.000963827
       17224       -0.52   -0.461904 0.000963777
       17225       -0.28   -0.461894 0.000963779
       17226       -0.36   -0.461888 0.000963741
       17227       -0.36   -0.461882 0.000963703
       17228       -0.52   -0.461885 0.000963653
       17229       -0.68   -0.461898  0.00096368
       17230       -0.44   -0.461897 0.000963625
       17231       -0.36   -0.461891 0.000963588
       17232       -0.52   -0.461894 0.000963538
       17233        -0.6   -0.461902 0.000963515
       17234       -0.52   -0.461906 0.000963465
       17235       -0.28   -0.461895 0.000963467
       17236       -0.36   -0.461889 0.000963429
       17237       -0.52   -0.461892 0.000963379
       17238       -0.44   -0.461891 0.000963324
       17239       -0.68   -0.461904 0.000963351
       17240       -0.28   -0.461893 0.000963353
       17241       -0.44   -0.461892 0.000963298
       17242       -0.28   -0.461881   0.0009633
       17243       -0.36   -0.461876 0.000963262
       17244       -0.36    -0.46187 0.000963225
       17245       -0.28   -0.461859 0.000963226
       17246       -0.36   -0.461853 0.000963189
       17247       -0.28   -0.461843 0.000963191
       17248       -0.28   -0.461832 0.000963192
       17249       -0.44   -0.461831 0.000963137
       17250       -0.28    -0.46182 0.000963139
       17251       -0.36   -0.461814 0.000963101
       17252       -0.44   -0.461813 0.000963046
       17253       -0.52   -0.461816 0.000962997
       17254        -0.6   -0.461825 0.000962974
       17255       -0.52   -0.461828 0.000962924
       17256       -0.52   -0.461831 0.000962874
       17257       -0.44    -0.46183 0.000962819
       17258       -0.52   -0.461833 0.000962769
       17259        -0.6   -0.461841 0.000962747
       17260       -0.52   -0.461845 0.000962697
       17261       -0.44   -0.461843 0.000962642
       17262       -0.28   -0.461833 0.000962644
       17263       -0.28   -0.461822 0.000962646
       17264       -0.36   -0.461816 0.000962608
       17265       -0.28   -0.461806  0.00096261
       17266       -0.44   -0.461805 0.000962555
       17267        -0.6   -0.461813 0.000962533
       17268       -0.36   -0.461807 0.000962495
       17269       -0.36   -0.461801 0.000962457
       17270       -0.36   -0.461795  0.00096242
       17271        -0.6   -0.461803 0.000962397
       17272       -0.76    -0.46182 0.000962496
       17273        -0.6   -0.461828 0.000962474
       17274       -0.52   -0.461832 0.000962424
       17275        -0.6    -0.46184 0.000962401
       17276       -0.52   -0.461843 0.000962352
       17277       -0.76    -0.46186 0.000962451
       17278        -0.6   -0.461868 0.000962428
       17279        -0.6   -0.461876 0.000962406
       17280       -0.36    -0.46187 0.000962368
       17281       -0.28    -0.46186  0.00096237
       17282       -0.36   -0.461854 0.000962332
       17283       -0.44   -0.461853 0.000962277
       17284       -0.44   -0.461851 0.000962223
       17285       -0.44    -0.46185 0.000962168
       17286       -0.52   -0.461854 0.000962118
       17287       -0.52   -0.461857 0.000962068
       17288       -0.52    -0.46186 0.000962018
       17289       -0.52   -0.461864 0.000961969
       17290        -0.6   -0.461872 0.000961946
       17291        -0.6    -0.46188 0.000961924
       17292        -0.6   -0.461888 0.000961901
       17293       -0.68     -0.4619 0.000961928
       17294        -0.6   -0.461908 0.000961906
       17295       -0.36   -0.461902 0.000961868
       17296       -0.44   -0.461901 0.000961813
       17297       -0.36   -0.461895 0.000961776
       17298       -0.44   -0.461894 0.000961721
       17299       -0.44   -0.461893 0.000961666
       17300        -0.6   -0.461901 0.000961644
       17301        -0.6   -0.461909 0.000961621
       17302       -0.68   -0.461921 0.000961648
       17303       -0.68   -0.461934 0.000961675
       17304       -0.52   -0.461937 0.000961626
       17305        -0.6   -0.461945 0.000961603
       17306        -0.6   -0.461953 0.000961581
       17307        -0.6   -0.461961 0.000961558
       17308       -0.36   -0.461955 0.000961521
       17309       -0.44   -0.461954 0.000961466
       17310       -0.28   -0.461943 0.000961468
       17311       -0.52   -0.461947 0.000961418
       17312       -0.68   -0.461959 0.000961445
       17313       -0.52   -0.461963 0.000961396
       17314       -0.36   -0.461957 0.000961358
       17315       -0.28   -0.461946  0.00096136
       17316       -0.44   -0.461945 0.000961305
       17317        -0.6   -0.461953 0.000961283
       17318       -0.36   -0.461947 0.000961245
       17319       -0.28   -0.461937 0.000961247
       17320       -0.44   -0.461935 0.000961193
       17321       -0.28   -0.461925 0.000961195
       17322       -0.52   -0.461928 0.000961145
       17323       -0.44   -0.461927  0.00096109
       17324       -0.52    -0.46193 0.000961041
       17325       -0.44   -0.461929 0.000960986
       17326       -0.52   -0.461932 0.000960936
       17327       -0.52   -0.461936 0.000960887
       17328        -0.2   -0.461921  0.00096095
       17329       -0.52   -0.461924 0.000960901
       17330        -0.6   -0.461932 0.000960878
       17331       -0.52   -0.461935 0.000960829
       17332       -0.44   -0.461934 0.000960774
       17333       -0.44   -0.461933 0.000960719
       17334       -0.44   -0.461931 0.000960665
       17335       -0.52   -0.461935 0.000960615
       17336       -0.44   -0.461934 0.000960561
       17337       -0.28   -0.461923 0.000960563
       17338       -0.76    -0.46194 0.000960661
       17339       -0.52   -0.461944 0.000960611
       17340       -0.28   -0.461933 0.000960613
       17341       -0.52   -0.461936 0.000960564
       17342        -0.2   -0.461921 0.000960627
       17343       -0.28   -0.461911 0.000960629
       17344       -0.36   -0.461905 0.000960592
       17345        -0.6   -0.461913 0.000960569
       17346       -0.36   -0.461907 0.000960532
       17347       -0.44   -0.461906 0.000960477
       17348       -0.52   -0.461909 0.000960428
       17349       -0.52   -0.461913 0.000960378
       17350       -0.44   -0.461911 0.000960324
       17351       -0.52   -0.461915 0.000960274
       17352       -0.36   -0.461909 0.000960237
       17353       -0.44   -0.461907 0.000960182
       17354       -0.44   -0.461906 0.000960128
       17355       -0.28   -0.461896  0.00096013
       17356       -0.52   -0.461899  0.00096008
       17357        -0.6   -0.461907 0.000960058
       17358       -0.44   -0.461906 0.000960003
       17359       -0.28   -0.461895 0.000960005
       17360       -0.52   -0.461899 0.000959956
       17361       -0.44   -0.461897 0.000959901
       17362       -0.52   -0.461901 0.000959852
       17363       -0.28    -0.46189 0.000959854
       17364        -0.2   -0.461875 0.000959917
       17365       -0.28   -0.461865 0.000959919
       17366       -0.52   -0.461868 0.000959869
       17367       -0.44   -0.461867 0.000959815
       17368       -0.52    -0.46187 0.000959765
       17369       -0.36   -0.461864 0.000959728
       17370        -0.6   -0.461872 0.000959706
       17371       -0.44   -0.461871 0.000959651
       17372       -0.44    -0.46187 0.000959597
       17373       -0.52   -0.461873 0.000959548
       17374       -0.36   -0.461867  0.00095951
       17375       -0.44   -0.461866 0.000959456
       17376       -0.36    -0.46186 0.000959419
       17377       -0.52   -0.461863 0.000959369
       17378       -0.36   -0.461858 0.000959332
       17379       -0.44   -0.461856 0.000959278
       17380        -0.2   -0.461841 0.000959341
       17381        -0.2   -0.461826 0.000959404
       17382       -0.52   -0.461829 0.000959354
       17383       -0.68   -0.461842 0.000959381
       17384       -0.52   -0.461845 0.000959332
       17385        -0.6   -0.461853  0.00095931
       17386       -0.44   -0.461852 0.000959255
       17387        -0.6    -0.46186 0.000959233
       17388        -0.6   -0.461868 0.000959211
       17389       -0.36   -0.461862 0.000959173
       17390       -0.28   -0.461852 0.000959175
       17391       -0.36   -0.461846 0.000959138
       17392       -0.36    -0.46184 0.000959101
       17393       -0.28   -0.461829 0.000959103
       17394       -0.44   -0.461828 0.000959048
       17395       -0.44   -0.461827 0.000958994
       17396       -0.52    -0.46183 0.000958945
       17397       -0.44   -0.461829  0.00095889
       17398       -0.44   -0.461828 0.000958836
       17399       -0.36   -0.461822 0.000958799
       17400        -0.6    -0.46183 0.000958777
       17401       -0.52   -0.461833 0.000958727
       17402        -0.6   -0.461841 0.000958705
       17403        -0.2   -0.461826 0.000958768
       17404       -0.52   -0.461829 0.000958719
       17405       -0.52   -0.461833  0.00095867
       17406        -0.6   -0.461841 0.000958647
       17407       -0.28    -0.46183 0.000958649
       17408       -0.36   -0.461824 0.000958612
       17409       -0.44   -0.461823 0.000958558
       17410       -0.36   -0.461817 0.000958521
       17411       -0.36   -0.461811 0.000958483
       17412       -0.52   -0.461815 0.000958434
       17413        -0.6   -0.461823 0.000958412
       17414       -0.52   -0.461826 0.000958363
       17415        -0.6   -0.461834 0.000958341
       17416       -0.36   -0.461828 0.000958303
       17417       -0.36   -0.461822 0.000958266
       17418       -0.44   -0.461821 0.000958212
       17419        -0.6   -0.461829  0.00095819
       17420       -0.52   -0.461832 0.000958141
       17421       -0.36   -0.461827 0.000958103
       17422        -0.6   -0.461834 0.000958081
       17423       -0.36   -0.461829 0.000958044
       17424       -0.44   -0.461827  0.00095799
       17425       -0.28   -0.461817 0.000957992
       17426       -0.52    -0.46182 0.000957943
       17427       -0.36   -0.461814 0.000957905
       17428        -0.6   -0.461822 0.000957883
       17429       -0.44   -0.461821 0.000957829
       17430       -0.36   -0.461815 0.000957792
       17431       -0.52   -0.461819 0.000957743
       17432        -0.2   -0.461804 0.000957806
       17433       -0.44   -0.461802 0.000957752
       17434       -0.52   -0.461806 0.000957702
       17435       -0.36     -0.4618 0.000957665
       17436        -0.6   -0.461808 0.000957643
       17437       -0.44   -0.461807 0.000957589
       17438        -0.6   -0.461814 0.000957567
       17439       -0.52   -0.461818 0.000957518
       17440       -0.68    -0.46183 0.000957545
       17441       -0.68   -0.461843 0.000957572
       17442       -0.68   -0.461855 0.000957598
       17443       -0.44   -0.461854 0.000957544
       17444       -0.52   -0.461857 0.000957495
       17445       -0.52   -0.461861 0.000957446
       17446       -0.44   -0.461859 0.000957392
       17447       -0.44   -0.461858 0.000957338
       17448       -0.52   -0.461862 0.000957289
       17449        -0.6   -0.461869 0.000957267
       17450        -0.6   -0.461877 0.000957245
       17451       -0.36   -0.461872 0.000957208
       17452       -0.44    -0.46187 0.000957154
       17453       -0.36   -0.461864 0.000957116
       17454       -0.44   -0.461863 0.000957062
       17455       -0.52   -0.461867 0.000957013
       17456       -0.52    -0.46187 0.000956964
       17457       -0.52   -0.461873 0.000956915
       17458       -0.36   -0.461867 0.000956878
       17459       -0.28   -0.461857  0.00095688
       17460       -0.36   -0.461851 0.000956843
       17461       -0.28   -0.461841 0.000956845
       17462       -0.28    -0.46183 0.000956847
       17463       -0.52   -0.461834 0.000956798
       17464       -0.52   -0.461837 0.000956749
       17465       -0.52    -0.46184   0.0009567
       17466       -0.36   -0.461834 0.000956663
       17467       -0.44   -0.461833 0.000956609
       17468       -0.52   -0.461837  0.00095656
       17469       -0.44   -0.461835 0.000956506
       17470       -0.52   -0.461839 0.000956457
       17471       -0.52   -0.461842 0.000956408
       17472       -0.36   -0.461836 0.000956371
       17473       -0.52   -0.461839 0.000956322
       17474       -0.44   -0.461838 0.000956268
       17475       -0.12   -0.461819 0.000956414
       17476       -0.12   -0.461799 0.000956559
       17477       -0.36   -0.461793 0.000956522
       17478       -0.36   -0.461787 0.000956485
       17479       -0.52   -0.461791 0.000956436
       17480       -0.52   -0.461794 0.000956387
       17481       -0.44   -0.461793 0.000956333
       17482       -0.44   -0.461792 0.000956279
       17483       -0.44    -0.46179 0.000956225
       17484       -0.36   -0.461784 0.000956189
       17485        -0.6   -0.461792 0.000956167
       17486       -0.52   -0.461796 0.000956118
       17487       -0.68   -0.461808 0.000956144
       17488       -0.36   -0.461802 0.000956107
       17489       -0.36   -0.461797  0.00095607
       17490       -0.52     -0.4618 0.000956022
       17491       -0.52   -0.461803 0.000955973
       17492       -0.44   -0.461802 0.000955919
       17493        -0.6    -0.46181 0.000955897
       17494       -0.44   -0.461809 0.000955843
       17495       -0.52   -0.461812 0.000955794
       17496       -0.44   -0.461811  0.00095574
       17497        -0.2   -0.461796 0.000955803
       17498        -0.2   -0.461781 0.000955865
       17499       -0.44    -0.46178 0.000955812
       17500       -0.68   -0.461792 0.000955838
       17501       -0.52   -0.461795 0.000955789
       17502       -0.36    -0.46179 0.000955753
       17503       -0.52   -0.461793 0.000955704
       17504       -0.36   -0.461787 0.000955667
       17505       -0.52    -0.46179 0.000955618
       17506       -0.52   -0.461794 0.000955569
       17507       -0.52   -0.461797  0.00095552
       17508       -0.36   -0.461791 0.000955483
       17509       -0.44    -0.46179  0.00095543
       17510       -0.44   -0.461789 0.000955376
       17511       -0.28   -0.461778 0.000955378
       17512       -0.44   -0.461777 0.000955324
       17513       -0.52    -0.46178 0.000955275
       17514       -0.52   -0.461784 0.000955227
       17515        -0.6   -0.461792 0.000955205
       17516       -0.36   -0.461786 0.000955168
       17517       -0.52   -0.461789 0.000955119
       17518       -0.68   -0.461802 0.000955146
       17519       -0.52   -0.461805 0.000955097
       17520       -0.52   -0.461808 0.000955048
       17521        -0.6   -0.461816 0.000955026
       17522       -0.52   -0.461819 0.000954978
       17523       -0.68   -0.461832 0.000955004
       17524       -0.44   -0.461831 0.000954951
       17525        -0.6   -0.461839 0.000954929
       17526       -0.36   -0.461833 0.000954892
       17527       -0.44   -0.461831 0.000954838
       17528       -0.52   -0.461835 0.000954789
       17529        -0.6   -0.461843 0.000954767
       17530        -0.6   -0.461851 0.000954746
       17531       -0.52   -0.461854 0.000954697
       17532        -0.6   -0.461862 0.000954675
       17533       -0.44    -0.46186 0.000954621
       17534        -0.6   -0.461868 0.000954599
       17535       -0.44   -0.461867 0.000954546
       17536       -0.52    -0.46187 0.000954497
       17537       -0.44   -0.461869 0.000954443
       17538       -0.36   -0.461863 0.000954407
       17539       -0.44   -0.461862 0.000954353
       17540       -0.44   -0.461861 0.000954299
       17541       -0.44    -0.46186 0.000954246
       17542       -0.36   -0.461854 0.000954209
       17543        -0.6   -0.461862 0.000954187
       17544       -0.68   -0.461874 0.000954214
       17545       -0.68   -0.461887  0.00095424
       17546       -0.52    -0.46189 0.000954192
       17547       -0.68   -0.461902 0.000954218
       17548        -0.6    -0.46191 0.000954196
       17549        -0.6   -0.461918 0.000954175
       17550       -0.68    -0.46193 0.000954201
       17551       -0.44   -0.461929 0.000954148
       17552        -0.6   -0.461937 0.000954126
       17553       -0.52    -0.46194 0.000954077
       17554       -0.52   -0.461944 0.000954028
       17555       -0.36   -0.461938 0.000953992
       17556       -0.36   -0.461932 0.000953955
       17557       -0.44   -0.461931 0.000953902
       17558        -0.2   -0.461916 0.000953964
       17559       -0.52   -0.461919 0.000953915
       17560       -0.44   -0.461918 0.000953862
       17561       -0.44   -0.461917 0.000953808
       17562       -0.44   -0.461915 0.000953755
       17563        -0.6   -0.461923 0.000953733
       17564       -0.44   -0.461922 0.000953679
       17565       -0.52   -0.461925 0.000953631
       17566        -0.6   -0.461933 0.000953609
       17567        -0.6   -0.461941 0.000953587
       17568       -0.36   -0.461935  0.00095355
       17569       -0.52   -0.461939 0.000953502
       17570       -0.28   -0.461928 0.000953504
       17571       -0.52   -0.461932 0.000953455
       17572       -0.44    -0.46193 0.000953402
       17573        -0.2   -0.461915 0.000953464
       17574        -0.2   -0.461901 0.000953526
       17575       -0.52   -0.461904 0.000953478
       17576       -0.44   -0.461903 0.000953424
       17577       -0.36   -0.461897 0.000953388
       17578        -0.6   -0.461905 0.000953366
       17579       -0.44   -0.461903 0.000953312
       17580       -0.68   -0.461916 0.000953339
       17581       -0.76   -0.461933 0.000953435
       17582       -0.68   -0.461945 0.000953462
       17583       -0.52   -0.461948 0.000953413
       17584       -0.28   -0.461938 0.000953415
       17585       -0.44   -0.461937 0.000953362
       17586        -0.2   -0.461922 0.000953424
       17587       -0.44   -0.461921 0.000953371
       17588       -0.28    -0.46191 0.000953373
       17589       -0.28     -0.4619 0.000953374
       17590       -0.36   -0.461894 0.000953338
       17591       -0.52   -0.461898 0.000953289
       17592       -0.44   -0.461896 0.000953236
       17593       -0.68   -0.461909 0.000953262
       17594       -0.44   -0.461907 0.000953209
       17595       -0.44   -0.461906 0.000953156
       17596        -0.6   -0.461914 0.000953134
       17597       -0.52   -0.461917 0.000953085
       17598       -0.44   -0.461916 0.000953032
       17599       -0.36    -0.46191 0.000952995
       17600       -0.44   -0.461909 0.000952942
       17601       -0.52   -0.461912 0.000952894
       17602        -0.2   -0.461898 0.000952956
       17603       -0.36   -0.461892 0.000952919
       17604        -0.6     -0.4619 0.000952897
       17605       -0.44   -0.461898 0.000952844
       17606       -0.52   -0.461902 0.000952796
       17607       -0.52   -0.461905 0.000952747
       17608       -0.44   -0.461904 0.000952694
       17609       -0.44   -0.461902 0.000952641
       17610        -0.2   -0.461888 0.000952703
       17611       -0.28   -0.461877 0.000952705
       17612       -0.36   -0.461871 0.000952668
       17613       -0.44    -0.46187 0.000952615
       17614       -0.36   -0.461864 0.000952578
       17615       -0.52   -0.461868  0.00095253
       17616       -0.36   -0.461862 0.000952493
       17617       -0.36   -0.461856 0.000952457
       17618       -0.52   -0.461859 0.000952408
       17619        -0.6   -0.461867 0.000952387
       17620       -0.68    -0.46188 0.000952413
       17621       -0.52   -0.461883 0.000952365
       17622        -0.6   -0.461891 0.000952343
       17623       -0.68   -0.461903 0.000952369
       17624        -0.6   -0.461911 0.000952347
       17625       -0.52   -0.461914 0.000952299
       17626        -0.6   -0.461922 0.000952277
       17627       -0.44   -0.461921 0.000952224
       17628       -0.28   -0.461911 0.000952226
       17629       -0.36   -0.461905  0.00095219
       17630       -0.44   -0.461904 0.000952136
       17631       -0.68   -0.461916 0.000952163
       17632       -0.76   -0.461933 0.000952259
       17633       -0.76    -0.46195 0.000952355
       17634       -0.52   -0.461953 0.000952307
       17635       -0.36   -0.461947  0.00095227
       17636       -0.44   -0.461946 0.000952217
       17637       -0.68   -0.461958 0.000952243
       17638       -0.28   -0.461948 0.000952245
       17639       -0.36   -0.461942 0.000952209
       17640       -0.52   -0.461946  0.00095216
       17641       -0.52   -0.461949 0.000952112
       17642       -0.44   -0.461948 0.000952059
       17643       -0.36   -0.461942 0.000952022
       17644       -0.28   -0.461932 0.000952024
       17645        -0.6   -0.461939 0.000952003
       17646       -0.36   -0.461934 0.000951966
       17647       -0.44   -0.461932 0.000951913
       17648       -0.52   -0.461936 0.000951865
       17649       -0.44   -0.461934 0.000951812
       17650       -0.68   -0.461947 0.000951838
       17651       -0.28   -0.461936  0.00095184
       17652       -0.52    -0.46194 0.000951791
       17653       -0.44   -0.461938 0.000951738
       17654       -0.52   -0.461942  0.00095169
       17655       -0.36   -0.461936 0.000951654
       17656       -0.36    -0.46193 0.000951617
       17657       -0.28    -0.46192 0.000951619
       17658       -0.52   -0.461923 0.000951571
       17659       -0.36   -0.461917 0.000951535
       17660        -0.6   -0.461925 0.000951513
       17661       -0.44   -0.461924  0.00095146
       17662        -0.6   -0.461932 0.000951438
       17663        -0.6    -0.46194 0.000951416
       17664       -0.68   -0.461952 0.000951443
       17665        -0.6    -0.46196 0.000951421
       17666       -0.68   -0.461972 0.000951447
       17667       -0.68   -0.461984 0.000951473
       17668       -0.52   -0.461988 0.000951425
       17669       -0.68      -0.462 0.000951451
       17670        -0.6   -0.462008 0.000951429
       17671       -0.52   -0.462011 0.000951381
       17672       -0.52   -0.462014 0.000951333
       17673       -0.36   -0.462009 0.000951297
       17674       -0.52   -0.462012 0.000951249
       17675       -0.28   -0.462002  0.00095125
       17676        -0.6    -0.46201 0.000951229
       17677       -0.52   -0.462013  0.00095118
       17678        -0.2   -0.461998 0.000951242
       17679       -0.44   -0.461997 0.000951189
       17680       -0.44   -0.461995 0.000951136
       17681        -0.6   -0.462003 0.000951114
       17682       -0.52   -0.462007 0.000951066
       17683        -0.6   -0.462014 0.000951044
       17684       -0.52   -0.462018 0.000950996
       17685       -0.36   -0.462012  0.00095096
       17686       -0.52   -0.462015 0.000950912
       17687       -0.68   -0.462027 0.000950938
       17688       -0.36   -0.462022 0.000950902
       17689       -0.52   -0.462025 0.000950854
       17690       -0.44   -0.462024 0.000950801
       17691       -0.44   -0.462022 0.000950748
       17692       -0.44   -0.462021 0.000950695
       17693       -0.36   -0.462015 0.000950659
       17694       -0.36    -0.46201 0.000950622
       17695       -0.52   -0.462013 0.000950574
       17696       -0.44   -0.462012 0.000950521
       17697       -0.28   -0.462001 0.000950523
       17698       -0.28   -0.461991 0.000950525
       17699       -0.68   -0.462004 0.000950551
       17700        -0.6   -0.462011  0.00095053
       17701       -0.28   -0.462001 0.000950532
       17702       -0.52   -0.462004 0.000950484
       17703       -0.44   -0.462003 0.000950431
       17704       -0.52   -0.462006 0.000950383
       17705       -0.28   -0.461996 0.000950385
       17706       -0.36    -0.46199 0.000950348
       17707       -0.28    -0.46198  0.00095035
       17708       -0.44   -0.461979 0.000950297
       17709       -0.12   -0.461959  0.00095044
       17710       -0.44   -0.461958 0.000950387
       17711        -0.6   -0.461966 0.000950365
       17712       -0.68   -0.461978 0.000950391
       17713       -0.52   -0.461982 0.000950343
       17714       -0.68   -0.461994 0.000950369
       17715        -0.6   -0.462002 0.000950348
       17716       -0.68   -0.462014 0.000950374
       17717       -0.52   -0.462017 0.000950326
       17718       -0.44   -0.462016 0.000950273
       17719       -0.44   -0.462015  0.00095022
       17720       -0.44   -0.462014 0.000950167
       17721       -0.44   -0.462012 0.000950114
       17722       -0.52   -0.462016 0.000950066
       17723       -0.44   -0.462014 0.000950014
       17724       -0.52   -0.462018 0.000949966
       17725       -0.28   -0.462007 0.000949968
       17726       -0.28   -0.461997  0.00094997
       17727       -0.36   -0.461991 0.000949933
       17728       -0.44    -0.46199 0.000949881
       17729       -0.44   -0.461989 0.000949828
       17730       -0.28   -0.461979  0.00094983
       17731       -0.52   -0.461982 0.000949782
       17732       -0.52   -0.461985 0.000949734
       17733       -0.36   -0.461979 0.000949698
       17734       -0.28   -0.461969   0.0009497
       17735       -0.28   -0.461959 0.000949701
       17736       -0.28   -0.461949 0.000949703
       17737        -0.6   -0.461956 0.000949682
       17738       -0.28   -0.461946 0.000949684
       17739       -0.44   -0.461945 0.000949631
       17740       -0.52   -0.461948 0.000949583
       17741       -0.36   -0.461942 0.000949547
       17742        -0.6    -0.46195 0.000949525
       17743       -0.44   -0.461949 0.000949472
       17744       -0.44   -0.461948  0.00094942
       17745       -0.76   -0.461964 0.000949515
       17746       -0.68   -0.461977 0.000949541
       17747       -0.76   -0.461994 0.000949636
       17748       -0.44   -0.461992 0.000949583
       17749       -0.36   -0.461987 0.000949547
       17750        -0.6   -0.461994 0.000949525
       17751       -0.52   -0.461998 0.000949477
       17752       -0.52   -0.462001  0.00094943
       17753       -0.44      -0.462 0.000949377
       17754       -0.52   -0.462003 0.000949329
       17755       -0.44   -0.462002 0.000949276
       17756       -0.36   -0.461996  0.00094924
       17757       -0.28   -0.461986 0.000949242
       17758        -0.2   -0.461971 0.000949303
       17759       -0.52   -0.461974 0.000949256
       17760       -0.52   -0.461977 0.000949208
       17761       -0.52   -0.461981  0.00094916
       17762       -0.36   -0.461975 0.000949124
       17763       -0.36   -0.461969 0.000949088
       17764       -0.52   -0.461973  0.00094904
       17765       -0.52   -0.461976 0.000948992
       17766       -0.44   -0.461975  0.00094894
       17767       -0.44   -0.461973 0.000948887
       17768       -0.36   -0.461968 0.000948851
       17769       -0.28   -0.461957 0.000948853
       17770        -0.2   -0.461943 0.000948914
       17771       -0.44   -0.461941 0.000948861
       17772        -0.6   -0.461949  0.00094884
       17773        -0.6   -0.461957 0.000948818
       17774        -0.6   -0.461965 0.000948796
       17775       -0.68   -0.461977 0.000948822
       17776        -0.6   -0.461985 0.000948801
       17777       -0.36   -0.461979 0.000948765
       17778        -0.2   -0.461964 0.000948826
       17779       -0.36   -0.461958  0.00094879
       17780        -0.2   -0.461944 0.000948851
       17781       -0.12   -0.461925 0.000948992
       17782       -0.44   -0.461923  0.00094894
       17783       -0.36   -0.461918 0.000948904
       17784       -0.52   -0.461921 0.000948856
       17785       -0.28   -0.461911 0.000948858
       17786       -0.28     -0.4619 0.000948859
       17787       -0.44   -0.461899 0.000948807
       17788       -0.52   -0.461902 0.000948759
       17789       -0.44   -0.461901 0.000948707
       17790        -0.6   -0.461909 0.000948685
       17791        -0.6   -0.461917 0.000948664
       17792       -0.68   -0.461929 0.000948689
       17793       -0.44   -0.461928 0.000948637
       17794       -0.52   -0.461931 0.000948589
       17795       -0.28   -0.461921 0.000948591
       17796       -0.52   -0.461924 0.000948543
       17797       -0.68   -0.461936 0.000948569
       17798       -0.68   -0.461949 0.000948595
       17799        -0.6   -0.461956 0.000948573
       17800       -0.44   -0.461955 0.000948521
       17801       -0.36   -0.461949 0.000948485
       17802       -0.52   -0.461953 0.000948437
       17803       -0.28   -0.461942 0.000948439
       17804       -0.44   -0.461941 0.000948387
       17805       -0.44    -0.46194 0.000948334
       17806       -0.52   -0.461943 0.000948286
       17807       -0.36   -0.461937  0.00094825
       17808        -0.6   -0.461945 0.000948229
       17809        -0.6   -0.461953 0.000948207
       17810       -0.44   -0.461952 0.000948155
       17811        -0.6   -0.461959 0.000948133
       17812       -0.44   -0.461958 0.000948081
       17813       -0.36   -0.461953 0.000948045
       17814       -0.28   -0.461942 0.000948047
       17815       -0.28   -0.461932 0.000948049
       17816       -0.36   -0.461926 0.000948013
       17817       -0.44   -0.461925  0.00094796
       17818       -0.52   -0.461928 0.000947913
       17819       -0.52   -0.461932 0.000947865
       17820       -0.52   -0.461935 0.000947817
       17821        -0.6   -0.461943 0.000947796
       17822       -0.68   -0.461955 0.000947822
       17823       -0.44   -0.461954 0.000947769
       17824        -0.6   -0.461961 0.000947748
       17825       -0.44    -0.46196 0.000947695
       17826       -0.52   -0.461963 0.000947648
       17827       -0.52   -0.461967   0.0009476
       17828       -0.68   -0.461979 0.000947626
       17829       -0.44   -0.461978 0.000947574
       17830       -0.44   -0.461976 0.000947521
       17831       -0.68   -0.461989 0.000947547
       17832       -0.44   -0.461987 0.000947495
       17833       -0.68      -0.462  0.00094752
       17834       -0.76   -0.462016 0.000947615
       17835       -0.52    -0.46202 0.000947567
       17836       -0.28   -0.462009 0.000947569
       17837       -0.36   -0.462004 0.000947533
       17838       -0.52   -0.462007 0.000947486
       17839       -0.36   -0.462001  0.00094745
       17840       -0.44      -0.462 0.000947397
       17841       -0.68   -0.462012 0.000947423
       17842        -0.6    -0.46202 0.000947402
       17843       -0.68   -0.462032 0.000947427
       17844       -0.36   -0.462026 0.000947391
       17845       -0.28   -0.462016 0.000947393
       17846       -0.44   -0.462015 0.000947341
       17847       -0.44   -0.462014 0.000947289
       17848       -0.12   -0.461995 0.000947429
       17849       -0.36   -0.461989 0.000947393
       17850       -0.36   -0.461983 0.000947358
       17851       -0.28   -0.461973 0.000947359
       17852       -0.52   -0.461976 0.000947312
       17853       -0.36   -0.461971 0.000947276
       17854        -0.2   -0.461956 0.000947337
       17855       -0.44   -0.461955 0.000947284
       17856       -0.28   -0.461944 0.000947286
       17857       -0.28   -0.461934 0.000947288
       17858       -0.44   -0.461933 0.000947236
       17859       -0.36   -0.461927   0.0009472
       17860       -0.44   -0.461926 0.000947148
       17861       -0.52   -0.461929   0.0009471
       17862        -0.6   -0.461937 0.000947079
       17863       -0.52    -0.46194 0.000947031
       17864       -0.52   -0.461944 0.000946984
       17865        -0.6   -0.461951 0.000946962
       17866       -0.68   -0.461964 0.000946988
       17867       -0.44   -0.461962 0.000946936
       17868        -0.6    -0.46197 0.000946914
       17869       -0.44   -0.461969 0.000946862
       17870        -0.6   -0.461976 0.000946841
       17871        -0.6   -0.461984 0.000946819
       17872       -0.44   -0.461983 0.000946767
       17873       -0.44   -0.461982 0.000946715
       17874       -0.36   -0.461976 0.000946679
       17875       -0.28   -0.461966 0.000946681
       17876       -0.28   -0.461956 0.000946683
       17877       -0.36    -0.46195 0.000946647
       17878        -0.6   -0.461958 0.000946625
       17879       -0.28   -0.461948 0.000946627
       17880        -0.6   -0.461955 0.000946606
       17881       -0.44   -0.461954 0.000946553
       17882       -0.52   -0.461957 0.000946506
       17883       -0.36   -0.461952  0.00094647
       17884       -0.44    -0.46195 0.000946418
       17885       -0.36   -0.461945 0.000946382
       17886       -0.36   -0.461939 0.000946347
       17887       -0.36   -0.461933 0.000946311
       17888        -0.2   -0.461919 0.000946371
       17889       -0.28   -0.461908 0.000946373
       17890       -0.44   -0.461907 0.000946321
       17891       -0.36   -0.461902 0.000946285
       17892       -0.36   -0.461896 0.000946249
       17893       -0.52   -0.461899 0.000946202
       17894       -0.52   -0.461902 0.000946155
       17895        -0.6    -0.46191 0.000946133
       17896       -0.44   -0.461909 0.000946081
       17897       -0.28   -0.461899 0.000946083
       17898        -0.2   -0.461884 0.000946143
       17899       -0.44   -0.461883 0.000946091
       17900       -0.52   -0.461886 0.000946044
       17901       -0.52   -0.461889 0.000945997
       17902        -0.6   -0.461897 0.000945975
       17903       -0.44   -0.461896 0.000945923
       17904       -0.44   -0.461895 0.000945871
       17905       -0.44   -0.461893 0.000945819
       17906       -0.36   -0.461888 0.000945784
       17907       -0.52   -0.461891 0.000945736
       17908       -0.52   -0.461894 0.000945689
       17909       -0.36   -0.461888 0.000945653
       17910       -0.44   -0.461887 0.000945601
       17911       -0.52    -0.46189 0.000945554
       17912       -0.52   -0.461894 0.000945507
       17913       -0.36   -0.461888 0.000945471
       17914       -0.44   -0.461887 0.000945419
       17915       -0.44   -0.461886 0.000945367
       17916       -0.52   -0.461889  0.00094532
       17917       -0.28   -0.461879 0.000945322
       17918       -0.52   -0.461882 0.000945275
       17919       -0.44   -0.461881 0.000945223
       17920        -0.6   -0.461888 0.000945201
       17921       -0.52   -0.461892 0.000945154
       17922       -0.44    -0.46189 0.000945102
       17923       -0.52   -0.461894 0.000945055
       17924       -0.52   -0.461897 0.000945008
       17925       -0.52     -0.4619 0.000944961
       17926       -0.44   -0.461899 0.000944909
       17927       -0.44   -0.461898 0.000944857
       17928        -0.2   -0.461883 0.000944917
       17929       -0.52   -0.461886  0.00094487
       17930       -0.44   -0.461885 0.000944818
       17931       -0.52   -0.461888 0.000944771
       17932        -0.6   -0.461896  0.00094475
       17933       -0.36    -0.46189 0.000944714
       17934       -0.36   -0.461885 0.000944678
       17935       -0.36   -0.461879 0.000944643
       17936       -0.52   -0.461882 0.000944596
       17937       -0.52   -0.461885 0.000944549
       17938       -0.52   -0.461889 0.000944501
       17939        -0.6   -0.461896  0.00094448
       17940       -0.52     -0.4619 0.000944433
       17941        -0.2   -0.461885 0.000944493
       17942       -0.36   -0.461879 0.000944458
       17943       -0.44   -0.461878 0.000944406
       17944       -0.68    -0.46189 0.000944431
       17945       -0.28    -0.46188 0.000944433
       17946       -0.44   -0.461879 0.000944381
       17947       -0.36   -0.461873 0.000944346
       17948       -0.36   -0.461868  0.00094431
       17949        -0.6   -0.461875 0.000944289
       17950       -0.68   -0.461887 0.000944315
       17951        -0.6   -0.461895 0.000944293
       17952       -0.44   -0.461894 0.000944242
       17953       -0.52   -0.461897 0.000944194
       17954       -0.28   -0.461887 0.000944196
       17955       -0.44   -0.461886 0.000944144
       17956       -0.36    -0.46188 0.000944109
       17957       -0.36   -0.461874 0.000944073
       17958        -0.2    -0.46186 0.000944133
       17959       -0.36   -0.461854 0.000944098
       17960       -0.36   -0.461849 0.000944062
       17961       -0.52   -0.461852 0.000944015
       17962       -0.68   -0.461864 0.000944041
       17963       -0.52   -0.461867 0.000943994
       17964        -0.6   -0.461875 0.000943973
       17965       -0.44   -0.461874 0.000943921
       17966       -0.36   -0.461868 0.000943885
       17967       -0.44   -0.461867 0.000943834
       17968       -0.36   -0.461861 0.000943798
       17969       -0.28   -0.461851   0.0009438
       17970        -0.2   -0.461836  0.00094386
       17971       -0.52    -0.46184 0.000943813
       17972       -0.44   -0.461838 0.000943761
       17973       -0.44   -0.461837 0.000943709
       17974       -0.52    -0.46184 0.000943662
       17975       -0.28    -0.46183 0.000943664
       17976       -0.44   -0.461829 0.000943612
       17977        -0.6   -0.461837 0.000943591
       17978        -0.6   -0.461844  0.00094357
       17979       -0.36   -0.461839 0.000943535
       17980       -0.52   -0.461842 0.000943488
       17981       -0.44   -0.461841 0.000943436
       17982        -0.2   -0.461826 0.000943496
       17983       -0.44   -0.461825 0.000943444
       17984        -0.6   -0.461833 0.000943423
       17985       -0.52   -0.461836 0.000943376
       17986        -0.6   -0.461844 0.000943355
       17987       -0.52   -0.461847 0.000943308
       17988       -0.68   -0.461859 0.000943334
       17989        -0.6   -0.461867 0.000943312
       17990       -0.68   -0.461879 0.000943338
       17991        -0.6   -0.461886 0.000943317
       17992       -0.52    -0.46189  0.00094327
       17993       -0.52   -0.461893 0.000943223
       17994       -0.44   -0.461892 0.000943171
       17995       -0.52   -0.461895 0.000943124
       17996       -0.28   -0.461885 0.000943126
       17997       -0.44   -0.461884 0.000943074
       17998       -0.44   -0.461882 0.000943023
       17999       -0.52   -0.461886 0.000942976
       18000       -0.44   -0.461884 0.000942924
       18001       -0.36   -0.461879 0.000942889
       18002       -0.52   -0.461882 0.000942842
       18003       -0.52   -0.461885 0.000942795
       18004       -0.44   -0.461884 0.000942744
       18005        -0.2   -0.461869 0.000942804
       18006       -0.28   -0.461859 0.000942805
       18007       -0.44   -0.461858 0.000942754
       18008       -0.36   -0.461853 0.000942718
       18009       -0.44   -0.461851 0.000942667
       18010       -0.44    -0.46185 0.000942615
       18011        -0.2   -0.461836 0.000942675
       18012       -0.36    -0.46183  0.00094264
       18013       -0.12   -0.461811 0.000942778
       18014       -0.28   -0.461801  0.00094278
       18015       -0.52   -0.461804 0.000942733
       18016       -0.36   -0.461798 0.000942698
       18017       -0.36   -0.461793 0.000942662
       18018       -0.44   -0.461792 0.000942611
       18019        -0.6   -0.461799  0.00094259
       18020       -0.52   -0.461802 0.000942543
       18021        -0.6    -0.46181 0.000942522
       18022       -0.52   -0.461813 0.000942475
       18023       -0.44   -0.461812 0.000942424
       18024       -0.36   -0.461806 0.000942388
       18025        -0.6   -0.461814 0.000942367
       18026       -0.36   -0.461808 0.000942332
       18027       -0.76   -0.461825 0.000942425
       18028       -0.44   -0.461824 0.000942373
       18029        -0.6   -0.461831 0.000942352
       18030        -0.6   -0.461839 0.000942331
       18031       -0.52   -0.461842 0.000942284
       18032       -0.36   -0.461837 0.000942249
       18033       -0.36   -0.461831 0.000942214
       18034       -0.52   -0.461834 0.000942167
       18035       -0.44   -0.461833 0.000942115
       18036       -0.44   -0.461832 0.000942064
       18037       -0.44   -0.461831 0.000942012
       18038       -0.52   -0.461834 0.000941966
       18039        -0.6   -0.461842 0.000941945
       18040       -0.28   -0.461831 0.000941946
       18041       -0.44    -0.46183 0.000941895
       18042       -0.36   -0.461825  0.00094186
       18043        -0.2    -0.46181 0.000941919
       18044       -0.28     -0.4618 0.000941921
       18045       -0.36   -0.461794 0.000941886
       18046       -0.28   -0.461784 0.000941887
       18047       -0.36   -0.461779 0.000941852
       18048        -0.6   -0.461786 0.000941831
       18049       -0.36   -0.461781 0.000941796
       18050       -0.44    -0.46178 0.000941744
       18051       -0.36   -0.461774 0.000941709
       18052        -0.6   -0.461782 0.000941688
       18053       -0.52   -0.461785 0.000941641
       18054       -0.44   -0.461784  0.00094159
       18055        -0.6   -0.461791 0.000941569
       18056        -0.6   -0.461799 0.000941548
       18057       -0.36   -0.461793 0.000941513
       18058       -0.36   -0.461788 0.000941477
       18059       -0.36   -0.461782 0.000941442
       18060        -0.2   -0.461767 0.000941501
       18061       -0.28   -0.461757 0.000941503
       18062       -0.36   -0.461752 0.000941468
       18063       -0.44   -0.461751 0.000941417
       18064       -0.36   -0.461745 0.000941381
       18065       -0.28   -0.461735 0.000941383
       18066       -0.44   -0.461734 0.000941332
       18067       -0.44   -0.461732  0.00094128
       18068       -0.52   -0.461736 0.000941234
       18069       -0.52   -0.461739 0.000941187
       18070       -0.44   -0.461738 0.000941136
       18071       -0.44   -0.461736 0.000941084
       18072       -0.44   -0.461735 0.000941033
       18073       -0.28   -0.461725 0.000941035
       18074       -0.36    -0.46172    0.000941
       18075       -0.36   -0.461714 0.000940964
       18076       -0.52   -0.461717 0.000940918
       18077       -0.52    -0.46172 0.000940871
       18078       -0.44   -0.461719  0.00094082
       18079       -0.52   -0.461722 0.000940773
       18080        -0.6    -0.46173 0.000940753
       18081        -0.6   -0.461738 0.000940732
       18082        -0.6   -0.461745 0.000940711
       18083        -0.6   -0.461753  0.00094069
       18084       -0.52   -0.461756 0.000940643
       18085       -0.28   -0.461746 0.000940645
       18086       -0.52   -0.461749 0.000940598
       18087       -0.28   -0.461739   0.0009406
       18088       -0.28   -0.461729 0.000940602
       18089       -0.36   -0.461724 0.000940567
       18090       -0.28   -0.461714 0.000940568
       18091       -0.44   -0.461712 0.000940517
       18092       -0.36   -0.461707 0.000940482
       18093       -0.52    -0.46171 0.000940435
       18094       -0.52   -0.461713 0.000940389
       18095        -0.6   -0.461721 0.000940368
       18096        -0.6   -0.461729 0.000940347
       18097        -0.6   -0.461736 0.000940326
       18098        -0.2   -0.461722 0.000940385
       18099       -0.36   -0.461716  0.00094035
       18100       -0.36    -0.46171 0.000940315
       18101        -0.6   -0.461718 0.000940294
       18102        -0.6   -0.461726 0.000940273
       18103        -0.6   -0.461733 0.000940252
       18104       -0.44   -0.461732 0.000940201
       18105       -0.12   -0.461713 0.000940339
       18106       -0.28   -0.461703  0.00094034
       18107       -0.36   -0.461698 0.000940305
       18108       -0.44   -0.461696 0.000940254
       18109       -0.44   -0.461695 0.000940203
       18110       -0.36    -0.46169 0.000940168
       18111       -0.52   -0.461693 0.000940121
       18112       -0.52   -0.461696 0.000940075
       18113       -0.52   -0.461699 0.000940028
       18114       -0.68   -0.461711 0.000940054
       18115       -0.36   -0.461706 0.000940019
       18116       -0.44   -0.461705 0.000939968
       18117       -0.44   -0.461703 0.000939916
       18118       -0.28   -0.461693 0.000939918
       18119       -0.36   -0.461688 0.000939883
       18120        -0.6   -0.461695 0.000939862
       18121       -0.68   -0.461707 0.000939887
       18122       -0.36   -0.461702 0.000939852
       18123       -0.52   -0.461705 0.000939806
       18124       -0.52   -0.461708  0.00093976
       18125       -0.44   -0.461707 0.000939708
       18126       -0.44   -0.461706 0.000939657
       18127        -0.6   -0.461713 0.000939637
       18128       -0.28   -0.461703 0.000939638
       18129       -0.44   -0.461702 0.000939587
       18130       -0.52   -0.461705 0.000939541
       18131       -0.36     -0.4617 0.000939506
       18132       -0.36   -0.461694 0.000939471
       18133       -0.36   -0.461689 0.000939436
       18134       -0.52   -0.461692 0.000939389
       18135       -0.36   -0.461686 0.000939354
       18136       -0.28   -0.461676 0.000939356
       18137        -0.2   -0.461662 0.000939415
       18138       -0.28   -0.461652 0.000939416
       18139       -0.44   -0.461651 0.000939365
       18140       -0.44   -0.461649 0.000939314
       18141       -0.44   -0.461648 0.000939263
       18142       -0.52   -0.461651 0.000939217
       18143       -0.36   -0.461646 0.000939182
       18144       -0.36    -0.46164 0.000939147
       18145       -0.44   -0.461639 0.000939096
       18146       -0.76   -0.461655 0.000939188
       18147       -0.68   -0.461667 0.000939213
       18148        -0.6   -0.461675 0.000939193
       18149       -0.36    -0.46167 0.000939158
       18150       -0.44   -0.461668 0.000939107
       18151       -0.28   -0.461658 0.000939108
       18152       -0.28   -0.461648  0.00093911
       18153       -0.36   -0.461643 0.000939075
       18154       -0.36   -0.461637  0.00093904
       18155       -0.52    -0.46164 0.000938993
       18156       -0.44   -0.461639 0.000938943
       18157       -0.44   -0.461638 0.000938892
       18158       -0.52   -0.461641 0.000938845
       18159       -0.44    -0.46164 0.000938794
       18160       -0.36   -0.461634 0.000938759
       18161       -0.44   -0.461633 0.000938708
       18162       -0.36   -0.461628 0.000938673
       18163       -0.28   -0.461618 0.000938675
       18164       -0.36   -0.461612  0.00093864
       18165        -0.6    -0.46162 0.000938619
       18166       -0.52   -0.461623 0.000938573
       18167       -0.68   -0.461635 0.000938598
       18168       -0.52   -0.461638 0.000938552
       18169       -0.36   -0.461632 0.000938517
       18170       -0.44   -0.461631 0.000938466
       18171        -0.6   -0.461639 0.000938446
       18172       -0.68   -0.461651 0.000938471
       18173       -0.52   -0.461654 0.000938425
       18174       -0.28   -0.461644 0.000938426
       18175       -0.68   -0.461656 0.000938452
       18176       -0.44   -0.461655 0.000938401
       18177       -0.44   -0.461654  0.00093835
       18178       -0.28   -0.461644 0.000938351
       18179       -0.44   -0.461643 0.000938301
       18180       -0.44   -0.461641  0.00093825
       18181       -0.44    -0.46164 0.000938199
       18182       -0.36   -0.461635 0.000938164
       18183       -0.44   -0.461633 0.000938113
       18184        -0.6   -0.461641 0.000938092
       18185        -0.6   -0.461649 0.000938072
       18186       -0.52   -0.461652 0.000938026
       18187       -0.28   -0.461642 0.000938027
       18188       -0.36   -0.461636 0.000937992
       18189       -0.44   -0.461635 0.000937941
       18190        -0.6   -0.461643 0.000937921
       18191       -0.52   -0.461646 0.000937875
       18192       -0.52   -0.461649 0.000937829
       18193       -0.52   -0.461652 0.000937782
       18194       -0.52   -0.461655 0.000937736
       18195       -0.44   -0.461654 0.000937686
       18196        -0.6   -0.461662 0.000937665
       18197       -0.52   -0.461665 0.000937619
       18198       -0.36    -0.46166 0.000937584
       18199       -0.52   -0.461663 0.000937538
       18200       -0.28   -0.461653  0.00093754
       18201       -0.52   -0.461656 0.000937494
       18202       -0.28   -0.461646 0.000937495
       18203       -0.36    -0.46164  0.00093746
       18204       -0.52   -0.461644 0.000937414
       18205       -0.36   -0.461638 0.000937379
       18206       -0.44   -0.461637 0.000937329
       18207       -0.28   -0.461627  0.00093733
       18208       -0.36   -0.461621 0.000937295
       18209       -0.52   -0.461624 0.000937249
       18210        -0.6   -0.461632 0.000937229
       18211       -0.28   -0.461622  0.00093723
       18212       -0.36   -0.461617 0.000937196
       18213       -0.44   -0.461615 0.000937145
       18214       -0.68   -0.461627  0.00093717
       18215        -0.6   -0.461635 0.000937149
       18216       -0.52   -0.461638 0.000937103
       18217        -0.6   -0.461646 0.000937083
       18218       -0.52   -0.461649 0.000937037
       18219       -0.52   -0.461652 0.000936991
       18220       -0.52   -0.461655 0.000936945
       18221       -0.44   -0.461654 0.000936894
       18222        -0.6   -0.461662 0.000936874
       18223        -0.6   -0.461669 0.000936853
       18224       -0.76   -0.461686 0.000936945
       18225       -0.52   -0.461689 0.000936899
       18226       -0.44   -0.461688 0.000936848
       18227        -0.2   -0.461673 0.000936907
       18228       -0.12   -0.461655 0.000937043
       18229        -0.2    -0.46164 0.000937101
       18230        -0.2   -0.461626  0.00093716
       18231       -0.36    -0.46162 0.000937125
       18232       -0.52   -0.461624 0.000937079
       18233       -0.68   -0.461635 0.000937104
       18234        -0.2   -0.461621 0.000937162
       18235       -0.44    -0.46162 0.000937112
       18236        -0.6   -0.461628 0.000937091
       18237       -0.52   -0.461631 0.000937045
       18238       -0.68   -0.461643  0.00093707
       18239       -0.44   -0.461642  0.00093702
       18240       -0.36   -0.461636 0.000936985
       18241       -0.52   -0.461639 0.000936939
       18242       -0.76   -0.461656  0.00093703
       18243       -0.36    -0.46165 0.000936996
       18244       -0.44   -0.461649 0.000936945
       18245        -0.6   -0.461656 0.000936924
       18246       -0.28   -0.461646 0.000936926
       18247       -0.28   -0.461636 0.000936927
       18248       -0.36   -0.461631 0.000936893
       18249       -0.44    -0.46163 0.000936842
       18250       -0.36   -0.461624 0.000936807
       18251       -0.28   -0.461614 0.000936809
       18252       -0.36   -0.461609 0.000936774
       18253       -0.44   -0.461607 0.000936723
       18254       -0.36   -0.461602 0.000936689
       18255       -0.44   -0.461601 0.000936638
       18256        -0.6   -0.461608 0.000936617
       18257       -0.76   -0.461625 0.000936709
       18258       -0.52   -0.461628 0.000936663
       18259        -0.6   -0.461635 0.000936642
       18260        -0.6   -0.461643 0.000936622
       18261        -0.2   -0.461629  0.00093668
       18262       -0.36   -0.461623 0.000936645
       18263       -0.52   -0.461626 0.000936599
       18264       -0.28   -0.461616 0.000936601
       18265       -0.68   -0.461628 0.000936626
       18266        -0.6   -0.461636 0.000936605
       18267        -0.2   -0.461622 0.000936663
       18268       -0.36   -0.461616 0.000936629
       18269       -0.36    -0.46161 0.000936594
       18270       -0.44   -0.461609 0.000936543
       18271       -0.52   -0.461612 0.000936498
       18272       -0.44   -0.461611 0.000936447
       18273       -0.52   -0.461614 0.000936401
       18274       -0.36   -0.461609 0.000936367
       18275       -0.52   -0.461612 0.000936321
       18276       -0.52   -0.461615 0.000936275
       18277       -0.44   -0.461614 0.000936225
       18278       -0.68   -0.461626  0.00093625
       18279       -0.68   -0.461638 0.000936275
       18280        -0.6   -0.461646 0.000936254
       18281        -0.6   -0.461653 0.000936233
       18282       -0.44   -0.461652 0.000936183
       18283       -0.44   -0.461651 0.000936132
       18284       -0.44    -0.46165 0.000936082
       18285       -0.44   -0.461648 0.000936031
       18286       -0.52   -0.461652 0.000935986
       18287       -0.28   -0.461642 0.000935987
       18288        -0.6   -0.461649 0.000935967
       18289       -0.36   -0.461644 0.000935932
       18290       -0.44   -0.461642 0.000935882
       18291       -0.52   -0.461646 0.000935836
       18292       -0.44   -0.461644 0.000935785
       18293       -0.44   -0.461643 0.000935735
       18294       -0.28   -0.461633 0.000935737
       18295       -0.52   -0.461637 0.000935691
       18296        -0.6   -0.461644  0.00093567
       18297       -0.36   -0.461639 0.000935636
       18298       -0.28   -0.461629 0.000935637
       18299       -0.36   -0.461623 0.000935602
       18300       -0.44   -0.461622 0.000935552
       18301       -0.36   -0.461616 0.000935517
       18302        -0.6   -0.461624 0.000935497
       18303       -0.52   -0.461627 0.000935451
       18304       -0.44   -0.461626 0.000935401
       18305       -0.44   -0.461625 0.000935351
       18306        -0.6   -0.461632  0.00093533
       18307       -0.52   -0.461635 0.000935284
       18308        -0.6   -0.461643 0.000935264
       18309       -0.36   -0.461637 0.000935229
       18310       -0.52   -0.461641 0.000935183
       18311       -0.28   -0.461631 0.000935185
       18312       -0.36   -0.461625  0.00093515
       18313       -0.36    -0.46162 0.000935116
       18314       -0.44   -0.461618 0.000935066
       18315       -0.28   -0.461609 0.000935067
       18316       -0.52   -0.461612 0.000935021
       18317       -0.68   -0.461624 0.000935046
       18318       -0.44   -0.461622 0.000934996
       18319       -0.52   -0.461626  0.00093495
       18320       -0.68   -0.461638 0.000934975
       18321       -0.12   -0.461619  0.00093511
       18322       -0.12     -0.4616 0.000935245
       18323       -0.12   -0.461582  0.00093538
       18324       -0.36   -0.461576 0.000935345
       18325       -0.44   -0.461575 0.000935295
       18326       -0.44   -0.461574 0.000935245
       18327       -0.44   -0.461573 0.000935194
       18328       -0.36   -0.461567  0.00093516
       18329       -0.52    -0.46157 0.000935114
       18330        -0.6   -0.461578 0.000935094
       18331       -0.12   -0.461559 0.000935228
       18332        -0.6   -0.461567 0.000935208
       18333       -0.36   -0.461561 0.000935173
       18334       -0.36   -0.461556 0.000935139
       18335       -0.28   -0.461546  0.00093514
       18336       -0.36    -0.46154 0.000935105
       18337       -0.52   -0.461543  0.00093506
       18338       -0.68   -0.461555 0.000935085
       18339       -0.52   -0.461558 0.000935039
       18340       -0.44   -0.461557 0.000934989
       18341       -0.44   -0.461556 0.000934939
       18342       -0.44   -0.461555 0.000934888
       18343        -0.6   -0.461562 0.000934868
       18344       -0.76   -0.461579 0.000934959
       18345       -0.52   -0.461582 0.000934913
       18346       -0.36   -0.461576 0.000934878
       18347       -0.28   -0.461566  0.00093488
       18348       -0.44   -0.461565  0.00093483
       18349       -0.52   -0.461568 0.000934784
       18350       -0.52   -0.461572 0.000934739
       18351       -0.68   -0.461584 0.000934763
       18352       -0.36   -0.461578 0.000934729
       18353       -0.36   -0.461572 0.000934694
       18354       -0.44   -0.461571 0.000934644
       18355       -0.52   -0.461575 0.000934599
       18356       -0.44   -0.461573 0.000934549
       18357       -0.36   -0.461568 0.000934514
       18358       -0.36   -0.461562 0.000934479
       18359       -0.36   -0.461557 0.000934445
       18360        -0.6   -0.461564 0.000934424
       18361       -0.44   -0.461563 0.000934374
       18362       -0.68   -0.461575 0.000934399
       18363       -0.52   -0.461578 0.000934354
       18364       -0.12    -0.46156 0.000934488
       18365       -0.28    -0.46155 0.000934489
       18366       -0.44   -0.461549 0.000934439
       18367        -0.6   -0.461556 0.000934419
       18368        -0.6   -0.461564 0.000934398
       18369       -0.52   -0.461567 0.000934353
       18370       -0.52    -0.46157 0.000934307
       18371       -0.44   -0.461569 0.000934257
       18372       -0.36   -0.461563 0.000934223
       18373        -0.2   -0.461549  0.00093428
       18374       -0.28   -0.461539 0.000934282
       18375       -0.44   -0.461538 0.000934232
       18376        -0.6   -0.461545 0.000934211
       18377        -0.6   -0.461553 0.000934191
       18378        -0.6   -0.461561  0.00093417
       18379        -0.6   -0.461568  0.00093415
       18380       -0.52   -0.461571 0.000934104
       18381       -0.52   -0.461574 0.000934059
       18382       -0.52   -0.461578 0.000934014
       18383       -0.44   -0.461576 0.000933964
       18384       -0.52    -0.46158 0.000933918
       18385       -0.52   -0.461583 0.000933873
       18386        -0.2   -0.461569  0.00093393
       18387       -0.12    -0.46155 0.000934064
       18388       -0.44   -0.461549 0.000934014
       18389       -0.52   -0.461552 0.000933969
       18390       -0.52   -0.461555 0.000933923
       18391       -0.28   -0.461545 0.000933925
       18392        -0.6   -0.461553 0.000933904
       18393        -0.6    -0.46156 0.000933884
       18394       -0.52   -0.461564 0.000933839
       18395       -0.52   -0.461567 0.000933793
       18396       -0.28   -0.461557 0.000933795
       18397        -0.6   -0.461564 0.000933774
       18398        -0.6   -0.461572 0.000933754
       18399       -0.52   -0.461575 0.000933708
       18400       -0.36    -0.46157 0.000933674
       18401       -0.44   -0.461568 0.000933624
       18402       -0.36   -0.461563  0.00093359
       18403       -0.28   -0.461553 0.000933591
       18404       -0.44   -0.461552 0.000933541
       18405       -0.44   -0.461551 0.000933491
       18406       -0.28   -0.461541 0.000933492
       18407       -0.36   -0.461535 0.000933458
       18408       -0.52   -0.461538 0.000933413
       18409       -0.36   -0.461533 0.000933378
       18410        -0.6    -0.46154 0.000933358
       18411       -0.68   -0.461552 0.000933383
       18412        -0.6    -0.46156 0.000933362
       18413       -0.68   -0.461572 0.000933387
       18414       -0.52   -0.461575 0.000933342
       18415       -0.28   -0.461565 0.000933343
       18416       -0.36    -0.46156 0.000933309
       18417       -0.44   -0.461558 0.000933259
       18418       -0.52   -0.461562 0.000933213
       18419       -0.44    -0.46156 0.000933163
       18420       -0.36   -0.461555 0.000933129
       18421       -0.36   -0.461549 0.000933095
       18422       -0.44   -0.461548 0.000933045
       18423       -0.52   -0.461551 0.000932999
       18424       -0.52   -0.461554 0.000932954
       18425       -0.28   -0.461545 0.000932956
       18426       -0.44   -0.461543 0.000932906
       18427       -0.36   -0.461538 0.000932871
       18428       -0.44   -0.461537 0.000932821
       18429        -0.6   -0.461544 0.000932801
       18430        -0.6   -0.461552 0.000932781
       18431       -0.36   -0.461546 0.000932746
       18432        -0.2   -0.461532 0.000932804
       18433       -0.44   -0.461531 0.000932754
       18434       -0.52   -0.461534 0.000932709
       18435        -0.6   -0.461542 0.000932688
       18436        -0.6   -0.461549 0.000932668
       18437       -0.52   -0.461552 0.000932623
       18438       -0.44   -0.461551 0.000932573
       18439        -0.6   -0.461559 0.000932553
       18440       -0.52   -0.461562 0.000932507
       18441       -0.52   -0.461565 0.000932462
       18442       -0.52   -0.461568 0.000932417
       18443       -0.68    -0.46158 0.000932442
       18444       -0.76   -0.461596 0.000932531
       18445        -0.6   -0.461604 0.000932511
       18446        -0.6   -0.461611 0.000932491
       18447        -0.6   -0.461619  0.00093247
       18448       -0.68   -0.461631 0.000932495
       18449       -0.44   -0.461629 0.000932445
       18450        -0.6   -0.461637 0.000932425
       18451       -0.52    -0.46164  0.00093238
       18452       -0.44   -0.461639  0.00093233
       18453       -0.52   -0.461642 0.000932285
       18454       -0.44   -0.461641 0.000932235
       18455       -0.52   -0.461644  0.00093219
       18456       -0.44   -0.461643  0.00093214
       18457       -0.44   -0.461642  0.00093209
       18458        -0.6   -0.461649  0.00093207
       18459       -0.52   -0.461652 0.000932025
       18460       -0.44   -0.461651 0.000931975
       18461       -0.44    -0.46165 0.000931925
       18462       -0.04   -0.461627 0.000932155
       18463       -0.28   -0.461617 0.000932156
       18464       -0.36   -0.461612 0.000932122
       18465       -0.52   -0.461615 0.000932077
       18466       -0.36   -0.461609 0.000932042
       18467       -0.52   -0.461613 0.000931997
       18468       -0.28   -0.461603 0.000931999
       18469       -0.44   -0.461602 0.000931949
       18470       -0.44     -0.4616 0.000931899
       18471       -0.44   -0.461599  0.00093185
       18472       -0.36   -0.461594 0.000931815
       18473       -0.28   -0.461584 0.000931817
       18474       -0.44   -0.461583 0.000931767
       18475       -0.52   -0.461586 0.000931722
       18476       -0.12   -0.461567 0.000931855
       18477       -0.28   -0.461558 0.000931856
       18478       -0.28   -0.461548 0.000931858
       18479       -0.44   -0.461547 0.000931808
       18480       -0.52    -0.46155 0.000931763
       18481       -0.36   -0.461544 0.000931729
       18482       -0.44   -0.461543 0.000931679
       18483       -0.36   -0.461538 0.000931645
       18484       -0.28   -0.461528 0.000931646
       18485       -0.44   -0.461527 0.000931596
       18486       -0.44   -0.461525 0.000931547
       18487       -0.36    -0.46152 0.000931513
       18488       -0.44   -0.461519 0.000931463
       18489        -0.2   -0.461505  0.00093152
       18490       -0.52   -0.461508 0.000931475
       18491       -0.36   -0.461502 0.000931441
       18492       -0.36   -0.461497 0.000931407
       18493        -0.6   -0.461504 0.000931386
       18494       -0.52   -0.461508 0.000931341
       18495       -0.52   -0.461511 0.000931296
       18496       -0.52   -0.461514 0.000931251
       18497       -0.52   -0.461517 0.000931206
       18498        -0.6   -0.461524 0.000931186
       18499       -0.52   -0.461528 0.000931141
       18500        -0.6   -0.461535 0.000931121
       18501        -0.6   -0.461543 0.000931101
       18502        -0.6    -0.46155  0.00093108
       18503       -0.52   -0.461553 0.000931035
       18504       -0.44   -0.461552 0.000930986
       18505       -0.76   -0.461568 0.000931075
       18506       -0.76   -0.461584 0.000931165
       18507       -0.28   -0.461575 0.000931166
       18508       -0.44   -0.461573 0.000931116
       18509       -0.36   -0.461568 0.000931082
       18510        -0.6   -0.461575 0.000931062
       18511        -0.6   -0.461583 0.000931042
       18512       -0.36   -0.461577 0.000931008
       18513        -0.6   -0.461585 0.000930987
       18514       -0.36   -0.461579 0.000930953
       18515       -0.44   -0.461578 0.000930904
       18516       -0.44   -0.461577 0.000930854
       18517       -0.36   -0.461572  0.00093082
       18518       -0.36   -0.461566 0.000930786
       18519        -0.2   -0.461552 0.000930843
       18520       -0.68   -0.461564 0.000930867
       18521       -0.76    -0.46158 0.000930956
       18522       -0.52   -0.461583 0.000930912
       18523       -0.44   -0.461582 0.000930862
       18524       -0.36   -0.461576 0.000930828
       18525       -0.44   -0.461575 0.000930778
       18526       -0.36    -0.46157 0.000930744
       18527       -0.52   -0.461573 0.000930699
       18528       -0.44   -0.461572  0.00093065
       18529       -0.36   -0.461566 0.000930616
       18530       -0.68   -0.461578  0.00093064
       18531        -0.6   -0.461585  0.00093062
       18532        -0.6   -0.461593   0.0009306
       18533       -0.44   -0.461592  0.00093055
       18534       -0.52   -0.461595 0.000930505
       18535        -0.6   -0.461602 0.000930485
       18536        -0.6    -0.46161 0.000930465
       18537        -0.6   -0.461617 0.000930445
       18538        -0.6   -0.461625 0.000930424
       18539        -0.6   -0.461632 0.000930404
       18540       -0.68   -0.461644 0.000930429
       18541       -0.44   -0.461643 0.000930379
       18542       -0.28   -0.461633  0.00093038
       18543        -0.6   -0.461641  0.00093036
       18544       -0.52   -0.461644 0.000930315
       18545       -0.36   -0.461638 0.000930281
       18546        -0.6   -0.461646 0.000930261
       18547       -0.52   -0.461649 0.000930216
       18548       -0.44   -0.461648 0.000930167
       18549       -0.52   -0.461651 0.000930122
       18550       -0.36   -0.461645 0.000930088
       18551       -0.44   -0.461644 0.000930039
       18552       -0.44   -0.461643 0.000929989
       18553       -0.28   -0.461633 0.000929991
       18554       -0.36   -0.461628 0.000929957
       18555       -0.44   -0.461627 0.000929907
       18556       -0.44   -0.461625 0.000929858
       18557       -0.28   -0.461616 0.000929859
       18558        -0.6   -0.461623 0.000929839
       18559        -0.6    -0.46163 0.000929819
       18560       -0.68   -0.461642 0.000929843
       18561       -0.52   -0.461645 0.000929798
       18562       -0.52   -0.461649 0.000929754
       18563       -0.28   -0.461639 0.000929755
       18564       -0.44   -0.461638 0.000929706
       18565       -0.52   -0.461641 0.000929661
       18566       -0.36   -0.461635 0.000929627
       18567       -0.52   -0.461638 0.000929582
       18568       -0.44   -0.461637 0.000929533
       18569       -0.36   -0.461632 0.000929499
       18570        -0.2   -0.461618 0.000929556
       18571       -0.44   -0.461616 0.000929506
       18572       -0.52    -0.46162 0.000929462
       18573       -0.52   -0.461623 0.000929417
       18574        -0.6    -0.46163 0.000929397
       18575       -0.68   -0.461642 0.000929421
       18576       -0.52   -0.461645 0.000929376
       18577        -0.6   -0.461653 0.000929356
       18578       -0.44   -0.461651 0.000929307
       18579       -0.44    -0.46165 0.000929257
       18580        -0.2   -0.461636 0.000929314
       18581       -0.04   -0.461613 0.000929541
       18582       -0.44   -0.461612 0.000929492
       18583       -0.52   -0.461615 0.000929447
       18584       -0.44   -0.461614 0.000929398
       18585       -0.44   -0.461613 0.000929349
       18586       -0.44   -0.461612 0.000929299
       18587       -0.44   -0.461611  0.00092925
       18588       -0.68   -0.461623 0.000929274
       18589        -0.6    -0.46163 0.000929254
       18590       -0.44   -0.461629 0.000929205
       18591       -0.44   -0.461628 0.000929156
       18592       -0.28   -0.461618 0.000929157
       18593       -0.52   -0.461621 0.000929112
       18594       -0.44    -0.46162 0.000929063
       18595       -0.44   -0.461619 0.000929014
       18596       -0.28   -0.461609 0.000929015
       18597       -0.44   -0.461608 0.000928966
       18598       -0.52   -0.461611 0.000928921
       18599       -0.52   -0.461614 0.000928877
       18600       -0.44   -0.461613 0.000928828
       18601       -0.44   -0.461612 0.000928778
       18602        -0.6   -0.461619 0.000928758
       18603        -0.6   -0.461627 0.000928738
       18604       -0.52    -0.46163 0.000928693
       18605       -0.28    -0.46162 0.000928695
       18606       -0.44   -0.461619 0.000928646
       18607       -0.68   -0.461631  0.00092867
       18608        -0.6   -0.461638  0.00092865
       18609       -0.44   -0.461637 0.000928601
       18610       -0.52    -0.46164 0.000928556
       18611       -0.52   -0.461643 0.000928511
       18612        -0.6   -0.461651 0.000928491
       18613       -0.44   -0.461649 0.000928442
       18614        -0.6   -0.461657 0.000928422
       18615       -0.52    -0.46166 0.000928377
       18616        -0.6   -0.461667 0.000928357
       18617        -0.6   -0.461675 0.000928337
       18618       -0.52   -0.461678 0.000928293
       18619       -0.44   -0.461677 0.000928243
       18620       -0.36   -0.461671  0.00092821
       18621       -0.52   -0.461674 0.000928165
       18622       -0.36   -0.461669 0.000928131
       18623       -0.52   -0.461672 0.000928087
       18624       -0.44   -0.461671 0.000928038
       18625       -0.44    -0.46167 0.000927989
       18626       -0.44   -0.461669 0.000927939
       18627       -0.36   -0.461663 0.000927906
       18628       -0.36   -0.461658 0.000927872
       18629       -0.12   -0.461639 0.000928003
       18630       -0.36   -0.461634  0.00092797
       18631       -0.44   -0.461633  0.00092792
       18632       -0.44   -0.461632 0.000927871
       18633       -0.52   -0.461635 0.000927827
       18634       -0.52   -0.461638 0.000927782
       18635       -0.44   -0.461637 0.000927733
       18636       -0.28   -0.461627 0.000927735
       18637       -0.44   -0.461626 0.000927686
       18638        -0.6   -0.461633 0.000927666
       18639       -0.52   -0.461636 0.000927621
       18640       -0.52   -0.461639 0.000927577
       18641       -0.68   -0.461651 0.000927601
       18642       -0.68   -0.461663 0.000927625
       18643       -0.52   -0.461666 0.000927581
       18644       -0.52   -0.461669 0.000927536
       18645       -0.52   -0.461672 0.000927492
       18646       -0.44   -0.461671 0.000927443
       18647       -0.28   -0.461661 0.000927444
       18648       -0.36   -0.461656  0.00092741
       18649       -0.28   -0.461646 0.000927412
       18650       -0.28   -0.461636 0.000927413
       18651        -0.6   -0.461644 0.000927393
       18652       -0.52   -0.461647 0.000927349
       18653       -0.68   -0.461659 0.000927373
       18654       -0.44   -0.461658 0.000927324
       18655       -0.52   -0.461661 0.000927279
       18656       -0.36   -0.461655 0.000927246
       18657        -0.6   -0.461663 0.000927226
       18658        -0.6    -0.46167 0.000927206
       18659        -0.6   -0.461677 0.000927186
       18660       -0.44   -0.461676 0.000927137
       18661       -0.52   -0.461679 0.000927092
       18662       -0.28    -0.46167 0.000927094
       18663       -0.36   -0.461664  0.00092706
       18664       -0.44   -0.461663 0.000927011
       18665       -0.52   -0.461666 0.000926967
       18666       -0.68   -0.461678 0.000926991
       18667       -0.52   -0.461681 0.000926946
       18668       -0.28   -0.461671 0.000926948
       18669       -0.44    -0.46167 0.000926899
       18670       -0.44   -0.461669  0.00092685
       18671       -0.44   -0.461668 0.000926801
       18672       -0.68    -0.46168 0.000926825
       18673       -0.52   -0.461683 0.000926781
       18674        -0.6    -0.46169 0.000926761
       18675        -0.6   -0.461697 0.000926741
       18676       -0.28   -0.461688 0.000926742
       18677       -0.52   -0.461691 0.000926698
       18678       -0.44    -0.46169 0.000926649
       18679       -0.36   -0.461684 0.000926615
       18680       -0.52   -0.461687 0.000926571
       18681        -0.6   -0.461695 0.000926551
       18682        -0.2   -0.461681 0.000926607
       18683       -0.28   -0.461671 0.000926609
       18684       -0.44    -0.46167  0.00092656
       18685       -0.44   -0.461669 0.000926511
       18686       -0.52   -0.461672 0.000926467
       18687        -0.6   -0.461679 0.000926447
       18688        -0.6   -0.461687 0.000926427
       18689       -0.44   -0.461685 0.000926378
       18690       -0.36    -0.46168 0.000926344
       18691       -0.44   -0.461679 0.000926295
       18692       -0.68   -0.461691 0.000926319
       18693       -0.28   -0.461681 0.000926321
       18694       -0.44    -0.46168 0.000926272
       18695       -0.36   -0.461674 0.000926238
       18696       -0.52   -0.461677 0.000926194
       18697       -0.52    -0.46168  0.00092615
       18698       -0.52   -0.461684 0.000926106
       18699       -0.44   -0.461682 0.000926057
       18700       -0.52   -0.461686 0.000926012
       18701       -0.44   -0.461684 0.000925964
       18702       -0.52   -0.461688 0.000925919
       18703       -0.52   -0.461691 0.000925875
       18704       -0.44   -0.461689 0.000925826
       18705       -0.44   -0.461688 0.000925778
       18706       -0.36   -0.461683 0.000925744
       18707       -0.36   -0.461677 0.000925711
       18708       -0.52   -0.461681 0.000925666
       18709       -0.44   -0.461679 0.000925618
       18710       -0.44   -0.461678 0.000925569
       18711       -0.44   -0.461677  0.00092552
       18712        -0.2   -0.461663 0.000925576
       18713        -0.2   -0.461649 0.000925632
       18714       -0.36   -0.461644 0.000925599
       18715       -0.44   -0.461643  0.00092555
       18716        -0.6    -0.46165  0.00092553
       18717       -0.52   -0.461653 0.000925486
       18718       -0.52   -0.461656 0.000925442
       18719       -0.68   -0.461668 0.000925466
       18720        -0.6   -0.461675 0.000925446
       18721       -0.44   -0.461674 0.000925397
       18722       -0.52   -0.461677 0.000925353
       18723       -0.44   -0.461676 0.000925304
       18724       -0.36   -0.461671 0.000925271
       18725       -0.44   -0.461669 0.000925222
       18726       -0.76   -0.461685  0.00092531
       18727        -0.6   -0.461693  0.00092529
       18728        -0.6     -0.4617  0.00092527
       18729        -0.6   -0.461708  0.00092525
       18730       -0.52   -0.461711 0.000925206
       18731       -0.52   -0.461714 0.000925162
       18732        -0.6   -0.461721 0.000925142
       18733       -0.52   -0.461724 0.000925098
       18734       -0.52   -0.461727 0.000925054
       18735       -0.28   -0.461718 0.000925055
       18736       -0.44   -0.461716 0.000925006
       18737       -0.44   -0.461715 0.000924958
       18738       -0.28   -0.461706 0.000924959
       18739       -0.44   -0.461704 0.000924911
       18740       -0.28   -0.461695 0.000924912
       18741       -0.44   -0.461694 0.000924863
       18742        -0.6   -0.461701 0.000924844
       18743       -0.52   -0.461704 0.000924799
       18744       -0.44   -0.461703 0.000924751
       18745       -0.36   -0.461698 0.000924717
       18746       -0.52   -0.461701 0.000924673
       18747       -0.52   -0.461704 0.000924629
       18748       -0.36   -0.461698 0.000924596
       18749       -0.52   -0.461701 0.000924552
       18750       -0.36   -0.461696 0.000924518
       18751       -0.52   -0.461699 0.000924474
       18752       -0.68   -0.461711 0.000924498
       18753       -0.44    -0.46171  0.00092445
       18754       -0.44   -0.461708 0.000924401
       18755       -0.68    -0.46172 0.000924425
       18756       -0.68   -0.461732 0.000924449
       18757       -0.44   -0.461731   0.0009244
       18758        -0.6   -0.461738 0.000924381
       18759       -0.36   -0.461733 0.000924347
       18760       -0.36   -0.461727 0.000924314
       18761       -0.36   -0.461722 0.000924281
       18762       -0.28   -0.461712 0.000924282
       18763       -0.36   -0.461707 0.000924249
       18764       -0.44   -0.461705   0.0009242
       18765       -0.68   -0.461717 0.000924224
       18766       -0.44   -0.461716 0.000924176
       18767       -0.52   -0.461719 0.000924131
       18768       -0.52   -0.461722 0.000924087
       18769       -0.44   -0.461721 0.000924039
       18770       -0.36   -0.461716 0.000924006
       18771       -0.36    -0.46171 0.000923972
       18772       -0.52   -0.461713 0.000923928
       18773       -0.52   -0.461716 0.000923884
       18774       -0.52   -0.461719  0.00092384
       18775       -0.52   -0.461723 0.000923796
       18776        -0.6    -0.46173 0.000923776
       18777       -0.52   -0.461733 0.000923732
       18778       -0.36   -0.461728 0.000923699
       18779       -0.44   -0.461726 0.000923651
       18780        -0.2   -0.461712 0.000923707
       18781        -0.2   -0.461699 0.000923763
       18782       -0.44   -0.461697 0.000923714
       18783       -0.44   -0.461696 0.000923666
       18784        -0.6   -0.461704 0.000923646
       18785       -0.52   -0.461707 0.000923602
       18786        -0.6   -0.461714 0.000923582
       18787       -0.36   -0.461709 0.000923549
       18788       -0.36   -0.461703 0.000923515
       18789       -0.44   -0.461702 0.000923467
       18790       -0.52   -0.461705 0.000923423
       18791       -0.36     -0.4617  0.00092339
       18792       -0.44   -0.461699 0.000923341
       18793       -0.28   -0.461689 0.000923343
       18794       -0.36   -0.461684  0.00092331
       18795       -0.44   -0.461682 0.000923261
       18796        -0.2   -0.461668 0.000923317
       18797       -0.52   -0.461672 0.000923273
       18798       -0.52   -0.461675 0.000923229
       18799       -0.68   -0.461686 0.000923253
       18800       -0.76   -0.461702  0.00092334
       18801        -0.6   -0.461709 0.000923321
       18802        -0.6   -0.461717 0.000923301
       18803       -0.52    -0.46172 0.000923257
       18804       -0.44   -0.461719 0.000923209
       18805        -0.6   -0.461726 0.000923189
       18806        -0.6   -0.461733 0.000923169
       18807       -0.68   -0.461745 0.000923193
       18808        -0.6   -0.461752 0.000923173
       18809       -0.52   -0.461756 0.000923129
       18810        -0.6   -0.461763 0.000923109
       18811       -0.36   -0.461757 0.000923076
       18812       -0.52   -0.461761 0.000923032
       18813       -0.28   -0.461751 0.000923034
       18814       -0.28   -0.461741 0.000923035
       18815       -0.12   -0.461723 0.000923165
       18816       -0.36   -0.461718 0.000923132
       18817       -0.36   -0.461712 0.000923098
       18818        -0.2   -0.461698 0.000923154
       18819       -0.44   -0.461697 0.000923106
       18820       -0.36   -0.461692 0.000923072
       18821       -0.44   -0.461691 0.000923024
       18822       -0.52   -0.461694  0.00092298
       18823        -0.6   -0.461701  0.00092296
       18824        -0.6   -0.461708 0.000922941
       18825       -0.68    -0.46172 0.000922964
       18826       -0.52   -0.461723 0.000922921
       18827       -0.44   -0.461722 0.000922872
       18828       -0.28   -0.461712 0.000922874
       18829       -0.36   -0.461707 0.000922841
       18830        -0.6   -0.461714 0.000922821
       18831       -0.44   -0.461713 0.000922773
       18832       -0.36   -0.461708 0.000922739
       18833       -0.52   -0.461711 0.000922696
       18834       -0.52   -0.461714 0.000922652
       18835        -0.6   -0.461721 0.000922632
       18836        -0.6   -0.461729 0.000922612
       18837       -0.36   -0.461723 0.000922579
       18838       -0.68   -0.461735 0.000922603
       18839        -0.6   -0.461742 0.000922583
       18840       -0.52   -0.461745 0.000922539
       18841       -0.44   -0.461744 0.000922491
       18842       -0.36   -0.461739 0.000922458
       18843       -0.44   -0.461738  0.00092241
       18844       -0.36   -0.461732 0.000922376
       18845       -0.68   -0.461744   0.0009224
       18846       -0.36   -0.461738 0.000922367
       18847       -0.44   -0.461737 0.000922319
       18848        -0.6   -0.461744 0.000922299
       18849       -0.44   -0.461743 0.000922251
       18850       -0.36   -0.461738 0.000922218
       18851       -0.68    -0.46175 0.000922242
       18852       -0.52   -0.461753 0.000922198
       18853        -0.6    -0.46176 0.000922178
       18854       -0.44   -0.461759  0.00092213
       18855       -0.36   -0.461753 0.000922097
       18856       -0.36   -0.461748 0.000922064
       18857       -0.28   -0.461738 0.000922065
       18858       -0.52   -0.461741 0.000922021
       18859       -0.52   -0.461745 0.000921978
       18860       -0.44   -0.461743 0.000921929
       18861       -0.36   -0.461738 0.000921896
       18862       -0.44   -0.461737 0.000921848
       18863       -0.44   -0.461736   0.0009218
       18864       -0.28   -0.461726 0.000921802
       18865       -0.36   -0.461721 0.000921768
       18866       -0.44   -0.461719  0.00092172
       18867        -0.2   -0.461706 0.000921776
       18868       -0.44   -0.461704 0.000921728
       18869       -0.44   -0.461703  0.00092168
       18870       -0.28   -0.461694 0.000921681
       18871       -0.44   -0.461693 0.000921633
       18872       -0.52   -0.461696 0.000921589
       18873        -0.6   -0.461703  0.00092157
       18874       -0.52   -0.461706 0.000921526
       18875        -0.2   -0.461692 0.000921581
       18876        -0.2   -0.461678 0.000921637
       18877       -0.36   -0.461673 0.000921604
       18878       -0.36   -0.461668 0.000921571
       18879        -0.2   -0.461654 0.000921626
       18880       -0.28   -0.461644 0.000921627
       18881       -0.52   -0.461647 0.000921584
       18882       -0.28   -0.461638 0.000921585
       18883       -0.44   -0.461636 0.000921537
       18884       -0.52   -0.461639 0.000921494
       18885       -0.28    -0.46163 0.000921495
       18886        -0.6   -0.461637 0.000921475
       18887       -0.52    -0.46164 0.000921432
       18888       -0.44   -0.461639 0.000921384
       18889       -0.68   -0.461651 0.000921407
       18890       -0.52   -0.461654 0.000921364
       18891       -0.52   -0.461657  0.00092132
       18892        -0.6   -0.461664   0.0009213
       18893       -0.36   -0.461659 0.000921267
       18894        -0.2   -0.461645 0.000921323
       18895        -0.2   -0.461631 0.000921378
       18896       -0.28   -0.461622 0.000921379
       18897       -0.44    -0.46162 0.000921331
       18898       -0.44   -0.461619 0.000921283
       18899        -0.6   -0.461627 0.000921264
       18900       -0.44   -0.461625 0.000921216
       18901       -0.52   -0.461628 0.000921172
       18902       -0.52   -0.461632 0.000921129
       18903       -0.44    -0.46163  0.00092108
       18904       -0.44   -0.461629 0.000921032
       18905       -0.52   -0.461632 0.000920989
       18906       -0.52   -0.461635 0.000920945
       18907        -0.6   -0.461643 0.000920926
       18908        -0.6    -0.46165 0.000920906
       18909       -0.68   -0.461662  0.00092093
       18910       -0.36   -0.461656 0.000920897
       18911       -0.36   -0.461651 0.000920864
       18912       -0.52   -0.461654  0.00092082
       18913        -0.6   -0.461661 0.000920801
       18914        -0.6   -0.461669 0.000920781
       18915        -0.6   -0.461676 0.000920761
       18916       -0.36   -0.461671 0.000920728
       18917        -0.2   -0.461657 0.000920784
       18918        -0.2   -0.461643 0.000920839
       18919        -0.2   -0.461629 0.000920894
       18920       -0.28   -0.461619 0.000920895
       18921       -0.36   -0.461614 0.000920862
       18922       -0.44   -0.461613 0.000920814
       18923       -0.44   -0.461612 0.000920766
       18924       -0.28   -0.461602 0.000920768
       18925       -0.52   -0.461605 0.000920724
       18926       -0.76   -0.461621 0.000920811
       18927        -0.6   -0.461628 0.000920791
       18928       -0.52   -0.461631 0.000920748
       18929       -0.68   -0.461643 0.000920771
       18930        -0.6    -0.46165 0.000920752
       18931       -0.44   -0.461649 0.000920704
       18932       -0.44   -0.461648 0.000920656
       18933        -0.6   -0.461655 0.000920636
       18934       -0.52   -0.461658 0.000920593
       18935       -0.44   -0.461657 0.000920545
       18936       -0.52    -0.46166 0.000920501
       18937       -0.44   -0.461659 0.000920453
       18938       -0.36   -0.461654  0.00092042
       18939       -0.52   -0.461657 0.000920377
       18940       -0.44   -0.461656 0.000920329
       18941       -0.52   -0.461659 0.000920286
       18942       -0.44   -0.461658 0.000920238
       18943       -0.44   -0.461657  0.00092019
       18944       -0.52    -0.46166 0.000920146
       18945       -0.44   -0.461658 0.000920099
       18946       -0.44   -0.461657 0.000920051
       18947       -0.52    -0.46166 0.000920007
       18948       -0.44   -0.461659 0.000919959
       18949       -0.68   -0.461671 0.000919983
       18950        -0.6   -0.461678 0.000919963
       18951       -0.52   -0.461681  0.00091992
       18952       -0.44    -0.46168 0.000919872
       18953       -0.68   -0.461692 0.000919896
       18954       -0.68   -0.461703 0.000919919
       18955        -0.6    -0.46171   0.0009199
       18956        -0.6   -0.461718  0.00091988
       18957       -0.44   -0.461717 0.000919832
       18958       -0.52    -0.46172 0.000919789
       18959       -0.52   -0.461723 0.000919746
       18960       -0.44   -0.461722 0.000919698
       18961        -0.6   -0.461729 0.000919678
       18962       -0.52   -0.461732 0.000919635
       18963       -0.44   -0.461731 0.000919587
       18964       -0.68   -0.461742 0.000919611
       18965       -0.44   -0.461741 0.000919563
       18966       -0.52   -0.461744  0.00091952
       18967        -0.6   -0.461751   0.0009195
       18968       -0.28   -0.461742 0.000919501
       18969       -0.52   -0.461745 0.000919458
       18970       -0.44   -0.461744  0.00091941
       18971       -0.52   -0.461747 0.000919367
       18972       -0.44   -0.461746 0.000919319
       18973       -0.44   -0.461745 0.000919271
       18974       -0.12   -0.461727 0.000919399
       18975       -0.52    -0.46173 0.000919356
       18976       -0.76   -0.461745 0.000919442
       18977        -0.6   -0.461753 0.000919422
       18978        -0.6    -0.46176 0.000919403
       18979       -0.68   -0.461771 0.000919426
       18980       -0.52   -0.461774 0.000919383
       18981       -0.36   -0.461769  0.00091935
       18982       -0.36   -0.461764 0.000919317
       18983       -0.44   -0.461763  0.00091927
       18984       -0.44   -0.461761 0.000919222
       18985        -0.6   -0.461769 0.000919202
       18986       -0.44   -0.461768 0.000919155
       18987       -0.52   -0.461771 0.000919111
       18988        -0.6   -0.461778 0.000919092
       18989       -0.68   -0.461789 0.000919115
       18990       -0.36   -0.461784 0.000919082
       18991       -0.52   -0.461787 0.000919039
       18992       -0.52    -0.46179 0.000918996
       18993       -0.36   -0.461785 0.000918963
       18994       -0.52   -0.461788  0.00091892
       18995        -0.6   -0.461795   0.0009189
       18996       -0.52   -0.461798 0.000918857
       18997       -0.28   -0.461789 0.000918859
       18998       -0.36   -0.461783 0.000918826
       18999        -0.6   -0.461791 0.000918806
       19000       -0.36   -0.461785 0.000918773
       19001       -0.28   -0.461776 0.000918775
       19002        -0.6   -0.461783 0.000918755
       19003        -0.6    -0.46179 0.000918736
       19004        -0.6   -0.461798 0.000918716
       19005       -0.68   -0.461809  0.00091874
       19006       -0.44   -0.461808 0.000918692
       19007       -0.52   -0.461811 0.000918649
       19008        -0.6   -0.461818 0.000918629
       19009       -0.44   -0.461817 0.000918582
       19010       -0.52    -0.46182 0.000918538
       19011        -0.2   -0.461806 0.000918593
       19012       -0.44   -0.461805 0.000918546
       19013       -0.44   -0.461804 0.000918498
       19014       -0.68   -0.461816 0.000918522
       19015       -0.52   -0.461819 0.000918478
       19016        -0.6   -0.461826 0.000918459
       19017        -0.6   -0.461833 0.000918439
       19018       -0.36   -0.461828 0.000918407
       19019       -0.36   -0.461822 0.000918374
       19020       -0.28   -0.461813 0.000918375
       19021       -0.36   -0.461807 0.000918343
       19022       -0.28   -0.461798 0.000918344
       19023       -0.36   -0.461793 0.000918311
       19024       -0.52   -0.461796 0.000918268
       19025       -0.52   -0.461799 0.000918225
       19026       -0.52   -0.461802 0.000918182
       19027        -0.6   -0.461809 0.000918162
       19028       -0.44   -0.461808 0.000918115
       19029       -0.44   -0.461807 0.000918067
       19030       -0.36   -0.461801 0.000918035
       19031       -0.52   -0.461804 0.000917991
       19032       -0.44   -0.461803 0.000917944
       19033       -0.44   -0.461802 0.000917896
       19034       -0.36   -0.461797 0.000917864
       19035       -0.44   -0.461796 0.000917816
       19036       -0.52   -0.461799 0.000917773
       19037       -0.36   -0.461793 0.000917741
       19038       -0.44   -0.461792 0.000917693
       19039       -0.44   -0.461791 0.000917646
       19040       -0.36   -0.461786 0.000917613
       19041       -0.44   -0.461785 0.000917565
       19042       -0.44   -0.461783 0.000917518
       19043       -0.68   -0.461795 0.000917541
       19044       -0.36    -0.46179 0.000917509
       19045        -0.2   -0.461776 0.000917564
       19046       -0.36    -0.46177 0.000917531
       19047       -0.36   -0.461765 0.000917498
       19048       -0.44   -0.461764 0.000917451
       19049       -0.28   -0.461754 0.000917452
       19050       -0.28   -0.461745 0.000917454
       19051       -0.36    -0.46174 0.000917421
       19052       -0.52   -0.461743 0.000917378
       19053       -0.52   -0.461746 0.000917335
       19054       -0.44   -0.461745 0.000917288
       19055       -0.28   -0.461735 0.000917289
       19056       -0.28   -0.461725  0.00091729
       19057       -0.28   -0.461716 0.000917292
       19058       -0.28   -0.461706 0.000917293
       19059        -0.2   -0.461693 0.000917348
       19060        -0.2   -0.461679 0.000917403
       19061        -0.6   -0.461686 0.000917383
       19062        -0.6   -0.461693 0.000917364
       19063       -0.44   -0.461692 0.000917316
       19064       -0.44   -0.461691 0.000917269
       19065       -0.28   -0.461682  0.00091727
       19066       -0.36   -0.461676 0.000917238
       19067       -0.44   -0.461675  0.00091719
       19068       -0.52   -0.461678 0.000917147
       19069       -0.52   -0.461681 0.000917104
       19070       -0.52   -0.461684 0.000917061
       19071       -0.52   -0.461687 0.000917018
       19072       -0.36   -0.461682 0.000916986
       19073       -0.36   -0.461677 0.000916953
       19074       -0.28   -0.461667 0.000916955
       19075       -0.52    -0.46167 0.000916912
       19076       -0.44   -0.461669 0.000916864
       19077       -0.36   -0.461664 0.000916832
       19078       -0.36   -0.461658 0.000916799
       19079       -0.44   -0.461657 0.000916752
       19080       -0.52    -0.46166 0.000916709
       19081       -0.44   -0.461659 0.000916661
       19082       -0.44   -0.461658 0.000916614
       19083       -0.28   -0.461649 0.000916615
       19084       -0.36   -0.461643 0.000916583
       19085       -0.52   -0.461646  0.00091654
       19086        -0.6   -0.461654 0.000916521
       19087       -0.44   -0.461652 0.000916473
       19088       -0.52   -0.461655  0.00091643
       19089       -0.68   -0.461667 0.000916454
       19090        -0.6   -0.461674 0.000916434
       19091        -0.6   -0.461681 0.000916415
       19092       -0.52   -0.461684 0.000916372
       19093        -0.2   -0.461671 0.000916427
       19094       -0.36   -0.461665 0.000916394
       19095       -0.44   -0.461664 0.000916347
       19096        -0.2   -0.461651 0.000916401
       19097       -0.36   -0.461645 0.000916369
       19098        -0.2   -0.461632 0.000916423
       19099       -0.36   -0.461626 0.000916391
       19100       -0.52   -0.461629 0.000916348
       19101       -0.44   -0.461628 0.000916301
       19102       -0.44   -0.461627 0.000916253
       19103        -0.6   -0.461634 0.000916234
       19104       -0.52   -0.461637 0.000916191
       19105       -0.68   -0.461649 0.000916214
       19106       -0.68    -0.46166 0.000916238
       19107       -0.68   -0.461672 0.000916261
       19108       -0.44   -0.461671 0.000916214
       19109       -0.68   -0.461682 0.000916237
       19110       -0.68   -0.461693  0.00091626
       19111       -0.68   -0.461705 0.000916284
       19112       -0.36   -0.461699 0.000916251
       19113       -0.28    -0.46169 0.000916252
       19114        -0.2   -0.461676 0.000916307
       19115        -0.2   -0.461663 0.000916361
       19116        -0.2   -0.461649 0.000916415
       19117       -0.28   -0.461639 0.000916417
       19118       -0.28    -0.46163 0.000916418
       19119       -0.44   -0.461629 0.000916371
       19120       -0.36   -0.461623 0.000916338
       19121       -0.44   -0.461622 0.000916291
       19122       -0.36   -0.461617 0.000916259
       19123       -0.44   -0.461616 0.000916211
       19124       -0.44   -0.461615 0.000916164
       19125       -0.36   -0.461609 0.000916132
       19126       -0.52   -0.461612 0.000916089
       19127       -0.52   -0.461616 0.000916046
       19128        -0.6   -0.461623 0.000916027
       19129       -0.68   -0.461634  0.00091605
       19130       -0.28   -0.461625 0.000916051
       19131       -0.52   -0.461628 0.000916008
       19132       -0.36   -0.461622 0.000915976
       19133        -0.2   -0.461609  0.00091603
       19134       -0.28   -0.461599 0.000916031
       19135       -0.36   -0.461594 0.000915999
       19136       -0.28   -0.461584    0.000916
       19137       -0.36   -0.461579 0.000915968
       19138       -0.36   -0.461574 0.000915935
       19139        -0.6   -0.461581 0.000915916
       19140       -0.52   -0.461584 0.000915873
       19141       -0.36   -0.461579 0.000915841
       19142       -0.52   -0.461582 0.000915798
       19143       -0.44   -0.461581 0.000915751
       19144       -0.52   -0.461584 0.000915708
       19145       -0.44   -0.461583 0.000915661
       19146       -0.44   -0.461582 0.000915614
       19147       -0.44    -0.46158 0.000915567
       19148       -0.52   -0.461583 0.000915524
       19149       -0.52   -0.461587 0.000915481
       19150       -0.44   -0.461585 0.000915434
       19151       -0.44   -0.461584 0.000915387
       19152       -0.44   -0.461583  0.00091534
       19153        -0.6    -0.46159 0.000915321
       19154       -0.28   -0.461581 0.000915322
       19155       -0.36   -0.461576  0.00091529
       19156       -0.28   -0.461566 0.000915291
       19157       -0.36   -0.461561 0.000915258
       19158       -0.44    -0.46156 0.000915211
       19159       -0.44   -0.461559 0.000915164
       19160       -0.52   -0.461562 0.000915122
       19161       -0.44    -0.46156 0.000915075
       19162       -0.44   -0.461559 0.000915027
       19163       -0.28    -0.46155 0.000915029
       19164       -0.44   -0.461549 0.000914982
       19165       -0.44   -0.461548 0.000914935
       19166       -0.36   -0.461542 0.000914902
       19167       -0.36   -0.461537  0.00091487
       19168       -0.52    -0.46154 0.000914827
       19169       -0.52   -0.461543 0.000914785
       19170       -0.52   -0.461546 0.000914742
       19171       -0.44   -0.461545 0.000914695
       19172       -0.44   -0.461544 0.000914648
       19173       -0.52   -0.461547 0.000914605
       19174       -0.52    -0.46155 0.000914563
       19175       -0.44   -0.461549 0.000914516
       19176       -0.28   -0.461539 0.000914517
       19177       -0.28    -0.46153 0.000914518
       19178       -0.44   -0.461529 0.000914471
       19179       -0.52   -0.461532 0.000914429
       19180       -0.52   -0.461535 0.000914386
       19181       -0.36    -0.46153 0.000914354
       19182       -0.44   -0.461529 0.000914307
       19183        -0.6   -0.461536 0.000914288
       19184       -0.36    -0.46153 0.000914255
       19185       -0.44   -0.461529 0.000914208
       19186        -0.6   -0.461537 0.000914189
       19187       -0.52    -0.46154 0.000914147
       19188       -0.28    -0.46153 0.000914148
       19189       -0.44   -0.461529 0.000914101
       19190        -0.2   -0.461515 0.000914155
       19191       -0.36    -0.46151 0.000914123
       19192       -0.36   -0.461505  0.00091409
       19193       -0.36     -0.4615 0.000914058
       19194       -0.44   -0.461498 0.000914011
       19195       -0.68    -0.46151 0.000914034
       19196        -0.6   -0.461517 0.000914015
       19197        -0.6   -0.461524 0.000913996
       19198       -0.52   -0.461527 0.000913953
       19199       -0.44   -0.461526 0.000913906
       19200       -0.36   -0.461521 0.000913874
       19201       -0.44    -0.46152 0.000913827
       19202       -0.52   -0.461523 0.000913785
       19203       -0.28   -0.461513 0.000913786
       19204       -0.36   -0.461508 0.000913754
       19205       -0.44   -0.461507 0.000913707
       19206       -0.44   -0.461506  0.00091366
       19207       -0.52   -0.461509 0.000913617
       19208       -0.36   -0.461504 0.000913585
       19209       -0.68   -0.461515 0.000913608
       19210       -0.52   -0.461518 0.000913566
       19211        -0.6   -0.461525 0.000913547
       19212        -0.6   -0.461532 0.000913528
       19213       -0.36   -0.461527 0.000913495
       19214        -0.2   -0.461513 0.000913549
       19215        -0.6   -0.461521  0.00091353
       19216       -0.52   -0.461524 0.000913488
       19217       -0.28   -0.461514 0.000913489
       19218       -0.52   -0.461517 0.000913447
       19219       -0.52    -0.46152 0.000913404
       19220       -0.68   -0.461532 0.000913427
       19221       -0.44   -0.461531  0.00091338
       19222       -0.52   -0.461534 0.000913338
       19223       -0.52   -0.461537 0.000913296
       19224        -0.6   -0.461544 0.000913276
       19225       -0.68   -0.461555   0.0009133
       19226       -0.52   -0.461558 0.000913257
       19227       -0.84   -0.461578 0.000913422
       19228        -0.6   -0.461585 0.000913403
       19229       -0.44   -0.461584 0.000913356
       19230       -0.36   -0.461579 0.000913324
       19231       -0.36   -0.461574 0.000913291
       19232       -0.52   -0.461577 0.000913249
       19233       -0.68   -0.461588 0.000913272
       19234       -0.84   -0.461608 0.000913437
       19235       -0.84   -0.461627 0.000913601
       19236       -0.52    -0.46163 0.000913558
       19237       -0.44   -0.461629 0.000913512
       19238       -0.36   -0.461624 0.000913479
       19239       -0.44   -0.461623 0.000913433
       19240        -0.6    -0.46163 0.000913413
       19241       -0.52   -0.461633 0.000913371
       19242        -0.6    -0.46164 0.000913352
       19243        -0.6   -0.461647 0.000913333
       19244       -0.52    -0.46165  0.00091329
       19245       -0.44   -0.461649 0.000913243
       19246       -0.28    -0.46164 0.000913245
       19247       -0.28    -0.46163 0.000913246
       19248       -0.52   -0.461633 0.000913204
       19249       -0.44   -0.461632 0.000913157
       19250       -0.44   -0.461631  0.00091311
       19251       -0.28   -0.461622 0.000913112
       19252       -0.44   -0.461621 0.000913065
       19253       -0.52   -0.461624 0.000913022
       19254       -0.28   -0.461614 0.000913024
       19255       -0.44   -0.461613 0.000912977
       19256       -0.44   -0.461612  0.00091293
       19257        -0.6   -0.461619 0.000912911
       19258       -0.36   -0.461614 0.000912879
       19259       -0.44   -0.461613 0.000912832
       19260        -0.6    -0.46162 0.000912813
       19261       -0.68   -0.461631 0.000912836
       19262       -0.52   -0.461634 0.000912794
       19263       -0.44   -0.461633 0.000912747
       19264       -0.36   -0.461628 0.000912715
       19265       -0.44   -0.461627 0.000912668
       19266        -0.6   -0.461634 0.000912649
       19267       -0.36   -0.461629 0.000912617
       19268       -0.36   -0.461623 0.000912585
       19269       -0.36   -0.461618 0.000912553
       19270       -0.28   -0.461609 0.000912554
       19271       -0.36   -0.461603 0.000912522
       19272       -0.52   -0.461606  0.00091248
       19273       -0.36   -0.461601 0.000912448
       19274       -0.36   -0.461596 0.000912415
       19275        -0.6   -0.461603 0.000912396
       19276       -0.36   -0.461598 0.000912364
       19277       -0.28   -0.461588 0.000912366
       19278       -0.28   -0.461579 0.000912367
       19279       -0.12   -0.461561 0.000912492
       19280       -0.28   -0.461552 0.000912493
       19281       -0.76   -0.461567 0.000912577
       19282       -0.36   -0.461562 0.000912545
       19283        -0.2   -0.461549 0.000912598
       19284       -0.52   -0.461552 0.000912556
       19285       -0.52   -0.461555 0.000912514
       19286       -0.44   -0.461553 0.000912467
       19287       -0.36   -0.461548 0.000912435
       19288       -0.28   -0.461539 0.000912436
       19289       -0.36   -0.461534 0.000912404
       19290       -0.52   -0.461537 0.000912362
       19291       -0.52    -0.46154 0.000912319
       19292        -0.2   -0.461526 0.000912373
       19293       -0.36   -0.461521 0.000912341
       19294       -0.36   -0.461515 0.000912309
       19295       -0.44   -0.461514 0.000912262
       19296       -0.44   -0.461513 0.000912215
       19297       -0.44   -0.461512 0.000912169
       19298       -0.36   -0.461507 0.000912137
       19299       -0.36   -0.461502 0.000912105
       19300       -0.44   -0.461501 0.000912058
       19301       -0.52   -0.461504 0.000912016
       19302       -0.52   -0.461507 0.000911974
       19303       -0.52    -0.46151 0.000911931
       19304        -0.6   -0.461517 0.000911912
       19305       -0.52    -0.46152  0.00091187
       19306       -0.52   -0.461523 0.000911828
       19307        -0.2   -0.461509 0.000911881
       19308       -0.36   -0.461504 0.000911849
       19309       -0.44   -0.461503 0.000911803
       19310        -0.2   -0.461489 0.000911856
       19311       -0.44   -0.461488  0.00091181
       19312        -0.6   -0.461495 0.000911791
       19313       -0.28   -0.461486 0.000911792
       19314       -0.36   -0.461481  0.00091176
       19315       -0.28   -0.461471 0.000911761
       19316       -0.44    -0.46147 0.000911714
       19317       -0.52   -0.461473 0.000911672
       19318       -0.36   -0.461468  0.00091164
       19319       -0.44   -0.461467 0.000911594
       19320       -0.44   -0.461466 0.000911547
       19321       -0.52   -0.461469 0.000911505
       19322       -0.36   -0.461464 0.000911473
       19323        -0.2    -0.46145 0.000911526
       19324       -0.44   -0.461449  0.00091148
       19325       -0.52   -0.461452 0.000911438
       19326        -0.6   -0.461459 0.000911419
       19327       -0.44   -0.461458 0.000911372
       19328       -0.44   -0.461457 0.000911326
       19329       -0.52    -0.46146 0.000911284
       19330        -0.2   -0.461446 0.000911337
       19331       -0.44   -0.461445  0.00091129
       19332       -0.36    -0.46144 0.000911258
       19333       -0.44   -0.461439 0.000911212
       19334       -0.44   -0.461438 0.000911165
       19335        -0.6   -0.461445 0.000911146
       19336       -0.44   -0.461444   0.0009111
       19337       -0.44   -0.461443 0.000911053
       19338       -0.44   -0.461442 0.000911007
       19339       -0.44   -0.461441 0.000910961
       19340       -0.44    -0.46144 0.000910914
       19341       -0.44   -0.461438 0.000910868
       19342       -0.36   -0.461433 0.000910836
       19343       -0.44   -0.461432 0.000910789
       19344       -0.52   -0.461435 0.000910747
       19345       -0.52   -0.461438 0.000910705
       19346       -0.36   -0.461433 0.000910673
       19347        -0.2   -0.461419 0.000910726
       19348       -0.36   -0.461414 0.000910694
       19349       -0.36   -0.461409 0.000910662
       19350        -0.6   -0.461416 0.000910644
       19351       -0.52   -0.461419 0.000910602
       19352        -0.6   -0.461426 0.000910583
       19353       -0.68   -0.461438 0.000910606
       19354       -0.44   -0.461436 0.000910559
       19355       -0.28   -0.461427  0.00091056
       19356       -0.28   -0.461418 0.000910562
       19357       -0.28   -0.461408 0.000910563
       19358       -0.36   -0.461403 0.000910531
       19359       -0.44   -0.461402 0.000910485
       19360       -0.52   -0.461405 0.000910443
       19361       -0.52   -0.461408 0.000910401
       19362       -0.36   -0.461403 0.000910369
       19363       -0.52   -0.461406 0.000910327
       19364       -0.52   -0.461409 0.000910285
       19365       -0.44   -0.461408 0.000910238
       19366       -0.52   -0.461411 0.000910196
       19367       -0.76   -0.461426  0.00091028
       19368       -0.52   -0.461429 0.000910238
       19369       -0.44   -0.461428 0.000910192
       19370       -0.52   -0.461431  0.00091015
       19371       -0.28   -0.461422 0.000910151
       19372       -0.36   -0.461416 0.000910119
       19373        -0.2   -0.461403 0.000910172
       19374       -0.44   -0.461402 0.000910126
       19375       -0.28   -0.461393 0.000910127
       19376       -0.44   -0.461391 0.000910081
       19377       -0.44    -0.46139 0.000910034
       19378       -0.52   -0.461393 0.000909992
       19379       -0.68   -0.461405 0.000910015
       19380        -0.6   -0.461412 0.000909996
       19381       -0.44   -0.461411  0.00090995
       19382        -0.6   -0.461418 0.000909931
       19383       -0.52   -0.461421 0.000909889
       19384       -0.36   -0.461416 0.000909857
       19385       -0.44   -0.461414 0.000909811
       19386        -0.6   -0.461422 0.000909792
       19387       -0.44   -0.461421 0.000909746
       19388       -0.44   -0.461419   0.0009097
       19389        -0.6   -0.461427 0.000909681
       19390       -0.28   -0.461417 0.000909682
       19391        -0.6   -0.461424 0.000909663
       19392       -0.28   -0.461415 0.000909665
       19393       -0.44   -0.461414 0.000909618
       19394        -0.6   -0.461421 0.000909599
       19395       -0.52   -0.461424 0.000909558
       19396       -0.52   -0.461427 0.000909516
       19397        -0.6   -0.461434 0.000909497
       19398       -0.44   -0.461433 0.000909451
       19399       -0.68   -0.461444 0.000909474
       19400       -0.52   -0.461447 0.000909432
       19401        -0.6   -0.461455 0.000909413
       19402        -0.2   -0.461441 0.000909466
       19403       -0.36   -0.461436 0.000909434
       19404       -0.52   -0.461439 0.000909392
       19405       -0.52   -0.461442  0.00090935
       19406       -0.68   -0.461453 0.000909373
       19407       -0.36   -0.461448 0.000909341
       19408       -0.52   -0.461451 0.000909299
       19409       -0.44    -0.46145 0.000909253
       19410        -0.6   -0.461457 0.000909234
       19411       -0.44   -0.461456 0.000909188
       19412       -0.52   -0.461459 0.000909146
       19413       -0.12   -0.461441  0.00090927
       19414       -0.36   -0.461436 0.000909238
       19415        -0.2   -0.461423 0.000909291
       19416       -0.36   -0.461417 0.000909259
       19417       -0.28   -0.461408  0.00090926
       19418       -0.52   -0.461411 0.000909218
       19419       -0.44    -0.46141 0.000909172
       19420       -0.44   -0.461409 0.000909126
       19421       -0.44   -0.461408  0.00090908
       19422       -0.36   -0.461403 0.000909048
       19423       -0.28   -0.461393 0.000909049
       19424       -0.36   -0.461388 0.000909017
       19425        -0.2   -0.461375  0.00090907
       19426       -0.28   -0.461365 0.000909071
       19427       -0.44   -0.461364 0.000909025
       19428        -0.2   -0.461351 0.000909078
       19429       -0.36   -0.461345 0.000909046
       19430       -0.28   -0.461336 0.000909047
       19431       -0.28   -0.461327 0.000909048
       19432        -0.6   -0.461334  0.00090903
       19433       -0.52   -0.461337 0.000908988
       19434       -0.44   -0.461336 0.000908942
       19435       -0.52   -0.461339   0.0009089
       19436        -0.2   -0.461325 0.000908953
       19437       -0.36    -0.46132 0.000908921
       19438       -0.44   -0.461319 0.000908875
       19439       -0.44   -0.461318 0.000908829
       19440       -0.52   -0.461321 0.000908787
       19441       -0.44    -0.46132 0.000908741
       19442       -0.36   -0.461315 0.000908709
       19443       -0.44   -0.461314 0.000908663
       19444       -0.44   -0.461312 0.000908617
       19445       -0.44   -0.461311 0.000908571
       19446       -0.44    -0.46131 0.000908525
       19447        -0.2   -0.461297 0.000908577
       19448       -0.44   -0.461296 0.000908531
       19449       -0.44   -0.461295 0.000908485
       19450       -0.36   -0.461289 0.000908454
       19451       -0.28    -0.46128 0.000908455
       19452       -0.36   -0.461275 0.000908423
       19453       -0.36    -0.46127 0.000908391
       19454       -0.36   -0.461265 0.000908359
       19455       -0.52   -0.461268 0.000908318
       19456        -0.6   -0.461275 0.000908299
       19457       -0.36   -0.461269 0.000908267
       19458       -0.36   -0.461264 0.000908235
       19459       -0.52   -0.461267 0.000908194
       19460        -0.2   -0.461254 0.000908246
       19461        -0.6   -0.461261 0.000908228
       19462        -0.6   -0.461268 0.000908209
       19463        -0.6   -0.461275  0.00090819
       19464       -0.36    -0.46127 0.000908158
       19465       -0.36   -0.461265 0.000908127
       19466       -0.36    -0.46126 0.000908095
       19467       -0.28    -0.46125 0.000908096
       19468       -0.44   -0.461249  0.00090805
       19469       -0.44   -0.461248 0.000908004
       19470       -0.36   -0.461243 0.000907972
       19471       -0.44   -0.461242 0.000907926
       19472       -0.52   -0.461245 0.000907885
       19473       -0.52   -0.461248 0.000907843
       19474        -0.6   -0.461255 0.000907824
       19475       -0.36    -0.46125 0.000907793
       19476       -0.36   -0.461245 0.000907761
       19477       -0.36   -0.461239 0.000907729
       19478       -0.52   -0.461242 0.000907688
       19479       -0.68   -0.461254 0.000907711
       19480       -0.44   -0.461253 0.000907665
       19481       -0.52   -0.461256 0.000907623
       19482       -0.44   -0.461254 0.000907577
       19483       -0.36   -0.461249 0.000907545
       19484       -0.52   -0.461252 0.000907504
       19485       -0.28   -0.461243 0.000907505
       19486       -0.36   -0.461238 0.000907473
       19487       -0.36   -0.461233 0.000907442
       19488       -0.44   -0.461232 0.000907396
       19489       -0.52   -0.461235 0.000907354
       19490       -0.44   -0.461233 0.000907308
       19491       -0.52   -0.461236 0.000907267
       19492       -0.28   -0.461227 0.000907268
       19493       -0.52    -0.46123 0.000907226
       19494       -0.36   -0.461225 0.000907195
       19495       -0.12   -0.461207 0.000907317
       19496       -0.28   -0.461198 0.000907318
       19497       -0.36   -0.461193 0.000907286
       19498       -0.52   -0.461196 0.000907245
       19499       -0.36   -0.461191 0.000907213
       19500       -0.36   -0.461186 0.000907181
       19501       -0.28   -0.461176 0.000907182
       19502        -0.6   -0.461183 0.000907164
       19503       -0.52   -0.461186 0.000907122
       19504       -0.44   -0.461185 0.000907076
       19505       -0.52   -0.461188 0.000907035
       19506       -0.44   -0.461187 0.000906989
       19507       -0.52    -0.46119 0.000906948
       19508       -0.44   -0.461189 0.000906902
       19509       -0.36   -0.461184  0.00090687
       19510       -0.36   -0.461179 0.000906838
       19511        -0.6   -0.461186  0.00090682
       19512       -0.44   -0.461185 0.000906774
       19513       -0.36    -0.46118 0.000906742
       19514        -0.2   -0.461166 0.000906795
       19515       -0.44   -0.461165 0.000906749
       19516       -0.52   -0.461168 0.000906707
       19517       -0.68   -0.461179  0.00090673
       19518       -0.52   -0.461182 0.000906689
       19519       -0.36   -0.461177 0.000906657
       19520        -0.2   -0.461164  0.00090671
       19521        -0.6   -0.461171 0.000906691
       19522        -0.6   -0.461178 0.000906672
       19523       -0.76   -0.461193 0.000906755
       19524       -0.52   -0.461196 0.000906714
       19525       -0.44   -0.461195 0.000906668
       19526       -0.28   -0.461186 0.000906669
       19527       -0.28   -0.461177  0.00090667
       19528       -0.52    -0.46118 0.000906629
       19529       -0.68   -0.461191 0.000906651
       19530        -0.6   -0.461198 0.000906633
       19531       -0.36   -0.461193 0.000906601
       19532        -0.6     -0.4612 0.000906583
       19533       -0.52   -0.461203 0.000906541
       19534        -0.6    -0.46121 0.000906523
       19535       -0.44   -0.461209 0.000906477
       19536       -0.36   -0.461204 0.000906445
       19537       -0.52   -0.461207 0.000906404
       19538        -0.6   -0.461214 0.000906385
       19539       -0.52   -0.461217 0.000906344
       19540       -0.44   -0.461216 0.000906298
       19541       -0.44   -0.461215 0.000906253
       19542       -0.44   -0.461214 0.000906207
       19543        -0.6   -0.461221 0.000906188
       19544       -0.52   -0.461224 0.000906147
       19545       -0.52   -0.461227 0.000906106
       19546        -0.6   -0.461234 0.000906087
       19547       -0.52   -0.461237 0.000906046
       19548       -0.36   -0.461232 0.000906014
       19549       -0.28   -0.461223 0.000906015
       19550        -0.6    -0.46123 0.000905997
       19551       -0.36   -0.461224 0.000905965
       19552        -0.6   -0.461232 0.000905947
       19553       -0.68   -0.461243 0.000905969
       19554       -0.52   -0.461246 0.000905928
       19555       -0.52   -0.461249 0.000905887
       19556       -0.36   -0.461244 0.000905855
       19557       -0.52   -0.461247 0.000905814
       19558       -0.76   -0.461262 0.000905896
       19559       -0.52   -0.461265 0.000905855
       19560        -0.6   -0.461272 0.000905836
       19561       -0.52   -0.461275 0.000905795
       19562       -0.36    -0.46127 0.000905764
       19563       -0.28   -0.461261 0.000905765
       19564       -0.44   -0.461259 0.000905719
       19565        -0.2   -0.461246 0.000905771
       19566       -0.28   -0.461237 0.000905772
       19567       -0.44   -0.461236 0.000905727
       19568       -0.44   -0.461235 0.000905681
       19569       -0.36   -0.461229 0.000905649
       19570       -0.44   -0.461228 0.000905604
       19571       -0.52   -0.461231 0.000905562
       19572       -0.28   -0.461222 0.000905564
       19573        -0.6   -0.461229 0.000905545
       19574       -0.68    -0.46124 0.000905568
       19575        -0.6   -0.461248 0.000905549
       19576       -0.52   -0.461251 0.000905508
       19577        -0.6   -0.461258 0.000905489
       19578       -0.68   -0.461269 0.000905512
       19579        -0.6   -0.461276 0.000905494
       19580       -0.52   -0.461279 0.000905452
       19581       -0.52   -0.461282 0.000905411
       19582       -0.36   -0.461277  0.00090538
       19583        -0.2   -0.461263 0.000905432
       19584       -0.36   -0.461258   0.0009054
       19585       -0.36   -0.461253 0.000905369
       19586       -0.68   -0.461264 0.000905391
       19587        -0.6   -0.461271 0.000905373
       19588       -0.52   -0.461274 0.000905332
       19589       -0.52   -0.461277  0.00090529
       19590       -0.36   -0.461272 0.000905259
       19591       -0.36   -0.461267 0.000905227
       19592        -0.2   -0.461254 0.000905279
       19593       -0.52   -0.461257 0.000905238
       19594       -0.44   -0.461255 0.000905193
       19595       -0.52   -0.461258 0.000905151
       19596       -0.44   -0.461257 0.000905106
       19597       -0.36   -0.461252 0.000905074
       19598        -0.6   -0.461259 0.000905056
       19599       -0.36   -0.461254 0.000905024
       19600        -0.6   -0.461261 0.000905006
       19601       -0.44    -0.46126  0.00090496
       19602       -0.44   -0.461259 0.000904915
       19603       -0.36   -0.461254 0.000904884
       19604       -0.44   -0.461253 0.000904838
       19605       -0.36   -0.461248 0.000904807
       19606       -0.36   -0.461242 0.000904775
       19607       -0.36   -0.461237 0.000904744
       19608       -0.28   -0.461228 0.000904745
       19609       -0.44   -0.461227 0.000904699
       19610       -0.52    -0.46123 0.000904658
       19611       -0.44   -0.461229 0.000904613
       19612       -0.36   -0.461224 0.000904581
       19613       -0.36   -0.461219  0.00090455
       19614       -0.44   -0.461217 0.000904504
       19615       -0.36   -0.461212 0.000904473
       19616       -0.44   -0.461211 0.000904428
       19617        -0.2   -0.461198  0.00090448
       19618       -0.28   -0.461189 0.000904481
       19619       -0.44   -0.461188 0.000904435
       19620        -0.6   -0.461195 0.000904417
       19621       -0.52   -0.461198 0.000904376
       19622       -0.44   -0.461197  0.00090433
       19623       -0.44   -0.461196 0.000904285
       19624        -0.6   -0.461203 0.000904266
       19625        -0.6    -0.46121 0.000904248
       19626        -0.6   -0.461217 0.000904229
       19627       -0.36   -0.461212 0.000904198
       19628        -0.2   -0.461198  0.00090425
       19629       -0.44   -0.461197 0.000904204
       19630       -0.52     -0.4612 0.000904163
       19631       -0.28   -0.461191 0.000904164
       19632       -0.68   -0.461202 0.000904187
       19633       -0.76   -0.461217 0.000904269
       19634        -0.6   -0.461224 0.000904251
       19635       -0.68   -0.461236 0.000904273
       19636        -0.6   -0.461243 0.000904255
       19637       -0.52   -0.461246 0.000904214
       19638       -0.44   -0.461245 0.000904168
       19639       -0.36   -0.461239 0.000904137
       19640       -0.44   -0.461238 0.000904092
       19641       -0.52   -0.461241 0.000904051
       19642       -0.44    -0.46124 0.000904005
       19643       -0.44   -0.461239  0.00090396
       19644       -0.52   -0.461242 0.000903919
       19645       -0.36   -0.461237 0.000903887
       19646       -0.28   -0.461228 0.000903888
       19647       -0.44   -0.461227 0.000903843
       19648        -0.6   -0.461234 0.000903825
       19649       -0.52   -0.461237 0.000903784
       19650       -0.44   -0.461236 0.000903738
       19651        -0.6   -0.461243  0.00090372
       19652       -0.68   -0.461254 0.000903742
       19653       -0.52   -0.461257 0.000903701
       19654       -0.44   -0.461256 0.000903656
       19655       -0.44   -0.461255 0.000903611
       19656        -0.6   -0.461262 0.000903592
       19657       -0.52   -0.461265 0.000903551
       19658       -0.36    -0.46126  0.00090352
       19659       -0.52   -0.461263 0.000903479
       19660       -0.44   -0.461261 0.000903434
       19661       -0.68   -0.461273 0.000903456
       19662       -0.36   -0.461267 0.000903425
       19663       -0.52    -0.46127 0.000903384
       19664       -0.52   -0.461273 0.000903343
       19665       -0.52   -0.461276 0.000903302
       19666       -0.44   -0.461275 0.000903257
       19667        -0.2   -0.461262 0.000903308
       19668       -0.44   -0.461261 0.000903263
       19669       -0.44    -0.46126 0.000903218
       19670        -0.6   -0.461267   0.0009032
       19671       -0.44   -0.461266 0.000903154
       19672       -0.28   -0.461257 0.000903155
       19673       -0.68   -0.461268 0.000903178
       19674        -0.6   -0.461275 0.000903159
       19675       -0.44   -0.461274 0.000903114
       19676       -0.36   -0.461269 0.000903083
       19677       -0.28   -0.461259 0.000903084
       19678       -0.36   -0.461254 0.000903053
       19679       -0.36   -0.461249 0.000903022
       19680        -0.2   -0.461236 0.000903073
       19681        -0.6   -0.461243 0.000903055
       19682       -0.52   -0.461246 0.000903014
       19683       -0.68   -0.461257 0.000903037
       19684       -0.36   -0.461252 0.000903005
       19685       -0.36   -0.461247 0.000902974
       19686       -0.52    -0.46125 0.000902933
       19687       -0.36   -0.461244 0.000902902
       19688       -0.36   -0.461239 0.000902871
       19689       -0.36   -0.461234 0.000902839
       19690       -0.52   -0.461237 0.000902799
       19691       -0.52    -0.46124 0.000902758
       19692       -0.52   -0.461243 0.000902717
       19693       -0.52   -0.461246 0.000902676
       19694       -0.44   -0.461245 0.000902631
       19695       -0.52   -0.461248  0.00090259
       19696        -0.6   -0.461255 0.000902571
       19697       -0.28   -0.461246 0.000902572
       19698       -0.44   -0.461245 0.000902527
       19699       -0.36    -0.46124 0.000902496
       19700       -0.44   -0.461239 0.000902451
       19701       -0.52   -0.461242  0.00090241
       19702       -0.44    -0.46124 0.000902365
       19703       -0.36   -0.461235 0.000902334
       19704        -0.6   -0.461242 0.000902315
       19705       -0.36   -0.461237 0.000902284
       19706       -0.36   -0.461232 0.000902253
       19707       -0.36   -0.461227 0.000902222
       19708       -0.36   -0.461222 0.000902191
       19709       -0.44   -0.461221 0.000902146
       19710       -0.28   -0.461212 0.000902147
       19711       -0.44    -0.46121 0.000902102
       19712       -0.52   -0.461213 0.000902061
       19713       -0.52   -0.461216  0.00090202
       19714       -0.52   -0.461219 0.000901979
       19715       -0.44   -0.461218 0.000901934
       19716       -0.36   -0.461213 0.000901903
       19717       -0.52   -0.461216 0.000901862
       19718       -0.36   -0.461211 0.000901831
       19719       -0.52   -0.461214  0.00090179
       19720       -0.44   -0.461213 0.000901745
       19721       -0.52   -0.461216 0.000901704
       19722       -0.52   -0.461219 0.000901663
       19723        -0.6   -0.461226 0.000901645
       19724       -0.52   -0.461229 0.000901604
       19725       -0.68    -0.46124 0.000901627
       19726       -0.68   -0.461251 0.000901649
       19727       -0.52   -0.461254 0.000901609
       19728       -0.28   -0.461245  0.00090161
       19729       -0.36    -0.46124 0.000901579
       19730       -0.52   -0.461243 0.000901538
       19731       -0.36   -0.461238 0.000901507
       19732        -0.6   -0.461245 0.000901489
       19733       -0.44   -0.461244 0.000901443
       19734       -0.28   -0.461234 0.000901445
       19735       -0.12   -0.461217 0.000901565
       19736       -0.36   -0.461212 0.000901534
       19737       -0.44   -0.461211 0.000901489
       19738       -0.52   -0.461214 0.000901448
       19739       -0.36   -0.461209 0.000901417
       19740       -0.52   -0.461212 0.000901376
       19741       -0.44   -0.461211 0.000901331
       19742       -0.28   -0.461201 0.000901332
       19743       -0.44     -0.4612 0.000901287
       19744       -0.52   -0.461203 0.000901246
       19745       -0.68   -0.461214 0.000901269
       19746       -0.52   -0.461217 0.000901228
       19747       -0.76   -0.461233 0.000901309
       19748       -0.52   -0.461236 0.000901269
       19749       -0.36    -0.46123 0.000901238
       19750       -0.28   -0.461221 0.000901239
       19751       -0.28   -0.461212  0.00090124
       19752       -0.36   -0.461207 0.000901209
       19753        -0.6   -0.461214  0.00090119
       19754       -0.52   -0.461217  0.00090115
       19755       -0.36   -0.461212 0.000901119
       19756        -0.2   -0.461199  0.00090117
       19757       -0.36   -0.461194 0.000901139
       19758       -0.44   -0.461192 0.000901094
       19759       -0.44   -0.461191 0.000901049
       19760       -0.68   -0.461202 0.000901072
       19761       -0.36   -0.461197 0.000901041
       19762       -0.36   -0.461192 0.000901009
       19763       -0.52   -0.461195 0.000900969
       19764       -0.36    -0.46119 0.000900938
       19765       -0.76   -0.461205 0.000901019
       19766        -0.6   -0.461212 0.000901001
       19767       -0.52   -0.461215  0.00090096
       19768       -0.44   -0.461214 0.000900915
       19769       -0.44   -0.461213  0.00090087
       19770       -0.36   -0.461208 0.000900839
       19771       -0.36   -0.461203 0.000900808
       19772       -0.44   -0.461202 0.000900763
       19773       -0.44   -0.461201 0.000900718
       19774        -0.6   -0.461208   0.0009007
       19775        -0.6   -0.461215 0.000900682
       19776       -0.52   -0.461218 0.000900641
       19777       -0.28   -0.461208 0.000900642
       19778       -0.36   -0.461203 0.000900611
       19779       -0.44   -0.461202 0.000900567
       19780       -0.28   -0.461193 0.000900568
       19781        -0.6     -0.4612 0.000900549
       19782       -0.52   -0.461203 0.000900509
       19783       -0.28   -0.461194  0.00090051
       19784       -0.28   -0.461185 0.000900511
       19785       -0.28   -0.461176 0.000900512
       19786        -0.2   -0.461162 0.000900563
       19787       -0.28   -0.461153 0.000900564
       19788       -0.12   -0.461136 0.000900684
       19789       -0.44   -0.461135 0.000900639
       19790        -0.6   -0.461142 0.000900621
       19791       -0.68   -0.461153 0.000900643
       19792       -0.44   -0.461152 0.000900598
       19793       -0.28   -0.461143 0.000900599
       19794       -0.52   -0.461146 0.000900559
       19795        -0.2   -0.461133  0.00090061
       19796       -0.44   -0.461132 0.000900565
       19797       -0.52   -0.461135 0.000900524
       19798       -0.28   -0.461125 0.000900525
       19799       -0.28   -0.461116 0.000900526
       19800       -0.44   -0.461115 0.000900481
       19801        -0.2   -0.461102 0.000900532
       19802       -0.36   -0.461097 0.000900501
       19803       -0.44   -0.461096 0.000900457
       19804        -0.6   -0.461103 0.000900438
       19805       -0.52   -0.461106 0.000900398
       19806       -0.52   -0.461109 0.000900357
       19807       -0.36   -0.461104 0.000900326
       19808       -0.36   -0.461099 0.000900295
       19809       -0.44   -0.461097 0.000900251
       19810        -0.6   -0.461104 0.000900232
       19811       -0.52   -0.461107 0.000900192
       19812       -0.36   -0.461102 0.000900161
       19813       -0.52   -0.461105  0.00090012
       19814       -0.52   -0.461108  0.00090008
       19815       -0.44   -0.461107 0.000900035
       19816       -0.36   -0.461102 0.000900004
       19817       -0.52   -0.461105 0.000899964
       19818       -0.28   -0.461096 0.000899965
       19819       -0.36   -0.461091 0.000899934
       19820       -0.52   -0.461094 0.000899893
       19821       -0.28   -0.461085 0.000899894
       19822       -0.28   -0.461076 0.000899895
       19823       -0.52   -0.461079 0.000899855
       19824       -0.52   -0.461082 0.000899814
       19825       -0.52   -0.461084 0.000899774
       19826       -0.36   -0.461079 0.000899743
       19827       -0.52   -0.461082 0.000899702
       19828       -0.44   -0.461081 0.000899657
       19829       -0.44    -0.46108 0.000899613
       19830       -0.28   -0.461071 0.000899614
       19831       -0.12   -0.461054 0.000899733
       19832       -0.12   -0.461037 0.000899852
       19833       -0.44   -0.461036 0.000899807
       19834        -0.6   -0.461043 0.000899789
       19835       -0.52   -0.461046 0.000899748
       19836       -0.52   -0.461049 0.000899708
       19837       -0.36   -0.461044 0.000899677
       19838        -0.6   -0.461051 0.000899659
       19839       -0.28   -0.461041  0.00089966
       19840       -0.28   -0.461032 0.000899661
       19841       -0.36   -0.461027  0.00089963
       19842       -0.36   -0.461022 0.000899599
       19843       -0.44   -0.461021 0.000899554
       19844       -0.52   -0.461024 0.000899514
       19845        -0.6   -0.461031 0.000899496
       19846       -0.52   -0.461034 0.000899455
       19847       -0.52   -0.461037 0.000899415
       19848       -0.12    -0.46102 0.000899534
       19849       -0.44   -0.461019 0.000899489
       19850       -0.36   -0.461014 0.000899458
       19851        -0.6   -0.461021  0.00089944
       19852       -0.52   -0.461024   0.0008994
       19853       -0.52   -0.461027 0.000899359
       19854        -0.6   -0.461034 0.000899341
       19855       -0.44   -0.461032 0.000899297
       19856       -0.52   -0.461035 0.000899256
       19857       -0.36    -0.46103 0.000899225
       19858       -0.68   -0.461041 0.000899248
       19859       -0.44    -0.46104 0.000899203
       19860        -0.6   -0.461047 0.000899185
       19861       -0.44   -0.461046  0.00089914
       19862       -0.44   -0.461045 0.000899096
       19863       -0.52   -0.461048 0.000899055
       19864       -0.68   -0.461059 0.000899077
       19865        -0.6   -0.461066 0.000899059
       19866       -0.52   -0.461069 0.000899019
       19867       -0.52   -0.461072 0.000898979
       19868       -0.52   -0.461075 0.000898938
       19869       -0.44   -0.461074 0.000898894
       19870       -0.52   -0.461077 0.000898853
       19871       -0.52    -0.46108 0.000898813
       19872       -0.52   -0.461083 0.000898773
       19873       -0.52   -0.461086 0.000898732
       19874       -0.36   -0.461081 0.000898702
       19875       -0.68   -0.461092 0.000898724
       19876       -0.68   -0.461103 0.000898746
       19877       -0.52   -0.461106 0.000898706
       19878       -0.52   -0.461109 0.000898665
       19879       -0.36   -0.461104 0.000898635
       19880       -0.52   -0.461107 0.000898594
       19881       -0.44   -0.461106  0.00089855
       19882        -0.6   -0.461113 0.000898532
       19883       -0.44   -0.461112 0.000898487
       19884       -0.52   -0.461114 0.000898447
       19885       -0.36   -0.461109 0.000898416
       19886       -0.52   -0.461112 0.000898376
       19887       -0.52   -0.461115 0.000898335
       19888        -0.6   -0.461122 0.000898317
       19889        -0.6   -0.461129 0.000898299
       19890       -0.52   -0.461132 0.000898259
       19891       -0.52   -0.461135 0.000898219
       19892        -0.6   -0.461142 0.000898201
       19893       -0.52   -0.461145 0.000898161
       19894       -0.36    -0.46114  0.00089813
       19895       -0.52   -0.461143 0.000898089
       19896       -0.44   -0.461142 0.000898045
       19897       -0.44   -0.461141    0.000898
       19898       -0.52   -0.461144  0.00089796
       19899       -0.52   -0.461147  0.00089792
       19900       -0.52    -0.46115  0.00089788
       19901       -0.68   -0.461161 0.000897902
       19902       -0.76   -0.461176 0.000897982
       19903       -0.52   -0.461179 0.000897942
       19904        -0.6   -0.461186 0.000897924
       19905       -0.44   -0.461185  0.00089788
       19906       -0.52   -0.461188 0.000897839
       19907        -0.6   -0.461195 0.000897821
       19908       -0.44   -0.461193 0.000897777
       19909       -0.52   -0.461196 0.000897737
       19910       -0.36   -0.461191 0.000897706
       19911        -0.2   -0.461178 0.000897757
       19912       -0.36   -0.461173 0.000897726
       19913       -0.52   -0.461176 0.000897686
       19914       -0.36   -0.461171 0.000897655
       19915       -0.52   -0.461174 0.000897615
       19916       -0.44   -0.461173  0.00089757
       19917       -0.44   -0.461172 0.000897526
       19918       -0.52   -0.461175 0.000897486
       19919       -0.12   -0.461158 0.000897604
       19920       -0.28   -0.461149 0.000897605
       19921       -0.36   -0.461144 0.000897574
       19922       -0.44   -0.461142  0.00089753
       19923        -0.6   -0.461149 0.000897512
       19924       -0.44   -0.461148 0.000897468
       19925       -0.36   -0.461143 0.000897437
       19926       -0.28   -0.461134 0.000897438
       19927       -0.44   -0.461133 0.000897394
       19928       -0.44   -0.461132 0.000897349
       19929        -0.6   -0.461139 0.000897331
       19930       -0.52   -0.461142 0.000897291
       19931       -0.44   -0.461141 0.000897247
       19932       -0.36   -0.461136 0.000897216
       19933       -0.36   -0.461131 0.000897185
       19934       -0.36   -0.461126 0.000897155
       19935        -0.6   -0.461133 0.000897137
       19936        -0.6    -0.46114 0.000897119
       19937       -0.44   -0.461139 0.000897074
       19938        -0.6   -0.461146 0.000897056
       19939       -0.44   -0.461144 0.000897012
       19940       -0.36   -0.461139 0.000896981
       19941       -0.44   -0.461138 0.000896937
       19942       -0.52   -0.461141 0.000896897
       19943        -0.6   -0.461148 0.000896879
       19944        -0.6   -0.461155 0.000896861
       19945       -0.52   -0.461158 0.000896821
       19946       -0.52   -0.461161 0.000896781
       19947       -0.68   -0.461172 0.000896803
       19948       -0.44   -0.461171 0.000896759
       19949       -0.52   -0.461174 0.000896718
       19950        -0.6   -0.461181   0.0008967
       19951       -0.52   -0.461184  0.00089666
       19952       -0.44   -0.461183 0.000896616
       19953       -0.28   -0.461174 0.000896617
       19954        -0.2   -0.461161 0.000896668
       19955       -0.28   -0.461152 0.000896669
       19956       -0.52   -0.461155 0.000896629
       19957       -0.36   -0.461149 0.000896598
       19958       -0.52   -0.461152 0.000896558
       19959       -0.36   -0.461147 0.000896527
       19960       -0.44   -0.461146 0.000896483
       19961        -0.6   -0.461153 0.000896465
       19962        -0.6    -0.46116 0.000896447
       19963       -0.36   -0.461155 0.000896417
       19964       -0.52   -0.461158 0.000896377
       19965        -0.6   -0.461165 0.000896359
       19966        -0.6   -0.461172 0.000896341
       19967       -0.44   -0.461171 0.000896297
       19968       -0.36   -0.461166 0.000896266
       19969       -0.52   -0.461169 0.000896226
       19970       -0.44   -0.461168 0.000896182
       19971       -0.52   -0.461171 0.000896142
       19972       -0.36   -0.461166 0.000896111
       19973       -0.44   -0.461165 0.000896067
       19974        -0.6   -0.461172 0.000896049
       19975       -0.44    -0.46117 0.000896005
       19976       -0.36   -0.461165 0.000895974
       19977       -0.44   -0.461164  0.00089593
       19978       -0.36   -0.461159 0.000895899
       19979        -0.2   -0.461146  0.00089595
       19980       -0.36   -0.461141 0.000895919
       19981        -0.6   -0.461148 0.000895901
       19982       -0.44   -0.461147 0.000895857
       19983       -0.68   -0.461158 0.000895879
       19984        -0.6   -0.461165 0.000895861
       19985        -0.6   -0.461172 0.000895844
       19986       -0.44   -0.461171 0.000895799
       19987       -0.44    -0.46117 0.000895755
       19988       -0.52   -0.461173 0.000895715
       19989       -0.68   -0.461184 0.000895737
       19990       -0.52   -0.461187 0.000895697
       19991       -0.52    -0.46119 0.000895657
       19992        -0.6   -0.461196 0.000895639
       19993       -0.44   -0.461195 0.000895595
       19994       -0.44   -0.461194 0.000895551
       19995       -0.12   -0.461177 0.000895669
       19996       -0.36   -0.461172 0.000895638
       19997        -0.6   -0.461179 0.000895621
       19998        -0.6   -0.461186 0.000895603
       19999       -0.44   -0.461185 0.000895558
       20000        -0.6   -0.461192 0.000895541
