exp_id,epochs,n_points,sigma,x_test,y_test,y_pred
0,10,100,0.05,0.3849442387400397,1.774266039549339,1.0468504
0,10,100,0.05,-0.7959103785039439,-0.5902292290941702,-0.8087256
0,10,100,0.05,0.9529189300267915,2.9024257797873516,1.9393568
0,10,100,0.05,0.3412757392363188,1.675069751456254,0.9782305
0,10,100,0.05,0.33353343089133536,1.6323384687961024,0.96606433
0,10,100,0.05,0.3636405982069668,1.77339152999226,1.0133742
0,10,100,0.05,-0.07704127549413631,0.7823931990874406,0.32089382
0,10,100,0.05,-0.36403364121204795,0.24703109504128884,-0.13008139
0,10,100,0.05,0.5834500761653292,2.146741304981999,1.3587793
0,10,100,0.05,0.0976270078546495,1.1369965236701312,0.59536475
0,10,100,0.05,0.556313501899701,2.118972608434583,1.3161373
0,10,100,0.05,-0.47088877579074606,0.15160039643983636,-0.29799178
0,10,100,0.05,0.20969103949009193,1.378060152047233,0.77146035
0,10,100,0.05,0.13686789773729702,1.3692390431295458,0.65702724
0,10,100,0.05,-0.3628620950973527,0.3203187509943356,-0.12824044
0,10,100,0.05,-0.15269040132219058,0.7690318070453989,0.20202
0,10,100,0.05,-0.43438607484718084,0.18755964641096368,-0.24063209
0,10,100,0.05,-0.7596068775736622,-0.5732103305654955,-0.7516788
0,10,100,0.05,0.13608912218786462,1.2825919932795722,0.6558035
0,10,100,0.05,0.5484673788684333,2.1422369906506358,1.3038081
1,10,100,0.2,0.3849442387400397,1.7873987257571176,0.40044186
1,10,100,0.2,-0.7959103785039439,-0.5854546453530175,0.37143162
1,10,100,0.2,0.9529189300267915,2.892189538988657,0.41439536
1,10,100,0.2,0.3412757392363188,1.6526245704071034,0.39936903
1,10,100,0.2,0.33353343089133536,1.5281532898363976,0.39917883
1,10,100,0.2,0.3636405982069668,1.911722530727239,0.39991847
1,10,100,0.2,-0.07704127549413631,0.5918204493145807,0.38909218
1,10,100,0.2,-0.36403364121204795,0.1723262274374431,0.3820416
1,10,100,0.2,0.5834500761653292,2.0862647629360223,0.40531856
1,10,100,0.2,0.0976270078546495,0.9622240475526277,0.3933833
1,10,100,0.2,0.556313501899701,2.138009422340126,0.4046519
1,10,100,0.2,-0.47088877579074606,0.43173424050382186,0.37941647
1,10,100,0.2,0.20969103949009193,1.254094371248381,0.39613637
1,10,100,0.2,0.13686789773729702,1.6557487860944007,0.3943473
1,10,100,0.2,-0.3628620950973527,0.45844757456145846,0.38207036
1,10,100,0.2,-0.15269040132219058,0.9922696361147387,0.3872337
1,10,100,0.2,-0.43438607484718084,0.3565550347269397,0.38031322
1,10,100,0.2,-0.7596068775736622,-0.735200056820009,0.37232348
1,10,100,0.2,0.13608912218786462,1.3138332399911012,0.39432818
1,10,100,0.2,0.5484673788684333,2.2781436893919436,0.40445915
2,10,100,0.5,0.3849442387400397,1.8136640981726748,0.3063957
2,10,100,0.5,-0.7959103785039439,-0.5759054778707121,0.6239019
2,10,100,0.5,0.9529189300267915,2.8717170573912676,0.15367964
2,10,100,0.5,0.3412757392363188,1.6077342083088022,0.31813723
2,10,100,0.5,0.33353343089133536,1.319782931916988,0.32021898
2,10,100,0.5,0.3636405982069668,2.188384532197197,0.3121238
2,10,100,0.5,-0.07704127549413631,0.2106749497688606,0.4306136
2,10,100,0.5,-0.36403364121204795,0.022916492229751645,0.5077796
2,10,100,0.5,0.5834500761653292,1.9653116788440685,0.2530218
2,10,100,0.5,0.0976270078546495,0.6126790953176208,0.38364908
2,10,100,0.5,0.556313501899701,2.176083050151212,0.26031822
2,10,100,0.5,-0.47088877579074606,0.9920019286317928,0.53651065
2,10,100,0.5,0.20969103949009193,1.0061628096506767,0.3535175
2,10,100,0.5,0.13686789773729702,2.228768272024111,0.37309808
2,10,100,0.5,-0.3628620950973527,0.7347052216957042,0.50746465
2,10,100,0.5,-0.15269040132219058,1.4387452942534187,0.45095402
2,10,100,0.5,-0.43438607484718084,0.6945458113588918,0.52669585
2,10,100,0.5,-0.7596068775736622,-1.0591795093290362,0.6141407
2,10,100,0.5,0.13608912218786462,1.3763157334141594,0.37330747
2,10,100,0.5,0.5484673788684333,2.549957086874559,0.2624279
3,10,100,1.0,0.3849442387400397,1.8574397188652703,0.15628877
3,10,100,1.0,-0.7959103785039439,-0.5599901987335365,1.0330164
3,10,100,1.0,0.9529189300267915,2.8375962547289517,-0.26540512
3,10,100,1.0,0.3412757392363188,1.5329169381449668,0.18871051
3,10,100,1.0,0.33353343089133536,0.9724990020513052,0.19445881
3,10,100,1.0,0.3636405982069668,2.6494878679804605,0.17210567
3,10,100,1.0,-0.07704127549413631,-0.4245675494740062,0.4992908
3,10,100,1.0,-0.36403364121204795,-0.2260997331164008,0.71236885
3,10,100,1.0,0.5834500761653292,1.7637232053574787,0.008907735
3,10,100,1.0,0.0976270078546495,0.03010417492594253,0.36960799
3,10,100,1.0,0.556313501899701,2.2395390965030217,0.029055327
3,10,100,1.0,-0.47088877579074606,1.9257814088450778,0.7917036
3,10,100,1.0,0.20969103949009193,0.5929435403211695,0.28640583
3,10,100,1.0,0.13686789773729702,3.1838007485736277,0.34047353
3,10,100,1.0,-0.3628620950973527,1.1951346335861137,0.711499
3,10,100,1.0,-0.15269040132219058,2.1828713911512185,0.55545664
3,10,100,1.0,-0.43438607484718084,1.2578637724121453,0.7646021
3,10,100,1.0,-0.7596068775736622,-1.5991452635107477,1.006063
3,10,100,1.0,0.13608912218786462,1.4804532224525895,0.34105173
3,10,100,1.0,0.5484673788684333,3.002979416012252,0.034880668
4,10,300,0.05,-0.6407926448807304,-0.26809007201442275,0.37744498
4,10,300,0.05,-0.43653978849210184,0.181934639926815,0.52583146
4,10,300,0.05,-0.6750141306472504,-0.3603734451026993,0.35258365
4,10,300,0.05,-0.2331169623484446,0.5728259803886104,0.6736149
4,10,300,0.05,-0.9486745638909369,-0.899879304829957,0.15377367
4,10,300,0.05,0.3749765527756306,1.7731096220171916,1.1153853
4,10,300,0.05,-0.5451707440533535,-0.1950716416670143,0.44691283
4,10,300,0.05,0.90549802303397,2.841312022285909,1.5008007
4,10,300,0.05,0.29178822613331223,1.5589104580985147,1.0549502
4,10,300,0.05,-0.5521506238792397,-0.16009609705649921,0.44184205
4,10,300,0.05,-0.07284915127037861,0.8633686189201338,0.790047
4,10,300,0.05,-0.4934167949204358,0.08998526287141834,0.48451123
4,10,300,0.05,0.17663422710721144,1.3970600922937895,0.97129273
4,10,300,0.05,0.3412757392363188,1.543921840651305,1.0909022
4,10,300,0.05,0.15445717720833518,1.2996616708662032,0.9551814
4,10,300,0.05,0.7453013108947906,2.4423720211028948,1.3844204
4,10,300,0.05,0.2789450327974472,1.5666810132596958,1.0456198
4,10,300,0.05,-0.5662060312030521,-0.13214743009113622,0.431631
4,10,300,0.05,0.42848259909822284,1.8594399472789502,1.1542566
4,10,300,0.05,0.711606684785222,2.4120796145446866,1.3599417
4,10,300,0.05,-0.40771960495571014,0.21787994419017545,0.5467689
4,10,300,0.05,-0.4051260982897327,0.2727253432300283,0.548653
4,10,300,0.05,-0.02388743870209087,1.0019448421615933,0.8256169
4,10,300,0.05,-0.28877452430008876,0.48840779521490124,0.6331806
4,10,300,0.05,-0.5024937129600839,0.03237199079006372,0.477917
4,10,300,0.05,0.3952623918545297,1.7749804751241358,1.1301227
4,10,300,0.05,0.6978871106258364,2.31738583503625,1.3499746
4,10,300,0.05,-0.5513659420505215,-0.14838584500313276,0.44241208
4,10,300,0.05,0.13820147722918663,1.2252776122765932,0.9433719
4,10,300,0.05,-0.4447425874105362,0.08537399014680072,0.5198723
4,10,300,0.05,0.665239691095876,2.3155898382216655,1.3262569
4,10,300,0.05,0.9510430100057716,2.930450533904177,1.5338885
4,10,300,0.05,0.13686789773729702,1.3042547644299542,0.9424031
4,10,300,0.05,-0.7634511482621336,-0.5008490527016292,0.28833556
4,10,300,0.05,0.5167573076722829,1.97554358952457,1.2183868
4,10,300,0.05,0.38506318015553176,1.7561085855518381,1.1227131
4,10,300,0.05,0.7835460015641595,2.5878945054413904,1.4122045
4,10,300,0.05,-0.3628620950973527,0.2721672372407657,0.57935715
4,10,300,0.05,-0.5792348778523182,-0.06067414029210168,0.42216575
4,10,300,0.05,0.20969103949009193,1.4378848733725598,0.9953079
4,10,300,0.05,0.4326544082371311,1.8599435526597035,1.1572874
4,10,300,0.05,-0.43438607484718084,0.12531964804920984,0.5273961
4,10,300,0.05,0.9636587796365064,2.8607069765432875,1.5430536
4,10,300,0.05,-0.6820608327089606,-0.41638433372526884,0.34746432
4,10,300,0.05,-0.7596068775736622,-0.5532226653471669,0.29112834
4,10,300,0.05,-0.7236340973027724,-0.3821758831272949,0.317262
4,10,300,0.05,-0.5850598491177812,-0.19599565036108255,0.41793403
4,10,300,0.05,0.46171161354031565,2.0244754051548712,1.1783969
4,10,300,0.05,0.6928173449422557,2.408181412974807,1.3462915
4,10,300,0.05,-0.573376045265036,-0.2568241548051,0.4264221
4,10,300,0.05,-0.6706116870041745,-0.30049738288395567,0.35578194
4,10,300,0.05,0.6123879780921715,2.2387980414501576,1.2878609
4,10,300,0.05,0.17356869291633759,1.4677600698098625,0.96906567
4,10,300,0.05,-0.9216244154913587,-0.7603422970018079,0.17342514
4,10,300,0.05,0.7243830348433666,2.4043175017819607,1.3692236
4,10,300,0.05,0.26089587373358225,1.5044192148422364,1.0325074
4,10,300,0.05,-0.9597849076250129,-0.9641155693998021,0.14570218
4,10,300,0.05,-0.7364042751912157,-0.47588987048721365,0.30798465
4,10,300,0.05,-0.6276139882393277,-0.1792282334403667,0.38701913
4,10,300,0.05,0.27984204265504764,1.530894686819442,1.0462716
5,10,300,0.2,-0.6407926448807304,-0.22760441877330853,0.19421446
5,10,300,0.2,-0.43653978849210184,0.34697729065987104,0.39230078
5,10,300,0.2,-0.6750141306472504,-0.39140899652729505,0.16102612
5,10,300,0.2,-0.2331169623484446,0.6900056956451095,0.58958215
5,10,300,0.2,-0.9486745638909369,-0.9074698359742068,-0.10437226
5,10,300,0.2,0.3749765527756306,1.8425791714149826,1.1793169
5,10,300,0.2,-0.5451707440533535,-0.509262102347936,0.28694952
5,10,300,0.2,0.90549802303397,2.932259950939816,1.6938215
5,10,300,0.2,0.29178822613331223,1.4849124755941856,1.0986401
5,10,300,0.2,-0.5521506238792397,-0.3274806449505584,0.28018034
5,10,300,0.2,-0.07284915127037861,0.890569383302807,0.7450113
5,10,300,0.2,-0.4934167949204358,0.320441821008288,0.33714095
5,10,300,0.2,0.17663422710721144,1.528435006531889,0.9869627
5,10,300,0.2,0.3412757392363188,1.1280329271873075,1.1466335
5,10,300,0.2,0.15445717720833518,1.271903620214802,0.9654552
5,10,300,0.2,0.7453013108947906,2.2976802190428356,1.5384612
5,10,300,0.2,0.2789450327974472,1.5930538562541,1.0861846
5,10,300,0.2,-0.5662060312030521,-0.13135353314623208,0.26654923
5,10,300,0.2,0.42848259909822284,1.866864194526464,1.2312075
5,10,300,0.2,0.711606684785222,2.378678349467413,1.5057839
5,10,300,0.2,-0.40771960495571014,0.3178374064949626,0.42025086
5,10,300,0.2,-0.4051260982897327,0.5216579626585092,0.4227661
5,10,300,0.2,-0.02388743870209087,1.151104000858918,0.7924949
5,10,300,0.2,-0.28877452430008876,0.6862783266601375,0.53560495
5,10,300,0.2,-0.5024937129600839,0.1444502409207585,0.32833803
5,10,300,0.2,0.3952623918545297,1.7283475493693652,1.1989903
5,10,300,0.2,0.6978871106258364,2.0822206763899818,1.4924786
5,10,300,0.2,-0.5513659420505215,-0.2853477277094022,0.2809413
5,10,300,0.2,0.13820147722918663,1.0719015857312526,0.9496902
5,10,300,0.2,-0.4447425874105362,0.009951485050419984,0.38434562
5,10,300,0.2,0.665239691095876,2.270921206311406,1.4608167
5,10,300,0.2,0.9510430100057716,3.0155440755820773,1.7379915
5,10,300,0.2,0.13686789773729702,1.3958116712960351,0.9483969
5,10,300,0.2,-0.7634511482621336,-0.4226893212337154,0.07525909
5,10,300,0.2,0.5167573076722829,1.8016305120645832,1.3168172
5,10,300,0.2,0.38506318015553176,1.7140552612741617,1.189099
5,10,300,0.2,0.7835460015641595,2.650302012380604,1.5755513
5,10,300,0.2,-0.3628620950973527,0.2658415195471789,0.46375412
5,10,300,0.2,-0.5792348778523182,0.23271270594550247,0.25391376
5,10,300,0.2,0.20969103949009193,1.4933932565496877,1.0190215
5,10,300,0.2,0.4326544082371311,1.8438477612160273,1.2352533
5,10,300,0.2,-0.43438607484718084,0.10759504127992438,0.39438948
5,10,300,0.2,0.9636587796365064,2.6608752283541124,1.7502263
5,10,300,0.2,-0.6820608327089606,-0.5731723386473121,0.15419221
5,10,300,0.2,-0.7596068775736622,-0.6552493959466945,0.0789873
5,10,300,0.2,-0.7236340973027724,-0.18689894869254509,0.11387402
5,10,300,0.2,-0.5850598491177812,-0.273623506737643,0.24826467
5,10,300,0.2,0.46171161354031565,2.327631939377591,1.2634333
5,10,300,0.2,0.6928173449422557,2.475821582245694,1.4875618
5,10,300,0.2,-0.573376045265036,-0.5870403476301838,0.2595957
5,10,300,0.2,-0.6706116870041745,-0.17831940951077574,0.16529572
5,10,300,0.2,0.6123879780921715,2.2808642972476023,1.4095607
5,10,300,0.2,0.17356869291633759,1.829628121741425,0.98398966
5,10,300,0.2,-0.9216244154913587,-0.5116226950590796,-0.07813877
5,10,300,0.2,0.7243830348433666,2.2709717980676434,1.5181745
5,10,300,0.2,0.26089587373358225,1.4523016169674519,1.0686804
5,10,300,0.2,-0.9597849076250129,-1.0977528318491314,-0.11514723
5,10,300,0.2,-0.7364042751912157,-0.4851338308015608,0.101489425
5,10,300,0.2,-0.6276139882393277,0.04877099567449922,0.20699531
5,10,300,0.2,0.27984204265504764,1.444526491347482,1.0870545
6,10,300,0.5,-0.6407926448807304,-0.14663311229108011,-0.18419862
6,10,300,0.5,-0.43653978849210184,0.6770625921259832,0.11688781
6,10,300,0.5,-0.6750141306472504,-0.4534800993764866,-0.23464406
6,10,300,0.5,-0.2331169623484446,0.9243651261581075,0.41675064
6,10,300,0.5,-0.9486745638909369,-0.9226508982627066,-0.6380432
6,10,300,0.5,0.3749765527756306,1.9815182702105647,1.313133
6,10,300,0.5,-0.5451707440533535,-1.1376430237097794,-0.043243587
6,10,300,0.5,0.90549802303397,3.1141558082476304,2.0951676
6,10,300,0.5,0.29178822613331223,1.3369165105855274,1.1905063
6,10,300,0.5,-0.5521506238792397,-0.6622497407386767,-0.05353254
6,10,300,0.5,-0.07284915127037861,0.9449709120681534,0.6529993
6,10,300,0.5,-0.4934167949204358,0.7813549372820273,0.033046186
6,10,300,0.5,0.17663422710721144,1.7911848350080883,1.0207593
6,10,300,0.5,0.3412757392363188,0.29625510025931256,1.2634552
6,10,300,0.5,0.15445717720833518,1.2163875189119997,0.98806846
6,10,300,0.5,0.7453013108947906,2.008296614922717,1.8590238
6,10,300,0.5,0.2789450327974472,1.6457995422429084,1.1715744
6,10,300,0.5,-0.5662060312030521,-0.12976573925642382,-0.07425147
6,10,300,0.5,0.42848259909822284,1.881712689021491,1.3920057
6,10,300,0.5,0.711606684785222,2.311875819312867,1.809355
6,10,300,0.5,-0.40771960495571014,0.5177523311045369,0.15937126
6,10,300,0.5,-0.4051260982897327,1.0195232015154707,0.1631943
6,10,300,0.5,-0.02388743870209087,1.4494223182535677,0.72517306
6,10,300,0.5,-0.28877452430008876,1.0820193895506103,0.33470657
6,10,300,0.5,-0.5024937129600839,0.36860674118214803,0.019665956
6,10,300,0.5,0.3952623918545297,1.6350816978598235,1.3430362
6,10,300,0.5,0.6978871106258364,1.6118903590974458,1.7891312
6,10,300,0.5,-0.5513659420505215,-0.5592714931219411,-0.052375913
6,10,300,0.5,0.13820147722918663,0.7651495326405715,0.96410614
6,10,300,0.5,-0.4447425874105362,-0.1408935251423415,0.10479617
6,10,300,0.5,0.665239691095876,2.181583942490888,1.7410061
6,10,300,0.5,0.9510430100057716,3.185731158937878,2.1623049
6,10,300,0.5,0.13686789773729702,1.5789254850281966,0.9621403
6,10,300,0.5,-0.7634511482621336,-0.26636985829788784,-0.36500782
6,10,300,0.5,0.5167573076722829,1.4538043571446093,1.5221303
6,10,300,0.5,0.38506318015553176,1.629948612718809,1.3280016
6,10,300,0.5,0.7835460015641595,2.7751170262590317,1.9153998
6,10,300,0.5,-0.3628620950973527,0.25319008416000516,0.2254951
6,10,300,0.5,-0.5792348778523182,0.8194863984207107,-0.09345716
6,10,300,0.5,0.20969103949009193,1.6044100229039433,1.0694879
6,10,300,0.5,0.4326544082371311,1.8116561783286749,1.3981552
6,10,300,0.5,-0.43438607484718084,0.07214582774135345,0.12006253
6,10,300,0.5,0.9636587796365064,2.261211731975762,2.1809015
6,10,300,0.5,-0.6820608327089606,-0.8867483484913985,-0.24503142
6,10,300,0.5,-0.7596068775736622,-0.8593028571457495,-0.35934108
6,10,300,0.5,-0.7236340973027724,0.2036549201769544,-0.30631405
6,10,300,0.5,-0.5850598491177812,-0.428879219490764,-0.10204357
6,10,300,0.5,0.46171161354031565,2.93394500782303,1.4409881
6,10,300,0.5,0.6928173449422557,2.6111019207874686,1.7816579
6,10,300,0.5,-0.573376045265036,-1.247472733280351,-0.08482069
6,10,300,0.5,-0.6706116870041745,0.06603653723558411,-0.22815442
6,10,300,0.5,0.6123879780921715,2.364996808842491,1.6630981
6,10,300,0.5,0.17356869291633759,2.5533642256045495,1.0162405
6,10,300,0.5,-0.9216244154913587,-0.014183491173623275,-0.5981689
6,10,300,0.5,0.7243830348433666,2.0042803906390083,1.8281884
6,10,300,0.5,0.26089587373358225,1.3480664212178828,1.1449683
6,10,300,0.5,-0.9597849076250129,-1.3650273567477897,-0.6544208
6,10,300,0.5,-0.7364042751912157,-0.503621751430255,-0.3251384
6,10,300,0.5,-0.6276139882393277,0.504769453904231,-0.1647721
6,10,300,0.5,0.27984204265504764,1.271790100403562,1.1728966
7,10,300,1.0,-0.6407926448807304,-0.011680934820699429,0.3525251
7,10,300,1.0,-0.43653978849210184,1.22720476123617,0.47360462
7,10,300,1.0,-0.6750141306472504,-0.5569319374584725,0.33223888
7,10,300,1.0,-0.2331169623484446,1.3149641770131042,0.5941921
7,10,300,1.0,-0.9486745638909369,-0.9479526687435396,0.1700151
7,10,300,1.0,0.3749765527756306,2.2130834348698682,0.9546652
7,10,300,1.0,-0.5451707440533535,-2.184944559312852,0.40920904
7,10,300,1.0,0.90549802303397,3.417315570427321,1.2691542
7,10,300,1.0,0.29178822613331223,1.0902565689044303,0.90535176
7,10,300,1.0,-0.5521506238792397,-1.220198233718874,0.4050714
7,10,300,1.0,-0.07284915127037861,1.035640126677064,0.6891976
7,10,300,1.0,-0.4934167949204358,1.5495434644049262,0.43988836
7,10,300,1.0,0.17663422710721144,2.229101215801754,0.8370894
7,10,300,1.0,0.3412757392363188,-1.0900412779540125,0.9346876
7,10,300,1.0,0.15445717720833518,1.1238606834073288,0.823943
7,10,300,1.0,0.7453013108947906,1.5259906080558527,1.1741908
7,10,300,1.0,0.2789450327974472,1.7337090188909223,0.89773846
7,10,300,1.0,-0.5662060312030521,-0.1271194161067434,0.39673948
7,10,300,1.0,0.42848259909822284,1.9064601798465364,0.98638314
7,10,300,1.0,0.711606684785222,2.2005382690552895,1.1542169
7,10,300,1.0,-0.40771960495571014,0.850943872120494,0.49068898
7,10,300,1.0,-0.4051260982897327,1.8492985996104068,0.49222642
7,10,300,1.0,-0.02388743870209087,1.9466195139113172,0.7182217
7,10,300,1.0,-0.28877452430008876,1.741587827701398,0.5611987
7,10,300,1.0,-0.5024937129600839,0.742200908284464,0.43450764
7,10,300,1.0,0.3952623918545297,1.4796386120105878,0.9666905
7,10,300,1.0,0.6978871106258364,0.8280064969432188,1.1460841
7,10,300,1.0,-0.5513659420505215,-1.0158111021428393,0.40553653
7,10,300,1.0,0.13820147722918663,0.25389611082276975,0.81430674
7,10,300,1.0,-0.4447425874105362,-0.3923018754636106,0.46874204
7,10,300,1.0,0.665239691095876,2.0326885027900237,1.1267309
7,10,300,1.0,0.9510430100057716,3.469376297864213,1.2961528
7,10,300,1.0,0.13686789773729702,1.8841151745817992,0.8135162
7,10,300,1.0,-0.7634511482621336,-0.005837420071508559,0.2798141
7,10,300,1.0,0.5167573076722829,0.8740940989446528,1.0387117
7,10,300,1.0,0.38506318015553176,1.4897708651265544,0.9606445
7,10,300,1.0,0.7835460015641595,2.9831420493897447,1.196862
7,10,300,1.0,-0.3628620950973527,0.23210435851471573,0.5172802
7,10,300,1.0,-0.5792348778523182,1.7974425525460578,0.38901606
7,10,300,1.0,0.20969103949009193,1.7894379668277027,0.8566852
7,10,300,1.0,0.4326544082371311,1.7580035401830876,0.9888562
7,10,300,1.0,-0.43438607484718084,0.013063805177068566,0.47488132
7,10,300,1.0,0.9636587796365064,1.595105904678511,1.3036314
7,10,300,1.0,-0.6820608327089606,-1.4093750315648759,0.32806164
7,10,300,1.0,-0.7596068775736622,-1.1993919591441746,0.28209296
7,10,300,1.0,-0.7236340973027724,0.8545780349594536,0.30341733
7,10,300,1.0,-0.5850598491177812,-0.6876387407459656,0.3855631
7,10,300,1.0,0.46171161354031565,3.9444667885654288,1.0060811
7,10,300,1.0,0.6928173449422557,2.8365691516904263,1.1430787
7,10,300,1.0,-0.573376045265036,-2.34819337603063,0.39248914
7,10,300,1.0,-0.6706116870041745,0.47329644847951724,0.3348486
7,10,300,1.0,0.6123879780921715,2.505217661500639,1.0954008
7,10,300,1.0,0.17356869291633759,3.7595910653764237,0.8352722
7,10,300,1.0,-0.9216244154913587,0.8148818486354708,0.18605024
7,10,300,1.0,0.7243830348433666,1.5597947115912834,1.1617906
7,10,300,1.0,0.26089587373358225,1.1743410949686013,0.88703907
7,10,300,1.0,-0.9597849076250129,-1.8104848982455537,0.16342896
7,10,300,1.0,-0.7364042751912157,-0.5344349524780787,0.29584727
7,10,300,1.0,-0.6276139882393277,1.2647668842871174,0.36033732
7,10,300,1.0,0.27984204265504764,0.9838961154970292,0.8982702
8,10,600,0.05,-0.10574924276474529,0.8111906101022937,0.75783026
8,10,600,0.05,0.23696051902549575,1.3842095744765055,1.3755889
8,10,600,0.05,0.844695963593266,2.6497861761582744,2.471075
8,10,600,0.05,-0.7596068775736622,-0.5283259943368215,-0.42079443
8,10,600,0.05,0.24295680299952704,1.5542934679893898,1.3863976
8,10,600,0.05,-0.30553296413556086,0.350648962004974,0.3977059
8,10,600,0.05,0.5834500761653292,2.0660798209406703,2.000161
8,10,600,0.05,-0.5245163479687225,0.024533401869671942,0.0029729009
8,10,600,0.05,-0.40771960495571014,0.17441594805024638,0.2135073
8,10,600,0.05,0.9188666816668503,2.832110064205723,2.604773
8,10,600,0.05,-0.6773809642300075,-0.3459709807952136,-0.2725764
8,10,600,0.05,0.7634707237097056,2.5203887468423405,2.3246608
8,10,600,0.05,0.90549802303397,2.837346256490673,2.5806751
8,10,600,0.05,-0.8778429258664253,-0.7540313641759127,-0.63392323
8,10,600,0.05,0.3800500403824547,1.7346079186579855,1.6335179
8,10,600,0.05,-0.5850598491177812,-0.19675483783454012,-0.10616106
8,10,600,0.05,-0.47088877579074606,0.0067256842530590485,0.09964043
8,10,600,0.05,0.3261564062002016,1.5550276582422051,1.5363708
8,10,600,0.05,0.8684279958495875,2.6759590661195176,2.5138538
8,10,600,0.05,0.04649610693339934,1.1469020790525106,1.0322633
8,10,600,0.05,0.20552675214328775,1.389094028196468,1.3189273
8,10,600,0.05,-0.8801114035008535,-0.790184020874693,-0.63801235
8,10,600,0.05,-0.7685935333458127,-0.5165435256693167,-0.43699354
8,10,600,0.05,-0.2756218821212213,0.38133558136975143,0.45162275
8,10,600,0.05,0.8080887858019155,2.684727021918387,2.405088
8,10,600,0.05,0.8977220414410148,2.777538379108037,2.5666583
8,10,600,0.05,0.9535221763806743,2.9682878809710314,2.667242
8,10,600,0.05,0.18174552249634646,1.3824528216694723,1.2760599
8,10,600,0.05,-0.5444809969242781,-0.07774938280027209,-0.033014774
8,10,600,0.05,-0.4258969601607405,0.07112670969492957,0.18074131
8,10,600,0.05,0.9959245026573469,3.0013239871920896,2.7436752
8,10,600,0.05,0.7327646518572584,2.4504168171917633,2.269311
8,10,600,0.05,-0.8717050073024313,-0.7555110060983735,-0.6228593
8,10,600,0.05,0.16895213791153774,1.3146873912513009,1.252999
8,10,600,0.05,-0.6276139882393277,-0.23936994516402094,-0.18286783
8,10,600,0.05,-0.7881876902355356,-0.6787415611239693,-0.47231334
8,10,600,0.05,-0.7290518715550995,-0.46908079452675977,-0.36571687
8,10,600,0.05,0.42105680544469126,1.8267753220880323,1.7074354
8,10,600,0.05,0.6573138291114755,2.280455669883517,2.1333055
8,10,600,0.05,0.8986376448313629,2.6850092072441556,2.5683088
8,10,600,0.05,0.7640828204597792,2.4947796266015883,2.3257642
8,10,600,0.05,-0.17067612001895283,0.669673142749953,0.64079493
8,10,600,0.05,0.7246370936718047,2.44988578652555,2.2546604
8,10,600,0.05,0.8395656215563168,2.6414460198036034,2.4618273
8,10,600,0.05,-0.7634511482621336,-0.48377249595784455,-0.42772406
8,10,600,0.05,0.15445717720833518,1.3606348487407462,1.2268708
8,10,600,0.05,0.7345788109249296,2.4002534484966556,2.272581
8,10,600,0.05,-0.5024937129600839,-0.04143965885990266,0.04267019
8,10,600,0.05,-0.7236340973027724,-0.49171676251031726,-0.355951
8,10,600,0.05,-0.4503528602648068,0.051919849725042405,0.13665783
8,10,600,0.05,-0.2078805943854125,0.6908464817576971,0.57373124
8,10,600,0.05,-0.7103044813132455,-0.35735507072205275,-0.33192343
8,10,600,0.05,-0.4599840536156703,0.07780212144586655,0.11929691
8,10,600,0.05,-0.8182285359351811,-0.6818220779466285,-0.52646416
8,10,600,0.05,0.7961247144274701,2.5475707087392307,2.3835218
8,10,600,0.05,-0.44480780453646784,0.07699875489853636,0.14665318
8,10,600,0.05,0.7933425860806842,2.605528998203913,2.378507
8,10,600,0.05,0.711606684785222,2.361903559981293,2.231172
8,10,600,0.05,0.30640163971426726,1.6019667058997575,1.5007614
8,10,600,0.05,-0.019082382764865846,0.9843208394818679,0.9140534
8,10,600,0.05,-0.43438607484718084,0.11814557802009329,0.16543907
8,10,600,0.05,-0.3092966386061946,0.3355064842966585,0.39092165
8,10,600,0.05,-0.24014608819975902,0.5176377830225836,0.5155704
8,10,600,0.05,0.15428048804068362,1.298641031240365,1.2265522
8,10,600,0.05,0.01961439324316827,1.036762582978958,0.9838071
8,10,600,0.05,0.9529189300267915,2.7938576571204963,2.6661546
8,10,600,0.05,-0.7330770581301311,-0.4311020492020074,-0.37297255
8,10,600,0.05,0.8154659149700789,2.58822376689944,2.4183857
8,10,600,0.05,-0.17147401097066006,0.5966232953720189,0.63935673
8,10,600,0.05,-0.1589210666398031,0.6792285391637007,0.66198426
8,10,600,0.05,-0.18551765717238533,0.6649638721623876,0.61404204
8,10,600,0.05,-0.12482557747461498,0.7023236259691127,0.7234438
8,10,600,0.05,-0.6740911479067893,-0.358808448052094,-0.26664633
8,10,600,0.05,-0.5199594532405809,-0.03734015934266736,0.011187017
8,10,600,0.05,-0.42320300533701216,0.11351914505625693,0.18559736
8,10,600,0.05,0.39054001180937203,1.7857896386342513,1.6524267
8,10,600,0.05,-0.8409558348264885,-0.7278673418964742,-0.56743175
8,10,600,0.05,-0.4447425874105362,0.12041318967617601,0.14677072
8,10,600,0.05,0.773921562434835,2.552704086469816,2.3434992
8,10,600,0.05,-0.5078736300180711,0.03077316476941369,0.032972515
8,10,600,0.05,0.9636587796365064,2.9278350250013276,2.685514
8,10,600,0.05,0.9788195545688629,3.0044590363153487,2.7128422
8,10,600,0.05,-0.24350965015307646,0.4979415058700457,0.50950736
8,10,600,0.05,0.807967909856474,2.6165107647064514,2.40487
8,10,600,0.05,0.20969103949009193,1.4226248842973628,1.3264337
8,10,600,0.05,0.3636405982069668,1.723388458616891,1.6039387
8,10,600,0.05,0.6960164586444688,2.4122710078909626,2.2030697
8,10,600,0.05,0.17663422710721144,1.4244176290402282,1.2668464
8,10,600,0.05,0.3992441085010334,1.8147316977918762,1.6681166
8,10,600,0.05,0.9806778947934087,2.934070190885928,2.716192
8,10,600,0.05,-0.1506290624969875,0.75327936172775,0.6769312
8,10,600,0.05,0.3929648614029002,1.8129684020708199,1.6567978
8,10,600,0.05,-0.6820608327089606,-0.37525194946533713,-0.28101224
8,10,600,0.05,0.8131109984423579,2.6036568450295894,2.414141
8,10,600,0.05,-0.4157049464149023,0.14096307349935894,0.19911313
8,10,600,0.05,-0.4139594309844066,0.11319968990705531,0.20225954
8,10,600,0.05,0.8947411809778485,2.787693958362686,2.561285
8,10,600,0.05,0.05778983950580896,1.0886069473428928,1.052621
8,10,600,0.05,-0.8638518520505596,-0.7397705936737744,-0.60870343
8,10,600,0.05,0.3849442387400397,1.8458015359978646,1.64234
8,10,600,0.05,-0.3628620950973527,0.28247223842792396,0.29436612
8,10,600,0.05,0.0731584222174444,1.046106058659943,1.0803239
8,10,600,0.05,0.3439142811916447,1.6304480151411327,1.5683806
8,10,600,0.05,0.5548151236975063,2.064683139571736,1.9485443
8,10,600,0.05,-0.7625445620915119,-0.5305832631484895,-0.42608982
8,10,600,0.05,0.03461703440457753,0.9981380752271332,1.0108504
8,10,600,0.05,0.793093191702126,2.508664916150078,2.3780575
8,10,600,0.05,0.6978871106258364,2.3387644062049247,2.2064416
8,10,600,0.05,-0.8720894677580378,-0.7035452334106234,-0.62355226
8,10,600,0.05,-0.5576781693078323,-0.08038731443627378,-0.056803644
8,10,600,0.05,-0.13116674888375845,0.6903857124546685,0.71201336
8,10,600,0.05,-0.5243855149219223,-0.046514329072244114,0.0032086968
8,10,600,0.05,-0.39994216104814084,0.25338145250861804,0.22752666
8,10,600,0.05,0.3929262893050012,1.8575202037541019,1.6567283
8,10,600,0.05,-0.3445591968857622,0.3607375052680636,0.32735842
8,10,600,0.05,-0.6295353495276321,-0.25780043863601343,-0.18633133
8,10,600,0.05,-0.25829440156422256,0.5539698000660355,0.48285678
8,10,600,0.05,0.42848259909822284,1.8627225918534502,1.7208209
8,10,600,0.05,0.1041565533839417,1.2347602876887125,1.1362003
8,10,600,0.05,-0.17028626133287195,0.6392258626417092,0.6414977
9,10,600,0.2,-0.10574924276474529,0.8792578969976462,0.8435425
9,10,600,0.2,0.23696051902549575,1.1150751837530473,1.1358411
9,10,600,0.2,0.844695963593266,2.530968923073502,1.6541812
9,10,600,0.2,-0.7596068775736622,-0.5556627119053129,0.28586453
9,10,600,0.2,0.24295680299952704,1.7594330539603968,1.1409554
9,10,600,0.2,-0.30553296413556086,0.23579363283326102,0.6731461
9,10,600,0.2,0.5834500761653292,1.7636188267707062,1.4313636
9,10,600,0.2,-0.5245163479687225,0.24523169529102268,0.4863743
9,10,600,0.2,-0.40771960495571014,0.14398142193524632,0.58599067
9,10,600,0.2,0.9188666816668503,2.81524016682179,1.7174418
9,10,600,0.2,-0.6773809642300075,-0.31959813780080937,0.35599536
9,10,600,0.2,0.7634707237097056,2.500730645111129,1.584904
9,10,600,0.2,0.90549802303397,2.916396887758872,1.7060397
9,10,600,0.2,-0.8778429258664253,-0.7490679015050986,0.18502057
9,10,600,0.2,0.3800500403824547,1.6581314323372136,1.2578828
9,10,600,0.2,-0.5850598491177812,-0.2766602566314733,0.4347365
9,10,600,0.2,-0.47088877579074606,-0.14776460824328744,0.53211343
9,10,600,0.2,0.3261564062002016,1.2631721957676114,1.2119167
9,10,600,0.2,0.8684279958495875,2.493268289380545,1.6744225
9,10,600,0.2,0.04649610693339934,1.3086316746096462,0.9733932
9,10,600,0.2,0.20552675214328775,1.323215599926146,1.1090312
9,10,600,0.2,-0.8801114035008535,-0.8800676624936509,0.18308574
9,10,600,0.2,-0.7685935333458127,-0.45461290260239046,0.2781998
9,10,600,0.2,-0.2756218821212213,0.17907361820633338,0.6986574
9,10,600,0.2,0.8080887858019155,2.890375372862055,1.6229589
9,10,600,0.2,0.8977220414410148,2.7238212677860583,1.6994075
9,10,600,0.2,0.9535221763806743,3.1520184656000803,1.7469997
9,10,600,0.2,0.18174552249634646,1.4393381516998103,1.088748
9,10,600,0.2,-0.5444809969242781,-0.0441115496554198,0.46934634
9,10,600,0.2,-0.4258969601607405,-0.1601114002558386,0.57048714
9,10,600,0.2,0.9959245026573469,3.0297489328242766,1.7831647
9,10,600,0.2,0.7327646518572584,2.4050793576235026,1.5587146
9,10,600,0.2,-0.8717050073024313,-0.7918139805789065,0.19025558
9,10,600,0.2,0.16895213791153774,1.2450367375359772,1.0778365
9,10,600,0.2,-0.6276139882393277,-0.1917958512201176,0.3984419
9,10,600,0.2,-0.7881876902355356,-0.9858401030826636,0.26148784
9,10,600,0.2,-0.7290518715550995,-0.5020119487764417,0.31192505
9,10,600,0.2,0.42105680544469126,1.7807604556839816,1.2928576
9,10,600,0.2,0.6573138291114755,2.1779397048652145,1.4943622
9,10,600,0.2,0.8986376448313629,2.348210959988445,1.7001884
9,10,600,0.2,0.7640828204597792,2.3946215836476785,1.5854261
9,10,600,0.2,-0.17067612001895283,0.702749291113529,0.7881661
9,10,600,0.2,0.7246370936718047,2.451720584071373,1.5517826
9,10,600,0.2,0.8395656215563168,2.5283903498765135,1.6498055
9,10,600,0.2,-0.7634511482621336,-0.3543830942585769,0.28258574
9,10,600,0.2,0.15445717720833518,1.515796331712974,1.0654737
9,10,600,0.2,0.7345788109249296,2.1935409284370437,1.560262
9,10,600,0.2,-0.5024937129600839,-0.150796357679107,0.5051575
9,10,600,0.2,-0.7236340973027724,-0.6250624662246348,0.3165459
9,10,600,0.2,-0.4503528602648068,-0.09020343951098952,0.5496286
9,10,600,0.2,-0.2078805943854125,1.0106694933432636,0.75643426
9,10,600,0.2,-0.7103044813132455,-0.16759339500873788,0.32791477
9,10,600,0.2,-0.4599840536156703,0.07111280747748801,0.54141414
9,10,600,0.2,-0.8182285359351811,-0.8179170961754276,0.23586589
9,10,600,0.2,0.7961247144274701,2.413534548392102,1.6127546
9,10,600,0.2,-0.44480780453646784,-0.023158153187047475,0.554358
9,10,600,0.2,0.7933425860806842,2.662060476331547,1.6103818
9,10,600,0.2,0.711606684785222,2.17797413121384,1.5406688
9,10,600,0.2,0.30640163971426726,1.5694569853134268,1.1950678
9,10,600,0.2,-0.019082382764865846,1.0517776545166668,0.91746104
9,10,600,0.2,-0.43438607484718084,0.07889876116345818,0.5632467
9,10,600,0.2,-0.3092966386061946,0.1978057688238017,0.66993606
9,10,600,0.2,-0.24014608819975902,0.5114276612888885,0.72891486
9,10,600,0.2,0.15428048804068362,1.268881196717358,1.065323
9,10,600,0.2,0.01961439324316827,1.029363972456822,0.9504657
9,10,600,0.2,0.9529189300267915,2.4579170483212356,1.7464851
9,10,600,0.2,-0.7330770581301311,-0.3259458480272428,0.30849195
9,10,600,0.2,0.8154659149700789,2.460099577777287,1.6292509
9,10,600,0.2,-0.17147401097066006,0.4153372473120356,0.7874856
9,10,600,0.2,-0.1589210666398031,0.6704405564936217,0.798192
9,10,600,0.2,-0.18551765717238533,0.7729614316838624,0.7755077
9,10,600,0.2,-0.12482557747461498,0.5582479687241404,0.82727224
9,10,600,0.2,-0.6740911479067893,-0.39068690476764034,0.3588013
9,10,600,0.2,-0.5199594532405809,-0.029603917927184,0.49026087
9,10,600,0.2,-0.42320300533701216,-0.0067053877528993056,0.5727849
9,10,600,0.2,0.39054001180937203,1.7999184836807733,1.2668297
9,10,600,0.2,-0.8409558348264885,-0.8657343586269658,0.21648169
9,10,600,0.2,-0.4447425874105362,0.15010828316792113,0.5544137
9,10,600,0.2,0.773921562434835,2.5672869712702537,1.5938175
9,10,600,0.2,-0.5078736300180711,0.17033443918608115,0.50056887
9,10,600,0.2,0.9636587796365064,2.929387422186273,1.7556452
9,10,600,0.2,0.9788195545688629,3.1449188178482177,1.7685759
9,10,600,0.2,-0.24350965015307646,0.45282392439864166,0.7260461
9,10,600,0.2,0.807967909856474,2.6182355996869604,1.6228558
9,10,600,0.2,0.20969103949009193,1.432353300248899,1.1125829
9,10,600,0.2,0.3636405982069668,1.7117102452257635,1.2438872
9,10,600,0.2,0.6960164586444688,2.472985279697037,1.5273719
9,10,600,0.2,0.17663422710721144,1.637865153517644,1.0843886
9,10,600,0.2,0.3992441085010334,1.863462140161304,1.2742535
9,10,600,0.2,0.9806778947934087,2.852213394783261,1.7701609
9,10,600,0.2,-0.1506290624969875,0.9168918218929251,0.80526435
9,10,600,0.2,0.3929648614029002,1.8940844398658785,1.2688979
9,10,600,0.2,-0.6820608327089606,-0.4086428016075852,0.35200393
9,10,600,0.2,0.8131109984423579,2.5359613894642106,1.6272423
9,10,600,0.2,-0.4157049464149023,0.058081972486849556,0.57918
9,10,600,0.2,-0.4139594309844066,-0.06344465446533931,0.5806687
9,10,600,0.2,0.8947411809778485,2.782328747583653,1.6968651
9,10,600,0.2,0.05778983950580896,1.0076887523367177,0.9830257
9,10,600,0.2,-0.8638518520505596,-0.7759712623917401,0.1969536
9,10,600,0.2,0.3849442387400397,2.0735407115512206,1.2620571
9,10,600,0.2,-0.3628620950973527,0.30706152429581196,0.6242499
9,10,600,0.2,0.0731584222174444,0.7454737013351058,0.9961336
9,10,600,0.2,0.3439142811916447,1.4583063734146622,1.2270625
9,10,600,0.2,0.5548151236975063,1.9298418161019053,1.4069407
9,10,600,0.2,-0.7625445620915119,-0.5470656800448865,0.283359
9,10,600,0.2,0.03461703440457753,0.7848500944810677,0.96326154
9,10,600,0.2,0.793093191702126,2.2761005143875557,1.610169
9,10,600,0.2,0.6978871106258364,2.1677349610646806,1.5289674
9,10,600,0.2,-0.8720894677580378,-0.581644127094267,0.1899277
9,10,600,0.2,-0.5576781693078323,0.024519758101898798,0.45809042
9,10,600,0.2,-0.13116674888375845,0.5485433431212248,0.82186383
9,10,600,0.2,-0.5243855149219223,-0.039744226757442574,0.48648587
9,10,600,0.2,-0.39994216104814084,0.4131787763233173,0.5926241
9,10,600,0.2,0.3929262893050012,2.072523079186401,1.268865
9,10,600,0.2,-0.3445591968857622,0.5103052023868275,0.6398605
9,10,600,0.2,-0.6295353495276321,-0.25398965737826107,0.39680308
9,10,600,0.2,-0.25829440156422256,0.7656456096494773,0.7134361
9,10,600,0.2,0.42848259909822284,1.8799947728244641,1.2991911
9,10,600,0.2,0.1041565533839417,1.3141018304511998,1.022572
9,10,600,0.2,-0.17028626133287195,0.5786210185640687,0.78849864
10,10,600,0.5,-0.10574924276474529,1.0153924707883515,0.7583878
10,10,600,0.5,0.23696051902549575,0.576806402306131,1.3533361
10,10,600,0.5,0.844695963593266,2.293334416903957,2.4083724
10,10,600,0.5,-0.7596068775736622,-0.6103361470422959,-0.3767171
10,10,600,0.5,0.24295680299952704,2.169712225902411,1.3637457
10,10,600,0.5,-0.30553296413556086,0.006082974489835136,0.41156077
10,10,600,0.5,0.5834500761653292,1.1586968384307783,1.9548463
10,10,600,0.5,-0.5245163479687225,0.6866282821337242,0.031402946
10,10,600,0.5,-0.40771960495571014,0.0831123697052462,0.23416352
10,10,600,0.5,0.9188666816668503,2.781500372053924,2.5371337
10,10,600,0.5,-0.6773809642300075,-0.26685245181200096,-0.23397195
10,10,600,0.5,0.7634707237097056,2.461414441648705,2.2673643
10,10,600,0.5,0.90549802303397,3.0744981502952697,2.5139256
10,10,600,0.5,-0.8778429258664253,-0.7391409761634705,-0.5819763
10,10,600,0.5,0.3800500403824547,1.5051784596956699,1.6017413
10,10,600,0.5,-0.5850598491177812,-0.43647109422533964,-0.07370126
10,10,600,0.5,-0.47088877579074606,-0.4567451932359804,0.12450111
10,10,600,0.5,0.3261564062002016,0.6794612708184238,1.5081813
10,10,600,0.5,0.8684279958495875,2.1278867359025995,2.4495714
10,10,600,0.5,0.04649610693339934,1.6320908657239177,1.0226876
10,10,600,0.5,0.20552675214328775,1.1914587433855015,1.2987667
10,10,600,0.5,-0.8801114035008535,-1.0598349457315668,-0.5859144
10,10,600,0.5,-0.7685935333458127,-0.3307516564685381,-0.392318
10,10,600,0.5,-0.2756218821212213,-0.2254503081205026,0.4634868
10,10,600,0.5,0.8080887858019155,3.3016720747493915,2.3448217
10,10,600,0.5,0.8977220414410148,2.616387045142101,2.5004263
10,10,600,0.5,0.9535221763806743,3.5194796348581785,2.597296
10,10,600,0.5,0.18174552249634646,1.5531088117604863,1.2574822
10,10,600,0.5,-0.5444809969242781,0.023164116634284762,-0.0032559037
10,10,600,0.5,-0.4258969601607405,-0.6225876201573748,0.2026074
10,10,600,0.5,0.9959245026573469,3.0865988240886506,2.670907
10,10,600,0.5,0.7327646518572584,2.3144044384869815,2.2140582
10,10,600,0.5,-0.8717050073024313,-0.8644199295399723,-0.5713208
10,10,600,0.5,0.16895213791153774,1.1057354301053297,1.2352728
10,10,600,0.5,-0.6276139882393277,-0.09664766333231098,-0.14757574
10,10,600,0.5,-0.7881876902355356,-1.600037187000052,-0.42633367
10,10,600,0.5,-0.7290518715550995,-0.5678742572758058,-0.32367325
10,10,600,0.5,0.42105680544469126,1.6887307228758803,1.6729295
10,10,600,0.5,0.6573138291114755,1.9729077748286101,2.0830746
10,10,600,0.5,0.8986376448313629,1.6746144654770247,2.5020156
10,10,600,0.5,0.7640828204597792,2.1943054977398586,2.268427
10,10,600,0.5,-0.17067612001895283,0.768901587840681,0.6456739
10,10,600,0.5,0.7246370936718047,2.455390179163018,2.1999485
10,10,600,0.5,0.8395656215563168,2.302279010022333,2.399466
10,10,600,0.5,-0.7634511482621336,-0.09560429086004157,-0.38339078
10,10,600,0.5,0.15445717720833518,1.8261192976574294,1.2101092
10,10,600,0.5,0.7345788109249296,1.7801158883178205,2.2172074
10,10,600,0.5,-0.5024937129600839,-0.36950975531751573,0.0696345
10,10,600,0.5,-0.7236340973027724,-0.8917538736532697,-0.31426787
10,10,600,0.5,-0.4503528602648068,-0.3744500179830534,0.16015172
10,10,600,0.5,-0.2078805943854125,1.6503155165143968,0.5810865
10,10,600,0.5,-0.7103044813132455,0.21192995641789192,-0.29112756
10,10,600,0.5,-0.4599840536156703,0.057734179540730894,0.14343178
10,10,600,0.5,-0.8182285359351811,-1.0901071326330256,-0.478485
10,10,600,0.5,0.7961247144274701,2.145462227697845,2.3240519
10,10,600,0.5,-0.44480780453646784,-0.22347196935821517,0.16977799
10,10,600,0.5,0.7933425860806842,2.7751234325868146,2.3192222
10,10,600,0.5,0.711606684785222,1.8101152736789345,2.1773276
10,10,600,0.5,0.30640163971426726,1.5044375441407651,1.4738867
10,10,600,0.5,-0.019082382764865846,1.1866912845862645,0.9088425
10,10,600,0.5,-0.43438607484718084,0.00040512745018797536,0.1878702
10,10,600,0.5,-0.3092966386061946,-0.07759566212191193,0.40502703
10,10,600,0.5,-0.24014608819975902,0.49900741782149827,0.5250732
10,10,600,0.5,0.15428048804068362,1.2093615276713443,1.2098026
10,10,600,0.5,0.01961439324316827,1.0145667514125503,0.9760206
10,10,600,0.5,0.9529189300267915,1.7860358307227147,2.5962486
10,10,600,0.5,-0.7330770581301311,-0.11563344567771372,-0.33066094
10,10,600,0.5,0.8154659149700789,2.2038511995329806,2.3576286
10,10,600,0.5,-0.17147401097066006,0.05276515119206926,0.6442888
10,10,600,0.5,-0.1589210666398031,0.6528645911534634,0.66608083
10,10,600,0.5,-0.18551765717238533,0.9889565507268121,0.6199088
10,10,600,0.5,-0.12482557747461498,0.27009665423419604,0.72527105
10,10,600,0.5,-0.6740911479067893,-0.45444381819873314,-0.22826076
10,10,600,0.5,-0.5199594532405809,-0.014131435096217289,0.039313793
10,10,600,0.5,-0.42320300533701216,-0.24715445337121172,0.20728421
10,10,600,0.5,0.39054001180937203,1.8281761737738174,1.619952
10,10,600,0.5,-0.8409558348264885,-1.141468392087949,-0.5179399
10,10,600,0.5,-0.4447425874105362,0.20949847015141138,0.16989118
10,10,600,0.5,0.773921562434835,2.596452740871129,2.285507
10,10,600,0.5,-0.5078736300180711,0.449456988019416,0.060294867
10,10,600,0.5,0.9636587796365064,2.932492216556162,2.614893
10,10,600,0.5,0.9788195545688629,3.4258383809139556,2.6412125
10,10,600,0.5,-0.24350965015307646,0.3625887614558335,0.51923406
10,10,600,0.5,0.807967909856474,2.6216852696479793,2.344612
10,10,600,0.5,0.20969103949009193,1.4518101321519719,1.305996
10,10,600,0.5,0.3636405982069668,1.6883538184435083,1.5732543
10,10,600,0.5,0.6960164586444688,2.5944138233091865,2.1502628
10,10,600,0.5,0.17663422710721144,2.064760202472476,1.248609
10,10,600,0.5,0.3992441085010334,1.96092302490016,1.6350625
10,10,600,0.5,0.9806778947934087,2.688499802577926,2.6444387
10,10,600,0.5,-0.1506290624969875,1.244116742223275,0.68047583
10,10,600,0.5,0.3929648614029002,2.0563165154559955,1.6241615
10,10,600,0.5,-0.6820608327089606,-0.47542450589208135,-0.24209619
10,10,600,0.5,0.8131109984423579,2.400570478333453,2.3535404
10,10,600,0.5,-0.4157049464149023,-0.10768022953816919,0.22030091
10,10,600,0.5,-0.4139594309844066,-0.41673334321012856,0.2233311
10,10,600,0.5,0.8947411809778485,2.7715983260255865,2.4952514
10,10,600,0.5,0.05778983950580896,0.8458523623243672,1.0422937
10,10,600,0.5,-0.8638518520505596,-0.8483725998276714,-0.55768764
10,10,600,0.5,0.3849442387400397,2.529019062657932,1.6102376
10,10,600,0.5,-0.3628620950973527,0.35624009603158796,0.31203675
10,10,600,0.5,0.0731584222174444,0.14420898668543125,1.0689737
10,10,600,0.5,0.3439142811916447,1.1140230899617216,1.5390091
10,10,600,0.5,0.5548151236975063,1.6601591691622446,1.9051356
10,10,600,0.5,-0.7625445620915119,-0.5800305138376807,-0.38181698
10,10,600,0.5,0.03461703440457753,0.3582741329889366,1.0020653
10,10,600,0.5,0.793093191702126,1.8109717108625114,2.3187892
10,10,600,0.5,0.6978871106258364,1.825676070784192,2.1535103
10,10,600,0.5,-0.8720894677580378,-0.3378419144615543,-0.5719882
10,10,600,0.5,-0.5576781693078323,0.23433390317824393,-0.02616638
10,10,600,0.5,-0.13116674888375845,0.2648586044543374,0.71426266
10,10,600,0.5,-0.5243855149219223,-0.02620402212783949,0.0316301
10,10,600,0.5,-0.39994216104814084,0.7327734239527157,0.24766529
10,10,600,0.5,0.3929262893050012,2.5025288300509985,1.6240945
10,10,600,0.5,-0.3445591968857622,0.8094405966243554,0.3438108
10,10,600,0.5,-0.6295353495276321,-0.24636809486275624,-0.15091133
10,10,600,0.5,-0.25829440156422256,1.1889972288163606,0.4935675
10,10,600,0.5,0.42848259909822284,1.9145391347664917,1.6858208
10,10,600,0.5,0.1041565533839417,1.4727849159761746,1.1227868
10,10,600,0.5,-0.17028626133287195,0.45741133040878756,0.64635074
11,10,600,1.0,-0.10574924276474529,1.2422834271061935,0.80992687
11,10,600,1.0,0.23696051902549575,-0.3203082334387295,1.1902896
11,10,600,1.0,0.844695963593266,1.8972769066213822,1.8647962
11,10,600,1.0,-0.7596068775736622,-0.7014585389372673,0.08423072
11,10,600,1.0,0.24295680299952704,2.8535108458057676,1.1969447
11,10,600,1.0,-0.30553296413556086,-0.376768122749208,0.5881932
11,10,600,1.0,0.5834500761653292,0.15049352453089826,1.5748476
11,10,600,1.0,-0.5245163479687225,1.4222892602048933,0.34515035
11,10,600,1.0,-0.40771960495571014,-0.01833605067808733,0.4747794
11,10,600,1.0,0.9188666816668503,2.725267380774148,1.9471159
11,10,600,1.0,-0.6773809642300075,-0.17894297516398697,0.17549068
11,10,600,1.0,0.7634707237097056,2.3958874358779987,1.7746468
11,10,600,1.0,0.90549802303397,3.3380002545225995,1.9322785
11,10,600,1.0,-0.8778429258664253,-0.7225961005940904,-0.0469957
11,10,600,1.0,0.3800500403824547,1.2502568386264303,1.3491002
11,10,600,1.0,-0.5850598491177812,-0.7028224902151169,0.27795506
11,10,600,1.0,-0.47088877579074606,-0.9717128348904687,0.40466994
11,10,600,1.0,0.3261564062002016,-0.2933902707635556,1.2892854
11,10,600,1.0,0.8684279958495875,1.5189174801060241,1.8911357
11,10,600,1.0,0.04649610693339934,2.1711895175810367,0.9788992
11,10,600,1.0,0.20552675214328775,0.9718639824844275,1.1554023
11,10,600,1.0,-0.8801114035008535,-1.3594470844614264,-0.04951346
11,10,600,1.0,-0.7685935333458127,-0.12431624624545073,0.07425672
11,10,600,1.0,-0.2756218821212213,-0.8996568519985626,0.6213905
11,10,600,1.0,0.8080887858019155,3.9871665778949525,1.824167
11,10,600,1.0,0.8977220414410148,2.437330007402173,1.9236481
11,10,600,1.0,0.9535221763806743,4.131914916955008,1.985579
11,10,600,1.0,0.18174552249634646,1.7427265785282797,1.1290083
11,10,600,1.0,-0.5444809969242781,0.1352902271171257,0.32299227
11,10,600,1.0,-0.4258969601607405,-1.3933813199932685,0.45460492
11,10,600,1.0,0.9959245026573469,3.1813486428626074,2.03264
11,10,600,1.0,0.7327646518572584,2.1632795732594468,1.7405672
11,10,600,1.0,-0.8717050073024313,-0.9854298444750821,-0.040183425
11,10,600,1.0,0.16895213791153774,0.8735665843875838,1.1148093
11,10,600,1.0,-0.6276139882393277,0.0619326498140334,0.23072553
11,10,600,1.0,-0.7881876902355356,-2.623698993529033,0.052509844
11,10,600,1.0,-0.7290518715550995,-0.6776447714414123,0.11814278
11,10,600,1.0,0.42105680544469126,1.535347834862378,1.3946123
11,10,600,1.0,0.6573138291114755,1.6311878914342692,1.6568266
11,10,600,1.0,0.8986376448313629,0.5519536412913237,1.9246644
11,10,600,1.0,0.7640828204597792,1.860445354560159,1.7753263
11,10,600,1.0,-0.17067612001895283,0.8791554157192676,0.7378665
11,10,600,1.0,0.7246370936718047,2.461506170982427,1.7315466
11,10,600,1.0,0.8395656215563168,1.9254267769320328,1.8591022
11,10,600,1.0,-0.7634511482621336,0.335693714804184,0.0799641
11,10,600,1.0,0.15445717720833518,2.3433242408981885,1.0987217
11,10,600,1.0,0.7345788109249296,1.091074154785782,1.7425807
11,10,600,1.0,-0.5024937129600839,-0.7340320847148636,0.36959255
11,10,600,1.0,-0.7236340973027724,-1.3362395527009947,0.12415576
11,10,600,1.0,-0.4503528602648068,-0.8481943154364932,0.4274621
11,10,600,1.0,-0.2078805943854125,2.7163922217996186,0.69657445
11,10,600,1.0,-0.7103044813132455,0.8444688754622749,0.13894993
11,10,600,1.0,-0.4599840536156703,0.03543646631280238,0.41677272
11,10,600,1.0,-0.8182285359351811,-1.543757193395689,0.019168437
11,10,600,1.0,0.7961247144274701,1.6986750265407489,1.8108885
11,10,600,1.0,-0.44480780453646784,-0.5573283296434947,0.43361637
11,10,600,1.0,0.7933425860806842,2.9635616930122612,1.8078007
11,10,600,1.0,0.711606684785222,1.197017177787425,1.7170845
11,10,600,1.0,0.30640163971426726,1.396071808852996,1.2673602
11,10,600,1.0,-0.019082382764865846,1.411547334702261,0.90611565
11,10,600,1.0,-0.43438607484718084,-0.13041759540526238,0.44518313
11,10,600,1.0,-0.3092966386061946,-0.5365980470314347,0.58401597
11,10,600,1.0,-0.24014608819975902,0.4783070120425145,0.660764
11,10,600,1.0,0.15428048804068362,1.1101620792613214,1.0985256
11,10,600,1.0,0.01961439324316827,0.989904716338764,0.949064
11,10,600,1.0,0.9529189300267915,0.6662338013918463,1.9849094
11,10,600,1.0,-0.7330770581301311,0.23488722490483482,0.113675356
11,10,600,1.0,0.8154659149700789,1.7767705691258033,1.8323547
11,10,600,1.0,-0.17147401097066006,-0.5515216756745414,0.736981
11,10,600,1.0,-0.1589210666398031,0.623571315586533,0.75091314
11,10,600,1.0,-0.18551765717238533,1.3489484157983949,0.7213944
11,10,600,1.0,-0.12482557747461498,-0.21015553658237796,0.78875464
11,10,600,1.0,-0.6740911479067893,-0.5607053405838878,0.179142
11,10,600,1.0,-0.5199594532405809,0.011656036288727231,0.35020792
11,10,600,1.0,-0.42320300533701216,-0.6479028960683991,0.45759487
11,10,600,1.0,0.39054001180937203,1.8752723239288906,1.3607427
11,10,600,1.0,-0.8409558348264885,-1.6010251145229208,-0.006055951
11,10,600,1.0,-0.4447425874105362,0.3084821151238951,0.43368876
11,10,600,1.0,0.773921562434835,2.645062356872588,1.7862458
11,10,600,1.0,-0.5078736300180711,0.9146612360749742,0.3636216
11,10,600,1.0,0.9636587796365064,2.937666873839312,1.9968293
11,10,600,1.0,0.9788195545688629,3.8940376526901854,2.0136557
11,10,600,1.0,-0.24350965015307646,0.21219682321781996,0.6570309
11,10,600,1.0,0.807967909856474,2.6274347195830106,1.8240328
11,10,600,1.0,0.20969103949009193,1.48423818532376,1.1600242
11,10,600,1.0,0.3636405982069668,1.649426440473083,1.3308879
11,10,600,1.0,0.6960164586444688,2.7967947293294353,1.6997814
11,10,600,1.0,0.17663422710721144,2.776251950730529,1.1233354
11,10,600,1.0,0.3992441085010334,2.123357832798253,1.370403
11,10,600,1.0,0.9806778947934087,2.415643815569035,2.0157182
11,10,600,1.0,-0.1506290624969875,1.789491609440525,0.76011616
11,10,600,1.0,0.3929648614029002,2.3267033081061905,1.363434
11,10,600,1.0,-0.6820608327089606,-0.5867273463662416,0.17029667
11,10,600,1.0,0.8131109984423579,2.1749189597821896,1.829741
11,10,600,1.0,-0.4157049464149023,-0.3839505662465338,0.46591672
11,10,600,1.0,-0.4139594309844066,-1.005547824451444,0.467854
11,10,600,1.0,0.8947411809778485,2.753714290095476,1.9203398
11,10,600,1.0,0.05778983950580896,0.5761250456371165,0.99143374
11,10,600,1.0,-0.8638518520505596,-0.9690414955542237,-0.031467438
11,10,600,1.0,0.3849442387400397,3.288149647835785,1.3545321
11,10,600,1.0,-0.3628620950973527,0.4382043822578813,0.52456534
11,10,600,1.0,0.0731584222174444,-0.8578988710640263,1.0084908
11,10,600,1.0,0.3439142811916447,0.5402176175401541,1.3089943
11,10,600,1.0,0.5548151236975063,1.2106880909294766,1.5430665
11,10,600,1.0,-0.7625445620915119,-0.6349719034923376,0.08097029
11,10,600,1.0,0.03461703440457753,-0.3526858028312818,0.965715
11,10,600,1.0,0.793093191702126,1.035757038320771,1.807524
11,10,600,1.0,0.6978871106258364,1.2555779203167112,1.7018576
11,10,600,1.0,-0.8720894677580378,0.06849510659296687,-0.040610135
11,10,600,1.0,-0.5576781693078323,0.5840241449721525,0.30834508
11,10,600,1.0,-0.13116674888375845,-0.2079492933238083,0.78171676
11,10,600,1.0,-0.5243855149219223,-0.0036370144118343523,0.34529555
11,10,600,1.0,-0.39994216104814084,1.2654311700017131,0.48341134
11,10,600,1.0,0.3929262893050012,3.219205081491994,1.3633912
11,10,600,1.0,-0.3445591968857622,1.3079995870202352,0.5448792
11,10,600,1.0,-0.6295353495276321,-0.23366549067024822,0.22859305
11,10,600,1.0,-0.25829440156422256,1.8945832607611666,0.6406218
11,10,600,1.0,0.42848259909822284,1.9721130713365378,1.402854
11,10,600,1.0,0.1041565533839417,1.7372567251844657,1.0428947
11,10,600,1.0,-0.17028626133287195,0.25539518348331897,0.73829925
12,10,1000,0.05,-0.43460069810892676,0.10391943535424338,0.1598137
12,10,1000,0.05,0.04875962215443996,1.0680376422113285,1.0868359
12,10,1000,0.05,-0.9063872905756225,-0.8078412084604553,-0.7450114
12,10,1000,0.05,-0.1525872930890544,0.7091260401707972,0.7006787
12,10,1000,0.05,-0.14240855500352434,0.7275129993060181,0.7202002
12,10,1000,0.05,-0.7790457780165105,-0.5309610168580813,-0.50078696
12,10,1000,0.05,0.5291239487154171,2.0659813391131507,2.008112
12,10,1000,0.05,0.36102896228565173,1.7491083355692938,1.6857278
12,10,1000,0.05,-0.28200944332073585,0.4136393006753972,0.45246387
12,10,1000,0.05,0.1486504976991576,1.3156782401994287,1.2784135
12,10,1000,0.05,0.24333087290651556,1.5485620926109531,1.4599981
12,10,1000,0.05,-0.43438607484718084,0.17985463976276517,0.16022533
12,10,1000,0.05,-0.765359039230378,-0.5989762223220143,-0.47453767
12,10,1000,0.05,0.012624448046777204,1.0205292707729952,1.0175333
12,10,1000,0.05,-0.3394659286062016,0.27140007401644,0.34226984
12,10,1000,0.05,-0.16661648618257807,0.6951673955961648,0.6737726
12,10,1000,0.05,-0.4139594309844066,0.19385844599596952,0.19940096
12,10,1000,0.05,0.5583588666036681,2.174794423385292,2.0641809
12,10,1000,0.05,-0.08299366586710999,0.9023834173887879,0.8341502
12,10,1000,0.05,0.45408852542265654,1.868172927041083,1.8642039
12,10,1000,0.05,-0.3320702608063817,0.3671154112089231,0.35645378
12,10,1000,0.05,0.5873954067148413,2.1930832528255255,2.1198692
12,10,1000,0.05,-0.3445591968857622,0.31479216528308324,0.3325016
12,10,1000,0.05,0.8442229235343861,2.640813599428003,2.6124308
12,10,1000,0.05,0.9806778947934087,2.9410406330645644,2.8741336
12,10,1000,0.05,-0.1506290624969875,0.7433655693726016,0.70443434
12,10,1000,0.05,-0.4599840536156703,0.09546945486049006,0.11113173
12,10,1000,0.05,0.7476643566694363,2.542037700763859,2.427244
12,10,1000,0.05,-0.5770904084351729,-0.15323471167623606,-0.113462865
12,10,1000,0.05,-0.32804491531948954,0.34268269817890196,0.36417383
12,10,1000,0.05,0.03767029766305208,1.1105461464331832,1.065568
12,10,1000,0.05,-0.1371631291320521,0.8168099217422938,0.73026025
12,10,1000,0.05,0.4428133359199049,1.8852161777263292,1.8425796
12,10,1000,0.05,0.011732767650616704,1.0414279931269061,1.0158231
12,10,1000,0.05,0.3992441085010334,1.8093471986339809,1.7590194
12,10,1000,0.05,-0.8839416793522488,-0.7926884754036256,-0.7019636
12,10,1000,0.05,0.2695726458673895,1.5717343548198097,1.5103264
12,10,1000,0.05,0.3929262893050012,1.7398700441068693,1.7469027
12,10,1000,0.05,-0.3036161145069598,0.351691045135104,0.4110251
12,10,1000,0.05,-0.5111488159967945,-0.005949502223366158,0.013004422
12,10,1000,0.05,-0.4329623068356667,0.2415541130720309,0.162956
12,10,1000,0.05,0.1730258696201663,1.3471048403074357,1.3251623
12,10,1000,0.05,-0.8409558348264885,-0.7249247922508529,-0.6195225
12,10,1000,0.05,0.9996171562339307,2.950078403280576,2.9104567
12,10,1000,0.05,0.9216693161260003,2.8624094449624593,2.760963
12,10,1000,0.05,0.5984051747047834,2.252558465556937,2.1409843
12,10,1000,0.05,0.10929011724051918,1.138343307987989,1.2029254
12,10,1000,0.05,-0.34402399818384066,0.3305425577071934,0.33352804
12,10,1000,0.05,-0.17028626133287195,0.5987074081862932,0.66673434
12,10,1000,0.05,-0.9013021064231206,-0.8436817041263978,-0.73525876
12,10,1000,0.05,0.8395656215563168,2.6046179737172688,2.6034987
12,10,1000,0.05,0.46348837086578554,2.0238123648516986,1.8822315
12,10,1000,0.05,-0.7994121154690044,-0.653067033911081,-0.5398471
12,10,1000,0.05,-0.10721116903359418,0.8140006078790255,0.78770417
12,10,1000,0.05,0.5610583525729109,2.1200466645679237,2.069358
12,10,1000,0.05,-0.47088877579074606,0.06195176874568555,0.09021795
12,10,1000,0.05,0.3183529437000565,1.7103941281570332,1.6038806
12,10,1000,0.05,0.5834500761653292,2.1639708247739655,2.1123025
12,10,1000,0.05,0.7453013108947906,2.526821047033079,2.422712
12,10,1000,0.05,-0.024647352923584886,0.9329077195004899,0.9460508
12,10,1000,0.05,-0.8043110310119319,-0.5974989038234335,-0.54924256
12,10,1000,0.05,-0.5822464878103306,-0.1650502562127533,-0.12335163
12,10,1000,0.05,0.20078447419527912,1.427210771270196,1.3783997
12,10,1000,0.05,0.7933425860806842,2.571346883360018,2.514849
12,10,1000,0.05,0.214498748023082,1.4675393440664108,1.404702
12,10,1000,0.05,0.06983370985416792,1.0710152921607912,1.1272532
12,10,1000,0.05,-0.7653688716336122,-0.5862116209490317,-0.4745565
12,10,1000,0.05,-0.7043973318692192,-0.3866523580511014,-0.357621
12,10,1000,0.05,0.9529189300267915,2.8634218339133213,2.8208957
12,10,1000,0.05,0.17747921994057636,1.3386425167732368,1.3337033
12,10,1000,0.05,0.14450381158174674,1.2450981060229898,1.2704607
12,10,1000,0.05,-0.18653330832850346,0.6045101330327901,0.6355747
12,10,1000,0.05,0.479767835658202,1.938922083586177,1.9134533
12,10,1000,0.05,0.9414628855412657,2.8927848238424,2.7989244
12,10,1000,0.05,0.644235466388491,2.273431738953181,2.228881
12,10,1000,0.05,0.2789450327974472,1.56736504747229,1.5283015
12,10,1000,0.05,-0.5168859199201632,-0.17388197975991204,0.0020013452
12,10,1000,0.05,0.3636405982069668,1.747541400430078,1.6907365
12,10,1000,0.05,0.8154659149700789,2.6214900909292687,2.5572786
12,10,1000,0.05,-0.8931456364263495,-0.8579280473494043,-0.71961564
12,10,1000,0.05,-0.18992877340610015,0.6559393978596493,0.62906265
12,10,1000,0.05,0.6419864596958702,2.2855030106086662,2.2245677
12,10,1000,0.05,0.8986376448313629,2.8123747501806036,2.7167912
12,10,1000,0.05,-0.8057974484138775,-0.6150769757501017,-0.5520933
12,10,1000,0.05,0.7211023476575875,2.422142959819616,2.3763015
12,10,1000,0.05,0.01961439324316827,1.000110438141232,1.0309391
12,10,1000,0.05,-0.542706898034109,-0.07575311840653315,-0.047519863
12,10,1000,0.05,-0.6932622442813086,-0.3615881406470205,-0.3362654
12,10,1000,0.05,0.04152287448372105,1.0784401432328443,1.0729567
12,10,1000,0.05,0.3912508912777144,1.7458361421762456,1.7436894
12,10,1000,0.05,0.9037489536654724,2.8685671553039045,2.726594
12,10,1000,0.05,0.9840224868289482,2.996194459587203,2.8805482
12,10,1000,0.05,-0.9395294839880348,-0.8740987248494945,-0.8085739
12,10,1000,0.05,0.17663422710721144,1.3063744426568502,1.3320826
12,10,1000,0.05,-0.8492818618333193,-0.6691524772107418,-0.6354907
12,10,1000,0.05,0.10937561732283796,1.297992261013127,1.2030895
12,10,1000,0.05,0.7613562460941592,2.4434888140307716,2.4535034
12,10,1000,0.05,0.15189299111235854,1.2521538271301107,1.2846322
12,10,1000,0.05,-0.7236340973027724,-0.47276035671246874,-0.39451474
12,10,1000,0.05,-0.5692035913135236,-0.1263469844160996,-0.098337114
12,10,1000,0.05,-0.13403158743763854,0.6717500655147339,0.73626614
12,10,1000,0.05,-0.9292751284890182,-0.8396547518911126,-0.78890747
12,10,1000,0.05,-0.4036252806738718,0.2349992188022982,0.21922058
12,10,1000,0.05,0.10438493984481312,1.1878960121953746,1.1935179
12,10,1000,0.05,0.917481846113186,2.878748476165347,2.7529318
12,10,1000,0.05,-0.23932963294485377,0.515320402177072,0.5343182
12,10,1000,0.05,0.38791282186909504,1.7595788958221652,1.7372875
12,10,1000,0.05,0.7788958176317331,2.5684424936349606,2.4871418
12,10,1000,0.05,0.45998112484811604,1.9043634443004214,1.8755051
12,10,1000,0.05,-0.31531524674968425,0.4789144071626235,0.3885877
12,10,1000,0.05,-0.8210109099341998,-0.5615957120709634,-0.58127064
12,10,1000,0.05,-0.8728924503276831,-0.717880806624433,-0.6807727
12,10,1000,0.05,-0.015277186618231742,1.0404083790590841,0.96402156
12,10,1000,0.05,-0.6339334158401577,-0.2422209893389266,-0.22248048
12,10,1000,0.05,0.04649610693339934,1.0755941210707565,1.0824947
12,10,1000,0.05,-0.5078736300180711,-0.11634127599837758,0.019285738
12,10,1000,0.05,0.8684279958495875,2.6894815619538313,2.658853
12,10,1000,0.05,-0.3916528852215069,0.24690106657912048,0.24218208
12,10,1000,0.05,-0.5805001006887298,-0.23332125457662606,-0.12000233
12,10,1000,0.05,0.02263796509291205,1.0557684040819768,1.0367379
12,10,1000,0.05,-0.10326164220400535,0.8636189525970015,0.79527885
12,10,1000,0.05,-0.019389306902525716,1.0174166514756706,0.9561351
12,10,1000,0.05,-0.08718086932186675,0.8329534836563187,0.82611966
12,10,1000,0.05,-0.5183424401691064,-0.08896110819168601,-0.0007920265
12,10,1000,0.05,-0.07284915127037861,0.859537398930907,0.85360605
12,10,1000,0.05,0.773921562434835,2.536839335878652,2.477602
12,10,1000,0.05,-0.8470264619394292,-0.6696542897457082,-0.6311651
12,10,1000,0.05,-0.30296126101487353,0.41431225075096795,0.41228104
12,10,1000,0.05,-0.4861667126266618,0.03858642840317329,0.06091684
12,10,1000,0.05,-0.9200143961985661,-0.8422844575817988,-0.7711465
12,10,1000,0.05,0.9590538586709172,2.8887917160812777,2.8326616
12,10,1000,0.05,0.03127669330250349,1.0343374911208825,1.0533059
12,10,1000,0.05,0.5703058240462755,2.1474961393877186,2.0870936
12,10,1000,0.05,-0.8046472651045518,-0.6097773920357489,-0.54988736
12,10,1000,0.05,-0.18811535606343255,0.5956903503929739,0.63254046
12,10,1000,0.05,-0.6773809642300075,-0.35418698346651184,-0.30580717
12,10,1000,0.05,0.45050855963928105,1.9478370464561852,1.857338
12,10,1000,0.05,0.5167573076722829,2.026286274497879,1.9843944
12,10,1000,0.05,0.27984204265504764,1.557179880595854,1.5300219
12,10,1000,0.05,0.9535221763806743,2.930566010003673,2.8220525
12,10,1000,0.05,0.33353343089133536,1.6404423658222174,1.6329949
12,10,1000,0.05,-0.6334403275718428,-0.18871041789223905,-0.22153479
12,10,1000,0.05,0.8544236147462358,2.7542321693918668,2.6319945
12,10,1000,0.05,0.6978871106258364,2.3658130073786867,2.3317778
12,10,1000,0.05,0.13569200295501505,1.2881762419802958,1.2535608
12,10,1000,0.05,0.7269412983871715,2.458911657210791,2.3874998
12,10,1000,0.05,-0.2851506968105739,0.42919578278540144,0.44643933
12,10,1000,0.05,0.4337193623851874,1.8174222073226896,1.8251384
12,10,1000,0.05,-0.14919654928989057,0.7479348164685737,0.7071817
12,10,1000,0.05,-0.7370344014177448,-0.5169227122690478,-0.4202147
12,10,1000,0.05,-0.20039661555094823,0.5886464697165276,0.6089866
12,10,1000,0.05,-0.18563340554800067,0.6309898896755992,0.63730055
12,10,1000,0.05,-0.41950391488014316,0.06866557115648003,0.18876737
12,10,1000,0.05,-0.42320300533701216,0.20547327267850737,0.18167305
12,10,1000,0.05,-0.5452751018449964,-0.11949611068715317,-0.052445352
12,10,1000,0.05,-0.25140763335816785,0.4593600568396269,0.5111542
12,10,1000,0.05,-0.9771450827499379,-0.9073528217157604,-0.88071567
12,10,1000,0.05,-0.9617542051026204,-0.9430280449045163,-0.851198
12,10,1000,0.05,-0.6820608327089606,-0.3476199096924055,-0.31478256
12,10,1000,0.05,0.5911807370864262,2.2319069328570946,2.1271288
12,10,1000,0.05,0.9959245026573469,3.068146883358934,2.9033747
12,10,1000,0.05,-0.2465174660780265,0.5211535455631143,0.52053285
12,10,1000,0.05,-0.8054840104247187,-0.6981774086771353,-0.55149215
12,10,1000,0.05,-0.004446184349316429,1.0741380092960928,0.984794
12,10,1000,0.05,0.92639459052076,2.8419719821267337,2.7700253
12,10,1000,0.05,0.4275337368200327,1.8310550218903192,1.8132753
12,10,1000,0.05,0.9458389780462606,2.896596851433295,2.8073173
12,10,1000,0.05,-0.7934036898297228,-0.6251426223862906,-0.5283236
12,10,1000,0.05,0.3440956147078289,1.6681263391589822,1.6532518
12,10,1000,0.05,0.5411614970055525,2.1126785776069075,2.0311985
12,10,1000,0.05,0.807967909856474,2.6093074189802623,2.5428984
12,10,1000,0.05,-0.09635663466048072,0.8342914537052788,0.80852175
12,10,1000,0.05,-0.10574924276474529,0.7773776639583634,0.790508
12,10,1000,0.05,0.5424509259318204,2.094110915098818,2.0336714
12,10,1000,0.05,-0.2343838816842918,0.583483405406551,0.5438035
12,10,1000,0.05,-0.08617715670846837,0.7277137128038946,0.82804465
12,10,1000,0.05,0.8074394794918669,2.665662223060839,2.541885
12,10,1000,0.05,-0.4157049464149023,0.1289843561419379,0.19605333
12,10,1000,0.05,-0.18339418332051038,0.6757381675351511,0.6415951
12,10,1000,0.05,0.07384600216478088,1.1794632306572614,1.1349483
12,10,1000,0.05,0.1041565533839417,1.2148918051632869,1.19308
12,10,1000,0.05,-0.20167770949045383,0.6371035958617505,0.6065297
12,10,1000,0.05,0.918333206070445,2.778108389068386,2.7545648
12,10,1000,0.05,0.0610744291255636,1.1301819177421157,1.1104541
12,10,1000,0.05,0.7645673438382148,2.6396999043384044,2.4596617
12,10,1000,0.05,0.30640163971426726,1.6223188573082314,1.5809597
12,10,1000,0.05,0.36278502120767575,1.7807989660939254,1.6890956
12,10,1000,0.05,-0.08279207646282827,0.8367691518072682,0.83453685
12,10,1000,0.05,-0.8622960710132521,-0.8092106639002097,-0.66045016
12,10,1000,0.05,0.015271094481529746,1.0424521985641615,1.0226092
12,10,1000,0.05,0.45554254642883607,1.869292289483591,1.8669925
12,10,1000,0.05,-0.6817075261155143,-0.3117655925050314,-0.31410486
12,10,1000,0.05,-0.05875819216385425,0.9373987927089171,0.8806307
12,10,1000,0.05,-0.13116674888375845,0.733926253098466,0.7417605
12,10,1000,0.05,-0.4733552465256987,0.034188234501083395,0.085487604
12,10,1000,0.05,0.2289294129537487,1.5489545808005176,1.432378
12,10,1000,0.05,-0.8863038471335194,-0.7551992325049484,-0.70649403
12,10,1000,0.05,0.0731584222174444,1.2470198521808122,1.1336296
12,10,1000,0.05,-0.733121136508792,-0.4661137138960084,-0.41270965
12,10,1000,0.05,-0.40771960495571014,0.20488156477239006,0.21136814
13,10,1000,0.2,-0.43460069810892676,0.023281930070534085,0.24269116
13,10,1000,0.2,0.04875962215443996,0.979592835918674,1.0774078
13,10,1000,0.2,-0.9063872905756225,-0.7930410903880859,-0.57203877
13,10,1000,0.2,-0.1525872930890544,0.7520279192175148,0.72970116
13,10,1000,0.2,-0.14240855500352434,0.7645033272452182,0.74727887
13,10,1000,0.2,-0.7790457780165105,-0.4495693993332618,-0.35213232
13,10,1000,0.2,0.5291239487154171,2.0891816641601006,1.9069508
13,10,1000,0.2,0.36102896228565173,1.830259568563265,1.616667
13,10,1000,0.2,-0.28200944332073585,0.346613862626004,0.50620157
13,10,1000,0.2,0.1486504976991576,1.370809974602769,1.2499098
13,10,1000,0.2,0.24333087290651556,1.7342631330047191,1.4134136
13,10,1000,0.2,-0.43438607484718084,0.3257350081341457,0.24306178
13,10,1000,0.2,-0.765359039230378,-0.8037506539057897,-0.32849658
13,10,1000,0.2,0.012624448046777204,1.0063703948113174,1.015006
13,10,1000,0.2,-0.3394659286062016,0.12239586770296967,0.4069798
13,10,1000,0.2,-0.16661648618257807,0.7803684994801279,0.7054741
13,10,1000,0.2,-0.4139594309844066,0.2591903698903176,0.27833664
13,10,1000,0.2,0.5583588666036681,2.34902449391916,1.9574367
13,10,1000,0.2,-0.08299366586710999,1.1074956647578118,0.84988266
13,10,1000,0.2,0.45408852542265654,1.7481605556283928,1.7773719
13,10,1000,0.2,-0.3320702608063817,0.46088320967398266,0.41975135
13,10,1000,0.2,0.5873954067148413,2.247960571013054,2.00758
13,10,1000,0.2,-0.3445591968857622,0.326523842446906,0.39818418
13,10,1000,0.2,0.8442229235343861,2.497916856505695,2.4510963
13,10,1000,0.2,0.9806778947934087,2.880095163497805,2.6867409
13,10,1000,0.2,-0.1506290624969875,0.8772366524723311,0.73308283
13,10,1000,0.2,-0.4599840536156703,0.14178214113598203,0.19885653
13,10,1000,0.2,0.7476643566694363,2.682164663038818,2.284349
13,10,1000,0.2,-0.5770904084351729,-0.15039639609390684,-0.003374815
13,10,1000,0.2,-0.32804491531948954,0.3390002846325451,0.42670274
13,10,1000,0.2,0.03767029766305208,1.2161627997544207,1.0582577
13,10,1000,0.2,-0.1371631291320521,1.0902184617614878,0.75633717
13,10,1000,0.2,0.4428133359199049,1.883984695385887,1.7579007
13,10,1000,0.2,0.011732767650616704,1.0953153666039246,1.0134661
13,10,1000,0.2,0.3992441085010334,1.841924143529723,1.6826608
13,10,1000,0.2,-0.8839416793522488,-0.86710382550101,-0.5332774
13,10,1000,0.2,0.2695726458673895,1.6695015440749021,1.4587307
13,10,1000,0.2,0.3929262893050012,1.60192244059747,1.6717505
13,10,1000,0.2,-0.3036161145069598,0.22846086758217488,0.46888894
13,10,1000,0.2,-0.5111488159967945,0.043094887087302455,0.11049998
13,10,1000,0.2,-0.4329623068356667,0.5639902933021239,0.24552053
13,10,1000,0.2,0.1730258696201663,1.3502641435087452,1.2920038
13,10,1000,0.2,-0.8409558348264885,-0.8539641600444807,-0.45904505
13,10,1000,0.2,0.9996171562339307,2.8026106757187197,2.7194471
13,10,1000,0.2,0.9216693161260003,2.9196218830938347,2.5848389
13,10,1000,0.2,0.5984051747047834,2.419802813999047,2.0265927
13,10,1000,0.2,0.10929011724051918,0.8976325285088409,1.1819382
13,10,1000,0.2,-0.34402399818384066,0.38631421993181736,0.3991084
13,10,1000,0.2,-0.17028626133287195,0.41654720074240426,0.69913673
13,10,1000,0.2,-0.9013021064231206,-0.9669141779668677,-0.5632572
13,10,1000,0.2,0.8395656215563168,2.3810781655311737,2.4430537
13,10,1000,0.2,0.46348837086578554,2.3143192342120815,1.7936045
13,10,1000,0.2,-0.7994121154690044,-0.8157954428302978,-0.387303
13,10,1000,0.2,-0.10721116903359418,0.8992694457176671,0.80806136
13,10,1000,0.2,0.5610583525729109,2.1138365428342283,1.9620984
13,10,1000,0.2,-0.47088877579074606,0.07313972972721858,0.18002516
13,10,1000,0.2,0.3183529437000565,1.931458850427794,1.5429696
13,10,1000,0.2,0.5834500761653292,2.155182842103886,2.0007668
13,10,1000,0.2,0.7453013108947906,2.635476322763574,2.2802682
13,10,1000,0.2,-0.024647352923584886,0.8795149955434689,0.9506411
13,10,1000,0.2,-0.8043110310119319,-0.5641294292221425,-0.39576292
13,10,1000,0.2,-0.5822464878103306,-0.16672209798902948,-0.012278914
13,10,1000,0.2,0.20078447419527912,1.5041362399091096,1.3399402
13,10,1000,0.2,0.7933425860806842,2.5253320169559674,2.363231
13,10,1000,0.2,0.214498748023082,1.5831648881271514,1.3636234
13,10,1000,0.2,0.06983370985416792,0.8650589095181568,1.1138008
13,10,1000,0.2,-0.7653688716336122,-0.7526332539944535,-0.32851362
13,10,1000,0.2,-0.7043973318692192,-0.3202254409890905,-0.22322166
13,10,1000,0.2,0.9529189300267915,2.7361737554925365,2.638804
13,10,1000,0.2,0.17747921994057636,1.289694747449489,1.2996943
13,10,1000,0.2,0.14450381158174674,1.1133695546014788,1.2427489
13,10,1000,0.2,-0.18653330832850346,0.5372403821021812,0.67107964
13,10,1000,0.2,0.479767835658202,1.8770813203954955,1.8217175
13,10,1000,0.2,0.9414628855412657,2.9223619821220046,2.6190205
13,10,1000,0.2,0.644235466388491,2.2283141574817766,2.1057372
13,10,1000,0.2,0.2789450327974472,1.595789993104477,1.474916
13,10,1000,0.2,-0.5168859199201632,-0.594212399518669,0.100592494
13,10,1000,0.2,0.3636405982069668,1.8083220124785113,1.621177
13,10,1000,0.2,0.8154659149700789,2.593164873896601,2.4014359
13,10,1000,0.2,-0.8931456364263495,-1.0728383708395206,-0.5491717
13,10,1000,0.2,-0.18992877340610015,0.763330231875198,0.665216
13,10,1000,0.2,0.6419864596958702,2.290093284259444,2.1018534
13,10,1000,0.2,0.8986376448313629,2.8576731317342365,2.5450654
13,10,1000,0.2,-0.8057974484138775,-0.625523212517142,-0.39832985
13,10,1000,0.2,0.7211023476575875,2.3619577533329386,2.2384791
13,10,1000,0.2,0.01961439324316827,0.8827553931059186,1.0270768
13,10,1000,0.2,-0.542706898034109,-0.046771085421478675,0.05600214
13,10,1000,0.2,-0.6932622442813086,-0.28677909690023073,-0.20399237
13,10,1000,0.2,0.04152287448372105,1.064623326029051,1.0649108
13,10,1000,0.2,0.3912508912777144,1.6358392210386956,1.6688573
13,10,1000,0.2,0.9037489536654724,3.051774899222784,2.5538921
13,10,1000,0.2,0.9840224868289482,3.080642917375122,2.6925168
13,10,1000,0.2,-0.9395294839880348,-0.8592179954697692,-0.6292722
13,10,1000,0.2,0.17663422710721144,1.1656924079841327,1.2982349
13,10,1000,0.2,-0.8492818618333193,-0.5809187378430514,-0.47342324
13,10,1000,0.2,0.10937561732283796,1.5357153401154795,1.1820859
13,10,1000,0.2,0.7613562460941592,2.2058177795581315,2.3079937
13,10,1000,0.2,0.15189299111235854,1.097257361846291,1.2555093
13,10,1000,0.2,-0.7236340973027724,-0.5492368430332406,-0.2564417
13,10,1000,0.2,-0.5692035913135236,-0.0901663897832567,0.010244906
13,10,1000,0.2,-0.13403158743763854,0.491189786684767,0.7617451
13,10,1000,0.2,-0.9292751284890182,-0.7829682366303413,-0.6115639
13,10,1000,0.2,-0.4036252806738718,0.3617485592524238,0.29618275
13,10,1000,0.2,0.10438493984481312,1.1252744097126195,1.1734674
13,10,1000,0.2,0.917481846113186,3.0101028279822732,2.5776076
13,10,1000,0.2,-0.23932963294485377,0.4972594063774105,0.5799055
13,10,1000,0.2,0.38791282186909504,1.7108386520740901,1.6630929
13,10,1000,0.2,0.7788958176317331,2.6003950687494437,2.3382826
13,10,1000,0.2,0.45998112484811604,1.8575670281129895,1.7875478
13,10,1000,0.2,-0.31531524674968425,0.8075491091485996,0.44868565
13,10,1000,0.2,-0.8210109099341998,-0.3203173886786548,-0.42460203
13,10,1000,0.2,-0.8728924503276831,-0.6341685245316331,-0.5141964
13,10,1000,0.2,-0.015277186618231742,1.2532966359457267,0.9668225
13,10,1000,0.2,-0.6339334158401577,-0.16528346231476015,-0.10153723
13,10,1000,0.2,0.04649610693339934,1.0233998426826294,1.073499
13,10,1000,0.2,-0.5078736300180711,-0.41812332388508394,0.1161558
13,10,1000,0.2,0.8684279958495875,2.547358272717799,2.492896
13,10,1000,0.2,-0.3916528852215069,0.3375215776455231,0.31685793
13,10,1000,0.2,-0.5805001006887298,-0.45028441417412535,-0.009263039
13,10,1000,0.2,0.02263796509291205,1.0872458257704352,1.0322983
13,10,1000,0.2,-0.10326164220400535,1.074045663612038,0.8148818
13,10,1000,0.2,-0.019389306902525716,1.1860024473178363,0.95972127
13,10,1000,0.2,-0.08718086932186675,0.8548991505564754,0.8426517
13,10,1000,0.2,-0.5183424401691064,-0.24578979175210589,0.09807724
13,10,1000,0.2,-0.07284915127037861,0.8752445033458996,0.86740124
13,10,1000,0.2,0.773921562434835,2.503827968905599,2.3296928
13,10,1000,0.2,-0.8470264619394292,-0.5964583873462574,-0.46952844
13,10,1000,0.2,-0.30296126101487353,0.475016569093113,0.47001982
13,10,1000,0.2,-0.4861667126266618,0.07134598937266384,0.15364164
13,10,1000,0.2,-0.9200143961985661,-0.8490514531357991,-0.5955715
13,10,1000,0.2,0.9590538586709172,2.8008437122996077,2.6493983
13,10,1000,0.2,0.03127669330250349,0.9496898046685092,1.0472165
13,10,1000,0.2,0.5703058240462755,2.1681496132732203,1.9780679
13,10,1000,0.2,-0.8046472651045518,-0.6112259775156852,-0.3963436
13,10,1000,0.2,-0.18811535606343255,0.5114535379524907,0.6683476
13,10,1000,0.2,-0.6773809642300075,-0.3524621484860025,-0.17656696
13,10,1000,0.2,0.45050855963928105,2.088296827989054,1.7711897
13,10,1000,0.2,0.5167573076722829,2.0046012519578187,1.8855948
13,10,1000,0.2,0.27984204265504764,1.5496672664531308,1.476465
13,10,1000,0.2,0.9535221763806743,3.001130981730645,2.6398458
13,10,1000,0.2,0.33353343089133536,1.560568877940857,1.5691848
13,10,1000,0.2,-0.6334403275718428,0.04580029386210038,-0.100685716
13,10,1000,0.2,0.8544236147462358,2.8903869890900515,2.468712
13,10,1000,0.2,0.6978871106258364,2.275929365759729,2.1983886
13,10,1000,0.2,0.13569200295501505,1.3385529501910927,1.2275317
13,10,1000,0.2,0.7269412983871715,2.4739988385201355,2.2485623
13,10,1000,0.2,-0.2851506968105739,0.4276873120050492,0.5007769
13,10,1000,0.2,0.4337193623851874,1.6673726549796337,1.7421963
13,10,1000,0.2,-0.14919654928989057,0.8869185616136381,0.7355566
13,10,1000,0.2,-0.7370344014177448,-0.6454844405697225,-0.27958262
13,10,1000,0.2,-0.20039661555094823,0.5569655721717995,0.6471391
13,10,1000,0.2,-0.18563340554800067,0.6377599919904007,0.6726337
13,10,1000,0.2,-0.41950391488014316,-0.20831422609322092,0.2687618
13,10,1000,0.2,-0.42320300533701216,0.36111112273610246,0.26237392
13,10,1000,0.2,-0.5452751018449964,-0.20633383167863434,0.051567137
13,10,1000,0.2,-0.25140763335816785,0.3458860275075146,0.55904794
13,10,1000,0.2,-0.9771450827499379,-0.7665407903634138,-0.6942307
13,10,1000,0.2,-0.9617542051026204,-1.0015869490023426,-0.66765213
13,10,1000,0.2,-0.6820608327089606,-0.2981146425158588,-0.18464863
13,10,1000,0.2,0.5911807370864262,2.3805433089098216,2.0141168
13,10,1000,0.2,0.9959245026573469,3.2970405174916557,2.7130704
13,10,1000,0.2,-0.2465174660780265,0.5637189787206162,0.5674928
13,10,1000,0.2,-0.8054840104247187,-0.9598055721602285,-0.39778852
13,10,1000,0.2,-0.004446184349316429,1.3232291432802699,0.98552656
13,10,1000,0.2,0.92639459052076,2.809520385382375,2.592999
13,10,1000,0.2,0.4275337368200327,1.7590176666410804,1.7315143
13,10,1000,0.2,0.9458389780462606,2.9113535374556165,2.6265774
13,10,1000,0.2,-0.7934036898297228,-0.7401483505668256,-0.37692702
13,10,1000,0.2,0.3440956147078289,1.6079316683889557,1.5874248
13,10,1000,0.2,0.5411614970055525,2.203745328394314,1.9277384
13,10,1000,0.2,0.807967909856474,2.5894222167822045,2.3884873
13,10,1000,0.2,-0.09635663466048072,0.9153056227839997,0.82680607
13,10,1000,0.2,-0.10574924276474529,0.7440061124219254,0.810586
13,10,1000,0.2,0.5424509259318204,2.12173810480435,1.9299653
13,10,1000,0.2,-0.2343838816842918,0.7402369117319545,0.5884463
13,10,1000,0.2,-0.08617715670846837,0.4279177914663887,0.8443851
13,10,1000,0.2,0.8074394794918669,2.818012015292154,2.387575
13,10,1000,0.2,-0.4157049464149023,0.010167103057165394,0.27532232
13,10,1000,0.2,-0.18339418332051038,0.8033177700636669,0.6765006
13,10,1000,0.2,0.07384600216478088,1.274776909640361,1.1207297
13,10,1000,0.2,0.1041565533839417,1.234627900349497,1.173073
13,10,1000,0.2,-0.20167770949045383,0.7584806403897248,0.6449267
13,10,1000,0.2,0.918333206070445,2.602434319850874,2.5790777
13,10,1000,0.2,0.0610744291255636,1.1542810962150818,1.0986744
13,10,1000,0.2,0.7645673438382148,2.971395554324328,2.3135388
13,10,1000,0.2,0.30640163971426726,1.6508655909473224,1.5223308
13,10,1000,0.2,0.36278502120767575,1.946485737129647,1.6196995
13,10,1000,0.2,-0.08279207646282827,0.8438290660060422,0.8502308
13,10,1000,0.2,-0.8622960710132521,-1.063066229521326,-0.49589753
13,10,1000,0.2,0.015271094481529746,1.0781822273674673,1.0195764
13,10,1000,0.2,0.45554254642883607,1.7439138793613478,1.7798828
13,10,1000,0.2,-0.6817075261155143,-0.15681721332703952,-0.18403852
13,10,1000,0.2,-0.05875819216385425,1.102144323818794,0.89173496
13,10,1000,0.2,-0.13116674888375845,0.7227055056964149,0.76669234
13,10,1000,0.2,-0.4733552465256987,-0.02311558284147415,0.17576581
13,10,1000,0.2,0.2289294129537487,1.8222418454795786,1.3885437
13,10,1000,0.2,-0.8863038471335194,-0.7029738472186771,-0.5373566
13,10,1000,0.2,0.0731584222174444,1.5491288754185824,1.1195422
13,10,1000,0.2,-0.733121136508792,-0.4657280365312819,-0.27282488
13,10,1000,0.2,-0.40771960495571014,0.265843888823821,0.2891122
14,10,1000,0.5,-0.43460069810892676,-0.13799308049688447,0.40307218
14,10,1000,0.5,0.04875962215443996,0.8027032233333651,1.0593407
14,10,1000,0.5,-0.9063872905756225,-0.7634408542433472,-0.23748243
14,10,1000,0.5,-0.1525872930890544,0.8378316773109502,0.78596777
14,10,1000,0.5,-0.14240855500352434,0.8384839831236185,0.7997877
14,10,1000,0.5,-0.7790457780165105,-0.2867861642836229,-0.06458819
14,10,1000,0.5,0.5291239487154171,2.1355823142540005,1.7115417
14,10,1000,0.5,0.36102896228565173,1.9925620345512072,1.4833155
14,10,1000,0.5,-0.28200944332073585,0.2125629865272177,0.61024857
14,10,1000,0.5,0.1486504976991576,1.4810734434094497,1.1949648
14,10,1000,0.5,0.24333087290651556,2.105665213792251,1.3235142
14,10,1000,0.5,-0.43438607484718084,0.6174957448769067,0.4033636
14,10,1000,0.5,-0.765359039230378,-1.2132995170733403,-0.04600537
14,10,1000,0.5,0.012624448046777204,0.9780526428879619,1.0102793
14,10,1000,0.5,-0.3394659286062016,-0.17561254492397094,0.5322387
14,10,1000,0.5,-0.16661648618257807,0.9507707072480539,0.7669201
14,10,1000,0.5,-0.4139594309844066,0.3898542176790136,0.43109727
14,10,1000,0.5,0.5583588666036681,2.697484634986895,1.7512344
14,10,1000,0.5,-0.08299366586710999,1.5177201594958594,0.8804565
14,10,1000,0.5,0.45408852542265654,1.5081358128030125,1.6096644
14,10,1000,0.5,-0.3320702608063817,0.6484188066041017,0.54227996
14,10,1000,0.5,0.5873954067148413,2.357715207388112,1.790658
14,10,1000,0.5,-0.3445591968857622,0.3499871967745517,0.5253235
14,10,1000,0.5,0.8442229235343861,2.2121233706610783,2.139358
14,10,1000,0.5,0.9806778947934087,2.7582042243642864,2.324626
14,10,1000,0.5,-0.1506290624969875,1.1449788186717902,0.78862655
14,10,1000,0.5,-0.4599840536156703,0.23440751368696597,0.36860865
14,10,1000,0.5,0.7476643566694363,2.962418587588735,2.0082583
14,10,1000,0.5,-0.5770904084351729,-0.14471976492924843,0.20961094
14,10,1000,0.5,-0.32804491531948954,0.3316354575398314,0.5477452
14,10,1000,0.5,0.03767029766305208,1.4273961063968952,1.0442846
14,10,1000,0.5,-0.1371631291320521,1.6370355417998756,0.8069095
14,10,1000,0.5,0.4428133359199049,1.8815217307050027,1.5943558
14,10,1000,0.5,0.011732767650616704,1.2030901135579617,1.0090686
14,10,1000,0.5,0.3992441085010334,1.907078033321207,1.535201
14,10,1000,0.5,-0.8839416793522488,-1.0159345256957788,-0.20700753
14,10,1000,0.5,0.2695726458673895,1.865035922585087,1.3591433
14,10,1000,0.5,0.3929262893050012,1.3260272335786714,1.5266231
14,10,1000,0.5,-0.3036161145069598,-0.017999487523683355,0.58091277
14,10,1000,0.5,-0.5111488159967945,0.14118366570863966,0.29914123
14,10,1000,0.5,-0.4329623068356667,1.20886265376231,0.40529668
14,10,1000,0.5,0.1730258696201663,1.3565827499113645,1.2280596
14,10,1000,0.5,-0.8409558348264885,-1.1120428956317365,-0.1486448
14,10,1000,0.5,0.9996171562339307,2.5076752205950075,2.3503404
14,10,1000,0.5,0.9216693161260003,3.034046759356586,2.2445087
14,10,1000,0.5,0.5984051747047834,2.754291510883268,1.8056061
14,10,1000,0.5,0.10929011724051918,0.4162109695505448,1.1415243
14,10,1000,0.5,-0.34402399818384066,0.49785754438106544,0.5260501
14,10,1000,0.5,-0.17028626133287195,0.05222678585462659,0.7619375
14,10,1000,0.5,-0.9013021064231206,-1.2133791256478075,-0.23057818
14,10,1000,0.5,0.8395656215563168,1.9339985491589844,2.1330347
14,10,1000,0.5,0.46348837086578554,2.895332972932847,1.6224267
14,10,1000,0.5,-0.7994121154690044,-1.1412522606687312,-0.092239976
14,10,1000,0.5,-0.10721116903359418,1.06980712139495,0.8475759
14,10,1000,0.5,0.5610583525729109,2.101416299366838,1.7548996
14,10,1000,0.5,-0.47088877579074606,0.09551565169028464,0.35380316
14,10,1000,0.5,0.3183529437000565,2.3735882949693154,1.4253733
14,10,1000,0.5,0.5834500761653292,2.1376068767637277,1.7853013
14,10,1000,0.5,0.7453013108947906,2.8527868742245635,2.0050502
14,10,1000,0.5,-0.024647352923584886,0.772729547629427,0.95967454
14,10,1000,0.5,-0.8043110310119319,-0.49739048001956043,-0.09889138
14,10,1000,0.5,-0.5822464878103306,-0.17006578154158186,0.20261037
14,10,1000,0.5,0.20078447419527912,1.6579871771869366,1.2657481
14,10,1000,0.5,0.7933425860806842,2.433302284147866,2.0702767
14,10,1000,0.5,0.214498748023082,1.8144159762486323,1.2843683
14,10,1000,0.5,0.06983370985416792,0.45314614423288824,1.0879534
14,10,1000,0.5,-0.7653688716336122,-1.085476520085297,-0.04601872
14,10,1000,0.5,-0.7043973318692192,-0.18737160686506882,0.03676361
14,10,1000,0.5,0.9529189300267915,2.481677598650967,2.286937
14,10,1000,0.5,0.17747921994057636,1.1917992088019937,1.2341061
14,10,1000,0.5,0.14450381158174674,0.8499124517584569,1.1893346
14,10,1000,0.5,-0.18653330832850346,0.40270088024096345,0.73987854
14,10,1000,0.5,0.479767835658202,1.7533997940141326,1.6445298
14,10,1000,0.5,0.9414628855412657,2.981516298681215,2.2713828
14,10,1000,0.5,0.644235466388491,2.1380789945389687,1.867831
14,10,1000,0.5,0.2789450327974472,1.6526398843688512,1.3718684
14,10,1000,0.5,-0.5168859199201632,-1.434873239036183,0.2913518
14,10,1000,0.5,0.3636405982069668,1.9298832365753777,1.4868613
14,10,1000,0.5,0.8154659149700789,2.536514439831266,2.1003141
14,10,1000,0.5,-0.8931456364263495,-1.502659017819753,-0.219504
14,10,1000,0.5,-0.18992877340610015,0.9781118999062955,0.7352685
14,10,1000,0.5,0.6419864596958702,2.2992738315609995,1.8647774
14,10,1000,0.5,0.8986376448313629,2.948269894841502,2.2132382
14,10,1000,0.5,-0.8057974484138775,-0.6464156860512227,-0.10090947
14,10,1000,0.5,0.7211023476575875,2.2415873403595836,1.9721947
14,10,1000,0.5,0.01961439324316827,0.6480453030352917,1.0197697
14,10,1000,0.5,-0.542706898034109,0.011192980548630257,0.25629413
14,10,1000,0.5,-0.6932622442813086,-0.13716100940665113,0.05188197
14,10,1000,0.5,0.04152287448372105,1.036989691621464,1.0495152
14,10,1000,0.5,0.3912508912777144,1.415845378763596,1.5243484
14,10,1000,0.5,0.9037489536654724,3.4181903870605437,2.220178
14,10,1000,0.5,0.9840224868289482,3.24953983295096,2.329167
14,10,1000,0.5,-0.9395294839880348,-0.8294565367103184,-0.28248036
14,10,1000,0.5,0.17663422710721144,0.8843283386386971,1.2329588
14,10,1000,0.5,-0.8492818618333193,-0.4044512591076703,-0.15994918
14,10,1000,0.5,0.10937561732283796,2.0111614983201846,1.1416404
14,10,1000,0.5,0.7613562460941592,1.7304757106128505,2.0268483
14,10,1000,0.5,0.15189299111235854,0.7874644312786523,1.1993672
14,10,1000,0.5,-0.7236340973027724,-0.7021898156747843,0.01064539
14,10,1000,0.5,-0.5692035913135236,-0.01780520051757095,0.22031897
14,10,1000,0.5,-0.13403158743763854,0.1300692290248332,0.8111613
14,10,1000,0.5,-0.9292751284890182,-0.6695952061087989,-0.2685578
14,10,1000,0.5,-0.4036252806738718,0.615247240152675,0.4451282
14,10,1000,0.5,0.10438493984481312,1.0000312047471092,1.1348644
14,10,1000,0.5,0.917481846113186,3.2728115316161253,2.2388234
14,10,1000,0.5,-0.23932963294485377,0.4611374147780876,0.66819584
14,10,1000,0.5,0.38791282186909504,1.6133581645779405,1.5198162
14,10,1000,0.5,0.7788958176317331,2.66430021897841,2.050662
14,10,1000,0.5,0.45998112484811604,1.7639741957381256,1.6176649
14,10,1000,0.5,-0.31531524674968425,1.4648185131205516,0.56502855
14,10,1000,0.5,-0.8210109099341998,0.1622392581059623,-0.1215651
14,10,1000,0.5,-0.8728924503276831,-0.4667439603460334,-0.19200575
14,10,1000,0.5,-0.015277186618231742,1.6790731497190121,0.9723966
14,10,1000,0.5,-0.6339334158401577,-0.01140840826642725,0.13243395
14,10,1000,0.5,0.04649610693339934,0.9190112859063757,1.0562675
14,10,1000,0.5,-0.5078736300180711,-1.0216874196584966,0.30358797
14,10,1000,0.5,0.8684279958495875,2.2631116942457354,2.172222
14,10,1000,0.5,-0.3916528852215069,0.5187625997783283,0.46138334
14,10,1000,0.5,-0.5805001006887298,-0.8842107333691239,0.20498145
14,10,1000,0.5,0.02263796509291205,1.1502006691473516,1.0238749
14,10,1000,0.5,-0.10326164220400535,1.494899085642111,0.8529383
14,10,1000,0.5,-0.019389306902525716,1.5231740390021682,0.9668135
14,10,1000,0.5,-0.08718086932186675,0.8987904843567887,0.8747715
14,10,1000,0.5,-0.5183424401691064,-0.5594471588729456,0.2893743
14,10,1000,0.5,-0.07284915127037861,0.9066587121758849,0.89422995
14,10,1000,0.5,0.773921562434835,2.4378052349594923,2.0439086
14,10,1000,0.5,-0.8470264619394292,-0.4500665825473561,-0.15688705
14,10,1000,0.5,-0.30296126101487353,0.5964252057774031,0.5818019
14,10,1000,0.5,-0.4861667126266618,0.13686511131164497,0.3330599
14,10,1000,0.5,-0.9200143961985661,-0.8625854442437996,-0.2559843
14,10,1000,0.5,0.9590538586709172,2.624947704736268,2.2952666
14,10,1000,0.5,0.03127669330250349,0.7803944317637626,1.0356038
14,10,1000,0.5,0.5703058240462755,2.2094565610442247,1.7674551
14,10,1000,0.5,-0.8046472651045518,-0.6141231484755577,-0.09934783
14,10,1000,0.5,-0.18811535606343255,0.3429799130715245,0.7377306
14,10,1000,0.5,-0.6773809642300075,-0.3490124785249838,0.07344425
14,10,1000,0.5,0.45050855963928105,2.369216391054792,1.6048038
14,10,1000,0.5,0.5167573076722829,1.9612312068776978,1.6947511
14,10,1000,0.5,0.27984204265504764,1.5346420381676842,1.3730862
14,10,1000,0.5,0.9535221763806743,3.1422609251845897,2.287756
14,10,1000,0.5,0.33353343089133536,1.4008219021781367,1.4459842
14,10,1000,0.5,-0.6334403275718428,0.5148217173707792,0.13310343
14,10,1000,0.5,0.8544236147462358,3.162696628486421,2.1532078
14,10,1000,0.5,0.6978871106258364,2.096162082521813,1.940675
14,10,1000,0.5,0.13569200295501505,1.4393063666126866,1.1773707
14,10,1000,0.5,0.7269412983871715,2.5041732011388245,1.9801223
14,10,1000,0.5,-0.2851506968105739,0.42467037044434486,0.6059836
14,10,1000,0.5,0.4337193623851874,1.367273550293522,1.5820088
14,10,1000,0.5,-0.14919654928989057,1.1648860519037672,0.79057145
14,10,1000,0.5,-0.7370344014177448,-0.9026078971710719,-0.0075484514
14,10,1000,0.5,-0.20039661555094823,0.49360377708234354,0.7210561
14,10,1000,0.5,-0.18563340554800067,0.6513001966200038,0.7411004
14,10,1000,0.5,-0.41950391488014316,-0.7622738205926228,0.42356938
14,10,1000,0.5,-0.42320300533701216,0.6723868228512927,0.4185471
14,10,1000,0.5,-0.5452751018449964,-0.3800092736615967,0.25280726
14,10,1000,0.5,-0.25140763335816785,0.11893796884329016,0.6517973
14,10,1000,0.5,-0.9771450827499379,-0.48491672765872085,-0.33355176
14,10,1000,0.5,-0.9617542051026204,-1.118704757197995,-0.31265533
14,10,1000,0.5,-0.6820608327089606,-0.1991041081627653,0.06709033
14,10,1000,0.5,0.5911807370864262,2.677816061015275,1.7957973
14,10,1000,0.5,0.9959245026573469,3.754827785757098,2.3453267
14,10,1000,0.5,-0.2465174660780265,0.6488498450356197,0.6584368
14,10,1000,0.5,-0.8054840104247187,-1.483061899126415,-0.100483894
14,10,1000,0.5,-0.004446184349316429,1.8214114112486242,0.9871021
14,10,1000,0.5,0.92639459052076,2.744617191893657,2.2509243
14,10,1000,0.5,0.4275337368200327,1.6149429561426027,1.5736104
14,10,1000,0.5,0.9458389780462606,2.940866909500259,2.2773244
14,10,1000,0.5,-0.7934036898297228,-0.9701598069278956,-0.084082246
14,10,1000,0.5,0.3440956147078289,1.4875423268489028,1.4603248
14,10,1000,0.5,0.5411614970055525,2.385878829969128,1.7278852
14,10,1000,0.5,0.807967909856474,2.549651812386089,2.090134
14,10,1000,0.5,-0.09635663466048072,1.0773339609414414,0.86231333
14,10,1000,0.5,-0.10574924276474529,0.6772630093490493,0.8495608
14,10,1000,0.5,0.5424509259318204,2.176992484215414,1.729636
14,10,1000,0.5,-0.2343838816842918,1.0537439243827618,0.6749108
14,10,1000,0.5,-0.08617715670846837,-0.1716740512086231,0.8761342
14,10,1000,0.5,0.8074394794918669,3.1227115997547843,2.0894165
14,10,1000,0.5,-0.4157049464149023,-0.22746740311237962,0.4287274
14,10,1000,0.5,-0.18339418332051038,1.0584769751206984,0.7441406
14,10,1000,0.5,0.07384600216478088,1.4654042676065595,1.0934011
14,10,1000,0.5,0.1041565533839417,1.2741000907219178,1.1345544
14,10,1000,0.5,-0.20167770949045383,1.0012347294456738,0.7193167
14,10,1000,0.5,0.918333206070445,2.25108618141585,2.2399793
14,10,1000,0.5,0.0610744291255636,1.2024794531610137,1.0760609
14,10,1000,0.5,0.7645673438382148,3.634786854296176,2.031208
14,10,1000,0.5,0.30640163971426726,1.7079590582255044,1.4091468
14,10,1000,0.5,0.36278502120767575,2.2778592792010897,1.4856997
14,10,1000,0.5,-0.08279207646282827,0.8579488944035903,0.8807302
14,10,1000,0.5,-0.8622960710132521,-1.5707773607635585,-0.17761886
14,10,1000,0.5,0.015271094481529746,1.1496422849740788,1.0138726
14,10,1000,0.5,0.45554254642883607,1.4931570591168615,1.6116385
14,10,1000,0.5,-0.6817075261155143,0.15307954502894416,0.06757003
14,10,1000,0.5,-0.05875819216385425,1.4316353860385478,0.91336155
14,10,1000,0.5,-0.13116674888375845,0.7002640108923126,0.8150509
14,10,1000,0.5,-0.4733552465256987,-0.13772321752658923,0.35045433
14,10,1000,0.5,0.2289294129537487,2.3688163748377002,1.303961
14,10,1000,0.5,-0.8863038471335194,-0.5985230766461345,-0.21021473
14,10,1000,0.5,0.0731584222174444,2.153346921894123,1.0924675
14,10,1000,0.5,-0.733121136508792,-0.4649566818018289,-0.002235353
14,10,1000,0.5,-0.40771960495571014,0.38776853692668284,0.43956923
15,10,1000,1.0,-0.43460069810892676,-0.4067847647759154,0.35629654
15,10,1000,1.0,0.04875962215443996,0.5078872023578501,1.0752817
15,10,1000,1.0,-0.9063872905756225,-0.7141071273354493,-0.34547305
15,10,1000,1.0,-0.1525872930890544,0.9808379408000092,0.7757837
15,10,1000,1.0,-0.14240855500352434,0.9617850762542858,0.7909243
15,10,1000,1.0,-0.7790457780165105,-0.015480772534224752,-0.15605605
15,10,1000,1.0,0.5291239487154171,2.2129167310771662,1.7898104
15,10,1000,1.0,0.36102896228565173,2.263066144531111,1.5397738
15,10,1000,1.0,-0.28200944332073585,-0.010855140304092903,0.58327186
15,10,1000,1.0,0.1486504976991576,1.6648458914205841,1.2238667
15,10,1000,1.0,0.24333087290651556,2.7246686817714707,1.3647012
15,10,1000,1.0,-0.43438607484718084,1.1037636394481751,0.35661578
15,10,1000,1.0,-0.765359039230378,-1.8958809556859246,-0.13569736
15,10,1000,1.0,0.012624448046777204,0.9308563896823694,1.0215317
15,10,1000,1.0,-0.3394659286062016,-0.6722932326355386,0.4978069
15,10,1000,1.0,-0.16661648618257807,1.234774386861264,0.7549157
15,10,1000,1.0,-0.4139594309844066,0.6076272973268404,0.38699985
15,10,1000,1.0,0.5583588666036681,3.2782515367664535,1.8332965
15,10,1000,1.0,-0.08299366586710999,2.2014276507259387,0.8793023
15,10,1000,1.0,0.45408852542265654,1.1080945747607118,1.6781974
15,10,1000,1.0,-0.3320702608063817,0.9609781348209668,0.5088078
15,10,1000,1.0,0.5873954067148413,2.5406396013465407,1.8764877
15,10,1000,1.0,-0.3445591968857622,0.3890927873206278,0.4902308
15,10,1000,1.0,0.8442229235343861,1.7358008942533845,2.2585115
15,10,1000,1.0,0.9806778947934087,2.555052659141755,2.4614844
15,10,1000,1.0,-0.1506290624969875,1.5912157623375554,0.77869654
15,10,1000,1.0,-0.4599840536156703,0.38878313460527253,0.3185395
15,10,1000,1.0,0.7476643566694363,3.4295084618385974,2.1148834
15,10,1000,1.0,-0.5770904084351729,-0.13525871298815106,0.14434707
15,10,1000,1.0,-0.32804491531948954,0.31936074571864187,0.5147953
15,10,1000,1.0,0.03767029766305208,1.7794516174676862,1.0587866
15,10,1000,1.0,-0.1371631291320521,2.548397341863855,0.79872674
15,10,1000,1.0,0.4428133359199049,1.8774167895701959,1.6614258
15,10,1000,1.0,0.011732767650616704,1.3827146918146898,1.0202053
15,10,1000,1.0,0.3992441085010334,2.015667849640347,1.5966177
15,10,1000,1.0,-0.8839416793522488,-1.2639856926870598,-0.31208575
15,10,1000,1.0,0.2695726458673895,2.190926553435395,1.403735
15,10,1000,1.0,0.3929262893050012,0.8662018885473406,1.5872202
15,10,1000,1.0,-0.3036161145069598,-0.4287667460334471,0.55113256
15,10,1000,1.0,-0.5111488159967945,0.30466496341086835,0.24243331
15,10,1000,1.0,-0.4329623068356667,2.2836499211959533,0.3587336
15,10,1000,1.0,0.1730258696201663,1.3671137605823962,1.2601244
15,10,1000,1.0,-0.8409558348264885,-1.5421741216104958,-0.24814558
15,10,1000,1.0,0.9996171562339307,2.0161161287221536,2.4896562
15,10,1000,1.0,0.9216693161260003,3.2247548864611715,2.3737109
15,10,1000,1.0,0.5984051747047834,3.3117726723569687,1.8928645
15,10,1000,1.0,0.10929011724051918,-0.3861582953799487,1.1653192
15,10,1000,1.0,-0.34402399818384066,0.6837630851298122,0.49102688
15,10,1000,1.0,-0.17028626133287195,-0.5549739056250029,0.749457
15,10,1000,1.0,-0.9013021064231206,-1.6241540384493738,-0.33790898
15,10,1000,1.0,0.8395656215563168,1.1888658552053353,2.251584
15,10,1000,1.0,0.46348837086578554,3.863689204134123,1.6921794
15,10,1000,1.0,-0.7994121154690044,-1.6836802903994539,-0.18635046
15,10,1000,1.0,-0.10721116903359418,1.3540365808570884,0.8432795
15,10,1000,1.0,0.5610583525729109,2.0807158935878545,1.837312
15,10,1000,1.0,-0.47088877579074606,0.1328088549620614,0.30231905
15,10,1000,1.0,0.3183529437000565,3.110470702538518,1.4762944
15,10,1000,1.0,0.5834500761653292,2.1083136011967976,1.870619
15,10,1000,1.0,0.7453013108947906,3.2149711266595453,2.1113684
15,10,1000,1.0,-0.024647352923584886,0.5947538011060238,0.96609086
15,10,1000,1.0,-0.8043110310119319,-0.38615889801525705,-0.19363749
15,10,1000,1.0,-0.5822464878103306,-0.1756385874625025,0.1366775
15,10,1000,1.0,0.20078447419527912,1.9144054059833149,1.3014145
15,10,1000,1.0,0.7933425860806842,2.279919396134364,2.1828284
15,10,1000,1.0,0.214498748023082,2.1998344564511005,1.3218141
15,10,1000,1.0,0.06983370985416792,-0.23337513124255937,1.1066289
15,10,1000,1.0,-0.7653688716336122,-1.6402152969033696,-0.13571203
15,10,1000,1.0,-0.7043973318692192,0.03405145000830068,-0.045018554
15,10,1000,1.0,0.9529189300267915,2.0575173372483504,2.420194
15,10,1000,1.0,0.17747921994057636,1.0286399777228346,1.2667487
15,10,1000,1.0,0.14450381158174674,0.41081728035342036,1.2176986
15,10,1000,1.0,-0.18653330832850346,0.17846837713893382,0.72528994
15,10,1000,1.0,0.479767835658202,1.5472639167118611,1.7163947
15,10,1000,1.0,0.9414628855412657,3.0801068262798985,2.4031534
15,10,1000,1.0,0.644235466388491,1.987687056300955,1.9610357
15,10,1000,1.0,0.2789450327974472,1.7473897031428078,1.4176762
15,10,1000,1.0,-0.5168859199201632,-2.8359746382320394,0.23389953
15,10,1000,1.0,0.3636405982069668,2.132485276736822,1.5436585
15,10,1000,1.0,0.8154659149700789,2.442097049722374,2.2157364
15,10,1000,1.0,-0.8931456364263495,-2.219026762786807,-0.32577646
15,10,1000,1.0,-0.18992877340610015,1.3360813466247914,0.7202393
15,10,1000,1.0,0.6419864596958702,2.314574743730258,1.9576905
15,10,1000,1.0,0.8986376448313629,3.0992645000202788,2.3394518
15,10,1000,1.0,-0.8057974484138775,-0.6812364752746904,-0.19584846
15,10,1000,1.0,0.7211023476575875,2.0409699854039927,2.0753732
15,10,1000,1.0,0.01961439324316827,0.2568618195842468,1.031929
15,10,1000,1.0,-0.542706898034109,0.10779975716547849,0.1954915
15,10,1000,1.0,-0.6932622442813086,0.11220246974931486,-0.028455377
15,10,1000,1.0,0.04152287448372105,0.9909336342754862,1.0645173
15,10,1000,1.0,0.3912508912777144,1.049188974971763,1.584728
15,10,1000,1.0,0.9037489536654724,4.028882866790143,2.347055
15,10,1000,1.0,0.9840224868289482,3.5310346922440243,2.4664598
15,10,1000,1.0,-0.9395294839880348,-0.7798541054445672,-0.3947711
15,10,1000,1.0,0.17663422710721144,0.4153882230629712,1.2654917
15,10,1000,1.0,-0.8492818618333193,-0.11033879454870199,-0.26053023
15,10,1000,1.0,0.10937561732283796,2.803571761994694,1.1654464
15,10,1000,1.0,0.7613562460941592,0.9382389290373829,2.1352496
15,10,1000,1.0,0.15189299111235854,0.2711428803325875,1.2286898
15,10,1000,1.0,-0.7236340973027724,-0.9571114367440239,-0.07363272
15,10,1000,1.0,-0.5692035913135236,0.1027967815919053,0.1560784
15,10,1000,1.0,-0.13403158743763854,-0.4717983670750565,0.80338484
15,10,1000,1.0,-0.9292751284890182,-0.4806401552395613,-0.37951815
15,10,1000,1.0,-0.4036252806738718,1.0377450416530936,0.40237164
15,10,1000,1.0,0.10438493984481312,0.7912925298045923,1.1580229
15,10,1000,1.0,0.917481846113186,3.7106593710058786,2.3674822
15,10,1000,1.0,-0.23932963294485377,0.40093409544588277,0.6467569
15,10,1000,1.0,0.38791282186909504,1.4508906854176908,1.5797628
15,10,1000,1.0,0.7788958176317331,2.7708088026933537,2.1613393
15,10,1000,1.0,0.45998112484811604,1.6079861417800192,1.6869624
15,10,1000,1.0,-0.31531524674968425,2.5602675197404716,0.5337304
15,10,1000,1.0,-0.8210109099341998,0.9665003360803242,-0.21847796
15,10,1000,1.0,-0.8728924503276831,-0.18770302003670047,-0.29565036
15,10,1000,1.0,-0.015277186618231742,2.3887006726744877,0.98002875
15,10,1000,1.0,-0.6339334158401577,0.24505001514746094,0.059794605
15,10,1000,1.0,0.04649610693339934,0.7450303579459528,1.0719148
15,10,1000,1.0,-0.5078736300180711,-2.027627579280851,0.24730504
15,10,1000,1.0,0.8684279958495875,1.7893673967922954,2.294516
15,10,1000,1.0,-0.3916528852215069,0.8208309699996704,0.42018026
15,10,1000,1.0,-0.5805001006887298,-1.6074212653607882,0.13927513
15,10,1000,1.0,0.02263796509291205,1.2551254081088794,1.0364265
15,10,1000,1.0,-0.10326164220400535,2.1963214556922326,0.8491543
15,10,1000,1.0,-0.019389306902525716,2.0851266918093874,0.97391206
15,10,1000,1.0,-0.08718086932186675,0.9719427073573108,0.873074
15,10,1000,1.0,-0.5183424401691064,-1.0822094374076785,0.23173302
15,10,1000,1.0,-0.07284915127037861,0.9590157268925271,0.894392
15,10,1000,1.0,0.773921562434835,2.3277673450493146,2.1539402
15,10,1000,1.0,-0.8470264619394292,-0.20608024121585383,-0.25717545
15,10,1000,1.0,-0.30296126101487353,0.7987729335845533,0.5521066
15,10,1000,1.0,-0.4861667126266618,0.24606364787661347,0.27959353
15,10,1000,1.0,-0.9200143961985661,-0.8851420960904669,-0.36574304
15,10,1000,1.0,0.9590538586709172,2.331787692130702,2.4293194
15,10,1000,1.0,0.03127669330250349,0.498235476922518,1.0492764
15,10,1000,1.0,0.5703058240462755,2.2783014739958984,1.8510673
15,10,1000,1.0,-0.8046472651045518,-0.6189517667420119,-0.19413757
15,10,1000,1.0,-0.18811535606343255,0.06219053826991405,0.72293675
15,10,1000,1.0,-0.6773809642300075,-0.3432630285899526,-0.004832506
15,10,1000,1.0,0.45050855963928105,2.8374156628310216,1.6728723
15,10,1000,1.0,0.5167573076722829,1.8889477984108298,1.7714155
15,10,1000,1.0,0.27984204265504764,1.509599991025273,1.4190105
15,10,1000,1.0,0.9535221763806743,3.3774774976078303,2.421091
15,10,1000,1.0,0.33353343089133536,1.134576942573603,1.4988749
15,10,1000,1.0,-0.6334403275718428,1.296524089885244,0.06052804
15,10,1000,1.0,0.8544236147462358,3.6165460274803705,2.273685
15,10,1000,1.0,0.6978871106258364,1.7965499437919534,2.040841
15,10,1000,1.0,0.13569200295501505,1.6072287273153432,1.2045913
15,10,1000,1.0,0.7269412983871715,2.554463805503306,2.0840583
15,10,1000,1.0,-0.2851506968105739,0.4196421345098376,0.57859933
15,10,1000,1.0,0.4337193623851874,0.8671083758166693,1.6478988
15,10,1000,1.0,-0.14919654928989057,1.6281652023873154,0.7808274
15,10,1000,1.0,-0.7370344014177448,-1.3311469915066543,-0.093565226
15,10,1000,1.0,-0.20039661555094823,0.38800078526658355,0.70466864
15,10,1000,1.0,-0.18563340554800067,0.6738672043360089,0.72662854
15,10,1000,1.0,-0.41950391488014316,-1.6855398114249593,0.3787526
15,10,1000,1.0,-0.42320300533701216,1.1911796563766097,0.3732503
15,10,1000,1.0,-0.5452751018449964,-0.6694683436332006,0.19167143
15,10,1000,1.0,-0.25140763335816785,-0.259308795597084,0.6287912
15,10,1000,1.0,-0.9771450827499379,-0.015543289817565809,-0.4507233
15,10,1000,1.0,-0.9617542051026204,-1.313901104190749,-0.42782986
15,10,1000,1.0,-0.6820608327089606,-0.03408655090760948,-0.011793613
15,10,1000,1.0,0.5911807370864262,3.1732706478576977,1.8821182
15,10,1000,1.0,0.9959245026573469,4.517806566199502,2.4841635
15,10,1000,1.0,-0.2465174660780265,0.7907346222272925,0.6360652
15,10,1000,1.0,-0.8054840104247187,-2.3551557774033927,-0.19538224
15,10,1000,1.0,-0.004446184349316429,2.651715191195881,0.9961396
15,10,1000,1.0,0.92639459052076,2.636445202745794,2.3807397
15,10,1000,1.0,0.4275337368200327,1.37481843864514,1.6386979
15,10,1000,1.0,0.9458389780462606,2.990055862907997,2.4096627
15,10,1000,1.0,-0.7934036898297228,-1.3535122341963457,-0.1774131
15,10,1000,1.0,0.3440956147078289,1.2868934242821477,1.514586
15,10,1000,1.0,0.5411614970055525,2.689434665927151,1.8077159
15,10,1000,1.0,0.807967909856474,2.4833678050592303,2.2045832
15,10,1000,1.0,-0.09635663466048072,1.3473811912038445,0.8594253
15,10,1000,1.0,-0.10574924276474529,0.5660245042275891,0.84545404
15,10,1000,1.0,0.5424509259318204,2.269083116567187,1.809634
15,10,1000,1.0,-0.2343838816842918,1.576255612134107,0.65411353
15,10,1000,1.0,-0.08617715670846837,-1.1709937890003095,0.874567
15,10,1000,1.0,0.8074394794918669,3.6305442405258352,2.2037973
15,10,1000,1.0,-0.4157049464149023,-0.6235249133949546,0.38440347
15,10,1000,1.0,-0.18339418332051038,1.4837423168824175,0.72995937
15,10,1000,1.0,0.07384600216478088,1.7831165308835573,1.112597
15,10,1000,1.0,0.1041565533839417,1.3398870746759521,1.1576831
15,10,1000,1.0,-0.20167770949045383,1.405824877872255,0.7027631
15,10,1000,1.0,0.918333206070445,1.6655059506908096,2.3687487
15,10,1000,1.0,0.0610744291255636,1.2828100480709,1.0935997
15,10,1000,1.0,0.7645673438382148,4.740439020915923,2.140026
15,10,1000,1.0,0.30640163971426726,1.8031148370224743,1.4585172
15,10,1000,1.0,0.36278502120767575,2.830148515986828,1.5423858
15,10,1000,1.0,-0.08279207646282827,0.8814819417328371,0.8796022
15,10,1000,1.0,-0.8622960710132521,-2.4169625795006127,-0.2798885
15,10,1000,1.0,0.015271094481529746,1.2687423809850982,1.0254685
15,10,1000,1.0,0.45554254642883607,1.0752290253760508,1.6803601
15,10,1000,1.0,-0.6817075261155143,0.669574142288917,-0.01126802
15,10,1000,1.0,-0.05875819216385425,1.9807871564048039,0.9153519
15,10,1000,1.0,-0.13116674888375845,0.662861519552142,0.80764616
15,10,1000,1.0,-0.4733552465256987,-0.328735942001781,0.2986502
15,10,1000,1.0,0.2289294129537487,3.2797739237679036,1.3432794
15,10,1000,1.0,-0.8863038471335194,-0.42443845902523014,-0.31559944
15,10,1000,1.0,0.0731584222174444,3.160376999353357,1.1115743
15,10,1000,1.0,-0.733121136508792,-0.4636710905860739,-0.087744474
15,10,1000,1.0,-0.40771960495571014,0.590976283764786,0.39628142
16,30,100,0.05,0.3849442387400397,1.774266039549339,1.2763711
16,30,100,0.05,-0.7959103785039439,-0.5902292290941702,-0.23818994
16,30,100,0.05,0.9529189300267915,2.9024257797873516,2.004854
16,30,100,0.05,0.3412757392363188,1.675069751456254,1.220362
16,30,100,0.05,0.33353343089133536,1.6323384687961024,1.2104317
16,30,100,0.05,0.3636405982069668,1.77339152999226,1.249047
16,30,100,0.05,-0.07704127549413631,0.7823931990874406,0.68382967
16,30,100,0.05,-0.36403364121204795,0.24703109504128884,0.315734
16,30,100,0.05,0.5834500761653292,2.146741304981999,1.5309741
16,30,100,0.05,0.0976270078546495,1.1369965236701312,0.9078587
16,30,100,0.05,0.556313501899701,2.118972608434583,1.4961689
16,30,100,0.05,-0.47088877579074606,0.15160039643983636,0.17868191
16,30,100,0.05,0.20969103949009193,1.378060152047233,1.0515918
16,30,100,0.05,0.13686789773729702,1.3692390431295458,0.958189
16,30,100,0.05,-0.3628620950973527,0.3203187509943356,0.31723663
16,30,100,0.05,-0.15269040132219058,0.7690318070453989,0.5868023
16,30,100,0.05,-0.43438607484718084,0.18755964641096368,0.22550017
16,30,100,0.05,-0.7596068775736622,-0.5732103305654955,-0.19162726
16,30,100,0.05,0.13608912218786462,1.2825919932795722,0.95719016
16,30,100,0.05,0.5484673788684333,2.1422369906506358,1.4861054
17,30,100,0.2,0.3849442387400397,1.7873987257571176,1.4290699
17,30,100,0.2,-0.7959103785039439,-0.5854546453530175,-0.39193094
17,30,100,0.2,0.9529189300267915,2.892189538988657,2.304946
17,30,100,0.2,0.3412757392363188,1.6526245704071034,1.3617284
17,30,100,0.2,0.33353343089133536,1.5281532898363976,1.349789
17,30,100,0.2,0.3636405982069668,1.911722530727239,1.3962175
17,30,100,0.2,-0.07704127549413631,0.5918204493145807,0.7166401
17,30,100,0.2,-0.36403364121204795,0.1723262274374431,0.274068
17,30,100,0.2,0.5834500761653292,2.0862647629360223,1.7351866
17,30,100,0.2,0.0976270078546495,0.9622240475526277,0.9859968
17,30,100,0.2,0.556313501899701,2.138009422340126,1.6933391
17,30,100,0.2,-0.47088877579074606,0.43173424050382186,0.10928625
17,30,100,0.2,0.20969103949009193,1.254094371248381,1.1588112
17,30,100,0.2,0.13686789773729702,1.6557487860944007,1.0465103
17,30,100,0.2,-0.3628620950973527,0.45844757456145846,0.27587467
17,30,100,0.2,-0.15269040132219058,0.9922696361147387,0.5999813
17,30,100,0.2,-0.43438607484718084,0.3565550347269397,0.16557723
17,30,100,0.2,-0.7596068775736622,-0.735200056820009,-0.33594716
17,30,100,0.2,0.13608912218786462,1.3138332399911012,1.0453093
17,30,100,0.2,0.5484673788684333,2.2781436893919436,1.6812396
18,30,100,0.5,0.3849442387400397,1.8136640981726748,1.5942132
18,30,100,0.5,-0.7959103785039439,-0.5759054778707121,-0.4924975
18,30,100,0.5,0.9529189300267915,2.8717170573912676,2.597892
18,30,100,0.5,0.3412757392363188,1.6077342083088022,1.5170457
18,30,100,0.5,0.33353343089133536,1.319782931916988,1.5033642
18,30,100,0.5,0.3636405982069668,2.188384532197197,1.5565672
18,30,100,0.5,-0.07704127549413631,0.2106749497688606,0.77782977
18,30,100,0.5,-0.36403364121204795,0.022916492229751645,0.27068013
18,30,100,0.5,0.5834500761653292,1.9653116788440685,1.9449966
18,30,100,0.5,0.0976270078546495,0.6126790953176208,1.0864894
18,30,100,0.5,0.556313501899701,2.176083050151212,1.8970431
18,30,100,0.5,-0.47088877579074606,0.9920019286317928,0.0818544
18,30,100,0.5,0.20969103949009193,1.0061628096506767,1.2845199
18,30,100,0.5,0.13686789773729702,2.228768272024111,1.1558328
18,30,100,0.5,-0.3628620950973527,0.7347052216957042,0.27275038
18,30,100,0.5,-0.15269040132219058,1.4387452942534187,0.64414877
18,30,100,0.5,-0.43438607484718084,0.6945458113588918,0.14635897
18,30,100,0.5,-0.7596068775736622,-1.0591795093290362,-0.4283449
18,30,100,0.5,0.13608912218786462,1.3763157334141594,1.1544566
18,30,100,0.5,0.5484673788684333,2.549957086874559,1.883178
19,30,100,1.0,0.3849442387400397,1.8574397188652703,0.9973538
19,30,100,1.0,-0.7959103785039439,-0.5599901987335365,0.6264831
19,30,100,1.0,0.9529189300267915,2.8375962547289517,1.1757375
19,30,100,1.0,0.3412757392363188,1.5329169381449668,0.9836389
19,30,100,1.0,0.33353343089133536,0.9724990020513052,0.98120725
19,30,100,1.0,0.3636405982069668,2.6494878679804605,0.990663
19,30,100,1.0,-0.07704127549413631,-0.4245675494740062,0.85225815
19,30,100,1.0,-0.36403364121204795,-0.2260997331164008,0.7621225
19,30,100,1.0,0.5834500761653292,1.7637232053574787,1.0596985
19,30,100,1.0,0.0976270078546495,0.03010417492594253,0.9071162
19,30,100,1.0,0.556313501899701,2.2395390965030217,1.0511757
19,30,100,1.0,-0.47088877579074606,1.9257814088450778,0.72856253
19,30,100,1.0,0.20969103949009193,0.5929435403211695,0.9423121
19,30,100,1.0,0.13686789773729702,3.1838007485736277,0.91944057
19,30,100,1.0,-0.3628620950973527,1.1951346335861137,0.76249045
19,30,100,1.0,-0.15269040132219058,2.1828713911512185,0.828499
19,30,100,1.0,-0.43438607484718084,1.2578637724121453,0.74002695
19,30,100,1.0,-0.7596068775736622,-1.5991452635107477,0.6378849
19,30,100,1.0,0.13608912218786462,1.4804532224525895,0.91919595
19,30,100,1.0,0.5484673788684333,3.002979416012252,1.0487115
20,30,300,0.05,-0.6407926448807304,-0.26809007201442275,0.076744795
20,30,300,0.05,-0.43653978849210184,0.181934639926815,0.37545514
20,30,300,0.05,-0.6750141306472504,-0.3603734451026993,0.026697457
20,30,300,0.05,-0.2331169623484446,0.5728259803886104,0.67295164
20,30,300,0.05,-0.9486745638909369,-0.899879304829957,-0.37351823
20,30,300,0.05,0.3749765527756306,1.7731096220171916,1.5622603
20,30,300,0.05,-0.5451707440533535,-0.1950716416670143,0.21658748
20,30,300,0.05,0.90549802303397,2.841312022285909,2.3381233
20,30,300,0.05,0.29178822613331223,1.5589104580985147,1.4406011
20,30,300,0.05,-0.5521506238792397,-0.16009609705649921,0.20637971
20,30,300,0.05,-0.07284915127037861,0.8633686189201338,0.9073359
20,30,300,0.05,-0.4934167949204358,0.08998526287141834,0.2922752
20,30,300,0.05,0.17663422710721144,1.3970600922937895,1.2721938
20,30,300,0.05,0.3412757392363188,1.543921840651305,1.5129744
20,30,300,0.05,0.15445717720833518,1.2996616708662032,1.2397609
20,30,300,0.05,0.7453013108947906,2.4423720211028948,2.1038432
20,30,300,0.05,0.2789450327974472,1.5666810132596958,1.4218186
20,30,300,0.05,-0.5662060312030521,-0.13214743009113622,0.18582428
20,30,300,0.05,0.42848259909822284,1.8594399472789502,1.6405103
20,30,300,0.05,0.711606684785222,2.4120796145446866,2.0545664
20,30,300,0.05,-0.40771960495571014,0.21787994419017545,0.41760337
20,30,300,0.05,-0.4051260982897327,0.2727253432300283,0.42139626
20,30,300,0.05,-0.02388743870209087,1.0019448421615933,0.9789401
20,30,300,0.05,-0.28877452430008876,0.48840779521490124,0.591555
20,30,300,0.05,-0.5024937129600839,0.03237199079006372,0.27900058
20,30,300,0.05,0.3952623918545297,1.7749804751241358,1.5919273
20,30,300,0.05,0.6978871106258364,2.31738583503625,2.034502
20,30,300,0.05,-0.5513659420505215,-0.14838584500313276,0.20752722
20,30,300,0.05,0.13820147722918663,1.2252776122765932,1.2159877
20,30,300,0.05,-0.4447425874105362,0.08537399014680072,0.36345893
20,30,300,0.05,0.665239691095876,2.3155898382216655,1.9867567
20,30,300,0.05,0.9510430100057716,2.930450533904177,2.4047308
20,30,300,0.05,0.13686789773729702,1.3042547644299542,1.2140374
20,30,300,0.05,-0.7634511482621336,-0.5008490527016292,-0.10263753
20,30,300,0.05,0.5167573076722829,1.97554358952457,1.769608
20,30,300,0.05,0.38506318015553176,1.7561085855518381,1.5770115
20,30,300,0.05,0.7835460015641595,2.5878945054413904,2.1597743
20,30,300,0.05,-0.3628620950973527,0.2721672372407657,0.48320544
20,30,300,0.05,-0.5792348778523182,-0.06067414029210168,0.16677016
20,30,300,0.05,0.20969103949009193,1.4378848733725598,1.3205378
20,30,300,0.05,0.4326544082371311,1.8599435526597035,1.6466115
20,30,300,0.05,-0.43438607484718084,0.12531964804920984,0.3786049
20,30,300,0.05,0.9636587796365064,2.8607069765432875,2.4231806
20,30,300,0.05,-0.6820608327089606,-0.41638433372526884,0.016391993
20,30,300,0.05,-0.7596068775736622,-0.5532226653471669,-0.0970155
20,30,300,0.05,-0.7236340973027724,-0.3821758831272949,-0.04440701
20,30,300,0.05,-0.5850598491177812,-0.19599565036108255,0.15825152
20,30,300,0.05,0.46171161354031565,2.0244754051548712,1.6891062
20,30,300,0.05,0.6928173449422557,2.408181412974807,2.0270877
20,30,300,0.05,-0.573376045265036,-0.2568241548051,0.17533845
20,30,300,0.05,-0.6706116870041745,-0.30049738288395567,0.03313589
20,30,300,0.05,0.6123879780921715,2.2387980414501576,1.9094634
20,30,300,0.05,0.17356869291633759,1.4677600698098625,1.2677106
20,30,300,0.05,-0.9216244154913587,-0.7603422970018079,-0.33395863
20,30,300,0.05,0.7243830348433666,2.4043175017819607,2.0732512
20,30,300,0.05,0.26089587373358225,1.5044192148422364,1.3954226
20,30,300,0.05,-0.9597849076250129,-0.9641155693998021,-0.38976657
20,30,300,0.05,-0.7364042751912157,-0.47588987048721365,-0.063082814
20,30,300,0.05,-0.6276139882393277,-0.1792282334403667,0.09601802
20,30,300,0.05,0.27984204265504764,1.530894686819442,1.4231305
21,30,300,0.2,-0.6407926448807304,-0.22760441877330853,0.0019760728
21,30,300,0.2,-0.43653978849210184,0.34697729065987104,0.31598264
21,30,300,0.2,-0.6750141306472504,-0.39140899652729505,-0.050634027
21,30,300,0.2,-0.2331169623484446,0.6900056956451095,0.62871313
21,30,300,0.2,-0.9486745638909369,-0.9074698359742068,-0.47134376
21,30,300,0.2,0.3749765527756306,1.8425791714149826,1.563561
21,30,300,0.2,-0.5451707440533535,-0.509262102347936,0.14897972
21,30,300,0.2,0.90549802303397,2.932259950939816,2.379154
21,30,300,0.2,0.29178822613331223,1.4849124755941856,1.435672
21,30,300,0.2,-0.5521506238792397,-0.3274806449505584,0.13824928
21,30,300,0.2,-0.07284915127037861,0.890569383302807,0.8750996
21,30,300,0.2,-0.4934167949204358,0.320441821008288,0.22854322
21,30,300,0.2,0.17663422710721144,1.528435006531889,1.2586409
21,30,300,0.2,0.3412757392363188,1.1280329271873075,1.5117513
21,30,300,0.2,0.15445717720833518,1.271903620214802,1.2245473
21,30,300,0.2,0.7453013108947906,2.2976802190428356,2.1328769
21,30,300,0.2,0.2789450327974472,1.5930538562541,1.4159276
21,30,300,0.2,-0.5662060312030521,-0.13135353314623208,0.11664128
21,30,300,0.2,0.42848259909822284,1.866864194526464,1.645818
21,30,300,0.2,0.711606684785222,2.378678349467413,2.0810766
21,30,300,0.2,-0.40771960495571014,0.3178374064949626,0.3602891
21,30,300,0.2,-0.4051260982897327,0.5216579626585092,0.36427623
21,30,300,0.2,-0.02388743870209087,1.151104000858918,0.95037055
21,30,300,0.2,-0.28877452430008876,0.6862783266601375,0.5431484
21,30,300,0.2,-0.5024937129600839,0.1444502409207585,0.21458888
21,30,300,0.2,0.3952623918545297,1.7283475493693652,1.5947473
21,30,300,0.2,0.6978871106258364,2.0822206763899818,2.0599852
21,30,300,0.2,-0.5513659420505215,-0.2853477277094022,0.1394555
21,30,300,0.2,0.13820147722918663,1.0719015857312526,1.1995566
21,30,300,0.2,-0.4447425874105362,0.009951485050419984,0.30337214
21,30,300,0.2,0.665239691095876,2.270921206311406,2.0097947
21,30,300,0.2,0.9510430100057716,3.0155440755820773,2.4491723
21,30,300,0.2,0.13686789773729702,1.3958116712960351,1.1975064
21,30,300,0.2,-0.7634511482621336,-0.4226893212337154,-0.18659198
21,30,300,0.2,0.5167573076722829,1.8016305120645832,1.7815266
21,30,300,0.2,0.38506318015553176,1.7140552612741617,1.5790675
21,30,300,0.2,0.7835460015641595,2.650302012380604,2.191672
21,30,300,0.2,-0.3628620950973527,0.2658415195471789,0.42925048
21,30,300,0.2,-0.5792348778523182,0.23271270594550247,0.09661144
21,30,300,0.2,0.20969103949009193,1.4933932565496877,1.3094605
21,30,300,0.2,0.4326544082371311,1.8438477612160273,1.6522316
21,30,300,0.2,-0.43438607484718084,0.10759504127992438,0.31929362
21,30,300,0.2,0.9636587796365064,2.6608752283541124,2.468567
21,30,300,0.2,-0.6820608327089606,-0.5731723386473121,-0.06146717
21,30,300,0.2,-0.7596068775736622,-0.6552493959466945,-0.18068206
21,30,300,0.2,-0.7236340973027724,-0.18689894869254509,-0.12537956
21,30,300,0.2,-0.5850598491177812,-0.273623506737643,0.08765656
21,30,300,0.2,0.46171161354031565,2.327631939377591,1.6969025
21,30,300,0.2,0.6928173449422557,2.475821582245694,2.052191
21,30,300,0.2,-0.573376045265036,-0.5870403476301838,0.10561848
21,30,300,0.2,-0.6706116870041745,-0.17831940951077574,-0.04386592
21,30,300,0.2,0.6123879780921715,2.2808642972476023,1.9285436
21,30,300,0.2,0.17356869291633759,1.829628121741425,1.2539282
21,30,300,0.2,-0.9216244154913587,-0.5116226950590796,-0.42975843
21,30,300,0.2,0.7243830348433666,2.2709717980676434,2.1007185
21,30,300,0.2,0.26089587373358225,1.4523016169674519,1.3881799
21,30,300,0.2,-0.9597849076250129,-1.0977528318491314,-0.48842418
21,30,300,0.2,-0.7364042751912157,-0.4851338308015608,-0.14501166
21,30,300,0.2,-0.6276139882393277,0.04877099567449922,0.022236288
21,30,300,0.2,0.27984204265504764,1.444526491347482,1.4173067
22,30,300,0.5,-0.6407926448807304,-0.14663311229108011,-0.21117246
22,30,300,0.5,-0.43653978849210184,0.6770625921259832,0.15211642
22,30,300,0.5,-0.6750141306472504,-0.4534800993764866,-0.27203953
22,30,300,0.5,-0.2331169623484446,0.9243651261581075,0.513929
22,30,300,0.5,-0.9486745638909369,-0.9226508982627066,-0.75877833
22,30,300,0.5,0.3749765527756306,1.9815182702105647,1.5954983
22,30,300,0.5,-0.5451707440533535,-1.1376430237097794,-0.041097045
22,30,300,0.5,0.90549802303397,3.1141558082476304,2.5390964
22,30,300,0.5,0.29178822613331223,1.3369165105855274,1.4475377
22,30,300,0.5,-0.5521506238792397,-0.6622497407386767,-0.05351162
22,30,300,0.5,-0.07284915127037861,0.9449709120681534,0.7989851
22,30,300,0.5,-0.4934167949204358,0.7813549372820273,0.050953686
22,30,300,0.5,0.17663422710721144,1.7911848350080883,1.242722
22,30,300,0.5,0.3412757392363188,0.29625510025931256,1.5355573
22,30,300,0.5,0.15445717720833518,1.2163875189119997,1.2032775
22,30,300,0.5,0.7453013108947906,2.008296614922717,2.2541666
22,30,300,0.5,0.2789450327974472,1.6457995422429084,1.4246944
22,30,300,0.5,-0.5662060312030521,-0.12976573925642382,-0.078511
22,30,300,0.5,0.42848259909822284,1.881712689021491,1.6906655
22,30,300,0.5,0.711606684785222,2.311875819312867,2.1942368
22,30,300,0.5,-0.40771960495571014,0.5177523311045369,0.20337671
22,30,300,0.5,-0.4051260982897327,1.0195232015154707,0.20798957
22,30,300,0.5,-0.02388743870209087,1.4494223182535677,0.88606954
22,30,300,0.5,-0.28877452430008876,1.0820193895506103,0.41493523
22,30,300,0.5,-0.5024937129600839,0.36860674118214803,0.03480923
22,30,300,0.5,0.3952623918545297,1.6350816978598235,1.6315792
22,30,300,0.5,0.6978871106258364,1.6118903590974458,2.1698346
22,30,300,0.5,-0.5513659420505215,-0.5592714931219411,-0.052116036
22,30,300,0.5,0.13820147722918663,0.7651495326405715,1.1743647
22,30,300,0.5,-0.4447425874105362,-0.1408935251423415,0.13752675
22,30,300,0.5,0.665239691095876,2.181583942490888,2.1117673
22,30,300,0.5,0.9510430100057716,3.185731158937878,2.6201036
22,30,300,0.5,0.13686789773729702,1.5789254850281966,1.1719928
22,30,300,0.5,-0.7634511482621336,-0.26636985829788784,-0.4293357
22,30,300,0.5,0.5167573076722829,1.4538043571446093,1.8476729
22,30,300,0.5,0.38506318015553176,1.629948612718809,1.6134386
22,30,300,0.5,0.7835460015641595,2.7751170262590317,2.3221896
22,30,300,0.5,-0.3628620950973527,0.25319008416000516,0.28316134
22,30,300,0.5,-0.5792348778523182,0.8194863984207107,-0.10168433
22,30,300,0.5,0.20969103949009193,1.6044100229039433,1.3015177
22,30,300,0.5,0.4326544082371311,1.8116561783286749,1.6980855
22,30,300,0.5,-0.43438607484718084,0.07214582774135345,0.15594709
22,30,300,0.5,0.9636587796365064,2.261211731975762,2.6425424
22,30,300,0.5,-0.6820608327089606,-0.8867483484913985,-0.28457296
22,30,300,0.5,-0.7596068775736622,-0.8593028571457495,-0.42249823
22,30,300,0.5,-0.7236340973027724,0.2036549201769544,-0.35851622
22,30,300,0.5,-0.5850598491177812,-0.428879219490764,-0.11204469
22,30,300,0.5,0.46171161354031565,2.93394500782303,1.7497673
22,30,300,0.5,0.6928173449422557,2.6111019207874686,2.1608174
22,30,300,0.5,-0.573376045265036,-1.247472733280351,-0.09126377
22,30,300,0.5,-0.6706116870041745,0.06603653723558411,-0.26420927
22,30,300,0.5,0.6123879780921715,2.364996808842491,2.0177639
22,30,300,0.5,0.17356869291633759,2.5533642256045495,1.2372696
22,30,300,0.5,-0.9216244154913587,-0.014183491173623275,-0.7106664
22,30,300,0.5,0.7243830348433666,2.0042803906390083,2.216961
22,30,300,0.5,0.26089587373358225,1.3480664212178828,1.3925918
22,30,300,0.5,-0.9597849076250129,-1.3650273567477897,-0.77853954
22,30,300,0.5,-0.7364042751912157,-0.503621751430255,-0.38122952
22,30,300,0.5,-0.6276139882393277,0.504769453904231,-0.18773258
22,30,300,0.5,0.27984204265504764,1.271790100403562,1.4262899
23,30,300,1.0,-0.6407926448807304,-0.011680934820699429,-0.026812792
23,30,300,1.0,-0.43653978849210184,1.22720476123617,0.26006675
23,30,300,1.0,-0.6750141306472504,-0.5569319374584725,-0.07487792
23,30,300,1.0,-0.2331169623484446,1.3149641770131042,0.54578054
23,30,300,1.0,-0.9486745638909369,-0.9479526687435396,-0.45924252
23,30,300,1.0,0.3749765527756306,2.2130834348698682,1.3998669
23,30,300,1.0,-0.5451707440533535,-2.184944559312852,0.107491195
23,30,300,1.0,0.90549802303397,3.417315570427321,2.145001
23,30,300,1.0,0.29178822613331223,1.0902565689044303,1.2830263
23,30,300,1.0,-0.5521506238792397,-1.220198233718874,0.09768778
23,30,300,1.0,-0.07284915127037861,1.035640126677064,0.77088165
23,30,300,1.0,-0.4934167949204358,1.5495434644049262,0.18018126
23,30,300,1.0,0.17663422710721144,2.229101215801754,1.1212889
23,30,300,1.0,0.3412757392363188,-1.0900412779540125,1.3525331
23,30,300,1.0,0.15445717720833518,1.1238606834073288,1.0901406
23,30,300,1.0,0.7453013108947906,1.5259906080558527,1.9199996
23,30,300,1.0,0.2789450327974472,1.7337090188909223,1.2649877
23,30,300,1.0,-0.5662060312030521,-0.1271194161067434,0.077946484
23,30,300,1.0,0.42848259909822284,1.9064601798465364,1.4750178
23,30,300,1.0,0.711606684785222,2.2005382690552895,1.8726745
23,30,300,1.0,-0.40771960495571014,0.850943872120494,0.30054563
23,30,300,1.0,-0.4051260982897327,1.8492985996104068,0.3041883
23,30,300,1.0,-0.02388743870209087,1.9466195139113172,0.8396499
23,30,300,1.0,-0.28877452430008876,1.741587827701398,0.46760774
23,30,300,1.0,-0.5024937129600839,0.742200908284464,0.16743237
23,30,300,1.0,0.3952623918545297,1.4796386120105878,1.428359
23,30,300,1.0,0.6978871106258364,0.8280064969432188,1.853405
23,30,300,1.0,-0.5513659420505215,-1.0158111021428393,0.09878981
23,30,300,1.0,0.13820147722918663,0.25389611082276975,1.0673089
23,30,300,1.0,-0.4447425874105362,-0.3923018754636106,0.2485457
23,30,300,1.0,0.665239691095876,2.0326885027900237,1.8075507
23,30,300,1.0,0.9510430100057716,3.469376297864213,2.2089703
23,30,300,1.0,0.13686789773729702,1.8841151745817992,1.0654359
23,30,300,1.0,-0.7634511482621336,-0.005837420071508559,-0.19909054
23,30,300,1.0,0.5167573076722829,0.8740940989446528,1.5990024
23,30,300,1.0,0.38506318015553176,1.4897708651265544,1.4140339
23,30,300,1.0,0.7835460015641595,2.9831420493897447,1.9737155
23,30,300,1.0,-0.3628620950973527,0.23210435851471573,0.3635494
23,30,300,1.0,-0.5792348778523182,1.7974425525460578,0.059647024
23,30,300,1.0,0.20969103949009193,1.7894379668277027,1.1677182
23,30,300,1.0,0.4326544082371311,1.7580035401830876,1.4808773
23,30,300,1.0,-0.43438607484718084,0.013063805177068566,0.26309174
23,30,300,1.0,0.9636587796365064,1.595105904678511,2.2266896
23,30,300,1.0,-0.6820608327089606,-1.4093750315648759,-0.08477527
23,30,300,1.0,-0.7596068775736622,-1.1993919591441746,-0.19369107
23,30,300,1.0,-0.7236340973027724,0.8545780349594536,-0.14316624
23,30,300,1.0,-0.5850598491177812,-0.6876387407459656,0.05146575
23,30,300,1.0,0.46171161354031565,3.9444667885654288,1.521689
23,30,300,1.0,0.6928173449422557,2.8365691516904263,1.8462843
23,30,300,1.0,-0.573376045265036,-2.34819337603063,0.06787592
23,30,300,1.0,-0.6706116870041745,0.47329644847951724,-0.06869453
23,30,300,1.0,0.6123879780921715,2.505217661500639,1.7333187
23,30,300,1.0,0.17356869291633759,3.7595910653764237,1.1169833
23,30,300,1.0,-0.9216244154913587,0.8148818486354708,-0.4212498
23,30,300,1.0,0.7243830348433666,1.5597947115912834,1.8906193
23,30,300,1.0,0.26089587373358225,1.1743410949686013,1.239637
23,30,300,1.0,-0.9597849076250129,-1.8104848982455537,-0.47484738
23,30,300,1.0,-0.7364042751912157,-0.5344349524780787,-0.16110235
23,30,300,1.0,-0.6276139882393277,1.2647668842871174,-0.008302867
23,30,300,1.0,0.27984204265504764,0.9838961154970292,1.2662475
24,30,600,0.05,-0.10574924276474529,0.8111906101022937,0.7896601
24,30,600,0.05,0.23696051902549575,1.3842095744765055,1.4678075
24,30,600,0.05,0.844695963593266,2.6497861761582744,2.6703827
24,30,600,0.05,-0.7596068775736622,-0.5283259943368215,-0.5041807
24,30,600,0.05,0.24295680299952704,1.5542934679893898,1.4796729
24,30,600,0.05,-0.30553296413556086,0.350648962004974,0.39433193
24,30,600,0.05,0.5834500761653292,2.0660798209406703,2.1534343
24,30,600,0.05,-0.5245163479687225,0.024533401869671942,-0.038988173
24,30,600,0.05,-0.40771960495571014,0.17441594805024638,0.19212699
24,30,600,0.05,0.9188666816668503,2.832110064205723,2.8171504
24,30,600,0.05,-0.6773809642300075,-0.3459709807952136,-0.34147376
24,30,600,0.05,0.7634707237097056,2.5203887468423405,2.5096557
24,30,600,0.05,0.90549802303397,2.837346256490673,2.7906966
24,30,600,0.05,-0.8778429258664253,-0.7540313641759127,-0.73814386
24,30,600,0.05,0.3800500403824547,1.7346079186579855,1.7509503
24,30,600,0.05,-0.5850598491177812,-0.19675483783454012,-0.15879041
24,30,600,0.05,-0.47088877579074606,0.0067256842530590485,0.067129076
24,30,600,0.05,0.3261564062002016,1.5550276582422051,1.6443067
24,30,600,0.05,0.8684279958495875,2.6759590661195176,2.717343
24,30,600,0.05,0.04649610693339934,1.1469020790525106,1.0909202
24,30,600,0.05,0.20552675214328775,1.389094028196468,1.405607
24,30,600,0.05,-0.8801114035008535,-0.790184020874693,-0.7426327
24,30,600,0.05,-0.7685935333458127,-0.5165435256693167,-0.5219634
24,30,600,0.05,-0.2756218821212213,0.38133558136975143,0.4535194
24,30,600,0.05,0.8080887858019155,2.684727021918387,2.597945
24,30,600,0.05,0.8977220414410148,2.777538379108037,2.7753098
24,30,600,0.05,0.9535221763806743,2.9682878809710314,2.885726
24,30,600,0.05,0.18174552249634646,1.3824528216694723,1.3585491
24,30,600,0.05,-0.5444809969242781,-0.07774938280027209,-0.078493774
24,30,600,0.05,-0.4258969601607405,0.07112670969492957,0.15615797
24,30,600,0.05,0.9959245026573469,3.0013239871920896,2.9696307
24,30,600,0.05,0.7327646518572584,2.4504168171917633,2.4488952
24,30,600,0.05,-0.8717050073024313,-0.7555110060983735,-0.72599834
24,30,600,0.05,0.16895213791153774,1.3146873912513009,1.3332338
24,30,600,0.05,-0.6276139882393277,-0.23936994516402094,-0.24299568
24,30,600,0.05,-0.7881876902355356,-0.6787415611239693,-0.5607359
24,30,600,0.05,-0.7290518715550995,-0.46908079452675977,-0.4437191
24,30,600,0.05,0.42105680544469126,1.8267753220880323,1.8320937
24,30,600,0.05,0.6573138291114755,2.280455669883517,2.2995944
24,30,600,0.05,0.8986376448313629,2.6850092072441556,2.7771215
24,30,600,0.05,0.7640828204597792,2.4947796266015883,2.5108669
24,30,600,0.05,-0.17067612001895283,0.669673142749953,0.6611841
24,30,600,0.05,0.7246370936718047,2.44988578652555,2.4328125
24,30,600,0.05,0.8395656215563168,2.6414460198036034,2.6602309
24,30,600,0.05,-0.7634511482621336,-0.48377249595784455,-0.5117877
24,30,600,0.05,0.15445717720833518,1.3606348487407462,1.3045516
24,30,600,0.05,0.7345788109249296,2.4002534484966556,2.4524848
24,30,600,0.05,-0.5024937129600839,-0.04143965885990266,0.004589796
24,30,600,0.05,-0.7236340973027724,-0.49171676251031726,-0.43299848
24,30,600,0.05,-0.4503528602648068,0.051919849725042405,0.1077652
24,30,600,0.05,-0.2078805943854125,0.6908464817576971,0.5875646
24,30,600,0.05,-0.7103044813132455,-0.35735507072205275,-0.4066221
24,30,600,0.05,-0.4599840536156703,0.07780212144586655,0.08870709
24,30,600,0.05,-0.8182285359351811,-0.6818220779466285,-0.6201802
24,30,600,0.05,0.7961247144274701,2.5475707087392307,2.5742707
24,30,600,0.05,-0.44480780453646784,0.07699875489853636,0.11873758
24,30,600,0.05,0.7933425860806842,2.605528998203913,2.5687656
24,30,600,0.05,0.711606684785222,2.361903559981293,2.4070282
24,30,600,0.05,0.30640163971426726,1.6019667058997575,1.6052163
24,30,600,0.05,-0.019082382764865846,0.9843208394818679,0.9611548
24,30,600,0.05,-0.43438607484718084,0.11814557802009329,0.13935989
24,30,600,0.05,-0.3092966386061946,0.3355064842966585,0.38688445
24,30,600,0.05,-0.24014608819975902,0.5176377830225836,0.52371824
24,30,600,0.05,0.15428048804068362,1.298641031240365,1.3042018
24,30,600,0.05,0.01961439324316827,1.036762582978958,1.0377272
24,30,600,0.05,0.9529189300267915,2.7938576571204963,2.8845322
24,30,600,0.05,-0.7330770581301311,-0.4311020492020074,-0.45168406
24,30,600,0.05,0.8154659149700789,2.58822376689944,2.6125429
24,30,600,0.05,-0.17147401097066006,0.5966232953720189,0.6596052
24,30,600,0.05,-0.1589210666398031,0.6792285391637007,0.6844447
24,30,600,0.05,-0.18551765717238533,0.6649638721623876,0.6318159
24,30,600,0.05,-0.12482557747461498,0.7023236259691127,0.75191224
24,30,600,0.05,-0.6740911479067893,-0.358808448052094,-0.33496386
24,30,600,0.05,-0.5199594532405809,-0.03734015934266736,-0.029971063
24,30,600,0.05,-0.42320300533701216,0.11351914505625693,0.16148877
24,30,600,0.05,0.39054001180937203,1.7857896386342513,1.7717077
24,30,600,0.05,-0.8409558348264885,-0.7278673418964742,-0.6651525
24,30,600,0.05,-0.4447425874105362,0.12041318967617601,0.11886662
24,30,600,0.05,0.773921562434835,2.552704086469816,2.5303357
24,30,600,0.05,-0.5078736300180711,0.03077316476941369,-0.0060558915
24,30,600,0.05,0.9636587796365064,2.9278350250013276,2.905784
24,30,600,0.05,0.9788195545688629,3.0044590363153487,2.9357839
24,30,600,0.05,-0.24350965015307646,0.4979415058700457,0.5170625
24,30,600,0.05,0.807967909856474,2.6165107647064514,2.5977058
24,30,600,0.05,0.20969103949009193,1.4226248842973628,1.4138472
24,30,600,0.05,0.3636405982069668,1.723388458616891,1.7184796
24,30,600,0.05,0.6960164586444688,2.4122710078909626,2.3761785
24,30,600,0.05,0.17663422710721144,1.4244176290402282,1.348435
24,30,600,0.05,0.3992441085010334,1.8147316977918762,1.7889311
24,30,600,0.05,0.9806778947934087,2.934070190885928,2.939461
24,30,600,0.05,-0.1506290624969875,0.75327936172775,0.70085275
24,30,600,0.05,0.3929648614029002,1.8129684020708199,1.776506
24,30,600,0.05,-0.6820608327089606,-0.37525194946533713,-0.35073406
24,30,600,0.05,0.8131109984423579,2.6036568450295894,2.607883
24,30,600,0.05,-0.4157049464149023,0.14096307349935894,0.1763258
24,30,600,0.05,-0.4139594309844066,0.11319968990705531,0.17977971
24,30,600,0.05,0.8947411809778485,2.787693958362686,2.769411
24,30,600,0.05,0.05778983950580896,1.0886069473428928,1.1132681
24,30,600,0.05,-0.8638518520505596,-0.7397705936737744,-0.7104587
24,30,600,0.05,0.3849442387400397,1.8458015359978646,1.7606349
24,30,600,0.05,-0.3628620950973527,0.28247223842792396,0.28089023
24,30,600,0.05,0.0731584222174444,1.046106058659943,1.1436791
24,30,600,0.05,0.3439142811916447,1.6304480151411327,1.6794455
24,30,600,0.05,0.5548151236975063,2.064683139571736,2.096772
24,30,600,0.05,-0.7625445620915119,-0.5305832631484895,-0.50999373
24,30,600,0.05,0.03461703440457753,0.9981380752271332,1.0674142
24,30,600,0.05,0.793093191702126,2.508664916150078,2.568272
24,30,600,0.05,0.6978871106258364,2.3387644062049247,2.3798802
24,30,600,0.05,-0.8720894677580378,-0.7035452334106234,-0.726759
24,30,600,0.05,-0.5576781693078323,-0.08038731443627378,-0.10460812
24,30,600,0.05,-0.13116674888375845,0.6903857124546685,0.7393644
24,30,600,0.05,-0.5243855149219223,-0.046514329072244114,-0.03872925
24,30,600,0.05,-0.39994216104814084,0.25338145250861804,0.20751685
24,30,600,0.05,0.3929262893050012,1.8575202037541019,1.7764295
24,30,600,0.05,-0.3445591968857622,0.3607375052680636,0.31710762
24,30,600,0.05,-0.6295353495276321,-0.25780043863601343,-0.24679774
24,30,600,0.05,-0.25829440156422256,0.5539698000660355,0.48780668
24,30,600,0.05,0.42848259909822284,1.8627225918534502,1.8467877
24,30,600,0.05,0.1041565533839417,1.2347602876887125,1.2050176
24,30,600,0.05,-0.17028626133287195,0.6392258626417092,0.6619555
25,30,600,0.2,-0.10574924276474529,0.8792578969976462,0.79901075
25,30,600,0.2,0.23696051902549575,1.1150751837530473,1.4342858
25,30,600,0.2,0.844695963593266,2.530968923073502,2.5608344
25,30,600,0.2,-0.7596068775736622,-0.5556627119053129,-0.41303372
25,30,600,0.2,0.24295680299952704,1.7594330539603968,1.445401
25,30,600,0.2,-0.30553296413556086,0.23579363283326102,0.42867517
25,30,600,0.2,0.5834500761653292,1.7636188267707062,2.0765674
25,30,600,0.2,-0.5245163479687225,0.24523169529102268,0.022749543
25,30,600,0.2,-0.40771960495571014,0.14398142193524632,0.23925358
25,30,600,0.2,0.9188666816668503,2.81524016682179,2.6983232
25,30,600,0.2,-0.6773809642300075,-0.31959813780080937,-0.26061296
25,30,600,0.2,0.7634707237097056,2.500730645111129,2.4102683
25,30,600,0.2,0.90549802303397,2.916396887758872,2.673542
25,30,600,0.2,-0.8778429258664253,-0.7490679015050986,-0.6322057
25,30,600,0.2,0.3800500403824547,1.6581314323372136,1.6995282
25,30,600,0.2,-0.5850598491177812,-0.2766602566314733,-0.08947885
25,30,600,0.2,-0.47088877579074606,-0.14776460824328744,0.12215805
25,30,600,0.2,0.3261564062002016,1.2631721957676114,1.5996267
25,30,600,0.2,0.8684279958495875,2.493268289380545,2.604826
25,30,600,0.2,0.04649610693339934,1.3086316746096462,1.0812253
25,30,600,0.2,0.20552675214328775,1.323215599926146,1.3760176
25,30,600,0.2,-0.8801114035008535,-0.8800676624936509,-0.6364107
25,30,600,0.2,-0.7685935333458127,-0.45461290260239046,-0.42969215
25,30,600,0.2,-0.2756218821212213,0.17907361820633338,0.4841208
25,30,600,0.2,0.8080887858019155,2.890375372862055,2.4929762
25,30,600,0.2,0.8977220414410148,2.7238212677860583,2.6591277
25,30,600,0.2,0.9535221763806743,3.1520184656000803,2.7625637
25,30,600,0.2,0.18174552249634646,1.4393381516998103,1.3319347
25,30,600,0.2,-0.5444809969242781,-0.0441115496554198,-0.014258623
25,30,600,0.2,-0.4258969601607405,-0.1601114002558386,0.20555854
25,30,600,0.2,0.9959245026573469,3.0297489328242766,2.841164
25,30,600,0.2,0.7327646518572584,2.4050793576235026,2.3533492
25,30,600,0.2,-0.8717050073024313,-0.7918139805789065,-0.6208279
25,30,600,0.2,0.16895213791153774,1.2450367375359772,1.3082199
25,30,600,0.2,-0.6276139882393277,-0.1917958512201176,-0.16836071
25,30,600,0.2,-0.7881876902355356,-0.9858401030826636,-0.46601343
25,30,600,0.2,-0.7290518715550995,-0.5020119487764417,-0.3563944
25,30,600,0.2,0.42105680544469126,1.7807604556839816,1.7755418
25,30,600,0.2,0.6573138291114755,2.1779397048652145,2.2134871
25,30,600,0.2,0.8986376448313629,2.348210959988445,2.660825
25,30,600,0.2,0.7640828204597792,2.3946215836476785,2.4114032
25,30,600,0.2,-0.17067612001895283,0.702749291113529,0.67865694
25,30,600,0.2,0.7246370936718047,2.451720584071373,2.3382833
25,30,600,0.2,0.8395656215563168,2.5283903498765135,2.5513244
25,30,600,0.2,-0.7634511482621336,-0.3543830942585769,-0.4201597
25,30,600,0.2,0.15445717720833518,1.515796331712974,1.2813509
25,30,600,0.2,0.7345788109249296,2.1935409284370437,2.3567119
25,30,600,0.2,-0.5024937129600839,-0.150796357679107,0.06357247
25,30,600,0.2,-0.7236340973027724,-0.6250624662246348,-0.34635162
25,30,600,0.2,-0.4503528602648068,-0.09020343951098952,0.1602251
25,30,600,0.2,-0.2078805943854125,1.0106694933432636,0.6096916
25,30,600,0.2,-0.7103044813132455,-0.16759339500873788,-0.32164276
25,30,600,0.2,-0.4599840536156703,0.07111280747748801,0.1423719
25,30,600,0.2,-0.8182285359351811,-0.8179170961754276,-0.52169955
25,30,600,0.2,0.7961247144274701,2.413534548392102,2.4707985
25,30,600,0.2,-0.44480780453646784,-0.023158153187047475,0.17050385
25,30,600,0.2,0.7933425860806842,2.662060476331547,2.4656415
25,30,600,0.2,0.711606684785222,2.17797413121384,2.3141289
25,30,600,0.2,0.30640163971426726,1.5694569853134268,1.5630076
25,30,600,0.2,-0.019082382764865846,1.0517776545166668,0.95966357
25,30,600,0.2,-0.43438607484718084,0.07889876116345818,0.18982244
25,30,600,0.2,-0.3092966386061946,0.1978057688238017,0.4216985
25,30,600,0.2,-0.24014608819975902,0.5114276612888885,0.5498817
25,30,600,0.2,0.15428048804068362,1.268881196717358,1.2810233
25,30,600,0.2,0.01961439324316827,1.029363972456822,1.0313951
25,30,600,0.2,0.9529189300267915,2.4579170483212356,2.7614453
25,30,600,0.2,-0.7330770581301311,-0.3259458480272428,-0.36385572
25,30,600,0.2,0.8154659149700789,2.460099577777287,2.506651
25,30,600,0.2,-0.17147401097066006,0.4153372473120356,0.6771779
25,30,600,0.2,-0.1589210666398031,0.6704405564936217,0.7004471
25,30,600,0.2,-0.18551765717238533,0.7729614316838624,0.65114546
25,30,600,0.2,-0.12482557747461498,0.5582479687241404,0.7636493
25,30,600,0.2,-0.6740911479067893,-0.39068690476764034,-0.2545147
25,30,600,0.2,-0.5199594532405809,-0.029603917927184,0.031196535
25,30,600,0.2,-0.42320300533701216,-0.0067053877528993056,0.21055233
25,30,600,0.2,0.39054001180937203,1.7999184836807733,1.7189734
25,30,600,0.2,-0.8409558348264885,-0.8657343586269658,-0.5638288
25,30,600,0.2,-0.4447425874105362,0.15010828316792113,0.17062473
25,30,600,0.2,0.773921562434835,2.5672869712702537,2.429641
25,30,600,0.2,-0.5078736300180711,0.17033443918608115,0.053599775
25,30,600,0.2,0.9636587796365064,2.929387422186273,2.7813535
25,30,600,0.2,0.9788195545688629,3.1449188178482177,2.8094568
25,30,600,0.2,-0.24350965015307646,0.45282392439864166,0.5436467
25,30,600,0.2,0.807967909856474,2.6182355996869604,2.492752
25,30,600,0.2,0.20969103949009193,1.432353300248899,1.3837368
25,30,600,0.2,0.3636405982069668,1.7117102452257635,1.6691104
25,30,600,0.2,0.6960164586444688,2.472985279697037,2.2852297
25,30,600,0.2,0.17663422710721144,1.637865153517644,1.3224599
25,30,600,0.2,0.3992441085010334,1.863462140161304,1.735108
25,30,600,0.2,0.9806778947934087,2.852213394783261,2.8129015
25,30,600,0.2,-0.1506290624969875,0.9168918218929251,0.7158178
25,30,600,0.2,0.3929648614029002,1.8940844398658785,1.7234683
25,30,600,0.2,-0.6820608327089606,-0.4086428016075852,-0.26928794
25,30,600,0.2,0.8131109984423579,2.5359613894642106,2.502286
25,30,600,0.2,-0.4157049464149023,0.058081972486849556,0.2244513
25,30,600,0.2,-0.4139594309844066,-0.06344465446533931,0.22768688
25,30,600,0.2,0.8947411809778485,2.782328747583653,2.6536021
25,30,600,0.2,0.05778983950580896,1.0076887523367177,1.1021602
25,30,600,0.2,-0.8638518520505596,-0.7759712623917401,-0.6062707
25,30,600,0.2,0.3849442387400397,2.0735407115512206,1.7086005
25,30,600,0.2,-0.3628620950973527,0.30706152429581196,0.32240522
25,30,600,0.2,0.0731584222174444,0.7454737013351058,1.1306487
25,30,600,0.2,0.3439142811916447,1.4583063734146622,1.632544
25,30,600,0.2,0.5548151236975063,1.9298418161019053,2.023487
25,30,600,0.2,-0.7625445620915119,-0.5470656800448865,-0.4184792
25,30,600,0.2,0.03461703440457753,0.7848500944810677,1.0592052
25,30,600,0.2,0.793093191702126,2.2761005143875557,2.4651792
25,30,600,0.2,0.6978871106258364,2.1677349610646806,2.2886972
25,30,600,0.2,-0.8720894677580378,-0.581644127094267,-0.62154067
25,30,600,0.2,-0.5576781693078323,0.024519758101898798,-0.03872192
25,30,600,0.2,-0.13116674888375845,0.5485433431212248,0.7518947
25,30,600,0.2,-0.5243855149219223,-0.039744226757442574,0.022992074
25,30,600,0.2,-0.39994216104814084,0.4131787763233173,0.2536705
25,30,600,0.2,0.3929262893050012,2.072523079186401,1.7233968
25,30,600,0.2,-0.3445591968857622,0.5103052023868275,0.35633296
25,30,600,0.2,-0.6295353495276321,-0.25398965737826107,-0.17192245
25,30,600,0.2,-0.25829440156422256,0.7656456096494773,0.5162405
25,30,600,0.2,0.42848259909822284,1.8799947728244641,1.7893069
25,30,600,0.2,0.1041565533839417,1.3141018304511998,1.1881094
25,30,600,0.2,-0.17028626133287195,0.5786210185640687,0.6793796
26,30,600,0.5,-0.10574924276474529,1.0153924707883515,0.79600096
26,30,600,0.5,0.23696051902549575,0.576806402306131,1.4280752
26,30,600,0.5,0.844695963593266,2.293334416903957,2.5489478
26,30,600,0.5,-0.7596068775736622,-0.6103361470422959,-0.40993667
26,30,600,0.5,0.24295680299952704,2.169712225902411,1.4391344
26,30,600,0.5,-0.30553296413556086,0.006082974489835136,0.4275313
26,30,600,0.5,0.5834500761653292,1.1586968384307783,2.0671206
26,30,600,0.5,-0.5245163479687225,0.6866282821337242,0.023650885
26,30,600,0.5,-0.40771960495571014,0.0831123697052462,0.2390641
26,30,600,0.5,0.9188666816668503,2.781500372053924,2.6857438
26,30,600,0.5,-0.6773809642300075,-0.26685245181200096,-0.25828385
26,30,600,0.5,0.7634707237097056,2.461414441648705,2.3991404
26,30,600,0.5,0.90549802303397,3.0744981502952697,2.6610875
26,30,600,0.5,-0.8778429258664253,-0.7391409761634705,-0.6280043
26,30,600,0.5,0.3800500403824547,1.5051784596956699,1.6919813
26,30,600,0.5,-0.5850598491177812,-0.43647109422533964,-0.08801198
26,30,600,0.5,-0.47088877579074606,-0.4567451932359804,0.122558534
26,30,600,0.5,0.3261564062002016,0.6794612708184238,1.592583
26,30,600,0.5,0.8684279958495875,2.1278867359025995,2.5927176
26,30,600,0.5,0.04649610693339934,1.6320908657239177,1.0767936
26,30,600,0.5,0.20552675214328775,1.1914587433855015,1.3701005
26,30,600,0.5,-0.8801114035008535,-1.0598349457315668,-0.6321882
26,30,600,0.5,-0.7685935333458127,-0.3307516564685381,-0.42651117
26,30,600,0.5,-0.2756218821212213,-0.2254503081205026,0.48269755
26,30,600,0.5,0.8080887858019155,3.3016720747493915,2.4814315
26,30,600,0.5,0.8977220414410148,2.616387045142101,2.646746
26,30,600,0.5,0.9535221763806743,3.5194796348581785,2.7496605
26,30,600,0.5,0.18174552249634646,1.5531088117604863,1.3262398
26,30,600,0.5,-0.5444809969242781,0.023164116634284762,-0.013170719
26,30,600,0.5,-0.4258969601607405,-0.6225876201573748,0.20553881
26,30,600,0.5,0.9959245026573469,3.0865988240886506,2.8278651
26,30,600,0.5,0.7327646518572584,2.3144044384869815,2.3425078
26,30,600,0.5,-0.8717050073024313,-0.8644199295399723,-0.61668396
26,30,600,0.5,0.16895213791153774,1.1057354301053297,1.3026445
26,30,600,0.5,-0.6276139882393277,-0.09664766333231098,-0.1664964
26,30,600,0.5,-0.7881876902355356,-1.600037187000052,-0.46264946
26,30,600,0.5,-0.7290518715550995,-0.5678742572758058,-0.35358274
26,30,600,0.5,0.42105680544469126,1.6887307228758803,1.7676119
26,30,600,0.5,0.6573138291114755,1.9729077748286101,2.2033508
26,30,600,0.5,0.8986376448313629,1.6746144654770247,2.6484346
26,30,600,0.5,0.7640828204597792,2.1943054977398586,2.4002695
26,30,600,0.5,-0.17067612001895283,0.768901587840681,0.67625356
26,30,600,0.5,0.7246370936718047,2.455390179163018,2.327518
26,30,600,0.5,0.8395656215563168,2.302279010022333,2.5394855
26,30,600,0.5,-0.7634511482621336,-0.09560429086004157,-0.41702676
26,30,600,0.5,0.15445717720833518,1.8261192976574294,1.2759107
26,30,600,0.5,0.7345788109249296,1.7801158883178205,2.3458538
26,30,600,0.5,-0.5024937129600839,-0.36950975531751573,0.06426811
26,30,600,0.5,-0.7236340973027724,-0.8917538736532697,-0.3435905
26,30,600,0.5,-0.4503528602648068,-0.3744500179830534,0.16043383
26,30,600,0.5,-0.2078805943854125,1.6503155165143968,0.60763574
26,30,600,0.5,-0.7103044813132455,0.21192995641789192,-0.3190061
26,30,600,0.5,-0.4599840536156703,0.057734179540730894,0.14267057
26,30,600,0.5,-0.8182285359351811,-1.0901071326330256,-0.5180551
26,30,600,0.5,0.7961247144274701,2.145462227697845,2.4593656
26,30,600,0.5,-0.44480780453646784,-0.22347196935821517,0.1706608
26,30,600,0.5,0.7933425860806842,2.7751234325868146,2.4542344
26,30,600,0.5,0.711606684785222,1.8101152736789345,2.3034854
26,30,600,0.5,0.30640163971426726,1.5044375441407651,1.5561484
26,30,600,0.5,-0.019082382764865846,1.1866912845862645,0.95584434
26,30,600,0.5,-0.43438607484718084,0.00040512745018797536,0.18988198
26,30,600,0.5,-0.3092966386061946,-0.07759566212191193,0.4205898
26,30,600,0.5,-0.24014608819975902,0.49900741782149827,0.5481271
26,30,600,0.5,0.15428048804068362,1.2093615276713443,1.2755849
26,30,600,0.5,0.01961439324316827,1.0145667514125503,1.0272144
26,30,600,0.5,0.9529189300267915,1.7860358307227147,2.748548
26,30,600,0.5,-0.7330770581301311,-0.11563344567771372,-0.3610065
26,30,600,0.5,0.8154659149700789,2.2038511995329806,2.4950376
26,30,600,0.5,-0.17147401097066006,0.05276515119206926,0.6747819
26,30,600,0.5,-0.1589210666398031,0.6528645911534634,0.6979339
26,30,600,0.5,-0.18551765717238533,0.9889565507268121,0.64888066
26,30,600,0.5,-0.12482557747461498,0.27009665423419604,0.76081765
26,30,600,0.5,-0.6740911479067893,-0.45444381819873314,-0.25221634
26,30,600,0.5,-0.5199594532405809,-0.014131435096217289,0.032055378
26,30,600,0.5,-0.42320300533701216,-0.24715445337121172,0.21050745
26,30,600,0.5,0.39054001180937203,1.8281761737738174,1.7113284
26,30,600,0.5,-0.8409558348264885,-1.141468392087949,-0.55997205
26,30,600,0.5,-0.4447425874105362,0.20949847015141138,0.17078102
26,30,600,0.5,0.773921562434835,2.596452740871129,2.4184153
26,30,600,0.5,-0.5078736300180711,0.449456988019416,0.054345727
26,30,600,0.5,0.9636587796365064,2.932492216556162,2.7683558
26,30,600,0.5,0.9788195545688629,3.4258383809139556,2.7963176
26,30,600,0.5,-0.24350965015307646,0.3625887614558335,0.5419235
26,30,600,0.5,0.807967909856474,2.6216852696479793,2.4812086
26,30,600,0.5,0.20969103949009193,1.4518101321519719,1.3777809
26,30,600,0.5,0.3636405982069668,1.6883538184435083,1.6617167
26,30,600,0.5,0.6960164586444688,2.5944138233091865,2.2747316
26,30,600,0.5,0.17663422710721144,2.064760202472476,1.3168129
26,30,600,0.5,0.3992441085010334,1.96092302490016,1.7273817
26,30,600,0.5,0.9806778947934087,2.688499802577926,2.799745
26,30,600,0.5,-0.1506290624969875,1.244116742223275,0.71322715
26,30,600,0.5,0.3929648614029002,2.0563165154559955,1.7158008
26,30,600,0.5,-0.6820608327089606,-0.47542450589208135,-0.26691508
26,30,600,0.5,0.8131109984423579,2.400570478333453,2.490694
26,30,600,0.5,-0.4157049464149023,-0.10768022953816919,0.22433645
26,30,600,0.5,-0.4139594309844066,-0.41673334321012856,0.22755569
26,30,600,0.5,0.8947411809778485,2.7715983260255865,2.6412482
26,30,600,0.5,0.05778983950580896,0.8458523623243672,1.0976231
26,30,600,0.5,-0.8638518520505596,-0.8483725998276714,-0.60220003
26,30,600,0.5,0.3849442387400397,2.529019062657932,1.7010078
26,30,600,0.5,-0.3628620950973527,0.35624009603158796,0.32179677
26,30,600,0.5,0.0731584222174444,0.14420898668543125,1.125968
26,30,600,0.5,0.3439142811916447,1.1140230899617216,1.6253345
26,30,600,0.5,0.5548151236975063,1.6601591691622446,2.014308
26,30,600,0.5,-0.7625445620915119,-0.5800305138376807,-0.41535473
26,30,600,0.5,0.03461703440457753,0.3582741329889366,1.0548844
26,30,600,0.5,0.793093191702126,1.8109717108625114,2.4537745
26,30,600,0.5,0.6978871106258364,1.825676070784192,2.2781818
26,30,600,0.5,-0.8720894677580378,-0.3378419144615543,-0.617393
26,30,600,0.5,-0.5576781693078323,0.23433390317824393,-0.037510872
26,30,600,0.5,-0.13116674888375845,0.2648586044543374,0.7491224
26,30,600,0.5,-0.5243855149219223,-0.02620402212783949,0.023892224
26,30,600,0.5,-0.39994216104814084,0.7327734239527157,0.25340837
26,30,600,0.5,0.3929262893050012,2.5025288300509985,1.7157295
26,30,600,0.5,-0.3445591968857622,0.8094405966243554,0.35555357
26,30,600,0.5,-0.6295353495276321,-0.24636809486275624,-0.17004013
26,30,600,0.5,-0.25829440156422256,1.1889972288163606,0.5146554
26,30,600,0.5,0.42848259909822284,1.9145391347664917,1.7813075
26,30,600,0.5,0.1041565533839417,1.4727849159761746,1.1831392
26,30,600,0.5,-0.17028626133287195,0.45741133040878756,0.67697257
27,30,600,1.0,-0.10574924276474529,1.2422834271061935,0.7973771
27,30,600,1.0,0.23696051902549575,-0.3203082334387295,1.3998121
27,30,600,1.0,0.844695963593266,1.8972769066213822,2.4681244
27,30,600,1.0,-0.7596068775736622,-0.7014585389372673,-0.35201156
27,30,600,1.0,0.24295680299952704,2.8535108458057676,1.4103527
27,30,600,1.0,-0.30553296413556086,-0.376768122749208,0.44618577
27,30,600,1.0,0.5834500761653292,0.15049352453089826,2.0088916
27,30,600,1.0,-0.5245163479687225,1.4222892602048933,0.06124413
27,30,600,1.0,-0.40771960495571014,-0.01833605067808733,0.26655614
27,30,600,1.0,0.9188666816668503,2.725267380774148,2.598506
27,30,600,1.0,-0.6773809642300075,-0.17894297516398697,-0.20747018
27,30,600,1.0,0.7634707237097056,2.3958874358779987,2.3253422
27,30,600,1.0,0.90549802303397,3.3380002545225995,2.575006
27,30,600,1.0,-0.8778429258664253,-0.7225961005940904,-0.5598537
27,30,600,1.0,0.3800500403824547,1.2502568386264303,1.6513431
27,30,600,1.0,-0.5850598491177812,-0.7028224902151169,-0.045182705
27,30,600,1.0,-0.47088877579074606,-0.9717128348904687,0.15551376
27,30,600,1.0,0.3261564062002016,-0.2933902707635556,1.5566058
27,30,600,1.0,0.8684279958495875,1.5189174801060241,2.509842
27,30,600,1.0,0.04649610693339934,2.1711895175810367,1.0650028
27,30,600,1.0,0.20552675214328775,0.9718639824844275,1.344556
27,30,600,1.0,-0.8801114035008535,-1.3594470844614264,-0.56384134
27,30,600,1.0,-0.7685935333458127,-0.12431624624545073,-0.36780882
27,30,600,1.0,-0.2756218821212213,-0.8996568519985626,0.49876517
27,30,600,1.0,0.8080887858019155,3.9871665778949525,2.4037743
27,30,600,1.0,0.8977220414410148,2.437330007402173,2.561337
27,30,600,1.0,0.9535221763806743,4.131914916955008,2.6594255
27,30,600,1.0,0.18174552249634646,1.7427265785282797,1.302752
27,30,600,1.0,-0.5444809969242781,0.1352902271171257,0.026149154
27,30,600,1.0,-0.4258969601607405,-1.3933813199932685,0.23460293
27,30,600,1.0,0.9959245026573469,3.1813486428626074,2.7339628
27,30,600,1.0,0.7327646518572584,2.1632795732594468,2.2713652
27,30,600,1.0,-0.8717050073024313,-0.9854298444750821,-0.54906416
27,30,600,1.0,0.16895213791153774,0.8735665843875838,1.2802631
27,30,600,1.0,-0.6276139882393277,0.0619326498140334,-0.11998677
27,30,600,1.0,-0.7881876902355356,-2.623698993529033,-0.40225255
27,30,600,1.0,-0.7290518715550995,-0.6776447714414123,-0.29830027
27,30,600,1.0,0.42105680544469126,1.535347834862378,1.7234272
27,30,600,1.0,0.6573138291114755,1.6311878914342692,2.1387334
27,30,600,1.0,0.8986376448313629,0.5519536412913237,2.5629463
27,30,600,1.0,0.7640828204597792,1.860445354560159,2.3264182
27,30,600,1.0,-0.17067612001895283,0.8791554157192676,0.6832449
27,30,600,1.0,0.7246370936718047,2.461506170982427,2.2570782
27,30,600,1.0,0.8395656215563168,1.9254267769320328,2.459106
27,30,600,1.0,-0.7634511482621336,0.335693714804184,-0.3587693
27,30,600,1.0,0.15445717720833518,2.3433242408981885,1.2547829
27,30,600,1.0,0.7345788109249296,1.091074154785782,2.2745543
27,30,600,1.0,-0.5024937129600839,-0.7340320847148636,0.09995675
27,30,600,1.0,-0.7236340973027724,-1.3362395527009947,-0.28877664
27,30,600,1.0,-0.4503528602648068,-0.8481943154364932,0.19161302
27,30,600,1.0,-0.2078805943854125,2.7163922217996186,0.6178447
27,30,600,1.0,-0.7103044813132455,0.8444688754622749,-0.26534498
27,30,600,1.0,-0.4599840536156703,0.03543646631280238,0.17468268
27,30,600,1.0,-0.8182285359351811,-1.543757193395689,-0.45506012
27,30,600,1.0,0.7961247144274701,1.6986750265407489,2.3827431
27,30,600,1.0,-0.44480780453646784,-0.5573283296434947,0.2013604
27,30,600,1.0,0.7933425860806842,2.9635616930122612,2.3778524
27,30,600,1.0,0.711606684785222,1.197017177787425,2.2341723
27,30,600,1.0,0.30640163971426726,1.396071808852996,1.5218797
27,30,600,1.0,-0.019082382764865846,1.411547334702261,0.9497251
27,30,600,1.0,-0.43438607484718084,-0.13041759540526238,0.21968031
27,30,600,1.0,-0.3092966386061946,-0.5365980470314347,0.43956977
27,30,600,1.0,-0.24014608819975902,0.4783070120425145,0.5611266
27,30,600,1.0,0.15428048804068362,1.1101620792613214,1.2544724
27,30,600,1.0,0.01961439324316827,0.989904716338764,1.0177485
27,30,600,1.0,0.9529189300267915,0.6662338013918463,2.6583652
27,30,600,1.0,-0.7330770581301311,0.23488722490483482,-0.30537593
27,30,600,1.0,0.8154659149700789,1.7767705691258033,2.4167423
27,30,600,1.0,-0.17147401097066006,-0.5515216756745414,0.6818423
27,30,600,1.0,-0.1589210666398031,0.623571315586533,0.70390856
27,30,600,1.0,-0.18551765717238533,1.3489484157983949,0.6571556
27,30,600,1.0,-0.12482557747461498,-0.21015553658237796,0.76384366
27,30,600,1.0,-0.6740911479067893,-0.5607053405838878,-0.2016871
27,30,600,1.0,-0.5199594532405809,0.011656036288727231,0.06925452
27,30,600,1.0,-0.42320300533701216,-0.6479028960683991,0.23933858
27,30,600,1.0,0.39054001180937203,1.8752723239288906,1.6697829
27,30,600,1.0,-0.8409558348264885,-1.6010251145229208,-0.49501145
27,30,600,1.0,-0.4447425874105362,0.3084821151238951,0.20147502
27,30,600,1.0,0.773921562434835,2.645062356872588,2.3437133
27,30,600,1.0,-0.5078736300180711,0.9146612360749742,0.09049964
27,30,600,1.0,0.9636587796365064,2.937666873839312,2.6772442
27,30,600,1.0,0.9788195545688629,3.8940376526901854,2.7038946
27,30,600,1.0,-0.24350965015307646,0.21219682321781996,0.5552139
27,30,600,1.0,0.807967909856474,2.6274347195830106,2.4035618
27,30,600,1.0,0.20969103949009193,1.48423818532376,1.3518763
27,30,600,1.0,0.3636405982069668,1.649426440473083,1.6224976
27,30,600,1.0,0.6960164586444688,2.7967947293294353,2.206767
27,30,600,1.0,0.17663422710721144,2.776251950730529,1.293767
27,30,600,1.0,0.3992441085010334,2.123357832798253,1.6850835
27,30,600,1.0,0.9806778947934087,2.415643815569035,2.7071614
27,30,600,1.0,-0.1506290624969875,1.789491609440525,0.71848476
27,30,600,1.0,0.3929648614029002,2.3267033081061905,1.6740456
27,30,600,1.0,-0.6820608327089606,-0.5867273463662416,-0.21569669
27,30,600,1.0,0.8131109984423579,2.1749189597821896,2.4126027
27,30,600,1.0,-0.4157049464149023,-0.3839505662465338,0.25251907
27,30,600,1.0,-0.4139594309844066,-1.005547824451444,0.2555874
27,30,600,1.0,0.8947411809778485,2.753714290095476,2.556097
27,30,600,1.0,0.05778983950580896,0.5761250456371165,1.0848556
27,30,600,1.0,-0.8638518520505596,-0.9690414955542237,-0.53525937
27,30,600,1.0,0.3849442387400397,3.288149647835785,1.6599464
27,30,600,1.0,-0.3628620950973527,0.4382043822578813,0.34540933
27,30,600,1.0,0.0731584222174444,-0.8578988710640263,1.1118712
27,30,600,1.0,0.3439142811916447,0.5402176175401541,1.5878215
27,30,600,1.0,0.5548151236975063,1.2106880909294766,1.9585552
27,30,600,1.0,-0.7625445620915119,-0.6349719034923376,-0.3571756
27,30,600,1.0,0.03461703440457753,-0.3526858028312818,1.044121
27,30,600,1.0,0.793093191702126,1.035757038320771,2.3774142
27,30,600,1.0,0.6978871106258364,1.2555779203167112,2.2100554
27,30,600,1.0,-0.8720894677580378,0.06849510659296687,-0.54973996
27,30,600,1.0,-0.5576781693078323,0.5840241449721525,0.0029503703
27,30,600,1.0,-0.13116674888375845,-0.2079492933238083,0.75269675
27,30,600,1.0,-0.5243855149219223,-0.0036370144118343523,0.061474144
27,30,600,1.0,-0.39994216104814084,1.2654311700017131,0.28022784
27,30,600,1.0,0.3929262893050012,3.219205081491994,1.6739776
27,30,600,1.0,-0.3445591968857622,1.3079995870202352,0.3775832
27,30,600,1.0,-0.6295353495276321,-0.23366549067024822,-0.12336433
27,30,600,1.0,-0.25829440156422256,1.8945832607611666,0.5292244
27,30,600,1.0,0.42848259909822284,1.9721130713365378,1.7364807
27,30,600,1.0,0.1041565533839417,1.7372567251844657,1.1663616
27,30,600,1.0,-0.17028626133287195,0.25539518348331897,0.68393016
28,30,1000,0.05,-0.43460069810892676,0.10391943535424338,0.13625777
28,30,1000,0.05,0.04875962215443996,1.0680376422113285,1.0976284
28,30,1000,0.05,-0.9063872905756225,-0.8078412084604553,-0.8020935
28,30,1000,0.05,-0.1525872930890544,0.7091260401707972,0.69716316
28,30,1000,0.05,-0.14240855500352434,0.7275129993060181,0.71740794
28,30,1000,0.05,-0.7790457780165105,-0.5309610168580813,-0.5488199
28,30,1000,0.05,0.5291239487154171,2.0659813391131507,2.0530403
28,30,1000,0.05,0.36102896228565173,1.7491083355692938,1.7187108
28,30,1000,0.05,-0.28200944332073585,0.4136393006753972,0.43975133
28,30,1000,0.05,0.1486504976991576,1.3156782401994287,1.2963045
28,30,1000,0.05,0.24333087290651556,1.5485620926109531,1.4846174
28,30,1000,0.05,-0.43438607484718084,0.17985463976276517,0.13668466
28,30,1000,0.05,-0.765359039230378,-0.5989762223220143,-0.521598
28,30,1000,0.05,0.012624448046777204,1.0205292707729952,1.025758
28,30,1000,0.05,-0.3394659286062016,0.27140007401644,0.32547432
28,30,1000,0.05,-0.16661648618257807,0.6951673955961648,0.66926
28,30,1000,0.05,-0.4139594309844066,0.19385844599596952,0.17731184
28,30,1000,0.05,0.5583588666036681,2.174794423385292,2.1111865
28,30,1000,0.05,-0.08299366586710999,0.9023834173887879,0.8355801
28,30,1000,0.05,0.45408852542265654,1.868172927041083,1.9038
28,30,1000,0.05,-0.3320702608063817,0.3671154112089231,0.3401838
28,30,1000,0.05,0.5873954067148413,2.1930832528255255,2.1689382
28,30,1000,0.05,-0.3445591968857622,0.31479216528308324,0.31534415
28,30,1000,0.05,0.8442229235343861,2.640813599428003,2.6797504
28,30,1000,0.05,0.9806778947934087,2.9410406330645644,2.9511502
28,30,1000,0.05,-0.1506290624969875,0.7433655693726016,0.7010579
28,30,1000,0.05,-0.4599840536156703,0.09546945486049006,0.08577198
28,30,1000,0.05,0.7476643566694363,2.542037700763859,2.4877021
28,30,1000,0.05,-0.5770904084351729,-0.15323471167623606,-0.14714444
28,30,1000,0.05,-0.32804491531948954,0.34268269817890196,0.34818995
28,30,1000,0.05,0.03767029766305208,1.1105461464331832,1.0755725
28,30,1000,0.05,-0.1371631291320521,0.8168099217422938,0.7278408
28,30,1000,0.05,0.4428133359199049,1.8852161777263292,1.8813744
28,30,1000,0.05,0.011732767650616704,1.0414279931269061,1.0239846
28,30,1000,0.05,0.3992441085010334,1.8093471986339809,1.794718
28,30,1000,0.05,-0.8839416793522488,-0.7926884754036256,-0.7574507
28,30,1000,0.05,0.2695726458673895,1.5717343548198097,1.5368104
28,30,1000,0.05,0.3929262893050012,1.7398700441068693,1.7821524
28,30,1000,0.05,-0.3036161145069598,0.351691045135104,0.39677715
28,30,1000,0.05,-0.5111488159967945,-0.005949502223366158,-0.015991211
28,30,1000,0.05,-0.4329623068356667,0.2415541130720309,0.13951641
28,30,1000,0.05,0.1730258696201663,1.3471048403074357,1.3447855
28,30,1000,0.05,-0.8409558348264885,-0.7249247922508529,-0.6719549
28,30,1000,0.05,0.9996171562339307,2.950078403280576,2.9888191
28,30,1000,0.05,0.9216693161260003,2.8624094449624593,2.833786
28,30,1000,0.05,0.5984051747047834,2.252558465556937,2.190836
28,30,1000,0.05,0.10929011724051918,1.138343307987989,1.2180195
28,30,1000,0.05,-0.34402399818384066,0.3305425577071934,0.31640863
28,30,1000,0.05,-0.17028626133287195,0.5987074081862932,0.6619611
28,30,1000,0.05,-0.9013021064231206,-0.8436817041263978,-0.79197943
28,30,1000,0.05,0.8395656215563168,2.6046179737172688,2.6704874
28,30,1000,0.05,0.46348837086578554,2.0238123648516986,1.9224956
28,30,1000,0.05,-0.7994121154690044,-0.653067033911081,-0.5893272
28,30,1000,0.05,-0.10721116903359418,0.8140006078790255,0.7874132
28,30,1000,0.05,0.5610583525729109,2.1200466645679237,2.1165557
28,30,1000,0.05,-0.47088877579074606,0.06195176874568555,0.06408328
28,30,1000,0.05,0.3183529437000565,1.7103941281570332,1.633831
28,30,1000,0.05,0.5834500761653292,2.1639708247739655,2.1610913
28,30,1000,0.05,0.7453013108947906,2.526821047033079,2.4830022
28,30,1000,0.05,-0.024647352923584886,0.9329077195004899,0.95162696
28,30,1000,0.05,-0.8043110310119319,-0.5974989038234335,-0.5990708
28,30,1000,0.05,-0.5822464878103306,-0.1650502562127533,-0.15739965
28,30,1000,0.05,0.20078447419527912,1.427210771270196,1.3999954
28,30,1000,0.05,0.7933425860806842,2.571346883360018,2.5785532
28,30,1000,0.05,0.214498748023082,1.4675393440664108,1.4272722
28,30,1000,0.05,0.06983370985416792,1.0710152921607912,1.1395433
28,30,1000,0.05,-0.7653688716336122,-0.5862116209490317,-0.52161753
28,30,1000,0.05,-0.7043973318692192,-0.3866523580511014,-0.40034926
28,30,1000,0.05,0.9529189300267915,2.8634218339133213,2.8959394
28,30,1000,0.05,0.17747921994057636,1.3386425167732368,1.353643
28,30,1000,0.05,0.14450381158174674,1.2450981060229898,1.2880571
28,30,1000,0.05,-0.18653330832850346,0.6045101330327901,0.6296469
28,30,1000,0.05,0.479767835658202,1.938922083586177,1.9548743
28,30,1000,0.05,0.9414628855412657,2.8927848238424,2.8731542
28,30,1000,0.05,0.644235466388491,2.273431738953181,2.281989
28,30,1000,0.05,0.2789450327974472,1.56736504747229,1.5554514
28,30,1000,0.05,-0.5168859199201632,-0.17388197975991204,-0.027401924
28,30,1000,0.05,0.3636405982069668,1.747541400430078,1.7239051
28,30,1000,0.05,0.8154659149700789,2.6214900909292687,2.6225548
28,30,1000,0.05,-0.8931456364263495,-0.8579280473494043,-0.7757567
28,30,1000,0.05,-0.18992877340610015,0.6559393978596493,0.6228935
28,30,1000,0.05,0.6419864596958702,2.2855030106086662,2.2775161
28,30,1000,0.05,0.8986376448313629,2.8123747501806036,2.7879777
28,30,1000,0.05,-0.8057974484138775,-0.6150769757501017,-0.6020272
28,30,1000,0.05,0.7211023476575875,2.422142959819616,2.4348722
28,30,1000,0.05,0.01961439324316827,1.000110438141232,1.0396606
28,30,1000,0.05,-0.542706898034109,-0.07575311840653315,-0.07875812
28,30,1000,0.05,-0.6932622442813086,-0.3615881406470205,-0.37820232
28,30,1000,0.05,0.04152287448372105,1.0784401432328443,1.083235
28,30,1000,0.05,0.3912508912777144,1.7458361421762456,1.77882
28,30,1000,0.05,0.9037489536654724,2.8685671553039045,2.7981439
28,30,1000,0.05,0.9840224868289482,2.996194459587203,2.9578023
28,30,1000,0.05,-0.9395294839880348,-0.8740987248494945,-0.8680111
28,30,1000,0.05,0.17663422710721144,1.3063744426568502,1.3519622
28,30,1000,0.05,-0.8492818618333193,-0.6691524772107418,-0.6885147
28,30,1000,0.05,0.10937561732283796,1.297992261013127,1.2181895
28,30,1000,0.05,0.7613562460941592,2.4434888140307716,2.5149345
28,30,1000,0.05,0.15189299111235854,1.2521538271301107,1.3027537
28,30,1000,0.05,-0.7236340973027724,-0.47276035671246874,-0.43860996
28,30,1000,0.05,-0.5692035913135236,-0.1263469844160996,-0.13145828
28,30,1000,0.05,-0.13403158743763854,0.6717500655147339,0.73406917
28,30,1000,0.05,-0.9292751284890182,-0.8396547518911126,-0.84761596
28,30,1000,0.05,-0.4036252806738718,0.2349992188022982,0.19786578
28,30,1000,0.05,0.10438493984481312,1.1878960121953746,1.2082634
28,30,1000,0.05,0.917481846113186,2.878748476165347,2.8254576
28,30,1000,0.05,-0.23932963294485377,0.515320402177072,0.52463853
28,30,1000,0.05,0.38791282186909504,1.7595788958221652,1.7721809
28,30,1000,0.05,0.7788958176317331,2.5684424936349606,2.5498195
28,30,1000,0.05,0.45998112484811604,1.9043634443004214,1.9155198
28,30,1000,0.05,-0.31531524674968425,0.4789144071626235,0.3735084
28,30,1000,0.05,-0.8210109099341998,-0.5615957120709634,-0.6322857
28,30,1000,0.05,-0.8728924503276831,-0.717880806624433,-0.7354746
28,30,1000,0.05,-0.015277186618231742,1.0404083790590841,0.9702636
28,30,1000,0.05,-0.6339334158401577,-0.2422209893389266,-0.26020145
28,30,1000,0.05,0.04649610693339934,1.0755941210707565,1.0931264
28,30,1000,0.05,-0.5078736300180711,-0.11634127599837758,-0.0094771385
28,30,1000,0.05,0.8684279958495875,2.6894815619538313,2.7278929
28,30,1000,0.05,-0.3916528852215069,0.24690106657912048,0.22167802
28,30,1000,0.05,-0.5805001006887298,-0.23332125457662606,-0.15392625
28,30,1000,0.05,0.02263796509291205,1.0557684040819768,1.0456742
28,30,1000,0.05,-0.10326164220400535,0.8636189525970015,0.79526854
28,30,1000,0.05,-0.019389306902525716,1.0174166514756706,0.96208483
28,30,1000,0.05,-0.08718086932186675,0.8329534836563187,0.8272521
28,30,1000,0.05,-0.5183424401691064,-0.08896110819168601,-0.03029883
28,30,1000,0.05,-0.07284915127037861,0.859537398930907,0.8557569
28,30,1000,0.05,0.773921562434835,2.536839335878652,2.539926
28,30,1000,0.05,-0.8470264619394292,-0.6696542897457082,-0.68402886
28,30,1000,0.05,-0.30296126101487353,0.41431225075096795,0.39807963
28,30,1000,0.05,-0.4861667126266618,0.03858642840317329,0.033696473
28,30,1000,0.05,-0.9200143961985661,-0.8422844575817988,-0.82919693
28,30,1000,0.05,0.9590538586709172,2.8887917160812777,2.9081416
28,30,1000,0.05,0.03127669330250349,1.0343374911208825,1.0628561
28,30,1000,0.05,0.5703058240462755,2.1474961393877186,2.1349483
28,30,1000,0.05,-0.8046472651045518,-0.6097773920357489,-0.59973955
28,30,1000,0.05,-0.18811535606343255,0.5956903503929739,0.62650025
28,30,1000,0.05,-0.6773809642300075,-0.35418698346651184,-0.34661567
28,30,1000,0.05,0.45050855963928105,1.9478370464561852,1.8966796
28,30,1000,0.05,0.5167573076722829,2.026286274497879,2.0284438
28,30,1000,0.05,0.27984204265504764,1.557179880595854,1.5572355
28,30,1000,0.05,0.9535221763806743,2.930566010003673,2.8971393
28,30,1000,0.05,0.33353343089133536,1.6404423658222174,1.6640241
28,30,1000,0.05,-0.6334403275718428,-0.18871041789223905,-0.2592206
28,30,1000,0.05,0.8544236147462358,2.7542321693918668,2.700039
28,30,1000,0.05,0.6978871106258364,2.3658130073786867,2.3886986
28,30,1000,0.05,0.13569200295501505,1.2881762419802958,1.2705309
28,30,1000,0.05,0.7269412983871715,2.458911657210791,2.4464855
28,30,1000,0.05,-0.2851506968105739,0.42919578278540144,0.43350357
28,30,1000,0.05,0.4337193623851874,1.8174222073226896,1.863287
28,30,1000,0.05,-0.14919654928989057,0.7479348164685737,0.70390713
28,30,1000,0.05,-0.7370344014177448,-0.5169227122690478,-0.46526217
28,30,1000,0.05,-0.20039661555094823,0.5886464697165276,0.60207367
28,30,1000,0.05,-0.18563340554800067,0.6309898896755992,0.6314367
28,30,1000,0.05,-0.41950391488014316,0.06866557115648003,0.1662842
28,30,1000,0.05,-0.42320300533701216,0.20547327267850737,0.15892702
28,30,1000,0.05,-0.5452751018449964,-0.11949611068715317,-0.083866
28,30,1000,0.05,-0.25140763335816785,0.4593600568396269,0.50061625
28,30,1000,0.05,-0.9771450827499379,-0.9073528217157604,-0.9428259
28,30,1000,0.05,-0.9617542051026204,-0.9430280449045163,-0.9122145
28,30,1000,0.05,-0.6820608327089606,-0.3476199096924055,-0.35592353
28,30,1000,0.05,0.5911807370864262,2.2319069328570946,2.176467
28,30,1000,0.05,0.9959245026573469,3.068146883358934,2.9814746
28,30,1000,0.05,-0.2465174660780265,0.5211535455631143,0.5103425
28,30,1000,0.05,-0.8054840104247187,-0.6981774086771353,-0.6014037
28,30,1000,0.05,-0.004446184349316429,1.0741380092960928,0.9918057
28,30,1000,0.05,0.92639459052076,2.8419719821267337,2.8431845
28,30,1000,0.05,0.4275337368200327,1.8310550218903192,1.8509843
28,30,1000,0.05,0.9458389780462606,2.896596851433295,2.8818579
28,30,1000,0.05,-0.7934036898297228,-0.6251426223862906,-0.57737684
28,30,1000,0.05,0.3440956147078289,1.6681263391589822,1.6850315
28,30,1000,0.05,0.5411614970055525,2.1126785776069075,2.076982
28,30,1000,0.05,0.807967909856474,2.6093074189802623,2.6076417
28,30,1000,0.05,-0.09635663466048072,0.8342914537052788,0.8090021
28,30,1000,0.05,-0.10574924276474529,0.7773776639583634,0.7903209
28,30,1000,0.05,0.5424509259318204,2.094110915098818,2.0795467
28,30,1000,0.05,-0.2343838816842918,0.583483405406551,0.5344753
28,30,1000,0.05,-0.08617715670846837,0.7277137128038946,0.82924837
28,30,1000,0.05,0.8074394794918669,2.665662223060839,2.6065907
28,30,1000,0.05,-0.4157049464149023,0.1289843561419379,0.17384017
28,30,1000,0.05,-0.18339418332051038,0.6757381675351511,0.63589036
28,30,1000,0.05,0.07384600216478088,1.1794632306572614,1.1475235
28,30,1000,0.05,0.1041565533839417,1.2148918051632869,1.2078091
28,30,1000,0.05,-0.20167770949045383,0.6371035958617505,0.5995257
28,30,1000,0.05,0.918333206070445,2.778108389068386,2.8271508
28,30,1000,0.05,0.0610744291255636,1.1301819177421157,1.1221217
28,30,1000,0.05,0.7645673438382148,2.6396999043384044,2.5213208
28,30,1000,0.05,0.30640163971426726,1.6223188573082314,1.6100607
28,30,1000,0.05,0.36278502120767575,1.7807989660939254,1.7222035
28,30,1000,0.05,-0.08279207646282827,0.8367691518072682,0.8359811
28,30,1000,0.05,-0.8622960710132521,-0.8092106639002097,-0.7143991
28,30,1000,0.05,0.015271094481529746,1.0424521985641615,1.0310221
28,30,1000,0.05,0.45554254642883607,1.869292289483591,1.9066918
28,30,1000,0.05,-0.6817075261155143,-0.3117655925050314,-0.3552208
28,30,1000,0.05,-0.05875819216385425,0.9373987927089171,0.8837828
28,30,1000,0.05,-0.13116674888375845,0.733926253098466,0.73976713
28,30,1000,0.05,-0.4733552465256987,0.034188234501083395,0.059177637
28,30,1000,0.05,0.2289294129537487,1.5489545808005176,1.4559739
28,30,1000,0.05,-0.8863038471335194,-0.7551992325049484,-0.76214886
28,30,1000,0.05,0.0731584222174444,1.2470198521808122,1.146156
28,30,1000,0.05,-0.733121136508792,-0.4661137138960084,-0.457479
28,30,1000,0.05,-0.40771960495571014,0.20488156477239006,0.18972242
29,30,1000,0.2,-0.43460069810892676,0.023281930070534085,0.14314383
29,30,1000,0.2,0.04875962215443996,0.979592835918674,1.0993607
29,30,1000,0.2,-0.9063872905756225,-0.7930410903880859,-0.7901771
29,30,1000,0.2,-0.1525872930890544,0.7520279192175148,0.7010423
29,30,1000,0.2,-0.14240855500352434,0.7645033272452182,0.72117865
29,30,1000,0.2,-0.7790457780165105,-0.4495693993332618,-0.5382613
29,30,1000,0.2,0.5291239487154171,2.0891816641601006,2.0496507
29,30,1000,0.2,0.36102896228565173,1.830259568563265,1.7171136
29,30,1000,0.2,-0.28200944332073585,0.346613862626004,0.44501042
29,30,1000,0.2,0.1486504976991576,1.370809974602769,1.2969718
29,30,1000,0.2,0.24333087290651556,1.7342631330047191,1.4842751
29,30,1000,0.2,-0.43438607484718084,0.3257350081341457,0.1435684
29,30,1000,0.2,-0.765359039230378,-0.8037506539057897,-0.5111853
29,30,1000,0.2,0.012624448046777204,1.0063703948113174,1.0278757
29,30,1000,0.2,-0.3394659286062016,0.12239586770296967,0.33134604
29,30,1000,0.2,-0.16661648618257807,0.7803684994801279,0.6732888
29,30,1000,0.2,-0.4139594309844066,0.2591903698903176,0.18397778
29,30,1000,0.2,0.5583588666036681,2.34902449391916,2.1074853
29,30,1000,0.2,-0.08299366586710999,1.1074956647578118,0.8387172
29,30,1000,0.2,0.45408852542265654,1.7481605556283928,1.9012105
29,30,1000,0.2,-0.3320702608063817,0.46088320967398266,0.34597665
29,30,1000,0.2,0.5873954067148413,2.247960571013054,2.1649275
29,30,1000,0.2,-0.3445591968857622,0.326523842446906,0.32127017
29,30,1000,0.2,0.8442229235343861,2.497916856505695,2.6730013
29,30,1000,0.2,0.9806778947934087,2.880095163497805,2.942946
29,30,1000,0.2,-0.1506290624969875,0.8772366524723311,0.70491624
29,30,1000,0.2,-0.4599840536156703,0.14178214113598203,0.09292871
29,30,1000,0.2,0.7476643566694363,2.682164663038818,2.4819825
29,30,1000,0.2,-0.5770904084351729,-0.15039639609390684,-0.13873911
29,30,1000,0.2,-0.32804491531948954,0.3390002846325451,0.3539399
29,30,1000,0.2,0.03767029766305208,1.2161627997544207,1.0774231
29,30,1000,0.2,-0.1371631291320521,1.0902184617614878,0.73155546
29,30,1000,0.2,0.4428133359199049,1.883984695385887,1.878905
29,30,1000,0.2,0.011732767650616704,1.0953153666039246,1.0261116
29,30,1000,0.2,0.3992441085010334,1.841924143529723,1.7927134
29,30,1000,0.2,-0.8839416793522488,-0.86710382550101,-0.74577355
29,30,1000,0.2,0.2695726458673895,1.6695015440749021,1.5361884
29,30,1000,0.2,0.3929262893050012,1.60192244059747,1.780215
29,30,1000,0.2,-0.3036161145069598,0.22846086758217488,0.40226662
29,30,1000,0.2,-0.5111488159967945,0.043094887087302455,-0.0082889795
29,30,1000,0.2,-0.4329623068356667,0.5639902933021239,0.14638501
29,30,1000,0.2,0.1730258696201663,1.3502641435087452,1.3451929
29,30,1000,0.2,-0.8409558348264885,-0.8539641600444807,-0.6607361
29,30,1000,0.2,0.9996171562339307,2.8026106757187197,2.980413
29,30,1000,0.2,0.9216693161260003,2.9196218830938347,2.8262112
29,30,1000,0.2,0.5984051747047834,2.419802813999047,2.1867077
29,30,1000,0.2,0.10929011724051918,0.8976325285088409,1.2191063
29,30,1000,0.2,-0.34402399818384066,0.38631421993181736,0.32232893
29,30,1000,0.2,-0.17028626133287195,0.41654720074240426,0.666029
29,30,1000,0.2,-0.9013021064231206,-0.9669141779668677,-0.7801173
29,30,1000,0.2,0.8395656215563168,2.3810781655311737,2.663788
29,30,1000,0.2,0.46348837086578554,2.3143192342120815,1.9198059
29,30,1000,0.2,-0.7994121154690044,-0.8157954428302978,-0.5785514
29,30,1000,0.2,-0.10721116903359418,0.8992694457176671,0.7908085
29,30,1000,0.2,0.5610583525729109,2.1138365428342283,2.1128256
29,30,1000,0.2,-0.47088877579074606,0.07313972972721858,0.0713563
29,30,1000,0.2,0.3183529437000565,1.931458850427794,1.632689
29,30,1000,0.2,0.5834500761653292,2.155182842103886,2.1571226
29,30,1000,0.2,0.7453013108947906,2.635476322763574,2.4773078
29,30,1000,0.2,-0.024647352923584886,0.8795149955434689,0.954142
29,30,1000,0.2,-0.8043110310119319,-0.5641294292221425,-0.58824277
29,30,1000,0.2,-0.5822464878103306,-0.16672209798902948,-0.14893925
29,30,1000,0.2,0.20078447419527912,1.5041362399091096,1.4001069
29,30,1000,0.2,0.7933425860806842,2.5253320169559674,2.5723464
29,30,1000,0.2,0.214498748023082,1.5831648881271514,1.4272374
29,30,1000,0.2,0.06983370985416792,0.8650589095181568,1.1410509
29,30,1000,0.2,-0.7653688716336122,-0.7526332539944535,-0.5112047
29,30,1000,0.2,-0.7043973318692192,-0.3202254409890905,-0.3905865
29,30,1000,0.2,0.9529189300267915,2.7361737554925365,2.8880315
29,30,1000,0.2,0.17747921994057636,1.289694747449489,1.3540027
29,30,1000,0.2,0.14450381158174674,1.1133695546014788,1.2887685
29,30,1000,0.2,-0.18653330832850346,0.5372403821021812,0.633888
29,30,1000,0.2,0.479767835658202,1.8770813203954955,1.9520111
29,30,1000,0.2,0.9414628855412657,2.9223619821220046,2.8653684
29,30,1000,0.2,0.644235466388491,2.2283141574817766,2.2773724
29,30,1000,0.2,0.2789450327974472,1.595789993104477,1.5547295
29,30,1000,0.2,-0.5168859199201632,-0.594212399518669,-0.019638538
29,30,1000,0.2,0.3636405982069668,1.8083220124785113,1.7222801
29,30,1000,0.2,0.8154659149700789,2.593164873896601,2.6161122
29,30,1000,0.2,-0.8931456364263495,-1.0728383708395206,-0.76398146
29,30,1000,0.2,-0.18992877340610015,0.763330231875198,0.6271708
29,30,1000,0.2,0.6419864596958702,2.290093284259444,2.2729232
29,30,1000,0.2,0.8986376448313629,2.8576731317342365,2.7806482
29,30,1000,0.2,-0.8057974484138775,-0.625523212517142,-0.5911833
29,30,1000,0.2,0.7211023476575875,2.3619577533329386,2.4294357
29,30,1000,0.2,0.01961439324316827,0.8827553931059186,1.0417036
29,30,1000,0.2,-0.542706898034109,-0.046771085421478675,-0.07071936
29,30,1000,0.2,-0.6932622442813086,-0.28677909690023073,-0.3685583
29,30,1000,0.2,0.04152287448372105,1.064623326029051,1.0850445
29,30,1000,0.2,0.3912508912777144,1.6358392210386956,1.7769008
29,30,1000,0.2,0.9037489536654724,3.051774899222784,2.79076
29,30,1000,0.2,0.9840224868289482,3.080642917375122,2.9495625
29,30,1000,0.2,-0.9395294839880348,-0.8592179954697692,-0.85574126
29,30,1000,0.2,0.17663422710721144,1.1656924079841327,1.3523312
29,30,1000,0.2,-0.8492818618333193,-0.5809187378430514,-0.6772071
29,30,1000,0.2,0.10937561732283796,1.5357153401154795,1.2192755
29,30,1000,0.2,0.7613562460941592,2.2058177795581315,2.5090687
29,30,1000,0.2,0.15189299111235854,1.097257361846291,1.3033863
29,30,1000,0.2,-0.7236340973027724,-0.5492368430332406,-0.42864215
29,30,1000,0.2,-0.5692035913135236,-0.0901663897832567,-0.123137
29,30,1000,0.2,-0.13403158743763854,0.491189786684767,0.7377505
29,30,1000,0.2,-0.9292751284890182,-0.7829682366303413,-0.8354554
29,30,1000,0.2,-0.4036252806738718,0.3617485592524238,0.20442158
29,30,1000,0.2,0.10438493984481312,1.1252744097126195,1.2094026
29,30,1000,0.2,0.917481846113186,3.0101028279822732,2.8179274
29,30,1000,0.2,-0.23932963294485377,0.4972594063774105,0.5294426
29,30,1000,0.2,0.38791282186909504,1.7108386520740901,1.770297
29,30,1000,0.2,0.7788958176317331,2.6003950687494437,2.5437667
29,30,1000,0.2,0.45998112484811604,1.8575670281129895,1.9128675
29,30,1000,0.2,-0.31531524674968425,0.8075491091485996,0.3791226
29,30,1000,0.2,-0.8210109099341998,-0.3203173886786548,-0.6212796
29,30,1000,0.2,-0.8728924503276831,-0.6341685245316331,-0.7239152
29,30,1000,0.2,-0.015277186618231742,1.2532966359457267,0.97267866
29,30,1000,0.2,-0.6339334158401577,-0.16528346231476015,-0.25118995
29,30,1000,0.2,0.04649610693339934,1.0233998426826294,1.094883
29,30,1000,0.2,-0.5078736300180711,-0.41812332388508394,-0.0018098354
29,30,1000,0.2,0.8684279958495875,2.547358272717799,2.7208855
29,30,1000,0.2,-0.3916528852215069,0.3375215776455231,0.2281062
29,30,1000,0.2,-0.5805001006887298,-0.45028441417412535,-0.14548457
29,30,1000,0.2,0.02263796509291205,1.0872458257704352,1.047685
29,30,1000,0.2,-0.10326164220400535,1.074045663612038,0.7986218
29,30,1000,0.2,-0.019389306902525716,1.1860024473178363,0.9645438
29,30,1000,0.2,-0.08718086932186675,0.8548991505564754,0.83043385
29,30,1000,0.2,-0.5183424401691064,-0.24578979175210589,-0.022519827
29,30,1000,0.2,-0.07284915127037861,0.8752445033458996,0.8587858
29,30,1000,0.2,0.773921562434835,2.503827968905599,2.5339265
29,30,1000,0.2,-0.8470264619394292,-0.5964583873462574,-0.67274547
29,30,1000,0.2,-0.30296126101487353,0.475016569093113,0.40356213
29,30,1000,0.2,-0.4861667126266618,0.07134598937266384,0.04113239
29,30,1000,0.2,-0.9200143961985661,-0.8490514531357991,-0.8171352
29,30,1000,0.2,0.9590538586709172,2.8008437122996077,2.900168
29,30,1000,0.2,0.03127669330250349,0.9496898046685092,1.0647748
29,30,1000,0.2,0.5703058240462755,2.1681496132732203,2.1311197
29,30,1000,0.2,-0.8046472651045518,-0.6112259775156852,-0.58890796
29,30,1000,0.2,-0.18811535606343255,0.5114535379524907,0.6307582
29,30,1000,0.2,-0.6773809642300075,-0.3524621484860025,-0.33714092
29,30,1000,0.2,0.45050855963928105,2.088296827989054,1.8941283
29,30,1000,0.2,0.5167573076722829,2.0046012519578187,2.025186
29,30,1000,0.2,0.27984204265504764,1.5496672664531308,1.556504
29,30,1000,0.2,0.9535221763806743,3.001130981730645,2.8892248
29,30,1000,0.2,0.33353343089133536,1.560568877940857,1.66272
29,30,1000,0.2,-0.6334403275718428,0.04580029386210038,-0.25021446
29,30,1000,0.2,0.8544236147462358,2.8903869890900515,2.693181
29,30,1000,0.2,0.6978871106258364,2.275929365759729,2.3835096
29,30,1000,0.2,0.13569200295501505,1.3385529501910927,1.2713364
29,30,1000,0.2,0.7269412983871715,2.4739988385201355,2.4409866
29,30,1000,0.2,-0.2851506968105739,0.4276873120050492,0.43879616
29,30,1000,0.2,0.4337193623851874,1.6673726549796337,1.8609148
29,30,1000,0.2,-0.14919654928989057,0.8869185616136381,0.7077501
29,30,1000,0.2,-0.7370344014177448,-0.6454844405697225,-0.45515144
29,30,1000,0.2,-0.20039661555094823,0.5569655721717995,0.6064626
29,30,1000,0.2,-0.18563340554800067,0.6377599919904007,0.63566816
29,30,1000,0.2,-0.41950391488014316,-0.20831422609322092,0.17300934
29,30,1000,0.2,-0.42320300533701216,0.36111112273610246,0.16569155
29,30,1000,0.2,-0.5452751018449964,-0.20633383167863434,-0.07579994
29,30,1000,0.2,-0.25140763335816785,0.3458860275075146,0.5055491
29,30,1000,0.2,-0.9771450827499379,-0.7665407903634138,-0.93015504
29,30,1000,0.2,-0.9617542051026204,-1.0015869490023426,-0.8997078
29,30,1000,0.2,-0.6820608327089606,-0.2981146425158588,-0.34639895
29,30,1000,0.2,0.5911807370864262,2.3805433089098216,2.1724157
29,30,1000,0.2,0.9959245026573469,3.2970405174916557,2.973108
29,30,1000,0.2,-0.2465174660780265,0.5637189787206162,0.51522315
29,30,1000,0.2,-0.8054840104247187,-0.9598055721602285,-0.5905632
29,30,1000,0.2,-0.004446184349316429,1.3232291432802699,0.99410534
29,30,1000,0.2,0.92639459052076,2.809520385382375,2.8355591
29,30,1000,0.2,0.4275337368200327,1.7590176666410804,1.848678
29,30,1000,0.2,0.9458389780462606,2.9113535374556165,2.8740253
29,30,1000,0.2,-0.7934036898297228,-0.7401483505668256,-0.56666505
29,30,1000,0.2,0.3440956147078289,1.6079316683889557,1.683615
29,30,1000,0.2,0.5411614970055525,2.203745328394314,2.0734644
29,30,1000,0.2,0.807967909856474,2.5894222167822045,2.6012793
29,30,1000,0.2,-0.09635663466048072,0.9153056227839997,0.8122817
29,30,1000,0.2,-0.10574924276474529,0.7440061124219254,0.7937006
29,30,1000,0.2,0.5424509259318204,2.12173810480435,2.076015
29,30,1000,0.2,-0.2343838816842918,0.7402369117319545,0.53922665
29,30,1000,0.2,-0.08617715670846837,0.4279177914663887,0.83241946
29,30,1000,0.2,0.8074394794918669,2.818012015292154,2.600234
29,30,1000,0.2,-0.4157049464149023,0.010167103057165394,0.18052477
29,30,1000,0.2,-0.18339418332051038,0.8033177700636669,0.640098
29,30,1000,0.2,0.07384600216478088,1.274776909640361,1.1489884
29,30,1000,0.2,0.1041565533839417,1.234627900349497,1.2089508
29,30,1000,0.2,-0.20167770949045383,0.7584806403897248,0.6039282
29,30,1000,0.2,0.918333206070445,2.602434319850874,2.8196115
29,30,1000,0.2,0.0610744291255636,1.1542810962150818,1.1237228
29,30,1000,0.2,0.7645673438382148,2.971395554324328,2.5154212
29,30,1000,0.2,0.30640163971426726,1.6508655909473224,1.609046
29,30,1000,0.2,0.36278502120767575,1.946485737129647,1.7205875
29,30,1000,0.2,-0.08279207646282827,0.8438290660060422,0.83911604
29,30,1000,0.2,-0.8622960710132521,-1.063066229521326,-0.70295274
29,30,1000,0.2,0.015271094481529746,1.0781822273674673,1.0331115
29,30,1000,0.2,0.45554254642883607,1.7439138793613478,1.9040868
29,30,1000,0.2,-0.6817075261155143,-0.15681721332703952,-0.34570003
29,30,1000,0.2,-0.05875819216385425,1.102144323818794,0.8866615
29,30,1000,0.2,-0.13116674888375845,0.7227055056964149,0.7434179
29,30,1000,0.2,-0.4733552465256987,-0.02311558284147415,0.06647694
29,30,1000,0.2,0.2289294129537487,1.8222418454795786,1.4557852
29,30,1000,0.2,-0.8863038471335194,-0.7029738472186771,-0.7504467
29,30,1000,0.2,0.0731584222174444,1.5491288754185824,1.1476282
29,30,1000,0.2,-0.733121136508792,-0.4657280365312819,-0.44741
29,30,1000,0.2,-0.40771960495571014,0.265843888823821,0.19632185
30,30,1000,0.5,-0.43460069810892676,-0.13799308049688447,0.16493165
30,30,1000,0.5,0.04875962215443996,0.8027032233333651,1.101639
30,30,1000,0.5,-0.9063872905756225,-0.7634408542433472,-0.74934685
30,30,1000,0.5,-0.1525872930890544,0.8378316773109502,0.7114474
30,30,1000,0.5,-0.14240855500352434,0.8384839831236185,0.7311729
30,30,1000,0.5,-0.7790457780165105,-0.2867861642836229,-0.50257087
30,30,1000,0.5,0.5291239487154171,2.1355823142540005,2.0325406
30,30,1000,0.5,0.36102896228565173,1.9925620345512072,1.7067881
30,30,1000,0.5,-0.28200944332073585,0.2125629865272177,0.4606393
30,30,1000,0.5,0.1486504976991576,1.4810734434094497,1.2952182
30,30,1000,0.5,0.24333087290651556,2.105665213792251,1.4787
30,30,1000,0.5,-0.43438607484718084,0.6174957448769067,0.16534758
30,30,1000,0.5,-0.765359039230378,-1.2132995170733403,-0.47604728
30,30,1000,0.5,0.012624448046777204,0.9780526428879619,1.0316124
30,30,1000,0.5,-0.3394659286062016,-0.17561254492397094,0.349294
30,30,1000,0.5,-0.16661648618257807,0.9507707072480539,0.68426013
30,30,1000,0.5,-0.4139594309844066,0.3898542176790136,0.20493251
30,30,1000,0.5,0.5583588666036681,2.697484634986895,2.089195
30,30,1000,0.5,-0.08299366586710999,1.5177201594958594,0.8463134
30,30,1000,0.5,0.45408852542265654,1.5081358128030125,1.8871288
30,30,1000,0.5,-0.3320702608063817,0.6484188066041017,0.36362612
30,30,1000,0.5,0.5873954067148413,2.357715207388112,2.1454654
30,30,1000,0.5,-0.3445591968857622,0.3499871967745517,0.33942372
30,30,1000,0.5,0.8442229235343861,2.2121233706610783,2.643173
30,30,1000,0.5,0.9806778947934087,2.7582042243642864,2.90761
30,30,1000,0.5,-0.1506290624969875,1.1449788186717902,0.71524227
30,30,1000,0.5,-0.4599840536156703,0.23440751368696597,0.115741074
30,30,1000,0.5,0.7476643566694363,2.962418587588735,2.4560513
30,30,1000,0.5,-0.5770904084351729,-0.14471976492924843,-0.111200094
30,30,1000,0.5,-0.32804491531948954,0.3316354575398314,0.37142682
30,30,1000,0.5,0.03767029766305208,1.4273961063968952,1.0801489
30,30,1000,0.5,-0.1371631291320521,1.6370355417998756,0.741338
30,30,1000,0.5,0.4428133359199049,1.8815217307050027,1.8652785
30,30,1000,0.5,0.011732767650616704,1.2030901135579617,1.0298845
30,30,1000,0.5,0.3992441085010334,1.907078033321207,1.7808454
30,30,1000,0.5,-0.8839416793522488,-1.0159345256957788,-0.7058494
30,30,1000,0.5,0.2695726458673895,1.865035922585087,1.5295541
30,30,1000,0.5,0.3929262893050012,1.3260272335786714,1.7686021
30,30,1000,0.5,-0.3036161145069598,-0.017999487523683355,0.41876763
30,30,1000,0.5,-0.5111488159967945,0.14118366570863966,0.01658851
30,30,1000,0.5,-0.4329623068356667,1.20886265376231,0.16810673
30,30,1000,0.5,0.1730258696201663,1.3565827499113645,1.3424555
30,30,1000,0.5,-0.8409558348264885,-1.1120428956317365,-0.6225469
30,30,1000,0.5,0.9996171562339307,2.5076752205950075,2.9443126
30,30,1000,0.5,0.9216693161260003,3.034046759356586,2.7932568
30,30,1000,0.5,0.5984051747047834,2.754291510883268,2.166801
30,30,1000,0.5,0.10929011724051918,0.4162109695505448,1.2189416
30,30,1000,0.5,-0.34402399818384066,0.49785754438106544,0.3404609
30,30,1000,0.5,-0.17028626133287195,0.05222678585462659,0.67714846
30,30,1000,0.5,-0.9013021064231206,-1.2133791256478075,-0.7394923
30,30,1000,0.5,0.8395656215563168,1.9339985491589844,2.6341476
30,30,1000,0.5,0.46348837086578554,2.895332972932847,1.9053448
30,30,1000,0.5,-0.7994121154690044,-1.1412522606687312,-0.54203904
30,30,1000,0.5,-0.10721116903359418,1.06980712139495,0.79938215
30,30,1000,0.5,0.5610583525729109,2.101416299366838,2.0944264
30,30,1000,0.5,-0.47088877579074606,0.09551565169028464,0.094608724
30,30,1000,0.5,0.3183529437000565,2.3735882949693154,1.6240859
30,30,1000,0.5,0.5834500761653292,2.1376068767637277,2.1378195
30,30,1000,0.5,0.7453013108947906,2.8527868742245635,2.4514723
30,30,1000,0.5,-0.024647352923584886,0.772729547629427,0.95938313
30,30,1000,0.5,-0.8043110310119319,-0.49739048001956043,-0.5515326
30,30,1000,0.5,-0.5822464878103306,-0.17006578154158186,-0.12119222
30,30,1000,0.5,0.20078447419527912,1.6579871771869366,1.396249
30,30,1000,0.5,0.7933425860806842,2.433302284147866,2.5445716
30,30,1000,0.5,0.214498748023082,1.8144159762486323,1.422826
30,30,1000,0.5,0.06983370985416792,0.45314614423288824,1.1424787
30,30,1000,0.5,-0.7653688716336122,-1.085476520085297,-0.47606635
30,30,1000,0.5,-0.7043973318692192,-0.18737160686506882,-0.35790908
30,30,1000,0.5,0.9529189300267915,2.481677598650967,2.8538158
30,30,1000,0.5,0.17747921994057636,1.1917992088019937,1.3510857
30,30,1000,0.5,0.14450381158174674,0.8499124517584569,1.2871823
30,30,1000,0.5,-0.18653330832850346,0.40270088024096345,0.64566326
30,30,1000,0.5,0.479767835658202,1.7533997940141326,1.936893
30,30,1000,0.5,0.9414628855412657,2.981516298681215,2.831615
30,30,1000,0.5,0.644235466388491,2.1380789945389687,2.255616
30,30,1000,0.5,0.2789450327974472,1.6526398843688512,1.547717
30,30,1000,0.5,-0.5168859199201632,-1.434873239036183,0.0054705143
30,30,1000,0.5,0.3636405982069668,1.9298832365753777,1.7118492
30,30,1000,0.5,0.8154659149700789,2.536514439831266,2.5874448
30,30,1000,0.5,-0.8931456364263495,-1.502659017819753,-0.72368586
30,30,1000,0.5,-0.18992877340610015,0.9781118999062955,0.63908315
30,30,1000,0.5,0.6419864596958702,2.2992738315609995,2.2512577
30,30,1000,0.5,0.8986376448313629,2.948269894841502,2.7486238
30,30,1000,0.5,-0.8057974484138775,-0.6464156860512227,-0.5544132
30,30,1000,0.5,0.7211023476575875,2.2415873403595836,2.4045768
30,30,1000,0.5,0.01961439324316827,0.6480453030352917,1.0451583
30,30,1000,0.5,-0.542706898034109,0.011192980548630257,-0.04456818
30,30,1000,0.5,-0.6932622442813086,-0.13716100940665113,-0.3363303
30,30,1000,0.5,0.04152287448372105,1.036989691621464,1.0876149
30,30,1000,0.5,0.3912508912777144,1.415845378763596,1.7653553
30,30,1000,0.5,0.9037489536654724,3.4181903870605437,2.758529
30,30,1000,0.5,0.9840224868289482,3.24953983295096,2.9140916
30,30,1000,0.5,-0.9395294839880348,-0.8294565367103184,-0.81357336
30,30,1000,0.5,0.17663422710721144,0.8843283386386971,1.3494482
30,30,1000,0.5,-0.8492818618333193,-0.4044512591076703,-0.6386819
30,30,1000,0.5,0.10937561732283796,2.0111614983201846,1.2191073
30,30,1000,0.5,0.7613562460941592,1.7304757106128505,2.482585
30,30,1000,0.5,0.15189299111235854,0.7874644312786523,1.301502
30,30,1000,0.5,-0.7236340973027724,-0.7021898156747843,-0.39518833
30,30,1000,0.5,-0.5692035913135236,-0.01780520051757095,-0.09591627
30,30,1000,0.5,-0.13403158743763854,0.1300692290248332,0.74740666
30,30,1000,0.5,-0.9292751284890182,-0.6695952061087989,-0.7937015
30,30,1000,0.5,-0.4036252806738718,0.615247240152675,0.22495914
30,30,1000,0.5,0.10438493984481312,1.0000312047471092,1.2094357
30,30,1000,0.5,0.917481846113186,3.2728115316161253,2.785142
30,30,1000,0.5,-0.23932963294485377,0.4611374147780876,0.5433488
30,30,1000,0.5,0.38791282186909504,1.6133581645779405,1.7588863
30,30,1000,0.5,0.7788958176317331,2.66430021897841,2.516575
30,30,1000,0.5,0.45998112484811604,1.7639741957381256,1.8985481
30,30,1000,0.5,-0.31531524674968425,1.4648185131205516,0.39609575
30,30,1000,0.5,-0.8210109099341998,0.1622392581059623,-0.58389544
30,30,1000,0.5,-0.8728924503276831,-0.4667439603460334,-0.68443704
30,30,1000,0.5,-0.015277186618231742,1.6790731497190121,0.9775417
30,30,1000,0.5,-0.6339334158401577,-0.01140840826642725,-0.22135663
30,30,1000,0.5,0.04649610693339934,0.9190112859063757,1.0972526
30,30,1000,0.5,-0.5078736300180711,-1.0216874196584966,0.02293545
30,30,1000,0.5,0.8684279958495875,2.2631116942457354,2.6900802
30,30,1000,0.5,-0.3916528852215069,0.5187625997783283,0.24816054
30,30,1000,0.5,-0.5805001006887298,-0.8842107333691239,-0.117807865
30,30,1000,0.5,0.02263796509291205,1.1502006691473516,1.0510178
30,30,1000,0.5,-0.10326164220400535,1.494899085642111,0.807036
30,30,1000,0.5,-0.019389306902525716,1.5231740390021682,0.9695728
30,30,1000,0.5,-0.08718086932186675,0.8987904843567887,0.838199
30,30,1000,0.5,-0.5183424401691064,-0.5594471588729456,0.002647996
30,30,1000,0.5,-0.07284915127037861,0.9066587121758849,0.8659725
30,30,1000,0.5,0.773921562434835,2.4378052349594923,2.5069356
30,30,1000,0.5,-0.8470264619394292,-0.4500665825473561,-0.6343112
30,30,1000,0.5,-0.30296126101487353,0.5964252057774031,0.42003667
30,30,1000,0.5,-0.4861667126266618,0.13686511131164497,0.06500149
30,30,1000,0.5,-0.9200143961985661,-0.8625854442437996,-0.7757549
30,30,1000,0.5,0.9590538586709172,2.624947704736268,2.8657048
30,30,1000,0.5,0.03127669330250349,0.7803944317637626,1.0677588
30,30,1000,0.5,0.5703058240462755,2.2094565610442247,2.1123471
30,30,1000,0.5,-0.8046472651045518,-0.6141231484755577,-0.5521842
30,30,1000,0.5,-0.18811535606343255,0.3429799130715245,0.6425973
30,30,1000,0.5,-0.6773809642300075,-0.3490124785249838,-0.30555403
30,30,1000,0.5,0.45050855963928105,2.369216391054792,1.8801912
30,30,1000,0.5,0.5167573076722829,1.9612312068776978,2.008575
30,30,1000,0.5,0.27984204265504764,1.5346420381676842,1.5494554
30,30,1000,0.5,0.9535221763806743,3.1422609251845897,2.8549848
30,30,1000,0.5,0.33353343089133536,1.4008219021781367,1.6535043
30,30,1000,0.5,-0.6334403275718428,0.5148217173707792,-0.22040105
30,30,1000,0.5,0.8544236147462358,3.162696628486421,2.662941
30,30,1000,0.5,0.6978871106258364,2.096162082521813,2.3595877
30,30,1000,0.5,0.13569200295501505,1.4393063666126866,1.270106
30,30,1000,0.5,0.7269412983871715,2.5041732011388245,2.4158921
30,30,1000,0.5,-0.2851506968105739,0.42467037044434486,0.45455188
30,30,1000,0.5,0.4337193623851874,1.367273550293522,1.8476553
30,30,1000,0.5,-0.14919654928989057,1.1648860519037672,0.7180184
30,30,1000,0.5,-0.7370344014177448,-0.9026078971710719,-0.42115676
30,30,1000,0.5,-0.20039661555094823,0.49360377708234354,0.6187974
30,30,1000,0.5,-0.18563340554800067,0.6513001966200038,0.6474072
30,30,1000,0.5,-0.41950391488014316,-0.7622738205926228,0.19418782
30,30,1000,0.5,-0.42320300533701216,0.6723868228512927,0.18701935
30,30,1000,0.5,-0.5452751018449964,-0.3800092736615967,-0.04954505
30,30,1000,0.5,-0.25140763335816785,0.11893796884329016,0.5199428
30,30,1000,0.5,-0.9771450827499379,-0.48491672765872085,-0.886469
30,30,1000,0.5,-0.9617542051026204,-1.118704757197995,-0.85664284
30,30,1000,0.5,-0.6820608327089606,-0.1991041081627653,-0.31462312
30,30,1000,0.5,0.5911807370864262,2.677816061015275,2.1528008
30,30,1000,0.5,0.9959245026573469,3.754827785757098,2.9371567
30,30,1000,0.5,-0.2465174660780265,0.6488498450356197,0.5294195
30,30,1000,0.5,-0.8054840104247187,-1.483061899126415,-0.5538057
30,30,1000,0.5,-0.004446184349316429,1.8214114112486242,0.99853116
30,30,1000,0.5,0.92639459052076,2.744617191893657,2.802414
30,30,1000,0.5,0.4275337368200327,1.6149429561426027,1.8356681
30,30,1000,0.5,0.9458389780462606,2.940866909500259,2.8400955
30,30,1000,0.5,-0.7934036898297228,-0.9701598069278956,-0.53039515
30,30,1000,0.5,0.3440956147078289,1.4875423268489028,1.6739728
30,30,1000,0.5,0.5411614970055525,2.385878829969128,2.0558681
30,30,1000,0.5,0.807967909856474,2.549651812386089,2.5729141
30,30,1000,0.5,-0.09635663466048072,1.0773339609414414,0.8204172
30,30,1000,0.5,-0.10574924276474529,0.6772630093490493,0.8022152
30,30,1000,0.5,0.5424509259318204,2.176992484215414,2.0583668
30,30,1000,0.5,-0.2343838816842918,1.0537439243827618,0.5529332
30,30,1000,0.5,-0.08617715670846837,-0.1716740512086231,0.8401441
30,30,1000,0.5,0.8074394794918669,3.1227115997547843,2.5718904
30,30,1000,0.5,-0.4157049464149023,-0.22746740311237962,0.20154989
30,30,1000,0.5,-0.18339418332051038,1.0584769751206984,0.6517465
30,30,1000,0.5,0.07384600216478088,1.4654042676065595,1.1502541
30,30,1000,0.5,0.1041565533839417,1.2741000907219178,1.2089932
30,30,1000,0.5,-0.20167770949045383,1.0012347294456738,0.61631477
30,30,1000,0.5,0.918333206070445,2.25108618141585,2.7867918
30,30,1000,0.5,0.0610744291255636,1.2024794531610137,1.125504
30,30,1000,0.5,0.7645673438382148,3.634786854296176,2.488808
30,30,1000,0.5,0.30640163971426726,1.7079590582255044,1.6009253
30,30,1000,0.5,0.36278502120767575,2.2778592792010897,1.710191
30,30,1000,0.5,-0.08279207646282827,0.8579488944035903,0.84670407
30,30,1000,0.5,-0.8622960710132521,-1.5707773607635585,-0.66390216
30,30,1000,0.5,0.015271094481529746,1.1496422849740788,1.0367414
30,30,1000,0.5,0.45554254642883607,1.4931570591168615,1.8899465
30,30,1000,0.5,-0.6817075261155143,0.15307954502894416,-0.31393838
30,30,1000,0.5,-0.05875819216385425,1.4316353860385478,0.8932795
30,30,1000,0.5,-0.13116674888375845,0.7002640108923126,0.7529584
30,30,1000,0.5,-0.4733552465256987,-0.13772321752658923,0.08982897
30,30,1000,0.5,0.2289294129537487,2.3688163748377002,1.4507914
30,30,1000,0.5,-0.8863038471335194,-0.5985230766461345,-0.71042705
30,30,1000,0.5,0.0731584222174444,2.153346921894123,1.1489216
30,30,1000,0.5,-0.733121136508792,-0.4649566818018289,-0.41357327
30,30,1000,0.5,-0.40771960495571014,0.38776853692668284,0.21702468
31,30,1000,1.0,-0.43460069810892676,-0.4067847647759154,0.18578082
31,30,1000,1.0,0.04875962215443996,0.5078872023578501,1.1077247
31,30,1000,1.0,-0.9063872905756225,-0.7141071273354493,-0.7140876
31,30,1000,1.0,-0.1525872930890544,0.9808379408000092,0.7236829
31,30,1000,1.0,-0.14240855500352434,0.9617850762542858,0.7430975
31,30,1000,1.0,-0.7790457780165105,-0.015480772534224752,-0.47120106
31,30,1000,1.0,0.5291239487154171,2.2129167310771662,2.023954
31,30,1000,1.0,0.36102896228565173,2.263066144531111,1.7033358
31,30,1000,1.0,-0.28200944332073585,-0.010855140304092903,0.47682786
31,30,1000,1.0,0.1486504976991576,1.6648458914205841,1.2982528
31,30,1000,1.0,0.24333087290651556,2.7246686817714707,1.4788427
31,30,1000,1.0,-0.43438607484718084,1.1037636394481751,0.18619025
31,30,1000,1.0,-0.765359039230378,-1.8958809556859246,-0.44509554
31,30,1000,1.0,0.012624448046777204,0.9308563896823694,1.0388018
31,30,1000,1.0,-0.3394659286062016,-0.6722932326355386,0.36723745
31,30,1000,1.0,-0.16661648618257807,1.234774386861264,0.69692415
31,30,1000,1.0,-0.4139594309844066,0.6076272973268404,0.22515124
31,30,1000,1.0,0.5583588666036681,3.2782515367664535,2.0797157
31,30,1000,1.0,-0.08299366586710999,2.2014276507259387,0.85642326
31,30,1000,1.0,0.45408852542265654,1.1080945747607118,1.8808342
31,30,1000,1.0,-0.3320702608063817,0.9609781348209668,0.38134366
31,30,1000,1.0,0.5873954067148413,2.5406396013465407,2.135099
31,30,1000,1.0,-0.3445591968857622,0.3890927873206278,0.35752273
31,30,1000,1.0,0.8442229235343861,1.7358008942533845,2.6249623
31,30,1000,1.0,0.9806778947934087,2.555052659141755,2.8852315
31,30,1000,1.0,-0.1506290624969875,1.5912157623375554,0.727418
31,30,1000,1.0,-0.4599840536156703,0.38878313460527253,0.13736558
31,30,1000,1.0,0.7476643566694363,3.4295084618385974,2.44079
31,30,1000,1.0,-0.5770904084351729,-0.13525871298815106,-0.08599877
31,30,1000,1.0,-0.32804491531948954,0.31936074571864187,0.38902146
31,30,1000,1.0,0.03767029766305208,1.7794516174676862,1.0865732
31,30,1000,1.0,-0.1371631291320521,2.548397341863855,0.7531024
31,30,1000,1.0,0.4428133359199049,1.8774167895701959,1.8593283
31,30,1000,1.0,0.011732767650616704,1.3827146918146898,1.037101
31,30,1000,1.0,0.3992441085010334,2.015667849640347,1.7762259
31,30,1000,1.0,-0.8839416793522488,-1.2639856926870598,-0.6712756
31,30,1000,1.0,0.2695726458673895,2.190926553435395,1.5288954
31,30,1000,1.0,0.3929262893050012,0.8662018885473406,1.7641755
31,30,1000,1.0,-0.3036161145069598,-0.4287667460334471,0.43561608
31,30,1000,1.0,-0.5111488159967945,0.30466496341086835,0.03977579
31,30,1000,1.0,-0.4329623068356667,2.2836499211959533,0.1889059
31,30,1000,1.0,0.1730258696201663,1.3671137605823962,1.3447456
31,30,1000,1.0,-0.8409558348264885,-1.5421741216104958,-0.5892861
31,30,1000,1.0,0.9996171562339307,2.0161161287221536,2.9213557
31,30,1000,1.0,0.9216693161260003,3.2247548864611715,2.7726808
31,30,1000,1.0,0.5984051747047834,3.3117726723569687,2.1560984
31,30,1000,1.0,0.10929011724051918,-0.3861582953799487,1.2231783
31,30,1000,1.0,-0.34402399818384066,0.6837630851298122,0.35854357
31,30,1000,1.0,-0.17028626133287195,-0.5549739056250029,0.68992454
31,30,1000,1.0,-0.9013021064231206,-1.6241540384493738,-0.70438826
31,30,1000,1.0,0.8395656215563168,1.1888658552053353,2.616079
31,30,1000,1.0,0.46348837086578554,3.863689204134123,1.8987632
31,30,1000,1.0,-0.7994121154690044,-1.6836802903994539,-0.5100471
31,30,1000,1.0,-0.10721116903359418,1.3540365808570884,0.8102317
31,30,1000,1.0,0.5610583525729109,2.0807158935878545,2.0848646
31,30,1000,1.0,-0.47088877579074606,0.1328088549620614,0.11656636
31,30,1000,1.0,0.3183529437000565,3.110470702538518,1.621937
31,30,1000,1.0,0.5834500761653292,2.1083136011967976,2.1275737
31,30,1000,1.0,0.7453013108947906,3.2149711266595453,2.4362826
31,30,1000,1.0,-0.024647352923584886,0.5947538011060238,0.9677109
31,30,1000,1.0,-0.8043110310119319,-0.38615889801525705,-0.51939106
31,30,1000,1.0,-0.5822464878103306,-0.1756385874625025,-0.0958333
31,30,1000,1.0,0.20078447419527912,1.9144054059833149,1.3976912
31,30,1000,1.0,0.7933425860806842,2.279919396134364,2.527915
31,30,1000,1.0,0.214498748023082,2.1998344564511005,1.4238493
31,30,1000,1.0,0.06983370985416792,-0.23337513124255937,1.1479206
31,30,1000,1.0,-0.7653688716336122,-1.6402152969033696,-0.44511425
31,30,1000,1.0,-0.7043973318692192,0.03405145000830068,-0.32881927
31,30,1000,1.0,0.9529189300267915,2.0575173372483504,2.832285
31,30,1000,1.0,0.17747921994057636,1.0286399777228346,1.3532398
31,30,1000,1.0,0.14450381158174674,0.41081728035342036,1.2903436
31,30,1000,1.0,-0.18653330832850346,0.17846837713893382,0.65893555
31,30,1000,1.0,0.479767835658202,1.5472639167118611,1.929814
31,30,1000,1.0,0.9414628855412657,3.0801068262798985,2.8104343
31,30,1000,1.0,0.644235466388491,1.987687056300955,2.2435136
31,30,1000,1.0,0.2789450327974472,1.7473897031428078,1.5467719
31,30,1000,1.0,-0.5168859199201632,-2.8359746382320394,0.028833032
31,30,1000,1.0,0.3636405982069668,2.132485276736822,1.7083172
31,30,1000,1.0,0.8154659149700789,2.442097049722374,2.5701122
31,30,1000,1.0,-0.8931456364263495,-2.219026762786807,-0.688831
31,30,1000,1.0,-0.18992877340610015,1.3360813466247914,0.65245914
31,30,1000,1.0,0.6419864596958702,2.314574743730258,2.239224
31,30,1000,1.0,0.8986376448313629,3.0992645000202788,2.728751
31,30,1000,1.0,-0.8057974484138775,-0.6812364752746904,-0.5222262
31,30,1000,1.0,0.7211023476575875,2.0409699854039927,2.3901267
31,30,1000,1.0,0.01961439324316827,0.2568618195842468,1.0521342
31,30,1000,1.0,-0.542706898034109,0.10779975716547849,-0.020416975
31,30,1000,1.0,-0.6932622442813086,0.11220246974931486,-0.3075806
31,30,1000,1.0,0.04152287448372105,0.9909336342754862,1.0939215
31,30,1000,1.0,0.3912508912777144,1.049188974971763,1.7609799
31,30,1000,1.0,0.9037489536654724,4.028882866790143,2.7385
31,30,1000,1.0,0.9840224868289482,3.5310346922440243,2.8916109
31,30,1000,1.0,-0.9395294839880348,-0.7798541054445672,-0.7773018
31,30,1000,1.0,0.17663422710721144,0.4153882230629712,1.3516281
31,30,1000,1.0,-0.8492818618333193,-0.11033879454870199,-0.6051668
31,30,1000,1.0,0.10937561732283796,2.803571761994694,1.2233415
31,30,1000,1.0,0.7613562460941592,0.9382389290373829,2.4669054
31,30,1000,1.0,0.15189299111235854,0.2711428803325875,1.3044375
31,30,1000,1.0,-0.7236340973027724,-0.9571114367440239,-0.36551094
31,30,1000,1.0,-0.5692035913135236,0.1027967815919053,-0.07095575
31,30,1000,1.0,-0.13403158743763854,-0.4717983670750565,0.7590754
31,30,1000,1.0,-0.9292751284890182,-0.4806401552395613,-0.7577431
31,30,1000,1.0,-0.4036252806738718,1.0377450416530936,0.24486226
31,30,1000,1.0,0.10438493984481312,0.7912925298045923,1.2138224
31,30,1000,1.0,0.917481846113186,3.7106593710058786,2.7646937
31,30,1000,1.0,-0.23932963294485377,0.40093409544588277,0.55823374
31,30,1000,1.0,0.38791282186909504,1.4508906854176908,1.754613
31,30,1000,1.0,0.7788958176317331,2.7708088026933537,2.5003595
31,30,1000,1.0,0.45998112484811604,1.6079861417800192,1.8920735
31,30,1000,1.0,-0.31531524674968425,2.5602675197404716,0.4133016
31,30,1000,1.0,-0.8210109099341998,0.9665003360803242,-0.5512438
31,30,1000,1.0,-0.8728924503276831,-0.18770302003670047,-0.6502007
31,30,1000,1.0,-0.015277186618231742,2.3887006726744877,0.9855832
31,30,1000,1.0,-0.6339334158401577,0.24505001514746094,-0.19441903
31,30,1000,1.0,0.04649610693339934,0.7450303579459528,1.1034074
31,30,1000,1.0,-0.5078736300180711,-2.027627579280851,0.046022713
31,30,1000,1.0,0.8684279958495875,1.7893673967922954,2.6711302
31,30,1000,1.0,-0.3916528852215069,0.8208309699996704,0.267698
31,30,1000,1.0,-0.5805001006887298,-1.6074212653607882,-0.092502356
31,30,1000,1.0,0.02263796509291205,1.2551254081088794,1.0579011
31,30,1000,1.0,-0.10326164220400535,2.1963214556922326,0.8177649
31,30,1000,1.0,-0.019389306902525716,2.0851266918093874,0.9777399
31,30,1000,1.0,-0.08718086932186675,0.9719427073573108,0.8484367
31,30,1000,1.0,-0.5183424401691064,-1.0822094374076785,0.026054978
31,30,1000,1.0,-0.07284915127037861,0.9590157268925271,0.87577254
31,30,1000,1.0,0.773921562434835,2.3277673450493146,2.490872
31,30,1000,1.0,-0.8470264619394292,-0.20608024121585383,-0.600865
31,30,1000,1.0,-0.30296126101487353,0.7987729335845533,0.43686515
31,30,1000,1.0,-0.4861667126266618,0.24606364787661347,0.08742577
31,30,1000,1.0,-0.9200143961985661,-0.8851420960904669,-0.7400794
31,30,1000,1.0,0.9590538586709172,2.331787692130702,2.8439865
31,30,1000,1.0,0.03127669330250349,0.498235476922518,1.0743784
31,30,1000,1.0,0.5703058240462755,2.2783014739958984,2.1025028
31,30,1000,1.0,-0.8046472651045518,-0.6189517667420119,-0.5200324
31,30,1000,1.0,-0.18811535606343255,0.06219053826991405,0.655918
31,30,1000,1.0,-0.6773809642300075,-0.3432630285899526,-0.2772894
31,30,1000,1.0,0.45050855963928105,2.8374156628310216,1.8740059
31,30,1000,1.0,0.5167573076722829,1.8889477984108298,2.0003662
31,30,1000,1.0,0.27984204265504764,1.509599991025273,1.5484829
31,30,1000,1.0,0.9535221763806743,3.3774774976078303,2.8334358
31,30,1000,1.0,0.33353343089133536,1.134576942573603,1.6508918
31,30,1000,1.0,-0.6334403275718428,1.296524089885244,-0.19347858
31,30,1000,1.0,0.8544236147462358,3.6165460274803705,2.6444187
31,30,1000,1.0,0.6978871106258364,1.7965499437919534,2.3458467
31,30,1000,1.0,0.13569200295501505,1.6072287273153432,1.2735363
31,30,1000,1.0,0.7269412983871715,2.554463805503306,2.4012637
31,30,1000,1.0,-0.2851506968105739,0.4196421345098376,0.47083634
31,30,1000,1.0,0.4337193623851874,0.8671083758166693,1.8419828
31,30,1000,1.0,-0.14919654928989057,1.6281652023873154,0.73015034
31,30,1000,1.0,-0.7370344014177448,-1.3311469915066543,-0.39107
31,30,1000,1.0,-0.20039661555094823,0.38800078526658355,0.63249314
31,30,1000,1.0,-0.18563340554800067,0.6738672043360089,0.660652
31,30,1000,1.0,-0.41950391488014316,-1.6855398114249593,0.21457589
31,30,1000,1.0,-0.42320300533701216,1.1911796563766097,0.20752043
31,30,1000,1.0,-0.5452751018449964,-0.6694683436332006,-0.025315404
31,30,1000,1.0,-0.25140763335816785,-0.259308795597084,0.53519666
31,30,1000,1.0,-0.9771450827499379,-0.015543289817565809,-0.8490484
31,30,1000,1.0,-0.9617542051026204,-1.313901104190749,-0.8196925
31,30,1000,1.0,-0.6820608327089606,-0.03408655090760948,-0.28621554
31,30,1000,1.0,0.5911807370864262,3.1732706478576977,2.1423187
31,30,1000,1.0,0.9959245026573469,4.517806566199502,2.9143124
31,30,1000,1.0,-0.2465174660780265,0.7907346222272925,0.54452395
31,30,1000,1.0,-0.8054840104247187,-2.3551557774033927,-0.5216284
31,30,1000,1.0,-0.004446184349316429,2.651715191195881,1.0062418
31,30,1000,1.0,0.92639459052076,2.636445202745794,2.7816935
31,30,1000,1.0,0.4275337368200327,1.37481843864514,1.8301846
31,30,1000,1.0,0.9458389780462606,2.990055862907997,2.818781
31,30,1000,1.0,-0.7934036898297228,-1.3535122341963457,-0.49858677
31,30,1000,1.0,0.3440956147078289,1.2868934242821477,1.6710377
31,30,1000,1.0,0.5411614970055525,2.689434665927151,2.046914
31,30,1000,1.0,0.807967909856474,2.4833678050592303,2.555811
31,30,1000,1.0,-0.09635663466048072,1.3473811912038445,0.83093524
31,30,1000,1.0,-0.10574924276474529,0.5660245042275891,0.8130201
31,30,1000,1.0,0.5424509259318204,2.269083116567187,2.0493734
31,30,1000,1.0,-0.2343838816842918,1.576255612134107,0.5676671
31,30,1000,1.0,-0.08617715670846837,-1.1709937890003095,0.8503512
31,30,1000,1.0,0.8074394794918669,3.6305442405258352,2.554803
31,30,1000,1.0,-0.4157049464149023,-0.6235249133949546,0.22182196
31,30,1000,1.0,-0.18339418332051038,1.4837423168824175,0.664923
31,30,1000,1.0,0.07384600216478088,1.7831165308835573,1.1555735
31,30,1000,1.0,0.1041565533839417,1.3398870746759521,1.2133868
31,30,1000,1.0,-0.20167770949045383,1.405824877872255,0.6300497
31,30,1000,1.0,0.918333206070445,1.6655059506908096,2.7663176
31,30,1000,1.0,0.0610744291255636,1.2828100480709,1.1312134
31,30,1000,1.0,0.7645673438382148,4.740439020915923,2.47303
31,30,1000,1.0,0.30640163971426726,1.8031148370224743,1.5991416
31,30,1000,1.0,0.36278502120767575,2.830148515986828,1.7066852
31,30,1000,1.0,-0.08279207646282827,0.8814819417328371,0.85680777
31,30,1000,1.0,-0.8622960710132521,-2.4169625795006127,-0.6299896
31,30,1000,1.0,0.015271094481529746,1.2687423809850982,1.0438498
31,30,1000,1.0,0.45554254642883607,1.0752290253760508,1.8836075
31,30,1000,1.0,-0.6817075261155143,0.669574142288917,-0.28554165
31,30,1000,1.0,-0.05875819216385425,1.9807871564048039,0.9026491
31,30,1000,1.0,-0.13116674888375845,0.662861519552142,0.7645397
31,30,1000,1.0,-0.4733552465256987,-0.328735942001781,0.111861885
31,30,1000,1.0,0.2289294129537487,3.2797739237679036,1.4513739
31,30,1000,1.0,-0.8863038471335194,-0.42443845902523014,-0.67578113
31,30,1000,1.0,0.0731584222174444,3.160376999353357,1.1542621
31,30,1000,1.0,-0.733121136508792,-0.4636710905860739,-0.38360608
31,30,1000,1.0,-0.40771960495571014,0.590976283764786,0.23705286
32,50,100,0.05,0.3849442387400397,1.774266039549339,1.5001456
32,50,100,0.05,-0.7959103785039439,-0.5902292290941702,-0.30986452
32,50,100,0.05,0.9529189300267915,2.9024257797873516,2.3707352
32,50,100,0.05,0.3412757392363188,1.675069751456254,1.4332106
32,50,100,0.05,0.33353343089133536,1.6323384687961024,1.4213433
32,50,100,0.05,0.3636405982069668,1.77339152999226,1.4674914
32,50,100,0.05,-0.07704127549413631,0.7823931990874406,0.7920157
32,50,100,0.05,-0.36403364121204795,0.24703109504128884,0.35211468
32,50,100,0.05,0.5834500761653292,2.146741304981999,1.8044146
32,50,100,0.05,0.0976270078546495,1.1369965236701312,1.0597466
32,50,100,0.05,0.556313501899701,2.118972608434583,1.7628198
32,50,100,0.05,-0.47088877579074606,0.15160039643983636,0.18832749
32,50,100,0.05,0.20969103949009193,1.378060152047233,1.231518
32,50,100,0.05,0.13686789773729702,1.3692390431295458,1.119895
32,50,100,0.05,-0.3628620950973527,0.3203187509943356,0.35391045
32,50,100,0.05,-0.15269040132219058,0.7690318070453989,0.6760609
32,50,100,0.05,-0.43438607484718084,0.18755964641096368,0.24427873
32,50,100,0.05,-0.7596068775736622,-0.5732103305654955,-0.2542187
32,50,100,0.05,0.13608912218786462,1.2825919932795722,1.1187012
32,50,100,0.05,0.5484673788684333,2.1422369906506358,1.7507933
33,50,100,0.2,0.3849442387400397,1.7873987257571176,1.6320214
33,50,100,0.2,-0.7959103785039439,-0.5854546453530175,-0.4126684
33,50,100,0.2,0.9529189300267915,2.892189538988657,2.615489
33,50,100,0.2,0.3412757392363188,1.6526245704071034,1.5564079
33,50,100,0.2,0.33353343089133536,1.5281532898363976,1.5430019
33,50,100,0.2,0.3636405982069668,1.911722530727239,1.5951335
33,50,100,0.2,-0.07704127549413631,0.5918204493145807,0.8320778
33,50,100,0.2,-0.36403364121204795,0.1723262274374431,0.33514076
33,50,100,0.2,0.5834500761653292,2.0862647629360223,1.9757411
33,50,100,0.2,0.0976270078546495,0.9622240475526277,1.1345218
33,50,100,0.2,0.556313501899701,2.138009422340126,1.9287531
33,50,100,0.2,-0.47088877579074606,0.43173424050382186,0.15011752
33,50,100,0.2,0.20969103949009193,1.254094371248381,1.3285645
33,50,100,0.2,0.13686789773729702,1.6557487860944007,1.2024689
33,50,100,0.2,-0.3628620950973527,0.45844757456145846,0.33716935
33,50,100,0.2,-0.15269040132219058,0.9922696361147387,0.7010888
33,50,100,0.2,-0.43438607484718084,0.3565550347269397,0.21332318
33,50,100,0.2,-0.7596068775736622,-0.735200056820009,-0.3498078
33,50,100,0.2,0.13608912218786462,1.3138332399911012,1.2011204
33,50,100,0.2,0.5484673788684333,2.2781436893919436,1.9151673
34,50,100,0.5,0.3849442387400397,1.8136640981726748,1.6808356
34,50,100,0.5,-0.7959103785039439,-0.5759054778707121,-0.32487
34,50,100,0.5,0.9529189300267915,2.8717170573912676,2.6455522
34,50,100,0.5,0.3412757392363188,1.6077342083088022,1.6066637
34,50,100,0.5,0.33353343089133536,1.319782931916988,1.5935133
34,50,100,0.5,0.3636405982069668,2.188384532197197,1.6446509
34,50,100,0.5,-0.07704127549413631,0.2106749497688606,0.8961438
34,50,100,0.5,-0.36403364121204795,0.022916492229751645,0.4086814
34,50,100,0.5,0.5834500761653292,1.9653116788440685,2.0180018
34,50,100,0.5,0.0976270078546495,0.6126790953176208,1.1928214
34,50,100,0.5,0.556313501899701,2.176083050151212,1.9719098
34,50,100,0.5,-0.47088877579074606,0.9920019286317928,0.22718579
34,50,100,0.5,0.20969103949009193,1.0061628096506767,1.3831644
34,50,100,0.5,0.13686789773729702,2.228768272024111,1.2594728
34,50,100,0.5,-0.3628620950973527,0.7347052216957042,0.4106713
34,50,100,0.5,-0.15269040132219058,1.4387452942534187,0.76765215
34,50,100,0.5,-0.43438607484718084,0.6945458113588918,0.28918636
34,50,100,0.5,-0.7596068775736622,-1.0591795093290362,-0.2632079
34,50,100,0.5,0.13608912218786462,1.3763157334141594,1.2581501
34,50,100,0.5,0.5484673788684333,2.549957086874559,1.958583
35,50,100,1.0,0.3849442387400397,1.8574397188652703,1.6181071
35,50,100,1.0,-0.7959103785039439,-0.5599901987335365,0.018147826
35,50,100,1.0,0.9529189300267915,2.8375962547289517,2.3876653
35,50,100,1.0,0.3412757392363188,1.5329169381449668,1.5589399
35,50,100,1.0,0.33353343089133536,0.9724990020513052,1.5484498
35,50,100,1.0,0.3636405982069668,2.6494878679804605,1.5892425
35,50,100,1.0,-0.07704127549413631,-0.4245675494740062,0.9921554
35,50,100,1.0,-0.36403364121204795,-0.2260997331164008,0.6033047
35,50,100,1.0,0.5834500761653292,1.7637232053574787,1.8870659
35,50,100,1.0,0.0976270078546495,0.03010417492594253,1.2288163
35,50,100,1.0,0.556313501899701,2.2395390965030217,1.8502982
35,50,100,1.0,-0.47088877579074606,1.9257814088450778,0.45852494
35,50,100,1.0,0.20969103949009193,0.5929435403211695,1.3806536
35,50,100,1.0,0.13686789773729702,3.1838007485736277,1.2819844
35,50,100,1.0,-0.3628620950973527,1.1951346335861137,0.604892
35,50,100,1.0,-0.15269040132219058,2.1828713911512185,0.88965714
35,50,100,1.0,-0.43438607484718084,1.2578637724121453,0.507983
35,50,100,1.0,-0.7596068775736622,-1.5991452635107477,0.06733596
35,50,100,1.0,0.13608912218786462,1.4804532224525895,1.2809292
35,50,100,1.0,0.5484673788684333,3.002979416012252,1.8396673
36,50,300,0.05,-0.6407926448807304,-0.26809007201442275,-0.2430647
36,50,300,0.05,-0.43653978849210184,0.181934639926815,0.15182936
36,50,300,0.05,-0.6750141306472504,-0.3603734451026993,-0.30922705
36,50,300,0.05,-0.2331169623484446,0.5728259803886104,0.5451187
36,50,300,0.05,-0.9486745638909369,-0.899879304829957,-0.8383108
36,50,300,0.05,0.3749765527756306,1.7731096220171916,1.7207816
36,50,300,0.05,-0.5451707440533535,-0.1950716416670143,-0.058193147
36,50,300,0.05,0.90549802303397,2.841312022285909,2.7464697
36,50,300,0.05,0.29178822613331223,1.5589104580985147,1.5599487
36,50,300,0.05,-0.5521506238792397,-0.16009609705649921,-0.07168776
36,50,300,0.05,-0.07284915127037861,0.8633686189201338,0.8549738
36,50,300,0.05,-0.4934167949204358,0.08998526287141834,0.041865766
36,50,300,0.05,0.17663422710721144,1.3970600922937895,1.3373146
36,50,300,0.05,0.3412757392363188,1.543921840651305,1.6556258
36,50,300,0.05,0.15445717720833518,1.2996616708662032,1.2944385
36,50,300,0.05,0.7453013108947906,2.4423720211028948,2.436752
36,50,300,0.05,0.2789450327974472,1.5666810132596958,1.5351181
36,50,300,0.05,-0.5662060312030521,-0.13214743009113622,-0.09886199
36,50,300,0.05,0.42848259909822284,1.8594399472789502,1.8242278
36,50,300,0.05,0.711606684785222,2.4120796145446866,2.3716083
36,50,300,0.05,-0.40771960495571014,0.21787994419017545,0.2075491
36,50,300,0.05,-0.4051260982897327,0.2727253432300283,0.21256334
36,50,300,0.05,-0.02388743870209087,1.0019448421615933,0.9496344
36,50,300,0.05,-0.28877452430008876,0.48840779521490124,0.43751264
36,50,300,0.05,-0.5024937129600839,0.03237199079006372,0.024316728
36,50,300,0.05,0.3952623918545297,1.7749804751241358,1.7600014
36,50,300,0.05,0.6978871106258364,2.31738583503625,2.3450835
36,50,300,0.05,-0.5513659420505215,-0.14838584500313276,-0.07017082
36,50,300,0.05,0.13820147722918663,1.2252776122765932,1.2630104
36,50,300,0.05,-0.4447425874105362,0.08537399014680072,0.13597041
36,50,300,0.05,0.665239691095876,2.3155898382216655,2.2819643
36,50,300,0.05,0.9510430100057716,2.930450533904177,2.8345246
36,50,300,0.05,0.13686789773729702,1.3042547644299542,1.2604321
36,50,300,0.05,-0.7634511482621336,-0.5008490527016292,-0.4802075
36,50,300,0.05,0.5167573076722829,1.97554358952457,1.9948945
36,50,300,0.05,0.38506318015553176,1.7561085855518381,1.7402825
36,50,300,0.05,0.7835460015641595,2.5878945054413904,2.5106928
36,50,300,0.05,-0.3628620950973527,0.2721672372407657,0.2942748
36,50,300,0.05,-0.5792348778523182,-0.06067414029210168,-0.12405139
36,50,300,0.05,0.20969103949009193,1.4378848733725598,1.4012253
36,50,300,0.05,0.4326544082371311,1.8599435526597035,1.8322935
36,50,300,0.05,-0.43438607484718084,0.12531964804920984,0.15599328
36,50,300,0.05,0.9636587796365064,2.8607069765432875,2.8589153
36,50,300,0.05,-0.6820608327089606,-0.41638433372526884,-0.32285088
36,50,300,0.05,-0.7596068775736622,-0.5532226653471669,-0.47277516
36,50,300,0.05,-0.7236340973027724,-0.3821758831272949,-0.4032269
36,50,300,0.05,-0.5850598491177812,-0.19599565036108255,-0.1353131
36,50,300,0.05,0.46171161354031565,2.0244754051548712,1.8884716
36,50,300,0.05,0.6928173449422557,2.408181412974807,2.3352818
36,50,300,0.05,-0.573376045265036,-0.2568241548051,-0.112724245
36,50,300,0.05,-0.6706116870041745,-0.30049738288395567,-0.3007155
36,50,300,0.05,0.6123879780921715,2.2387980414501576,2.1797829
36,50,300,0.05,0.17356869291633759,1.4677600698098625,1.3313879
36,50,300,0.05,-0.9216244154913587,-0.7603422970018079,-0.7860132
36,50,300,0.05,0.7243830348433666,2.4043175017819607,2.3963096
36,50,300,0.05,0.26089587373358225,1.5044192148422364,1.5002227
36,50,300,0.05,-0.9597849076250129,-0.9641155693998021,-0.8597911
36,50,300,0.05,-0.7364042751912157,-0.47588987048721365,-0.42791623
36,50,300,0.05,-0.6276139882393277,-0.1792282334403667,-0.2175855
36,50,300,0.05,0.27984204265504764,1.530894686819442,1.5368524
37,50,300,0.2,-0.6407926448807304,-0.22760441877330853,-0.16063517
37,50,300,0.2,-0.43653978849210184,0.34697729065987104,0.20339894
37,50,300,0.2,-0.6750141306472504,-0.39140899652729505,-0.22162718
37,50,300,0.2,-0.2331169623484446,0.6900056956451095,0.56595373
37,50,300,0.2,-0.9486745638909369,-0.9074698359742068,-0.7093645
37,50,300,0.2,0.3749765527756306,1.8425791714149826,1.6497416
37,50,300,0.2,-0.5451707440533535,-0.509262102347936,0.009789109
37,50,300,0.2,0.90549802303397,2.932259950939816,2.5952752
37,50,300,0.2,0.29178822613331223,1.4849124755941856,1.5014775
37,50,300,0.2,-0.5521506238792397,-0.3274806449505584,-0.0026509762
37,50,300,0.2,-0.07284915127037861,0.890569383302807,0.85159457
37,50,300,0.2,-0.4934167949204358,0.320441821008288,0.10202867
37,50,300,0.2,0.17663422710721144,1.528435006531889,1.2962418
37,50,300,0.2,0.3412757392363188,1.1280329271873075,1.5896777
37,50,300,0.2,0.15445717720833518,1.271903620214802,1.2567163
37,50,300,0.2,0.7453013108947906,2.2976802190428356,2.309761
37,50,300,0.2,0.2789450327974472,1.5930538562541,1.4785874
37,50,300,0.2,-0.5662060312030521,-0.13135353314623208,-0.027701557
37,50,300,0.2,0.42848259909822284,1.866864194526464,1.7451041
37,50,300,0.2,0.711606684785222,2.378678349467413,2.2497082
37,50,300,0.2,-0.40771960495571014,0.3178374064949626,0.25476438
37,50,300,0.2,-0.4051260982897327,0.5216579626585092,0.25938672
37,50,300,0.2,-0.02388743870209087,1.151104000858918,0.9388576
37,50,300,0.2,-0.28877452430008876,0.6862783266601375,0.46675682
37,50,300,0.2,-0.5024937129600839,0.1444502409207585,0.08585107
37,50,300,0.2,0.3952623918545297,1.7283475493693652,1.6858966
37,50,300,0.2,0.6978871106258364,2.0822206763899818,2.2252562
37,50,300,0.2,-0.5513659420505215,-0.2853477277094022,-0.001252532
37,50,300,0.2,0.13820147722918663,1.0719015857312526,1.2277441
37,50,300,0.2,-0.4447425874105362,0.009951485050419984,0.18877935
37,50,300,0.2,0.665239691095876,2.270921206311406,2.1670694
37,50,300,0.2,0.9510430100057716,3.0155440755820773,2.6764488
37,50,300,0.2,0.13686789773729702,1.3958116712960351,1.2253673
37,50,300,0.2,-0.7634511482621336,-0.4226893212337154,-0.37924594
37,50,300,0.2,0.5167573076722829,1.8016305120645832,1.9024336
37,50,300,0.2,0.38506318015553176,1.7140552612741617,1.6677189
37,50,300,0.2,0.7835460015641595,2.650302012380604,2.3779235
37,50,300,0.2,-0.3628620950973527,0.2658415195471789,0.33471268
37,50,300,0.2,-0.5792348778523182,0.23271270594550247,-0.050922573
37,50,300,0.2,0.20969103949009193,1.4933932565496877,1.355158
37,50,300,0.2,0.4326544082371311,1.8438477612160273,1.7525394
37,50,300,0.2,-0.43438607484718084,0.10759504127992438,0.20723748
37,50,300,0.2,0.9636587796365064,2.6608752283541124,2.6989334
37,50,300,0.2,-0.6820608327089606,-0.5731723386473121,-0.23418635
37,50,300,0.2,-0.7596068775736622,-0.6552493959466945,-0.3723945
37,50,300,0.2,-0.7236340973027724,-0.18689894869254509,-0.30828124
37,50,300,0.2,-0.5850598491177812,-0.273623506737643,-0.061304152
37,50,300,0.2,0.46171161354031565,2.327631939377591,1.8043272
37,50,300,0.2,0.6928173449422557,2.475821582245694,2.2162204
37,50,300,0.2,-0.573376045265036,-0.5870403476301838,-0.040480435
37,50,300,0.2,-0.6706116870041745,-0.17831940951077574,-0.21378082
37,50,300,0.2,0.6123879780921715,2.2808642972476023,2.0728734
37,50,300,0.2,0.17356869291633759,1.829628121741425,1.2907782
37,50,300,0.2,-0.9216244154913587,-0.5116226950590796,-0.66115373
37,50,300,0.2,0.7243830348433666,2.2709717980676434,2.272479
37,50,300,0.2,0.26089587373358225,1.4523016169674519,1.446419
37,50,300,0.2,-0.9597849076250129,-1.0977528318491314,-0.7291661
37,50,300,0.2,-0.7364042751912157,-0.4851338308015608,-0.33104116
37,50,300,0.2,-0.6276139882393277,0.04877099567449922,-0.13714713
37,50,300,0.2,0.27984204265504764,1.444526491347482,1.4801862
38,50,300,0.5,-0.6407926448807304,-0.14663311229108011,-0.25760603
38,50,300,0.5,-0.43653978849210184,0.6770625921259832,0.12141758
38,50,300,0.5,-0.6750141306472504,-0.4534800993764866,-0.3211094
38,50,300,0.5,-0.2331169623484446,0.9243651261581075,0.49890086
38,50,300,0.5,-0.9486745638909369,-0.9226508982627066,-0.82892966
38,50,300,0.5,0.3749765527756306,1.9815182702105647,1.6273148
38,50,300,0.5,-0.5451707440533535,-1.1376430237097794,-0.08016431
38,50,300,0.5,0.90549802303397,3.1141558082476304,2.6117816
38,50,300,0.5,0.29178822613331223,1.3369165105855274,1.4729457
38,50,300,0.5,-0.5521506238792397,-0.6622497407386767,-0.09311664
38,50,300,0.5,-0.07284915127037861,0.9449709120681534,0.7963032
38,50,300,0.5,-0.4934167949204358,0.7813549372820273,0.015873313
38,50,300,0.5,0.17663422710721144,1.7911848350080883,1.2592592
38,50,300,0.5,0.3412757392363188,0.29625510025931256,1.5647776
38,50,300,0.5,0.15445717720833518,1.2163875189119997,1.2181062
38,50,300,0.5,0.7453013108947906,2.008296614922717,2.314511
38,50,300,0.5,0.2789450327974472,1.6457995422429084,1.4491131
38,50,300,0.5,-0.5662060312030521,-0.12976573925642382,-0.11919868
38,50,300,0.5,0.42848259909822284,1.881712689021491,1.7266037
38,50,300,0.5,0.711606684785222,2.311875819312867,2.2519855
38,50,300,0.5,-0.40771960495571014,0.5177523311045369,0.17489797
38,50,300,0.5,-0.4051260982897327,1.0195232015154707,0.17971069
38,50,300,0.5,-0.02388743870209087,1.4494223182535677,0.88715947
38,50,300,0.5,-0.28877452430008876,1.0820193895506103,0.39561945
38,50,300,0.5,-0.5024937129600839,0.36860674118214803,-0.0009704232
38,50,300,0.5,0.3952623918545297,1.6350816978598235,1.6649585
38,50,300,0.5,0.6978871106258364,1.6118903590974458,2.2265267
38,50,300,0.5,-0.5513659420505215,-0.5592714931219411,-0.09166062
38,50,300,0.5,0.13820147722918663,0.7651495326405715,1.1879411
38,50,300,0.5,-0.4447425874105362,-0.1408935251423415,0.106195986
38,50,300,0.5,0.665239691095876,2.181583942490888,2.165944
38,50,300,0.5,0.9510430100057716,3.185731158937878,2.6962974
38,50,300,0.5,0.13686789773729702,1.5789254850281966,1.1854664
38,50,300,0.5,-0.7634511482621336,-0.26636985829788784,-0.4852183
38,50,300,0.5,0.5167573076722829,1.4538043571446093,1.8904115
38,50,300,0.5,0.38506318015553176,1.629948612718809,1.6460321
38,50,300,0.5,0.7835460015641595,2.7751170262590317,2.3854804
38,50,300,0.5,-0.3628620950973527,0.25319008416000516,0.25813824
38,50,300,0.5,-0.5792348778523182,0.8194863984207107,-0.14337575
38,50,300,0.5,0.20969103949009193,1.6044100229039433,1.3206013
38,50,300,0.5,0.4326544082371311,1.8116561783286749,1.7343452
38,50,300,0.5,-0.43438607484718084,0.07214582774135345,0.12541413
38,50,300,0.5,0.9636587796365064,2.261211731975762,2.719708
38,50,300,0.5,-0.6820608327089606,-0.8867483484913985,-0.3341856
38,50,300,0.5,-0.7596068775736622,-0.8593028571457495,-0.47808468
38,50,300,0.5,-0.7236340973027724,0.2036549201769544,-0.41133142
38,50,300,0.5,-0.5850598491177812,-0.428879219490764,-0.15418494
38,50,300,0.5,0.46171161354031565,2.93394500782303,1.7882655
38,50,300,0.5,0.6928173449422557,2.6111019207874686,2.2171187
38,50,300,0.5,-0.573376045265036,-1.247472733280351,-0.13250387
38,50,300,0.5,-0.6706116870041745,0.06603653723558411,-0.31293988
38,50,300,0.5,0.6123879780921715,2.364996808842491,2.0678692
38,50,300,0.5,0.17356869291633759,2.5533642256045495,1.2535706
38,50,300,0.5,-0.9216244154913587,-0.014183491173623275,-0.77873385
38,50,300,0.5,0.7243830348433666,2.0042803906390083,2.275694
38,50,300,0.5,0.26089587373358225,1.3480664212178828,1.4156201
38,50,300,0.5,-0.9597849076250129,-1.3650273567477897,-0.8495467
38,50,300,0.5,-0.7364042751912157,-0.503621751430255,-0.43502855
38,50,300,0.5,-0.6276139882393277,0.504769453904231,-0.23315084
38,50,300,0.5,0.27984204265504764,1.271790100403562,1.4507776
39,50,300,1.0,-0.6407926448807304,-0.011680934820699429,-0.22098988
39,50,300,1.0,-0.43653978849210184,1.22720476123617,0.12493867
39,50,300,1.0,-0.6750141306472504,-0.5569319374584725,-0.27894837
39,50,300,1.0,-0.2331169623484446,1.3149641770131042,0.4694615
39,50,300,1.0,-0.9486745638909369,-0.9479526687435396,-0.74242765
39,50,300,1.0,0.3749765527756306,2.2130834348698682,1.4993463
39,50,300,1.0,-0.5451707440533535,-2.184944559312852,-0.059041798
39,50,300,1.0,0.90549802303397,3.417315570427321,2.397853
39,50,300,1.0,0.29178822613331223,1.0902565689044303,1.3584561
39,50,300,1.0,-0.5521506238792397,-1.220198233718874,-0.07086313
39,50,300,1.0,-0.07284915127037861,1.035640126677064,0.74089575
39,50,300,1.0,-0.4934167949204358,1.5495434644049262,0.02861017
39,50,300,1.0,0.17663422710721144,2.229101215801754,1.1634281
39,50,300,1.0,0.3412757392363188,-1.0900412779540125,1.4422697
39,50,300,1.0,0.15445717720833518,1.1238606834073288,1.1258683
39,50,300,1.0,0.7453013108947906,1.5259906080558527,2.126539
39,50,300,1.0,0.2789450327974472,1.7337090188909223,1.3367045
39,50,300,1.0,-0.5662060312030521,-0.1271194161067434,-0.09466785
39,50,300,1.0,0.42848259909822284,1.9064601798465364,1.5899657
39,50,300,1.0,0.711606684785222,2.2005382690552895,2.0694728
39,50,300,1.0,-0.40771960495571014,0.850943872120494,0.17374939
39,50,300,1.0,-0.4051260982897327,1.8492985996104068,0.17814183
39,50,300,1.0,-0.02388743870209087,1.9466195139113172,0.8238187
39,50,300,1.0,-0.28877452430008876,1.741587827701398,0.37519825
39,50,300,1.0,-0.5024937129600839,0.742200908284464,0.013237178
39,50,300,1.0,0.3952623918545297,1.4796386120105878,1.5337031
39,50,300,1.0,0.6978871106258364,0.8280064969432188,2.046237
39,50,300,1.0,-0.5513659420505215,-1.0158111021428393,-0.06953424
39,50,300,1.0,0.13820147722918663,0.25389611082276975,1.0983372
39,50,300,1.0,-0.4447425874105362,-0.3923018754636106,0.111046195
39,50,300,1.0,0.665239691095876,2.0326885027900237,1.9909444
39,50,300,1.0,0.9510430100057716,3.469376297864213,2.4749892
39,50,300,1.0,0.13686789773729702,1.8841151745817992,1.0960786
39,50,300,1.0,-0.7634511482621336,-0.005837420071508559,-0.42872792
39,50,300,1.0,0.5167573076722829,0.8740940989446528,1.7394704
39,50,300,1.0,0.38506318015553176,1.4897708651265544,1.5164293
39,50,300,1.0,0.7835460015641595,2.9831420493897447,2.1913114
39,50,300,1.0,-0.3628620950973527,0.23210435851471573,0.24972141
39,50,300,1.0,-0.5792348778523182,1.7974425525460578,-0.11673391
39,50,300,1.0,0.20969103949009193,1.7894379668277027,1.219414
39,50,300,1.0,0.4326544082371311,1.7580035401830876,1.5970312
39,50,300,1.0,-0.43438607484718084,0.013063805177068566,0.12858629
39,50,300,1.0,0.9636587796365064,1.595105904678511,2.4963555
39,50,300,1.0,-0.6820608327089606,-1.4093750315648759,-0.2908829
39,50,300,1.0,-0.7596068775736622,-1.1993919591441746,-0.4222172
39,50,300,1.0,-0.7236340973027724,0.8545780349594536,-0.36129254
39,50,300,1.0,-0.5850598491177812,-0.6876387407459656,-0.12659913
39,50,300,1.0,0.46171161354031565,3.9444667885654288,1.6462433
39,50,300,1.0,0.6928173449422557,2.8365691516904263,2.0376506
39,50,300,1.0,-0.573376045265036,-2.34819337603063,-0.106811166
39,50,300,1.0,-0.6706116870041745,0.47329644847951724,-0.2714923
39,50,300,1.0,0.6123879780921715,2.505217661500639,1.9014332
39,50,300,1.0,0.17356869291633759,3.7595910653764237,1.1582361
39,50,300,1.0,-0.9216244154913587,0.8148818486354708,-0.6966147
39,50,300,1.0,0.7243830348433666,1.5597947115912834,2.0911114
39,50,300,1.0,0.26089587373358225,1.1743410949686013,1.306136
39,50,300,1.0,-0.9597849076250129,-1.8104848982455537,-0.7612445
39,50,300,1.0,-0.7364042751912157,-0.5344349524780787,-0.38292056
39,50,300,1.0,-0.6276139882393277,1.2647668842871174,-0.19867009
39,50,300,1.0,0.27984204265504764,0.9838961154970292,1.3382238
40,50,600,0.05,-0.10574924276474529,0.8111906101022937,0.78934956
40,50,600,0.05,0.23696051902549575,1.3842095744765055,1.469101
40,50,600,0.05,0.844695963593266,2.6497861761582744,2.6745207
40,50,600,0.05,-0.7596068775736622,-0.5283259943368215,-0.5075516
40,50,600,0.05,0.24295680299952704,1.5542934679893898,1.4809945
40,50,600,0.05,-0.30553296413556086,0.350648962004974,0.39308637
40,50,600,0.05,0.5834500761653292,2.0660798209406703,2.1563497
40,50,600,0.05,-0.5245163479687225,0.024533401869671942,-0.041258633
40,50,600,0.05,-0.40771960495571014,0.17441594805024638,0.1904031
40,50,600,0.05,0.9188666816668503,2.832110064205723,2.8216352
40,50,600,0.05,-0.6773809642300075,-0.3459709807952136,-0.3444597
40,50,600,0.05,0.7634707237097056,2.5203887468423405,2.5134134
40,50,600,0.05,0.90549802303397,2.837346256490673,2.795119
40,50,600,0.05,-0.8778429258664253,-0.7540313641759127,-0.7420681
40,50,600,0.05,0.3800500403824547,1.7346079186579855,1.7529135
40,50,600,0.05,-0.5850598491177812,-0.19675483783454012,-0.16134423
40,50,600,0.05,-0.47088877579074606,0.0067256842530590485,0.06510955
40,50,600,0.05,0.3261564062002016,1.5550276582422051,1.6460176
40,50,600,0.05,0.8684279958495875,2.6759590661195176,2.7215922
40,50,600,0.05,0.04649610693339934,1.1469020790525106,1.0913223
40,50,600,0.05,0.20552675214328775,1.389094028196468,1.4067534
40,50,600,0.05,-0.8801114035008535,-0.790184020874693,-0.74656755
40,50,600,0.05,-0.7685935333458127,-0.5165435256693167,-0.52537626
40,50,600,0.05,-0.2756218821212213,0.38133558136975143,0.4524138
40,50,600,0.05,0.8080887858019155,2.684727021918387,2.6019118
40,50,600,0.05,0.8977220414410148,2.777538379108037,2.7796957
40,50,600,0.05,0.9535221763806743,2.9682878809710314,2.8903732
40,50,600,0.05,0.18174552249634646,1.3824528216694723,1.3595842
40,50,600,0.05,-0.5444809969242781,-0.07774938280027209,-0.080857694
40,50,600,0.05,-0.4258969601607405,0.07112670969492957,0.15434903
40,50,600,0.05,0.9959245026573469,3.0013239871920896,2.9744766
40,50,600,0.05,0.7327646518572584,2.4504168171917633,2.4525092
40,50,600,0.05,-0.8717050073024313,-0.7555110060983735,-0.72989386
40,50,600,0.05,0.16895213791153774,1.3146873912513009,1.3342091
40,50,600,0.05,-0.6276139882393277,-0.23936994516402094,-0.2457487
40,50,600,0.05,-0.7881876902355356,-0.6787415611239693,-0.5642405
40,50,600,0.05,-0.7290518715550995,-0.46908079452675977,-0.44694692
40,50,600,0.05,0.42105680544469126,1.8267753220880323,1.8342488
40,50,600,0.05,0.6573138291114755,2.280455669883517,2.3028555
40,50,600,0.05,0.8986376448313629,2.6850092072441556,2.7815118
40,50,600,0.05,0.7640828204597792,2.4947796266015883,2.5146277
40,50,600,0.05,-0.17067612001895283,0.669673142749953,0.66056967
40,50,600,0.05,0.7246370936718047,2.44988578652555,2.4363885
40,50,600,0.05,0.8395656215563168,2.6414460198036034,2.6643448
40,50,600,0.05,-0.7634511482621336,-0.48377249595784455,-0.5151766
40,50,600,0.05,0.15445717720833518,1.3606348487407462,1.3054589
40,50,600,0.05,0.7345788109249296,2.4002534484966556,2.4561074
40,50,600,0.05,-0.5024937129600839,-0.04143965885990266,0.0024223328
40,50,600,0.05,-0.7236340973027724,-0.49171676251031726,-0.43620104
40,50,600,0.05,-0.4503528602648068,0.051919849725042405,0.105841756
40,50,600,0.05,-0.2078805943854125,0.6908464817576971,0.586776
40,50,600,0.05,-0.7103044813132455,-0.35735507072205275,-0.4097622
40,50,600,0.05,-0.4599840536156703,0.07780212144586655,0.08673859
40,50,600,0.05,-0.8182285359351811,-0.6818220779466285,-0.6238254
40,50,600,0.05,0.7961247144274701,2.5475707087392307,2.5781813
40,50,600,0.05,-0.44480780453646784,0.07699875489853636,0.116840124
40,50,600,0.05,0.7933425860806842,2.605528998203913,2.572663
40,50,600,0.05,0.711606684785222,2.361903559981293,2.4105432
40,50,600,0.05,0.30640163971426726,1.6019667058997575,1.6068348
40,50,600,0.05,-0.019082382764865846,0.9843208394818679,0.9612499
40,50,600,0.05,-0.43438607484718084,0.11814557802009329,0.13751125
40,50,600,0.05,-0.3092966386061946,0.3355064842966585,0.38562125
40,50,600,0.05,-0.24014608819975902,0.5176377830225836,0.5227787
40,50,600,0.05,0.15428048804068362,1.298641031240365,1.3051084
40,50,600,0.05,0.01961439324316827,1.036762582978958,1.0380034
40,50,600,0.05,0.9529189300267915,2.7938576571204963,2.8891766
40,50,600,0.05,-0.7330770581301311,-0.4311020492020074,-0.45493072
40,50,600,0.05,0.8154659149700789,2.58822376689944,2.616544
40,50,600,0.05,-0.17147401097066006,0.5966232953720189,0.65898705
40,50,600,0.05,-0.1589210666398031,0.6792285391637007,0.68388534
40,50,600,0.05,-0.18551765717238533,0.6649638721623876,0.631132
40,50,600,0.05,-0.12482557747461498,0.7023236259691127,0.7515124
40,50,600,0.05,-0.6740911479067893,-0.358808448052094,-0.33793443
40,50,600,0.05,-0.5199594532405809,-0.03734015934266736,-0.032220185
40,50,600,0.05,-0.42320300533701216,0.11351914505625693,0.15969247
40,50,600,0.05,0.39054001180937203,1.7857896386342513,1.77372
40,50,600,0.05,-0.8409558348264885,-0.7278673418964742,-0.6689041
40,50,600,0.05,-0.4447425874105362,0.12041318967617601,0.116969466
40,50,600,0.05,0.773921562434835,2.552704086469816,2.5341423
40,50,600,0.05,-0.5078736300180711,0.03077316476941369,-0.008248508
40,50,600,0.05,0.9636587796365064,2.9278350250013276,2.9104786
40,50,600,0.05,0.9788195545688629,3.0044590363153487,2.9405496
40,50,600,0.05,-0.24350965015307646,0.4979415058700457,0.5161072
40,50,600,0.05,0.807967909856474,2.6165107647064514,2.601672
40,50,600,0.05,0.20969103949009193,1.4226248842973628,1.4150131
40,50,600,0.05,0.3636405982069668,1.723388458616891,1.720366
40,50,600,0.05,0.6960164586444688,2.4122710078909626,2.3796206
40,50,600,0.05,0.17663422710721144,1.4244176290402282,1.3494462
40,50,600,0.05,0.3992441085010334,1.8147316977918762,1.7909842
40,50,600,0.05,0.9806778947934087,2.934070190885928,2.9442356
40,50,600,0.05,-0.1506290624969875,0.75327936172775,0.70033216
40,50,600,0.05,0.3929648614029002,1.8129684020708199,1.7785296
40,50,600,0.05,-0.6820608327089606,-0.37525194946533713,-0.35374206
40,50,600,0.05,0.8131109984423579,2.6036568450295894,2.6118731
40,50,600,0.05,-0.4157049464149023,0.14096307349935894,0.17456454
40,50,600,0.05,-0.4139594309844066,0.11319968990705531,0.17802668
40,50,600,0.05,0.8947411809778485,2.787693958362686,2.7737834
40,50,600,0.05,0.05778983950580896,1.0886069473428928,1.1137229
40,50,600,0.05,-0.8638518520505596,-0.7397705936737744,-0.7143174
40,50,600,0.05,0.3849442387400397,1.8458015359978646,1.7626209
40,50,600,0.05,-0.3628620950973527,0.28247223842792396,0.27937627
40,50,600,0.05,0.0731584222174444,1.046106058659943,1.1442059
40,50,600,0.05,0.3439142811916447,1.6304480151411327,1.6812396
40,50,600,0.05,0.5548151236975063,2.064683139571736,2.0995533
40,50,600,0.05,-0.7625445620915119,-0.5305832631484895,-0.5133783
40,50,600,0.05,0.03461703440457753,0.9981380752271332,1.0677606
40,50,600,0.05,0.793093191702126,2.508664916150078,2.5721686
40,50,600,0.05,0.6978871106258364,2.3387644062049247,2.383331
40,50,600,0.05,-0.8720894677580378,-0.7035452334106234,-0.7306563
40,50,600,0.05,-0.5576781693078323,-0.08038731443627378,-0.10703379
40,50,600,0.05,-0.13116674888375845,0.6903857124546685,0.73893493
40,50,600,0.05,-0.5243855149219223,-0.046514329072244114,-0.040999115
40,50,600,0.05,-0.39994216104814084,0.25338145250861804,0.20582938
40,50,600,0.05,0.3929262893050012,1.8575202037541019,1.7784531
40,50,600,0.05,-0.3445591968857622,0.3607375052680636,0.31567937
40,50,600,0.05,-0.6295353495276321,-0.25780043863601343,-0.24955982
40,50,600,0.05,-0.25829440156422256,0.5539698000660355,0.4867822
40,50,600,0.05,0.42848259909822284,1.8627225918534502,1.8489776
40,50,600,0.05,0.1041565533839417,1.2347602876887125,1.2056895
40,50,600,0.05,-0.17028626133287195,0.6392258626417092,0.66134286
41,50,600,0.2,-0.10574924276474529,0.8792578969976462,0.78952605
41,50,600,0.2,0.23696051902549575,1.1150751837530473,1.4612836
41,50,600,0.2,0.844695963593266,2.530968923073502,2.6525273
41,50,600,0.2,-0.7596068775736622,-0.5556627119053129,-0.49212348
41,50,600,0.2,0.24295680299952704,1.7594330539603968,1.4730371
41,50,600,0.2,-0.30553296413556086,0.23579363283326102,0.39792287
41,50,600,0.2,0.5834500761653292,1.7636188267707062,2.14045
41,50,600,0.2,-0.5245163479687225,0.24523169529102268,-0.031314254
41,50,600,0.2,-0.40771960495571014,0.14398142193524632,0.1976232
41,50,600,0.2,0.9188666816668503,2.81524016682179,2.7979121
41,50,600,0.2,-0.6773809642300075,-0.31959813780080937,-0.33094954
41,50,600,0.2,0.7634707237097056,2.500730645111129,2.4933147
41,50,600,0.2,0.90549802303397,2.916396887758872,2.7717075
41,50,600,0.2,-0.8778429258664253,-0.7490679015050986,-0.7238821
41,50,600,0.2,0.3800500403824547,1.6581314323372136,1.7417583
41,50,600,0.2,-0.5850598491177812,-0.2766602566314733,-0.14998758
41,50,600,0.2,-0.47088877579074606,-0.14776460824328744,0.07380313
41,50,600,0.2,0.3261564062002016,1.2631721957676114,1.6361196
41,50,600,0.2,0.8684279958495875,2.493268289380545,2.6990454
41,50,600,0.2,0.04649610693339934,1.3086316746096462,1.0879476
41,50,600,0.2,0.20552675214328775,1.323215599926146,1.3996692
41,50,600,0.2,-0.8801114035008535,-0.8800676624936509,-0.7283287
41,50,600,0.2,-0.7685935333458127,-0.45461290260239046,-0.50973856
41,50,600,0.2,-0.2756218821212213,0.17907361820633338,0.45655262
41,50,600,0.2,0.8080887858019155,2.890375372862055,2.5807724
41,50,600,0.2,0.8977220414410148,2.7238212677860583,2.756466
41,50,600,0.2,0.9535221763806743,3.1520184656000803,2.8658416
41,50,600,0.2,0.18174552249634646,1.4393381516998103,1.3530548
41,50,600,0.2,-0.5444809969242781,-0.0441115496554198,-0.070447564
41,50,600,0.2,-0.4258969601607405,-0.1601114002558386,0.16199315
41,50,600,0.2,0.9959245026573469,3.0297489328242766,2.948956
41,50,600,0.2,0.7327646518572584,2.4050793576235026,2.433127
41,50,600,0.2,-0.8717050073024313,-0.7918139805789065,-0.711851
41,50,600,0.2,0.16895213791153774,1.2450367375359772,1.3279779
41,50,600,0.2,-0.6276139882393277,-0.1917958512201176,-0.23339951
41,50,600,0.2,-0.7881876902355356,-0.9858401030826636,-0.5481458
41,50,600,0.2,-0.7290518715550995,-0.5020119487764417,-0.43223155
41,50,600,0.2,0.42105680544469126,1.7807604556839816,1.8221372
41,50,600,0.2,0.6573138291114755,2.1779397048652145,2.285233
41,50,600,0.2,0.8986376448313629,2.348210959988445,2.7582603
41,50,600,0.2,0.7640828204597792,2.3946215836476785,2.494515
41,50,600,0.2,-0.17067612001895283,0.702749291113529,0.66226053
41,50,600,0.2,0.7246370936718047,2.451720584071373,2.4171958
41,50,600,0.2,0.8395656215563168,2.5283903498765135,2.6424713
41,50,600,0.2,-0.7634511482621336,-0.3543830942585769,-0.49965882
41,50,600,0.2,0.15445717720833518,1.515796331712974,1.2995659
41,50,600,0.2,0.7345788109249296,2.1935409284370437,2.4366827
41,50,600,0.2,-0.5024937129600839,-0.150796357679107,0.011853099
41,50,600,0.2,-0.7236340973027724,-0.6250624662246348,-0.42161202
41,50,600,0.2,-0.4503528602648068,-0.09020343951098952,0.11405629
41,50,600,0.2,-0.2078805943854125,1.0106694933432636,0.5893347
41,50,600,0.2,-0.7103044813132455,-0.16759339500873788,-0.3954841
41,50,600,0.2,-0.4599840536156703,0.07111280747748801,0.09517783
41,50,600,0.2,-0.8182285359351811,-0.8179170961754276,-0.6070299
41,50,600,0.2,0.7961247144274701,2.413534548392102,2.557321
41,50,600,0.2,-0.44480780453646784,-0.023158153187047475,0.124925375
41,50,600,0.2,0.7933425860806842,2.662060476331547,2.551868
41,50,600,0.2,0.711606684785222,2.17797413121384,2.3916545
41,50,600,0.2,0.30640163971426726,1.5694569853134268,1.5973976
41,50,600,0.2,-0.019082382764865846,1.0517776545166668,0.9594048
41,50,600,0.2,-0.43438607484718084,0.07889876116345818,0.14535332
41,50,600,0.2,-0.3092966386061946,0.1978057688238017,0.3905456
41,50,600,0.2,-0.24014608819975902,0.5114276612888885,0.52609
41,50,600,0.2,0.15428048804068362,1.268881196717358,1.2992195
41,50,600,0.2,0.01961439324316827,1.029363972456822,1.0352558
41,50,600,0.2,0.9529189300267915,2.4579170483212356,2.864659
41,50,600,0.2,-0.7330770581301311,-0.3259458480272428,-0.4401214
41,50,600,0.2,0.8154659149700789,2.460099577777287,2.5952325
41,50,600,0.2,-0.17147401097066006,0.4153372473120356,0.6606966
41,50,600,0.2,-0.1589210666398031,0.6704405564936217,0.6853021
41,50,600,0.2,-0.18551765717238533,0.7729614316838624,0.6331692
41,50,600,0.2,-0.12482557747461498,0.5582479687241404,0.75213385
41,50,600,0.2,-0.6740911479067893,-0.39068690476764034,-0.32450116
41,50,600,0.2,-0.5199594532405809,-0.029603917927184,-0.022382021
41,50,600,0.2,-0.42320300533701216,-0.0067053877528993056,0.1672737
41,50,600,0.2,0.39054001180937203,1.7999184836807733,1.7623203
41,50,600,0.2,-0.8409558348264885,-0.8657343586269658,-0.65157855
41,50,600,0.2,-0.4447425874105362,0.15010828316792113,0.12505317
41,50,600,0.2,0.773921562434835,2.5672869712702537,2.5138
41,50,600,0.2,-0.5078736300180711,0.17033443918608115,0.0013077259
41,50,600,0.2,0.9636587796365064,2.929387422186273,2.8857107
41,50,600,0.2,0.9788195545688629,3.1449188178482177,2.9154277
41,50,600,0.2,-0.24350965015307646,0.45282392439864166,0.519497
41,50,600,0.2,0.807967909856474,2.6182355996869604,2.5805354
41,50,600,0.2,0.20969103949009193,1.432353300248899,1.4078317
41,50,600,0.2,0.3636405982069668,1.7117102452257635,1.7095938
41,50,600,0.2,0.6960164586444688,2.472985279697037,2.3610954
41,50,600,0.2,0.17663422710721144,1.637865153517644,1.3430359
41,50,600,0.2,0.3992441085010334,1.863462140161304,1.7793814
41,50,600,0.2,0.9806778947934087,2.852213394783261,2.9190702
41,50,600,0.2,-0.1506290624969875,0.9168918218929251,0.7015555
41,50,600,0.2,0.3929648614029002,1.8940844398658785,1.7670733
41,50,600,0.2,-0.6820608327089606,-0.4086428016075852,-0.3401227
41,50,600,0.2,0.8131109984423579,2.5359613894642106,2.5906167
41,50,600,0.2,-0.4157049464149023,0.058081972486849556,0.1819709
41,50,600,0.2,-0.4139594309844066,-0.06344465446533931,0.18539232
41,50,600,0.2,0.8947411809778485,2.782328747583653,2.7506227
41,50,600,0.2,0.05778983950580896,1.0076887523367177,1.1100848
41,50,600,0.2,-0.8638518520505596,-0.7759712623917401,-0.69645774
41,50,600,0.2,0.3849442387400397,2.0735407115512206,1.7513517
41,50,600,0.2,-0.3628620950973527,0.30706152429581196,0.28555006
41,50,600,0.2,0.0731584222174444,0.7454737013351058,1.1402093
41,50,600,0.2,0.3439142811916447,1.4583063734146622,1.6709275
41,50,600,0.2,0.5548151236975063,1.9298418161019053,2.0843215
41,50,600,0.2,-0.7625445620915119,-0.5470656800448865,-0.49788177
41,50,600,0.2,0.03461703440457753,0.7848500944810677,1.0646629
41,50,600,0.2,0.793093191702126,2.2761005143875557,2.551379
41,50,600,0.2,0.6978871106258364,2.1677349610646806,2.3647623
41,50,600,0.2,-0.8720894677580378,-0.581644127094267,-0.7126045
41,50,600,0.2,-0.5576781693078323,0.024519758101898798,-0.09631586
41,50,600,0.2,-0.13116674888375845,0.5485433431212248,0.73970425
41,50,600,0.2,-0.5243855149219223,-0.039744226757442574,-0.031057715
41,50,600,0.2,-0.39994216104814084,0.4131787763233173,0.2128681
41,50,600,0.2,0.3929262893050012,2.072523079186401,1.7669976
41,50,600,0.2,-0.3445591968857622,0.5103052023868275,0.3214262
41,50,600,0.2,-0.6295353495276321,-0.25398965737826107,-0.23716569
41,50,600,0.2,-0.25829440156422256,0.7656456096494773,0.49051684
41,50,600,0.2,0.42848259909822284,1.8799947728244641,1.8366928
41,50,600,0.2,0.1041565533839417,1.3141018304511998,1.2009698
41,50,600,0.2,-0.17028626133287195,0.5786210185640687,0.6630247
42,50,600,0.5,-0.10574924276474529,1.0153924707883515,0.7887082
42,50,600,0.5,0.23696051902549575,0.576806402306131,1.4489301
42,50,600,0.5,0.844695963593266,2.293334416903957,2.6197176
42,50,600,0.5,-0.7596068775736622,-0.6103361470422959,-0.47093248
42,50,600,0.5,0.24295680299952704,2.169712225902411,1.4604819
42,50,600,0.5,-0.30553296413556086,0.006082974489835136,0.4038298
42,50,600,0.5,0.5834500761653292,1.1586968384307783,2.1164336
42,50,600,0.5,-0.5245163479687225,0.6866282821337242,-0.018036366
42,50,600,0.5,-0.40771960495571014,0.0831123697052462,0.20696974
42,50,600,0.5,0.9188666816668503,2.781500372053924,2.7626057
42,50,600,0.5,-0.6773809642300075,-0.26685245181200096,-0.31252623
42,50,600,0.5,0.7634707237097056,2.461414441648705,2.4632392
42,50,600,0.5,0.90549802303397,3.0744981502952697,2.7368512
42,50,600,0.5,-0.8778429258664253,-0.7391409761634705,-0.6987113
42,50,600,0.5,0.3800500403824547,1.5051784596956699,1.7245886
42,50,600,0.5,-0.5850598491177812,-0.43647109422533964,-0.1346718
42,50,600,0.5,-0.47088877579074606,-0.4567451932359804,0.08527589
42,50,600,0.5,0.3261564062002016,0.6794612708184238,1.6207638
42,50,600,0.5,0.8684279958495875,2.1278867359025995,2.6654367
42,50,600,0.5,0.04649610693339934,1.6320908657239177,1.0820051
42,50,600,0.5,0.20552675214328775,1.1914587433855015,1.3883737
42,50,600,0.5,-0.8801114035008535,-1.0598349457315668,-0.7030815
42,50,600,0.5,-0.7685935333458127,-0.3307516564685381,-0.488245
42,50,600,0.5,-0.2756218821212213,-0.2254503081205026,0.46145272
42,50,600,0.5,0.8080887858019155,3.3016720747493915,2.5491948
42,50,600,0.5,0.8977220414410148,2.616387045142101,2.721871
42,50,600,0.5,0.9535221763806743,3.5194796348581785,2.8293686
42,50,600,0.5,0.18174552249634646,1.5531088117604863,1.3425598
42,50,600,0.5,-0.5444809969242781,0.023164116634284762,-0.056497693
42,50,600,0.5,-0.4258969601607405,-0.6225876201573748,0.17195147
42,50,600,0.5,0.9959245026573469,3.0865988240886506,2.9110556
42,50,600,0.5,0.7327646518572584,2.3144044384869815,2.4040847
42,50,600,0.5,-0.8717050073024313,-0.8644199295399723,-0.68688667
42,50,600,0.5,0.16895213791153774,1.1057354301053297,1.3179137
42,50,600,0.5,-0.6276139882393277,-0.09664766333231098,-0.21665132
42,50,600,0.5,-0.7881876902355356,-1.600037187000052,-0.52599263
42,50,600,0.5,-0.7290518715550995,-0.5678742572758058,-0.41206896
42,50,600,0.5,0.42105680544469126,1.6887307228758803,1.8035871
42,50,600,0.5,0.6573138291114755,1.9729077748286101,2.2587304
42,50,600,0.5,0.8986376448313629,1.6746144654770247,2.7236347
42,50,600,0.5,0.7640828204597792,2.1943054977398586,2.4644184
42,50,600,0.5,-0.17067612001895283,0.768901587840681,0.66362816
42,50,600,0.5,0.7246370936718047,2.455390179163018,2.388427
42,50,600,0.5,0.8395656215563168,2.302279010022333,2.6098342
42,50,600,0.5,-0.7634511482621336,-0.09560429086004157,-0.47833836
42,50,600,0.5,0.15445717720833518,1.8261192976574294,1.2899895
42,50,600,0.5,0.7345788109249296,1.7801158883178205,2.4075794
42,50,600,0.5,-0.5024937129600839,-0.36950975531751573,0.024389684
42,50,600,0.5,-0.7236340973027724,-0.8917538736532697,-0.40163183
42,50,600,0.5,-0.4503528602648068,-0.3744500179830534,0.124837816
42,50,600,0.5,-0.2078805943854125,1.6503155165143968,0.59195465
42,50,600,0.5,-0.7103044813132455,0.21192995641789192,-0.3759526
42,50,600,0.5,-0.4599840536156703,0.057734179540730894,0.106283545
42,50,600,0.5,-0.8182285359351811,-1.0901071326330256,-0.58386564
42,50,600,0.5,0.7961247144274701,2.145462227697845,2.5261462
42,50,600,0.5,-0.44480780453646784,-0.22347196935821517,0.13552022
42,50,600,0.5,0.7933425860806842,2.7751234325868146,2.5207865
42,50,600,0.5,0.711606684785222,1.8101152736789345,2.3633242
42,50,600,0.5,0.30640163971426726,1.5044375441407651,1.5827067
42,50,600,0.5,-0.019082382764865846,1.1866912845862645,0.95566976
42,50,600,0.5,-0.43438607484718084,0.00040512745018797536,0.15559745
42,50,600,0.5,-0.3092966386061946,-0.07759566212191193,0.39657915
42,50,600,0.5,-0.24014608819975902,0.49900741782149827,0.529796
42,50,600,0.5,0.15428048804068362,1.2093615276713443,1.289649
42,50,600,0.5,0.01961439324316827,1.0145667514125503,1.0302181
42,50,600,0.5,0.9529189300267915,1.7860358307227147,2.8282065
42,50,600,0.5,-0.7330770581301311,-0.11563344567771372,-0.4198234
42,50,600,0.5,0.8154659149700789,2.2038511995329806,2.5634065
42,50,600,0.5,-0.17147401097066006,0.05276515119206926,0.662091
42,50,600,0.5,-0.1589210666398031,0.6528645911534634,0.686274
42,50,600,0.5,-0.18551765717238533,0.9889565507268121,0.63503635
42,50,600,0.5,-0.12482557747461498,0.27009665423419604,0.75195813
42,50,600,0.5,-0.6740911479067893,-0.45444381819873314,-0.30618846
42,50,600,0.5,-0.5199594532405809,-0.014131435096217289,-0.009257555
42,50,600,0.5,-0.42320300533701216,-0.24715445337121172,0.17714137
42,50,600,0.5,0.39054001180937203,1.8281761737738174,1.7447972
42,50,600,0.5,-0.8409558348264885,-1.141468392087949,-0.6276492
42,50,600,0.5,-0.4447425874105362,0.20949847015141138,0.13564587
42,50,600,0.5,0.773921562434835,2.596452740871129,2.4833722
42,50,600,0.5,-0.5078736300180711,0.449456988019416,0.01402539
42,50,600,0.5,0.9636587796365064,2.932492216556162,2.8488965
42,50,600,0.5,0.9788195545688629,3.4258383809139556,2.8781033
42,50,600,0.5,-0.24350965015307646,0.3625887614558335,0.52331614
42,50,600,0.5,0.807967909856474,2.6216852696479793,2.5489616
42,50,600,0.5,0.20969103949009193,1.4518101321519719,1.3963962
42,50,600,0.5,0.3636405982069668,1.6883538184435083,1.6929762
42,50,600,0.5,0.6960164586444688,2.5944138233091865,2.33329
42,50,600,0.5,0.17663422710721144,2.064760202472476,1.332713
42,50,600,0.5,0.3992441085010334,1.96092302490016,1.7615654
42,50,600,0.5,0.9806778947934087,2.688499802577926,2.8816833
42,50,600,0.5,-0.1506290624969875,1.244116742223275,0.70224833
42,50,600,0.5,0.3929648614029002,2.0563165154559955,1.7494687
42,50,600,0.5,-0.6820608327089606,-0.47542450589208135,-0.3215419
42,50,600,0.5,0.8131109984423579,2.400570478333453,2.5588698
42,50,600,0.5,-0.4157049464149023,-0.10768022953816919,0.1915862
42,50,600,0.5,-0.4139594309844066,-0.41673334321012856,0.19494885
42,50,600,0.5,0.8947411809778485,2.7715983260255865,2.7161283
42,50,600,0.5,0.05778983950580896,0.8458523623243672,1.1037623
42,50,600,0.5,-0.8638518520505596,-0.8483725998276714,-0.6717578
42,50,600,0.5,0.3849442387400397,2.529019062657932,1.7340171
42,50,600,0.5,-0.3628620950973527,0.35624009603158796,0.29338664
42,50,600,0.5,0.0731584222174444,0.14420898668543125,1.1333694
42,50,600,0.5,0.3439142811916447,1.1140230899617216,1.654974
42,50,600,0.5,0.5548151236975063,1.6601591691622446,2.0612693
42,50,600,0.5,-0.7625445620915119,-0.5800305138376807,-0.47659183
42,50,600,0.5,0.03461703440457753,0.3582741329889366,1.0591204
42,50,600,0.5,0.793093191702126,1.8109717108625114,2.520306
42,50,600,0.5,0.6978871106258364,1.825676070784192,2.336894
42,50,600,0.5,-0.8720894677580378,-0.3378419144615543,-0.6876273
42,50,600,0.5,-0.5576781693078323,0.23433390317824393,-0.0819217
42,50,600,0.5,-0.13116674888375845,0.2648586044543374,0.739742
42,50,600,0.5,-0.5243855149219223,-0.02620402212783949,-0.017784238
42,50,600,0.5,-0.39994216104814084,0.7327734239527157,0.2219528
42,50,600,0.5,0.3929262893050012,2.5025288300509985,1.7493944
42,50,600,0.5,-0.3445591968857622,0.8094405966243554,0.32864672
42,50,600,0.5,-0.6295353495276321,-0.24636809486275624,-0.22035289
42,50,600,0.5,-0.25829440156422256,1.1889972288163606,0.4948337
42,50,600,0.5,0.42848259909822284,1.9145391347664917,1.8178927
42,50,600,0.5,0.1041565533839417,1.4727849159761746,1.1930866
42,50,600,0.5,-0.17028626133287195,0.45741133040878756,0.66437924
43,50,600,1.0,-0.10574924276474529,1.2422834271061935,0.7881352
43,50,600,1.0,0.23696051902549575,-0.3203082334387295,1.4261258
43,50,600,1.0,0.844695963593266,1.8972769066213822,2.5574899
43,50,600,1.0,-0.7596068775736622,-0.7014585389372673,-0.42909038
43,50,600,1.0,0.24295680299952704,2.8535108458057676,1.4372885
43,50,600,1.0,-0.30553296413556086,-0.376768122749208,0.4162165
43,50,600,1.0,0.5834500761653292,0.15049352453089826,2.071153
43,50,600,1.0,-0.5245163479687225,1.4222892602048933,0.00855571
43,50,600,1.0,-0.40771960495571014,-0.01833605067808733,0.22598523
43,50,600,1.0,0.9188666816668503,2.725267380774148,2.6955667
43,50,600,1.0,-0.6773809642300075,-0.17894297516398697,-0.27601802
43,50,600,1.0,0.7634707237097056,2.3958874358779987,2.4062805
43,50,600,1.0,0.90549802303397,3.3380002545225995,2.6706793
43,50,600,1.0,-0.8778429258664253,-0.7225961005940904,-0.64919925
43,50,600,1.0,0.3800500403824547,1.2502568386264303,1.692502
43,50,600,1.0,-0.5850598491177812,-0.7028224902151169,-0.10415244
43,50,600,1.0,-0.47088877579074606,-0.9717128348904687,0.10838914
43,50,600,1.0,0.3261564062002016,-0.2933902707635556,1.5921733
43,50,600,1.0,0.8684279958495875,1.5189174801060241,2.6016695
43,50,600,1.0,0.04649610693339934,2.1711895175810367,1.0715561
43,50,600,1.0,0.20552675214328775,0.9718639824844275,1.3676084
43,50,600,1.0,-0.8801114035008535,-1.3594470844614264,-0.65342224
43,50,600,1.0,-0.7685935333458127,-0.12431624624545073,-0.44581997
43,50,600,1.0,-0.2756218821212213,-0.8996568519985626,0.47189915
43,50,600,1.0,0.8080887858019155,3.9871665778949525,2.4893417
43,50,600,1.0,0.8977220414410148,2.437330007402173,2.6562037
43,50,600,1.0,0.9535221763806743,4.131914916955008,2.7600815
43,50,600,1.0,0.18174552249634646,1.7427265785282797,1.3233372
43,50,600,1.0,-0.5444809969242781,0.1352902271171257,-0.028610587
43,50,600,1.0,-0.4258969601607405,-1.3933813199932685,0.19214612
43,50,600,1.0,0.9959245026573469,3.1813486428626074,2.8390179
43,50,600,1.0,0.7327646518572584,2.1632795732594468,2.3491178
43,50,600,1.0,-0.8717050073024313,-0.9854298444750821,-0.6377729
43,50,600,1.0,0.16895213791153774,0.8735665843875838,1.299521
43,50,600,1.0,-0.6276139882393277,0.0619326498140334,-0.18337142
43,50,600,1.0,-0.7881876902355356,-2.623698993529033,-0.48229647
43,50,600,1.0,-0.7290518715550995,-0.6776447714414123,-0.37220895
43,50,600,1.0,0.42105680544469126,1.535347834862378,1.7688406
43,50,600,1.0,0.6573138291114755,1.6311878914342692,2.2086582
43,50,600,1.0,0.8986376448313629,0.5519536412913237,2.657908
43,50,600,1.0,0.7640828204597792,1.860445354560159,2.4074202
43,50,600,1.0,-0.17067612001895283,0.8791554157192676,0.66726685
43,50,600,1.0,0.7246370936718047,2.461506170982427,2.3339875
43,50,600,1.0,0.8395656215563168,1.9254267769320328,2.5479393
43,50,600,1.0,-0.7634511482621336,0.335693714804184,-0.43624687
43,50,600,1.0,0.15445717720833518,2.3433242408981885,1.272537
43,50,600,1.0,0.7345788109249296,1.091074154785782,2.3524952
43,50,600,1.0,-0.5024937129600839,-0.7340320847148636,0.049553096
43,50,600,1.0,-0.7236340973027724,-1.3362395527009947,-0.36212325
43,50,600,1.0,-0.4503528602648068,-0.8481943154364932,0.1466189
43,50,600,1.0,-0.2078805943854125,2.7163922217996186,0.5980067
43,50,600,1.0,-0.7103044813132455,0.8444688754622749,-0.33730865
43,50,600,1.0,-0.4599840536156703,0.03543646631280238,0.12868941
43,50,600,1.0,-0.8182285359351811,-1.543757193395689,-0.53822076
43,50,600,1.0,0.7961247144274701,1.6986750265407489,2.4670691
43,50,600,1.0,-0.44480780453646784,-0.5573283296434947,0.1569416
43,50,600,1.0,0.7933425860806842,2.9635616930122612,2.4618902
43,50,600,1.0,0.711606684785222,1.197017177787425,2.30973
43,50,600,1.0,0.30640163971426726,1.396071808852996,1.5553977
43,50,600,1.0,-0.019082382764865846,1.411547334702261,0.9494747
43,50,600,1.0,-0.43438607484718084,-0.13041759540526238,0.17634279
43,50,600,1.0,-0.3092966386061946,-0.5365980470314347,0.40921003
43,50,600,1.0,-0.24014608819975902,0.4783070120425145,0.5379411
43,50,600,1.0,0.15428048804068362,1.1101620792613214,1.2722081
43,50,600,1.0,0.01961439324316827,0.989904716338764,1.0215129
43,50,600,1.0,0.9529189300267915,0.6662338013918463,2.7589583
43,50,600,1.0,-0.7330770581301311,0.23488722490483482,-0.3797022
43,50,600,1.0,0.8154659149700789,1.7767705691258033,2.5030751
43,50,600,1.0,-0.17147401097066006,-0.5515216756745414,0.6657815
43,50,600,1.0,-0.1589210666398031,0.623571315586533,0.68915015
43,50,600,1.0,-0.18551765717238533,1.3489484157983949,0.63963777
43,50,600,1.0,-0.12482557747461498,-0.21015553658237796,0.7526225
43,50,600,1.0,-0.6740911479067893,-0.5607053405838878,-0.26989377
43,50,600,1.0,-0.5199594532405809,0.011656036288727231,0.017038822
43,50,600,1.0,-0.42320300533701216,-0.6479028960683991,0.19716126
43,50,600,1.0,0.39054001180937203,1.8752723239288906,1.7120303
43,50,600,1.0,-0.8409558348264885,-1.6010251145229208,-0.58053005
43,50,600,1.0,-0.4447425874105362,0.3084821151238951,0.157063
43,50,600,1.0,0.773921562434835,2.645062356872588,2.4257357
43,50,600,1.0,-0.5078736300180711,0.9146612360749742,0.039537847
43,50,600,1.0,0.9636587796365064,2.937666873839312,2.7789516
43,50,600,1.0,0.9788195545688629,3.8940376526901854,2.8071752
43,50,600,1.0,-0.24350965015307646,0.21219682321781996,0.5316795
43,50,600,1.0,0.807967909856474,2.6274347195830106,2.4891167
43,50,600,1.0,0.20969103949009193,1.48423818532376,1.3753607
43,50,600,1.0,0.3636405982069668,1.649426440473083,1.6619542
43,50,600,1.0,0.6960164586444688,2.7967947293294353,2.2807071
43,50,600,1.0,0.17663422710721144,2.776251950730529,1.3138219
43,50,600,1.0,0.3992441085010334,2.123357832798253,1.7282338
43,50,600,1.0,0.9806778947934087,2.415643815569035,2.8106346
43,50,600,1.0,-0.1506290624969875,1.789491609440525,0.7045866
43,50,600,1.0,0.3929648614029002,2.3267033081061905,1.7165444
43,50,600,1.0,-0.6820608327089606,-0.5867273463662416,-0.28473008
43,50,600,1.0,0.8131109984423579,2.1749189597821896,2.498691
43,50,600,1.0,-0.4157049464149023,-0.3839505662465338,0.21111965
43,50,600,1.0,-0.4139594309844066,-1.005547824451444,0.21436912
43,50,600,1.0,0.8947411809778485,2.753714290095476,2.6506543
43,50,600,1.0,0.05778983950580896,0.5761250456371165,1.0925806
43,50,600,1.0,-0.8638518520505596,-0.9690414955542237,-0.62315345
43,50,600,1.0,0.3849442387400397,3.288149647835785,1.7016132
43,50,600,1.0,-0.3628620950973527,0.4382043822578813,0.3094923
43,50,600,1.0,0.0731584222174444,-0.8578988710640263,1.1211908
43,50,600,1.0,0.3439142811916447,0.5402176175401541,1.6252315
43,50,600,1.0,0.5548151236975063,1.2106880909294766,2.0178459
43,50,600,1.0,-0.7625445620915119,-0.6349719034923376,-0.4345591
43,50,600,1.0,0.03461703440457753,-0.3526858028312818,1.0494418
43,50,600,1.0,0.793093191702126,1.035757038320771,2.4614258
43,50,600,1.0,0.6978871106258364,1.2555779203167112,2.2841897
43,50,600,1.0,-0.8720894677580378,0.06849510659296687,-0.63848853
43,50,600,1.0,-0.5576781693078323,0.5840241449721525,-0.05317855
43,50,600,1.0,-0.13116674888375845,-0.2079492933238083,0.7408177
43,50,600,1.0,-0.5243855149219223,-0.0036370144118343523,0.008799255
43,50,600,1.0,-0.39994216104814084,1.2654311700017131,0.2404638
43,50,600,1.0,0.3929262893050012,3.219205081491994,1.7164726
43,50,600,1.0,-0.3445591968857622,1.3079995870202352,0.34356505
43,50,600,1.0,-0.6295353495276321,-0.23366549067024822,-0.18694842
43,50,600,1.0,-0.25829440156422256,1.8945832607611666,0.5041561
43,50,600,1.0,0.42848259909822284,1.9721130713365378,1.7826645
43,50,600,1.0,0.1041565533839417,1.7372567251844657,1.178897
43,50,600,1.0,-0.17028626133287195,0.25539518348331897,0.6679926
44,50,1000,0.05,-0.43460069810892676,0.10391943535424338,0.13360411
44,50,1000,0.05,0.04875962215443996,1.0680376422113285,1.0980211
44,50,1000,0.05,-0.9063872905756225,-0.8078412084604553,-0.80772054
44,50,1000,0.05,-0.1525872930890544,0.7091260401707972,0.6962869
44,50,1000,0.05,-0.14240855500352434,0.7275129993060181,0.7165959
44,50,1000,0.05,-0.7790457780165105,-0.5309610168580813,-0.5536444
44,50,1000,0.05,0.5291239487154171,2.0659813391131507,2.0564606
44,50,1000,0.05,0.36102896228565173,1.7491083355692938,1.7210717
44,50,1000,0.05,-0.28200944332073585,0.4136393006753972,0.4380594
44,50,1000,0.05,0.1486504976991576,1.3156782401994287,1.2973269
44,50,1000,0.05,0.24333087290651556,1.5485620926109531,1.4862363
44,50,1000,0.05,-0.43438607484718084,0.17985463976276517,0.13403237
44,50,1000,0.05,-0.765359039230378,-0.5989762223220143,-0.5263362
44,50,1000,0.05,0.012624448046777204,1.0205292707729952,1.025923
44,50,1000,0.05,-0.3394659286062016,0.27140007401644,0.3234203
44,50,1000,0.05,-0.16661648618257807,0.6951673955961648,0.6682954
44,50,1000,0.05,-0.4139594309844066,0.19385844599596952,0.1747883
44,50,1000,0.05,0.5583588666036681,2.174794423385292,2.114791
44,50,1000,0.05,-0.08299366586710999,0.9023834173887879,0.8351425
44,50,1000,0.05,0.45408852542265654,1.868172927041083,1.9067473
44,50,1000,0.05,-0.3320702608063817,0.3671154112089231,0.33817637
44,50,1000,0.05,0.5873954067148413,2.1930832528255255,2.1727257
44,50,1000,0.05,-0.3445591968857622,0.31479216528308324,0.31325805
44,50,1000,0.05,0.8442229235343861,2.640813599428003,2.6851568
44,50,1000,0.05,0.9806778947934087,2.9410406330645644,2.9574165
44,50,1000,0.05,-0.1506290624969875,0.7433655693726016,0.70019406
44,50,1000,0.05,-0.4599840536156703,0.09546945486049006,0.08295834
44,50,1000,0.05,0.7476643566694363,2.542037700763859,2.4924998
44,50,1000,0.05,-0.5770904084351729,-0.15323471167623606,-0.15069616
44,50,1000,0.05,-0.32804491531948954,0.34268269817890196,0.34620786
44,50,1000,0.05,0.03767029766305208,1.1105461464331832,1.0758954
44,50,1000,0.05,-0.1371631291320521,0.8168099217422938,0.72706175
44,50,1000,0.05,0.4428133359199049,1.8852161777263292,1.8842506
44,50,1000,0.05,0.011732767650616704,1.0414279931269061,1.0241439
44,50,1000,0.05,0.3992441085010334,1.8093471986339809,1.7973199
44,50,1000,0.05,-0.8839416793522488,-0.7926884754036256,-0.76293635
44,50,1000,0.05,0.2695726458673895,1.5717343548198097,1.538595
44,50,1000,0.05,0.3929262893050012,1.7398700441068693,1.7847142
44,50,1000,0.05,-0.3036161145069598,0.351691045135104,0.39494908
44,50,1000,0.05,-0.5111488159967945,-0.005949502223366158,-0.01912725
44,50,1000,0.05,-0.4329623068356667,0.2415541130720309,0.13687313
44,50,1000,0.05,0.1730258696201663,1.3471048403074357,1.3459615
44,50,1000,0.05,-0.8409558348264885,-0.7249247922508529,-0.67716956
44,50,1000,0.05,0.9996171562339307,2.950078403280576,2.9952047
44,50,1000,0.05,0.9216693161260003,2.8624094449624593,2.8396807
44,50,1000,0.05,0.5984051747047834,2.252558465556937,2.1946929
44,50,1000,0.05,0.10929011724051918,1.138343307987989,1.2187937
44,50,1000,0.05,-0.34402399818384066,0.3305425577071934,0.31432587
44,50,1000,0.05,-0.17028626133287195,0.5987074081862932,0.6609733
44,50,1000,0.05,-0.9013021064231206,-0.8436817041263978,-0.7975745
44,50,1000,0.05,0.8395656215563168,2.6046179737172688,2.6758645
44,50,1000,0.05,0.46348837086578554,2.0238123648516986,1.9255022
44,50,1000,0.05,-0.7994121154690044,-0.653067033911081,-0.5942801
44,50,1000,0.05,-0.10721116903359418,0.8140006078790255,0.7868229
44,50,1000,0.05,0.5610583525729109,2.1200466645679237,2.1201773
44,50,1000,0.05,-0.47088877579074606,0.06195176874568555,0.061200917
44,50,1000,0.05,0.3183529437000565,1.7103941281570332,1.635923
44,50,1000,0.05,0.5834500761653292,2.1639708247739655,2.164854
44,50,1000,0.05,0.7453013108947906,2.526821047033079,2.4877849
44,50,1000,0.05,-0.024647352923584886,0.9329077195004899,0.9515571
44,50,1000,0.05,-0.8043110310119319,-0.5974989038234335,-0.6040546
44,50,1000,0.05,-0.5822464878103306,-0.1650502562127533,-0.1609838
44,50,1000,0.05,0.20078447419527912,1.427210771270196,1.4013464
44,50,1000,0.05,0.7933425860806842,2.571346883360018,2.5836387
44,50,1000,0.05,0.214498748023082,1.4675393440664108,1.4287095
44,50,1000,0.05,0.06983370985416792,1.0710152921607912,1.140069
44,50,1000,0.05,-0.7653688716336122,-0.5862116209490317,-0.52635586
44,50,1000,0.05,-0.7043973318692192,-0.3866523580511014,-0.40470338
44,50,1000,0.05,0.9529189300267915,2.8634218339133213,2.902031
44,50,1000,0.05,0.17747921994057636,1.3386425167732368,1.354847
44,50,1000,0.05,0.14450381158174674,1.2450981060229898,1.2890533
44,50,1000,0.05,-0.18653330832850346,0.6045101330327901,0.6285567
44,50,1000,0.05,0.479767835658202,1.938922083586177,1.9579835
44,50,1000,0.05,0.9414628855412657,2.8927848238424,2.8791733
44,50,1000,0.05,0.644235466388491,2.273431738953181,2.2861352
44,50,1000,0.05,0.2789450327974472,1.56736504747229,1.5572951
44,50,1000,0.05,-0.5168859199201632,-0.17388197975991204,-0.030574203
44,50,1000,0.05,0.3636405982069668,1.747541400430078,1.7262826
44,50,1000,0.05,0.8154659149700789,2.6214900909292687,2.62778
44,50,1000,0.05,-0.8931456364263495,-0.8579280473494043,-0.7813004
44,50,1000,0.05,-0.18992877340610015,0.6559393978596493,0.62178195
44,50,1000,0.05,0.6419864596958702,2.2855030106086662,2.2816477
44,50,1000,0.05,0.8986376448313629,2.8123747501806036,2.793727
44,50,1000,0.05,-0.8057974484138775,-0.6150769757501017,-0.6070204
44,50,1000,0.05,0.7211023476575875,2.422142959819616,2.4395025
44,50,1000,0.05,0.01961439324316827,1.000110438141232,1.0398697
44,50,1000,0.05,-0.542706898034109,-0.07575311840653315,-0.08209312
44,50,1000,0.05,-0.6932622442813086,-0.3615881406470205,-0.38248622
44,50,1000,0.05,0.04152287448372105,1.0784401432328443,1.0835822
44,50,1000,0.05,0.3912508912777144,1.7458361421762456,1.7813715
44,50,1000,0.05,0.9037489536654724,2.8685671553039045,2.803925
44,50,1000,0.05,0.9840224868289482,2.996194459587203,2.9640899
44,50,1000,0.05,-0.9395294839880348,-0.8740987248494945,-0.873847
44,50,1000,0.05,0.17663422710721144,1.3063744426568502,1.353161
44,50,1000,0.05,-0.8492818618333193,-0.6691524772107418,-0.69378185
44,50,1000,0.05,0.10937561732283796,1.297992261013127,1.2189643
44,50,1000,0.05,0.7613562460941592,2.4434888140307716,2.5198183
44,50,1000,0.05,0.15189299111235854,1.2521538271301107,1.3037964
44,50,1000,0.05,-0.7236340973027724,-0.47276035671246874,-0.4430853
44,50,1000,0.05,-0.5692035913135236,-0.1263469844160996,-0.13496017
44,50,1000,0.05,-0.13403158743763854,0.6717500655147339,0.73330986
44,50,1000,0.05,-0.9292751284890182,-0.8396547518911126,-0.85338724
44,50,1000,0.05,-0.4036252806738718,0.2349992188022982,0.19540733
44,50,1000,0.05,0.10438493984481312,1.1878960121953746,1.2090068
44,50,1000,0.05,0.917481846113186,2.878748476165347,2.8313255
44,50,1000,0.05,-0.23932963294485377,0.515320402177072,0.52321565
44,50,1000,0.05,0.38791282186909504,1.7595788958221652,1.7747113
44,50,1000,0.05,0.7788958176317331,2.5684424936349606,2.5548139
44,50,1000,0.05,0.45998112484811604,1.9043634443004214,1.9185045
44,50,1000,0.05,-0.31531524674968425,0.4789144071626235,0.37160653
44,50,1000,0.05,-0.8210109099341998,-0.5615957120709634,-0.63737476
44,50,1000,0.05,-0.8728924503276831,-0.717880806624433,-0.7408906
44,50,1000,0.05,-0.015277186618231742,1.0404083790590841,0.97025275
44,50,1000,0.05,-0.6339334158401577,-0.2422209893389266,-0.2641114
44,50,1000,0.05,0.04649610693339934,1.0755941210707565,1.0935049
44,50,1000,0.05,-0.5078736300180711,-0.11634127599837758,-0.012592554
44,50,1000,0.05,0.8684279958495875,2.6894815619538313,2.7334516
44,50,1000,0.05,-0.3916528852215069,0.24690106657912048,0.21929508
44,50,1000,0.05,-0.5805001006887298,-0.23332125457662606,-0.15749943
44,50,1000,0.05,0.02263796509291205,1.0557684040819768,1.0459024
44,50,1000,0.05,-0.10326164220400535,0.8636189525970015,0.7947032
44,50,1000,0.05,-0.019389306902525716,1.0174166514756706,0.9620481
44,50,1000,0.05,-0.08718086932186675,0.8329534836563187,0.82678807
44,50,1000,0.05,-0.5183424401691064,-0.08896110819168601,-0.033480287
44,50,1000,0.05,-0.07284915127037861,0.859537398930907,0.8553832
44,50,1000,0.05,0.773921562434835,2.536839335878652,2.544889
44,50,1000,0.05,-0.8470264619394292,-0.6696542897457082,-0.68928194
44,50,1000,0.05,-0.30296126101487353,0.41431225075096795,0.39625567
44,50,1000,0.05,-0.4861667126266618,0.03858642840317329,0.03071785
44,50,1000,0.05,-0.9200143961985661,-0.8422844575817988,-0.8349099
44,50,1000,0.05,0.9590538586709172,2.8887917160812777,2.9142714
44,50,1000,0.05,0.03127669330250349,1.0343374911208825,1.0631386
44,50,1000,0.05,0.5703058240462755,2.1474961393877186,2.138628
44,50,1000,0.05,-0.8046472651045518,-0.6097773920357489,-0.6047255
44,50,1000,0.05,-0.18811535606343255,0.5956903503929739,0.6254001
44,50,1000,0.05,-0.6773809642300075,-0.35418698346651184,-0.35079944
44,50,1000,0.05,0.45050855963928105,1.9478370464561852,1.8996044
44,50,1000,0.05,0.5167573076722829,2.026286274497879,2.0317862
44,50,1000,0.05,0.27984204265504764,1.557179880595854,1.5590848
44,50,1000,0.05,0.9535221763806743,2.930566010003673,2.9032345
44,50,1000,0.05,0.33353343089133536,1.6404423658222174,1.6662116
44,50,1000,0.05,-0.6334403275718428,-0.18871041789223905,-0.26312745
44,50,1000,0.05,0.8544236147462358,2.7542321693918668,2.7055097
44,50,1000,0.05,0.6978871106258364,2.3658130073786867,2.3931828
44,50,1000,0.05,0.13569200295501505,1.2881762419802958,1.2714716
44,50,1000,0.05,0.7269412983871715,2.458911657210791,2.4511523
44,50,1000,0.05,-0.2851506968105739,0.42919578278540144,0.4317919
44,50,1000,0.05,0.4337193623851874,1.8174222073226896,1.866106
44,50,1000,0.05,-0.14919654928989057,0.7479348164685737,0.7030523
44,50,1000,0.05,-0.7370344014177448,-0.5169227122690478,-0.46982193
44,50,1000,0.05,-0.20039661555094823,0.5886464697165276,0.6008961
44,50,1000,0.05,-0.18563340554800067,0.6309898896755992,0.6303522
44,50,1000,0.05,-0.41950391488014316,0.06866557115648003,0.16372573
44,50,1000,0.05,-0.42320300533701216,0.20547327267850737,0.15634525
44,50,1000,0.05,-0.5452751018449964,-0.11949611068715317,-0.08721721
44,50,1000,0.05,-0.25140763335816785,0.4593600568396269,0.49911726
44,50,1000,0.05,-0.9771450827499379,-0.9073528217157604,-0.94889903
44,50,1000,0.05,-0.9617542051026204,-0.9430280449045163,-0.9181906
44,50,1000,0.05,-0.6820608327089606,-0.3476199096924055,-0.36013687
44,50,1000,0.05,0.5911807370864262,2.2319069328570946,2.1802783
44,50,1000,0.05,0.9959245026573469,3.068146883358934,2.987837
44,50,1000,0.05,-0.2465174660780265,0.5211535455631143,0.50887424
44,50,1000,0.05,-0.8054840104247187,-0.6981774086771353,-0.6063949
44,50,1000,0.05,-0.004446184349316429,1.0741380092960928,0.99186313
44,50,1000,0.05,0.92639459052076,2.8419719821267337,2.8491087
44,50,1000,0.05,0.4275337368200327,1.8310550218903192,1.8537643
44,50,1000,0.05,0.9458389780462606,2.896596851433295,2.8879046
44,50,1000,0.05,-0.7934036898297228,-0.6251426223862906,-0.58229184
44,50,1000,0.05,0.3440956147078289,1.6681263391589822,1.6872857
44,50,1000,0.05,0.5411614970055525,2.1126785776069075,2.0804782
44,50,1000,0.05,0.807967909856474,2.6093074189802623,2.6128197
44,50,1000,0.05,-0.09635663466048072,0.8342914537052788,0.80848026
44,50,1000,0.05,-0.10574924276474529,0.7773776639583634,0.78973985
44,50,1000,0.05,0.5424509259318204,2.094110915098818,2.083051
44,50,1000,0.05,-0.2343838816842918,0.583483405406551,0.53308356
44,50,1000,0.05,-0.08617715670846837,0.7277137128038946,0.8287907
44,50,1000,0.05,0.8074394794918669,2.665662223060839,2.6117654
44,50,1000,0.05,-0.4157049464149023,0.1289843561419379,0.1713056
44,50,1000,0.05,-0.18339418332051038,0.6757381675351511,0.63482
44,50,1000,0.05,0.07384600216478088,1.1794632306572614,1.1480744
44,50,1000,0.05,0.1041565533839417,1.2148918051632869,1.208551
44,50,1000,0.05,-0.20167770949045383,0.6371035958617505,0.59834003
44,50,1000,0.05,0.918333206070445,2.778108389068386,2.8330243
44,50,1000,0.05,0.0610744291255636,1.1301819177421157,1.1225921
44,50,1000,0.05,0.7645673438382148,2.6396999043384044,2.526225
44,50,1000,0.05,0.30640163971426726,1.6223188573082314,1.6120774
44,50,1000,0.05,0.36278502120767575,1.7807989660939254,1.7245754
44,50,1000,0.05,-0.08279207646282827,0.8367691518072682,0.83554476
44,50,1000,0.05,-0.8622960710132521,-0.8092106639002097,-0.71974826
44,50,1000,0.05,0.015271094481529746,1.0424521985641615,1.0312037
44,50,1000,0.05,0.45554254642883607,1.869292289483591,1.9096484
44,50,1000,0.05,-0.6817075261155143,-0.3117655925050314,-0.35943186
44,50,1000,0.05,-0.05875819216385425,0.9373987927089171,0.88349795
44,50,1000,0.05,-0.13116674888375845,0.733926253098466,0.73902595
44,50,1000,0.05,-0.4733552465256987,0.034188234501083395,0.05627978
44,50,1000,0.05,0.2289294129537487,1.5489545808005176,1.4575021
44,50,1000,0.05,-0.8863038471335194,-0.7551992325049484,-0.7676494
44,50,1000,0.05,0.0731584222174444,1.2470198521808122,1.1467025
44,50,1000,0.05,-0.733121136508792,-0.4661137138960084,-0.46201408
44,50,1000,0.05,-0.40771960495571014,0.20488156477239006,0.18723822
45,50,1000,0.2,-0.43460069810892676,0.023281930070534085,0.14123154
45,50,1000,0.2,0.04875962215443996,0.979592835918674,1.0996442
45,50,1000,0.2,-0.9063872905756225,-0.7930410903880859,-0.7942325
45,50,1000,0.2,-0.1525872930890544,0.7520279192175148,0.70041114
45,50,1000,0.2,-0.14240855500352434,0.7645033272452182,0.7205937
45,50,1000,0.2,-0.7790457780165105,-0.4495693993332618,-0.5417383
45,50,1000,0.2,0.5291239487154171,2.0891816641601006,2.0521164
45,50,1000,0.2,0.36102896228565173,1.830259568563265,1.7188157
45,50,1000,0.2,-0.28200944332073585,0.346613862626004,0.44379133
45,50,1000,0.2,0.1486504976991576,1.370809974602769,1.2977091
45,50,1000,0.2,0.24333087290651556,1.7342631330047191,1.4854424
45,50,1000,0.2,-0.43438607484718084,0.3257350081341457,0.14165711
45,50,1000,0.2,-0.765359039230378,-0.8037506539057897,-0.51460004
45,50,1000,0.2,0.012624448046777204,1.0063703948113174,1.027995
45,50,1000,0.2,-0.3394659286062016,0.12239586770296967,0.32986593
45,50,1000,0.2,-0.16661648618257807,0.7803684994801279,0.6725939
45,50,1000,0.2,-0.4139594309844066,0.2591903698903176,0.1821593
45,50,1000,0.2,0.5583588666036681,2.34902449391916,2.1100836
45,50,1000,0.2,-0.08299366586710999,1.1074956647578118,0.8384022
45,50,1000,0.2,0.45408852542265654,1.7481605556283928,1.9033353
45,50,1000,0.2,-0.3320702608063817,0.46088320967398266,0.34453017
45,50,1000,0.2,0.5873954067148413,2.247960571013054,2.1676579
45,50,1000,0.2,-0.3445591968857622,0.326523842446906,0.31976694
45,50,1000,0.2,0.8442229235343861,2.497916856505695,2.6768985
45,50,1000,0.2,0.9806778947934087,2.880095163497805,2.947463
45,50,1000,0.2,-0.1506290624969875,0.8772366524723311,0.70429397
45,50,1000,0.2,-0.4599840536156703,0.14178214113598203,0.09090114
45,50,1000,0.2,0.7476643566694363,2.682164663038818,2.485441
45,50,1000,0.2,-0.5770904084351729,-0.15039639609390684,-0.14129865
45,50,1000,0.2,-0.32804491531948954,0.3390002846325451,0.35251164
45,50,1000,0.2,0.03767029766305208,1.2161627997544207,1.0776561
45,50,1000,0.2,-0.1371631291320521,1.0902184617614878,0.73099434
45,50,1000,0.2,0.4428133359199049,1.883984695385887,1.8809787
45,50,1000,0.2,0.011732767650616704,1.0953153666039246,1.026227
45,50,1000,0.2,0.3992441085010334,1.841924143529723,1.794589
45,50,1000,0.2,-0.8839416793522488,-0.86710382550101,-0.74972713
45,50,1000,0.2,0.2695726458673895,1.6695015440749021,1.5374749
45,50,1000,0.2,0.3929262893050012,1.60192244059747,1.782062
45,50,1000,0.2,-0.3036161145069598,0.22846086758217488,0.40094942
45,50,1000,0.2,-0.5111488159967945,0.043094887087302455,-0.010548949
45,50,1000,0.2,-0.4329623068356667,0.5639902933021239,0.14448023
45,50,1000,0.2,0.1730258696201663,1.3502641435087452,1.3460408
45,50,1000,0.2,-0.8409558348264885,-0.8539641600444807,-0.6644943
45,50,1000,0.2,0.9996171562339307,2.8026106757187197,2.9850159
45,50,1000,0.2,0.9216693161260003,2.9196218830938347,2.83046
45,50,1000,0.2,0.5984051747047834,2.419802813999047,2.189488
45,50,1000,0.2,0.10929011724051918,0.8976325285088409,1.2196648
45,50,1000,0.2,-0.34402399818384066,0.38631421993181736,0.32082814
45,50,1000,0.2,-0.17028626133287195,0.41654720074240426,0.6653174
45,50,1000,0.2,-0.9013021064231206,-0.9669141779668677,-0.78414965
45,50,1000,0.2,0.8395656215563168,2.3810781655311737,2.667664
45,50,1000,0.2,0.46348837086578554,2.3143192342120815,1.9219735
45,50,1000,0.2,-0.7994121154690044,-0.8157954428302978,-0.5821209
45,50,1000,0.2,-0.10721116903359418,0.8992694457176671,0.79038346
45,50,1000,0.2,0.5610583525729109,2.1138365428342283,2.1154363
45,50,1000,0.2,-0.47088877579074606,0.07313972972721858,0.069279134
45,50,1000,0.2,0.3183529437000565,1.931458850427794,1.6341971
45,50,1000,0.2,0.5834500761653292,2.155182842103886,2.1598349
45,50,1000,0.2,0.7453013108947906,2.635476322763574,2.4807553
45,50,1000,0.2,-0.024647352923584886,0.8795149955434689,0.954092
45,50,1000,0.2,-0.8043110310119319,-0.5641294292221425,-0.59183455
45,50,1000,0.2,-0.5822464878103306,-0.16672209798902948,-0.15152228
45,50,1000,0.2,0.20078447419527912,1.5041362399091096,1.401081
45,50,1000,0.2,0.7933425860806842,2.5253320169559674,2.5760121
45,50,1000,0.2,0.214498748023082,1.5831648881271514,1.4282738
45,50,1000,0.2,0.06983370985416792,0.8650589095181568,1.1414301
45,50,1000,0.2,-0.7653688716336122,-0.7526332539944535,-0.5146196
45,50,1000,0.2,-0.7043973318692192,-0.3202254409890905,-0.39372444
45,50,1000,0.2,0.9529189300267915,2.7361737554925365,2.8924222
45,50,1000,0.2,0.17747921994057636,1.289694747449489,1.354871
45,50,1000,0.2,0.14450381158174674,1.1133695546014788,1.289487
45,50,1000,0.2,-0.18653330832850346,0.5372403821021812,0.6331026
45,50,1000,0.2,0.479767835658202,1.8770813203954955,1.9542525
45,50,1000,0.2,0.9414628855412657,2.9223619821220046,2.869707
45,50,1000,0.2,0.644235466388491,2.2283141574817766,2.280361
45,50,1000,0.2,0.2789450327974472,1.595789993104477,1.5560586
45,50,1000,0.2,-0.5168859199201632,-0.594212399518669,-0.021924615
45,50,1000,0.2,0.3636405982069668,1.8083220124785113,1.723994
45,50,1000,0.2,0.8154659149700789,2.593164873896601,2.6198788
45,50,1000,0.2,-0.8931456364263495,-1.0728383708395206,-0.7679769
45,50,1000,0.2,-0.18992877340610015,0.763330231875198,0.62637
45,50,1000,0.2,0.6419864596958702,2.290093284259444,2.2759016
45,50,1000,0.2,0.8986376448313629,2.8576731317342365,2.7847927
45,50,1000,0.2,-0.8057974484138775,-0.625523212517142,-0.5947819
45,50,1000,0.2,0.7211023476575875,2.3619577533329386,2.4327736
45,50,1000,0.2,0.01961439324316827,0.8827553931059186,1.0418547
45,50,1000,0.2,-0.542706898034109,-0.046771085421478675,-0.07312274
45,50,1000,0.2,-0.6932622442813086,-0.28677909690023073,-0.37164557
45,50,1000,0.2,0.04152287448372105,1.064623326029051,1.0852951
45,50,1000,0.2,0.3912508912777144,1.6358392210386956,1.77874
45,50,1000,0.2,0.9037489536654724,3.051774899222784,2.7949274
45,50,1000,0.2,0.9840224868289482,3.080642917375122,2.954095
45,50,1000,0.2,-0.9395294839880348,-0.8592179954697692,-0.8599473
45,50,1000,0.2,0.17663422710721144,1.1656924079841327,1.3531955
45,50,1000,0.2,-0.8492818618333193,-0.5809187378430514,-0.6810032
45,50,1000,0.2,0.10937561732283796,1.5357153401154795,1.2198343
45,50,1000,0.2,0.7613562460941592,2.2058177795581315,2.5125895
45,50,1000,0.2,0.15189299111235854,1.097257361846291,1.3041383
45,50,1000,0.2,-0.7236340973027724,-0.5492368430332406,-0.43186736
45,50,1000,0.2,-0.5692035913135236,-0.0901663897832567,-0.12566078
45,50,1000,0.2,-0.13403158743763854,0.491189786684767,0.7372036
45,50,1000,0.2,-0.9292751284890182,-0.7829682366303413,-0.83961487
45,50,1000,0.2,-0.4036252806738718,0.3617485592524238,0.20265001
45,50,1000,0.2,0.10438493984481312,1.1252744097126195,1.2099388
45,50,1000,0.2,0.917481846113186,3.0101028279822732,2.8221571
45,50,1000,0.2,-0.23932963294485377,0.4972594063774105,0.52841735
45,50,1000,0.2,0.38791282186909504,1.7108386520740901,1.7721212
45,50,1000,0.2,0.7788958176317331,2.6003950687494437,2.547367
45,50,1000,0.2,0.45998112484811604,1.8575670281129895,1.9150192
45,50,1000,0.2,-0.31531524674968425,0.8075491091485996,0.37775218
45,50,1000,0.2,-0.8210109099341998,-0.3203173886786548,-0.6249472
45,50,1000,0.2,-0.8728924503276831,-0.6341685245316331,-0.7278186
45,50,1000,0.2,-0.015277186618231742,1.2532966359457267,0.9726713
45,50,1000,0.2,-0.6339334158401577,-0.16528346231476015,-0.25400782
45,50,1000,0.2,0.04649610693339934,1.0233998426826294,1.0951561
45,50,1000,0.2,-0.5078736300180711,-0.41812332388508394,-0.004054904
45,50,1000,0.2,0.8684279958495875,2.547358272717799,2.7248926
45,50,1000,0.2,-0.3916528852215069,0.3375215776455231,0.22638899
45,50,1000,0.2,-0.5805001006887298,-0.45028441417412535,-0.1480596
45,50,1000,0.2,0.02263796509291205,1.0872458257704352,1.0478499
45,50,1000,0.2,-0.10326164220400535,1.074045663612038,0.7982147
45,50,1000,0.2,-0.019389306902525716,1.1860024473178363,0.9645177
45,50,1000,0.2,-0.08718086932186675,0.8548991505564754,0.8300998
45,50,1000,0.2,-0.5183424401691064,-0.24578979175210589,-0.02481258
45,50,1000,0.2,-0.07284915127037861,0.8752445033458996,0.8585169
45,50,1000,0.2,0.773921562434835,2.503827968905599,2.5375042
45,50,1000,0.2,-0.8470264619394292,-0.5964583873462574,-0.6765312
45,50,1000,0.2,-0.30296126101487353,0.475016569093113,0.40224785
45,50,1000,0.2,-0.4861667126266618,0.07134598937266384,0.03898585
45,50,1000,0.2,-0.9200143961985661,-0.8490514531357991,-0.8212526
45,50,1000,0.2,0.9590538586709172,2.8008437122996077,2.9045868
45,50,1000,0.2,0.03127669330250349,0.9496898046685092,1.0649788
45,50,1000,0.2,0.5703058240462755,2.1681496132732203,2.1337724
45,50,1000,0.2,-0.8046472651045518,-0.6112259775156852,-0.5925013
45,50,1000,0.2,-0.18811535606343255,0.5114535379524907,0.62996566
45,50,1000,0.2,-0.6773809642300075,-0.3524621484860025,-0.34015608
45,50,1000,0.2,0.45050855963928105,2.088296827989054,1.8962369
45,50,1000,0.2,0.5167573076722829,2.0046012519578187,2.0275955
45,50,1000,0.2,0.27984204265504764,1.5496672664531308,1.5578372
45,50,1000,0.2,0.9535221763806743,3.001130981730645,2.8936183
45,50,1000,0.2,0.33353343089133536,1.560568877940857,1.6642971
45,50,1000,0.2,-0.6334403275718428,0.04580029386210038,-0.25303006
45,50,1000,0.2,0.8544236147462358,2.8903869890900515,2.6971245
45,50,1000,0.2,0.6978871106258364,2.275929365759729,2.386742
45,50,1000,0.2,0.13569200295501505,1.3385529501910927,1.2720149
45,50,1000,0.2,0.7269412983871715,2.4739988385201355,2.444351
45,50,1000,0.2,-0.2851506968105739,0.4276873120050492,0.43756282
45,50,1000,0.2,0.4337193623851874,1.6673726549796337,1.862947
45,50,1000,0.2,-0.14919654928989057,0.8869185616136381,0.70713437
45,50,1000,0.2,-0.7370344014177448,-0.6454844405697225,-0.45843756
45,50,1000,0.2,-0.20039661555094823,0.5569655721717995,0.60561424
45,50,1000,0.2,-0.18563340554800067,0.6377599919904007,0.6348869
45,50,1000,0.2,-0.41950391488014316,-0.20831422609322092,0.17116565
45,50,1000,0.2,-0.42320300533701216,0.36111112273610246,0.16383106
45,50,1000,0.2,-0.5452751018449964,-0.20633383167863434,-0.078215
45,50,1000,0.2,-0.25140763335816785,0.3458860275075146,0.50446904
45,50,1000,0.2,-0.9771450827499379,-0.7665407903634138,-0.9345319
45,50,1000,0.2,-0.9617542051026204,-1.0015869490023426,-0.9040147
45,50,1000,0.2,-0.6820608327089606,-0.2981146425158588,-0.34943533
45,50,1000,0.2,0.5911807370864262,2.3805433089098216,2.1751633
45,50,1000,0.2,0.9959245026573469,3.2970405174916557,2.9776943
45,50,1000,0.2,-0.2465174660780265,0.5637189787206162,0.5141653
45,50,1000,0.2,-0.8054840104247187,-0.9598055721602285,-0.5941603
45,50,1000,0.2,-0.004446184349316429,1.3232291432802699,0.9941471
45,50,1000,0.2,0.92639459052076,2.809520385382375,2.8398294
45,50,1000,0.2,0.4275337368200327,1.7590176666410804,1.8506821
45,50,1000,0.2,0.9458389780462606,2.9113535374556165,2.878384
45,50,1000,0.2,-0.7934036898297228,-0.7401483505668256,-0.57020736
45,50,1000,0.2,0.3440956147078289,1.6079316683889557,1.68524
45,50,1000,0.2,0.5411614970055525,2.203745328394314,2.0759845
45,50,1000,0.2,0.807967909856474,2.5894222167822045,2.6050115
45,50,1000,0.2,-0.09635663466048072,0.9153056227839997,0.811906
45,50,1000,0.2,-0.10574924276474529,0.7440061124219254,0.7932822
45,50,1000,0.2,0.5424509259318204,2.12173810480435,2.0785413
45,50,1000,0.2,-0.2343838816842918,0.7402369117319545,0.53822386
45,50,1000,0.2,-0.08617715670846837,0.4279177914663887,0.83208996
45,50,1000,0.2,0.8074394794918669,2.818012015292154,2.6039639
45,50,1000,0.2,-0.4157049464149023,0.010167103057165394,0.1786983
45,50,1000,0.2,-0.18339418332051038,0.8033177700636669,0.6393269
45,50,1000,0.2,0.07384600216478088,1.274776909640361,1.1493858
45,50,1000,0.2,0.1041565533839417,1.234627900349497,1.2094859
45,50,1000,0.2,-0.20167770949045383,0.7584806403897248,0.6030741
45,50,1000,0.2,0.918333206070445,2.602434319850874,2.8238454
45,50,1000,0.2,0.0610744291255636,1.1542810962150818,1.1240622
45,50,1000,0.2,0.7645673438382148,2.971395554324328,2.5189562
45,50,1000,0.2,0.30640163971426726,1.6508655909473224,1.6104999
45,50,1000,0.2,0.36278502120767575,1.946485737129647,1.7222975
45,50,1000,0.2,-0.08279207646282827,0.8438290660060422,0.838802
45,50,1000,0.2,-0.8622960710132521,-1.063066229521326,-0.706808
45,50,1000,0.2,0.015271094481529746,1.0781822273674673,1.0332428
45,50,1000,0.2,0.45554254642883607,1.7439138793613478,1.9062183
45,50,1000,0.2,-0.6817075261155143,-0.15681721332703952,-0.34873474
45,50,1000,0.2,-0.05875819216385425,1.102144323818794,0.8864566
45,50,1000,0.2,-0.13116674888375845,0.7227055056964149,0.74288404
45,50,1000,0.2,-0.4733552465256987,-0.02311558284147415,0.06438863
45,50,1000,0.2,0.2289294129537487,1.8222418454795786,1.456887
45,50,1000,0.2,-0.8863038471335194,-0.7029738472186771,-0.75441086
45,50,1000,0.2,0.0731584222174444,1.5491288754185824,1.1480224
45,50,1000,0.2,-0.733121136508792,-0.4657280365312819,-0.45067835
45,50,1000,0.2,-0.40771960495571014,0.265843888823821,0.19453168
46,50,1000,0.5,-0.43460069810892676,-0.13799308049688447,0.15635067
46,50,1000,0.5,0.04875962215443996,0.8027032233333651,1.1029088
46,50,1000,0.5,-0.9063872905756225,-0.7634408542433472,-0.7675427
46,50,1000,0.5,-0.1525872930890544,0.8378316773109502,0.7086138
46,50,1000,0.5,-0.14240855500352434,0.8384839831236185,0.72854674
46,50,1000,0.5,-0.7790457780165105,-0.2867861642836229,-0.51817155
46,50,1000,0.5,0.5291239487154171,2.1355823142540005,2.0436
46,50,1000,0.5,0.36102896228565173,1.9925620345512072,1.7144217
46,50,1000,0.5,-0.28200944332073585,0.2125629865272177,0.45516813
46,50,1000,0.5,0.1486504976991576,1.4810734434094497,1.2985239
46,50,1000,0.5,0.24333087290651556,2.105665213792251,1.4839351
46,50,1000,0.5,-0.43438607484718084,0.6174957448769067,0.15677094
46,50,1000,0.5,-0.765359039230378,-1.2132995170733403,-0.491369
46,50,1000,0.5,0.012624448046777204,0.9780526428879619,1.0321459
46,50,1000,0.5,-0.3394659286062016,-0.17561254492397094,0.34265184
46,50,1000,0.5,-0.16661648618257807,0.9507707072480539,0.68114066
46,50,1000,0.5,-0.4139594309844066,0.3898542176790136,0.19677216
46,50,1000,0.5,0.5583588666036681,2.697484634986895,2.1008503
46,50,1000,0.5,-0.08299366586710999,1.5177201594958594,0.8448981
46,50,1000,0.5,0.45408852542265654,1.5081358128030125,1.8966591
46,50,1000,0.5,-0.3320702608063817,0.6484188066041017,0.3571347
46,50,1000,0.5,0.5873954067148413,2.357715207388112,2.1577125
46,50,1000,0.5,-0.3445591968857622,0.3499871967745517,0.33267778
46,50,1000,0.5,0.8442229235343861,2.2121233706610783,2.660654
46,50,1000,0.5,0.9806778947934087,2.7582042243642864,2.9278722
46,50,1000,0.5,-0.1506290624969875,1.1449788186717902,0.7124486
46,50,1000,0.5,-0.4599840536156703,0.23440751368696597,0.10664278
46,50,1000,0.5,0.7476643566694363,2.962418587588735,2.4715648
46,50,1000,0.5,-0.5770904084351729,-0.14471976492924843,-0.122684956
46,50,1000,0.5,-0.32804491531948954,0.3316354575398314,0.36501747
46,50,1000,0.5,0.03767029766305208,1.4273961063968952,1.0811927
46,50,1000,0.5,-0.1371631291320521,1.6370355417998756,0.73881876
46,50,1000,0.5,0.4428133359199049,1.8815217307050027,1.8745791
46,50,1000,0.5,0.011732767650616704,1.2030901135579617,1.0303997
46,50,1000,0.5,0.3992441085010334,1.907078033321207,1.789258
46,50,1000,0.5,-0.8839416793522488,-1.0159345256957788,-0.7235879
46,50,1000,0.5,0.2695726458673895,1.865035922585087,1.5353241
46,50,1000,0.5,0.3929262893050012,1.3260272335786714,1.7768859
46,50,1000,0.5,-0.3036161145069598,-0.017999487523683355,0.4128561
46,50,1000,0.5,-0.5111488159967945,0.14118366570863966,0.0064475536
46,50,1000,0.5,-0.4329623068356667,1.20886265376231,0.15955913
46,50,1000,0.5,0.1730258696201663,1.3565827499113645,1.3462578
46,50,1000,0.5,-0.8409558348264885,-1.1120428956317365,-0.6394093
46,50,1000,0.5,0.9996171562339307,2.5076752205950075,2.9649606
46,50,1000,0.5,0.9216693161260003,3.034046759356586,2.8123164
46,50,1000,0.5,0.5984051747047834,2.754291510883268,2.1792727
46,50,1000,0.5,0.10929011724051918,0.4162109695505448,1.221445
46,50,1000,0.5,-0.34402399818384066,0.49785754438106544,0.3337258
46,50,1000,0.5,-0.17028626133287195,0.05222678585462659,0.6739541
46,50,1000,0.5,-0.9013021064231206,-1.2133791256478075,-0.7575846
46,50,1000,0.5,0.8395656215563168,1.9339985491589844,2.6515338
46,50,1000,0.5,0.46348837086578554,2.895332972932847,1.9150667
46,50,1000,0.5,-0.7994121154690044,-1.1412522606687312,-0.5580548
46,50,1000,0.5,-0.10721116903359418,1.06980712139495,0.7974733
46,50,1000,0.5,0.5610583525729109,2.101416299366838,2.1061368
46,50,1000,0.5,-0.47088877579074606,0.09551565169028464,0.08528823
46,50,1000,0.5,0.3183529437000565,2.3735882949693154,1.6308498
46,50,1000,0.5,0.5834500761653292,2.1376068767637277,2.1499863
46,50,1000,0.5,0.7453013108947906,2.8527868742245635,2.4669373
46,50,1000,0.5,-0.024647352923584886,0.772729547629427,0.95915693
46,50,1000,0.5,-0.8043110310119319,-0.49739048001956043,-0.5676483
46,50,1000,0.5,-0.5822464878103306,-0.17006578154158186,-0.1327821
46,50,1000,0.5,0.20078447419527912,1.6579871771869366,1.4006171
46,50,1000,0.5,0.7933425860806842,2.433302284147866,2.561016
46,50,1000,0.5,0.214498748023082,1.8144159762486323,1.4274735
46,50,1000,0.5,0.06983370985416792,0.45314614423288824,1.1441779
46,50,1000,0.5,-0.7653688716336122,-1.085476520085297,-0.49138832
46,50,1000,0.5,-0.7043973318692192,-0.18737160686506882,-0.37198853
46,50,1000,0.5,0.9529189300267915,2.481677598650967,2.8735123
46,50,1000,0.5,0.17747921994057636,1.1917992088019937,1.3549788
46,50,1000,0.5,0.14450381158174674,0.8499124517584569,1.2904035
46,50,1000,0.5,-0.18653330832850346,0.40270088024096345,0.64213777
46,50,1000,0.5,0.479767835658202,1.7533997940141326,1.9469466
46,50,1000,0.5,0.9414628855412657,2.981516298681215,2.851078
46,50,1000,0.5,0.644235466388491,2.1380789945389687,2.2690215
46,50,1000,0.5,0.2789450327974472,1.6526398843688512,1.5536779
46,50,1000,0.5,-0.5168859199201632,-1.434873239036183,-0.004787445
46,50,1000,0.5,0.3636405982069668,1.9298832365753777,1.7195361
46,50,1000,0.5,0.8154659149700789,2.536514439831266,2.6043396
46,50,1000,0.5,-0.8931456364263495,-1.502659017819753,-0.74161184
46,50,1000,0.5,-0.18992877340610015,0.9781118999062955,0.6354885
46,50,1000,0.5,0.6419864596958702,2.2992738315609995,2.2646172
46,50,1000,0.5,0.8986376448313629,2.948269894841502,2.7672138
46,50,1000,0.5,-0.8057974484138775,-0.6464156860512227,-0.570559
46,50,1000,0.5,0.7211023476575875,2.2415873403595836,2.4195487
46,50,1000,0.5,0.01961439324316827,0.6480453030352917,1.0458342
46,50,1000,0.5,-0.542706898034109,0.011192980548630257,-0.05535233
46,50,1000,0.5,-0.6932622442813086,-0.13716100940665113,-0.35018277
46,50,1000,0.5,0.04152287448372105,1.036989691621464,1.0887372
46,50,1000,0.5,0.3912508912777144,1.415845378763596,1.773605
46,50,1000,0.5,0.9037489536654724,3.4181903870605437,2.777223
46,50,1000,0.5,0.9840224868289482,3.24953983295096,2.934422
46,50,1000,0.5,-0.9395294839880348,-0.8294565367103184,-0.8324448
46,50,1000,0.5,0.17663422710721144,0.8843283386386971,1.3533239
46,50,1000,0.5,-0.8492818618333193,-0.4044512591076703,-0.65571404
46,50,1000,0.5,0.10937561732283796,2.0111614983201846,1.2216123
46,50,1000,0.5,0.7613562460941592,1.7304757106128505,2.4983773
46,50,1000,0.5,0.15189299111235854,0.7874644312786523,1.3048736
46,50,1000,0.5,-0.7236340973027724,-0.7021898156747843,-0.40965974
46,50,1000,0.5,-0.5692035913135236,-0.01780520051757095,-0.10724044
46,50,1000,0.5,-0.13403158743763854,0.1300692290248332,0.74495125
46,50,1000,0.5,-0.9292751284890182,-0.6695952061087989,-0.81236386
46,50,1000,0.5,-0.4036252806738718,0.615247240152675,0.21700943
46,50,1000,0.5,0.10438493984481312,1.0000312047471092,1.2118392
46,50,1000,0.5,0.917481846113186,3.2728115316161253,2.8041162
46,50,1000,0.5,-0.23932963294485377,0.4611374147780876,0.53874743
46,50,1000,0.5,0.38791282186909504,1.6133581645779405,1.7670681
46,50,1000,0.5,0.7788958176317331,2.66430021897841,2.5327249
46,50,1000,0.5,0.45998112484811604,1.7639741957381256,1.9081985
46,50,1000,0.5,-0.31531524674968425,1.4648185131205516,0.3899458
46,50,1000,0.5,-0.8210109099341998,0.1622392581059623,-0.60035133
46,50,1000,0.5,-0.8728924503276831,-0.4667439603460334,-0.7019503
46,50,1000,0.5,-0.015277186618231742,1.6790731497190121,0.9775064
46,50,1000,0.5,-0.6339334158401577,-0.01140840826642725,-0.23399997
46,50,1000,0.5,0.04649610693339934,0.9190112859063757,1.0984763
46,50,1000,0.5,-0.5078736300180711,-1.0216874196584966,0.012861192
46,50,1000,0.5,0.8684279958495875,2.2631116942457354,2.7080545
46,50,1000,0.5,-0.3916528852215069,0.5187625997783283,0.2404548
46,50,1000,0.5,-0.5805001006887298,-0.8842107333691239,-0.12936223
46,50,1000,0.5,0.02263796509291205,1.1502006691473516,1.0517552
46,50,1000,0.5,-0.10326164220400535,1.494899085642111,0.8052076
46,50,1000,0.5,-0.019389306902525716,1.5231740390021682,0.9694537
46,50,1000,0.5,-0.08718086932186675,0.8987904843567887,0.83669835
46,50,1000,0.5,-0.5183424401691064,-0.5594471588729456,-0.0076396465
46,50,1000,0.5,-0.07284915127037861,0.9066587121758849,0.864764
46,50,1000,0.5,0.773921562434835,2.4378052349594923,2.522984
46,50,1000,0.5,-0.8470264619394292,-0.4500665825473561,-0.65129733
46,50,1000,0.5,-0.30296126101487353,0.5964252057774031,0.41413844
46,50,1000,0.5,-0.4861667126266618,0.13686511131164497,0.055369616
46,50,1000,0.5,-0.9200143961985661,-0.8625854442437996,-0.79422855
46,50,1000,0.5,0.9590538586709172,2.624947704736268,2.8855262
46,50,1000,0.5,0.03127669330250349,0.7803944317637626,1.0686723
46,50,1000,0.5,0.5703058240462755,2.2094565610442247,2.124246
46,50,1000,0.5,-0.8046472651045518,-0.6141231484755577,-0.5683067
46,50,1000,0.5,-0.18811535606343255,0.3429799130715245,0.6390397
46,50,1000,0.5,-0.6773809642300075,-0.3490124785249838,-0.31908274
46,50,1000,0.5,0.45050855963928105,2.369216391054792,1.8896486
46,50,1000,0.5,0.5167573076722829,1.9612312068776978,2.0193825
46,50,1000,0.5,0.27984204265504764,1.5346420381676842,1.5554345
46,50,1000,0.5,0.9535221763806743,3.1422609251845897,2.8746934
46,50,1000,0.5,0.33353343089133536,1.4008219021781367,1.6605777
46,50,1000,0.5,-0.6334403275718428,0.5148217173707792,-0.23303437
46,50,1000,0.5,0.8544236147462358,3.162696628486421,2.6806302
46,50,1000,0.5,0.6978871106258364,2.096162082521813,2.3740869
46,50,1000,0.5,0.13569200295501505,1.4393063666126866,1.2731473
46,50,1000,0.5,0.7269412983871715,2.5041732011388245,2.430983
46,50,1000,0.5,-0.2851506968105739,0.42467037044434486,0.44901663
46,50,1000,0.5,0.4337193623851874,1.367273550293522,1.8567705
46,50,1000,0.5,-0.14919654928989057,1.1648860519037672,0.71525383
46,50,1000,0.5,-0.7370344014177448,-0.9026078971710719,-0.43590128
46,50,1000,0.5,-0.20039661555094823,0.49360377708234354,0.61498946
46,50,1000,0.5,-0.18563340554800067,0.6513001966200038,0.64390004
46,50,1000,0.5,-0.41950391488014316,-0.7622738205926228,0.18591446
46,50,1000,0.5,-0.42320300533701216,0.6723868228512927,0.17867064
46,50,1000,0.5,-0.5452751018449964,-0.3800092736615967,-0.06038153
46,50,1000,0.5,-0.25140763335816785,0.11893796884329016,0.51509523
46,50,1000,0.5,-0.9771450827499379,-0.48491672765872085,-0.9061068
46,50,1000,0.5,-0.9617542051026204,-1.118704757197995,-0.87596714
46,50,1000,0.5,-0.6820608327089606,-0.1991041081627653,-0.3282473
46,50,1000,0.5,0.5911807370864262,2.677816061015275,2.165125
46,50,1000,0.5,0.9959245026573469,3.754827785757098,2.9577293
46,50,1000,0.5,-0.2465174660780265,0.6488498450356197,0.5246716
46,50,1000,0.5,-0.8054840104247187,-1.483061899126415,-0.5699452
46,50,1000,0.5,-0.004446184349316429,1.8214114112486242,0.9987166
46,50,1000,0.5,0.92639459052076,2.744617191893657,2.82157
46,50,1000,0.5,0.4275337368200327,1.6149429561426027,1.8446572
46,50,1000,0.5,0.9458389780462606,2.940866909500259,2.8596478
46,50,1000,0.5,-0.7934036898297228,-0.9701598069278956,-0.5462885
46,50,1000,0.5,0.3440956147078289,1.4875423268489028,1.6812615
46,50,1000,0.5,0.5411614970055525,2.385878829969128,2.067173
46,50,1000,0.5,0.807967909856474,2.549651812386089,2.5896564
46,50,1000,0.5,-0.09635663466048072,1.0773339609414414,0.8187296
46,50,1000,0.5,-0.10574924276474529,0.6772630093490493,0.8003362
46,50,1000,0.5,0.5424509259318204,2.176992484215414,2.0696979
46,50,1000,0.5,-0.2343838816842918,1.0537439243827618,0.54843265
46,50,1000,0.5,-0.08617715670846837,-0.1716740512086231,0.83866394
46,50,1000,0.5,0.8074394794918669,3.1227115997547843,2.5886216
46,50,1000,0.5,-0.4157049464149023,-0.22746740311237962,0.19335401
46,50,1000,0.5,-0.18339418332051038,1.0584769751206984,0.6482851
46,50,1000,0.5,0.07384600216478088,1.4654042676065595,1.1520352
46,50,1000,0.5,0.1041565533839417,1.2741000907219178,1.2113919
46,50,1000,0.5,-0.20167770949045383,1.0012347294456738,0.6124807
46,50,1000,0.5,0.918333206070445,2.25108618141585,2.8057833
46,50,1000,0.5,0.0610744291255636,1.2024794531610137,1.1270248
46,50,1000,0.5,0.7645673438382148,3.634786854296176,2.5046656
46,50,1000,0.5,0.30640163971426726,1.7079590582255044,1.6074458
46,50,1000,0.5,0.36278502120767575,2.2778592792010897,1.7178607
46,50,1000,0.5,-0.08279207646282827,0.8579488944035903,0.8452929
46,50,1000,0.5,-0.8622960710132521,-1.5707773607635585,-0.68119955
46,50,1000,0.5,0.015271094481529746,1.1496422849740788,1.0373287
46,50,1000,0.5,0.45554254642883607,1.4931570591168615,1.8995066
46,50,1000,0.5,-0.6817075261155143,0.15307954502894416,-0.3275553
46,50,1000,0.5,-0.05875819216385425,1.4316353860385478,0.8923581
46,50,1000,0.5,-0.13116674888375845,0.7002640108923126,0.75056136
46,50,1000,0.5,-0.4733552465256987,-0.13772321752658923,0.080458164
46,50,1000,0.5,0.2289294129537487,2.3688163748377002,1.4557331
46,50,1000,0.5,-0.8863038471335194,-0.5985230766461345,-0.72821367
46,50,1000,0.5,0.0731584222174444,2.153346921894123,1.1506886
46,50,1000,0.5,-0.733121136508792,-0.4649566818018289,-0.42823803
46,50,1000,0.5,-0.40771960495571014,0.38776853692668284,0.20899153
47,50,1000,1.0,-0.43460069810892676,-0.4067847647759154,0.18187982
47,50,1000,1.0,0.04875962215443996,0.5078872023578501,1.1083016
47,50,1000,1.0,-0.9063872905756225,-0.7141071273354493,-0.7223594
47,50,1000,1.0,-0.1525872930890544,0.9808379408000092,0.7223946
47,50,1000,1.0,-0.14240855500352434,0.9617850762542858,0.7419034
47,50,1000,1.0,-0.7790457780165105,-0.015480772534224752,-0.47829306
47,50,1000,1.0,0.5291239487154171,2.2129167310771662,2.0289812
47,50,1000,1.0,0.36102896228565173,2.263066144531111,1.7068057
47,50,1000,1.0,-0.28200944332073585,-0.010855140304092903,0.4743405
47,50,1000,1.0,0.1486504976991576,1.6648458914205841,1.2997553
47,50,1000,1.0,0.24333087290651556,2.7246686817714707,1.4812224
47,50,1000,1.0,-0.43438607484718084,1.1037636394481751,0.18229121
47,50,1000,1.0,-0.765359039230378,-1.8958809556859246,-0.4520607
47,50,1000,1.0,0.012624448046777204,0.9308563896823694,1.039044
47,50,1000,1.0,-0.3394659286062016,-0.6722932326355386,0.36421782
47,50,1000,1.0,-0.16661648618257807,1.234774386861264,0.69550586
47,50,1000,1.0,-0.4139594309844066,0.6076272973268404,0.22144145
47,50,1000,1.0,0.5583588666036681,3.2782515367664535,2.0850139
47,50,1000,1.0,-0.08299366586710999,2.2014276507259387,0.85577965
47,50,1000,1.0,0.45408852542265654,1.1080945747607118,1.8851664
47,50,1000,1.0,-0.3320702608063817,0.9609781348209668,0.37839258
47,50,1000,1.0,0.5873954067148413,2.5406396013465407,2.140666
47,50,1000,1.0,-0.3445591968857622,0.3890927873206278,0.35445595
47,50,1000,1.0,0.8442229235343861,1.7358008942533845,2.6329088
47,50,1000,1.0,0.9806778947934087,2.555052659141755,2.894442
47,50,1000,1.0,-0.1506290624969875,1.5912157623375554,0.7261478
47,50,1000,1.0,-0.4599840536156703,0.38878313460527253,0.13322943
47,50,1000,1.0,0.7476643566694363,3.4295084618385974,2.447842
47,50,1000,1.0,-0.5770904084351729,-0.13525871298815106,-0.09121978
47,50,1000,1.0,-0.32804491531948954,0.31936074571864187,0.38610762
47,50,1000,1.0,0.03767029766305208,1.7794516174676862,1.0870476
47,50,1000,1.0,-0.1371631291320521,2.548397341863855,0.75195694
47,50,1000,1.0,0.4428133359199049,1.8774167895701959,1.8635559
47,50,1000,1.0,0.011732767650616704,1.3827146918146898,1.037335
47,50,1000,1.0,0.3992441085010334,2.015667849640347,1.78005
47,50,1000,1.0,-0.8839416793522488,-1.2639856926870598,-0.6793395
47,50,1000,1.0,0.2695726458673895,2.190926553435395,1.531518
47,50,1000,1.0,0.3929262893050012,0.8662018885473406,1.767941
47,50,1000,1.0,-0.3036161145069598,-0.4287667460334471,0.43292856
47,50,1000,1.0,-0.5111488159967945,0.30466496341086835,0.035165608
47,50,1000,1.0,-0.4329623068356667,2.2836499211959533,0.18502009
47,50,1000,1.0,0.1730258696201663,1.3671137605823962,1.3464738
47,50,1000,1.0,-0.8409558348264885,-1.5421741216104958,-0.5969517
47,50,1000,1.0,0.9996171562339307,2.0161161287221536,2.9307418
47,50,1000,1.0,0.9216693161260003,3.2247548864611715,2.7813447
47,50,1000,1.0,0.5984051747047834,3.3117726723569687,2.1617675
47,50,1000,1.0,0.10929011724051918,-0.3861582953799487,1.2243161
47,50,1000,1.0,-0.34402399818384066,0.6837630851298122,0.35548168
47,50,1000,1.0,-0.17028626133287195,-0.5549739056250029,0.6884723
47,50,1000,1.0,-0.9013021064231206,-1.6241540384493738,-0.712613
47,50,1000,1.0,0.8395656215563168,1.1888658552053353,2.6239824
47,50,1000,1.0,0.46348837086578554,3.863689204134123,1.9031823
47,50,1000,1.0,-0.7994121154690044,-1.6836802903994539,-0.5173279
47,50,1000,1.0,-0.10721116903359418,1.3540365808570884,0.8093637
47,50,1000,1.0,0.5610583525729109,2.0807158935878545,2.0901875
47,50,1000,1.0,-0.47088877579074606,0.1328088549620614,0.112329185
47,50,1000,1.0,0.3183529437000565,3.110470702538518,1.6250117
47,50,1000,1.0,0.5834500761653292,2.1083136011967976,2.1331043
47,50,1000,1.0,0.7453013108947906,3.2149711266595453,2.4433126
47,50,1000,1.0,-0.024647352923584886,0.5947538011060238,0.96760786
47,50,1000,1.0,-0.8043110310119319,-0.38615889801525705,-0.5267172
47,50,1000,1.0,-0.5822464878103306,-0.1756385874625025,-0.10110211
47,50,1000,1.0,0.20078447419527912,1.9144054059833149,1.3996768
47,50,1000,1.0,0.7933425860806842,2.279919396134364,2.53539
47,50,1000,1.0,0.214498748023082,2.1998344564511005,1.4259619
47,50,1000,1.0,0.06983370985416792,-0.23337513124255937,1.1486928
47,50,1000,1.0,-0.7653688716336122,-1.6402152969033696,-0.45207965
47,50,1000,1.0,-0.7043973318692192,0.03405145000830068,-0.33521986
47,50,1000,1.0,0.9529189300267915,2.0575173372483504,2.8412385
47,50,1000,1.0,0.17747921994057636,1.0286399777228346,1.3550092
47,50,1000,1.0,0.14450381158174674,0.41081728035342036,1.2918077
47,50,1000,1.0,-0.18653330832850346,0.17846837713893382,0.6573327
47,50,1000,1.0,0.479767835658202,1.5472639167118611,1.934384
47,50,1000,1.0,0.9414628855412657,3.0801068262798985,2.8192816
47,50,1000,1.0,0.644235466388491,1.987687056300955,2.2496073
47,50,1000,1.0,0.2789450327974472,1.7473897031428078,1.5494814
47,50,1000,1.0,-0.5168859199201632,-2.8359746382320394,0.024169683
47,50,1000,1.0,0.3636405982069668,2.132485276736822,1.7118113
47,50,1000,1.0,0.8154659149700789,2.442097049722374,2.5777922
47,50,1000,1.0,-0.8931456364263495,-2.219026762786807,-0.69698
47,50,1000,1.0,-0.18992877340610015,1.3360813466247914,0.6508249
47,50,1000,1.0,0.6419864596958702,2.314574743730258,2.2452967
47,50,1000,1.0,0.8986376448313629,3.0992645000202788,2.7372015
47,50,1000,1.0,-0.8057974484138775,-0.6812364752746904,-0.52956617
47,50,1000,1.0,0.7211023476575875,2.0409699854039927,2.3969326
47,50,1000,1.0,0.01961439324316827,0.2568618195842468,1.0524411
47,50,1000,1.0,-0.542706898034109,0.10779975716547849,-0.025319457
47,50,1000,1.0,-0.6932622442813086,0.11220246974931486,-0.31387794
47,50,1000,1.0,0.04152287448372105,0.9909336342754862,1.0944315
47,50,1000,1.0,0.3912508912777144,1.049188974971763,1.76473
47,50,1000,1.0,0.9037489536654724,4.028882866790143,2.7469978
47,50,1000,1.0,0.9840224868289482,3.5310346922440243,2.9008524
47,50,1000,1.0,-0.9395294839880348,-0.7798541054445672,-0.7858807
47,50,1000,1.0,0.17663422710721144,0.4153882230629712,1.3533897
47,50,1000,1.0,-0.8492818618333193,-0.11033879454870199,-0.61290956
47,50,1000,1.0,0.10937561732283796,2.803571761994694,1.22448
47,50,1000,1.0,0.7613562460941592,0.9382389290373829,2.4740841
47,50,1000,1.0,0.15189299111235854,0.2711428803325875,1.30597
47,50,1000,1.0,-0.7236340973027724,-0.9571114367440239,-0.37208962
47,50,1000,1.0,-0.5692035913135236,0.1027967815919053,-0.07610381
47,50,1000,1.0,-0.13403158743763854,-0.4717983670750565,0.75795895
47,50,1000,1.0,-0.9292751284890182,-0.4806401552395613,-0.7662269
47,50,1000,1.0,-0.4036252806738718,1.0377450416530936,0.24124819
47,50,1000,1.0,0.10438493984481312,0.7912925298045923,1.2149147
47,50,1000,1.0,0.917481846113186,3.7106593710058786,2.7733188
47,50,1000,1.0,-0.23932963294485377,0.40093409544588277,0.55614185
47,50,1000,1.0,0.38791282186909504,1.4508906854176908,1.758332
47,50,1000,1.0,0.7788958176317331,2.7708088026933537,2.507701
47,50,1000,1.0,0.45998112484811604,1.6079861417800192,1.8964603
47,50,1000,1.0,-0.31531524674968425,2.5602675197404716,0.41050565
47,50,1000,1.0,-0.8210109099341998,0.9665003360803242,-0.55872464
47,50,1000,1.0,-0.8728924503276831,-0.18770302003670047,-0.65816224
47,50,1000,1.0,-0.015277186618231742,2.3887006726744877,0.985567
47,50,1000,1.0,-0.6339334158401577,0.24505001514746094,-0.20016682
47,50,1000,1.0,0.04649610693339934,0.7450303579459528,1.1039634
47,50,1000,1.0,-0.5078736300180711,-2.027627579280851,0.04144287
47,50,1000,1.0,0.8684279958495875,1.7893673967922954,2.6793008
47,50,1000,1.0,-0.3916528852215069,0.8208309699996704,0.26419485
47,50,1000,1.0,-0.5805001006887298,-1.6074212653607882,-0.097755075
47,50,1000,1.0,0.02263796509291205,1.2551254081088794,1.0582362
47,50,1000,1.0,-0.10326164220400535,2.1963214556922326,0.8169335
47,50,1000,1.0,-0.019389306902525716,2.0851266918093874,0.9776856
47,50,1000,1.0,-0.08718086932186675,0.9719427073573108,0.84775436
47,50,1000,1.0,-0.5183424401691064,-1.0822094374076785,0.02137816
47,50,1000,1.0,-0.07284915127037861,0.9590157268925271,0.8752229
47,50,1000,1.0,0.773921562434835,2.3277673450493146,2.498167
47,50,1000,1.0,-0.8470264619394292,-0.20608024121585383,-0.6085868
47,50,1000,1.0,-0.30296126101487353,0.7987729335845533,0.43418366
47,50,1000,1.0,-0.4861667126266618,0.24606364787661347,0.08304703
47,50,1000,1.0,-0.9200143961985661,-0.8851420960904669,-0.74847746
47,50,1000,1.0,0.9590538586709172,2.331787692130702,2.8529968
47,50,1000,1.0,0.03127669330250349,0.498235476922518,1.0747935
47,50,1000,1.0,0.5703058240462755,2.2783014739958984,2.1079116
47,50,1000,1.0,-0.8046472651045518,-0.6189517667420119,-0.52736163
47,50,1000,1.0,-0.18811535606343255,0.06219053826991405,0.6543005
47,50,1000,1.0,-0.6773809642300075,-0.3432630285899526,-0.28343952
47,50,1000,1.0,0.45050855963928105,2.8374156628310216,1.8783048
47,50,1000,1.0,0.5167573076722829,1.8889477984108298,2.005279
47,50,1000,1.0,0.27984204265504764,1.509599991025273,1.5512006
47,50,1000,1.0,0.9535221763806743,3.3774774976078303,2.8423948
47,50,1000,1.0,0.33353343089133536,1.134576942573603,1.6541071
47,50,1000,1.0,-0.6334403275718428,1.296524089885244,-0.19922161
47,50,1000,1.0,0.8544236147462358,3.6165460274803705,2.6524596
47,50,1000,1.0,0.6978871106258364,1.7965499437919534,2.3524375
47,50,1000,1.0,0.13569200295501505,1.6072287273153432,1.2749187
47,50,1000,1.0,0.7269412983871715,2.554463805503306,2.4081235
47,50,1000,1.0,-0.2851506968105739,0.4196421345098376,0.4683199
47,50,1000,1.0,0.4337193623851874,0.8671083758166693,1.8461262
47,50,1000,1.0,-0.14919654928989057,1.6281652023873154,0.7288934
47,50,1000,1.0,-0.7370344014177448,-1.3311469915066543,-0.3977729
47,50,1000,1.0,-0.20039661555094823,0.38800078526658355,0.6307619
47,50,1000,1.0,-0.18563340554800067,0.6738672043360089,0.6590575
47,50,1000,1.0,-0.41950391488014316,-1.6855398114249593,0.21081477
47,50,1000,1.0,-0.42320300533701216,1.1911796563766097,0.20372504
47,50,1000,1.0,-0.5452751018449964,-0.6694683436332006,-0.030241728
47,50,1000,1.0,-0.25140763335816785,-0.259308795597084,0.53299284
47,50,1000,1.0,-0.9771450827499379,-0.015543289817565809,-0.8579757
47,50,1000,1.0,-0.9617542051026204,-1.313901104190749,-0.82847714
47,50,1000,1.0,-0.6820608327089606,-0.03408655090760948,-0.29240906
47,50,1000,1.0,0.5911807370864262,3.1732706478576977,2.147921
47,50,1000,1.0,0.9959245026573469,4.517806566199502,2.923664
47,50,1000,1.0,-0.2465174660780265,0.7907346222272925,0.54236543
47,50,1000,1.0,-0.8054840104247187,-2.3551557774033927,-0.52896535
47,50,1000,1.0,-0.004446184349316429,2.651715191195881,1.006326
47,50,1000,1.0,0.92639459052076,2.636445202745794,2.7904012
47,50,1000,1.0,0.4275337368200327,1.37481843864514,1.8342707
47,50,1000,1.0,0.9458389780462606,2.990055862907997,2.827669
47,50,1000,1.0,-0.7934036898297228,-1.3535122341963457,-0.5058119
47,50,1000,1.0,0.3440956147078289,1.2868934242821477,1.6743509
47,50,1000,1.0,0.5411614970055525,2.689434665927151,2.0520527
47,50,1000,1.0,0.807967909856474,2.4833678050592303,2.5634212
47,50,1000,1.0,-0.09635663466048072,1.3473811912038445,0.83016783
47,50,1000,1.0,-0.10574924276474529,0.5660245042275891,0.81216574
47,50,1000,1.0,0.5424509259318204,2.269083116567187,2.054524
47,50,1000,1.0,-0.2343838816842918,1.576255612134107,0.565621
47,50,1000,1.0,-0.08617715670846837,-1.1709937890003095,0.8496781
47,50,1000,1.0,0.8074394794918669,3.6305442405258352,2.5624084
47,50,1000,1.0,-0.4157049464149023,-0.6235249133949546,0.21809602
47,50,1000,1.0,-0.18339418332051038,1.4837423168824175,0.6633493
47,50,1000,1.0,0.07384600216478088,1.7831165308835573,1.1563829
47,50,1000,1.0,0.1041565533839417,1.3398870746759521,1.214477
47,50,1000,1.0,-0.20167770949045383,1.405824877872255,0.6283065
47,50,1000,1.0,0.918333206070445,1.6655059506908096,2.7749505
47,50,1000,1.0,0.0610744291255636,1.2828100480709,1.1319046
47,50,1000,1.0,0.7645673438382148,4.740439020915923,2.4802384
47,50,1000,1.0,0.30640163971426726,1.8031148370224743,1.6021055
47,50,1000,1.0,0.36278502120767575,2.830148515986828,1.7101715
47,50,1000,1.0,-0.08279207646282827,0.8814819417328371,0.85616606
47,50,1000,1.0,-0.8622960710132521,-2.4169625795006127,-0.6378529
47,50,1000,1.0,0.015271094481529746,1.2687423809850982,1.0441166
47,50,1000,1.0,0.45554254642883607,1.0752290253760508,1.887953
47,50,1000,1.0,-0.6817075261155143,0.669574142288917,-0.29173183
47,50,1000,1.0,-0.05875819216385425,1.9807871564048039,0.90223
47,50,1000,1.0,-0.13116674888375845,0.662861519552142,0.7634498
47,50,1000,1.0,-0.4733552465256987,-0.328735942001781,0.10760188
47,50,1000,1.0,0.2289294129537487,3.2797739237679036,1.4536201
47,50,1000,1.0,-0.8863038471335194,-0.42443845902523014,-0.68386686
47,50,1000,1.0,0.0731584222174444,3.160376999353357,1.1550651
47,50,1000,1.0,-0.733121136508792,-0.4636710905860739,-0.39027274
47,50,1000,1.0,-0.40771960495571014,0.590976283764786,0.23340088
48,100,100,0.05,0.3849442387400397,1.774266039549339,1.6950397
48,100,100,0.05,-0.7959103785039439,-0.5902292290941702,-0.47414708
48,100,100,0.05,0.9529189300267915,2.9024257797873516,2.7383885
48,100,100,0.05,0.3412757392363188,1.675069751456254,1.6148224
48,100,100,0.05,0.33353343089133536,1.6323384687961024,1.6006
48,100,100,0.05,0.3636405982069668,1.77339152999226,1.6559057
48,100,100,0.05,-0.07704127549413631,0.7823931990874406,0.8463892
48,100,100,0.05,-0.36403364121204795,0.24703109504128884,0.31919467
48,100,100,0.05,0.5834500761653292,2.146741304981999,2.0596876
48,100,100,0.05,0.0976270078546495,1.1369965236701312,1.1672485
48,100,100,0.05,0.556313501899701,2.118972608434583,2.0098388
48,100,100,0.05,-0.47088877579074606,0.15160039643983636,0.12290573
48,100,100,0.05,0.20969103949009193,1.378060152047233,1.373106
48,100,100,0.05,0.13686789773729702,1.3692390431295458,1.2393326
48,100,100,0.05,-0.3628620950973527,0.3203187509943356,0.32134682
48,100,100,0.05,-0.15269040132219058,0.7690318070453989,0.7074245
48,100,100,0.05,-0.43438607484718084,0.18755964641096368,0.18995982
48,100,100,0.05,-0.7596068775736622,-0.5732103305654955,-0.4074589
48,100,100,0.05,0.13608912218786462,1.2825919932795722,1.2379019
48,100,100,0.05,0.5484673788684333,2.1422369906506358,1.9954258
49,100,100,0.2,0.3849442387400397,1.7873987257571176,1.7644861
49,100,100,0.2,-0.7959103785039439,-0.5854546453530175,-0.4859078
49,100,100,0.2,0.9529189300267915,2.892189538988657,2.8468943
49,100,100,0.2,0.3412757392363188,1.6526245704071034,1.6812656
49,100,100,0.2,0.33353343089133536,1.5281532898363976,1.6665108
49,100,100,0.2,0.3636405982069668,1.911722530727239,1.723887
49,100,100,0.2,-0.07704127549413631,0.5918204493145807,0.88406485
49,100,100,0.2,-0.36403364121204795,0.1723262274374431,0.337134
49,100,100,0.2,0.5834500761653292,2.0862647629360223,2.142785
49,100,100,0.2,0.0976270078546495,0.9622240475526277,1.216936
49,100,100,0.2,0.556313501899701,2.138009422340126,2.0910702
49,100,100,0.2,-0.47088877579074606,0.43173424050382186,0.13349664
49,100,100,0.2,0.20969103949009193,1.254094371248381,1.4305001
49,100,100,0.2,0.13686789773729702,1.6557487860944007,1.2917187
49,100,100,0.2,-0.3628620950973527,0.45844757456145846,0.33936667
49,100,100,0.2,-0.15269040132219058,0.9922696361147387,0.73989785
49,100,100,0.2,-0.43438607484718084,0.3565550347269397,0.20306098
49,100,100,0.2,-0.7596068775736622,-0.735200056820009,-0.41672313
49,100,100,0.2,0.13608912218786462,1.3138332399911012,1.2902346
49,100,100,0.2,0.5484673788684333,2.2781436893919436,2.0761175
50,100,100,0.5,0.3849442387400397,1.8136640981726748,1.7249753
50,100,100,0.5,-0.7959103785039439,-0.5759054778707121,-0.27882874
50,100,100,0.5,0.9529189300267915,2.8717170573912676,2.6887774
50,100,100,0.5,0.3412757392363188,1.6077342083088022,1.6508739
50,100,100,0.5,0.33353343089133536,1.319782931916988,1.6377358
50,100,100,0.5,0.3636405982069668,2.188384532197197,1.6888249
50,100,100,0.5,-0.07704127549413631,0.2106749497688606,0.94102746
50,100,100,0.5,-0.36403364121204795,0.022916492229751645,0.45402724
50,100,100,0.5,0.5834500761653292,1.9653116788440685,2.061822
50,100,100,0.5,0.0976270078546495,0.6126790953176208,1.2374238
50,100,100,0.5,0.556313501899701,2.176083050151212,2.0157735
50,100,100,0.5,-0.47088877579074606,0.9920019286317928,0.2727037
50,100,100,0.5,0.20969103949009193,1.0061628096506767,1.4275864
50,100,100,0.5,0.13686789773729702,2.228768272024111,1.3040121
50,100,100,0.5,-0.3628620950973527,0.7347052216957042,0.4560153
50,100,100,0.5,-0.15269040132219058,1.4387452942534187,0.8126577
50,100,100,0.5,-0.43438607484718084,0.6945458113588918,0.3346455
50,100,100,0.5,-0.7596068775736622,-1.0591795093290362,-0.21722496
50,100,100,0.5,0.13608912218786462,1.3763157334141594,1.3026905
50,100,100,0.5,0.5484673788684333,2.549957086874559,2.0024595
51,100,100,1.0,0.3849442387400397,1.8574397188652703,1.9790797
51,100,100,1.0,-0.7959103785039439,-0.5599901987335365,-0.34726262
51,100,100,1.0,0.9529189300267915,2.8375962547289517,3.0980182
51,100,100,1.0,0.3412757392363188,1.5329169381449668,1.8930507
51,100,100,1.0,0.33353343089133536,0.9724990020513052,1.8777978
51,100,100,1.0,0.3636405982069668,2.6494878679804605,1.9371104
51,100,100,1.0,-0.07704127549413631,-0.4245675494740062,1.0689453
51,100,100,1.0,-0.36403364121204795,-0.2260997331164008,0.503556
51,100,100,1.0,0.5834500761653292,1.7637232053574787,2.370146
51,100,100,1.0,0.0976270078546495,0.03010417492594253,1.4130504
51,100,100,1.0,0.556313501899701,2.2395390965030217,2.3166857
51,100,100,1.0,-0.47088877579074606,1.9257814088450778,0.29304612
51,100,100,1.0,0.20969103949009193,0.5929435403211695,1.6338222
51,100,100,1.0,0.13686789773729702,3.1838007485736277,1.4903569
51,100,100,1.0,-0.3628620950973527,1.1951346335861137,0.5058641
51,100,100,1.0,-0.15269040132219058,2.1828713911512185,0.9199127
51,100,100,1.0,-0.43438607484718084,1.2578637724121453,0.36495823
51,100,100,1.0,-0.7596068775736622,-1.5991452635107477,-0.275743
51,100,100,1.0,0.13608912218786462,1.4804532224525895,1.4888227
51,100,100,1.0,0.5484673788684333,3.002979416012252,2.3012285
52,100,300,0.05,-0.6407926448807304,-0.26809007201442275,-0.28142583
52,100,300,0.05,-0.43653978849210184,0.181934639926815,0.12479615
52,100,300,0.05,-0.6750141306472504,-0.3603734451026993,-0.34948623
52,100,300,0.05,-0.2331169623484446,0.5728259803886104,0.5293674
52,100,300,0.05,-0.9486745638909369,-0.899879304829957,-0.8937473
52,100,300,0.05,0.3749765527756306,1.7731096220171916,1.7387555
52,100,300,0.05,-0.5451707440533535,-0.1950716416670143,-0.091251135
52,100,300,0.05,0.90549802303397,2.841312022285909,2.7938666
52,100,300,0.05,0.29178822613331223,1.5589104580985147,1.573309
52,100,300,0.05,-0.5521506238792397,-0.16009609705649921,-0.10513282
52,100,300,0.05,-0.07284915127037861,0.8633686189201338,0.8481111
52,100,300,0.05,-0.4934167949204358,0.08998526287141834,0.0116781
52,100,300,0.05,0.17663422710721144,1.3970600922937895,1.3442885
52,100,300,0.05,0.3412757392363188,1.543921840651305,1.6717308
52,100,300,0.05,0.15445717720833518,1.2996616708662032,1.3001823
52,100,300,0.05,0.7453013108947906,2.4423720211028948,2.4752645
52,100,300,0.05,0.2789450327974472,1.5666810132596958,1.5477662
52,100,300,0.05,-0.5662060312030521,-0.13214743009113622,-0.13308656
52,100,300,0.05,0.42848259909822284,1.8594399472789502,1.8451693
52,100,300,0.05,0.711606684785222,2.4120796145446866,2.408252
52,100,300,0.05,-0.40771960495571014,0.21787994419017545,0.1821143
52,100,300,0.05,-0.4051260982897327,0.2727253432300283,0.18727231
52,100,300,0.05,-0.02388743870209087,1.0019448421615933,0.9454871
52,100,300,0.05,-0.28877452430008876,0.48840779521490124,0.4186746
52,100,300,0.05,-0.5024937129600839,0.03237199079006372,-0.0063742995
52,100,300,0.05,0.3952623918545297,1.7749804751241358,1.7791004
52,100,300,0.05,0.6978871106258364,2.31738583503625,2.3809662
52,100,300,0.05,-0.5513659420505215,-0.14838584500313276,-0.10357237
52,100,300,0.05,0.13820147722918663,1.2252776122765932,1.2678527
52,100,300,0.05,-0.4447425874105362,0.08537399014680072,0.1084823
52,100,300,0.05,0.665239691095876,2.3155898382216655,2.3160365
52,100,300,0.05,0.9510430100057716,2.930450533904177,2.8844476
52,100,300,0.05,0.13686789773729702,1.3042547644299542,1.2652004
52,100,300,0.05,-0.7634511482621336,-0.5008490527016292,-0.52537143
52,100,300,0.05,0.5167573076722829,1.97554358952457,2.020732
52,100,300,0.05,0.38506318015553176,1.7561085855518381,1.758816
52,100,300,0.05,0.7835460015641595,2.5878945054413904,2.5513263
52,100,300,0.05,-0.3628620950973527,0.2721672372407657,0.2713278
52,100,300,0.05,-0.5792348778523182,-0.06067414029210168,-0.15899861
52,100,300,0.05,0.20969103949009193,1.4378848733725598,1.4100325
52,100,300,0.05,0.4326544082371311,1.8599435526597035,1.8534663
52,100,300,0.05,-0.43438607484718084,0.12531964804920984,0.12907952
52,100,300,0.05,0.9636587796365064,2.8607069765432875,2.9095378
52,100,300,0.05,-0.6820608327089606,-0.41638433372526884,-0.36350083
52,100,300,0.05,-0.7596068775736622,-0.5532226653471669,-0.51772594
52,100,300,0.05,-0.7236340973027724,-0.3821758831272949,-0.4461826
52,100,300,0.05,-0.5850598491177812,-0.19599565036108255,-0.17058337
52,100,300,0.05,0.46171161354031565,2.0244754051548712,1.9112558
52,100,300,0.05,0.6928173449422557,2.408181412974807,2.3708835
52,100,300,0.05,-0.573376045265036,-0.2568241548051,-0.14734638
52,100,300,0.05,-0.6706116870041745,-0.30049738288395567,-0.34073055
52,100,300,0.05,0.6123879780921715,2.2387980414501576,2.210924
52,100,300,0.05,0.17356869291633759,1.4677600698098625,1.3381916
52,100,300,0.05,-0.9216244154913587,-0.7603422970018079,-0.8399495
52,100,300,0.05,0.7243830348433666,2.4043175017819607,2.433662
52,100,300,0.05,0.26089587373358225,1.5044192148422364,1.5118697
52,100,300,0.05,-0.9597849076250129,-0.9641155693998021,-0.91584384
52,100,300,0.05,-0.7364042751912157,-0.47588987048721365,-0.47158015
52,100,300,0.05,-0.6276139882393277,-0.1792282334403667,-0.25521576
52,100,300,0.05,0.27984204265504764,1.530894686819442,1.5495502
53,100,300,0.2,-0.6407926448807304,-0.22760441877330853,-0.2952007
53,100,300,0.2,-0.43653978849210184,0.34697729065987104,0.108344674
53,100,300,0.2,-0.6750141306472504,-0.39140899652729505,-0.36281252
53,100,300,0.2,-0.2331169623484446,0.6900056956451095,0.5102501
53,100,300,0.2,-0.9486745638909369,-0.9074698359742068,-0.90348744
53,100,300,0.2,0.3749765527756306,1.8425791714149826,1.7116693
53,100,300,0.2,-0.5451707440533535,-0.509262102347936,-0.106279016
53,100,300,0.2,0.90549802303397,2.932259950939816,2.7598283
53,100,300,0.2,0.29178822613331223,1.4849124755941856,1.547313
53,100,300,0.2,-0.5521506238792397,-0.3274806449505584,-0.120069265
53,100,300,0.2,-0.07284915127037861,0.890569383302807,0.82689357
53,100,300,0.2,-0.4934167949204358,0.320441821008288,-0.0040280223
53,100,300,0.2,0.17663422710721144,1.528435006531889,1.3198016
53,100,300,0.2,0.3412757392363188,1.1280329271873075,1.6450862
53,100,300,0.2,0.15445717720833518,1.271903620214802,1.275986
53,100,300,0.2,0.7453013108947906,2.2976802190428356,2.4433253
53,100,300,0.2,0.2789450327974472,1.5930538562541,1.5219384
53,100,300,0.2,-0.5662060312030521,-0.13135353314623208,-0.14783883
53,100,300,0.2,0.42848259909822284,1.866864194526464,1.817382
53,100,300,0.2,0.711606684785222,2.378678349467413,2.3767543
53,100,300,0.2,-0.40771960495571014,0.3178374064949626,0.16528511
53,100,300,0.2,-0.4051260982897327,0.5216579626585092,0.17040914
53,100,300,0.2,-0.02388743870209087,1.151104000858918,0.9236279
53,100,300,0.2,-0.28877452430008876,0.6862783266601375,0.40028667
53,100,300,0.2,-0.5024937129600839,0.1444502409207585,-0.02196151
53,100,300,0.2,0.3952623918545297,1.7283475493693652,1.7517483
53,100,300,0.2,0.6978871106258364,2.0822206763899818,2.3496485
53,100,300,0.2,-0.5513659420505215,-0.2853477277094022,-0.11851907
53,100,300,0.2,0.13820147722918663,1.0719015857312526,1.2438693
53,100,300,0.2,-0.4447425874105362,0.009951485050419984,0.09213829
53,100,300,0.2,0.665239691095876,2.270921206311406,2.2851465
53,100,300,0.2,0.9510430100057716,3.0155440755820773,2.8498123
53,100,300,0.2,0.13686789773729702,1.3958116712960351,1.2412345
53,100,300,0.2,-0.7634511482621336,-0.4226893212337154,-0.5375389
53,100,300,0.2,0.5167573076722829,1.8016305120645832,1.9917877
53,100,300,0.2,0.38506318015553176,1.7140552612741617,1.7315977
53,100,300,0.2,0.7835460015641595,2.650302012380604,2.518886
53,100,300,0.2,-0.3628620950973527,0.2658415195471789,0.25391078
53,100,300,0.2,-0.5792348778523182,0.23271270594550247,-0.17358017
53,100,300,0.2,0.20969103949009193,1.4933932565496877,1.3851123
53,100,300,0.2,0.4326544082371311,1.8438477612160273,1.8256242
53,100,300,0.2,-0.43438607484718084,0.10759504127992438,0.11259979
53,100,300,0.2,0.9636587796365064,2.6608752283541124,2.8747373
53,100,300,0.2,-0.6820608327089606,-0.5731723386473121,-0.37673485
53,100,300,0.2,-0.7596068775736622,-0.6552493959466945,-0.5299437
53,100,300,0.2,-0.7236340973027724,-0.18689894869254509,-0.45887184
53,100,300,0.2,-0.5850598491177812,-0.273623506737643,-0.18508852
53,100,300,0.2,0.46171161354031565,2.327631939377591,1.883033
53,100,300,0.2,0.6928173449422557,2.475821582245694,2.339632
53,100,300,0.2,-0.573376045265036,-0.5870403476301838,-0.16200471
53,100,300,0.2,-0.6706116870041745,-0.17831940951077574,-0.35411453
53,100,300,0.2,0.6123879780921715,2.2808642972476023,2.1807265
53,100,300,0.2,0.17356869291633759,1.829628121741425,1.3137449
53,100,300,0.2,-0.9216244154913587,-0.5116226950590796,-0.85004413
53,100,300,0.2,0.7243830348433666,2.2709717980676434,2.4019969
53,100,300,0.2,0.26089587373358225,1.4523016169674519,1.4862785
53,100,300,0.2,-0.9597849076250129,-1.0977528318491314,-0.9254384
53,100,300,0.2,-0.7364042751912157,-0.4851338308015608,-0.484102
53,100,300,0.2,-0.6276139882393277,0.04877099567449922,-0.26916337
53,100,300,0.2,0.27984204265504764,1.444526491347482,1.5237107
54,100,300,0.5,-0.6407926448807304,-0.14663311229108011,-0.32229447
54,100,300,0.5,-0.43653978849210184,0.6770625921259832,0.07576412
54,100,300,0.5,-0.6750141306472504,-0.4534800993764866,-0.38898706
54,100,300,0.5,-0.2331169623484446,0.9243651261581075,0.47220513
54,100,300,0.5,-0.9486745638909369,-0.9226508982627066,-0.9223107
54,100,300,0.5,0.3749765527756306,1.9815182702105647,1.6572893
54,100,300,0.5,-0.5451707440533535,-1.1376430237097794,-0.1359415
54,100,300,0.5,0.90549802303397,3.1141558082476304,2.6911972
54,100,300,0.5,0.29178822613331223,1.3369165105855274,1.4951676
54,100,300,0.5,-0.5521506238792397,-0.6622497407386767,-0.14954424
54,100,300,0.5,-0.07284915127037861,0.9449709120681534,0.7845434
54,100,300,0.5,-0.4934167949204358,0.7813549372820273,-0.03508067
54,100,300,0.5,0.17663422710721144,1.7911848350080883,1.2707496
54,100,300,0.5,0.3412757392363188,0.29625510025931256,1.5916115
54,100,300,0.5,0.15445717720833518,1.2163875189119997,1.2275298
54,100,300,0.5,0.7453013108947906,2.008296614922717,2.3789973
54,100,300,0.5,0.2789450327974472,1.6457995422429084,1.4701381
54,100,300,0.5,-0.5662060312030521,-0.12976573925642382,-0.17693615
54,100,300,0.5,0.42848259909822284,1.881712689021491,1.7615647
54,100,300,0.5,0.711606684785222,2.311875819312867,2.3133316
54,100,300,0.5,-0.40771960495571014,0.5177523311045369,0.13193041
54,100,300,0.5,-0.4051260982897327,1.0195232015154707,0.13698483
54,100,300,0.5,-0.02388743870209087,1.4494223182535677,0.8799625
54,100,300,0.5,-0.28877452430008876,1.0820193895506103,0.3637368
54,100,300,0.5,-0.5024937129600839,0.36860674118214803,-0.052770317
54,100,300,0.5,0.3952623918545297,1.6350816978598235,1.6968235
54,100,300,0.5,0.6978871106258364,1.6118903590974458,2.2865944
54,100,300,0.5,-0.5513659420505215,-0.5592714931219411,-0.14801502
54,100,300,0.5,0.13820147722918663,0.7651495326405715,1.1958498
54,100,300,0.5,-0.4447425874105362,-0.1408935251423415,0.059778094
54,100,300,0.5,0.665239691095876,2.181583942490888,2.2229693
54,100,300,0.5,0.9510430100057716,3.185731158937878,2.7799578
54,100,300,0.5,0.13686789773729702,1.5789254850281966,1.1932509
54,100,300,0.5,-0.7634511482621336,-0.26636985829788784,-0.5613377
54,100,300,0.5,0.5167573076722829,1.4538043571446093,1.9335991
54,100,300,0.5,0.38506318015553176,1.629948612718809,1.6769466
54,100,300,0.5,0.7835460015641595,2.7751170262590317,2.4535308
54,100,300,0.5,-0.3628620950973527,0.25319008416000516,0.21935111
54,100,300,0.5,-0.5792348778523182,0.8194863984207107,-0.20232749
54,100,300,0.5,0.20969103949009193,1.6044100229039433,1.3351724
54,100,300,0.5,0.4326544082371311,1.8116561783286749,1.769695
54,100,300,0.5,-0.43438607484718084,0.07214582774135345,0.07996142
54,100,300,0.5,0.9636587796365064,2.261211731975762,2.804544
54,100,300,0.5,-0.6820608327089606,-0.8867483484913985,-0.40271997
54,100,300,0.5,-0.7596068775736622,-0.8593028571457495,-0.55384576
54,100,300,0.5,-0.7236340973027724,0.2036549201769544,-0.4837402
54,100,300,0.5,-0.5850598491177812,-0.428879219490764,-0.21367943
54,100,300,0.5,0.46171161354031565,2.93394500782303,1.8263232
54,100,300,0.5,0.6928173449422557,2.6111019207874686,2.2767138
54,100,300,0.5,-0.573376045265036,-1.247472733280351,-0.1909095
54,100,300,0.5,-0.6706116870041745,0.06603653723558411,-0.38040733
54,100,300,0.5,0.6123879780921715,2.364996808842491,2.119969
54,100,300,0.5,0.17356869291633759,2.5533642256045495,1.2647753
54,100,300,0.5,-0.9216244154913587,-0.014183491173623275,-0.869594
54,100,300,0.5,0.7243830348433666,2.0042803906390083,2.3382308
54,100,300,0.5,0.26089587373358225,1.3480664212178828,1.434963
54,100,300,0.5,-0.9597849076250129,-1.3650273567477897,-0.94396317
54,100,300,0.5,-0.7364042751912157,-0.503621751430255,-0.5086274
54,100,300,0.5,-0.6276139882393277,0.504769453904231,-0.29661107
54,100,300,0.5,0.27984204265504764,1.271790100403562,1.4718863
55,100,300,1.0,-0.6407926448807304,-0.011680934820699429,-0.3570735
55,100,300,1.0,-0.43653978849210184,1.22720476123617,0.028801262
55,100,300,1.0,-0.6750141306472504,-0.5569319374584725,-0.42172462
55,100,300,1.0,-0.2331169623484446,1.3149641770131042,0.4131078
55,100,300,1.0,-0.9486745638909369,-0.9479526687435396,-0.9387241
55,100,300,1.0,0.3749765527756306,2.2130834348698682,1.5619185
55,100,300,1.0,-0.5451707440533535,-2.184944559312852,-0.17642444
55,100,300,1.0,0.90549802303397,3.417315570427321,2.5641801
55,100,300,1.0,0.29178822613331223,1.0902565689044303,1.4047592
55,100,300,1.0,-0.5521506238792397,-1.220198233718874,-0.18961078
55,100,300,1.0,-0.07284915127037861,1.035640126677064,0.7158859
55,100,300,1.0,-0.4934167949204358,1.5495434644049262,-0.07865083
55,100,300,1.0,0.17663422710721144,2.229101215801754,1.1872101
55,100,300,1.0,0.3412757392363188,-1.0900412779540125,1.498251
55,100,300,1.0,0.15445717720833518,1.1238606834073288,1.1453133
55,100,300,1.0,0.7453013108947906,1.5259906080558527,2.2615364
55,100,300,1.0,0.2789450327974472,1.7337090188909223,1.3804958
55,100,300,1.0,-0.5662060312030521,-0.1271194161067434,-0.21616429
55,100,300,1.0,0.42848259909822284,1.9064601798465364,1.6630023
55,100,300,1.0,0.711606684785222,2.2005382690552895,2.1978805
55,100,300,1.0,-0.40771960495571014,0.850943872120494,0.08324838
55,100,300,1.0,-0.4051260982897327,1.8492985996104068,0.08814806
55,100,300,1.0,-0.02388743870209087,1.9466195139113172,0.8083844
55,100,300,1.0,-0.28877452430008876,1.741587827701398,0.30795956
55,100,300,1.0,-0.5024937129600839,0.742200908284464,-0.09579897
55,100,300,1.0,0.3952623918545297,1.4796386120105878,1.6002426
55,100,300,1.0,0.6978871106258364,0.8280064969432188,2.1719615
55,100,300,1.0,-0.5513659420505215,-1.0158111021428393,-0.18812841
55,100,300,1.0,0.13820147722918663,0.25389611082276975,1.1146029
55,100,300,1.0,-0.4447425874105362,-0.3923018754636106,0.013304532
55,100,300,1.0,0.665239691095876,2.0326885027900237,2.1102839
55,100,300,1.0,0.9510430100057716,3.469376297864213,2.6502237
55,100,300,1.0,0.13686789773729702,1.8841151745817992,1.1120836
55,100,300,1.0,-0.7634511482621336,-0.005837420071508559,-0.5888
55,100,300,1.0,0.5167573076722829,0.8740940989446528,1.8297709
55,100,300,1.0,0.38506318015553176,1.4897708651265544,1.5809742
55,100,300,1.0,0.7835460015641595,2.9831420493897447,2.3337884
55,100,300,1.0,-0.3628620950973527,0.23210435851471573,0.16799325
55,100,300,1.0,-0.5792348778523182,1.7974425525460578,-0.2407785
55,100,300,1.0,0.20969103949009193,1.7894379668277027,1.2496611
55,100,300,1.0,0.4326544082371311,1.7580035401830876,1.6708837
55,100,300,1.0,-0.43438607484718084,0.013063805177068566,0.032870054
55,100,300,1.0,0.9636587796365064,1.595105904678511,2.6740575
55,100,300,1.0,-0.6820608327089606,-1.4093750315648759,-0.4350373
55,100,300,1.0,-0.7596068775736622,-1.1993919591441746,-0.5815374
55,100,300,1.0,-0.7236340973027724,0.8545780349594536,-0.51357764
55,100,300,1.0,-0.5850598491177812,-0.6876387407459656,-0.25178295
55,100,300,1.0,0.46171161354031565,3.9444667885654288,1.7257786
55,100,300,1.0,0.6928173449422557,2.8365691516904263,2.1623836
55,100,300,1.0,-0.573376045265036,-2.34819337603063,-0.22970992
55,100,300,1.0,-0.6706116870041745,0.47329644847951724,-0.4134075
55,100,300,1.0,0.6123879780921715,2.505217661500639,2.0104363
55,100,300,1.0,0.17356869291633759,3.7595910653764237,1.1814187
55,100,300,1.0,-0.9216244154913587,0.8148818486354708,-0.887621
55,100,300,1.0,0.7243830348433666,1.5597947115912834,2.2220175
55,100,300,1.0,0.26089587373358225,1.1743410949686013,1.3463973
55,100,300,1.0,-0.9597849076250129,-1.8104848982455537,-0.9597139
55,100,300,1.0,-0.7364042751912157,-0.5344349524780787,-0.537703
55,100,300,1.0,-0.6276139882393277,1.2647668842871174,-0.33217627
55,100,300,1.0,0.27984204265504764,0.9838961154970292,1.3821905
56,100,600,0.05,-0.10574924276474529,0.8111906101022937,0.78848004
56,100,600,0.05,0.23696051902549575,1.3842095744765055,1.4715399
56,100,600,0.05,0.844695963593266,2.6497861761582744,2.682826
56,100,600,0.05,-0.7596068775736622,-0.5283259943368215,-0.51473296
56,100,600,0.05,0.24295680299952704,1.5542934679893898,1.4834911
56,100,600,0.05,-0.30553296413556086,0.350648962004974,0.3902883
56,100,600,0.05,0.5834500761653292,2.0660798209406703,2.1621332
56,100,600,0.05,-0.5245163479687225,0.024533401869671942,-0.046170592
56,100,600,0.05,-0.40771960495571014,0.17441594805024638,0.18661863
56,100,600,0.05,0.9188666816668503,2.832110064205723,2.8306568
56,100,600,0.05,-0.6773809642300075,-0.3459709807952136,-0.35084736
56,100,600,0.05,0.7634707237097056,2.5203887468423405,2.5209348
56,100,600,0.05,0.90549802303397,2.837346256490673,2.8040116
56,100,600,0.05,-0.8778429258664253,-0.7540313641759127,-0.7503909
56,100,600,0.05,0.3800500403824547,1.7346079186579855,1.7567337
56,100,600,0.05,-0.5850598491177812,-0.19675483783454012,-0.16684067
56,100,600,0.05,-0.47088877579074606,0.0067256842530590485,0.060715258
56,100,600,0.05,0.3261564062002016,1.5550276582422051,1.6493175
56,100,600,0.05,0.8684279958495875,2.6759590661195176,2.7301269
56,100,600,0.05,0.04649610693339934,1.1469020790525106,1.0919225
56,100,600,0.05,0.20552675214328775,1.389094028196468,1.4088887
56,100,600,0.05,-0.8801114035008535,-0.790184020874693,-0.75491226
56,100,600,0.05,-0.7685935333458127,-0.5165435256693167,-0.5326444
56,100,600,0.05,-0.2756218821212213,0.38133558136975143,0.44990444
56,100,600,0.05,0.8080887858019155,2.684727021918387,2.6098638
56,100,600,0.05,0.8977220414410148,2.777538379108037,2.7885132
56,100,600,0.05,0.9535221763806743,2.9682878809710314,2.8997293
56,100,600,0.05,0.18174552249634646,1.3824528216694723,1.36149
56,100,600,0.05,-0.5444809969242781,-0.07774938280027209,-0.085962415
56,100,600,0.05,-0.4258969601607405,0.07112670969492957,0.15038902
56,100,600,0.05,0.9959245026573469,3.0013239871920896,2.984242
56,100,600,0.05,0.7327646518572584,2.4504168171917633,2.4597342
56,100,600,0.05,-0.8717050073024313,-0.7555110060983735,-0.7381573
56,100,600,0.05,0.16895213791153774,1.3146873912513009,1.3359914
56,100,600,0.05,-0.6276139882393277,-0.23936994516402094,-0.25165594
56,100,600,0.05,-0.7881876902355356,-0.6787415611239693,-0.5716977
56,100,600,0.05,-0.7290518715550995,-0.46908079452675977,-0.45383334
56,100,600,0.05,0.42105680544469126,1.8267753220880323,1.8384647
56,100,600,0.05,0.6573138291114755,2.280455669883517,2.309352
56,100,600,0.05,0.8986376448313629,2.6850092072441556,2.790338
56,100,600,0.05,0.7640828204597792,2.4947796266015883,2.5221548
56,100,600,0.05,-0.17067612001895283,0.669673142749953,0.65907335
56,100,600,0.05,0.7246370936718047,2.44988578652555,2.4435349
56,100,600,0.05,0.8395656215563168,2.6414460198036034,2.6726007
56,100,600,0.05,-0.7634511482621336,-0.48377249595784455,-0.522395
56,100,600,0.05,0.15445717720833518,1.3606348487407462,1.3071012
56,100,600,0.05,0.7345788109249296,2.4002534484966556,2.4633498
56,100,600,0.05,-0.5024937129600839,-0.04143965885990266,-0.0022770166
56,100,600,0.05,-0.7236340973027724,-0.49171676251031726,-0.44303513
56,100,600,0.05,-0.4503528602648068,0.051919849725042405,0.10164571
56,100,600,0.05,-0.2078805943854125,0.6908464817576971,0.58492064
56,100,600,0.05,-0.7103044813132455,-0.35735507072205275,-0.41646767
56,100,600,0.05,-0.4599840536156703,0.07780212144586655,0.082449555
56,100,600,0.05,-0.8182285359351811,-0.6818220779466285,-0.6315726
56,100,600,0.05,0.7961247144274701,2.5475707087392307,2.586018
56,100,600,0.05,-0.44480780453646784,0.07699875489853636,0.1126976
56,100,600,0.05,0.7933425860806842,2.605528998203913,2.580473
56,100,600,0.05,0.711606684785222,2.361903559981293,2.417564
56,100,600,0.05,0.30640163971426726,1.6019667058997575,1.6099439
56,100,600,0.05,-0.019082382764865846,0.9843208394818679,0.96121705
56,100,600,0.05,-0.43438607484718084,0.11814557802009329,0.13346928
56,100,600,0.05,-0.3092966386061946,0.3355064842966585,0.38278687
56,100,600,0.05,-0.24014608819975902,0.5176377830225836,0.52061176
56,100,600,0.05,0.15428048804068362,1.298641031240365,1.3067491
56,100,600,0.05,0.01961439324316827,1.036762582978958,1.0383441
56,100,600,0.05,0.9529189300267915,2.7938576571204963,2.8985267
56,100,600,0.05,-0.7330770581301311,-0.4311020492020074,-0.461856
56,100,600,0.05,0.8154659149700789,2.58822376689944,2.6245673
56,100,600,0.05,-0.17147401097066006,0.5966232953720189,0.6574831
56,100,600,0.05,-0.1589210666398031,0.6792285391637007,0.68250257
56,100,600,0.05,-0.18551765717238533,0.6649638721623876,0.6294925
56,100,600,0.05,-0.12482557747461498,0.7023236259691127,0.7504588
56,100,600,0.05,-0.6740911479067893,-0.358808448052094,-0.34429038
56,100,600,0.05,-0.5199594532405809,-0.03734015934266736,-0.037088275
56,100,600,0.05,-0.42320300533701216,0.11351914505625693,0.15575844
56,100,600,0.05,0.39054001180937203,1.7857896386342513,1.7776413
56,100,600,0.05,-0.8409558348264885,-0.7278673418964742,-0.6768708
56,100,600,0.05,-0.4447425874105362,0.12041318967617601,0.1128276
56,100,600,0.05,0.773921562434835,2.552704086469816,2.5417647
56,100,600,0.05,-0.5078736300180711,0.03077316476941369,-0.012999892
56,100,600,0.05,0.9636587796365064,2.9278350250013276,2.9199324
56,100,600,0.05,0.9788195545688629,3.0044590363153487,2.9501495
56,100,600,0.05,-0.24350965015307646,0.4979415058700457,0.5139078
56,100,600,0.05,0.807967909856474,2.6165107647064514,2.609623
56,100,600,0.05,0.20969103949009193,1.4226248842973628,1.4171886
56,100,600,0.05,0.3636405982069668,1.723388458616891,1.7240278
56,100,600,0.05,0.6960164586444688,2.4122710078909626,2.3864908
56,100,600,0.05,0.17663422710721144,1.4244176290402282,1.3513026
56,100,600,0.05,0.3992441085010334,1.8147316977918762,1.7949896
56,100,600,0.05,0.9806778947934087,2.934070190885928,2.9538536
56,100,600,0.05,-0.1506290624969875,0.75327936172775,0.69902945
56,100,600,0.05,0.3929648614029002,1.8129684020708199,1.7824743
56,100,600,0.05,-0.6820608327089606,-0.37525194946533713,-0.36017478
56,100,600,0.05,0.8131109984423579,2.6036568450295894,2.6198735
56,100,600,0.05,-0.4157049464149023,0.14096307349935894,0.17070293
56,100,600,0.05,-0.4139594309844066,0.11319968990705531,0.17418188
56,100,600,0.05,0.8947411809778485,2.787693958362686,2.7825718
56,100,600,0.05,0.05778983950580896,1.0886069473428928,1.1144322
56,100,600,0.05,-0.8638518520505596,-0.7397705936737744,-0.7225051
56,100,600,0.05,0.3849442387400397,1.8458015359978646,1.7664883
56,100,600,0.05,-0.3628620950973527,0.28247223842792396,0.27602482
56,100,600,0.05,0.0731584222174444,1.046106058659943,1.1450635
56,100,600,0.05,0.3439142811916447,1.6304480151411327,1.6847109
56,100,600,0.05,0.5548151236975063,2.064683139571736,2.1050603
56,100,600,0.05,-0.7625445620915119,-0.5305832631484895,-0.52058816
56,100,600,0.05,0.03461703440457753,0.9981380752271332,1.0682461
56,100,600,0.05,0.793093191702126,2.508664916150078,2.5799758
56,100,600,0.05,0.6978871106258364,2.3387644062049247,2.3902192
56,100,600,0.05,-0.8720894677580378,-0.7035452334106234,-0.73892355
56,100,600,0.05,-0.5576781693078323,-0.08038731443627378,-0.112265944
56,100,600,0.05,-0.13116674888375845,0.6903857124546685,0.73782
56,100,600,0.05,-0.5243855149219223,-0.046514329072244114,-0.04590988
56,100,600,0.05,-0.39994216104814084,0.25338145250861804,0.20211995
56,100,600,0.05,0.3929262893050012,1.8575202037541019,1.7823974
56,100,600,0.05,-0.3445591968857622,0.3607375052680636,0.31250453
56,100,600,0.05,-0.6295353495276321,-0.25780043863601343,-0.25548553
56,100,600,0.05,-0.25829440156422256,0.5539698000660355,0.48444015
56,100,600,0.05,0.42848259909822284,1.8627225918534502,1.8532653
56,100,600,0.05,0.1041565533839417,1.2347602876887125,1.2068464
56,100,600,0.05,-0.17028626133287195,0.6392258626417092,0.6598504
57,100,600,0.2,-0.10574924276474529,0.8792578969976462,0.78838134
57,100,600,0.2,0.23696051902549575,1.1150751837530473,1.4644934
57,100,600,0.2,0.844695963593266,2.530968923073502,2.663459
57,100,600,0.2,-0.7596068775736622,-0.5556627119053129,-0.50157607
57,100,600,0.2,0.24295680299952704,1.7594330539603968,1.4763231
57,100,600,0.2,-0.30553296413556086,0.23579363283326102,0.39423978
57,100,600,0.2,0.5834500761653292,1.7636188267707062,2.1480622
57,100,600,0.2,-0.5245163479687225,0.24523169529102268,-0.03777969
57,100,600,0.2,-0.40771960495571014,0.14398142193524632,0.19264174
57,100,600,0.2,0.9188666816668503,2.81524016682179,2.809786
57,100,600,0.2,-0.6773809642300075,-0.31959813780080937,-0.33935738
57,100,600,0.2,0.7634707237097056,2.500730645111129,2.5032144
57,100,600,0.2,0.90549802303397,2.916396887758872,2.783412
57,100,600,0.2,-0.8778429258664253,-0.7490679015050986,-0.73483694
57,100,600,0.2,0.3800500403824547,1.6581314323372136,1.7467864
57,100,600,0.2,-0.5850598491177812,-0.2766602566314733,-0.15722239
57,100,600,0.2,-0.47088877579074606,-0.14776460824328744,0.06801903
57,100,600,0.2,0.3261564062002016,1.2631721957676114,1.6404626
57,100,600,0.2,0.8684279958495875,2.493268289380545,2.7102785
57,100,600,0.2,0.04649610693339934,1.3086316746096462,1.0887372
57,100,600,0.2,0.20552675214328775,1.323215599926146,1.4024795
57,100,600,0.2,-0.8801114035008535,-0.8800676624936509,-0.7393123
57,100,600,0.2,-0.7685935333458127,-0.45461290260239046,-0.51930535
57,100,600,0.2,-0.2756218821212213,0.17907361820633338,0.45324957
57,100,600,0.2,0.8080887858019155,2.890375372862055,2.591239
57,100,600,0.2,0.8977220414410148,2.7238212677860583,2.7680712
57,100,600,0.2,0.9535221763806743,3.1520184656000803,2.878156
57,100,600,0.2,0.18174552249634646,1.4393381516998103,1.3555629
57,100,600,0.2,-0.5444809969242781,-0.0441115496554198,-0.077166796
57,100,600,0.2,-0.4258969601607405,-0.1601114002558386,0.15678066
57,100,600,0.2,0.9959245026573469,3.0297489328242766,2.961809
57,100,600,0.2,0.7327646518572584,2.4050793576235026,2.4426363
57,100,600,0.2,-0.8717050073024313,-0.7918139805789065,-0.7227279
57,100,600,0.2,0.16895213791153774,1.2450367375359772,1.3303236
57,100,600,0.2,-0.6276139882393277,-0.1917958512201176,-0.24117494
57,100,600,0.2,-0.7881876902355356,-0.9858401030826636,-0.55796146
57,100,600,0.2,-0.7290518715550995,-0.5020119487764417,-0.44129586
57,100,600,0.2,0.42105680544469126,1.7807604556839816,1.8276861
57,100,600,0.2,0.6573138291114755,2.1779397048652145,2.2937837
57,100,600,0.2,0.8986376448313629,2.348210959988445,2.7698774
57,100,600,0.2,0.7640828204597792,2.3946215836476785,2.5044222
57,100,600,0.2,-0.17067612001895283,0.702749291113529,0.66029096
57,100,600,0.2,0.7246370936718047,2.451720584071373,2.426602
57,100,600,0.2,0.8395656215563168,2.5283903498765135,2.6533377
57,100,600,0.2,-0.7634511482621336,-0.3543830942585769,-0.50916016
57,100,600,0.2,0.15445717720833518,1.515796331712974,1.3017273
57,100,600,0.2,0.7345788109249296,2.1935409284370437,2.4462152
57,100,600,0.2,-0.5024937129600839,-0.150796357679107,0.0056673884
57,100,600,0.2,-0.7236340973027724,-0.6250624662246348,-0.43060756
57,100,600,0.2,-0.4503528602648068,-0.09020343951098952,0.108533084
57,100,600,0.2,-0.2078805943854125,1.0106694933432636,0.58689237
57,100,600,0.2,-0.7103044813132455,-0.16759339500873788,-0.40431023
57,100,600,0.2,-0.4599840536156703,0.07111280747748801,0.089532256
57,100,600,0.2,-0.8182285359351811,-0.8179170961754276,-0.6172273
57,100,600,0.2,0.7961247144274701,2.413534548392102,2.5676355
57,100,600,0.2,-0.44480780453646784,-0.023158153187047475,0.11947262
57,100,600,0.2,0.7933425860806842,2.662060476331547,2.562147
57,100,600,0.2,0.711606684785222,2.17797413121384,2.400895
57,100,600,0.2,0.30640163971426726,1.5694569853134268,1.6014897
57,100,600,0.2,-0.019082382764865846,1.0517776545166668,0.9593613
57,100,600,0.2,-0.43438607484718084,0.07889876116345818,0.140033
57,100,600,0.2,-0.3092966386061946,0.1978057688238017,0.38681465
57,100,600,0.2,-0.24014608819975902,0.5114276612888885,0.5232377
57,100,600,0.2,0.15428048804068362,1.268881196717358,1.3013787
57,100,600,0.2,0.01961439324316827,1.029363972456822,1.0357039
57,100,600,0.2,0.9529189300267915,2.4579170483212356,2.8769658
57,100,600,0.2,-0.7330770581301311,-0.3259458480272428,-0.44923687
57,100,600,0.2,0.8154659149700789,2.460099577777287,2.6057928
57,100,600,0.2,-0.17147401097066006,0.4153372473120356,0.6587168
57,100,600,0.2,-0.1589210666398031,0.6704405564936217,0.6834818
57,100,600,0.2,-0.18551765717238533,0.7729614316838624,0.63101095
57,100,600,0.2,-0.12482557747461498,0.5582479687241404,0.7507468
57,100,600,0.2,-0.6740911479067893,-0.39068690476764034,-0.33286715
57,100,600,0.2,-0.5199594532405809,-0.029603917927184,-0.02878964
57,100,600,0.2,-0.42320300533701216,-0.0067053877528993056,0.16209549
57,100,600,0.2,0.39054001180937203,1.7999184836807733,1.7674813
57,100,600,0.2,-0.8409558348264885,-0.8657343586269658,-0.6620647
57,100,600,0.2,-0.4447425874105362,0.15010828316792113,0.11960125
57,100,600,0.2,0.773921562434835,2.5672869712702537,2.5238323
57,100,600,0.2,-0.5078736300180711,0.17033443918608115,-0.004946351
57,100,600,0.2,0.9636587796365064,2.929387422186273,2.8981538
57,100,600,0.2,0.9788195545688629,3.1449188178482177,2.9280634
57,100,600,0.2,-0.24350965015307646,0.45282392439864166,0.5166019
57,100,600,0.2,0.807967909856474,2.6182355996869604,2.5910003
57,100,600,0.2,0.20969103949009193,1.432353300248899,1.410695
57,100,600,0.2,0.3636405982069668,1.7117102452257635,1.7144132
57,100,600,0.2,0.6960164586444688,2.472985279697037,2.3701377
57,100,600,0.2,0.17663422710721144,1.637865153517644,1.3454791
57,100,600,0.2,0.3992441085010334,1.863462140161304,1.7846532
57,100,600,0.2,0.9806778947934087,2.852213394783261,2.9317298
57,100,600,0.2,-0.1506290624969875,0.9168918218929251,0.6998406
57,100,600,0.2,0.3929648614029002,1.8940844398658785,1.7722652
57,100,600,0.2,-0.6820608327089606,-0.4086428016075852,-0.34859002
57,100,600,0.2,0.8131109984423579,2.5359613894642106,2.601147
57,100,600,0.2,-0.4157049464149023,0.058081972486849556,0.17688793
57,100,600,0.2,-0.4139594309844066,-0.06344465446533931,0.18033153
57,100,600,0.2,0.8947411809778485,2.782328747583653,2.7621903
57,100,600,0.2,0.05778983950580896,1.0076887523367177,1.1110181
57,100,600,0.2,-0.8638518520505596,-0.7759712623917401,-0.70723486
57,100,600,0.2,0.3849442387400397,2.0735407115512206,1.7564418
57,100,600,0.2,-0.3628620950973527,0.30706152429581196,0.28113854
57,100,600,0.2,0.0731584222174444,0.7454737013351058,1.1413379
57,100,600,0.2,0.3439142811916447,1.4583063734146622,1.6754961
57,100,600,0.2,0.5548151236975063,1.9298418161019053,2.09157
57,100,600,0.2,-0.7625445620915119,-0.5470656800448865,-0.50737166
57,100,600,0.2,0.03461703440457753,0.7848500944810677,1.0653018
57,100,600,0.2,0.793093191702126,2.2761005143875557,2.561655
57,100,600,0.2,0.6978871106258364,2.1677349610646806,2.3738284
57,100,600,0.2,-0.8720894677580378,-0.581644127094267,-0.7234863
57,100,600,0.2,-0.5576781693078323,0.024519758101898798,-0.1032027
57,100,600,0.2,-0.13116674888375845,0.5485433431212248,0.73823667
57,100,600,0.2,-0.5243855149219223,-0.039744226757442574,-0.0375216
57,100,600,0.2,-0.39994216104814084,0.4131787763233173,0.2079854
57,100,600,0.2,0.3929262893050012,2.072523079186401,1.7721891
57,100,600,0.2,-0.3445591968857622,0.5103052023868275,0.3172472
57,100,600,0.2,-0.6295353495276321,-0.25398965737826107,-0.24496555
57,100,600,0.2,-0.25829440156422256,0.7656456096494773,0.48743397
57,100,600,0.2,0.42848259909822284,1.8799947728244641,1.842336
57,100,600,0.2,0.1041565533839417,1.3141018304511998,1.2024922
57,100,600,0.2,-0.17028626133287195,0.5786210185640687,0.6610601
58,100,600,0.5,-0.10574924276474529,1.0153924707883515,0.7881954
58,100,600,0.5,0.23696051902549575,0.576806402306131,1.4503684
58,100,600,0.5,0.844695963593266,2.293334416903957,2.624616
58,100,600,0.5,-0.7596068775736622,-0.6103361470422959,-0.4751678
58,100,600,0.5,0.24295680299952704,2.169712225902411,1.4619542
58,100,600,0.5,-0.30553296413556086,0.006082974489835136,0.40217954
58,100,600,0.5,0.5834500761653292,1.1586968384307783,2.1198447
58,100,600,0.5,-0.5245163479687225,0.6866282821337242,-0.02093321
58,100,600,0.5,-0.40771960495571014,0.0831123697052462,0.20473772
58,100,600,0.5,0.9188666816668503,2.781500372053924,2.7679262
58,100,600,0.5,-0.6773809642300075,-0.26685245181200096,-0.31629354
58,100,600,0.5,0.7634707237097056,2.461414441648705,2.467675
58,100,600,0.5,0.90549802303397,3.0744981502952697,2.7420957
58,100,600,0.5,-0.8778429258664253,-0.7391409761634705,-0.7036198
58,100,600,0.5,0.3800500403824547,1.5051784596956699,1.7268414
58,100,600,0.5,-0.5850598491177812,-0.43647109422533964,-0.13791353
58,100,600,0.5,-0.47088877579074606,-0.4567451932359804,0.08268428
58,100,600,0.5,0.3261564062002016,0.6794612708184238,1.62271
58,100,600,0.5,0.8684279958495875,2.1278867359025995,2.67047
58,100,600,0.5,0.04649610693339934,1.6320908657239177,1.0823591
58,100,600,0.5,0.20552675214328775,1.1914587433855015,1.389633
58,100,600,0.5,-0.8801114035008535,-1.0598349457315668,-0.70800287
58,100,600,0.5,-0.7685935333458127,-0.3307516564685381,-0.4925316
58,100,600,0.5,-0.2756218821212213,-0.2254503081205026,0.4599728
58,100,600,0.5,0.8080887858019155,3.3016720747493915,2.5538845
58,100,600,0.5,0.8977220414410148,2.616387045142101,2.727071
58,100,600,0.5,0.9535221763806743,3.5194796348581785,2.8348863
58,100,600,0.5,0.18174552249634646,1.5531088117604863,1.3436837
58,100,600,0.5,-0.5444809969242781,0.023164116634284762,-0.059508264
58,100,600,0.5,-0.4258969601607405,-0.6225876201573748,0.16961598
58,100,600,0.5,0.9959245026573469,3.0865988240886506,2.9168148
58,100,600,0.5,0.7327646518572584,2.3144044384869815,2.4083457
58,100,600,0.5,-0.8717050073024313,-0.8644199295399723,-0.69176024
58,100,600,0.5,0.16895213791153774,1.1057354301053297,1.3189647
58,100,600,0.5,-0.6276139882393277,-0.09664766333231098,-0.22013527
58,100,600,0.5,-0.7881876902355356,-1.600037187000052,-0.5303908
58,100,600,0.5,-0.7290518715550995,-0.5678742572758058,-0.41613036
58,100,600,0.5,0.42105680544469126,1.6887307228758803,1.8060734
58,100,600,0.5,0.6573138291114755,1.9729077748286101,2.2625618
58,100,600,0.5,0.8986376448313629,1.6746144654770247,2.72884
58,100,600,0.5,0.7640828204597792,2.1943054977398586,2.4688575
58,100,600,0.5,-0.17067612001895283,0.768901587840681,0.6627457
58,100,600,0.5,0.7246370936718047,2.455390179163018,2.3926418
58,100,600,0.5,0.8395656215563168,2.302279010022333,2.6147032
58,100,600,0.5,-0.7634511482621336,-0.09560429086004157,-0.48259562
58,100,600,0.5,0.15445717720833518,1.8261192976574294,1.290958
58,100,600,0.5,0.7345788109249296,1.7801158883178205,2.411851
58,100,600,0.5,-0.5024937129600839,-0.36950975531751573,0.021618128
58,100,600,0.5,-0.7236340973027724,-0.8917538736532697,-0.40566236
58,100,600,0.5,-0.4503528602648068,-0.3744500179830534,0.12236309
58,100,600,0.5,-0.2078805943854125,1.6503155165143968,0.59086037
58,100,600,0.5,-0.7103044813132455,0.21192995641789192,-0.3799073
58,100,600,0.5,-0.4599840536156703,0.057734179540730894,0.103753984
58,100,600,0.5,-0.8182285359351811,-1.0901071326330256,-0.58843476
58,100,600,0.5,0.7961247144274701,2.145462227697845,2.530768
58,100,600,0.5,-0.44480780453646784,-0.22347196935821517,0.13307709
58,100,600,0.5,0.7933425860806842,2.7751234325868146,2.5253923
58,100,600,0.5,0.711606684785222,1.8101152736789345,2.3674648
58,100,600,0.5,0.30640163971426726,1.5044375441407651,1.5845404
58,100,600,0.5,-0.019082382764865846,1.1866912845862645,0.9556504
58,100,600,0.5,-0.43438607484718084,0.00040512745018797536,0.15321362
58,100,600,0.5,-0.3092966386061946,-0.07759566212191193,0.39490747
58,100,600,0.5,-0.24014608819975902,0.49900741782149827,0.528518
58,100,600,0.5,0.15428048804068362,1.2093615276713443,1.2906166
58,100,600,0.5,0.01961439324316827,1.0145667514125503,1.0304191
58,100,600,0.5,0.9529189300267915,1.7860358307227147,2.833721
58,100,600,0.5,-0.7330770581301311,-0.11563344567771372,-0.4239077
58,100,600,0.5,0.8154659149700789,2.2038511995329806,2.5681384
58,100,600,0.5,-0.17147401097066006,0.05276515119206926,0.66120404
58,100,600,0.5,-0.1589210666398031,0.6528645911534634,0.6854584
58,100,600,0.5,-0.18551765717238533,0.9889565507268121,0.6340693
58,100,600,0.5,-0.12482557747461498,0.27009665423419604,0.7513367
58,100,600,0.5,-0.6740911479067893,-0.45444381819873314,-0.30993706
58,100,600,0.5,-0.5199594532405809,-0.014131435096217289,-0.012128532
58,100,600,0.5,-0.42320300533701216,-0.24715445337121172,0.1748212
58,100,600,0.5,0.39054001180937203,1.8281761737738174,1.7471099
58,100,600,0.5,-0.8409558348264885,-1.141468392087949,-0.63234776
58,100,600,0.5,-0.4447425874105362,0.20949847015141138,0.13320309
58,100,600,0.5,0.773921562434835,2.596452740871129,2.4878676
58,100,600,0.5,-0.5078736300180711,0.449456988019416,0.011223197
58,100,600,0.5,0.9636587796365064,2.932492216556162,2.854472
58,100,600,0.5,0.9788195545688629,3.4258383809139556,2.8837652
58,100,600,0.5,-0.24350965015307646,0.3625887614558335,0.522019
58,100,600,0.5,0.807967909856474,2.6216852696479793,2.5536509
58,100,600,0.5,0.20969103949009193,1.4518101321519719,1.3976792
58,100,600,0.5,0.3636405982069668,1.6883538184435083,1.6951357
58,100,600,0.5,0.6960164586444688,2.5944138233091865,2.3373418
58,100,600,0.5,0.17663422710721144,2.064760202472476,1.3338078
58,100,600,0.5,0.3992441085010334,1.96092302490016,1.7639277
58,100,600,0.5,0.9806778947934087,2.688499802577926,2.8873558
58,100,600,0.5,-0.1506290624969875,1.244116742223275,0.70148003
58,100,600,0.5,0.3929648614029002,2.0563165154559955,1.751795
58,100,600,0.5,-0.6820608327089606,-0.47542450589208135,-0.3253358
58,100,600,0.5,0.8131109984423579,2.400570478333453,2.5635884
58,100,600,0.5,-0.4157049464149023,-0.10768022953816919,0.1893087
58,100,600,0.5,-0.4139594309844066,-0.41673334321012856,0.19268131
58,100,600,0.5,0.8947411809778485,2.7715983260255865,2.7213116
58,100,600,0.5,0.05778983950580896,0.8458523623243672,1.1041805
58,100,600,0.5,-0.8638518520505596,-0.8483725998276714,-0.6765867
58,100,600,0.5,0.3849442387400397,2.529019062657932,1.7362978
58,100,600,0.5,-0.3628620950973527,0.35624009603158796,0.29141003
58,100,600,0.5,0.0731584222174444,0.14420898668543125,1.1338751
58,100,600,0.5,0.3439142811916447,1.1140230899617216,1.657021
58,100,600,0.5,0.5548151236975063,1.6601591691622446,2.064517
58,100,600,0.5,-0.7625445620915119,-0.5800305138376807,-0.48084396
58,100,600,0.5,0.03461703440457753,0.3582741329889366,1.0594066
58,100,600,0.5,0.793093191702126,1.8109717108625114,2.5249104
58,100,600,0.5,0.6978871106258364,1.825676070784192,2.3409564
58,100,600,0.5,-0.8720894677580378,-0.3378419144615543,-0.69250315
58,100,600,0.5,-0.5576781693078323,0.23433390317824393,-0.08500749
58,100,600,0.5,-0.13116674888375845,0.2648586044543374,0.7390845
58,100,600,0.5,-0.5243855149219223,-0.02620402212783949,-0.020680487
58,100,600,0.5,-0.39994216104814084,0.7327734239527157,0.21976507
58,100,600,0.5,0.3929262893050012,2.5025288300509985,1.7517205
58,100,600,0.5,-0.3445591968857622,0.8094405966243554,0.3267743
58,100,600,0.5,-0.6295353495276321,-0.24636809486275624,-0.22384769
58,100,600,0.5,-0.25829440156422256,1.1889972288163606,0.4934524
58,100,600,0.5,0.42848259909822284,1.9145391347664917,1.8204213
58,100,600,0.5,0.1041565533839417,1.4727849159761746,1.1937687
58,100,600,0.5,-0.17028626133287195,0.45741133040878756,0.663499
59,100,600,1.0,-0.10574924276474529,1.2422834271061935,0.7878871
59,100,600,1.0,0.23696051902549575,-0.3203082334387295,1.4268222
59,100,600,1.0,0.844695963593266,1.8972769066213822,2.5598612
59,100,600,1.0,-0.7596068775736622,-0.7014585389372673,-0.4311403
59,100,600,1.0,0.24295680299952704,2.8535108458057676,1.4380014
59,100,600,1.0,-0.30553296413556086,-0.376768122749208,0.4154179
59,100,600,1.0,0.5834500761653292,0.15049352453089826,2.0728042
59,100,600,1.0,-0.5245163479687225,1.4222892602048933,0.0071535707
59,100,600,1.0,-0.40771960495571014,-0.01833605067808733,0.22490495
59,100,600,1.0,0.9188666816668503,2.725267380774148,2.6981423
59,100,600,1.0,-0.6773809642300075,-0.17894297516398697,-0.27784145
59,100,600,1.0,0.7634707237097056,2.3958874358779987,2.4084277
59,100,600,1.0,0.90549802303397,3.3380002545225995,2.6732183
59,100,600,1.0,-0.8778429258664253,-0.7225961005940904,-0.6515751
59,100,600,1.0,0.3800500403824547,1.2502568386264303,1.6935928
59,100,600,1.0,-0.5850598491177812,-0.7028224902151169,-0.105721354
59,100,600,1.0,-0.47088877579074606,-0.9717128348904687,0.10713482
59,100,600,1.0,0.3261564062002016,-0.2933902707635556,1.5931156
59,100,600,1.0,0.8684279958495875,1.5189174801060241,2.6041062
59,100,600,1.0,0.04649610693339934,2.1711895175810367,1.0717275
59,100,600,1.0,0.20552675214328775,0.9718639824844275,1.3682183
59,100,600,1.0,-0.8801114035008535,-1.3594470844614264,-0.6558044
59,100,600,1.0,-0.7685935333458127,-0.12431624624545073,-0.4478947
59,100,600,1.0,-0.2756218821212213,-0.8996568519985626,0.47118294
59,100,600,1.0,0.8080887858019155,3.9871665778949525,2.491612
59,100,600,1.0,0.8977220414410148,2.437330007402173,2.658721
59,100,600,1.0,0.9535221763806743,4.131914916955008,2.7627525
59,100,600,1.0,0.18174552249634646,1.7427265785282797,1.3238814
59,100,600,1.0,-0.5444809969242781,0.1352902271171257,-0.030067682
59,100,600,1.0,-0.4258969601607405,-1.3933813199932685,0.19101578
59,100,600,1.0,0.9959245026573469,3.1813486428626074,2.841806
59,100,600,1.0,0.7327646518572584,2.1632795732594468,2.3511806
59,100,600,1.0,-0.8717050073024313,-0.9854298444750821,-0.64013183
59,100,600,1.0,0.16895213791153774,0.8735665843875838,1.30003
59,100,600,1.0,-0.6276139882393277,0.0619326498140334,-0.18505776
59,100,600,1.0,-0.7881876902355356,-2.623698993529033,-0.4844253
59,100,600,1.0,-0.7290518715550995,-0.6776447714414123,-0.3741747
59,100,600,1.0,0.42105680544469126,1.535347834862378,1.7700443
59,100,600,1.0,0.6573138291114755,1.6311878914342692,2.210513
59,100,600,1.0,0.8986376448313629,0.5519536412913237,2.660428
59,100,600,1.0,0.7640828204597792,1.860445354560159,2.4095693
59,100,600,1.0,-0.17067612001895283,0.8791554157192676,0.66683984
59,100,600,1.0,0.7246370936718047,2.461506170982427,2.3360279
59,100,600,1.0,0.8395656215563168,1.9254267769320328,2.5502963
59,100,600,1.0,-0.7634511482621336,0.335693714804184,-0.4383074
59,100,600,1.0,0.15445717720833518,2.3433242408981885,1.2730061
59,100,600,1.0,0.7345788109249296,1.091074154785782,2.3545628
59,100,600,1.0,-0.5024937129600839,-0.7340320847148636,0.048211694
59,100,600,1.0,-0.7236340973027724,-1.3362395527009947,-0.3640741
59,100,600,1.0,-0.4503528602648068,-0.8481943154364932,0.1454212
59,100,600,1.0,-0.2078805943854125,2.7163922217996186,0.59747726
59,100,600,1.0,-0.7103044813132455,0.8444688754622749,-0.3392228
59,100,600,1.0,-0.4599840536156703,0.03543646631280238,0.12746513
59,100,600,1.0,-0.8182285359351811,-1.543757193395689,-0.54043233
59,100,600,1.0,0.7961247144274701,1.6986750265407489,2.4693067
59,100,600,1.0,-0.44480780453646784,-0.5573283296434947,0.15575916
59,100,600,1.0,0.7933425860806842,2.9635616930122612,2.46412
59,100,600,1.0,0.711606684785222,1.197017177787425,2.3117347
59,100,600,1.0,0.30640163971426726,1.396071808852996,1.5562856
59,100,600,1.0,-0.019082382764865846,1.411547334702261,0.9494655
59,100,600,1.0,-0.43438607484718084,-0.13041759540526238,0.17518902
59,100,600,1.0,-0.3092966386061946,-0.5365980470314347,0.408401
59,100,600,1.0,-0.24014608819975902,0.4783070120425145,0.5373227
59,100,600,1.0,0.15428048804068362,1.1101620792613214,1.2726767
59,100,600,1.0,0.01961439324316827,0.989904716338764,1.0216103
59,100,600,1.0,0.9529189300267915,0.6662338013918463,2.761628
59,100,600,1.0,-0.7330770581301311,0.23488722490483482,-0.38167906
59,100,600,1.0,0.8154659149700789,1.7767705691258033,2.5053658
59,100,600,1.0,-0.17147401097066006,-0.5515216756745414,0.66535234
59,100,600,1.0,-0.1589210666398031,0.623571315586533,0.6887556
59,100,600,1.0,-0.18551765717238533,1.3489484157983949,0.63916993
59,100,600,1.0,-0.12482557747461498,-0.21015553658237796,0.7523219
59,100,600,1.0,-0.6740911479067893,-0.5607053405838878,-0.271708
59,100,600,1.0,-0.5199594532405809,0.011656036288727231,0.01564926
59,100,600,1.0,-0.42320300533701216,-0.6479028960683991,0.19603837
59,100,600,1.0,0.39054001180937203,1.8752723239288906,1.71315
59,100,600,1.0,-0.8409558348264885,-1.6010251145229208,-0.5828042
59,100,600,1.0,-0.4447425874105362,0.3084821151238951,0.15588075
59,100,600,1.0,0.773921562434835,2.645062356872588,2.427912
59,100,600,1.0,-0.5078736300180711,0.9146612360749742,0.038181543
59,100,600,1.0,0.9636587796365064,2.937666873839312,2.781651
59,100,600,1.0,0.9788195545688629,3.8940376526901854,2.809916
59,100,600,1.0,-0.24350965015307646,0.21219682321781996,0.5310518
59,100,600,1.0,0.807967909856474,2.6274347195830106,2.491387
59,100,600,1.0,0.20969103949009193,1.48423818532376,1.375982
59,100,600,1.0,0.3636405982069668,1.649426440473083,1.6629997
59,100,600,1.0,0.6960164586444688,2.7967947293294353,2.2826686
59,100,600,1.0,0.17663422710721144,2.776251950730529,1.3143522
59,100,600,1.0,0.3992441085010334,2.123357832798253,1.7293775
59,100,600,1.0,0.9806778947934087,2.415643815569035,2.8133807
59,100,600,1.0,-0.1506290624969875,1.789491609440525,0.7042149
59,100,600,1.0,0.3929648614029002,2.3267033081061905,1.7176708
59,100,600,1.0,-0.6820608327089606,-0.5867273463662416,-0.28656638
59,100,600,1.0,0.8131109984423579,2.1749189597821896,2.5009754
59,100,600,1.0,-0.4157049464149023,-0.3839505662465338,0.21001744
59,100,600,1.0,-0.4139594309844066,-1.005547824451444,0.21327168
59,100,600,1.0,0.8947411809778485,2.753714290095476,2.6531634
59,100,600,1.0,0.05778983950580896,0.5761250456371165,1.0927832
59,100,600,1.0,-0.8638518520505596,-0.9690414955542237,-0.62549067
59,100,600,1.0,0.3849442387400397,3.288149647835785,1.7027174
59,100,600,1.0,-0.3628620950973527,0.4382043822578813,0.30853564
59,100,600,1.0,0.0731584222174444,-0.8578988710640263,1.1214358
59,100,600,1.0,0.3439142811916447,0.5402176175401541,1.6262227
59,100,600,1.0,0.5548151236975063,1.2106880909294766,2.0194182
59,100,600,1.0,-0.7625445620915119,-0.6349719034923376,-0.43661726
59,100,600,1.0,0.03461703440457753,-0.3526858028312818,1.0495807
59,100,600,1.0,0.793093191702126,1.035757038320771,2.463655
59,100,600,1.0,0.6978871106258364,1.2555779203167112,2.2861562
59,100,600,1.0,-0.8720894677580378,0.06849510659296687,-0.6408485
59,100,600,1.0,-0.5576781693078323,0.5840241449721525,-0.054672122
59,100,600,1.0,-0.13116674888375845,-0.2079492933238083,0.7404996
59,100,600,1.0,-0.5243855149219223,-0.0036370144118343523,0.007397473
59,100,600,1.0,-0.39994216104814084,1.2654311700017131,0.23940498
59,100,600,1.0,0.3929262893050012,3.219205081491994,1.7175989
59,100,600,1.0,-0.3445591968857622,1.3079995870202352,0.34265888
59,100,600,1.0,-0.6295353495276321,-0.23366549067024822,-0.18863988
59,100,600,1.0,-0.25829440156422256,1.8945832607611666,0.5034877
59,100,600,1.0,0.42848259909822284,1.9721130713365378,1.7838887
59,100,600,1.0,0.1041565533839417,1.7372567251844657,1.1792275
59,100,600,1.0,-0.17028626133287195,0.25539518348331897,0.6675667
60,100,1000,0.05,-0.43460069810892676,0.10391943535424338,0.13335037
60,100,1000,0.05,0.04875962215443996,1.0680376422113285,1.0980587
60,100,1000,0.05,-0.9063872905756225,-0.8078412084604553,-0.80825853
60,100,1000,0.05,-0.1525872930890544,0.7091260401707972,0.6962031
60,100,1000,0.05,-0.14240855500352434,0.7275129993060181,0.7165182
60,100,1000,0.05,-0.7790457780165105,-0.5309610168580813,-0.55410576
60,100,1000,0.05,0.5291239487154171,2.0659813391131507,2.0567875
60,100,1000,0.05,0.36102896228565173,1.7491083355692938,1.7212973
60,100,1000,0.05,-0.28200944332073585,0.4136393006753972,0.43789762
60,100,1000,0.05,0.1486504976991576,1.3156782401994287,1.2974246
60,100,1000,0.05,0.24333087290651556,1.5485620926109531,1.4863911
60,100,1000,0.05,-0.43438607484718084,0.17985463976276517,0.13377875
60,100,1000,0.05,-0.765359039230378,-0.5989762223220143,-0.5267893
60,100,1000,0.05,0.012624448046777204,1.0205292707729952,1.0259387
60,100,1000,0.05,-0.3394659286062016,0.27140007401644,0.3232239
60,100,1000,0.05,-0.16661648618257807,0.6951673955961648,0.6682031
60,100,1000,0.05,-0.4139594309844066,0.19385844599596952,0.17454696
60,100,1000,0.05,0.5583588666036681,2.174794423385292,2.1151357
60,100,1000,0.05,-0.08299366586710999,0.9023834173887879,0.83510065
60,100,1000,0.05,0.45408852542265654,1.868172927041083,1.907029
60,100,1000,0.05,-0.3320702608063817,0.3671154112089231,0.33798438
60,100,1000,0.05,0.5873954067148413,2.1930832528255255,2.1730878
60,100,1000,0.05,-0.3445591968857622,0.31479216528308324,0.31305856
60,100,1000,0.05,0.8442229235343861,2.640813599428003,2.6856735
60,100,1000,0.05,0.9806778947934087,2.9410406330645644,2.9580154
60,100,1000,0.05,-0.1506290624969875,0.7433655693726016,0.7001114
60,100,1000,0.05,-0.4599840536156703,0.09546945486049006,0.082689345
60,100,1000,0.05,0.7476643566694363,2.542037700763859,2.4929585
60,100,1000,0.05,-0.5770904084351729,-0.15323471167623606,-0.15103579
60,100,1000,0.05,-0.32804491531948954,0.34268269817890196,0.3460183
60,100,1000,0.05,0.03767029766305208,1.1105461464331832,1.0759262
60,100,1000,0.05,-0.1371631291320521,0.8168099217422938,0.72698724
60,100,1000,0.05,0.4428133359199049,1.8852161777263292,1.8845255
60,100,1000,0.05,0.011732767650616704,1.0414279931269061,1.0241591
60,100,1000,0.05,0.3992441085010334,1.8093471986339809,1.7975686
60,100,1000,0.05,-0.8839416793522488,-0.7926884754036256,-0.76346076
60,100,1000,0.05,0.2695726458673895,1.5717343548198097,1.5387654
60,100,1000,0.05,0.3929262893050012,1.7398700441068693,1.7849591
60,100,1000,0.05,-0.3036161145069598,0.351691045135104,0.39477426
60,100,1000,0.05,-0.5111488159967945,-0.005949502223366158,-0.01942718
60,100,1000,0.05,-0.4329623068356667,0.2415541130720309,0.1366204
60,100,1000,0.05,0.1730258696201663,1.3471048403074357,1.3460739
60,100,1000,0.05,-0.8409558348264885,-0.7249247922508529,-0.6776681
60,100,1000,0.05,0.9996171562339307,2.950078403280576,2.995815
60,100,1000,0.05,0.9216693161260003,2.8624094449624593,2.8402438
60,100,1000,0.05,0.5984051747047834,2.252558465556937,2.1950614
60,100,1000,0.05,0.10929011724051918,1.138343307987989,1.2188677
60,100,1000,0.05,-0.34402399818384066,0.3305425577071934,0.31412667
60,100,1000,0.05,-0.17028626133287195,0.5987074081862932,0.66087884
60,100,1000,0.05,-0.9013021064231206,-0.8436817041263978,-0.7981094
60,100,1000,0.05,0.8395656215563168,2.6046179737172688,2.6763783
60,100,1000,0.05,0.46348837086578554,2.0238123648516986,1.9257896
60,100,1000,0.05,-0.7994121154690044,-0.653067033911081,-0.5947536
60,100,1000,0.05,-0.10721116903359418,0.8140006078790255,0.7867664
60,100,1000,0.05,0.5610583525729109,2.1200466645679237,2.1205235
60,100,1000,0.05,-0.47088877579074606,0.06195176874568555,0.060925364
60,100,1000,0.05,0.3183529437000565,1.7103941281570332,1.636123
60,100,1000,0.05,0.5834500761653292,2.1639708247739655,2.1652136
60,100,1000,0.05,0.7453013108947906,2.526821047033079,2.4882421
60,100,1000,0.05,-0.024647352923584886,0.9329077195004899,0.95155036
60,100,1000,0.05,-0.8043110310119319,-0.5974989038234335,-0.60453105
60,100,1000,0.05,-0.5822464878103306,-0.1650502562127533,-0.16132653
60,100,1000,0.05,0.20078447419527912,1.427210771270196,1.4014754
60,100,1000,0.05,0.7933425860806842,2.571346883360018,2.5841246
60,100,1000,0.05,0.214498748023082,1.4675393440664108,1.4288468
60,100,1000,0.05,0.06983370985416792,1.0710152921607912,1.1401191
60,100,1000,0.05,-0.7653688716336122,-0.5862116209490317,-0.52680886
60,100,1000,0.05,-0.7043973318692192,-0.3866523580511014,-0.40511966
60,100,1000,0.05,0.9529189300267915,2.8634218339133213,2.9026132
60,100,1000,0.05,0.17747921994057636,1.3386425167732368,1.354962
60,100,1000,0.05,0.14450381158174674,1.2450981060229898,1.2891484
60,100,1000,0.05,-0.18653330832850346,0.6045101330327901,0.6284524
60,100,1000,0.05,0.479767835658202,1.938922083586177,1.9582807
60,100,1000,0.05,0.9414628855412657,2.8927848238424,2.8797486
60,100,1000,0.05,0.644235466388491,2.273431738953181,2.2865314
60,100,1000,0.05,0.2789450327974472,1.56736504747229,1.5574712
60,100,1000,0.05,-0.5168859199201632,-0.17388197975991204,-0.030877471
60,100,1000,0.05,0.3636405982069668,1.747541400430078,1.7265097
60,100,1000,0.05,0.8154659149700789,2.6214900909292687,2.6282792
60,100,1000,0.05,-0.8931456364263495,-0.8579280473494043,-0.78183043
60,100,1000,0.05,-0.18992877340610015,0.6559393978596493,0.6216756
60,100,1000,0.05,0.6419864596958702,2.2855030106086662,2.2820425
60,100,1000,0.05,0.8986376448313629,2.8123747501806036,2.7942765
60,100,1000,0.05,-0.8057974484138775,-0.6150769757501017,-0.6074977
60,100,1000,0.05,0.7211023476575875,2.422142959819616,2.439945
60,100,1000,0.05,0.01961439324316827,1.000110438141232,1.0398896
60,100,1000,0.05,-0.542706898034109,-0.07575311840653315,-0.082412004
60,100,1000,0.05,-0.6932622442813086,-0.3615881406470205,-0.38289583
60,100,1000,0.05,0.04152287448372105,1.0784401432328443,1.0836153
60,100,1000,0.05,0.3912508912777144,1.7458361421762456,1.7816153
60,100,1000,0.05,0.9037489536654724,2.8685671553039045,2.8044777
60,100,1000,0.05,0.9840224868289482,2.996194459587203,2.9646907
60,100,1000,0.05,-0.9395294839880348,-0.8740987248494945,-0.874405
60,100,1000,0.05,0.17663422710721144,1.3063744426568502,1.3532755
60,100,1000,0.05,-0.8492818618333193,-0.6691524772107418,-0.6942855
60,100,1000,0.05,0.10937561732283796,1.297992261013127,1.2190382
60,100,1000,0.05,0.7613562460941592,2.4434888140307716,2.5202851
60,100,1000,0.05,0.15189299111235854,1.2521538271301107,1.3038961
60,100,1000,0.05,-0.7236340973027724,-0.47276035671246874,-0.44351315
60,100,1000,0.05,-0.5692035913135236,-0.1263469844160996,-0.13529503
60,100,1000,0.05,-0.13403158743763854,0.6717500655147339,0.73323727
60,100,1000,0.05,-0.9292751284890182,-0.8396547518911126,-0.85393906
60,100,1000,0.05,-0.4036252806738718,0.2349992188022982,0.19517225
60,100,1000,0.05,0.10438493984481312,1.1878960121953746,1.2090777
60,100,1000,0.05,0.917481846113186,2.878748476165347,2.8318863
60,100,1000,0.05,-0.23932963294485377,0.515320402177072,0.5230795
60,100,1000,0.05,0.38791282186909504,1.7595788958221652,1.7749531
60,100,1000,0.05,0.7788958176317331,2.5684424936349606,2.5552912
60,100,1000,0.05,0.45998112484811604,1.9043634443004214,1.9187896
60,100,1000,0.05,-0.31531524674968425,0.4789144071626235,0.37142467
60,100,1000,0.05,-0.8210109099341998,-0.5615957120709634,-0.63786125
60,100,1000,0.05,-0.8728924503276831,-0.717880806624433,-0.74140835
60,100,1000,0.05,-0.015277186618231742,1.0404083790590841,0.9702517
60,100,1000,0.05,-0.6339334158401577,-0.2422209893389266,-0.26448524
60,100,1000,0.05,0.04649610693339934,1.0755941210707565,1.093541
60,100,1000,0.05,-0.5078736300180711,-0.11634127599837758,-0.012890458
60,100,1000,0.05,0.8684279958495875,2.6894815619538313,2.733983
60,100,1000,0.05,-0.3916528852215069,0.24690106657912048,0.21906722
60,100,1000,0.05,-0.5805001006887298,-0.23332125457662606,-0.15784109
60,100,1000,0.05,0.02263796509291205,1.0557684040819768,1.0459241
60,100,1000,0.05,-0.10326164220400535,0.8636189525970015,0.79464906
60,100,1000,0.05,-0.019389306902525716,1.0174166514756706,0.96204454
60,100,1000,0.05,-0.08718086932186675,0.8329534836563187,0.82674366
60,100,1000,0.05,-0.5183424401691064,-0.08896110819168601,-0.03378439
60,100,1000,0.05,-0.07284915127037861,0.859537398930907,0.8553474
60,100,1000,0.05,0.773921562434835,2.536839335878652,2.5453634
60,100,1000,0.05,-0.8470264619394292,-0.6696542897457082,-0.68978405
60,100,1000,0.05,-0.30296126101487353,0.41431225075096795,0.3960812
60,100,1000,0.05,-0.4861667126266618,0.03858642840317329,0.030433059
60,100,1000,0.05,-0.9200143961985661,-0.8422844575817988,-0.835456
60,100,1000,0.05,0.9590538586709172,2.8887917160812777,2.9148574
60,100,1000,0.05,0.03127669330250349,1.0343374911208825,1.0631657
60,100,1000,0.05,0.5703058240462755,2.1474961393877186,2.13898
60,100,1000,0.05,-0.8046472651045518,-0.6097773920357489,-0.6052021
60,100,1000,0.05,-0.18811535606343255,0.5956903503929739,0.6252949
60,100,1000,0.05,-0.6773809642300075,-0.35418698346651184,-0.3511994
60,100,1000,0.05,0.45050855963928105,1.9478370464561852,1.899884
60,100,1000,0.05,0.5167573076722829,2.026286274497879,2.0321057
60,100,1000,0.05,0.27984204265504764,1.557179880595854,1.5592616
60,100,1000,0.05,0.9535221763806743,2.930566010003673,2.9038172
60,100,1000,0.05,0.33353343089133536,1.6404423658222174,1.6664207
60,100,1000,0.05,-0.6334403275718428,-0.18871041789223905,-0.26350105
60,100,1000,0.05,0.8544236147462358,2.7542321693918668,2.7060325
60,100,1000,0.05,0.6978871106258364,2.3658130073786867,2.3936112
60,100,1000,0.05,0.13569200295501505,1.2881762419802958,1.2715615
60,100,1000,0.05,0.7269412983871715,2.458911657210791,2.4515986
60,100,1000,0.05,-0.2851506968105739,0.42919578278540144,0.43162817
60,100,1000,0.05,0.4337193623851874,1.8174222073226896,1.8663754
60,100,1000,0.05,-0.14919654928989057,0.7479348164685737,0.7029705
60,100,1000,0.05,-0.7370344014177448,-0.5169227122690478,-0.47025788
60,100,1000,0.05,-0.20039661555094823,0.5886464697165276,0.6007835
60,100,1000,0.05,-0.18563340554800067,0.6309898896755992,0.6302484
60,100,1000,0.05,-0.41950391488014316,0.06866557115648003,0.16348112
60,100,1000,0.05,-0.42320300533701216,0.20547327267850737,0.15609837
60,100,1000,0.05,-0.5452751018449964,-0.11949611068715317,-0.08753765
60,100,1000,0.05,-0.25140763335816785,0.4593600568396269,0.49897385
60,100,1000,0.05,-0.9771450827499379,-0.9073528217157604,-0.9494796
60,100,1000,0.05,-0.9617542051026204,-0.9430280449045163,-0.91876197
60,100,1000,0.05,-0.6820608327089606,-0.3476199096924055,-0.36053967
60,100,1000,0.05,0.5911807370864262,2.2319069328570946,2.1806426
60,100,1000,0.05,0.9959245026573469,3.068146883358934,2.9884453
60,100,1000,0.05,-0.2465174660780265,0.5211535455631143,0.50873387
60,100,1000,0.05,-0.8054840104247187,-0.6981774086771353,-0.6068721
60,100,1000,0.05,-0.004446184349316429,1.0741380092960928,0.99186856
60,100,1000,0.05,0.92639459052076,2.8419719821267337,2.8496747
60,100,1000,0.05,0.4275337368200327,1.8310550218903192,1.85403
60,100,1000,0.05,0.9458389780462606,2.896596851433295,2.8884826
60,100,1000,0.05,-0.7934036898297228,-0.6251426223862906,-0.58276176
60,100,1000,0.05,0.3440956147078289,1.6681263391589822,1.6875012
60,100,1000,0.05,0.5411614970055525,2.1126785776069075,2.0808125
60,100,1000,0.05,0.807967909856474,2.6093074189802623,2.6133146
60,100,1000,0.05,-0.09635663466048072,0.8342914537052788,0.8084303
60,100,1000,0.05,-0.10574924276474529,0.7773776639583634,0.7896842
60,100,1000,0.05,0.5424509259318204,2.094110915098818,2.083386
60,100,1000,0.05,-0.2343838816842918,0.583483405406551,0.53295046
60,100,1000,0.05,-0.08617715670846837,0.7277137128038946,0.8287469
60,100,1000,0.05,0.8074394794918669,2.665662223060839,2.6122599
60,100,1000,0.05,-0.4157049464149023,0.1289843561419379,0.17106324
60,100,1000,0.05,-0.18339418332051038,0.6757381675351511,0.6347176
60,100,1000,0.05,0.07384600216478088,1.1794632306572614,1.148127
60,100,1000,0.05,0.1041565533839417,1.2148918051632869,1.2086219
60,100,1000,0.05,-0.20167770949045383,0.6371035958617505,0.59822667
60,100,1000,0.05,0.918333206070445,2.778108389068386,2.8335857
60,100,1000,0.05,0.0610744291255636,1.1301819177421157,1.122637
60,100,1000,0.05,0.7645673438382148,2.6396999043384044,2.5266938
60,100,1000,0.05,0.30640163971426726,1.6223188573082314,1.6122701
60,100,1000,0.05,0.36278502120767575,1.7807989660939254,1.724802
60,100,1000,0.05,-0.08279207646282827,0.8367691518072682,0.835503
60,100,1000,0.05,-0.8622960710132521,-0.8092106639002097,-0.72025967
60,100,1000,0.05,0.015271094481529746,1.0424521985641615,1.031221
60,100,1000,0.05,0.45554254642883607,1.869292289483591,1.909931
60,100,1000,0.05,-0.6817075261155143,-0.3117655925050314,-0.35983443
60,100,1000,0.05,-0.05875819216385425,0.9373987927089171,0.88347065
60,100,1000,0.05,-0.13116674888375845,0.733926253098466,0.738955
60,100,1000,0.05,-0.4733552465256987,0.034188234501083395,0.056002676
60,100,1000,0.05,0.2289294129537487,1.5489545808005176,1.4576482
60,100,1000,0.05,-0.8863038471335194,-0.7551992325049484,-0.76817536
60,100,1000,0.05,0.0731584222174444,1.2470198521808122,1.1467547
60,100,1000,0.05,-0.733121136508792,-0.4661137138960084,-0.46244764
60,100,1000,0.05,-0.40771960495571014,0.20488156477239006,0.18700063
61,100,1000,0.2,-0.43460069810892676,0.023281930070534085,0.14100856
61,100,1000,0.2,0.04875962215443996,0.979592835918674,1.0996765
61,100,1000,0.2,-0.9063872905756225,-0.7930410903880859,-0.7947048
61,100,1000,0.2,-0.1525872930890544,0.7520279192175148,0.7003371
61,100,1000,0.2,-0.14240855500352434,0.7645033272452182,0.720525
61,100,1000,0.2,-0.7790457780165105,-0.4495693993332618,-0.5421432
61,100,1000,0.2,0.5291239487154171,2.0891816641601006,2.0524025
61,100,1000,0.2,0.36102896228565173,1.830259568563265,1.719013
61,100,1000,0.2,-0.28200944332073585,0.346613862626004,0.44364893
61,100,1000,0.2,0.1486504976991576,1.370809974602769,1.2977941
61,100,1000,0.2,0.24333087290651556,1.7342631330047191,1.4855776
61,100,1000,0.2,-0.43438607484718084,0.3257350081341457,0.14143425
61,100,1000,0.2,-0.765359039230378,-0.8037506539057897,-0.51499784
61,100,1000,0.2,0.012624448046777204,1.0063703948113174,1.0280082
61,100,1000,0.2,-0.3394659286062016,0.12239586770296967,0.3296932
61,100,1000,0.2,-0.16661648618257807,0.7803684994801279,0.6725124
61,100,1000,0.2,-0.4139594309844066,0.2591903698903176,0.18194717
61,100,1000,0.2,0.5583588666036681,2.34902449391916,2.1103852
61,100,1000,0.2,-0.08299366586710999,1.1074956647578118,0.83836496
61,100,1000,0.2,0.45408852542265654,1.7481605556283928,1.9035816
61,100,1000,0.2,-0.3320702608063817,0.46088320967398266,0.3443613
61,100,1000,0.2,0.5873954067148413,2.247960571013054,2.1679745
61,100,1000,0.2,-0.3445591968857622,0.326523842446906,0.31959152
61,100,1000,0.2,0.8442229235343861,2.497916856505695,2.677351
61,100,1000,0.2,0.9806778947934087,2.880095163497805,2.9479876
61,100,1000,0.2,-0.1506290624969875,0.8772366524723311,0.70422095
61,100,1000,0.2,-0.4599840536156703,0.14178214113598203,0.090664685
61,100,1000,0.2,0.7476643566694363,2.682164663038818,2.4858422
61,100,1000,0.2,-0.5770904084351729,-0.15039639609390684,-0.14159691
61,100,1000,0.2,-0.32804491531948954,0.3390002846325451,0.35234493
61,100,1000,0.2,0.03767029766305208,1.2161627997544207,1.0776826
61,100,1000,0.2,-0.1371631291320521,1.0902184617614878,0.7309284
61,100,1000,0.2,0.4428133359199049,1.883984695385887,1.8812191
61,100,1000,0.2,0.011732767650616704,1.0953153666039246,1.0262396
61,100,1000,0.2,0.3992441085010334,1.841924143529723,1.7948065
61,100,1000,0.2,-0.8839416793522488,-0.86710382550101,-0.7501874
61,100,1000,0.2,0.2695726458673895,1.6695015440749021,1.5376239
61,100,1000,0.2,0.3929262893050012,1.60192244059747,1.7822762
61,100,1000,0.2,-0.3036161145069598,0.22846086758217488,0.40079558
61,100,1000,0.2,-0.5111488159967945,0.043094887087302455,-0.010812402
61,100,1000,0.2,-0.4329623068356667,0.5639902933021239,0.14425808
61,100,1000,0.2,0.1730258696201663,1.3502641435087452,1.3461388
61,100,1000,0.2,-0.8409558348264885,-0.8539641600444807,-0.664932
61,100,1000,0.2,0.9996171562339307,2.8026106757187197,2.9855506
61,100,1000,0.2,0.9216693161260003,2.9196218830938347,2.8309536
61,100,1000,0.2,0.5984051747047834,2.419802813999047,2.1898108
61,100,1000,0.2,0.10929011724051918,0.8976325285088409,1.2197291
61,100,1000,0.2,-0.34402399818384066,0.38631421993181736,0.32065296
61,100,1000,0.2,-0.17028626133287195,0.41654720074240426,0.66523397
61,100,1000,0.2,-0.9013021064231206,-0.9669141779668677,-0.7846191
61,100,1000,0.2,0.8395656215563168,2.3810781655311737,2.668114
61,100,1000,0.2,0.46348837086578554,2.3143192342120815,1.9222248
61,100,1000,0.2,-0.7994121154690044,-0.8157954428302978,-0.5825367
61,100,1000,0.2,-0.10721116903359418,0.8992694457176671,0.7903334
61,100,1000,0.2,0.5610583525729109,2.1138365428342283,2.1157393
61,100,1000,0.2,-0.47088877579074606,0.07313972972721858,0.06903696
61,100,1000,0.2,0.3183529437000565,1.931458850427794,1.6343718
61,100,1000,0.2,0.5834500761653292,2.155182842103886,2.1601496
61,100,1000,0.2,0.7453013108947906,2.635476322763574,2.4811559
61,100,1000,0.2,-0.024647352923584886,0.8795149955434689,0.9540855
61,100,1000,0.2,-0.8043110310119319,-0.5641294292221425,-0.59225285
61,100,1000,0.2,-0.5822464878103306,-0.16672209798902948,-0.15182328
61,100,1000,0.2,0.20078447419527912,1.5041362399091096,1.4011936
61,100,1000,0.2,0.7933425860806842,2.5253320169559674,2.576438
61,100,1000,0.2,0.214498748023082,1.5831648881271514,1.4283936
61,100,1000,0.2,0.06983370985416792,0.8650589095181568,1.1414737
61,100,1000,0.2,-0.7653688716336122,-0.7526332539944535,-0.5150173
61,100,1000,0.2,-0.7043973318692192,-0.3202254409890905,-0.39408994
61,100,1000,0.2,0.9529189300267915,2.7361737554925365,2.8929322
61,100,1000,0.2,0.17747921994057636,1.289694747449489,1.3549713
61,100,1000,0.2,0.14450381158174674,1.1133695546014788,1.2895699
61,100,1000,0.2,-0.18653330832850346,0.5372403821021812,0.6330106
61,100,1000,0.2,0.479767835658202,1.8770813203954955,1.9545125
61,100,1000,0.2,0.9414628855412657,2.9223619821220046,2.870211
61,100,1000,0.2,0.644235466388491,2.2283141574817766,2.2807078
61,100,1000,0.2,0.2789450327974472,1.595789993104477,1.5562125
61,100,1000,0.2,-0.5168859199201632,-0.594212399518669,-0.022191048
61,100,1000,0.2,0.3636405982069668,1.8083220124785113,1.7241926
61,100,1000,0.2,0.8154659149700789,2.593164873896601,2.620316
61,100,1000,0.2,-0.8931456364263495,-1.0728383708395206,-0.76844203
61,100,1000,0.2,-0.18992877340610015,0.763330231875198,0.62627625
61,100,1000,0.2,0.6419864596958702,2.290093284259444,2.2762473
61,100,1000,0.2,0.8986376448313629,2.8576731317342365,2.785274
61,100,1000,0.2,-0.8057974484138775,-0.625523212517142,-0.5952009
61,100,1000,0.2,0.7211023476575875,2.3619577533329386,2.433161
61,100,1000,0.2,0.01961439324316827,0.8827553931059186,1.0418717
61,100,1000,0.2,-0.542706898034109,-0.046771085421478675,-0.07340288
61,100,1000,0.2,-0.6932622442813086,-0.28677909690023073,-0.37200522
61,100,1000,0.2,0.04152287448372105,1.064623326029051,1.0853236
61,100,1000,0.2,0.3912508912777144,1.6358392210386956,1.7789533
61,100,1000,0.2,0.9037489536654724,3.051774899222784,2.795411
61,100,1000,0.2,0.9840224868289482,3.080642917375122,2.954621
61,100,1000,0.2,-0.9395294839880348,-0.8592179954697692,-0.86043704
61,100,1000,0.2,0.17663422710721144,1.1656924079841327,1.3532953
61,100,1000,0.2,-0.8492818618333193,-0.5809187378430514,-0.68144524
61,100,1000,0.2,0.10937561732283796,1.5357153401154795,1.2198987
61,100,1000,0.2,0.7613562460941592,2.2058177795581315,2.512998
61,100,1000,0.2,0.15189299111235854,1.097257361846291,1.3042251
61,100,1000,0.2,-0.7236340973027724,-0.5492368430332406,-0.4322431
61,100,1000,0.2,-0.5692035913135236,-0.0901663897832567,-0.12595487
61,100,1000,0.2,-0.13403158743763854,0.491189786684767,0.73713934
61,100,1000,0.2,-0.9292751284890182,-0.7829682366303413,-0.8400992
61,100,1000,0.2,-0.4036252806738718,0.3617485592524238,0.20244336
61,100,1000,0.2,0.10438493984481312,1.1252744097126195,1.2100005
61,100,1000,0.2,0.917481846113186,3.0101028279822732,2.8226483
61,100,1000,0.2,-0.23932963294485377,0.4972594063774105,0.52829754
61,100,1000,0.2,0.38791282186909504,1.7108386520740901,1.7723327
61,100,1000,0.2,0.7788958176317331,2.6003950687494437,2.547785
61,100,1000,0.2,0.45998112484811604,1.8575670281129895,1.9152687
61,100,1000,0.2,-0.31531524674968425,0.8075491091485996,0.3775922
61,100,1000,0.2,-0.8210109099341998,-0.3203173886786548,-0.6253743
61,100,1000,0.2,-0.8728924503276831,-0.6341685245316331,-0.72827315
61,100,1000,0.2,-0.015277186618231742,1.2532966359457267,0.9726698
61,100,1000,0.2,-0.6339334158401577,-0.16528346231476015,-0.25433612
61,100,1000,0.2,0.04649610693339934,1.0233998426826294,1.0951872
61,100,1000,0.2,-0.5078736300180711,-0.41812332388508394,-0.0043166876
61,100,1000,0.2,0.8684279958495875,2.547358272717799,2.7253578
61,100,1000,0.2,-0.3916528852215069,0.3375215776455231,0.22618872
61,100,1000,0.2,-0.5805001006887298,-0.45028441417412535,-0.14835966
61,100,1000,0.2,0.02263796509291205,1.0872458257704352,1.0478684
61,100,1000,0.2,-0.10326164220400535,1.074045663612038,0.79816663
61,100,1000,0.2,-0.019389306902525716,1.1860024473178363,0.964514
61,100,1000,0.2,-0.08718086932186675,0.8548991505564754,0.8300603
61,100,1000,0.2,-0.5183424401691064,-0.24578979175210589,-0.025079846
61,100,1000,0.2,-0.07284915127037861,0.8752445033458996,0.858485
61,100,1000,0.2,0.773921562434835,2.503827968905599,2.5379195
61,100,1000,0.2,-0.8470264619394292,-0.5964583873462574,-0.67697203
61,100,1000,0.2,-0.30296126101487353,0.475016569093113,0.40209436
61,100,1000,0.2,-0.4861667126266618,0.07134598937266384,0.038735628
61,100,1000,0.2,-0.9200143961985661,-0.8490514531357991,-0.8217319
61,100,1000,0.2,0.9590538586709172,2.8008437122996077,2.9050999
61,100,1000,0.2,0.03127669330250349,0.9496898046685092,1.065002
61,100,1000,0.2,0.5703058240462755,2.1681496132732203,2.1340802
61,100,1000,0.2,-0.8046472651045518,-0.6112259775156852,-0.5929197
61,100,1000,0.2,-0.18811535606343255,0.5114535379524907,0.62987286
61,100,1000,0.2,-0.6773809642300075,-0.3524621484860025,-0.3405074
61,100,1000,0.2,0.45050855963928105,2.088296827989054,1.8964814
61,100,1000,0.2,0.5167573076722829,2.0046012519578187,2.0278752
61,100,1000,0.2,0.27984204265504764,1.5496672664531308,1.5579916
61,100,1000,0.2,0.9535221763806743,3.001130981730645,2.8941286
61,100,1000,0.2,0.33353343089133536,1.560568877940857,1.66448
61,100,1000,0.2,-0.6334403275718428,0.04580029386210038,-0.253358
61,100,1000,0.2,0.8544236147462358,2.8903869890900515,2.6975825
61,100,1000,0.2,0.6978871106258364,2.275929365759729,2.3871174
61,100,1000,0.2,0.13569200295501505,1.3385529501910927,1.272093
61,100,1000,0.2,0.7269412983871715,2.4739988385201355,2.4447417
61,100,1000,0.2,-0.2851506968105739,0.4276873120050492,0.43741876
61,100,1000,0.2,0.4337193623851874,1.6673726549796337,1.8631828
61,100,1000,0.2,-0.14919654928989057,0.8869185616136381,0.7070621
61,100,1000,0.2,-0.7370344014177448,-0.6454844405697225,-0.45882034
61,100,1000,0.2,-0.20039661555094823,0.5569655721717995,0.60551494
61,100,1000,0.2,-0.18563340554800067,0.6377599919904007,0.6347954
61,100,1000,0.2,-0.41950391488014316,-0.20831422609322092,0.17095059
61,100,1000,0.2,-0.42320300533701216,0.36111112273610246,0.1636141
61,100,1000,0.2,-0.5452751018449964,-0.20633383167863434,-0.078496456
61,100,1000,0.2,-0.25140763335816785,0.3458860275075146,0.5043428
61,100,1000,0.2,-0.9771450827499379,-0.7665407903634138,-0.93504155
61,100,1000,0.2,-0.9617542051026204,-1.0015869490023426,-0.9045162
61,100,1000,0.2,-0.6820608327089606,-0.2981146425158588,-0.34978914
61,100,1000,0.2,0.5911807370864262,2.3805433089098216,2.1754823
61,100,1000,0.2,0.9959245026573469,3.2970405174916557,2.978227
61,100,1000,0.2,-0.2465174660780265,0.5637189787206162,0.5140416
61,100,1000,0.2,-0.8054840104247187,-0.9598055721602285,-0.5945792
61,100,1000,0.2,-0.004446184349316429,1.3232291432802699,0.99415135
61,100,1000,0.2,0.92639459052076,2.809520385382375,2.8403254
61,100,1000,0.2,0.4275337368200327,1.7590176666410804,1.8509145
61,100,1000,0.2,0.9458389780462606,2.9113535374556165,2.87889
61,100,1000,0.2,-0.7934036898297228,-0.7401483505668256,-0.5706198
61,100,1000,0.2,0.3440956147078289,1.6079316683889557,1.6854284
61,100,1000,0.2,0.5411614970055525,2.203745328394314,2.076277
61,100,1000,0.2,0.807967909856474,2.5894222167822045,2.605445
61,100,1000,0.2,-0.09635663466048072,0.9153056227839997,0.81186163
61,100,1000,0.2,-0.10574924276474529,0.7440061124219254,0.7932329
61,100,1000,0.2,0.5424509259318204,2.12173810480435,2.0788343
61,100,1000,0.2,-0.2343838816842918,0.7402369117319545,0.5381066
61,100,1000,0.2,-0.08617715670846837,0.4279177914663887,0.832051
61,100,1000,0.2,0.8074394794918669,2.818012015292154,2.6043968
61,100,1000,0.2,-0.4157049464149023,0.010167103057165394,0.17848527
61,100,1000,0.2,-0.18339418332051038,0.8033177700636669,0.63923657
61,100,1000,0.2,0.07384600216478088,1.274776909640361,1.1494313
61,100,1000,0.2,0.1041565533839417,1.234627900349497,1.2095475
61,100,1000,0.2,-0.20167770949045383,0.7584806403897248,0.60297406
61,100,1000,0.2,0.918333206070445,2.602434319850874,2.824337
61,100,1000,0.2,0.0610744291255636,1.1542810962150818,1.124101
61,100,1000,0.2,0.7645673438382148,2.971395554324328,2.5193667
61,100,1000,0.2,0.30640163971426726,1.6508655909473224,1.6106684
61,100,1000,0.2,0.36278502120767575,1.946485737129647,1.7224958
61,100,1000,0.2,-0.08279207646282827,0.8438290660060422,0.8387648
61,100,1000,0.2,-0.8622960710132521,-1.063066229521326,-0.7072568
61,100,1000,0.2,0.015271094481529746,1.0781822273674673,1.0332574
61,100,1000,0.2,0.45554254642883607,1.7439138793613478,1.9064655
61,100,1000,0.2,-0.6817075261155143,-0.15681721332703952,-0.3490883
61,100,1000,0.2,-0.05875819216385425,1.102144323818794,0.8864321
61,100,1000,0.2,-0.13116674888375845,0.7227055056964149,0.74282134
61,100,1000,0.2,-0.4733552465256987,-0.02311558284147415,0.06414515
61,100,1000,0.2,0.2289294129537487,1.8222418454795786,1.4570146
61,100,1000,0.2,-0.8863038471335194,-0.7029738472186771,-0.75487244
61,100,1000,0.2,0.0731584222174444,1.5491288754185824,1.1480677
61,100,1000,0.2,-0.733121136508792,-0.4657280365312819,-0.4510591
61,100,1000,0.2,-0.40771960495571014,0.265843888823821,0.19432288
62,100,1000,0.5,-0.43460069810892676,-0.13799308049688447,0.15632224
62,100,1000,0.5,0.04875962215443996,0.8027032233333651,1.1029124
62,100,1000,0.5,-0.9063872905756225,-0.7634408542433472,-0.76760244
62,100,1000,0.5,-0.1525872930890544,0.8378316773109502,0.7086041
62,100,1000,0.5,-0.14240855500352434,0.8384839831236185,0.7285377
62,100,1000,0.5,-0.7790457780165105,-0.2867861642836229,-0.5182228
62,100,1000,0.5,0.5291239487154171,2.1355823142540005,2.0436354
62,100,1000,0.5,0.36102896228565173,1.9925620345512072,1.7144461
62,100,1000,0.5,-0.28200944332073585,0.2125629865272177,0.45514983
62,100,1000,0.5,0.1486504976991576,1.4810734434094497,1.298534
62,100,1000,0.5,0.24333087290651556,2.105665213792251,1.4839516
62,100,1000,0.5,-0.43438607484718084,0.6174957448769067,0.15674257
62,100,1000,0.5,-0.765359039230378,-1.2132995170733403,-0.49141932
62,100,1000,0.5,0.012624448046777204,0.9780526428879619,1.032147
62,100,1000,0.5,-0.3394659286062016,-0.17561254492397094,0.3426298
62,100,1000,0.5,-0.16661648618257807,0.9507707072480539,0.68113
62,100,1000,0.5,-0.4139594309844066,0.3898542176790136,0.19674516
62,100,1000,0.5,0.5583588666036681,2.697484634986895,2.1008878
62,100,1000,0.5,-0.08299366586710999,1.5177201594958594,0.844893
62,100,1000,0.5,0.45408852542265654,1.5081358128030125,1.8966895
62,100,1000,0.5,-0.3320702608063817,0.6484188066041017,0.35711306
62,100,1000,0.5,0.5873954067148413,2.357715207388112,2.1577516
62,100,1000,0.5,-0.3445591968857622,0.3499871967745517,0.3326553
62,100,1000,0.5,0.8442229235343861,2.2121233706610783,2.6607103
62,100,1000,0.5,0.9806778947934087,2.7582042243642864,2.9279375
62,100,1000,0.5,-0.1506290624969875,1.1449788186717902,0.712439
62,100,1000,0.5,-0.4599840536156703,0.23440751368696597,0.10661268
62,100,1000,0.5,0.7476643566694363,2.962418587588735,2.4716146
62,100,1000,0.5,-0.5770904084351729,-0.14471976492924843,-0.122722864
62,100,1000,0.5,-0.32804491531948954,0.3316354575398314,0.36499614
62,100,1000,0.5,0.03767029766305208,1.4273961063968952,1.0811956
62,100,1000,0.5,-0.1371631291320521,1.6370355417998756,0.73881006
62,100,1000,0.5,0.4428133359199049,1.8815217307050027,1.8746088
62,100,1000,0.5,0.011732767650616704,1.2030901135579617,1.0304008
62,100,1000,0.5,0.3992441085010334,1.907078033321207,1.7892847
62,100,1000,0.5,-0.8839416793522488,-1.0159345256957788,-0.7236459
62,100,1000,0.5,0.2695726458673895,1.865035922585087,1.5353422
62,100,1000,0.5,0.3929262893050012,1.3260272335786714,1.7769122
62,100,1000,0.5,-0.3036161145069598,-0.017999487523683355,0.41283637
62,100,1000,0.5,-0.5111488159967945,0.14118366570863966,0.006414056
62,100,1000,0.5,-0.4329623068356667,1.20886265376231,0.15953082
62,100,1000,0.5,0.1730258696201663,1.3565827499113645,1.3462696
62,100,1000,0.5,-0.8409558348264885,-1.1120428956317365,-0.6394646
62,100,1000,0.5,0.9996171562339307,2.5076752205950075,2.9650273
62,100,1000,0.5,0.9216693161260003,3.034046759356586,2.812378
62,100,1000,0.5,0.5984051747047834,2.754291510883268,2.1793125
62,100,1000,0.5,0.10929011724051918,0.4162109695505448,1.2214525
62,100,1000,0.5,-0.34402399818384066,0.49785754438106544,0.3337034
62,100,1000,0.5,-0.17028626133287195,0.05222678585462659,0.6739433
62,100,1000,0.5,-0.9013021064231206,-1.2133791256478075,-0.7576438
62,100,1000,0.5,0.8395656215563168,1.9339985491589844,2.6515899
62,100,1000,0.5,0.46348837086578554,2.895332972932847,1.9150977
62,100,1000,0.5,-0.7994121154690044,-1.1412522606687312,-0.55810726
62,100,1000,0.5,-0.10721116903359418,1.06980712139495,0.7974665
62,100,1000,0.5,0.5610583525729109,2.101416299366838,2.1061742
62,100,1000,0.5,-0.47088877579074606,0.09551565169028464,0.08525741
62,100,1000,0.5,0.3183529437000565,2.3735882949693154,1.6308713
62,100,1000,0.5,0.5834500761653292,2.1376068767637277,2.1500251
62,100,1000,0.5,0.7453013108947906,2.8527868742245635,2.4669871
62,100,1000,0.5,-0.024647352923584886,0.772729547629427,0.9591557
62,100,1000,0.5,-0.8043110310119319,-0.49739048001956043,-0.5677011
62,100,1000,0.5,-0.5822464878103306,-0.17006578154158186,-0.13282025
62,100,1000,0.5,0.20078447419527912,1.6579871771869366,1.4006307
62,100,1000,0.5,0.7933425860806842,2.433302284147866,2.5610688
62,100,1000,0.5,0.214498748023082,1.8144159762486323,1.4274881
62,100,1000,0.5,0.06983370985416792,0.45314614423288824,1.1441829
62,100,1000,0.5,-0.7653688716336122,-1.085476520085297,-0.49143863
62,100,1000,0.5,-0.7043973318692192,-0.18737160686506882,-0.3720348
62,100,1000,0.5,0.9529189300267915,2.481677598650967,2.8735757
62,100,1000,0.5,0.17747921994057636,1.1917992088019937,1.3549908
62,100,1000,0.5,0.14450381158174674,0.8499124517584569,1.2904134
62,100,1000,0.5,-0.18653330832850346,0.40270088024096345,0.64212584
62,100,1000,0.5,0.479767835658202,1.7533997940141326,1.9469787
62,100,1000,0.5,0.9414628855412657,2.981516298681215,2.8511405
62,100,1000,0.5,0.644235466388491,2.1380789945389687,2.2690644
62,100,1000,0.5,0.2789450327974472,1.6526398843688512,1.5536968
62,100,1000,0.5,-0.5168859199201632,-1.434873239036183,-0.0048213005
62,100,1000,0.5,0.3636405982069668,1.9298832365753777,1.7195606
62,100,1000,0.5,0.8154659149700789,2.536514439831266,2.604394
62,100,1000,0.5,-0.8931456364263495,-1.502659017819753,-0.7416706
62,100,1000,0.5,-0.18992877340610015,0.9781118999062955,0.6354763
62,100,1000,0.5,0.6419864596958702,2.2992738315609995,2.2646601
62,100,1000,0.5,0.8986376448313629,2.948269894841502,2.7672737
62,100,1000,0.5,-0.8057974484138775,-0.6464156860512227,-0.5706121
62,100,1000,0.5,0.7211023476575875,2.2415873403595836,2.419597
62,100,1000,0.5,0.01961439324316827,0.6480453030352917,1.0458357
62,100,1000,0.5,-0.542706898034109,0.011192980548630257,-0.055387855
62,100,1000,0.5,-0.6932622442813086,-0.13716100940665113,-0.3502283
62,100,1000,0.5,0.04152287448372105,1.036989691621464,1.0887403
62,100,1000,0.5,0.3912508912777144,1.415845378763596,1.7736312
62,100,1000,0.5,0.9037489536654724,3.4181903870605437,2.7772832
62,100,1000,0.5,0.9840224868289482,3.24953983295096,2.9344873
62,100,1000,0.5,-0.9395294839880348,-0.8294565367103184,-0.83250654
62,100,1000,0.5,0.17663422710721144,0.8843283386386971,1.3533361
62,100,1000,0.5,-0.8492818618333193,-0.4044512591076703,-0.6557698
62,100,1000,0.5,0.10937561732283796,2.0111614983201846,1.22162
62,100,1000,0.5,0.7613562460941592,1.7304757106128505,2.4984283
62,100,1000,0.5,0.15189299111235854,0.7874644312786523,1.304884
62,100,1000,0.5,-0.7236340973027724,-0.7021898156747843,-0.4097072
62,100,1000,0.5,-0.5692035913135236,-0.01780520051757095,-0.10727775
62,100,1000,0.5,-0.13403158743763854,0.1300692290248332,0.74494267
62,100,1000,0.5,-0.9292751284890182,-0.6695952061087989,-0.8124249
62,100,1000,0.5,-0.4036252806738718,0.615247240152675,0.21698308
62,100,1000,0.5,0.10438493984481312,1.0000312047471092,1.2118465
62,100,1000,0.5,0.917481846113186,3.2728115316161253,2.8041773
62,100,1000,0.5,-0.23932963294485377,0.4611374147780876,0.53873193
62,100,1000,0.5,0.38791282186909504,1.6133581645779405,1.7670941
62,100,1000,0.5,0.7788958176317331,2.66430021897841,2.5327768
62,100,1000,0.5,0.45998112484811604,1.7639741957381256,1.9082294
62,100,1000,0.5,-0.31531524674968425,1.4648185131205516,0.3899253
62,100,1000,0.5,-0.8210109099341998,0.1622392581059623,-0.60040534
62,100,1000,0.5,-0.8728924503276831,-0.4667439603460334,-0.70200765
62,100,1000,0.5,-0.015277186618231742,1.6790731497190121,0.97750574
62,100,1000,0.5,-0.6339334158401577,-0.01140840826642725,-0.23404157
62,100,1000,0.5,0.04649610693339934,0.9190112859063757,1.0984796
62,100,1000,0.5,-0.5078736300180711,-1.0216874196584966,0.012827933
62,100,1000,0.5,0.8684279958495875,2.2631116942457354,2.7081125
62,100,1000,0.5,-0.3916528852215069,0.5187625997783283,0.24042928
62,100,1000,0.5,-0.5805001006887298,-0.8842107333691239,-0.12940025
62,100,1000,0.5,0.02263796509291205,1.1502006691473516,1.051757
62,100,1000,0.5,-0.10326164220400535,1.494899085642111,0.8052011
62,100,1000,0.5,-0.019389306902525716,1.5231740390021682,0.96945274
62,100,1000,0.5,-0.08718086932186675,0.8987904843567887,0.8366929
62,100,1000,0.5,-0.5183424401691064,-0.5594471588729456,-0.007673621
62,100,1000,0.5,-0.07284915127037861,0.9066587121758849,0.8647595
62,100,1000,0.5,0.773921562434835,2.4378052349594923,2.5230355
62,100,1000,0.5,-0.8470264619394292,-0.4500665825473561,-0.651353
62,100,1000,0.5,-0.30296126101487353,0.5964252057774031,0.41411877
62,100,1000,0.5,-0.4861667126266618,0.13686511131164497,0.055337787
62,100,1000,0.5,-0.9200143961985661,-0.8625854442437996,-0.7942891
62,100,1000,0.5,0.9590538586709172,2.624947704736268,2.88559
62,100,1000,0.5,0.03127669330250349,0.7803944317637626,1.0686747
62,100,1000,0.5,0.5703058240462755,2.2094565610442247,2.124284
62,100,1000,0.5,-0.8046472651045518,-0.6141231484755577,-0.5683595
62,100,1000,0.5,-0.18811535606343255,0.3429799130715245,0.6390276
62,100,1000,0.5,-0.6773809642300075,-0.3490124785249838,-0.3191272
62,100,1000,0.5,0.45050855963928105,2.369216391054792,1.8896787
62,100,1000,0.5,0.5167573076722829,1.9612312068776978,2.0194173
62,100,1000,0.5,0.27984204265504764,1.5346420381676842,1.5554534
62,100,1000,0.5,0.9535221763806743,3.1422609251845897,2.8747568
62,100,1000,0.5,0.33353343089133536,1.4008219021781367,1.6606002
62,100,1000,0.5,-0.6334403275718428,0.5148217173707792,-0.23307586
62,100,1000,0.5,0.8544236147462358,3.162696628486421,2.680687
62,100,1000,0.5,0.6978871106258364,2.096162082521813,2.374133
62,100,1000,0.5,0.13569200295501505,1.4393063666126866,1.2731568
62,100,1000,0.5,0.7269412983871715,2.5041732011388245,2.4310317
62,100,1000,0.5,-0.2851506968105739,0.42467037044434486,0.44899815
62,100,1000,0.5,0.4337193623851874,1.367273550293522,1.8567996
62,100,1000,0.5,-0.14919654928989057,1.1648860519037672,0.71524435
62,100,1000,0.5,-0.7370344014177448,-0.9026078971710719,-0.43594968
62,100,1000,0.5,-0.20039661555094823,0.49360377708234354,0.6149765
62,100,1000,0.5,-0.18563340554800067,0.6513001966200038,0.6438881
62,100,1000,0.5,-0.41950391488014316,-0.7622738205926228,0.1858871
62,100,1000,0.5,-0.42320300533701216,0.6723868228512927,0.17864299
62,100,1000,0.5,-0.5452751018449964,-0.3800092736615967,-0.060417295
62,100,1000,0.5,-0.25140763335816785,0.11893796884329016,0.515079
62,100,1000,0.5,-0.9771450827499379,-0.48491672765872085,-0.9061712
62,100,1000,0.5,-0.9617542051026204,-1.118704757197995,-0.87603045
62,100,1000,0.5,-0.6820608327089606,-0.1991041081627653,-0.328292
62,100,1000,0.5,0.5911807370864262,2.677816061015275,2.1651645
62,100,1000,0.5,0.9959245026573469,3.754827785757098,2.9577956
62,100,1000,0.5,-0.2465174660780265,0.6488498450356197,0.52465564
62,100,1000,0.5,-0.8054840104247187,-1.483061899126415,-0.56999815
62,100,1000,0.5,-0.004446184349316429,1.8214114112486242,0.99871665
62,100,1000,0.5,0.92639459052076,2.744617191893657,2.8216314
62,100,1000,0.5,0.4275337368200327,1.6149429561426027,1.8446859
62,100,1000,0.5,0.9458389780462606,2.940866909500259,2.8597107
62,100,1000,0.5,-0.7934036898297228,-0.9701598069278956,-0.5463406
62,100,1000,0.5,0.3440956147078289,1.4875423268489028,1.6812847
62,100,1000,0.5,0.5411614970055525,2.385878829969128,2.0672092
62,100,1000,0.5,0.807967909856474,2.549651812386089,2.5897102
62,100,1000,0.5,-0.09635663466048072,1.0773339609414414,0.81872356
62,100,1000,0.5,-0.10574924276474529,0.6772630093490493,0.8003295
62,100,1000,0.5,0.5424509259318204,2.176992484215414,2.069734
62,100,1000,0.5,-0.2343838816842918,1.0537439243827618,0.54841745
62,100,1000,0.5,-0.08617715670846837,-0.1716740512086231,0.8386586
62,100,1000,0.5,0.8074394794918669,3.1227115997547843,2.5886755
62,100,1000,0.5,-0.4157049464149023,-0.22746740311237962,0.19332683
62,100,1000,0.5,-0.18339418332051038,1.0584769751206984,0.64827335
62,100,1000,0.5,0.07384600216478088,1.4654042676065595,1.1520405
62,100,1000,0.5,0.1041565533839417,1.2741000907219178,1.2113992
62,100,1000,0.5,-0.20167770949045383,1.0012347294456738,0.6124677
62,100,1000,0.5,0.918333206070445,2.25108618141585,2.8058445
62,100,1000,0.5,0.0610744291255636,1.2024794531610137,1.1270292
62,100,1000,0.5,0.7645673438382148,3.634786854296176,2.5047166
62,100,1000,0.5,0.30640163971426726,1.7079590582255044,1.6074665
62,100,1000,0.5,0.36278502120767575,2.2778592792010897,1.717885
62,100,1000,0.5,-0.08279207646282827,0.8579488944035903,0.8452878
62,100,1000,0.5,-0.8622960710132521,-1.5707773607635585,-0.6812562
62,100,1000,0.5,0.015271094481529746,1.1496422849740788,1.03733
62,100,1000,0.5,0.45554254642883607,1.4931570591168615,1.899537
62,100,1000,0.5,-0.6817075261155143,0.15307954502894416,-0.32760012
62,100,1000,0.5,-0.05875819216385425,1.4316353860385478,0.8923546
62,100,1000,0.5,-0.13116674888375845,0.7002640108923126,0.7505531
62,100,1000,0.5,-0.4733552465256987,-0.13772321752658923,0.08042723
62,100,1000,0.5,0.2289294129537487,2.3688163748377002,1.4557486
62,100,1000,0.5,-0.8863038471335194,-0.5985230766461345,-0.72827196
62,100,1000,0.5,0.0731584222174444,2.153346921894123,1.1506939
62,100,1000,0.5,-0.733121136508792,-0.4649566818018289,-0.4282862
62,100,1000,0.5,-0.40771960495571014,0.38776853692668284,0.20896494
63,100,1000,1.0,-0.43460069810892676,-0.4067847647759154,0.18184584
63,100,1000,1.0,0.04875962215443996,0.5078872023578501,1.1083068
63,100,1000,1.0,-0.9063872905756225,-0.7141071273354493,-0.72243154
63,100,1000,1.0,-0.1525872930890544,0.9808379408000092,0.72238344
63,100,1000,1.0,-0.14240855500352434,0.9617850762542858,0.7418931
63,100,1000,1.0,-0.7790457780165105,-0.015480772534224752,-0.47835493
63,100,1000,1.0,0.5291239487154171,2.2129167310771662,2.0290253
63,100,1000,1.0,0.36102896228565173,2.263066144531111,1.7068362
63,100,1000,1.0,-0.28200944332073585,-0.010855140304092903,0.47431886
63,100,1000,1.0,0.1486504976991576,1.6648458914205841,1.2997686
63,100,1000,1.0,0.24333087290651556,2.7246686817714707,1.4812433
63,100,1000,1.0,-0.43438607484718084,1.1037636394481751,0.18225724
63,100,1000,1.0,-0.765359039230378,-1.8958809556859246,-0.4521215
63,100,1000,1.0,0.012624448046777204,0.9308563896823694,1.0390462
63,100,1000,1.0,-0.3394659286062016,-0.6722932326355386,0.36419153
63,100,1000,1.0,-0.16661648618257807,1.234774386861264,0.6954936
63,100,1000,1.0,-0.4139594309844066,0.6076272973268404,0.22140914
63,100,1000,1.0,0.5583588666036681,3.2782515367664535,2.0850601
63,100,1000,1.0,-0.08299366586710999,2.2014276507259387,0.85577416
63,100,1000,1.0,0.45408852542265654,1.1080945747607118,1.8852043
63,100,1000,1.0,-0.3320702608063817,0.9609781348209668,0.3783669
63,100,1000,1.0,0.5873954067148413,2.5406396013465407,2.1407146
63,100,1000,1.0,-0.3445591968857622,0.3890927873206278,0.35442924
63,100,1000,1.0,0.8442229235343861,1.7358008942533845,2.6329782
63,100,1000,1.0,0.9806778947934087,2.555052659141755,2.8945227
63,100,1000,1.0,-0.1506290624969875,1.5912157623375554,0.7261368
63,100,1000,1.0,-0.4599840536156703,0.38878313460527253,0.13319337
63,100,1000,1.0,0.7476643566694363,3.4295084618385974,2.4479036
63,100,1000,1.0,-0.5770904084351729,-0.13525871298815106,-0.09126532
63,100,1000,1.0,-0.32804491531948954,0.31936074571864187,0.3860823
63,100,1000,1.0,0.03767029766305208,1.7794516174676862,1.0870519
63,100,1000,1.0,-0.1371631291320521,2.548397341863855,0.75194705
63,100,1000,1.0,0.4428133359199049,1.8774167895701959,1.863593
63,100,1000,1.0,0.011732767650616704,1.3827146918146898,1.0373372
63,100,1000,1.0,0.3992441085010334,2.015667849640347,1.7800834
63,100,1000,1.0,-0.8839416793522488,-1.2639856926870598,-0.67940986
63,100,1000,1.0,0.2695726458673895,2.190926553435395,1.5315411
63,100,1000,1.0,0.3929262893050012,0.8662018885473406,1.767974
63,100,1000,1.0,-0.3036161145069598,-0.4287667460334471,0.4329052
63,100,1000,1.0,-0.5111488159967945,0.30466496341086835,0.035125434
63,100,1000,1.0,-0.4329623068356667,2.2836499211959533,0.18498623
63,100,1000,1.0,0.1730258696201663,1.3671137605823962,1.3464891
63,100,1000,1.0,-0.8409558348264885,-1.5421741216104958,-0.5970186
63,100,1000,1.0,0.9996171562339307,2.0161161287221536,2.9308238
63,100,1000,1.0,0.9216693161260003,3.2247548864611715,2.7814205
63,100,1000,1.0,0.5984051747047834,3.3117726723569687,2.161817
63,100,1000,1.0,0.10929011724051918,-0.3861582953799487,1.2243261
63,100,1000,1.0,-0.34402399818384066,0.6837630851298122,0.35545504
63,100,1000,1.0,-0.17028626133287195,-0.5549739056250029,0.68845963
63,100,1000,1.0,-0.9013021064231206,-1.6241540384493738,-0.71268475
63,100,1000,1.0,0.8395656215563168,1.1888658552053353,2.6240516
63,100,1000,1.0,0.46348837086578554,3.863689204134123,1.903221
63,100,1000,1.0,-0.7994121154690044,-1.6836802903994539,-0.5173913
63,100,1000,1.0,-0.10721116903359418,1.3540365808570884,0.8093562
63,100,1000,1.0,0.5610583525729109,2.0807158935878545,2.0902343
63,100,1000,1.0,-0.47088877579074606,0.1328088549620614,0.11229223
63,100,1000,1.0,0.3183529437000565,3.110470702538518,1.6250386
63,100,1000,1.0,0.5834500761653292,2.1083136011967976,2.1331527
63,100,1000,1.0,0.7453013108947906,3.2149711266595453,2.4433742
63,100,1000,1.0,-0.024647352923584886,0.5947538011060238,0.967607
63,100,1000,1.0,-0.8043110310119319,-0.38615889801525705,-0.5267811
63,100,1000,1.0,-0.5822464878103306,-0.1756385874625025,-0.10114813
63,100,1000,1.0,0.20078447419527912,1.9144054059833149,1.3996942
63,100,1000,1.0,0.7933425860806842,2.279919396134364,2.5354555
63,100,1000,1.0,0.214498748023082,2.1998344564511005,1.4259804
63,100,1000,1.0,0.06983370985416792,-0.23337513124255937,1.1486998
63,100,1000,1.0,-0.7653688716336122,-1.6402152969033696,-0.45214033
63,100,1000,1.0,-0.7043973318692192,0.03405145000830068,-0.33527565
63,100,1000,1.0,0.9529189300267915,2.0575173372483504,2.8413167
63,100,1000,1.0,0.17747921994057636,1.0286399777228346,1.3550248
63,100,1000,1.0,0.14450381158174674,0.41081728035342036,1.2918205
63,100,1000,1.0,-0.18653330832850346,0.17846837713893382,0.65731883
63,100,1000,1.0,0.479767835658202,1.5472639167118611,1.9344239
63,100,1000,1.0,0.9414628855412657,3.0801068262798985,2.8193588
63,100,1000,1.0,0.644235466388491,1.987687056300955,2.2496605
63,100,1000,1.0,0.2789450327974472,1.7473897031428078,1.5495052
63,100,1000,1.0,-0.5168859199201632,-2.8359746382320394,0.024129033
63,100,1000,1.0,0.3636405982069668,2.132485276736822,1.711842
63,100,1000,1.0,0.8154659149700789,2.442097049722374,2.5778594
63,100,1000,1.0,-0.8931456364263495,-2.219026762786807,-0.69705117
63,100,1000,1.0,-0.18992877340610015,1.3360813466247914,0.6508107
63,100,1000,1.0,0.6419864596958702,2.314574743730258,2.24535
63,100,1000,1.0,0.8986376448313629,3.0992645000202788,2.7372756
63,100,1000,1.0,-0.8057974484138775,-0.6812364752746904,-0.5296302
63,100,1000,1.0,0.7211023476575875,2.0409699854039927,2.396992
63,100,1000,1.0,0.01961439324316827,0.2568618195842468,1.0524439
63,100,1000,1.0,-0.542706898034109,0.10779975716547849,-0.025362253
63,100,1000,1.0,-0.6932622442813086,0.11220246974931486,-0.3139329
63,100,1000,1.0,0.04152287448372105,0.9909336342754862,1.094436
63,100,1000,1.0,0.3912508912777144,1.049188974971763,1.7647629
63,100,1000,1.0,0.9037489536654724,4.028882866790143,2.7470722
63,100,1000,1.0,0.9840224868289482,3.5310346922440243,2.9009333
63,100,1000,1.0,-0.9395294839880348,-0.7798541054445672,-0.78595555
63,100,1000,1.0,0.17663422710721144,0.4153882230629712,1.3534052
63,100,1000,1.0,-0.8492818618333193,-0.11033879454870199,-0.612977
63,100,1000,1.0,0.10937561732283796,2.803571761994694,1.22449
63,100,1000,1.0,0.7613562460941592,0.9382389290373829,2.4741468
63,100,1000,1.0,0.15189299111235854,0.2711428803325875,1.3059834
63,100,1000,1.0,-0.7236340973027724,-0.9571114367440239,-0.37214696
63,100,1000,1.0,-0.5692035913135236,0.1027967815919053,-0.07614875
63,100,1000,1.0,-0.13403158743763854,-0.4717983670750565,0.7579493
63,100,1000,1.0,-0.9292751284890182,-0.4806401552395613,-0.7663009
63,100,1000,1.0,-0.4036252806738718,1.0377450416530936,0.24121672
63,100,1000,1.0,0.10438493984481312,0.7912925298045923,1.2149243
63,100,1000,1.0,0.917481846113186,3.7106593710058786,2.773394
63,100,1000,1.0,-0.23932963294485377,0.40093409544588277,0.5561236
63,100,1000,1.0,0.38791282186909504,1.4508906854176908,1.7583647
63,100,1000,1.0,0.7788958176317331,2.7708088026933537,2.5077653
63,100,1000,1.0,0.45998112484811604,1.6079861417800192,1.8964987
63,100,1000,1.0,-0.31531524674968425,2.5602675197404716,0.41048133
63,100,1000,1.0,-0.8210109099341998,0.9665003360803242,-0.55878985
63,100,1000,1.0,-0.8728924503276831,-0.18770302003670047,-0.65823174
63,100,1000,1.0,-0.015277186618231742,2.3887006726744877,0.9855669
63,100,1000,1.0,-0.6339334158401577,0.24505001514746094,-0.20021689
63,100,1000,1.0,0.04649610693339934,0.7450303579459528,1.1039684
63,100,1000,1.0,-0.5078736300180711,-2.027627579280851,0.041402996
63,100,1000,1.0,0.8684279958495875,1.7893673967922954,2.6793723
63,100,1000,1.0,-0.3916528852215069,0.8208309699996704,0.26416433
63,100,1000,1.0,-0.5805001006887298,-1.6074212653607882,-0.09780085
63,100,1000,1.0,0.02263796509291205,1.2551254081088794,1.0582392
63,100,1000,1.0,-0.10326164220400535,2.1963214556922326,0.81692636
63,100,1000,1.0,-0.019389306902525716,2.0851266918093874,0.97768515
63,100,1000,1.0,-0.08718086932186675,0.9719427073573108,0.8477485
63,100,1000,1.0,-0.5183424401691064,-1.0822094374076785,0.02133739
63,100,1000,1.0,-0.07284915127037861,0.9590157268925271,0.8752182
63,100,1000,1.0,0.773921562434835,2.3277673450493146,2.498231
63,100,1000,1.0,-0.8470264619394292,-0.20608024121585383,-0.60865414
63,100,1000,1.0,-0.30296126101487353,0.7987729335845533,0.43416035
63,100,1000,1.0,-0.4861667126266618,0.24606364787661347,0.083008826
63,100,1000,1.0,-0.9200143961985661,-0.8851420960904669,-0.7485508
63,100,1000,1.0,0.9590538586709172,2.331787692130702,2.8530757
63,100,1000,1.0,0.03127669330250349,0.498235476922518,1.0747972
63,100,1000,1.0,0.5703058240462755,2.2783014739958984,2.1079588
63,100,1000,1.0,-0.8046472651045518,-0.6189517667420119,-0.52742565
63,100,1000,1.0,-0.18811535606343255,0.06219053826991405,0.6542865
63,100,1000,1.0,-0.6773809642300075,-0.3432630285899526,-0.28349316
63,100,1000,1.0,0.45050855963928105,2.8374156628310216,1.8783425
63,100,1000,1.0,0.5167573076722829,1.8889477984108298,2.005322
63,100,1000,1.0,0.27984204265504764,1.509599991025273,1.5512245
63,100,1000,1.0,0.9535221763806743,3.3774774976078303,2.842473
63,100,1000,1.0,0.33353343089133536,1.134576942573603,1.6541352
63,100,1000,1.0,-0.6334403275718428,1.296524089885244,-0.1992718
63,100,1000,1.0,0.8544236147462358,3.6165460274803705,2.6525302
63,100,1000,1.0,0.6978871106258364,1.7965499437919534,2.3524952
63,100,1000,1.0,0.13569200295501505,1.6072287273153432,1.2749308
63,100,1000,1.0,0.7269412983871715,2.554463805503306,2.4081836
63,100,1000,1.0,-0.2851506968105739,0.4196421345098376,0.46829796
63,100,1000,1.0,0.4337193623851874,0.8671083758166693,1.8461626
63,100,1000,1.0,-0.14919654928989057,1.6281652023873154,0.7288825
63,100,1000,1.0,-0.7370344014177448,-1.3311469915066543,-0.39783144
63,100,1000,1.0,-0.20039661555094823,0.38800078526658355,0.6307469
63,100,1000,1.0,-0.18563340554800067,0.6738672043360089,0.65904367
63,100,1000,1.0,-0.41950391488014316,-1.6855398114249593,0.21078199
63,100,1000,1.0,-0.42320300533701216,1.1911796563766097,0.20369196
63,100,1000,1.0,-0.5452751018449964,-0.6694683436332006,-0.030284643
63,100,1000,1.0,-0.25140763335816785,-0.259308795597084,0.53297365
63,100,1000,1.0,-0.9771450827499379,-0.015543289817565809,-0.8580537
63,100,1000,1.0,-0.9617542051026204,-1.313901104190749,-0.8285538
63,100,1000,1.0,-0.6820608327089606,-0.03408655090760948,-0.29246306
63,100,1000,1.0,0.5911807370864262,3.1732706478576977,2.1479702
63,100,1000,1.0,0.9959245026573469,4.517806566199502,2.923746
63,100,1000,1.0,-0.2465174660780265,0.7907346222272925,0.54234666
63,100,1000,1.0,-0.8054840104247187,-2.3551557774033927,-0.52902937
63,100,1000,1.0,-0.004446184349316429,2.651715191195881,1.0063268
63,100,1000,1.0,0.92639459052076,2.636445202745794,2.7904773
63,100,1000,1.0,0.4275337368200327,1.37481843864514,1.8343065
63,100,1000,1.0,0.9458389780462606,2.990055862907997,2.8277466
63,100,1000,1.0,-0.7934036898297228,-1.3535122341963457,-0.5058749
63,100,1000,1.0,0.3440956147078289,1.2868934242821477,1.6743798
63,100,1000,1.0,0.5411614970055525,2.689434665927151,2.0520978
63,100,1000,1.0,0.807967909856474,2.4833678050592303,2.563488
63,100,1000,1.0,-0.09635663466048072,1.3473811912038445,0.8301612
63,100,1000,1.0,-0.10574924276474529,0.5660245042275891,0.81215835
63,100,1000,1.0,0.5424509259318204,2.269083116567187,2.0545692
63,100,1000,1.0,-0.2343838816842918,1.576255612134107,0.5656032
63,100,1000,1.0,-0.08617715670846837,-1.1709937890003095,0.8496723
63,100,1000,1.0,0.8074394794918669,3.6305442405258352,2.5624752
63,100,1000,1.0,-0.4157049464149023,-0.6235249133949546,0.21806353
63,100,1000,1.0,-0.18339418332051038,1.4837423168824175,0.6633356
63,100,1000,1.0,0.07384600216478088,1.7831165308835573,1.1563901
63,100,1000,1.0,0.1041565533839417,1.3398870746759521,1.2144866
63,100,1000,1.0,-0.20167770949045383,1.405824877872255,0.62829137
63,100,1000,1.0,0.918333206070445,1.6655059506908096,2.775026
63,100,1000,1.0,0.0610744291255636,1.2828100480709,1.1319107
63,100,1000,1.0,0.7645673438382148,4.740439020915923,2.4803016
63,100,1000,1.0,0.30640163971426726,1.8031148370224743,1.6021316
63,100,1000,1.0,0.36278502120767575,2.830148515986828,1.710202
63,100,1000,1.0,-0.08279207646282827,0.8814819417328371,0.8561605
63,100,1000,1.0,-0.8622960710132521,-2.4169625795006127,-0.63792145
63,100,1000,1.0,0.015271094481529746,1.2687423809850982,1.0441191
63,100,1000,1.0,0.45554254642883607,1.0752290253760508,1.8879912
63,100,1000,1.0,-0.6817075261155143,0.669574142288917,-0.29178584
63,100,1000,1.0,-0.05875819216385425,1.9807871564048039,0.9022265
63,100,1000,1.0,-0.13116674888375845,0.662861519552142,0.7634404
63,100,1000,1.0,-0.4733552465256987,-0.328735942001781,0.10756475
63,100,1000,1.0,0.2289294129537487,3.2797739237679036,1.4536399
63,100,1000,1.0,-0.8863038471335194,-0.42443845902523014,-0.68393743
63,100,1000,1.0,0.0731584222174444,3.160376999353357,1.1550722
63,100,1000,1.0,-0.733121136508792,-0.4636710905860739,-0.3903309
63,100,1000,1.0,-0.40771960495571014,0.590976283764786,0.23336911
