exp_id,epochs,n_points,sigma,epoch,train_loss,val_loss
0,10,100,0.05,1,0.9977954030036926,1.0143682956695557
0,10,100,0.05,2,0.8927178382873535,0.9099545478820801
0,10,100,0.05,3,0.7993499636650085,0.8168333172798157
0,10,100,0.05,4,0.7163582444190979,0.7337517738342285
0,10,100,0.05,5,0.6425622701644897,0.6595978736877441
0,10,100,0.05,6,0.5769170522689819,0.5933849215507507
0,10,100,0.05,7,0.5184977650642395,0.53423672914505
0,10,100,0.05,8,0.4664851129055023,0.481375515460968
0,10,100,0.05,9,0.42015427350997925,0.4341105818748474
0,10,100,0.05,10,0.378863126039505,0.3918286859989166
1,10,100,0.2,1,2.7916998863220215,2.4899919033050537
1,10,100,0.2,2,2.6383938789367676,2.3331761360168457
1,10,100,0.2,3,2.495821237564087,2.1883139610290527
1,10,100,0.2,4,2.363037109375,2.0543437004089355
1,10,100,0.2,5,2.2391929626464844,1.9303077459335327
1,10,100,0.2,6,2.123526096343994,1.815342664718628
1,10,100,0.2,7,2.0153510570526123,1.7086684703826904
1,10,100,0.2,8,1.9140501022338867,1.6095807552337646
1,10,100,0.2,9,1.8190662860870361,1.5174421072006226
1,10,100,0.2,10,1.7298974990844727,1.431675910949707
2,10,100,0.5,1,3.7274749279022217,3.183295726776123
2,10,100,0.5,2,3.5404014587402344,2.9976720809936523
2,10,100,0.5,3,3.3657307624816895,2.82574725151062
2,10,100,0.5,4,3.202420473098755,2.66633939743042
2,10,100,0.5,5,3.0495331287384033,2.518380641937256
2,10,100,0.5,6,2.9062228202819824,2.3809051513671875
2,10,100,0.5,7,2.7717273235321045,2.2530391216278076
2,10,100,0.5,8,2.6453566551208496,2.133991241455078
2,10,100,0.5,9,2.5264878273010254,2.0230445861816406
2,10,100,0.5,10,2.414555311203003,1.9195483922958374
3,10,100,1.0,1,5.864010810852051,4.790514945983887
3,10,100,1.0,2,5.612236976623535,4.551443576812744
3,10,100,1.0,3,5.376063346862793,4.329301357269287
3,10,100,1.0,4,5.154265403747559,4.122686386108398
3,10,100,1.0,5,4.945733070373535,3.9303269386291504
3,10,100,1.0,6,4.7494635581970215,3.7510693073272705
3,10,100,1.0,7,4.564547061920166,3.5838675498962402
3,10,100,1.0,8,4.3901567459106445,3.4277710914611816
3,10,100,1.0,9,4.225540637969971,3.2819149494171143
3,10,100,1.0,10,4.070014953613281,3.1455116271972656
4,10,300,0.05,1,2.561479091644287,1.9468052387237549
4,10,300,0.05,2,2.1130101680755615,1.622593641281128
4,10,300,0.05,3,1.7622939348220825,1.3684676885604858
4,10,300,0.05,4,1.4849040508270264,1.166553020477295
4,10,300,0.05,5,1.262921929359436,1.0038655996322632
4,10,300,0.05,6,1.0831577777862549,0.8709442615509033
4,10,300,0.05,7,0.9358627796173096,0.7608674168586731
4,10,300,0.05,8,0.8137968182563782,0.6685454249382019
4,10,300,0.05,9,0.7115504741668701,0.5902116298675537
4,10,300,0.05,10,0.6250555515289307,0.5230570435523987
5,10,300,0.2,1,1.9583343267440796,1.502987265586853
5,10,300,0.2,2,1.590016484260559,1.2298706769943237
5,10,300,0.2,3,1.3071115016937256,1.0200037956237793
5,10,300,0.2,4,1.08761727809906,0.8568412661552429
5,10,300,0.2,5,0.9154651165008545,0.7283861637115479
5,10,300,0.2,6,0.7788923978805542,0.6259196996688843
5,10,300,0.2,7,0.6692621111869812,0.543087899684906
5,10,300,0.2,8,0.580210268497467,0.475242555141449
5,10,300,0.2,9,0.5070270895957947,0.418968141078949
5,10,300,0.2,10,0.4462094008922577,0.3717402219772339
6,10,300,0.5,1,1.259568691253662,1.1434208154678345
6,10,300,0.5,2,1.0112133026123047,0.9371582865715027
6,10,300,0.5,3,0.8281300663948059,0.7839682698249817
6,10,300,0.5,4,0.6925870180130005,0.6695800423622131
6,10,300,0.5,5,0.5917300581932068,0.5836395025253296
6,10,300,0.5,6,0.5162354707717896,0.5186254382133484
6,10,300,0.5,7,0.45933496952056885,0.46906667947769165
6,10,300,0.5,8,0.41611000895500183,0.43097585439682007
6,10,300,0.5,9,0.38298216462135315,0.4014410674571991
6,10,300,0.5,10,0.3573436737060547,0.3783295452594757
7,10,300,1.0,1,3.3564088344573975,3.0100882053375244
7,10,300,1.0,2,2.9654901027679443,2.695782423019409
7,10,300,1.0,3,2.6545462608337402,2.444213390350342
7,10,300,1.0,4,2.404287576675415,2.240506887435913
7,10,300,1.0,5,2.200484275817871,2.0736920833587646
7,10,300,1.0,6,2.032592535018921,1.9356274604797363
7,10,300,1.0,7,1.8927581310272217,1.8202338218688965
7,10,300,1.0,8,1.7750929594039917,1.7229349613189697
7,10,300,1.0,9,1.675150752067566,1.6402552127838135
7,10,300,1.0,10,1.5895463228225708,1.5695279836654663
8,10,600,0.05,1,0.8392857313156128,0.6357477307319641
8,10,600,0.05,2,0.48234087228775024,0.37076535820961
8,10,600,0.05,3,0.2833968997001648,0.22157907485961914
8,10,600,0.05,4,0.17138829827308655,0.13654355704784393
8,10,600,0.05,5,0.1074252501130104,0.08726116269826889
8,10,600,0.05,6,0.07018695771694183,0.05807207524776459
8,10,600,0.05,7,0.04795287922024727,0.04030614718794823
8,10,600,0.05,8,0.03425402194261551,0.02913595922291279
8,10,600,0.05,9,0.025498706847429276,0.021852727979421616
8,10,600,0.05,10,0.019675729796290398,0.016920199617743492
9,10,600,0.2,1,3.751493215560913,3.4439585208892822
9,10,600,0.2,2,2.880980968475342,2.655987024307251
9,10,600,0.2,3,2.2550134658813477,2.081547498703003
9,10,600,0.2,4,1.79034423828125,1.6513104438781738
9,10,600,0.2,5,1.436437964439392,1.322025179862976
9,10,600,0.2,6,1.1615350246429443,1.0657724142074585
9,10,600,0.2,7,0.9448835849761963,0.863861620426178
9,10,600,0.2,8,0.7723649740219116,0.7033212780952454
9,10,600,0.2,9,0.6339924931526184,0.5748423337936401
9,10,600,0.2,10,0.5224549770355225,0.47154682874679565
10,10,600,0.5,1,1.0878583192825317,0.7204325199127197
10,10,600,0.5,2,0.7339404225349426,0.4863767623901367
10,10,600,0.5,3,0.5362316370010376,0.3594713807106018
10,10,600,0.5,4,0.4245702028274536,0.29062405228614807
10,10,600,0.5,5,0.36053982377052307,0.2531870901584625
10,10,600,0.5,6,0.3230627477169037,0.23271945118904114
10,10,600,0.5,7,0.3005388677120209,0.22141079604625702
10,10,600,0.5,8,0.28655579686164856,0.2150469273328781
10,10,600,0.5,9,0.2775457203388214,0.21136020123958588
10,10,600,0.5,10,0.27150478959083557,0.20913377404212952
11,10,600,1.0,1,3.080629825592041,2.3965907096862793
11,10,600,1.0,2,2.5121233463287354,1.964252233505249
11,10,600,1.0,3,2.1333258152008057,1.6741811037063599
11,10,600,1.0,4,1.8706799745559692,1.471816897392273
11,10,600,1.0,5,1.6817431449890137,1.3255091905593872
11,10,600,1.0,6,1.5414608716964722,1.2164692878723145
11,10,600,1.0,7,1.4346120357513428,1.1332141160964966
11,10,600,1.0,8,1.351621150970459,1.068475365638733
11,10,600,1.0,9,1.2862263917922974,1.0174709558486938
11,10,600,1.0,10,1.2341645956039429,0.9769236445426941
12,10,1000,0.05,1,0.6942922472953796,0.412764310836792
12,10,1000,0.05,2,0.2736504375934601,0.168409064412117
12,10,1000,0.05,3,0.1148655042052269,0.07452244311571121
12,10,1000,0.05,4,0.053060486912727356,0.036894213408231735
12,10,1000,0.05,5,0.027728721499443054,0.02076898328959942
12,10,1000,0.05,6,0.016501672565937042,0.013182848691940308
12,10,1000,0.05,7,0.010994735173881054,0.0092027448117733
12,10,1000,0.05,8,0.007984739728271961,0.006885175127536058
12,10,1000,0.05,9,0.0061772670596838,0.005419677589088678
12,10,1000,0.05,10,0.005015420727431774,0.0044393520802259445
13,10,1000,0.2,1,1.266131043434143,0.8952050805091858
13,10,1000,0.2,2,0.694297730922699,0.5232723355293274
13,10,1000,0.2,3,0.42522674798965454,0.33752137422561646
13,10,1000,0.2,4,0.2841441035270691,0.23415328562259674
13,10,1000,0.2,5,0.2022412121295929,0.17106838524341583
13,10,1000,0.2,6,0.1507970094680786,0.12992314994335175
13,10,1000,0.2,7,0.11675466597080231,0.10192180424928665
13,10,1000,0.2,8,0.09351858496665955,0.08236997574567795
13,10,1000,0.2,9,0.07738269120454788,0.06850478798151016
13,10,1000,0.2,10,0.0660737007856369,0.058574285358190536
14,10,1000,0.5,1,4.159835338592529,3.289055109024048
14,10,1000,0.5,2,2.8125576972961426,2.2880890369415283
14,10,1000,0.5,3,1.9882768392562866,1.6519371271133423
14,10,1000,0.5,4,1.4517971277236938,1.226574420928955
14,10,1000,0.5,5,1.0890822410583496,0.9332327246665955
14,10,1000,0.5,6,0.8384900093078613,0.7272220849990845
14,10,1000,0.5,7,0.6633220911026001,0.5809503197669983
14,10,1000,0.5,8,0.5401195287704468,0.4763519763946533
14,10,1000,0.5,9,0.453189879655838,0.4011598825454712
14,10,1000,0.5,10,0.3917544484138489,0.3468654751777649
15,10,1000,1.0,1,3.290440559387207,2.753999948501587
15,10,1000,1.0,2,2.400131940841675,2.0824527740478516
15,10,1000,1.0,3,1.9053646326065063,1.6819556951522827
15,10,1000,1.0,4,1.6044665575027466,1.4238038063049316
15,10,1000,1.0,5,1.4094488620758057,1.2484911680221558
15,10,1000,1.0,6,1.277966022491455,1.12546706199646
15,10,1000,1.0,7,1.1873009204864502,1.037339210510254
15,10,1000,1.0,8,1.1240146160125732,0.9733324646949768
15,10,1000,1.0,9,1.079555869102478,0.9263651371002197
15,10,1000,1.0,10,1.0482219457626343,0.8916034698486328
16,30,100,0.05,1,1.3816142082214355,1.4105783700942993
16,30,100,0.05,2,1.2736892700195312,1.2945977449417114
16,30,100,0.05,3,1.1760584115982056,1.189565658569336
16,30,100,0.05,4,1.0876246690750122,1.0943585634231567
16,30,100,0.05,5,1.0074142217636108,1.007973313331604
16,30,100,0.05,6,0.9345616102218628,0.9295144081115723
16,30,100,0.05,7,0.8682979345321655,0.8581822514533997
16,30,100,0.05,8,0.807939350605011,0.793262243270874
16,30,100,0.05,9,0.7528778314590454,0.7341156005859375
16,30,100,0.05,10,0.7025725245475769,0.6801711320877075
16,30,100,0.05,11,0.6565419435501099,0.6309174299240112
16,30,100,0.05,12,0.614357054233551,0.5858971476554871
16,30,100,0.05,13,0.5756360292434692,0.5447003841400146
16,30,100,0.05,14,0.5400382280349731,0.5069600343704224
16,30,100,0.05,15,0.5072599649429321,0.4723467230796814
16,30,100,0.05,16,0.4770299792289734,0.440565288066864
16,30,100,0.05,17,0.449106365442276,0.41135042905807495
16,30,100,0.05,18,0.42327260971069336,0.3844640851020813
16,30,100,0.05,19,0.3993353545665741,0.359692245721817
16,30,100,0.05,20,0.3771213889122009,0.33684244751930237
16,30,100,0.05,21,0.35647547245025635,0.3157413601875305
16,30,100,0.05,22,0.33725863695144653,0.29623323678970337
16,30,100,0.05,23,0.31934618949890137,0.27817726135253906
16,30,100,0.05,24,0.30262595415115356,0.26144686341285706
16,30,100,0.05,25,0.2869972288608551,0.24592742323875427
16,30,100,0.05,26,0.2723693251609802,0.23151569068431854
16,30,100,0.05,27,0.2586604654788971,0.21811819076538086
16,30,100,0.05,28,0.2457970678806305,0.20565032958984375
16,30,100,0.05,29,0.23371252417564392,0.19403567910194397
16,30,100,0.05,30,0.2223467081785202,0.1832047402858734
17,30,100,0.2,1,1.184998631477356,1.211378812789917
17,30,100,0.2,2,1.0744647979736328,1.097509741783142
17,30,100,0.2,3,0.9757577180862427,0.9954889416694641
17,30,100,0.2,4,0.8875522613525391,0.9040313959121704
17,30,100,0.2,5,0.8086743354797363,0.821994423866272
17,30,100,0.2,6,0.7380836009979248,0.7483624219894409
17,30,100,0.2,7,0.674858570098877,0.6822320222854614
17,30,100,0.2,8,0.6181822419166565,0.6227995157241821
17,30,100,0.2,9,0.5673307180404663,0.5693497657775879
17,30,100,0.2,10,0.5216623544692993,0.5212463140487671
17,30,100,0.2,11,0.4806079864501953,0.4779227375984192
17,30,100,0.2,12,0.4436632990837097,0.4388743042945862
17,30,100,0.2,13,0.4103805422782898,0.4036516547203064
17,30,100,0.2,14,0.3803628981113434,0.37185436487197876
17,30,100,0.2,15,0.3532579839229584,0.34312552213668823
17,30,100,0.2,16,0.3287532329559326,0.317146897315979
17,30,100,0.2,17,0.30657100677490234,0.29363465309143066
17,30,100,0.2,18,0.2864648699760437,0.2723356783390045
17,30,100,0.2,19,0.26821595430374146,0.2530238628387451
17,30,100,0.2,20,0.2516295611858368,0.23549742996692657
17,30,100,0.2,21,0.23653283715248108,0.21957620978355408
17,30,100,0.2,22,0.22277197241783142,0.20509910583496094
17,30,100,0.2,23,0.21021023392677307,0.1919221431016922
17,30,100,0.2,24,0.19872577488422394,0.17991654574871063
17,30,100,0.2,25,0.18821027874946594,0.1689670830965042
17,30,100,0.2,26,0.17856714129447937,0.15897056460380554
17,30,100,0.2,27,0.16971029341220856,0.14983467757701874
17,30,100,0.2,28,0.16156303882598877,0.14147666096687317
17,30,100,0.2,29,0.15405690670013428,0.13382211327552795
17,30,100,0.2,30,0.14713068306446075,0.12680454552173615
18,30,100,0.5,1,1.4071924686431885,1.3432451486587524
18,30,100,0.5,2,1.2792060375213623,1.220287561416626
18,30,100,0.5,3,1.1657530069351196,1.1110368967056274
18,30,100,0.5,4,1.0651658773422241,1.0139491558074951
18,30,100,0.5,5,0.9759689569473267,0.9276561737060547
18,30,100,0.5,6,0.8968570828437805,0.8509443402290344
18,30,100,0.5,7,0.82667475938797,0.7827377319335938
18,30,100,0.5,8,0.7643998265266418,0.722082257270813
18,30,100,0.5,9,0.7091277837753296,0.668131947517395
18,30,100,0.5,10,0.6600582599639893,0.6201363205909729
18,30,100,0.5,11,0.6164826154708862,0.5774295926094055
18,30,100,0.5,12,0.577774167060852,0.5394213795661926
18,30,100,0.5,13,0.5433778762817383,0.5055876970291138
18,30,100,0.5,14,0.5128027200698853,0.4754636883735657
18,30,100,0.5,15,0.48561400175094604,0.44863685965538025
18,30,100,0.5,16,0.46142712235450745,0.42474111914634705
18,30,100,0.5,17,0.43990129232406616,0.40345144271850586
18,30,100,0.5,18,0.42073526978492737,0.3844794034957886
18,30,100,0.5,19,0.40366190671920776,0.3675687611103058
18,30,100,0.5,20,0.38844504952430725,0.35249224305152893
18,30,100,0.5,21,0.37487533688545227,0.33904770016670227
18,30,100,0.5,22,0.3627674877643585,0.32705575227737427
18,30,100,0.5,23,0.35195738077163696,0.31635698676109314
18,30,100,0.5,24,0.3422996997833252,0.3068097233772278
18,30,100,0.5,25,0.333665668964386,0.2982881963253021
18,30,100,0.5,26,0.32594114542007446,0.29068049788475037
18,30,100,0.5,27,0.3190252184867859,0.28388720750808716
18,30,100,0.5,28,0.3128282427787781,0.2778198719024658
18,30,100,0.5,29,0.307270884513855,0.2723998427391052
18,30,100,0.5,30,0.30228278040885925,0.26755720376968384
19,30,100,1.0,1,5.509942531585693,4.55341100692749
19,30,100,1.0,2,5.270902156829834,4.323233604431152
19,30,100,1.0,3,5.047198295593262,4.109799861907959
19,30,100,1.0,4,4.837584018707275,3.911689281463623
19,30,100,1.0,5,4.640936374664307,3.7276198863983154
19,30,100,1.0,6,4.45623779296875,3.556427001953125
19,30,100,1.0,7,4.282570838928223,3.3970589637756348
19,30,100,1.0,8,4.119101524353027,3.2485594749450684
19,30,100,1.0,9,3.965076446533203,3.110060930252075
19,30,100,1.0,10,3.8198089599609375,2.9807748794555664
19,30,100,1.0,11,3.682675838470459,2.859984874725342
19,30,100,1.0,12,3.5531089305877686,2.747037649154663
19,30,100,1.0,13,3.4305901527404785,2.641338586807251
19,30,100,1.0,14,3.3146450519561768,2.5423450469970703
19,30,100,1.0,15,3.2048420906066895,2.449561357498169
19,30,100,1.0,16,3.100783109664917,2.362534284591675
19,30,100,1.0,17,3.0021045207977295,2.2808501720428467
19,30,100,1.0,18,2.908470630645752,2.2041285037994385
19,30,100,1.0,19,2.819573402404785,2.132021427154541
19,30,100,1.0,20,2.7351279258728027,2.0642096996307373
19,30,100,1.0,21,2.654871940612793,2.000399589538574
19,30,100,1.0,22,2.5785622596740723,1.9403212070465088
19,30,100,1.0,23,2.5059731006622314,1.8837254047393799
19,30,100,1.0,24,2.4368960857391357,1.830383539199829
19,30,100,1.0,25,2.3711369037628174,1.7800840139389038
19,30,100,1.0,26,2.308514356613159,1.7326313257217407
19,30,100,1.0,27,2.2488598823547363,1.6878448724746704
19,30,100,1.0,28,2.1920166015625,1.6455577611923218
19,30,100,1.0,29,2.1378369331359863,1.6056150197982788
19,30,100,1.0,30,2.086183786392212,1.5678727626800537
20,30,300,0.05,1,3.5108513832092285,2.721823215484619
20,30,300,0.05,2,2.954986810684204,2.318171262741089
20,30,300,0.05,3,2.510681629180908,1.9933944940567017
20,30,300,0.05,4,2.1513049602508545,1.7283930778503418
20,30,300,0.05,5,1.8571807146072388,1.5092040300369263
20,30,300,0.05,6,1.6137038469314575,1.3255671262741089
20,30,300,0.05,7,1.4099704027175903,1.169897437095642
20,30,300,0.05,8,1.2377853393554688,1.0365442037582397
20,30,300,0.05,9,1.0909422636032104,0.9212598204612732
20,30,300,0.05,10,0.9647001028060913,0.8208168148994446
20,30,300,0.05,11,0.8554015755653381,0.7327330112457275
20,30,300,0.05,12,0.7601959705352783,0.6550739407539368
20,30,300,0.05,13,0.6768357753753662,0.5863093733787537
20,30,300,0.05,14,0.6035282611846924,0.5252110362052917
20,30,300,0.05,15,0.5388261675834656,0.4707775413990021
20,30,300,0.05,16,0.48154687881469727,0.42218056321144104
20,30,300,0.05,17,0.43071308732032776,0.37872517108917236
20,30,300,0.05,18,0.3855079412460327,0.33982136845588684
20,30,300,0.05,19,0.3452420234680176,0.3049619793891907
20,30,300,0.05,20,0.3093278110027313,0.27370747923851013
20,30,300,0.05,21,0.2772606313228607,0.24567310512065887
20,30,300,0.05,22,0.2486034780740738,0.2205204963684082
20,30,300,0.05,23,0.2229761928319931,0.1979498714208603
20,30,300,0.05,24,0.20004567503929138,0.17769502103328705
20,30,300,0.05,25,0.17951928079128265,0.15951846539974213
20,30,300,0.05,26,0.16113848984241486,0.14320769906044006
20,30,300,0.05,27,0.14467450976371765,0.12857268750667572
20,30,300,0.05,28,0.12992437183856964,0.11544285714626312
20,30,300,0.05,29,0.11670737713575363,0.10366479307413101
20,30,300,0.05,30,0.10486261546611786,0.09310107678174973
21,30,300,0.2,1,2.715022325515747,2.0995988845825195
21,30,300,0.2,2,2.2598273754119873,1.7646524906158447
21,30,300,0.2,3,1.9015475511550903,1.499953031539917
21,30,300,0.2,4,1.616266131401062,1.2879295349121094
21,30,300,0.2,5,1.3864054679870605,1.1157766580581665
21,30,300,0.2,6,1.1989967823028564,0.9741261601448059
21,30,300,0.2,7,1.0444281101226807,0.8560909032821655
21,30,300,0.2,8,0.9155368804931641,0.7565780878067017
21,30,300,0.2,9,0.8069524168968201,0.671793520450592
21,30,300,0.2,10,0.7146173119544983,0.5988863706588745
21,30,300,0.2,11,0.6354408264160156,0.5356919765472412
21,30,300,0.2,12,0.5670465230941772,0.48054829239845276
21,30,300,0.2,13,0.5075883865356445,0.43216222524642944
21,30,300,0.2,14,0.455616295337677,0.38951367139816284
21,30,300,0.2,15,0.40997785329818726,0.3517862856388092
21,30,300,0.2,16,0.3697463274002075,0.3183172345161438
21,30,300,0.2,17,0.3341676592826843,0.2885603606700897
21,30,300,0.2,18,0.3026205599308014,0.2620595693588257
21,30,300,0.2,19,0.2745877504348755,0.2384292632341385
21,30,300,0.2,20,0.2496340572834015,0.21733954548835754
21,30,300,0.2,21,0.22738958895206451,0.19850587844848633
21,30,300,0.2,22,0.20753750205039978,0.1816803514957428
21,30,300,0.2,23,0.18980422616004944,0.16664566099643707
21,30,300,0.2,24,0.1739518791437149,0.15321026742458344
21,30,300,0.2,25,0.15977267920970917,0.1412045955657959
21,30,300,0.2,26,0.14708414673805237,0.13047784566879272
21,30,300,0.2,27,0.13572533428668976,0.12089584022760391
21,30,300,0.2,28,0.12555409967899323,0.11233866214752197
21,30,300,0.2,29,0.11644420772790909,0.10469910502433777
21,30,300,0.2,30,0.10828353464603424,0.09788117557764053
22,30,300,0.5,1,1.3065913915634155,1.1719411611557007
22,30,300,0.5,2,1.0522738695144653,0.9624682664871216
22,30,300,0.5,3,0.8641631007194519,0.8064985871315002
22,30,300,0.5,4,0.7243388891220093,0.68967604637146
22,30,300,0.5,5,0.6198051571846008,0.6015838980674744
22,30,300,0.5,6,0.5411287546157837,0.5346553325653076
22,30,300,0.5,7,0.4814567565917969,0.4833844006061554
22,30,300,0.5,8,0.43580466508865356,0.44375741481781006
22,30,300,0.5,9,0.4005413055419922,0.4128410220146179
22,30,300,0.5,10,0.3730168342590332,0.3884855806827545
22,30,300,0.5,11,0.35129299759864807,0.36911001801490784
22,30,300,0.5,12,0.33394813537597656,0.3535464107990265
22,30,300,0.5,13,0.31993624567985535,0.3409280478954315
22,30,300,0.5,14,0.30848434567451477,0.3306075930595398
22,30,300,0.5,15,0.2990185022354126,0.3220985531806946
22,30,300,0.5,16,0.2911103665828705,0.31503233313560486
22,30,300,0.5,17,0.28443777561187744,0.30912747979164124
22,30,300,0.5,18,0.2787570357322693,0.3041668236255646
22,30,300,0.5,19,0.2738817632198334,0.29998138546943665
22,30,300,0.5,20,0.2696682810783386,0.2964378893375397
22,30,300,0.5,21,0.2660047113895416,0.2934305965900421
22,30,300,0.5,22,0.26280277967453003,0.29087427258491516
22,30,300,0.5,23,0.25999215245246887,0.28869959712028503
22,30,300,0.5,24,0.2575160264968872,0.286849707365036
22,30,300,0.5,25,0.25532808899879456,0.2852775454521179
22,30,300,0.5,26,0.25339004397392273,0.2839435338973999
22,30,300,0.5,27,0.2516699433326721,0.28281450271606445
22,30,300,0.5,28,0.25014084577560425,0.28186219930648804
22,30,300,0.5,29,0.2487797886133194,0.2810625433921814
22,30,300,0.5,30,0.2475671023130417,0.2803947627544403
23,30,300,1.0,1,3.859976291656494,3.3930156230926514
23,30,300,1.0,2,3.4124531745910645,3.0372211933135986
23,30,300,1.0,3,3.0520575046539307,2.7488632202148438
23,30,300,1.0,4,2.7583870887756348,2.5124216079711914
23,30,300,1.0,5,2.51632022857666,2.3164021968841553
23,30,300,1.0,6,2.314591646194458,2.152235746383667
23,30,300,1.0,7,2.144752264022827,2.0134828090667725
23,30,300,1.0,8,2.000420570373535,1.895262360572815
23,30,300,1.0,9,1.8767364025115967,1.7938358783721924
23,30,300,1.0,10,1.7699633836746216,1.7063075304031372
23,30,300,1.0,11,1.6771992444992065,1.6304080486297607
23,30,300,1.0,12,1.5961651802062988,1.5643353462219238
23,30,300,1.0,13,1.5250505208969116,1.5066399574279785
23,30,300,1.0,14,1.4623996019363403,1.4561411142349243
23,30,300,1.0,15,1.4070281982421875,1.4118645191192627
23,30,300,1.0,16,1.3579615354537964,1.372997760772705
23,30,300,1.0,17,1.3143877983093262,1.3388546705245972
23,30,300,1.0,18,1.2756245136260986,1.3088513612747192
23,30,300,1.0,19,1.2410919666290283,1.2824862003326416
23,30,300,1.0,20,1.2102935314178467,1.259325623512268
23,30,300,1.0,21,1.1828004121780396,1.2389922142028809
23,30,300,1.0,22,1.1582406759262085,1.2211557626724243
23,30,300,1.0,23,1.1362888813018799,1.2055268287658691
23,30,300,1.0,24,1.1166592836380005,1.1918500661849976
23,30,300,1.0,25,1.0991005897521973,1.179900050163269
23,30,300,1.0,26,1.0833901166915894,1.1694778203964233
23,30,300,1.0,27,1.0693309307098389,1.160406470298767
23,30,300,1.0,28,1.0567476749420166,1.1525298357009888
23,30,300,1.0,29,1.0454845428466797,1.145708441734314
23,30,300,1.0,30,1.0354024171829224,1.1398192644119263
24,30,600,0.05,1,0.7881214618682861,0.5737472772598267
24,30,600,0.05,2,0.4389774203300476,0.3210830092430115
24,30,600,0.05,3,0.2471241056919098,0.1817898154258728
24,30,600,0.05,4,0.1413039267063141,0.10466234385967255
24,30,600,0.05,5,0.08261384814977646,0.061689916998147964
24,30,600,0.05,6,0.049801964312791824,0.037535544484853745
24,30,600,0.05,7,0.03124804049730301,0.023790698498487473
24,30,600,0.05,8,0.020589489489793777,0.015836987644433975
24,30,600,0.05,9,0.014335165731608868,0.01113115530461073
24,30,600,0.05,10,0.010563522577285767,0.008267588913440704
24,30,600,0.05,11,0.008212029002606869,0.006465322338044643
24,30,600,0.05,12,0.00668921647593379,0.00528734689578414
24,30,600,0.05,13,0.005662658717483282,0.004486474674195051
24,30,600,0.05,14,0.0049429344944655895,0.003920932300388813
24,30,600,0.05,15,0.004420110024511814,0.003507819725200534
24,30,600,0.05,16,0.00402878550812602,0.0031974061857908964
24,30,600,0.05,17,0.0037288449238985777,0.0029589389450848103
24,30,600,0.05,18,0.003494781907647848,0.0027726972475647926
24,30,600,0.05,19,0.00330971647053957,0.002625518711283803
24,30,600,0.05,20,0.00316202943213284,0.00250828149728477
24,30,600,0.05,21,0.003043408039957285,0.0024144041817635298
24,30,600,0.05,22,0.0029477106872946024,0.00233899406157434
24,30,600,0.05,23,0.0028702733106911182,0.00227832468226552
24,30,600,0.05,24,0.0028074856381863356,0.0022294828668236732
24,30,600,0.05,25,0.002756505273282528,0.0021901812870055437
24,30,600,0.05,26,0.002715078415349126,0.002158583141863346
24,30,600,0.05,27,0.002681393874809146,0.002133213449269533
24,30,600,0.05,28,0.0026539911050349474,0.00211288477294147
24,30,600,0.05,29,0.002631697803735733,0.0020966401789337397
24,30,600,0.05,30,0.002613555872812867,0.0020836926996707916
25,30,600,0.2,1,2.8191463947296143,2.549288034439087
25,30,600,0.2,2,2.117889404296875,1.9294734001159668
25,30,600,0.2,3,1.6314423084259033,1.4916642904281616
25,30,600,0.2,4,1.2813338041305542,1.1723476648330688
25,30,600,0.2,5,1.021248459815979,0.9330820441246033
25,30,600,0.2,6,0.8230453729629517,0.7498847246170044
25,30,600,0.2,7,0.6690221428871155,0.6072702407836914
25,30,600,0.2,8,0.5475991368293762,0.4948694407939911
25,30,600,0.2,9,0.4508902132511139,0.4054819643497467
25,30,600,0.2,10,0.3733118772506714,0.3339380621910095
25,30,600,0.2,11,0.31077277660369873,0.2764158248901367
25,30,600,0.2,12,0.2601886987686157,0.230020672082901
25,30,600,0.2,13,0.21918214857578278,0.19251839816570282
25,30,600,0.2,14,0.18588930368423462,0.16215945780277252
25,30,600,0.2,15,0.1588321328163147,0.1375591903924942
25,30,600,0.2,16,0.1368282288312912,0.11761322617530823
25,30,600,0.2,17,0.11892599612474442,0.10143528133630753
25,30,600,0.2,18,0.10435669869184494,0.08831144869327545
25,30,600,0.2,19,0.09249751269817352,0.07766534388065338
25,30,600,0.2,20,0.08284339308738708,0.06903018802404404
25,30,600,0.2,21,0.07498358935117722,0.06202780827879906
25,30,600,0.2,22,0.06858444958925247,0.05635128915309906
25,30,600,0.2,23,0.06337431073188782,0.05175137147307396
25,30,600,0.2,24,0.05913219600915909,0.0480257011950016
25,30,600,0.2,25,0.055678244680166245,0.04500988870859146
25,30,600,0.2,26,0.05286605656147003,0.04257027432322502
25,30,600,0.2,27,0.05057640001177788,0.04059823974967003
25,30,600,0.2,28,0.04871218279004097,0.03900552913546562
25,30,600,0.2,29,0.047194384038448334,0.0377204455435276
25,30,600,0.2,30,0.04595864564180374,0.03668469190597534
26,30,600,0.5,1,2.0907106399536133,1.7168177366256714
26,30,600,0.5,2,1.5608004331588745,1.290709376335144
26,30,600,0.5,3,1.2153172492980957,1.008455753326416
26,30,600,0.5,4,0.9808212518692017,0.8141942620277405
26,30,600,0.5,5,0.8153573870658875,0.6755905747413635
26,30,600,0.5,6,0.6944854259490967,0.5735270977020264
26,30,600,0.5,7,0.603598952293396,0.4963929355144501
26,30,600,0.5,8,0.5336880087852478,0.4369058609008789
26,30,600,0.5,9,0.4789862334728241,0.3903290033340454
26,30,600,0.5,10,0.43565165996551514,0.35346096754074097
26,30,600,0.5,11,0.40102067589759827,0.3240552842617035
26,30,600,0.5,12,0.37317708134651184,0.30048081278800964
26,30,600,0.5,13,0.3506976068019867,0.28151842951774597
26,30,600,0.5,14,0.3324979543685913,0.2662352919578552
26,30,600,0.5,15,0.3177355229854584,0.2539043724536896
26,30,600,0.5,16,0.3057459592819214,0.24395185708999634
26,30,600,0.5,17,0.2960003912448883,0.23592033982276917
26,30,600,0.5,18,0.2880745530128479,0.22944286465644836
26,30,600,0.5,19,0.28162625432014465,0.22422342002391815
26,30,600,0.5,20,0.27637895941734314,0.22002287209033966
26,30,600,0.5,21,0.272108256816864,0.21664729714393616
26,30,600,0.5,22,0.2686321437358856,0.21393953263759613
26,30,600,0.5,23,0.26580265164375305,0.21177205443382263
26,30,600,0.5,24,0.2634994685649872,0.21004118025302887
26,30,600,0.5,25,0.26162469387054443,0.20866289734840393
26,30,600,0.5,26,0.2600986063480377,0.20756895840168
26,30,600,0.5,27,0.2588563859462738,0.2067040055990219
26,30,600,0.5,28,0.25784531235694885,0.20602312684059143
26,30,600,0.5,29,0.25702232122421265,0.20549003779888153
26,30,600,0.5,30,0.2563525140285492,0.20507529377937317
27,30,600,1.0,1,3.3682310581207275,2.6695549488067627
27,30,600,1.0,2,2.7478675842285156,2.185075044631958
27,30,600,1.0,3,2.3261640071868896,1.8527398109436035
27,30,600,1.0,4,2.0281994342803955,1.616159200668335
27,30,600,1.0,5,1.8102883100509644,1.442165732383728
27,30,600,1.0,6,1.6462918519973755,1.310728669166565
27,30,600,1.0,7,1.5200639963150024,1.2093548774719238
27,30,600,1.0,8,1.4212539196014404,1.129957914352417
27,30,600,1.0,9,1.342955231666565,1.0670936107635498
27,30,600,1.0,10,1.280372977256775,1.0169504880905151
27,30,600,1.0,11,1.2300524711608887,0.9767630100250244
27,30,600,1.0,12,1.1894257068634033,0.9444625973701477
27,30,600,1.0,13,1.1565343141555786,0.9184632897377014
27,30,600,1.0,14,1.1298563480377197,0.8975266814231873
27,30,600,1.0,15,1.1081907749176025,0.8806727528572083
27,30,600,1.0,16,1.090582013130188,0.8671180605888367
27,30,600,1.0,17,1.0762619972229004,0.8562324047088623
27,30,600,1.0,18,1.0646129846572876,0.8475065231323242
27,30,600,1.0,19,1.0551345348358154,0.8405282497406006
27,30,600,1.0,20,1.0474209785461426,0.8349627256393433
27,30,600,1.0,21,1.0411434173583984,0.8305383920669556
27,30,600,1.0,22,1.036034345626831,0.8270346522331238
27,30,600,1.0,23,1.0318760871887207,0.8242722749710083
27,30,600,1.0,24,1.0284916162490845,0.8221059441566467
27,30,600,1.0,25,1.0257374048233032,0.8204177618026733
27,30,600,1.0,26,1.0234959125518799,0.8191121220588684
27,30,600,1.0,27,1.0216715335845947,0.8181120753288269
27,30,600,1.0,28,1.0201871395111084,0.8173549771308899
27,30,600,1.0,29,1.0189793109893799,0.8167904019355774
27,30,600,1.0,30,1.0179964303970337,0.8163776397705078
28,30,1000,0.05,1,1.0589635372161865,0.7015516757965088
28,30,1000,0.05,2,0.5367176532745361,0.37532511353492737
28,30,1000,0.05,3,0.3029482364654541,0.22209365665912628
28,30,1000,0.05,4,0.18692266941070557,0.14195331931114197
28,30,1000,0.05,5,0.12277823686599731,0.09553629904985428
28,30,1000,0.05,6,0.0839095413684845,0.06641373038291931
28,30,1000,0.05,7,0.058768559247255325,0.047132376581430435
28,30,1000,0.05,8,0.04183139279484749,0.03394227847456932
28,30,1000,0.05,9,0.030152030289173126,0.024747220799326897
28,30,1000,0.05,10,0.02199545130133629,0.018267598003149033
28,30,1000,0.05,11,0.016260778531432152,0.013671989552676678
28,30,1000,0.05,12,0.012214851565659046,0.01039900816977024
28,30,1000,0.05,13,0.009355247020721436,0.00806068442761898
28,30,1000,0.05,14,0.007332292851060629,0.0063856216147542
28,30,1000,0.05,15,0.0059005762450397015,0.005182535853236914
28,30,1000,0.05,16,0.004887080285698175,0.0043160379864275455
28,30,1000,0.05,17,0.00416960334405303,0.0036900811828672886
28,30,1000,0.05,18,0.003661680268123746,0.003236352698877454
28,30,1000,0.05,19,0.0033021303825080395,0.002906249137595296
28,30,1000,0.05,20,0.003047638339921832,0.0026650591753423214
28,30,1000,0.05,21,0.0028675219509750605,0.0024880049750208855
28,30,1000,0.05,22,0.002740056486800313,0.0023573534563183784
28,30,1000,0.05,23,0.002649863949045539,0.002260396257042885
28,30,1000,0.05,24,0.0025860616005957127,0.002188014332205057
28,30,1000,0.05,25,0.0025409418158233166,0.002133617177605629
28,30,1000,0.05,26,0.0025090386625379324,0.00209245178848505
28,30,1000,0.05,27,0.0024864855222404003,0.0020610748324543238
28,30,1000,0.05,28,0.002470551058650017,0.002036985009908676
28,30,1000,0.05,29,0.0024592990521341562,0.0020183546002954245
28,30,1000,0.05,30,0.0024513567332178354,0.002003834582865238
29,30,1000,0.2,1,0.9046632647514343,0.6035001277923584
29,30,1000,0.2,2,0.4349850118160248,0.31383031606674194
29,30,1000,0.2,3,0.24036133289337158,0.18747667968273163
29,30,1000,0.2,4,0.15277588367462158,0.12667065858840942
29,30,1000,0.2,5,0.10904540121555328,0.09399048984050751
29,30,1000,0.2,6,0.08474066853523254,0.07454869896173477
29,30,1000,0.2,7,0.06995762884616852,0.06204627454280853
29,30,1000,0.2,8,0.06037530303001404,0.05357523262500763
29,30,1000,0.2,9,0.053914058953523636,0.04764470085501671
29,30,1000,0.2,10,0.04945814236998558,0.04340704530477524
29,30,1000,0.2,11,0.04634740948677063,0.04033776745200157
29,30,1000,0.2,12,0.04416186362504959,0.03809243068099022
29,30,1000,0.2,13,0.04262129217386246,0.03643615171313286
29,30,1000,0.2,14,0.04153364524245262,0.035205088555812836
29,30,1000,0.2,15,0.04076521843671799,0.03428325057029724
29,30,1000,0.2,16,0.04022219777107239,0.03358781710267067
29,30,1000,0.2,17,0.039838504046201706,0.03305919095873833
29,30,1000,0.2,18,0.039567433297634125,0.0326542966067791
29,30,1000,0.2,19,0.03937600925564766,0.032341767102479935
29,30,1000,0.2,20,0.03924090415239334,0.03209872543811798
29,30,1000,0.2,21,0.03914560377597809,0.0319083034992218
29,30,1000,0.2,22,0.03907844424247742,0.031758036464452744
29,30,1000,0.2,23,0.039031144231557846,0.03163861855864525
29,30,1000,0.2,24,0.038997869938611984,0.03154311329126358
29,30,1000,0.2,25,0.03897450119256973,0.03146626800298691
29,30,1000,0.2,26,0.0389581061899662,0.03140409290790558
29,30,1000,0.2,27,0.03894662484526634,0.03135354444384575
29,30,1000,0.2,28,0.038938622921705246,0.031312260776758194
29,30,1000,0.2,29,0.03893304988741875,0.03127840906381607
29,30,1000,0.2,30,0.038929179310798645,0.03125053644180298
30,30,1000,0.5,1,4.646371364593506,3.6741700172424316
30,30,1000,0.5,2,3.158555030822754,2.563148260116577
30,30,1000,0.5,3,2.2338361740112305,1.8483855724334717
30,30,1000,0.5,4,1.6258916854858398,1.3669884204864502
30,30,1000,0.5,5,1.2124414443969727,1.033726692199707
30,30,1000,0.5,6,0.9258723258972168,0.7992680072784424
30,30,1000,0.5,7,0.7252083420753479,0.6327076554298401
30,30,1000,0.5,8,0.5839435458183289,0.5136240124702454
30,30,1000,0.5,9,0.48422032594680786,0.4280756413936615
30,30,1000,0.5,10,0.41372424364089966,0.36636438965797424
30,30,1000,0.5,11,0.36385565996170044,0.3216705620288849
30,30,1000,0.5,12,0.3285681903362274,0.2891671061515808
30,30,1000,0.5,13,0.3035958409309387,0.2654237449169159
30,30,1000,0.5,14,0.2859236001968384,0.2479955554008484
30,30,1000,0.5,15,0.27341851592063904,0.2351347953081131
30,30,1000,0.5,16,0.2645708918571472,0.2255900353193283
30,30,1000,0.5,17,0.25831225514411926,0.21846231818199158
30,30,1000,0.5,18,0.253885954618454,0.2131045162677765
30,30,1000,0.5,19,0.2507563829421997,0.2090490460395813
30,30,1000,0.5,20,0.24854446947574615,0.20595726370811462
30,30,1000,0.5,21,0.2469816654920578,0.20358258485794067
30,30,1000,0.5,22,0.24587801098823547,0.20174521207809448
30,30,1000,0.5,23,0.24509911239147186,0.20031289756298065
30,30,1000,0.5,24,0.24454976618289948,0.19918827712535858
30,30,1000,0.5,25,0.24416255950927734,0.19829899072647095
30,30,1000,0.5,26,0.2438899576663971,0.19759108126163483
30,30,1000,0.5,27,0.2436983287334442,0.19702398777008057
30,30,1000,0.5,28,0.2435636669397354,0.196567103266716
30,30,1000,0.5,29,0.24346929788589478,0.19619691371917725
30,30,1000,0.5,30,0.24340330064296722,0.19589558243751526
31,30,1000,1.0,1,2.404351234436035,1.990614891052246
31,30,1000,1.0,2,1.7681149244308472,1.5289973020553589
31,30,1000,1.0,3,1.4561975002288818,1.2801817655563354
31,30,1000,1.0,4,1.2858555316925049,1.1313306093215942
31,30,1000,1.0,5,1.1836813688278198,1.034785509109497
31,30,1000,1.0,6,1.1180843114852905,0.968616783618927
31,30,1000,1.0,7,1.0741220712661743,0.921633780002594
31,30,1000,1.0,8,1.0439201593399048,0.8874998688697815
31,30,1000,1.0,9,1.0228897333145142,0.8623046278953552
31,30,1000,1.0,10,1.0081419944763184,0.8434808850288391
31,30,1000,1.0,11,0.9977630376815796,0.8292728662490845
31,30,1000,1.0,12,0.9904466271400452,0.8184491991996765
31,30,1000,1.0,13,0.9852858781814575,0.8101320862770081
31,30,1000,1.0,14,0.9816455245018005,0.8036874532699585
31,30,1000,1.0,15,0.9790782928466797,0.7986537218093872
31,30,1000,1.0,16,0.9772692918777466,0.7946920990943909
31,30,1000,1.0,17,0.9759951829910278,0.7915516495704651
31,30,1000,1.0,18,0.9750988483428955,0.7890450954437256
31,30,1000,1.0,19,0.9744692444801331,0.7870319485664368
31,30,1000,1.0,20,0.9740273356437683,0.7854058146476746
31,30,1000,1.0,21,0.9737181067466736,0.7840854525566101
31,30,1000,1.0,22,0.9735020399093628,0.7830080986022949
31,30,1000,1.0,23,0.9733516573905945,0.7821254730224609
31,30,1000,1.0,24,0.9732471704483032,0.7813997864723206
31,30,1000,1.0,25,0.9731748700141907,0.7808009386062622
31,30,1000,1.0,26,0.9731252789497375,0.7803055644035339
31,30,1000,1.0,27,0.9730914235115051,0.7798946499824524
31,30,1000,1.0,28,0.9730682969093323,0.7795529365539551
31,30,1000,1.0,29,0.9730530381202698,0.7792685031890869
31,30,1000,1.0,30,0.9730428457260132,0.7790311574935913
32,50,100,0.05,1,1.3701894283294678,1.4006869792938232
32,50,100,0.05,2,1.2625091075897217,1.2850220203399658
32,50,100,0.05,3,1.1651394367218018,1.1803078651428223
32,50,100,0.05,4,1.0769803524017334,1.085418462753296
32,50,100,0.05,5,0.9970541000366211,0.9993492960929871
32,50,100,0.05,6,0.9244926571846008,0.9212030172348022
32,50,100,0.05,7,0.8585243225097656,0.8501791954040527
32,50,100,0.05,8,0.7984636425971985,0.785561740398407
32,50,100,0.05,9,0.743700385093689,0.7267111539840698
32,50,100,0.05,10,0.6936923265457153,0.6730557680130005
32,50,100,0.05,11,0.6479566693305969,0.6240836381912231
32,50,100,0.05,12,0.6060634255409241,0.5793370008468628
32,50,100,0.05,13,0.5676296949386597,0.53840571641922
32,50,100,0.05,14,0.5323141813278198,0.5009225010871887
32,50,100,0.05,15,0.49981260299682617,0.46655789017677307
32,50,100,0.05,16,0.4698532223701477,0.43501654267311096
32,50,100,0.05,17,0.4421935975551605,0.4060334265232086
32,50,100,0.05,18,0.416617214679718,0.37937039136886597
32,50,100,0.05,19,0.3929303288459778,0.3548136353492737
32,50,100,0.05,20,0.3709595203399658,0.3321707248687744
32,50,100,0.05,21,0.3505496084690094,0.31126868724823
32,50,100,0.05,22,0.33156150579452515,0.29195165634155273
32,50,100,0.05,23,0.31387045979499817,0.2740793228149414
32,50,100,0.05,24,0.2973645329475403,0.25752514600753784
32,50,100,0.05,25,0.28194287419319153,0.24217477440834045
32,50,100,0.05,26,0.2675149440765381,0.2279251515865326
32,50,100,0.05,27,0.2539992332458496,0.21468310058116913
32,50,100,0.05,28,0.24132207036018372,0.20236417651176453
32,50,100,0.05,29,0.22941704094409943,0.19089210033416748
32,50,100,0.05,30,0.21822412312030792,0.18019774556159973
32,50,100,0.05,31,0.2076890468597412,0.170218363404274
32,50,100,0.05,32,0.19776257872581482,0.16089704632759094
32,50,100,0.05,33,0.1884000599384308,0.15218204259872437
32,50,100,0.05,34,0.17956086993217468,0.14402635395526886
32,50,100,0.05,35,0.17120811343193054,0.13638710975646973
32,50,100,0.05,36,0.16330812871456146,0.12922528386116028
32,50,100,0.05,37,0.15583017468452454,0.1225053071975708
32,50,100,0.05,38,0.14874613285064697,0.11619468033313751
32,50,100,0.05,39,0.14203029870986938,0.11026369035243988
32,50,100,0.05,40,0.1356591433286667,0.10468516498804092
32,50,100,0.05,41,0.12961101531982422,0.0994342789053917
32,50,100,0.05,42,0.12386604398488998,0.09448815882205963
32,50,100,0.05,43,0.11840584129095078,0.08982592821121216
32,50,100,0.05,44,0.11321346461772919,0.08542827516794205
32,50,100,0.05,45,0.10827328264713287,0.0812775269150734
32,50,100,0.05,46,0.10357081890106201,0.07735741883516312
32,50,100,0.05,47,0.09909267723560333,0.07365292310714722
32,50,100,0.05,48,0.09482637792825699,0.07015017420053482
32,50,100,0.05,49,0.09076032787561417,0.0668363943696022
32,50,100,0.05,50,0.08688370883464813,0.06369975209236145
33,50,100,0.2,1,1.1518229246139526,1.1735589504241943
33,50,100,0.2,2,1.0411770343780518,1.0607569217681885
33,50,100,0.2,3,0.9425392150878906,0.9598512649536133
33,50,100,0.2,4,0.8545562624931335,0.8695417642593384
33,50,100,0.2,5,0.7760294079780579,0.7886735200881958
33,50,100,0.2,6,0.7058971524238586,0.7162197828292847
33,50,100,0.2,7,0.6432191133499146,0.6512681245803833
33,50,100,0.2,8,0.5871621966362,0.593007504940033
33,50,100,0.2,9,0.536988377571106,0.5407164692878723
33,50,100,0.2,10,0.492043673992157,0.49375367164611816
33,50,100,0.2,11,0.45174866914749146,0.45154839754104614
33,50,100,0.2,12,0.4155893921852112,0.41359272599220276
33,50,100,0.2,13,0.3831106126308441,0.3794347941875458
33,50,100,0.2,14,0.3539085388183594,0.34867221117019653
33,50,100,0.2,15,0.3276251554489136,0.3209466338157654
33,50,100,0.2,16,0.3039429187774658,0.2959389090538025
33,50,100,0.2,17,0.28258004784584045,0.2733646333217621
33,50,100,0.2,18,0.2632865309715271,0.25297021865844727
33,50,100,0.2,19,0.2458404004573822,0.23452973365783691
33,50,100,0.2,20,0.23004472255706787,0.21784155070781708
33,50,100,0.2,21,0.2157246172428131,0.2027258425951004
33,50,100,0.2,22,0.20272454619407654,0.1890219897031784
33,50,100,0.2,23,0.19090642035007477,0.17658670246601105
33,50,100,0.2,24,0.1801474541425705,0.16529187560081482
33,50,100,0.2,25,0.1703384667634964,0.15502315759658813
33,50,100,0.2,26,0.16138234734535217,0.14567825198173523
33,50,100,0.2,27,0.1531926840543747,0.13716565072536469
33,50,100,0.2,28,0.14569243788719177,0.12940354645252228
33,50,100,0.2,29,0.1388130635023117,0.1223185807466507
33,50,100,0.2,30,0.13249342143535614,0.11584512144327164
33,50,100,0.2,31,0.12667901813983917,0.10992429405450821
33,50,100,0.2,32,0.12132112681865692,0.10450341552495956
33,50,100,0.2,33,0.1163763627409935,0.09953511506319046
33,50,100,0.2,34,0.11180589348077774,0.09497694671154022
33,50,100,0.2,35,0.10757497698068619,0.09079069644212723
33,50,100,0.2,36,0.10365255922079086,0.08694209903478622
33,50,100,0.2,37,0.10001082718372345,0.08340029418468475
33,50,100,0.2,38,0.09662483632564545,0.08013753592967987
33,50,100,0.2,39,0.0934721902012825,0.07712879031896591
33,50,100,0.2,40,0.09053277969360352,0.07435154169797897
33,50,100,0.2,41,0.08778856694698334,0.07178542762994766
33,50,100,0.2,42,0.08522327244281769,0.06941217929124832
33,50,100,0.2,43,0.08282221853733063,0.06721512973308563
33,50,100,0.2,44,0.080572210252285,0.06517935544252396
33,50,100,0.2,45,0.07846131920814514,0.06329131126403809
33,50,100,0.2,46,0.0764787346124649,0.06153867393732071
33,50,100,0.2,47,0.07461470365524292,0.0599103681743145
33,50,100,0.2,48,0.07286037504673004,0.05839628726243973
33,50,100,0.2,49,0.07120770215988159,0.05698726326227188
33,50,100,0.2,50,0.06964936852455139,0.055674958974123
34,50,100,0.5,1,1.5387792587280273,1.5167899131774902
34,50,100,0.5,2,1.4139318466186523,1.3890810012817383
34,50,100,0.5,3,1.3024442195892334,1.2747465372085571
34,50,100,0.5,4,1.20281982421875,1.172333002090454
34,50,100,0.5,5,1.113732099533081,1.080548644065857
34,50,100,0.5,6,1.0340063571929932,0.9982450604438782
34,50,100,0.5,7,0.9626016616821289,0.9244006276130676
34,50,100,0.5,8,0.8985952138900757,0.8581069111824036
34,50,100,0.5,9,0.8411696553230286,0.7985553741455078
34,50,100,0.5,10,0.7895999550819397,0.7450268268585205
34,50,100,0.5,11,0.7432435750961304,0.6968806385993958
34,50,100,0.5,12,0.7015307545661926,0.653546929359436
34,50,100,0.5,13,0.6639559864997864,0.614517867565155
34,50,100,0.5,14,0.6300708651542664,0.5793410539627075
34,50,100,0.5,15,0.5994778871536255,0.5476133823394775
34,50,100,0.5,16,0.5718234777450562,0.5189752578735352
34,50,100,0.5,17,0.5467942953109741,0.4931066632270813
34,50,100,0.5,18,0.5241122245788574,0.4697214663028717
34,50,100,0.5,19,0.5035297274589539,0.4485646188259125
34,50,100,0.5,20,0.4848271310329437,0.429408460855484
34,50,100,0.5,21,0.46780911087989807,0.4120497703552246
34,50,100,0.5,22,0.45230188965797424,0.3963067829608917
34,50,100,0.5,23,0.43815097212791443,0.3820173144340515
34,50,100,0.5,24,0.42521896958351135,0.36903616786003113
34,50,100,0.5,25,0.4133833050727844,0.3572334945201874
34,50,100,0.5,26,0.4025349020957947,0.3464931845664978
34,50,100,0.5,27,0.39257651567459106,0.33671119809150696
34,50,100,0.5,28,0.3834214210510254,0.3277943730354309
34,50,100,0.5,29,0.3749922215938568,0.31965917348861694
34,50,100,0.5,30,0.36721986532211304,0.31223076581954956
34,50,100,0.5,31,0.3600425124168396,0.3054419457912445
34,50,100,0.5,32,0.3534049391746521,0.2992323935031891
34,50,100,0.5,33,0.3472577929496765,0.29354792833328247
34,50,100,0.5,34,0.34155672788619995,0.2883397936820984
34,50,100,0.5,35,0.3362621068954468,0.2835642993450165
34,50,100,0.5,36,0.3313383162021637,0.2791820168495178
34,50,100,0.5,37,0.32675331830978394,0.2751573324203491
34,50,100,0.5,38,0.3224784731864929,0.27145832777023315
34,50,100,0.5,39,0.3184877336025238,0.26805615425109863
34,50,100,0.5,40,0.31475797295570374,0.26492470502853394
34,50,100,0.5,41,0.31126800179481506,0.26204052567481995
34,50,100,0.5,42,0.30799898505210876,0.25938233733177185
34,50,100,0.5,43,0.3049336075782776,0.2569308876991272
34,50,100,0.5,44,0.3020564019680023,0.2546686828136444
34,50,100,0.5,45,0.2993531823158264,0.2525799870491028
34,50,100,0.5,46,0.29681116342544556,0.250650554895401
34,50,100,0.5,47,0.2944187819957733,0.24886739253997803
34,50,100,0.5,48,0.2921654284000397,0.2472185641527176
34,50,100,0.5,49,0.29004138708114624,0.24569344520568848
34,50,100,0.5,50,0.28803786635398865,0.24428220093250275
35,50,100,1.0,1,3.4180493354797363,3.09732985496521
35,50,100,1.0,2,3.248379945755005,2.92081356048584
35,50,100,1.0,3,3.093461275100708,2.760244369506836
35,50,100,1.0,4,2.9517993927001953,2.6140410900115967
35,50,100,1.0,5,2.822063684463501,2.4807896614074707
35,50,100,1.0,6,2.703068256378174,2.3592231273651123
35,50,100,1.0,7,2.593757152557373,2.248206853866577
35,50,100,1.0,8,2.493187427520752,2.1467251777648926
35,50,100,1.0,9,2.4005179405212402,2.053865671157837
35,50,100,1.0,10,2.314997911453247,1.968811273574829
35,50,100,1.0,11,2.2359557151794434,1.8908275365829468
35,50,100,1.0,12,2.1627912521362305,1.8192558288574219
35,50,100,1.0,13,2.0949673652648926,1.7535030841827393
35,50,100,1.0,14,2.0320022106170654,1.6930367946624756
35,50,100,1.0,15,1.9734652042388916,1.6373775005340576
35,50,100,1.0,16,1.9189685583114624,1.5860931873321533
35,50,100,1.0,17,1.8681650161743164,1.5387945175170898
35,50,100,1.0,18,1.820741891860962,1.4951307773590088
35,50,100,1.0,19,1.7764174938201904,1.4547853469848633
35,50,100,1.0,20,1.734938621520996,1.4174721240997314
35,50,100,1.0,21,1.6960766315460205,1.3829323053359985
35,50,100,1.0,22,1.659624695777893,1.3509318828582764
35,50,100,1.0,23,1.6253963708877563,1.3212592601776123
35,50,100,1.0,24,1.5932223796844482,1.29372239112854
35,50,100,1.0,25,1.5629494190216064,1.2681472301483154
35,50,100,1.0,26,1.5344380140304565,1.2443757057189941
35,50,100,1.0,27,1.5075621604919434,1.2222641706466675
35,50,100,1.0,28,1.4822062253952026,1.2016820907592773
35,50,100,1.0,29,1.4582650661468506,1.1825106143951416
35,50,100,1.0,30,1.435642957687378,1.1646411418914795
35,50,100,1.0,31,1.4142521619796753,1.1479750871658325
35,50,100,1.0,32,1.3940120935440063,1.1324222087860107
35,50,100,1.0,33,1.3748488426208496,1.117899775505066
35,50,100,1.0,34,1.3566946983337402,1.104332685470581
35,50,100,1.0,35,1.3394874334335327,1.0916516780853271
35,50,100,1.0,36,1.323169469833374,1.0797935724258423
35,50,100,1.0,37,1.307687520980835,1.0687000751495361
35,50,100,1.0,38,1.2929924726486206,1.0583178997039795
35,50,100,1.0,39,1.2790390253067017,1.048597812652588
35,50,100,1.0,40,1.2657848596572876,1.0394948720932007
35,50,100,1.0,41,1.2531906366348267,1.0309672355651855
35,50,100,1.0,42,1.2412198781967163,1.0229766368865967
35,50,100,1.0,43,1.2298390865325928,1.0154874324798584
35,50,100,1.0,44,1.2190158367156982,1.0084670782089233
35,50,100,1.0,45,1.2087208032608032,1.0018850564956665
35,50,100,1.0,46,1.1989262104034424,0.9957134127616882
35,50,100,1.0,47,1.1896061897277832,0.9899260401725769
35,50,100,1.0,48,1.1807361841201782,0.9844988584518433
35,50,100,1.0,49,1.1722936630249023,0.979409396648407
35,50,100,1.0,50,1.1642566919326782,0.9746368527412415
36,50,300,0.05,1,1.2300242185592651,0.9192626476287842
36,50,300,0.05,2,0.9383586049079895,0.7006048560142517
36,50,300,0.05,3,0.7226383090019226,0.5397886633872986
36,50,300,0.05,4,0.5623005628585815,0.4208846986293793
36,50,300,0.05,5,0.4424331784248352,0.3324035108089447
36,50,300,0.05,6,0.35221415758132935,0.26605579257011414
36,50,300,0.05,7,0.28378230333328247,0.21585838496685028
36,50,300,0.05,8,0.23142026364803314,0.17748969793319702
36,50,300,0.05,9,0.1909639835357666,0.14782539010047913
36,50,300,0.05,10,0.15937501192092896,0.12460344284772873
36,50,300,0.05,11,0.13443151116371155,0.10618329793214798
36,50,300,0.05,12,0.11450416594743729,0.09137211740016937
36,50,300,0.05,13,0.09839427471160889,0.07929987460374832
36,50,300,0.05,14,0.08521635830402374,0.06932929158210754
36,50,300,0.05,15,0.07431317120790482,0.060991447418928146
36,50,300,0.05,16,0.06519423425197601,0.05393889918923378
36,50,300,0.05,17,0.05749095603823662,0.04791225120425224
36,50,300,0.05,18,0.050924286246299744,0.042716193944215775
36,50,300,0.05,19,0.04528109356760979,0.03820196911692619
36,50,300,0.05,20,0.04039708152413368,0.03425499424338341
36,50,300,0.05,21,0.036144230514764786,0.030785828828811646
36,50,300,0.05,22,0.032421670854091644,0.027723634615540504
36,50,300,0.05,23,0.029148994013667107,0.02501148357987404
36,50,300,0.05,24,0.026261210441589355,0.02260293997824192
36,50,300,0.05,25,0.02370532602071762,0.02045963518321514
36,50,300,0.05,26,0.02143755555152893,0.018549393862485886
36,50,300,0.05,27,0.01942131295800209,0.016844945028424263
36,50,300,0.05,28,0.017625728622078896,0.015322824940085411
36,50,300,0.05,29,0.016024505719542503,0.013962818309664726
36,50,300,0.05,30,0.014595063403248787,0.012747200205922127
36,50,300,0.05,31,0.01331785973161459,0.011660476215183735
36,50,300,0.05,32,0.012175913900136948,0.010688930749893188
36,50,300,0.05,33,0.011154323816299438,0.00982038676738739
36,50,300,0.05,34,0.010240024887025356,0.009044059552252293
36,50,300,0.05,35,0.009421459399163723,0.008350280113518238
36,50,300,0.05,36,0.00868841540068388,0.007730430923402309
36,50,300,0.05,37,0.008031798526644707,0.007176796440035105
36,50,300,0.05,38,0.007443553302437067,0.006682470440864563
36,50,300,0.05,39,0.006916506681591272,0.006241269875317812
36,50,300,0.05,40,0.006444241385906935,0.00584764126688242
36,50,300,0.05,41,0.0060210395604372025,0.005496598314493895
36,50,300,0.05,42,0.005641786381602287,0.005183677654713392
36,50,300,0.05,43,0.005301909055560827,0.004904883913695812
36,50,300,0.05,44,0.004997312091290951,0.004656607750803232
36,50,300,0.05,45,0.0047243330627679825,0.004435627721250057
36,50,300,0.05,46,0.004479687195271254,0.004239059053361416
36,50,300,0.05,47,0.0042604380287230015,0.0040643056854605675
36,50,300,0.05,48,0.004063955973833799,0.003909051883965731
36,50,300,0.05,49,0.0038878803607076406,0.0037712082266807556
36,50,300,0.05,50,0.003730089869350195,0.0036489074118435383
37,50,300,0.2,1,4.082529544830322,3.2137701511383057
37,50,300,0.2,2,3.4736790657043457,2.763791561126709
37,50,300,0.2,3,2.9812092781066895,2.3967466354370117
37,50,300,0.2,4,2.5781617164611816,2.093334674835205
37,50,300,0.2,5,2.2445228099823,1.8393559455871582
37,50,300,0.2,6,1.9653517007827759,1.6242973804473877
37,50,300,0.2,7,1.729418158531189,1.440313696861267
37,50,300,0.2,8,1.528217077255249,1.2814995050430298
37,50,300,0.2,9,1.3552504777908325,1.143358826637268
37,50,300,0.2,10,1.2055068016052246,1.022430181503296
37,50,300,0.2,11,1.0750786066055298,0.9160106778144836
37,50,300,0.2,12,0.9608854651451111,0.821959912776947
37,50,300,0.2,13,0.8604700565338135,0.7385585904121399
37,50,300,0.2,14,0.7718484401702881,0.6644036769866943
37,50,300,0.2,15,0.6933996081352234,0.5983351469039917
37,50,300,0.2,16,0.623784065246582,0.5393792986869812
37,50,300,0.2,17,0.5618820190429688,0.4867098033428192
37,50,300,0.2,18,0.506748378276825,0.4396173357963562
37,50,300,0.2,19,0.4575776755809784,0.39748725295066833
37,50,300,0.2,20,0.4136781096458435,0.35978254675865173
37,50,300,0.2,21,0.3744507431983948,0.326031357049942
37,50,300,0.2,22,0.3393746018409729,0.2958166003227234
37,50,300,0.2,23,0.3079928457736969,0.26876792311668396
37,50,300,0.2,24,0.27990439534187317,0.24455569684505463
37,50,300,0.2,25,0.2547549605369568,0.22288565337657928
37,50,300,0.2,26,0.23223093152046204,0.20349469780921936
37,50,300,0.2,27,0.21205417811870575,0.186147078871727
37,50,300,0.2,28,0.19397705793380737,0.17063163220882416
37,50,300,0.2,29,0.1777791678905487,0.1567586064338684
37,50,300,0.2,30,0.1632637232542038,0.1443580687046051
37,50,300,0.2,31,0.15025511384010315,0.13327723741531372
37,50,300,0.2,32,0.1385963261127472,0.1233789250254631
37,50,300,0.2,33,0.1281469166278839,0.1145402267575264
37,50,300,0.2,34,0.11878129839897156,0.10665049403905869
37,50,300,0.2,35,0.1103869155049324,0.09961065649986267
37,50,300,0.2,36,0.10286304354667664,0.09333167225122452
37,50,300,0.2,37,0.09611944854259491,0.0877336636185646
37,50,300,0.2,38,0.09007522463798523,0.08274497836828232
37,50,300,0.2,39,0.08465788513422012,0.0783013105392456
37,50,300,0.2,40,0.07980252057313919,0.07434512674808502
37,50,300,0.2,41,0.07545091211795807,0.07082473486661911
37,50,300,0.2,42,0.0715508759021759,0.06769383698701859
37,50,300,0.2,43,0.06805562973022461,0.06491094082593918
37,50,300,0.2,44,0.0649232342839241,0.062438949942588806
37,50,300,0.2,45,0.0621161051094532,0.060244522988796234
37,50,300,0.2,46,0.05960050970315933,0.05829785764217377
37,50,300,0.2,47,0.05734626203775406,0.05657229945063591
37,50,300,0.2,48,0.05532628670334816,0.05504399165511131
37,50,300,0.2,49,0.05351627990603447,0.05369154363870621
37,50,300,0.2,50,0.05189445987343788,0.05249585211277008
38,50,300,0.5,1,1.778161644935608,1.4934293031692505
38,50,300,0.5,2,1.4667549133300781,1.248903751373291
38,50,300,0.5,3,1.2298671007156372,1.06222665309906
38,50,300,0.5,4,1.048027515411377,0.9182865023612976
38,50,300,0.5,5,0.9070457816123962,0.8060988783836365
38,50,300,0.5,6,0.7965598702430725,0.7176611423492432
38,50,300,0.5,7,0.7089839577674866,0.6471264362335205
38,50,300,0.5,8,0.6387495398521423,0.5902076959609985
38,50,300,0.5,9,0.5817539691925049,0.5437475442886353
38,50,300,0.5,10,0.5349612832069397,0.5054085850715637
38,50,300,0.5,11,0.496113657951355,0.47344937920570374
38,50,300,0.5,12,0.46352240443229675,0.446562796831131
38,50,300,0.5,13,0.43591490387916565,0.4237590432167053
38,50,300,0.5,14,0.4123248755931854,0.4042815566062927
38,50,300,0.5,15,0.39201194047927856,0.3875454068183899
38,50,300,0.5,16,0.3744029998779297,0.37309354543685913
38,50,300,0.5,17,0.3590500056743622,0.36056390404701233
38,50,300,0.5,18,0.3455982804298401,0.3496664762496948
38,50,300,0.5,19,0.33376386761665344,0.3401656150817871
38,50,300,0.5,20,0.32331663370132446,0.3318678140640259
38,50,300,0.5,21,0.31406810879707336,0.32461217045783997
38,50,300,0.5,22,0.30586177110671997,0.31826332211494446
38,50,300,0.5,23,0.29856643080711365,0.31270673871040344
38,50,300,0.5,24,0.29207122325897217,0.3078441023826599
38,50,300,0.5,25,0.2862812876701355,0.30359089374542236
38,50,300,0.5,26,0.2811150848865509,0.2998737394809723
38,50,300,0.5,27,0.2765018045902252,0.2966286838054657
38,50,300,0.5,28,0.2723798155784607,0.29379984736442566
38,50,300,0.5,29,0.26869502663612366,0.2913380265235901
38,50,300,0.5,30,0.26539990305900574,0.2891998887062073
38,50,300,0.5,31,0.26245248317718506,0.2873474061489105
38,50,300,0.5,32,0.259815514087677,0.28574663400650024
38,50,300,0.5,33,0.25745588541030884,0.2843678593635559
38,50,300,0.5,34,0.25534433126449585,0.28318455815315247
38,50,300,0.5,35,0.25345465540885925,0.2821733355522156
38,50,300,0.5,36,0.2517635226249695,0.281313419342041
38,50,300,0.5,37,0.25025004148483276,0.2805864214897156
38,50,300,0.5,38,0.24889561533927917,0.2799760103225708
38,50,300,0.5,39,0.2476835697889328,0.27946776151657104
38,50,300,0.5,40,0.24659903347492218,0.279048889875412
38,50,300,0.5,41,0.24562868475914001,0.27870801091194153
38,50,300,0.5,42,0.24476054310798645,0.2784351408481598
38,50,300,0.5,43,0.24398396909236908,0.2782212793827057
38,50,300,0.5,44,0.24328933656215668,0.2780587375164032
38,50,300,0.5,45,0.24266815185546875,0.2779404819011688
38,50,300,0.5,46,0.2421126812696457,0.27786046266555786
38,50,300,0.5,47,0.24161604046821594,0.27781325578689575
38,50,300,0.5,48,0.24117209017276764,0.2777940630912781
38,50,300,0.5,49,0.24077531695365906,0.27779877185821533
38,50,300,0.5,50,0.24042072892189026,0.27782371640205383
39,50,300,1.0,1,5.068236351013184,4.338522434234619
39,50,300,1.0,2,4.486420154571533,3.881359577178955
39,50,300,1.0,3,4.008302211761475,3.5029172897338867
39,50,300,1.0,4,3.6109955310821533,3.1861846446990967
39,50,300,1.0,5,3.277371644973755,2.9184486865997314
39,50,300,1.0,6,2.994521379470825,2.6901252269744873
39,50,300,1.0,7,2.7526357173919678,2.493917942047119
39,50,300,1.0,8,2.5441946983337402,2.324211597442627
39,50,300,1.0,9,2.363375186920166,2.1766316890716553
39,50,300,1.0,10,2.2056174278259277,2.047724723815918
39,50,300,1.0,11,2.067312479019165,1.934729814529419
39,50,300,1.0,12,1.94556725025177,1.8354072570800781
39,50,300,1.0,13,1.8380364179611206,1.7479184865951538
39,50,300,1.0,14,1.7427953481674194,1.6707326173782349
39,50,300,1.0,15,1.6582458019256592,1.602562427520752
39,50,300,1.0,16,1.583048701286316,1.5423128604888916
39,50,300,1.0,17,1.5160683393478394,1.4890440702438354
39,50,300,1.0,18,1.4563347101211548,1.441942811012268
39,50,300,1.0,19,1.403011679649353,1.4003015756607056
39,50,300,1.0,20,1.3553751707077026,1.3635002374649048
39,50,300,1.0,21,1.3127920627593994,1.330993413925171
39,50,300,1.0,22,1.2747083902359009,1.3023005723953247
39,50,300,1.0,23,1.2406357526779175,1.276995062828064
39,50,300,1.0,24,1.2101434469223022,1.25469970703125
39,50,300,1.0,25,1.182848572731018,1.2350788116455078
39,50,300,1.0,26,1.1584125757217407,1.2178337574005127
39,50,300,1.0,27,1.1365329027175903,1.2026985883712769
39,50,300,1.0,28,1.1169413328170776,1.189436674118042
39,50,300,1.0,29,1.0993973016738892,1.1778371334075928
39,50,300,1.0,30,1.0836864709854126,1.1677117347717285
39,50,300,1.0,31,1.069617509841919,1.15889310836792
39,50,300,1.0,32,1.057018756866455,1.1512314081192017
39,50,300,1.0,33,1.0457369089126587,1.1445938348770142
39,50,300,1.0,34,1.035634994506836,1.1388617753982544
39,50,300,1.0,35,1.0265898704528809,1.1339294910430908
39,50,300,1.0,36,1.018491506576538,1.1297029256820679
39,50,300,1.0,37,1.0112414360046387,1.126098394393921
39,50,300,1.0,38,1.0047509670257568,1.1230413913726807
39,50,300,1.0,39,0.9989414215087891,1.1204661130905151
39,50,300,1.0,40,0.9937415719032288,1.1183133125305176
39,50,300,1.0,41,0.9890879392623901,1.1165308952331543
39,50,300,1.0,42,0.9849236607551575,1.1150726079940796
39,50,300,1.0,43,0.9811975359916687,1.1138972043991089
39,50,300,1.0,44,0.977864146232605,1.1129683256149292
39,50,300,1.0,45,0.9748821258544922,1.1122535467147827
39,50,300,1.0,46,0.9722149968147278,1.111724615097046
39,50,300,1.0,47,0.969829797744751,1.1113561391830444
39,50,300,1.0,48,0.9676971435546875,1.1111255884170532
39,50,300,1.0,49,0.9657904505729675,1.1110132932662964
39,50,300,1.0,50,0.9640861749649048,1.1110023260116577
40,50,600,0.05,1,1.571326732635498,1.3874677419662476
40,50,600,0.05,2,1.0869863033294678,0.9789161682128906
40,50,600,0.05,3,0.7805876135826111,0.7134851217269897
40,50,600,0.05,4,0.5789946913719177,0.5345177054405212
40,50,600,0.05,5,0.44090840220451355,0.4093872010707855
40,50,600,0.05,6,0.34264612197875977,0.3189489245414734
40,50,600,0.05,7,0.2703405022621155,0.25169917941093445
40,50,600,0.05,8,0.21565037965774536,0.20052286982536316
40,50,600,0.05,9,0.1733897626399994,0.1608714908361435
40,50,600,0.05,10,0.1402098834514618,0.1297304928302765
40,50,600,0.05,11,0.11385933309793472,0.1050286665558815
40,50,600,0.05,12,0.09276339411735535,0.08529315143823624
40,50,600,0.05,13,0.07578006386756897,0.06944412738084793
40,50,600,0.05,14,0.06205572932958603,0.05666988343000412
40,50,600,0.05,15,0.050936613231897354,0.04634736478328705
40,50,600,0.05,16,0.041912682354450226,0.03799092769622803
40,50,600,0.05,17,0.034580741077661514,0.031217658892273903
40,50,600,0.05,18,0.028619030490517616,0.02572285756468773
40,50,600,0.05,19,0.023769119754433632,0.021262668073177338
40,50,600,0.05,20,0.01982232555747032,0.01764085330069065
40,50,600,0.05,21,0.016609804704785347,0.014699142426252365
40,50,600,0.05,22,0.013994545675814152,0.012309557758271694
40,50,600,0.05,23,0.011865351349115372,0.010368440300226212
40,50,600,0.05,24,0.010131800547242165,0.008791702799499035
40,50,600,0.05,25,0.008720312267541885,0.007511057425290346
40,50,600,0.05,26,0.007571033667773008,0.006471103057265282
40,50,600,0.05,27,0.006635247729718685,0.005626761820167303
40,50,600,0.05,28,0.005873302463442087,0.004941445775330067
40,50,600,0.05,29,0.005252906586974859,0.004385360516607761
40,50,600,0.05,30,0.004747763276100159,0.00393430283293128
40,50,600,0.05,31,0.0043364521116018295,0.003568560117855668
40,50,600,0.05,32,0.004001544322818518,0.003272155998274684
40,50,600,0.05,33,0.003728859592229128,0.003032070817425847
40,50,600,0.05,34,0.0035068446304649115,0.0028377186972647905
40,50,600,0.05,35,0.0033260758500546217,0.0026804874651134014
40,50,600,0.05,36,0.003178891260176897,0.00255338242277503
40,50,600,0.05,37,0.003059056121855974,0.0024507262278348207
40,50,600,0.05,38,0.002961490536108613,0.002367893699556589
40,50,600,0.05,39,0.002882059896364808,0.0023011246230453253
40,50,600,0.05,40,0.002817385597154498,0.0022473717108368874
40,50,600,0.05,41,0.002764734672382474,0.00220415904186666
40,50,600,0.05,42,0.0027218677569180727,0.00216946960426867
40,50,600,0.05,43,0.0026869706343859434,0.002141678938642144
40,50,600,0.05,44,0.0026585585437715054,0.0021194538567215204
40,50,600,0.05,45,0.00263543170876801,0.002101730788126588
40,50,600,0.05,46,0.002616607118397951,0.0020876298658549786
40,50,600,0.05,47,0.002601279877126217,0.002076447941362858
40,50,600,0.05,48,0.0025888034142553806,0.0020676134154200554
40,50,600,0.05,49,0.0025786475744098425,0.0020606666803359985
40,50,600,0.05,50,0.0025703825522214174,0.0020552240312099457
41,50,600,0.2,1,2.1982920169830322,1.9490469694137573
41,50,600,0.2,2,1.6091781854629517,1.4423507452011108
41,50,600,0.2,3,1.215423345565796,1.0964027643203735
41,50,600,0.2,4,0.9415644407272339,0.8516104817390442
41,50,600,0.2,5,0.7440021634101868,0.672781229019165
41,50,600,0.2,6,0.5969566702842712,0.5385946035385132
41,50,600,0.2,7,0.4847302734851837,0.43573251366615295
41,50,600,0.2,8,0.397422194480896,0.3555832505226135
41,50,600,0.2,9,0.3285389840602875,0.29236990213394165
41,50,600,0.2,10,0.2736453413963318,0.24207410216331482
41,50,600,0.2,11,0.2295939326286316,0.20180580019950867
41,50,600,0.2,12,0.19407334923744202,0.16942407190799713
41,50,600,0.2,13,0.16533809900283813,0.143305703997612
41,50,600,0.2,14,0.14204101264476776,0.12219575047492981
41,50,600,0.2,15,0.12312527000904083,0.1051107719540596
41,50,600,0.2,16,0.10775183141231537,0.09127143770456314
41,50,600,0.2,17,0.09524936228990555,0.0800556018948555
41,50,600,0.2,18,0.08507735282182693,0.07096382975578308
41,50,600,0.2,19,0.07679905742406845,0.06359373778104782
41,50,600,0.2,20,0.07006082683801651,0.05762017145752907
41,50,600,0.2,21,0.06457551568746567,0.052779849618673325
41,50,600,0.2,22,0.06010979041457176,0.04885923117399216
41,50,600,0.2,23,0.056474048644304276,0.04568518325686455
41,50,600,0.2,24,0.05351390317082405,0.043117083609104156
41,50,600,0.2,25,0.05110383406281471,0.041040707379579544
41,50,600,0.2,26,0.04914161190390587,0.03936326131224632
41,50,600,0.2,27,0.04754403606057167,0.03800938278436661
41,50,600,0.2,28,0.046243324875831604,0.03691776096820831
41,50,600,0.2,29,0.045184340327978134,0.03603868559002876
41,50,600,0.2,30,0.044322170317173004,0.035331740975379944
41,50,600,0.2,31,0.04362024366855621,0.03476410359144211
41,50,600,0.2,32,0.04304879158735275,0.03430913761258125
41,50,600,0.2,33,0.04258358106017113,0.0339452363550663
41,50,600,0.2,34,0.04220486804842949,0.033654842525720596
41,50,600,0.2,35,0.04189656674861908,0.033423714339733124
41,50,600,0.2,36,0.0416456013917923,0.03324035555124283
41,50,600,0.2,37,0.04144131764769554,0.03309541568160057
41,50,600,0.2,38,0.0412750281393528,0.03298133984208107
41,50,600,0.2,39,0.04113967344164848,0.03289200738072395
41,50,600,0.2,40,0.041029516607522964,0.03282248228788376
41,50,600,0.2,41,0.04093986377120018,0.03276877477765083
41,50,600,0.2,42,0.04086689278483391,0.032727669924497604
41,50,600,0.2,43,0.04080751910805702,0.03269656375050545
41,50,600,0.2,44,0.04075919836759567,0.032673370093107224
41,50,600,0.2,45,0.040719881653785706,0.03265640512108803
41,50,600,0.2,46,0.04068790376186371,0.03264433518052101
41,50,600,0.2,47,0.040661875158548355,0.03263607993721962
41,50,600,0.2,48,0.040640708059072495,0.03263077139854431
41,50,600,0.2,49,0.0406234934926033,0.03262772783637047
41,50,600,0.2,50,0.040609486401081085,0.03262639790773392
42,50,600,0.5,1,1.2786155939102173,0.9185847640037537
42,50,600,0.5,2,0.8925303816795349,0.6454869508743286
42,50,600,0.5,3,0.667209267616272,0.4871268570423126
42,50,600,0.5,4,0.5322677493095398,0.3930153250694275
42,50,600,0.5,5,0.448832243680954,0.3353125751018524
42,50,600,0.5,6,0.39529949426651,0.2985931634902954
42,50,600,0.5,7,0.3595568537712097,0.2742477357387543
42,50,600,0.5,8,0.33472689986228943,0.25742048025131226
42,50,600,0.5,9,0.3168363571166992,0.24533052742481232
42,50,600,0.5,10,0.3035361170768738,0.2363514006137848
42,50,600,0.5,11,0.2933965027332306,0.2295050024986267
42,50,600,0.5,12,0.2855161726474762,0.22418199479579926
42,50,600,0.5,13,0.27930447459220886,0.21998697519302368
42,50,600,0.5,14,0.274358332157135,0.21665173768997192
42,50,600,0.5,15,0.27039197087287903,0.21398644149303436
42,50,600,0.5,16,0.2671959102153778,0.21185125410556793
42,50,600,0.5,17,0.26461198925971985,0.21014000475406647
42,50,600,0.5,18,0.2625183165073395,0.20876997709274292
42,50,600,0.5,19,0.26081931591033936,0.20767562091350555
42,50,600,0.5,20,0.25943928956985474,0.2068043053150177
42,50,600,0.5,21,0.25831758975982666,0.20611350238323212
42,50,600,0.5,22,0.25740548968315125,0.20556862652301788
42,50,600,0.5,23,0.25666362047195435,0.2051415741443634
42,50,600,0.5,24,0.2560601234436035,0.20480941236019135
42,50,600,0.5,25,0.25556913018226624,0.20455347001552582
42,50,600,0.5,26,0.25516968965530396,0.2043585479259491
42,50,600,0.5,27,0.2548447251319885,0.2042122334241867
42,50,600,0.5,28,0.2545803189277649,0.20410457253456116
42,50,600,0.5,29,0.2543652355670929,0.20402736961841583
42,50,600,0.5,30,0.25419023633003235,0.20397408306598663
42,50,600,0.5,31,0.2540479302406311,0.20393946766853333
42,50,600,0.5,32,0.2539321482181549,0.2039192169904709
42,50,600,0.5,33,0.25383803248405457,0.2039099484682083
42,50,600,0.5,34,0.25376150012016296,0.2039089798927307
42,50,600,0.5,35,0.25369924306869507,0.20391413569450378
42,50,600,0.5,36,0.25364866852760315,0.203923761844635
42,50,600,0.5,37,0.2536075711250305,0.20393642783164978
42,50,600,0.5,38,0.2535741627216339,0.20395122468471527
42,50,600,0.5,39,0.2535470128059387,0.20396722853183746
42,50,600,0.5,40,0.25352492928504944,0.20398388803005219
42,50,600,0.5,41,0.25350701808929443,0.20400074124336243
42,50,600,0.5,42,0.2534925043582916,0.20401740074157715
42,50,600,0.5,43,0.2534807324409485,0.20403362810611725
42,50,600,0.5,44,0.25347116589546204,0.2040492445230484
42,50,600,0.5,45,0.25346341729164124,0.20406411588191986
42,50,600,0.5,46,0.25345709919929504,0.20407822728157043
42,50,600,0.5,47,0.25345200300216675,0.20409147441387177
42,50,600,0.5,48,0.25344789028167725,0.20410385727882385
42,50,600,0.5,49,0.25344452261924744,0.20411540567874908
42,50,600,0.5,50,0.25344187021255493,0.20412607491016388
43,50,600,1.0,1,1.8224680423736572,1.179773211479187
43,50,600,1.0,2,1.4755901098251343,0.9846683144569397
43,50,600,1.0,3,1.2825158834457397,0.8862244486808777
43,50,600,1.0,4,1.1740469932556152,0.8383369445800781
43,50,600,1.0,5,1.112311840057373,0.8164394497871399
43,50,600,1.0,6,1.0765464305877686,0.8075610399246216
43,50,600,1.0,7,1.055337905883789,0.8049421906471252
43,50,600,1.0,8,1.042387843132019,0.8051272630691528
43,50,600,1.0,9,1.0342018604278564,0.8064005970954895
43,50,600,1.0,10,1.0288251638412476,0.8079496622085571
43,50,600,1.0,11,1.025152325630188,0.8094204068183899
43,50,600,1.0,12,1.022547960281372,0.8106847405433655
43,50,600,1.0,13,1.020639419555664,0.8117191195487976
43,50,600,1.0,14,1.0192023515701294,0.8125446438789368
43,50,600,1.0,15,1.0180968046188354,0.8131961822509766
43,50,600,1.0,16,1.0172326564788818,0.8137100338935852
43,50,600,1.0,17,1.0165493488311768,0.8141182065010071
43,50,600,1.0,18,1.0160043239593506,0.8144462704658508
43,50,600,1.0,19,1.0155675411224365,0.8147145509719849
43,50,600,1.0,20,1.015215516090393,0.8149378895759583
43,50,600,1.0,21,1.0149317979812622,0.8151277899742126
43,50,600,1.0,22,1.0147020816802979,0.8152921199798584
43,50,600,1.0,23,1.0145162343978882,0.8154366612434387
43,50,600,1.0,24,1.0143654346466064,0.8155657649040222
43,50,600,1.0,25,1.014243483543396,0.8156822323799133
43,50,600,1.0,26,1.0141443014144897,0.815788209438324
43,50,600,1.0,27,1.014064073562622,0.8158851861953735
43,50,600,1.0,28,1.0139989852905273,0.8159744143486023
43,50,600,1.0,29,1.013946294784546,0.8160565495491028
43,50,600,1.0,30,1.0139034986495972,0.8161323666572571
43,50,600,1.0,31,1.0138686895370483,0.8162023425102234
43,50,600,1.0,32,1.0138405561447144,0.8162668943405151
43,50,600,1.0,33,1.0138179063796997,0.816326379776001
43,50,600,1.0,34,1.0137994289398193,0.8163813352584839
43,50,600,1.0,35,1.013784646987915,0.8164317011833191
43,50,600,1.0,36,1.0137726068496704,0.8164781332015991
43,50,600,1.0,37,1.0137628316879272,0.8165206909179688
43,50,600,1.0,38,1.0137550830841064,0.8165597319602966
43,50,600,1.0,39,1.0137486457824707,0.8165954351425171
43,50,600,1.0,40,1.0137436389923096,0.8166281580924988
43,50,600,1.0,41,1.0137394666671753,0.8166579008102417
43,50,600,1.0,42,1.0137362480163574,0.8166852593421936
43,50,600,1.0,43,1.0137336254119873,0.8167100548744202
43,50,600,1.0,44,1.0137313604354858,0.8167325258255005
43,50,600,1.0,45,1.0137296915054321,0.8167531490325928
43,50,600,1.0,46,1.013728380203247,0.8167718052864075
43,50,600,1.0,47,1.0137273073196411,0.8167888522148132
43,50,600,1.0,48,1.0137265920639038,0.8168042302131653
43,50,600,1.0,49,1.0137258768081665,0.8168182969093323
43,50,600,1.0,50,1.0137252807617188,0.8168308734893799
44,50,1000,0.05,1,3.853036403656006,2.8564717769622803
44,50,1000,0.05,2,2.528414249420166,1.9080073833465576
44,50,1000,0.05,3,1.7183016538619995,1.3104177713394165
44,50,1000,0.05,4,1.1911097764968872,0.9142558574676514
44,50,1000,0.05,5,0.8346555829048157,0.643515408039093
44,50,1000,0.05,6,0.5883473753929138,0.4552864134311676
44,50,1000,0.05,7,0.41613197326660156,0.32318252325057983
44,50,1000,0.05,8,0.29496970772743225,0.2299867421388626
44,50,1000,0.05,9,0.20944976806640625,0.16404680907726288
44,50,1000,0.05,10,0.14898639917373657,0.1173085868358612
44,50,1000,0.05,11,0.10620169341564178,0.08414071798324585
44,50,1000,0.05,12,0.07591357827186584,0.0605810210108757
44,50,1000,0.05,13,0.05446741729974747,0.04383183643221855
44,50,1000,0.05,14,0.0392804853618145,0.03191404044628143
44,50,1000,0.05,15,0.028525536879897118,0.023425938561558723
44,50,1000,0.05,16,0.020909082144498825,0.017374031245708466
44,50,1000,0.05,17,0.015515281818807125,0.013053769245743752
44,50,1000,0.05,18,0.011695599183440208,0.009965279139578342
44,50,1000,0.05,19,0.008990722708404064,0.007753700017929077
44,50,1000,0.05,20,0.0070753442123532295,0.0061669968999922276
44,50,1000,0.05,21,0.005719069391489029,0.005026055965572596
44,50,1000,0.05,22,0.004758722614496946,0.004203565884381533
44,50,1000,0.05,23,0.004078789614140987,0.003608905943110585
44,50,1000,0.05,24,0.0035974232014268637,0.003177533159032464
44,50,1000,0.05,25,0.0032566601876169443,0.002863420872017741
44,50,1000,0.05,26,0.0030154529958963394,0.0026337215676903725
44,50,1000,0.05,27,0.002844741567969322,0.0024649552069604397
44,50,1000,0.05,28,0.00272393343038857,0.002340298378840089
44,50,1000,0.05,29,0.0026384592056274414,0.0022477074526250362
44,50,1000,0.05,30,0.0025779949501156807,0.0021785032004117966
44,50,1000,0.05,31,0.002535235369578004,0.002126444363966584
44,50,1000,0.05,32,0.00250500300899148,0.0020870021544396877
44,50,1000,0.05,33,0.0024836338125169277,0.0020569039043039083
44,50,1000,0.05,34,0.002468536840751767,0.00203376985155046
44,50,1000,0.05,35,0.0024578766897320747,0.0020158574916422367
44,50,1000,0.05,36,0.002450353465974331,0.002001883927732706
44,50,1000,0.05,37,0.00244504795409739,0.0019909024704247713
44,50,1000,0.05,38,0.0024413091596215963,0.0019822102040052414
44,50,1000,0.05,39,0.002438676543533802,0.0019752876833081245
44,50,1000,0.05,40,0.002436826005578041,0.0019697370007634163
44,50,1000,0.05,41,0.002435526344925165,0.0019652636256068945
44,50,1000,0.05,42,0.0024346152786165476,0.001961637055501342
44,50,1000,0.05,43,0.0024339782539755106,0.00195868406444788
44,50,1000,0.05,44,0.002433534013107419,0.001956268912181258
44,50,1000,0.05,45,0.0024332255125045776,0.001954285893589258
44,50,1000,0.05,46,0.0024330108426511288,0.0019526518881320953
44,50,1000,0.05,47,0.0024328636936843395,0.0019513001898303628
44,50,1000,0.05,48,0.0024327628780156374,0.0019501830684021115
44,50,1000,0.05,49,0.0024326941929757595,0.001949254423379898
44,50,1000,0.05,50,0.0024326478596776724,0.001948483637534082
45,50,1000,0.2,1,3.1698567867279053,2.3889849185943604
45,50,1000,0.2,2,2.0516507625579834,1.5891058444976807
45,50,1000,0.2,3,1.3898842334747314,1.0971367359161377
45,50,1000,0.2,4,0.9685691595077515,0.7755240797996521
45,50,1000,0.2,5,0.6874153017997742,0.55714350938797
45,50,1000,0.2,6,0.4945653975009918,0.4055388271808624
45,50,1000,0.2,7,0.3602673411369324,0.2989490330219269
45,50,1000,0.2,8,0.26598742604255676,0.22344866394996643
45,50,1000,0.2,9,0.1995221972465515,0.16971704363822937
45,50,1000,0.2,10,0.15256403386592865,0.1313478797674179
45,50,1000,0.2,11,0.11935146152973175,0.10387145727872849
45,50,1000,0.2,12,0.09584814310073853,0.08414265513420105
45,50,1000,0.2,13,0.07921162247657776,0.06993740051984787
45,50,1000,0.2,14,0.06743443757295609,0.05967823415994644
45,50,1000,0.2,15,0.05909718945622444,0.0522441640496254
45,50,1000,0.2,16,0.05319535359740257,0.04683695733547211
45,50,1000,0.2,17,0.04901785030961037,0.042887572199106216
45,50,1000,0.2,18,0.046061158180236816,0.03998942673206329
45,50,1000,0.2,19,0.043968796730041504,0.037851814180612564
45,50,1000,0.2,20,0.04248833656311035,0.036266207695007324
45,50,1000,0.2,21,0.041441015899181366,0.03508291393518448
45,50,1000,0.2,22,0.040700286626815796,0.03419412672519684
45,50,1000,0.2,23,0.04017655551433563,0.033521927893161774
45,50,1000,0.2,24,0.03980635851621628,0.033009883016347885
45,50,1000,0.2,25,0.03954479098320007,0.032616984099149704
45,50,1000,0.2,26,0.039360057562589645,0.032313231378793716
45,50,1000,0.2,27,0.03922966867685318,0.03207668289542198
45,50,1000,0.2,28,0.039137694984674454,0.03189108893275261
45,50,1000,0.2,29,0.03907286748290062,0.031744472682476044
45,50,1000,0.2,30,0.039027225226163864,0.03162786364555359
45,50,1000,0.2,31,0.03899512439966202,0.03153453767299652
45,50,1000,0.2,32,0.03897256776690483,0.03145936131477356
45,50,1000,0.2,33,0.03895675763487816,0.03139852359890938
45,50,1000,0.2,34,0.038945697247982025,0.031349021941423416
45,50,1000,0.2,35,0.038937974721193314,0.03130857273936272
45,50,1000,0.2,36,0.03893259912729263,0.03127537667751312
45,50,1000,0.2,37,0.03892887011170387,0.03124804049730301
45,50,1000,0.2,38,0.03892629221081734,0.03122546151280403
45,50,1000,0.2,39,0.038924530148506165,0.031206779181957245
45,50,1000,0.2,40,0.03892333433032036,0.031191270798444748
45,50,1000,0.2,41,0.0389225147664547,0.031178370118141174
45,50,1000,0.2,42,0.03892197087407112,0.031167620792984962
45,50,1000,0.2,43,0.038921620696783066,0.03115863725543022
45,50,1000,0.2,44,0.03892139345407486,0.03115113452076912
45,50,1000,0.2,45,0.03892125189304352,0.031144851818680763
45,50,1000,0.2,46,0.03892117366194725,0.031139612197875977
45,50,1000,0.2,47,0.03892112523317337,0.031135207042098045
45,50,1000,0.2,48,0.03892110660672188,0.031131522729992867
45,50,1000,0.2,49,0.03892110288143158,0.031128428876399994
45,50,1000,0.2,50,0.03892110660672188,0.03112581931054592
46,50,1000,0.5,1,0.9324951767921448,0.6446415185928345
46,50,1000,0.5,2,0.5089160799980164,0.38646450638771057
46,50,1000,0.5,3,0.35030457377433777,0.28472864627838135
46,50,1000,0.5,4,0.28947725892066956,0.24233779311180115
46,50,1000,0.5,5,0.2651708722114563,0.22314144670963287
46,50,1000,0.5,6,0.2548048794269562,0.2134612500667572
46,50,1000,0.5,7,0.2499658465385437,0.20797988772392273
46,50,1000,0.5,8,0.2474559247493744,0.20453794300556183
46,50,1000,0.5,9,0.2460164874792099,0.2021995186805725
46,50,1000,0.5,10,0.24512320756912231,0.20052212476730347
46,50,1000,0.5,11,0.2445385754108429,0.19927428662776947
46,50,1000,0.5,12,0.24414367973804474,0.1983228176832199
46,50,1000,0.5,13,0.24387212097644806,0.19758424162864685
46,50,1000,0.5,14,0.243683859705925,0.19700315594673157
46,50,1000,0.5,15,0.24355266988277435,0.1965409517288208
46,50,1000,0.5,16,0.24346120655536652,0.19617010653018951
46,50,1000,0.5,17,0.24339741468429565,0.19587025046348572
46,50,1000,0.5,18,0.2433529794216156,0.1956263929605484
46,50,1000,0.5,19,0.2433221936225891,0.19542686641216278
46,50,1000,0.5,20,0.24330087006092072,0.19526304304599762
46,50,1000,0.5,21,0.24328620731830597,0.1951279491186142
46,50,1000,0.5,22,0.24327616393566132,0.19501613080501556
46,50,1000,0.5,23,0.24326930940151215,0.19492341578006744
46,50,1000,0.5,24,0.24326476454734802,0.19484634697437286
46,50,1000,0.5,25,0.2432616949081421,0.19478213787078857
46,50,1000,0.5,26,0.2432597130537033,0.19472858309745789
46,50,1000,0.5,27,0.24325841665267944,0.19468382000923157
46,50,1000,0.5,28,0.24325770139694214,0.19464635848999023
46,50,1000,0.5,29,0.24325723946094513,0.19461500644683838
46,50,1000,0.5,30,0.24325698614120483,0.19458872079849243
46,50,1000,0.5,31,0.24325689673423767,0.19456668198108673
46,50,1000,0.5,32,0.2432568371295929,0.19454818964004517
46,50,1000,0.5,33,0.24325691163539886,0.19453264772891998
46,50,1000,0.5,34,0.24325700104236603,0.19451960921287537
46,50,1000,0.5,35,0.24325713515281677,0.19450867176055908
46,50,1000,0.5,36,0.24325719475746155,0.1944994330406189
46,50,1000,0.5,37,0.2432573288679123,0.19449172914028168
46,50,1000,0.5,38,0.24325738847255707,0.19448524713516235
46,50,1000,0.5,39,0.24325750768184662,0.1944797933101654
46,50,1000,0.5,40,0.2432575225830078,0.1944751739501953
46,50,1000,0.5,41,0.2432575821876526,0.1944713443517685
46,50,1000,0.5,42,0.24325765669345856,0.19446808099746704
46,50,1000,0.5,43,0.24325771629810333,0.19446536898612976
46,50,1000,0.5,44,0.2432577759027481,0.19446304440498352
46,50,1000,0.5,45,0.2432578057050705,0.1944611370563507
46,50,1000,0.5,46,0.2432578206062317,0.1944594532251358
46,50,1000,0.5,47,0.2432578206062317,0.19445808231830597
46,50,1000,0.5,48,0.24325786530971527,0.19445692002773285
46,50,1000,0.5,49,0.24325786530971527,0.19445592164993286
46,50,1000,0.5,50,0.24325788021087646,0.19445514678955078
47,50,1000,1.0,1,1.690943956375122,1.3058737516403198
47,50,1000,1.0,2,1.2557246685028076,1.0237711668014526
47,50,1000,1.0,3,1.0908321142196655,0.906859278678894
47,50,1000,1.0,4,1.0263087749481201,0.8543950915336609
47,50,1000,1.0,5,0.9996832013130188,0.8282601833343506
47,50,1000,1.0,6,0.9877995848655701,0.8136499524116516
47,50,1000,1.0,7,0.9819417595863342,0.8045703768730164
47,50,1000,1.0,8,0.978738009929657,0.7984399199485779
47,50,1000,1.0,9,0.9768226146697998,0.7940512895584106
47,50,1000,1.0,10,0.9756014347076416,0.7907823920249939
47,50,1000,1.0,11,0.9747905135154724,0.7882809638977051
47,50,1000,1.0,12,0.9742398262023926,0.7863292098045349
47,50,1000,1.0,13,0.9738611578941345,0.7847842574119568
47,50,1000,1.0,14,0.9735992550849915,0.7835478186607361
47,50,1000,1.0,15,0.9734179973602295,0.7825493812561035
47,50,1000,1.0,16,0.9732924699783325,0.7817371487617493
47,50,1000,1.0,17,0.9732058644294739,0.7810725569725037
47,50,1000,1.0,18,0.973146378993988,0.7805262804031372
47,50,1000,1.0,19,0.9731055498123169,0.7800751328468323
47,50,1000,1.0,20,0.9730778336524963,0.7797017097473145
47,50,1000,1.0,21,0.9730594158172607,0.7793914079666138
47,50,1000,1.0,22,0.9730468988418579,0.7791332006454468
47,50,1000,1.0,23,0.9730390906333923,0.7789179086685181
47,50,1000,1.0,24,0.9730338454246521,0.7787382006645203
47,50,1000,1.0,25,0.973030686378479,0.778587818145752
47,50,1000,1.0,26,0.9730288982391357,0.7784619331359863
47,50,1000,1.0,27,0.9730279445648193,0.7783564925193787
47,50,1000,1.0,28,0.9730275869369507,0.778268039226532
47,50,1000,1.0,29,0.9730274677276611,0.7781938910484314
47,50,1000,1.0,30,0.9730278253555298,0.7781315445899963
47,50,1000,1.0,31,0.9730281829833984,0.7780793905258179
47,50,1000,1.0,32,0.9730284214019775,0.7780354022979736
47,50,1000,1.0,33,0.9730287194252014,0.7779985070228577
47,50,1000,1.0,34,0.9730293154716492,0.7779674530029297
47,50,1000,1.0,35,0.973029613494873,0.7779414653778076
47,50,1000,1.0,36,0.9730300307273865,0.7779194712638855
47,50,1000,1.0,37,0.973030149936676,0.7779009938240051
47,50,1000,1.0,38,0.9730303883552551,0.7778854966163635
47,50,1000,1.0,39,0.9730308055877686,0.7778724431991577
47,50,1000,1.0,40,0.9730308055877686,0.7778615355491638
47,50,1000,1.0,41,0.9730309247970581,0.7778522372245789
47,50,1000,1.0,42,0.9730311036109924,0.7778446078300476
47,50,1000,1.0,43,0.973031222820282,0.7778381109237671
47,50,1000,1.0,44,0.973031222820282,0.777832567691803
47,50,1000,1.0,45,0.9730314612388611,0.7778279185295105
47,50,1000,1.0,46,0.9730314016342163,0.7778239250183105
47,50,1000,1.0,47,0.9730316996574402,0.7778205871582031
47,50,1000,1.0,48,0.9730315208435059,0.7778179049491882
47,50,1000,1.0,49,0.9730315208435059,0.7778156399726868
47,50,1000,1.0,50,0.973031759262085,0.7778136730194092
48,100,100,0.05,1,1.400613784790039,1.426929235458374
48,100,100,0.05,2,1.292273759841919,1.310425043106079
48,100,100,0.05,3,1.1942009925842285,1.2048661708831787
48,100,100,0.05,4,1.1053049564361572,1.1091326475143433
48,100,100,0.05,5,1.0246169567108154,1.0222243070602417
48,100,100,0.05,6,0.9512763023376465,0.9432480931282043
48,100,100,0.05,7,0.8845179677009583,0.8714063763618469
48,100,100,0.05,8,0.8236616253852844,0.805986225605011
48,100,100,0.05,9,0.7681020498275757,0.7463499903678894
48,100,100,0.05,10,0.7173008918762207,0.6919276118278503
48,100,100,0.05,11,0.6707785725593567,0.6422087550163269
48,100,100,0.05,12,0.6281081438064575,0.5967363715171814
48,100,100,0.05,13,0.5889089703559875,0.5551011562347412
48,100,100,0.05,14,0.5528414845466614,0.5169360041618347
48,100,100,0.05,15,0.5196031332015991,0.4819120466709137
48,100,100,0.05,16,0.48892349004745483,0.4497338831424713
48,100,100,0.05,17,0.4605610966682434,0.42013636231422424
48,100,100,0.05,18,0.434300035238266,0.3928811848163605
48,100,100,0.05,19,0.40994715690612793,0.3677542507648468
48,100,100,0.05,20,0.3873295187950134,0.34456267952919006
48,100,100,0.05,21,0.3662920594215393,0.32313308119773865
48,100,100,0.05,22,0.34669575095176697,0.30330926179885864
48,100,100,0.05,23,0.32841596007347107,0.2849501967430115
48,100,100,0.05,24,0.31134048104286194,0.26792871952056885
48,100,100,0.05,25,0.29536837339401245,0.2521301507949829
48,100,100,0.05,26,0.2804088592529297,0.23745068907737732
48,100,100,0.05,27,0.2663800120353699,0.22379657626152039
48,100,100,0.05,28,0.2532079815864563,0.2110828459262848
48,100,100,0.05,29,0.24082593619823456,0.19923259317874908
48,100,100,0.05,30,0.2291734665632248,0.1881759911775589
48,100,100,0.05,31,0.21819579601287842,0.17784976959228516
48,100,100,0.05,32,0.20784327387809753,0.1681964099407196
48,100,100,0.05,33,0.19807079434394836,0.15916365385055542
48,100,100,0.05,34,0.18883730471134186,0.1507037878036499
48,100,100,0.05,35,0.1801052987575531,0.14277352392673492
48,100,100,0.05,36,0.17184075713157654,0.13533326983451843
48,100,100,0.05,37,0.16401241719722748,0.12834692001342773
48,100,100,0.05,38,0.1565917581319809,0.12178150564432144
48,100,100,0.05,39,0.14955255389213562,0.11560684442520142
48,100,100,0.05,40,0.14287087321281433,0.10979524999856949
48,100,100,0.05,41,0.13652457296848297,0.10432145744562149
48,100,100,0.05,42,0.13049331307411194,0.09916219115257263
48,100,100,0.05,43,0.12475834041833878,0.09429608285427094
48,100,100,0.05,44,0.11930225044488907,0.08970353752374649
48,100,100,0.05,45,0.11410906165838242,0.08536642789840698
48,100,100,0.05,46,0.10916384309530258,0.08126808702945709
48,100,100,0.05,47,0.10445277392864227,0.07739315181970596
48,100,100,0.05,48,0.0999630019068718,0.07372742146253586
48,100,100,0.05,49,0.09568265825510025,0.07025783509016037
48,100,100,0.05,50,0.09160053730010986,0.06697217375040054
48,100,100,0.05,51,0.08770623058080673,0.06385920941829681
48,100,100,0.05,52,0.08399003744125366,0.06090850383043289
48,100,100,0.05,53,0.08044283092021942,0.05811037868261337
48,100,100,0.05,54,0.07705607265233994,0.055455826222896576
48,100,100,0.05,55,0.07382171601057053,0.05293646454811096
48,100,100,0.05,56,0.07073231041431427,0.05054448917508125
48,100,100,0.05,57,0.06778068840503693,0.04827265068888664
48,100,100,0.05,58,0.06496021896600723,0.04611416161060333
48,100,100,0.05,59,0.06226455047726631,0.04406264051795006
48,100,100,0.05,60,0.05968783423304558,0.042112283408641815
48,100,100,0.05,61,0.057224441319704056,0.04025747627019882
48,100,100,0.05,62,0.05486906319856644,0.0384930856525898
48,100,100,0.05,63,0.0526166670024395,0.03681417554616928
48,100,100,0.05,64,0.050462521612644196,0.03521629422903061
48,100,100,0.05,65,0.04840211942791939,0.03369507938623428
48,100,100,0.05,66,0.04643116146326065,0.03224657103419304
48,100,100,0.05,67,0.04454564303159714,0.030866986140608788
48,100,100,0.05,68,0.042741693556308746,0.029552776366472244
48,100,100,0.05,69,0.041015636175870895,0.028300577774643898
48,100,100,0.05,70,0.03936401754617691,0.027107257395982742
48,100,100,0.05,71,0.03778352588415146,0.02596985176205635
48,100,100,0.05,72,0.03627098724246025,0.024885553866624832
48,100,100,0.05,73,0.03482342138886452,0.023851731792092323
48,100,100,0.05,74,0.033437974750995636,0.022865891456604004
48,100,100,0.05,75,0.03211192041635513,0.021925687789916992
48,100,100,0.05,76,0.030842673033475876,0.021028881892561913
48,100,100,0.05,77,0.029627755284309387,0.020173344761133194
48,100,100,0.05,78,0.02846478298306465,0.019357122480869293
48,100,100,0.05,79,0.02735154703259468,0.01857828162610531
48,100,100,0.05,80,0.026285827159881592,0.017835061997175217
48,100,100,0.05,81,0.025265628471970558,0.01712576486170292
48,100,100,0.05,82,0.024288959801197052,0.016448769718408585
48,100,100,0.05,83,0.02335396222770214,0.01580258086323738
48,100,100,0.05,84,0.02245885133743286,0.015185726806521416
48,100,100,0.05,85,0.021601900458335876,0.014596832916140556
48,100,100,0.05,86,0.020781490951776505,0.014034618623554707
48,100,100,0.05,87,0.019996056333184242,0.013497814536094666
48,100,100,0.05,88,0.019244080409407616,0.01298527605831623
48,100,100,0.05,89,0.018524160608649254,0.012495850212872028
48,100,100,0.05,90,0.01783491112291813,0.012028489261865616
48,100,100,0.05,91,0.01717502623796463,0.01158216129988432
48,100,100,0.05,92,0.016543250530958176,0.011155935004353523
48,100,100,0.05,93,0.01593840681016445,0.010748879984021187
48,100,100,0.05,94,0.015359340235590935,0.01036011427640915
48,100,100,0.05,95,0.014804941602051258,0.009988815523684025
48,100,100,0.05,96,0.014274182729423046,0.00963419396430254
48,100,100,0.05,97,0.013766053132712841,0.009295487776398659
48,100,100,0.05,98,0.013279576785862446,0.00897197611629963
48,100,100,0.05,99,0.012813854031264782,0.008662977255880833
48,100,100,0.05,100,0.012367998249828815,0.008367849513888359
49,100,100,0.2,1,1.2019202709197998,1.2296568155288696
49,100,100,0.2,2,1.0913554430007935,1.1152597665786743
49,100,100,0.2,3,0.9925388097763062,1.012690544128418
49,100,100,0.2,4,0.9041579961776733,0.9206711649894714
49,100,100,0.2,5,0.8250497579574585,0.838064968585968
49,100,100,0.2,6,0.7541834712028503,0.7638607025146484
49,100,100,0.2,7,0.6906455755233765,0.6971594095230103
49,100,100,0.2,8,0.6336265206336975,0.6371604800224304
49,100,100,0.2,9,0.5824087858200073,0.583151638507843
49,100,100,0.2,10,0.53635573387146,0.5344986915588379
49,100,100,0.2,11,0.4949032664299011,0.4906367361545563
49,100,100,0.2,12,0.45755070447921753,0.4510628581047058
49,100,100,0.2,13,0.42385417222976685,0.41532865166664124
49,100,100,0.2,14,0.39341944456100464,0.3830344080924988
49,100,100,0.2,15,0.36589694023132324,0.3538239598274231
49,100,100,0.2,16,0.3409760594367981,0.3273795247077942
49,100,100,0.2,17,0.3183811604976654,0.3034173548221588
49,100,100,0.2,18,0.29786714911460876,0.2816844582557678
49,100,100,0.2,19,0.27921634912490845,0.26195472478866577
49,100,100,0.2,20,0.26223522424697876,0.2440263330936432
49,100,100,0.2,21,0.24675174057483673,0.2277188003063202
49,100,100,0.2,22,0.23261281847953796,0.21287092566490173
49,100,100,0.2,23,0.2196822166442871,0.19933822751045227
49,100,100,0.2,24,0.2078384906053543,0.18699157238006592
49,100,100,0.2,25,0.196973517537117,0.17571549117565155
49,100,100,0.2,26,0.18699106574058533,0.16540631651878357
49,100,100,0.2,27,0.1778051257133484,0.15597131848335266
49,100,100,0.2,28,0.16933904588222504,0.14732713997364044
49,100,100,0.2,29,0.16152429580688477,0.13939908146858215
49,100,100,0.2,30,0.15429963171482086,0.13212013244628906
49,100,100,0.2,31,0.1476103961467743,0.12543006241321564
49,100,100,0.2,32,0.14140759408473969,0.11927473545074463
49,100,100,0.2,33,0.13564738631248474,0.11360545456409454
49,100,100,0.2,34,0.1302904635667801,0.10837836563587189
49,100,100,0.2,35,0.12530146539211273,0.1035538762807846
49,100,100,0.2,36,0.12064875662326813,0.09909649938344955
49,100,100,0.2,37,0.11630383878946304,0.09497416019439697
49,100,100,0.2,38,0.11224108934402466,0.09115775674581528
49,100,100,0.2,39,0.10843738168478012,0.08762119710445404
49,100,100,0.2,40,0.10487190634012222,0.08434070646762848
49,100,100,0.2,41,0.10152585804462433,0.0812949687242508
49,100,100,0.2,42,0.09838221222162247,0.07846447080373764
49,100,100,0.2,43,0.09542558342218399,0.07583167403936386
49,100,100,0.2,44,0.09264197200536728,0.07338061183691025
49,100,100,0.2,45,0.09001877158880234,0.07109680026769638
49,100,100,0.2,46,0.08754442632198334,0.0689670518040657
49,100,100,0.2,47,0.08520844578742981,0.06697936356067657
49,100,100,0.2,48,0.0830012708902359,0.06512284278869629
49,100,100,0.2,49,0.08091419190168381,0.06338749825954437
49,100,100,0.2,50,0.07893920689821243,0.06176431104540825
49,100,100,0.2,51,0.07706901431083679,0.06024494022130966
49,100,100,0.2,52,0.07529690116643906,0.058821819722652435
49,100,100,0.2,53,0.07361672818660736,0.05748800188302994
49,100,100,0.2,54,0.07202278077602386,0.056237123906612396
49,100,100,0.2,55,0.07050982862710953,0.05506335571408272
49,100,100,0.2,56,0.06907305866479874,0.053961336612701416
49,100,100,0.2,57,0.06770801544189453,0.05292612314224243
49,100,100,0.2,58,0.06641056388616562,0.051953256130218506
49,100,100,0.2,59,0.06517688930034637,0.05103851482272148
49,100,100,0.2,60,0.06400340795516968,0.05017804354429245
49,100,100,0.2,61,0.06288681924343109,0.04936830699443817
49,100,100,0.2,62,0.06182403117418289,0.048606026917696
49,100,100,0.2,63,0.06081216409802437,0.04788818210363388
49,100,100,0.2,64,0.05984853580594063,0.04721195995807648
49,100,100,0.2,65,0.058930616825819016,0.04657473787665367
49,100,100,0.2,66,0.0580560639500618,0.04597412049770355
49,100,100,0.2,67,0.0572226420044899,0.045407868921756744
49,100,100,0.2,68,0.05642830207943916,0.044873885810375214
49,100,100,0.2,69,0.055671095848083496,0.044370271265506744
49,100,100,0.2,70,0.054949164390563965,0.043895162642002106
49,100,100,0.2,71,0.05426079034805298,0.04344692826271057
49,100,100,0.2,72,0.0536043718457222,0.043023981153964996
49,100,100,0.2,73,0.05297831818461418,0.042624861001968384
49,100,100,0.2,74,0.052381206303834915,0.042248181998729706
49,100,100,0.2,75,0.05181163549423218,0.04189268872141838
49,100,100,0.2,76,0.05126833915710449,0.04155717045068741
49,100,100,0.2,77,0.05075003579258919,0.04124050587415695
49,100,100,0.2,78,0.050255607813596725,0.040941644459962845
49,100,100,0.2,79,0.049783915281295776,0.040659595280885696
49,100,100,0.2,80,0.049333907663822174,0.040393419563770294
49,100,100,0.2,81,0.04890458658337593,0.04014226049184799
49,100,100,0.2,82,0.048495009541511536,0.03990529477596283
49,100,100,0.2,83,0.048104267567396164,0.03968179225921631
49,100,100,0.2,84,0.047731511294841766,0.03947095945477486
49,100,100,0.2,85,0.047375909984111786,0.03927215561270714
49,100,100,0.2,86,0.047036703675985336,0.039084725081920624
49,100,100,0.2,87,0.04671313613653183,0.03890807926654816
49,100,100,0.2,88,0.046404507011175156,0.03874161094427109
49,100,100,0.2,89,0.04611014574766159,0.03858480602502823
49,100,100,0.2,90,0.04582939296960831,0.03843715041875839
49,100,100,0.2,91,0.04556166008114815,0.038298171013593674
49,100,100,0.2,92,0.045306362211704254,0.038167379796504974
49,100,100,0.2,93,0.04506293311715126,0.03804437443614006
49,100,100,0.2,94,0.04483083635568619,0.0379287414252758
49,100,100,0.2,95,0.04460957273840904,0.03782008960843086
49,100,100,0.2,96,0.04439867287874222,0.03771805763244629
49,100,100,0.2,97,0.04419765621423721,0.03762230649590492
49,100,100,0.2,98,0.044006071984767914,0.0375325009226799
49,100,100,0.2,99,0.04382352530956268,0.037448327988386154
49,100,100,0.2,100,0.0436495877802372,0.03736948221921921
50,100,100,0.5,1,3.9017817974090576,3.303884983062744
50,100,100,0.5,2,3.7086150646209717,3.113858699798584
50,100,100,0.5,3,3.527959108352661,2.9376161098480225
50,100,100,0.5,4,3.3587844371795654,2.7739834785461426
50,100,100,0.5,5,3.2001640796661377,2.6219003200531006
50,100,100,0.5,6,3.0512595176696777,2.480407238006592
50,100,100,0.5,7,2.9113144874572754,2.3486342430114746
50,100,100,0.5,8,2.7796435356140137,2.2257931232452393
50,100,100,0.5,9,2.6556262969970703,2.111168384552002
50,100,100,0.5,10,2.5386998653411865,2.0041110515594482
50,100,100,0.5,11,2.4283523559570312,1.9040294885635376
50,100,100,0.5,12,2.3241183757781982,1.810386300086975
50,100,100,0.5,13,2.225574016571045,1.7226917743682861
50,100,100,0.5,14,2.1323318481445312,1.640499472618103
50,100,100,0.5,15,2.0440382957458496,1.5634019374847412
50,100,100,0.5,16,1.9603691101074219,1.491026520729065
50,100,100,0.5,17,1.8810278177261353,1.4230329990386963
50,100,100,0.5,18,1.8057416677474976,1.3591095209121704
50,100,100,0.5,19,1.734259843826294,1.298970103263855
50,100,100,0.5,20,1.666351318359375,1.2423527240753174
50,100,100,0.5,21,1.6018034219741821,1.189016580581665
50,100,100,0.5,22,1.5404186248779297,1.1387403011322021
50,100,100,0.5,23,1.4820148944854736,1.091320276260376
50,100,100,0.5,24,1.4264233112335205,1.0465682744979858
50,100,100,0.5,25,1.3734869956970215,1.0043118000030518
50,100,100,0.5,26,1.323060154914856,0.9643904566764832
50,100,100,0.5,27,1.2750070095062256,0.9266567230224609
50,100,100,0.5,28,1.229201078414917,0.8909737467765808
50,100,100,0.5,29,1.1855237483978271,0.8572150468826294
50,100,100,0.5,30,1.1438648700714111,0.8252631425857544
50,100,100,0.5,31,1.1041207313537598,0.7950088977813721
50,100,100,0.5,32,1.0661942958831787,0.7663513422012329
50,100,100,0.5,33,1.029994249343872,0.7391961812973022
50,100,100,0.5,34,0.9954355359077454,0.7134557962417603
50,100,100,0.5,35,0.9624372720718384,0.6890485882759094
50,100,100,0.5,36,0.9309236407279968,0.665898323059082
50,100,100,0.5,37,0.9008232355117798,0.6439339518547058
50,100,100,0.5,38,0.8720684051513672,0.6230891346931458
50,100,100,0.5,39,0.8445955514907837,0.6033017039299011
50,100,100,0.5,40,0.8183442950248718,0.5845134854316711
50,100,100,0.5,41,0.7932575941085815,0.5666700601577759
50,100,100,0.5,42,0.7692817449569702,0.5497204661369324
50,100,100,0.5,43,0.7463650703430176,0.5336166620254517
50,100,100,0.5,44,0.7244592905044556,0.5183135867118835
50,100,100,0.5,45,0.703518271446228,0.5037693977355957
50,100,100,0.5,46,0.6834983229637146,0.4899439811706543
50,100,100,0.5,47,0.6643577814102173,0.4768001139163971
50,100,100,0.5,48,0.6460571885108948,0.46430259943008423
50,100,100,0.5,49,0.628558874130249,0.45241814851760864
50,100,100,0.5,50,0.61182701587677,0.4411155581474304
50,100,100,0.5,51,0.5958275198936462,0.4303653836250305
50,100,100,0.5,52,0.5805281400680542,0.42013970017433167
50,100,100,0.5,53,0.5658977627754211,0.4104122519493103
50,100,100,0.5,54,0.5519070029258728,0.4011581540107727
50,100,100,0.5,55,0.5385276079177856,0.39235395193099976
50,100,100,0.5,56,0.5257328748703003,0.38397735357284546
50,100,100,0.5,57,0.5134971737861633,0.3760073482990265
50,100,100,0.5,58,0.5017961263656616,0.3684239983558655
50,100,100,0.5,59,0.4906063675880432,0.3612084686756134
50,100,100,0.5,60,0.4799056053161621,0.35434284806251526
50,100,100,0.5,61,0.4696725904941559,0.34781017899513245
50,100,100,0.5,62,0.4598870277404785,0.3415943682193756
50,100,100,0.5,63,0.4505294859409332,0.335680216550827
50,100,100,0.5,64,0.4415814280509949,0.3300531804561615
50,100,100,0.5,65,0.433025062084198,0.3246995508670807
50,100,100,0.5,66,0.42484360933303833,0.3196062445640564
50,100,100,0.5,67,0.41702061891555786,0.31476086378097534
50,100,100,0.5,68,0.40954065322875977,0.3101516366004944
50,100,100,0.5,69,0.40238896012306213,0.30576735734939575
50,100,100,0.5,70,0.3955513834953308,0.30159738659858704
50,100,100,0.5,71,0.389014333486557,0.29763156175613403
50,100,100,0.5,72,0.3827648162841797,0.2938602566719055
50,100,100,0.5,73,0.3767905831336975,0.29027432203292847
50,100,100,0.5,74,0.37107953429222107,0.2868649959564209
50,100,100,0.5,75,0.3656204342842102,0.28362396359443665
50,100,100,0.5,76,0.36040234565734863,0.28054332733154297
50,100,100,0.5,77,0.3554149568080902,0.27761560678482056
50,100,100,0.5,78,0.35064828395843506,0.2748335301876068
50,100,100,0.5,79,0.34609276056289673,0.2721903622150421
50,100,100,0.5,80,0.34173932671546936,0.2696795165538788
50,100,100,0.5,81,0.3375791907310486,0.26729482412338257
50,100,100,0.5,82,0.3336041569709778,0.2650303840637207
50,100,100,0.5,83,0.3298060894012451,0.26288050413131714
50,100,100,0.5,84,0.32617735862731934,0.26083987951278687
50,100,100,0.5,85,0.3227106034755707,0.25890329480171204
50,100,100,0.5,86,0.3193989396095276,0.25706595182418823
50,100,100,0.5,87,0.31623557209968567,0.25532323122024536
50,100,100,0.5,88,0.31321412324905396,0.2536706030368805
50,100,100,0.5,89,0.31032833456993103,0.2521037757396698
50,100,100,0.5,90,0.3075724244117737,0.2506188750267029
50,100,100,0.5,91,0.30494076013565063,0.24921193718910217
50,100,100,0.5,92,0.3024279475212097,0.247879296541214
50,100,100,0.5,93,0.30002886056900024,0.24661751091480255
50,100,100,0.5,94,0.2977384626865387,0.24542316794395447
50,100,100,0.5,95,0.2955520749092102,0.24429306387901306
50,100,100,0.5,96,0.29346519708633423,0.24322423338890076
50,100,100,0.5,97,0.2914734482765198,0.24221369624137878
50,100,100,0.5,98,0.28957265615463257,0.24125874042510986
50,100,100,0.5,99,0.2877589464187622,0.24035663902759552
50,100,100,0.5,100,0.2860284447669983,0.23950490355491638
51,100,100,1.0,1,2.528841018676758,2.3804104328155518
51,100,100,1.0,2,2.378262996673584,2.2286767959594727
51,100,100,1.0,3,2.2439162731170654,2.093092679977417
51,100,100,1.0,4,2.123976945877075,1.9718923568725586
51,100,100,1.0,5,2.0168299674987793,1.8635063171386719
51,100,100,1.0,6,1.9210439920425415,1.7665401697158813
51,100,100,1.0,7,1.8353519439697266,1.6797542572021484
51,100,100,1.0,8,1.7586307525634766,1.6020457744598389
51,100,100,1.0,9,1.6898853778839111,1.5324345827102661
51,100,100,1.0,10,1.6282336711883545,1.4700489044189453
51,100,100,1.0,11,1.5728936195373535,1.4141126871109009
51,100,100,1.0,12,1.5231727361679077,1.363935947418213
51,100,100,1.0,13,1.4784561395645142,1.318904161453247
51,100,100,1.0,14,1.4381989240646362,1.2784698009490967
51,100,100,1.0,15,1.4019176959991455,1.2421462535858154
51,100,100,1.0,16,1.3691835403442383,1.2094991207122803
51,100,100,1.0,17,1.3396154642105103,1.180141806602478
51,100,100,1.0,18,1.312875747680664,1.1537294387817383
51,100,100,1.0,19,1.2886642217636108,1.1299549341201782
51,100,100,1.0,20,1.2667145729064941,1.1085439920425415
51,100,100,1.0,21,1.2467896938323975,1.089252233505249
51,100,100,1.0,22,1.2286790609359741,1.0718611478805542
51,100,100,1.0,23,1.2121957540512085,1.0561761856079102
51,100,100,1.0,24,1.1971728801727295,1.0420230627059937
51,100,100,1.0,25,1.183462142944336,1.0292463302612305
51,100,100,1.0,26,1.1709320545196533,1.017707109451294
51,100,100,1.0,27,1.159464955329895,1.007280707359314
51,100,100,1.0,28,1.1489555835723877,0.9978564977645874
51,100,100,1.0,29,1.1393108367919922,0.989334762096405
51,100,100,1.0,30,1.1304476261138916,0.9816263318061829
51,100,100,1.0,31,1.122290849685669,0.9746512174606323
51,100,100,1.0,32,1.1147741079330444,0.9683381915092468
51,100,100,1.0,33,1.1078383922576904,0.9626229405403137
51,100,100,1.0,34,1.1014297008514404,0.9574477076530457
51,100,100,1.0,35,1.0955009460449219,0.9527610540390015
51,100,100,1.0,36,1.090009093284607,0.9485166668891907
51,100,100,1.0,37,1.0849156379699707,0.9446725845336914
51,100,100,1.0,38,1.080186367034912,0.9411913156509399
51,100,100,1.0,39,1.0757900476455688,0.9380390048027039
51,100,100,1.0,40,1.0716989040374756,0.935185432434082
51,100,100,1.0,41,1.0678879022598267,0.9326030015945435
51,100,100,1.0,42,1.0643339157104492,0.9302671551704407
51,100,100,1.0,43,1.0610167980194092,0.9281556010246277
51,100,100,1.0,44,1.0579183101654053,0.9262481927871704
51,100,100,1.0,45,1.055021047592163,0.924526572227478
51,100,100,1.0,46,1.0523102283477783,0.9229744672775269
51,100,100,1.0,47,1.0497716665267944,0.9215768575668335
51,100,100,1.0,48,1.0473932027816772,0.9203205108642578
51,100,100,1.0,49,1.0451629161834717,0.919192910194397
51,100,100,1.0,50,1.043070912361145,0.9181829690933228
51,100,100,1.0,51,1.041107416152954,0.9172807931900024
51,100,100,1.0,52,1.039263367652893,0.9164770841598511
51,100,100,1.0,53,1.0375311374664307,0.9157637357711792
51,100,100,1.0,54,1.0359032154083252,0.9151328802108765
51,100,100,1.0,55,1.0343730449676514,0.914577841758728
51,100,100,1.0,56,1.032934308052063,0.9140921831130981
51,100,100,1.0,57,1.031581163406372,0.9136701822280884
51,100,100,1.0,58,1.0303086042404175,0.9133065938949585
51,100,100,1.0,59,1.029111385345459,0.9129968881607056
51,100,100,1.0,60,1.0279852151870728,0.9127361178398132
51,100,100,1.0,61,1.026925802230835,0.9125207662582397
51,100,100,1.0,62,1.02592933177948,0.9123468399047852
51,100,100,1.0,63,1.0249919891357422,0.9122111201286316
51,100,100,1.0,64,1.0241104364395142,0.9121105074882507
51,100,100,1.0,65,1.0232816934585571,0.9120420217514038
51,100,100,1.0,66,1.0225025415420532,0.912003219127655
51,100,100,1.0,67,1.0217704772949219,0.9119914770126343
51,100,100,1.0,68,1.0210826396942139,0.9120047688484192
51,100,100,1.0,69,1.0204368829727173,0.9120408892631531
51,100,100,1.0,70,1.0198307037353516,0.9120980501174927
51,100,100,1.0,71,1.0192619562149048,0.91217440366745
51,100,100,1.0,72,1.0187287330627441,0.9122682809829712
51,100,100,1.0,73,1.0182292461395264,0.9123784899711609
51,100,100,1.0,74,1.017761468887329,0.9125032424926758
51,100,100,1.0,75,1.0173238515853882,0.9126415252685547
51,100,100,1.0,76,1.01691472530365,0.9127922058105469
51,100,100,1.0,77,1.0165326595306396,0.9129538536071777
51,100,100,1.0,78,1.0161762237548828,0.9131258130073547
51,100,100,1.0,79,1.0158441066741943,0.9133070111274719
51,100,100,1.0,80,1.0155348777770996,0.9134963750839233
51,100,100,1.0,81,1.0152474641799927,0.9136934280395508
51,100,100,1.0,82,1.014980673789978,0.9138971567153931
51,100,100,1.0,83,1.0147333145141602,0.9141069650650024
51,100,100,1.0,84,1.0145046710968018,0.9143220782279968
51,100,100,1.0,85,1.0142934322357178,0.9145420789718628
51,100,100,1.0,86,1.014098882675171,0.9147663116455078
51,100,100,1.0,87,1.0139200687408447,0.9149942398071289
51,100,100,1.0,88,1.0137561559677124,0.9152252078056335
51,100,100,1.0,89,1.013606309890747,0.915459156036377
51,100,100,1.0,90,1.013469934463501,0.915695309638977
51,100,100,1.0,91,1.0133461952209473,0.9159334301948547
51,100,100,1.0,92,1.0132343769073486,0.916172981262207
51,100,100,1.0,93,1.0131337642669678,0.9164139032363892
51,100,100,1.0,94,1.013043761253357,0.9166556596755981
51,100,100,1.0,95,1.0129640102386475,0.9168979525566101
51,100,100,1.0,96,1.0128936767578125,0.9171406030654907
51,100,100,1.0,97,1.0128324031829834,0.9173833727836609
51,100,100,1.0,98,1.0127794742584229,0.9176257848739624
51,100,100,1.0,99,1.0127348899841309,0.9178680181503296
51,100,100,1.0,100,1.0126975774765015,0.9181097149848938
52,100,300,0.05,1,1.6756500005722046,1.2479190826416016
52,100,300,0.05,2,1.329915165901184,0.9954378604888916
52,100,300,0.05,3,1.0680521726608276,0.8048751950263977
52,100,300,0.05,4,0.8680068254470825,0.6595919728279114
52,100,300,0.05,5,0.7137214541435242,0.5475679039955139
52,100,300,0.05,6,0.593483567237854,0.4601079523563385
52,100,300,0.05,7,0.4987312853336334,0.3909127414226532
52,100,300,0.05,8,0.4231903851032257,0.33540868759155273
52,100,300,0.05,9,0.36224743723869324,0.290264755487442
52,100,300,0.05,10,0.31249725818634033,0.25304609537124634
52,100,300,0.05,11,0.2714146673679352,0.22196444869041443
52,100,300,0.05,12,0.23711733520030975,0.195698544383049
52,100,300,0.05,13,0.20819240808486938,0.1732647866010666
52,100,300,0.05,14,0.18357178568840027,0.15392471849918365
52,100,300,0.05,15,0.1624412089586258,0.13711796700954437
52,100,300,0.05,16,0.14417381584644318,0.12241443991661072
52,100,300,0.05,17,0.12828224897384644,0.10947969555854797
52,100,300,0.05,18,0.11438319087028503,0.09804955869913101
52,100,300,0.05,19,0.10217153280973434,0.08791278302669525
52,100,300,0.05,20,0.0914018526673317,0.07889772951602936
52,100,300,0.05,21,0.08187393844127655,0.0708625465631485
52,100,300,0.05,22,0.07342282682657242,0.06368888914585114
52,100,300,0.05,23,0.0659109354019165,0.057276275008916855
52,100,300,0.05,24,0.05922236666083336,0.05153879150748253
52,100,300,0.05,25,0.053258560597896576,0.04640207067131996
52,100,300,0.05,26,0.04793506860733032,0.04180130735039711
52,100,300,0.05,27,0.04317884519696236,0.03767937049269676
52,100,300,0.05,28,0.038926295936107635,0.033985938876867294
52,100,300,0.05,29,0.03512189909815788,0.0306763406842947
52,100,300,0.05,30,0.03171688690781593,0.027710821479558945
52,100,300,0.05,31,0.028668241575360298,0.025053907185792923
52,100,300,0.05,32,0.025937898084521294,0.02267378196120262
52,100,300,0.05,33,0.02349204011261463,0.02054198645055294
52,100,300,0.05,34,0.021300669759511948,0.018633021041750908
52,100,300,0.05,35,0.01933702640235424,0.016923975199460983
52,100,300,0.05,36,0.017577294260263443,0.015394262038171291
52,100,300,0.05,37,0.016000160947442055,0.014025438576936722
52,100,300,0.05,38,0.014586606062948704,0.012800888158380985
52,100,300,0.05,39,0.013319602236151695,0.01170569658279419
52,100,300,0.05,40,0.012183913961052895,0.010726507753133774
52,100,300,0.05,41,0.011165942065417767,0.009851242415606976
52,100,300,0.05,42,0.01025344803929329,0.00906913448125124
52,100,300,0.05,43,0.009435520507395267,0.008370493538677692
52,100,300,0.05,44,0.008702361024916172,0.007746618706732988
52,100,300,0.05,45,0.008045192807912827,0.007189685944467783
52,100,300,0.05,46,0.007456144783645868,0.006692691706120968
52,100,300,0.05,47,0.006928152404725552,0.00624933373183012
52,100,300,0.05,48,0.006454893853515387,0.005853974726051092
52,100,300,0.05,49,0.006030700635164976,0.005501553416252136
52,100,300,0.05,50,0.005650492385029793,0.005187546368688345
52,100,300,0.05,51,0.005309716332703829,0.004907889291644096
52,100,300,0.05,52,0.005004293750971556,0.004658948164433241
52,100,300,0.05,53,0.0047305673360824585,0.004437452647835016
52,100,300,0.05,54,0.0044852434657514095,0.004240483045578003
52,100,300,0.05,55,0.00426538335159421,0.004065421875566244
52,100,300,0.05,56,0.004068361595273018,0.003909931518137455
52,100,300,0.05,57,0.003891793778166175,0.0037719004321843386
52,100,300,0.05,58,0.0037335653323680162,0.0036494627129286528
52,100,300,0.05,59,0.0035917763598263264,0.0035409375559538603
52,100,300,0.05,60,0.003464734647423029,0.003444820176810026
52,100,300,0.05,61,0.0033508932683616877,0.0033597552683204412
52,100,300,0.05,62,0.0032488852739334106,0.003284551203250885
52,100,300,0.05,63,0.003157492494210601,0.003218131372705102
52,100,300,0.05,64,0.0030756129417568445,0.0031595362816005945
52,100,300,0.05,65,0.003002248937264085,0.0031078995671123266
52,100,300,0.05,66,0.0029365266673266888,0.00306245731189847
52,100,300,0.05,67,0.002877649385482073,0.0030225226655602455
52,100,300,0.05,68,0.0028249069582670927,0.0029874830506742
52,100,300,0.05,69,0.002777660032734275,0.00295679597184062
52,100,300,0.05,70,0.0027353456243872643,0.002929965266957879
52,100,300,0.05,71,0.0026974433567374945,0.0029065629933029413
52,100,300,0.05,72,0.0026635003741830587,0.0028861956670880318
52,100,300,0.05,73,0.002633102471008897,0.0028685186989605427
52,100,300,0.05,74,0.0026058817747980356,0.002853220561519265
52,100,300,0.05,75,0.0025815065018832684,0.002840026281774044
52,100,300,0.05,76,0.0025596804916858673,0.002828692551702261
52,100,300,0.05,77,0.0025401415769010782,0.002819000743329525
52,100,300,0.05,78,0.002522651804611087,0.002810753183439374
52,100,300,0.05,79,0.0025069944094866514,0.0028037801384925842
52,100,300,0.05,80,0.0024929812643676996,0.0027979249134659767
52,100,300,0.05,81,0.002480439143255353,0.0027930503711104393
52,100,300,0.05,82,0.0024692160077393055,0.002789038000628352
52,100,300,0.05,83,0.0024591723922640085,0.0027857781387865543
52,100,300,0.05,84,0.0024501858279109,0.002783174393698573
52,100,300,0.05,85,0.002442148281261325,0.002781142247840762
52,100,300,0.05,86,0.0024349575396627188,0.002779606496915221
52,100,300,0.05,87,0.002428527222946286,0.0027784989215433598
52,100,300,0.05,88,0.002422776771709323,0.002777763642370701
52,100,300,0.05,89,0.0024176340084522963,0.0027773447800427675
52,100,300,0.05,90,0.002413037931546569,0.0027772029861807823
52,100,300,0.05,91,0.0024089296348392963,0.0027772928588092327
52,100,300,0.05,92,0.002405259059742093,0.0027775773778557777
52,100,300,0.05,93,0.002401979174464941,0.0027780295349657536
52,100,300,0.05,94,0.0023990499321371317,0.002778619062155485
52,100,300,0.05,95,0.0023964319843798876,0.002779323374852538
52,100,300,0.05,96,0.0023940952960401773,0.0027801196556538343
52,100,300,0.05,97,0.0023920100647956133,0.0027809899765998125
52,100,300,0.05,98,0.002390148350968957,0.002781920600682497
52,100,300,0.05,99,0.002388488035649061,0.0027828929014503956
52,100,300,0.05,100,0.0023870072327554226,0.0027838998939841986
53,100,300,0.2,1,1.3043798208236694,1.0170172452926636
53,100,300,0.2,2,1.0139050483703613,0.7946231961250305
53,100,300,0.2,3,0.7978153228759766,0.6294645071029663
53,100,300,0.2,4,0.6361043453216553,0.5059856176376343
53,100,300,0.2,5,0.5142503380775452,0.4129427373409271
53,100,300,0.2,6,0.42170223593711853,0.34220266342163086
53,100,300,0.2,7,0.35078510642051697,0.2878759205341339
53,100,300,0.2,8,0.2959068715572357,0.24569155275821686
53,100,300,0.2,9,0.2529859244823456,0.21254679560661316
53,100,300,0.2,10,0.21903613209724426,0.18618200719356537
53,100,300,0.2,11,0.19186659157276154,0.16494658589363098
53,100,300,0.2,12,0.16986431181430817,0.14763005077838898
53,100,300,0.2,13,0.15183694660663605,0.13334055244922638
53,100,300,0.2,14,0.1368986964225769,0.12141721695661545
53,100,300,0.2,15,0.12438774108886719,0.11136668175458908
53,100,300,0.2,16,0.11380615085363388,0.10281791538000107
53,100,300,0.2,17,0.10477650165557861,0.09548889100551605
53,100,300,0.2,18,0.09701000899076462,0.08916318416595459
53,100,300,0.2,19,0.09028366208076477,0.0836726650595665
53,100,300,0.2,20,0.08442351967096329,0.07888498157262802
53,100,300,0.2,21,0.07929204404354095,0.07469460368156433
53,100,300,0.2,22,0.07477951794862747,0.07101631909608841
53,100,300,0.2,23,0.07079719007015228,0.06778022646903992
53,100,300,0.2,24,0.06727241724729538,0.06492844969034195
53,100,300,0.2,25,0.06414514034986496,0.06241242587566376
53,100,300,0.2,26,0.06136508658528328,0.06019093096256256
53,100,300,0.2,27,0.05888977274298668,0.05822867155075073
53,100,300,0.2,28,0.05668295919895172,0.056495215743780136
53,100,300,0.2,29,0.05471350625157356,0.05496407672762871
53,100,300,0.2,30,0.05295446887612343,0.05361216887831688
53,100,300,0.2,31,0.051382336765527725,0.052419133484363556
53,100,300,0.2,32,0.049976542592048645,0.05136706680059433
53,100,300,0.2,33,0.04871893301606178,0.05044012889266014
53,100,300,0.2,34,0.04759358614683151,0.04962430149316788
53,100,300,0.2,35,0.04658634960651398,0.04890712723135948
53,100,300,0.2,36,0.045684684067964554,0.048277560621500015
53,100,300,0.2,37,0.04487742483615875,0.04772573336958885
53,100,300,0.2,38,0.044154610484838486,0.04724287614226341
53,100,300,0.2,39,0.04350738972425461,0.04682118818163872
53,100,300,0.2,40,0.04292784631252289,0.04645371437072754
53,100,300,0.2,41,0.042408887296915054,0.046134237200021744
53,100,300,0.2,42,0.04194418340921402,0.0458572655916214
53,100,300,0.2,43,0.041528090834617615,0.045617856085300446
53,100,300,0.2,44,0.04115552827715874,0.045411646366119385
53,100,300,0.2,45,0.04082196205854416,0.04523473605513573
53,100,300,0.2,46,0.040523335337638855,0.045083656907081604
53,100,300,0.2,47,0.040255989879369736,0.04495531693100929
53,100,300,0.2,48,0.04001668468117714,0.044846970587968826
53,100,300,0.2,49,0.039802487939596176,0.0447562113404274
53,100,300,0.2,50,0.03961079940199852,0.04468084126710892
53,100,300,0.2,51,0.03943924605846405,0.04461895674467087
53,100,300,0.2,52,0.03928575664758682,0.04456884413957596
53,100,300,0.2,53,0.03914842754602432,0.044528987258672714
53,100,300,0.2,54,0.03902556747198105,0.04449807107448578
53,100,300,0.2,55,0.038915686309337616,0.04447488114237785
53,100,300,0.2,56,0.03881741315126419,0.04445839673280716
53,100,300,0.2,57,0.03872953727841377,0.044447675347328186
53,100,300,0.2,58,0.038650982081890106,0.04444190487265587
53,100,300,0.2,59,0.0385807529091835,0.044440366327762604
53,100,300,0.2,60,0.038517989218235016,0.04444242641329765
53,100,300,0.2,61,0.03846190497279167,0.04444752633571625
53,100,300,0.2,62,0.03841179981827736,0.04445517435669899
53,100,300,0.2,63,0.03836704045534134,0.044464945793151855
53,100,300,0.2,64,0.03832707181572914,0.0444764606654644
53,100,300,0.2,65,0.038291387259960175,0.04448939859867096
53,100,300,0.2,66,0.03825954347848892,0.04450345039367676
53,100,300,0.2,67,0.03823111951351166,0.04451840743422508
53,100,300,0.2,68,0.038205765187740326,0.04453401640057564
53,100,300,0.2,69,0.03818315267562866,0.0445500947535038
53,100,300,0.2,70,0.03816300258040428,0.04456649348139763
53,100,300,0.2,71,0.0381450429558754,0.04458307474851608
53,100,300,0.2,72,0.038129035383462906,0.044599708169698715
53,100,300,0.2,73,0.03811478987336159,0.044616300612688065
53,100,300,0.2,74,0.038102105259895325,0.04463277757167816
53,100,300,0.2,75,0.03809082508087158,0.044649045914411545
53,100,300,0.2,76,0.038080789148807526,0.044665053486824036
53,100,300,0.2,77,0.03807186707854271,0.04468075558543205
53,100,300,0.2,78,0.03806394711136818,0.044696103781461716
53,100,300,0.2,79,0.038056910037994385,0.04471107944846153
53,100,300,0.2,80,0.03805067390203476,0.04472564905881882
53,100,300,0.2,81,0.03804514929652214,0.04473979026079178
53,100,300,0.2,82,0.038040246814489365,0.04475349560379982
53,100,300,0.2,83,0.03803591430187225,0.044766757637262344
53,100,300,0.2,84,0.03803207352757454,0.044779565185308456
53,100,300,0.2,85,0.03802868351340294,0.04479191079735756
53,100,300,0.2,86,0.03802569955587387,0.04480380564928055
53,100,300,0.2,87,0.03802306577563286,0.04481524974107742
53,100,300,0.2,88,0.038020748645067215,0.04482625424861908
53,100,300,0.2,89,0.03801870718598366,0.04483680799603462
53,100,300,0.2,90,0.038016919046640396,0.04484694078564644
53,100,300,0.2,91,0.038015346974134445,0.044856660068035126
53,100,300,0.2,92,0.03801397979259491,0.044865962117910385
53,100,300,0.2,93,0.038012780249118805,0.04487485811114311
53,100,300,0.2,94,0.038011740893125534,0.044883377850055695
53,100,300,0.2,95,0.03801083192229271,0.04489149898290634
53,100,300,0.2,96,0.03801004961133003,0.044899266213178635
53,100,300,0.2,97,0.03800937160849571,0.044906679540872574
53,100,300,0.2,98,0.03800879046320915,0.04491376131772995
53,100,300,0.2,99,0.03800829127430916,0.04492051154375076
53,100,300,0.2,100,0.038007866591215134,0.044926952570676804
54,100,300,0.5,1,1.0706322193145752,1.0487147569656372
54,100,300,0.5,2,0.8477476835250854,0.8537494540214539
54,100,300,0.5,3,0.6857872009277344,0.7101407647132874
54,100,300,0.5,4,0.5679594874382019,0.6040188074111938
54,100,300,0.5,5,0.48211485147476196,0.5253106951713562
54,100,300,0.5,6,0.41946080327033997,0.4666939377784729
54,100,300,0.5,7,0.373633474111557,0.42283961176872253
54,100,300,0.5,8,0.3400254249572754,0.38986408710479736
54,100,300,0.5,9,0.3153000473976135,0.36493298411369324
54,100,300,0.5,10,0.29704028367996216,0.34597334265708923
54,100,300,0.5,11,0.28349411487579346,0.33146584033966064
54,100,300,0.5,12,0.2733910381793976,0.3202942907810211
54,100,300,0.5,13,0.26580893993377686,0.3116358518600464
54,100,300,0.5,14,0.26007798314094543,0.30488184094429016
54,100,300,0.5,15,0.25571098923683167,0.299580454826355
54,100,300,0.5,16,0.252353310585022,0.2953946888446808
54,100,300,0.5,17,0.24974609911441803,0.29207170009613037
54,100,300,0.5,18,0.24770016968250275,0.2894209623336792
54,100,300,0.5,19,0.2460767775774002,0.28729790449142456
54,100,300,0.5,20,0.24477402865886688,0.2855921685695648
54,100,300,0.5,21,0.24371662735939026,0.28421875834465027
54,100,300,0.5,22,0.2428487241268158,0.2831118404865265
54,100,300,0.5,23,0.24212883412837982,0.28221994638442993
54,100,300,0.5,24,0.24152570962905884,0.2815026640892029
54,100,300,0.5,25,0.24101577699184418,0.28092777729034424
54,100,300,0.5,26,0.24058111011981964,0.28046971559524536
54,100,300,0.5,27,0.24020792543888092,0.2801075577735901
54,100,300,0.5,28,0.23988549411296844,0.27982470393180847
54,100,300,0.5,29,0.23960542678833008,0.2796074151992798
54,100,300,0.5,30,0.23936106264591217,0.2794443368911743
54,100,300,0.5,31,0.23914703726768494,0.2793262302875519
54,100,300,0.5,32,0.23895896971225739,0.2792452871799469
54,100,300,0.5,33,0.23879335820674896,0.2791951298713684
54,100,300,0.5,34,0.2386472076177597,0.27917030453681946
54,100,300,0.5,35,0.23851801455020905,0.2791663408279419
54,100,300,0.5,36,0.23840366303920746,0.2791794538497925
54,100,300,0.5,37,0.23830239474773407,0.27920639514923096
54,100,300,0.5,38,0.23821263015270233,0.2792445421218872
54,100,300,0.5,39,0.23813305795192719,0.2792915999889374
54,100,300,0.5,40,0.23806244134902954,0.27934563159942627
54,100,300,0.5,41,0.23799985647201538,0.2794050872325897
54,100,300,0.5,42,0.2379443347454071,0.27946850657463074
54,100,300,0.5,43,0.23789510130882263,0.27953481674194336
54,100,300,0.5,44,0.23785147070884705,0.2796030640602112
54,100,300,0.5,45,0.237812802195549,0.2796725034713745
54,100,300,0.5,46,0.23777857422828674,0.27974236011505127
54,100,300,0.5,47,0.23774829506874084,0.27981218695640564
54,100,300,0.5,48,0.2377215027809143,0.27988147735595703
54,100,300,0.5,49,0.23769783973693848,0.2799498438835144
54,100,300,0.5,50,0.23767690360546112,0.28001707792282104
54,100,300,0.5,51,0.23765850067138672,0.2800828218460083
54,100,300,0.5,52,0.23764227330684662,0.280146986246109
54,100,300,0.5,53,0.23762795329093933,0.28020936250686646
54,100,300,0.5,54,0.2376154214143753,0.28026992082595825
54,100,300,0.5,55,0.23760442435741425,0.28032854199409485
54,100,300,0.5,56,0.23759476840496063,0.2803851366043091
54,100,300,0.5,57,0.23758633434772491,0.28043970465660095
54,100,300,0.5,58,0.23757895827293396,0.28049227595329285
54,100,300,0.5,59,0.237572580575943,0.28054279088974
54,100,300,0.5,60,0.2375670075416565,0.28059133887290955
54,100,300,0.5,61,0.23756220936775208,0.28063786029815674
54,100,300,0.5,62,0.237558051943779,0.2806824743747711
54,100,300,0.5,63,0.23755449056625366,0.2807251811027527
54,100,300,0.5,64,0.23755143582820892,0.28076598048210144
54,100,300,0.5,65,0.2375488579273224,0.2808050215244293
54,100,300,0.5,66,0.2375466376543045,0.28084230422973633
54,100,300,0.5,67,0.23754480481147766,0.2808777987957001
54,100,300,0.5,68,0.2375432699918747,0.2809118330478668
54,100,300,0.5,69,0.23754195868968964,0.2809441387653351
54,100,300,0.5,70,0.23754097521305084,0.28097495436668396
54,100,300,0.5,71,0.2375401109457016,0.2810043692588806
54,100,300,0.5,72,0.23753949999809265,0.28103235363960266
54,100,300,0.5,73,0.23753897845745087,0.2810589671134949
54,100,300,0.5,74,0.23753862082958221,0.2810843288898468
54,100,300,0.5,75,0.2375383824110031,0.2811083495616913
54,100,300,0.5,76,0.23753824830055237,0.2811312973499298
54,100,300,0.5,77,0.2375381737947464,0.2811530530452728
54,100,300,0.5,78,0.23753823339939117,0.2811737060546875
54,100,300,0.5,79,0.23753829300403595,0.28119340538978577
54,100,300,0.5,80,0.2375384271144867,0.2812120318412781
54,100,300,0.5,81,0.23753860592842102,0.28122982382774353
54,100,300,0.5,82,0.23753884434700012,0.2812466621398926
54,100,300,0.5,83,0.23753905296325684,0.28126266598701477
54,100,300,0.5,84,0.23753933608531952,0.2812778055667877
54,100,300,0.5,85,0.2375396192073822,0.28129222989082336
54,100,300,0.5,86,0.23753993213176727,0.28130587935447693
54,100,300,0.5,87,0.23754023015499115,0.2813188433647156
54,100,300,0.5,88,0.23754054307937622,0.2813311815261841
54,100,300,0.5,89,0.23754087090492249,0.28134286403656006
54,100,300,0.5,90,0.23754116892814636,0.2813539206981659
54,100,300,0.5,91,0.23754149675369263,0.28136444091796875
54,100,300,0.5,92,0.2375418245792389,0.28137439489364624
54,100,300,0.5,93,0.23754215240478516,0.28138381242752075
54,100,300,0.5,94,0.23754245042800903,0.28139275312423706
54,100,300,0.5,95,0.2375427633523941,0.28140127658843994
54,100,300,0.5,96,0.23754307627677917,0.2814093232154846
54,100,300,0.5,97,0.23754337430000305,0.2814169228076935
54,100,300,0.5,98,0.23754365742206573,0.2814241647720337
54,100,300,0.5,99,0.23754391074180603,0.28143101930618286
54,100,300,0.5,100,0.23754416406154633,0.281437486410141
55,100,300,1.0,1,4.255812644958496,3.699347972869873
55,100,300,1.0,2,3.764098882675171,3.310577869415283
55,100,300,1.0,3,3.3650166988372803,2.9929397106170654
55,100,300,1.0,4,3.0373265743255615,2.7304179668426514
55,100,300,1.0,5,2.765233278274536,2.5111145973205566
55,100,300,1.0,6,2.536919593811035,2.326125144958496
55,100,300,1.0,7,2.3434836864471436,2.1687300205230713
55,100,300,1.0,8,2.1781654357910156,2.0338072776794434
55,100,300,1.0,9,2.035784959793091,1.9174106121063232
55,100,300,1.0,10,1.912333607673645,1.8164631128311157
55,100,300,1.0,11,1.8046753406524658,1.7285351753234863
55,100,300,1.0,12,1.7103296518325806,1.6516824960708618
55,100,300,1.0,13,1.6273096799850464,1.5843294858932495
55,100,300,1.0,14,1.5540053844451904,1.525181531906128
55,100,300,1.0,15,1.489097237586975,1.47316312789917
55,100,300,1.0,16,1.4314903020858765,1.427369475364685
55,100,300,1.0,17,1.3802673816680908,1.3870327472686768
55,100,300,1.0,18,1.3346513509750366,1.3514940738677979
55,100,300,1.0,19,1.2939784526824951,1.3201854228973389
55,100,300,1.0,20,1.2576779127120972,1.2926123142242432
55,100,300,1.0,21,1.2252542972564697,1.2683430910110474
55,100,300,1.0,22,1.1962758302688599,1.2469980716705322
55,100,300,1.0,23,1.1703636646270752,1.2282440662384033
55,100,300,1.0,24,1.14718496799469,1.2117854356765747
55,100,300,1.0,25,1.1264455318450928,1.1973614692687988
55,100,300,1.0,26,1.1078846454620361,1.1847401857376099
55,100,300,1.0,27,1.0912705659866333,1.1737161874771118
55,100,300,1.0,28,1.0763977766036987,1.164107084274292
55,100,300,1.0,29,1.0630829334259033,1.155750036239624
55,100,300,1.0,30,1.0511622428894043,1.1485005617141724
55,100,300,1.0,31,1.0404894351959229,1.142230749130249
55,100,300,1.0,32,1.03093421459198,1.1368257999420166
55,100,300,1.0,33,1.0223796367645264,1.1321841478347778
55,100,300,1.0,34,1.014721393585205,1.1282154321670532
55,100,300,1.0,35,1.0078657865524292,1.1248393058776855
55,100,300,1.0,36,1.0017292499542236,1.1219843626022339
55,100,300,1.0,37,0.9962366223335266,1.1195870637893677
55,100,300,1.0,38,0.9913207292556763,1.117591142654419
55,100,300,1.0,39,0.9869217276573181,1.1159465312957764
55,100,300,1.0,40,0.9829853773117065,1.1146090030670166
55,100,300,1.0,41,0.9794634580612183,1.1135393381118774
55,100,300,1.0,42,0.9763129353523254,1.1127026081085205
55,100,300,1.0,43,0.9734947085380554,1.1120679378509521
55,100,300,1.0,44,0.9709742069244385,1.1116081476211548
55,100,300,1.0,45,0.9687204360961914,1.1112993955612183
55,100,300,1.0,46,0.9667052626609802,1.1111201047897339
55,100,300,1.0,47,0.9649038910865784,1.1110517978668213
55,100,300,1.0,48,0.9632938504219055,1.111077904701233
55,100,300,1.0,49,0.9618549942970276,1.1111838817596436
55,100,300,1.0,50,0.9605695009231567,1.1113570928573608
55,100,300,1.0,51,0.9594212174415588,1.111586332321167
55,100,300,1.0,52,0.9583958387374878,1.1118617057800293
55,100,300,1.0,53,0.9574801921844482,1.1121749877929688
55,100,300,1.0,54,0.9566629528999329,1.1125181913375854
55,100,300,1.0,55,0.9559336304664612,1.1128849983215332
55,100,300,1.0,56,0.9552830457687378,1.1132701635360718
55,100,300,1.0,57,0.9547027945518494,1.1136685609817505
55,100,300,1.0,58,0.9541854858398438,1.114075779914856
55,100,300,1.0,59,0.9537243247032166,1.1144882440567017
55,100,300,1.0,60,0.9533135890960693,1.114903211593628
55,100,300,1.0,61,0.9529477953910828,1.115317702293396
55,100,300,1.0,62,0.9526221752166748,1.115729570388794
55,100,300,1.0,63,0.9523323178291321,1.116136908531189
55,100,300,1.0,64,0.9520745873451233,1.1165382862091064
55,100,300,1.0,65,0.9518455266952515,1.1169321537017822
55,100,300,1.0,66,0.9516420960426331,1.1173176765441895
55,100,300,1.0,67,0.9514614343643188,1.1176937818527222
55,100,300,1.0,68,0.9513011574745178,1.1180602312088013
55,100,300,1.0,69,0.9511589407920837,1.1184159517288208
55,100,300,1.0,70,0.9510329961776733,1.1187609434127808
55,100,300,1.0,71,0.9509215950965881,1.1190948486328125
55,100,300,1.0,72,0.9508229494094849,1.119417428970337
55,100,300,1.0,73,0.9507358074188232,1.119728684425354
55,100,300,1.0,74,0.9506588578224182,1.1200287342071533
55,100,300,1.0,75,0.9505910873413086,1.1203173398971558
55,100,300,1.0,76,0.9505313634872437,1.1205947399139404
55,100,300,1.0,77,0.9504787921905518,1.120861291885376
55,100,300,1.0,78,0.9504327774047852,1.1211168766021729
55,100,300,1.0,79,0.9503923654556274,1.1213619709014893
55,100,300,1.0,80,0.9503569006919861,1.1215966939926147
55,100,300,1.0,81,0.9503260850906372,1.1218215227127075
55,100,300,1.0,82,0.9502992033958435,1.1220362186431885
55,100,300,1.0,83,0.9502757787704468,1.122241735458374
55,100,300,1.0,84,0.9502555131912231,1.1224379539489746
55,100,300,1.0,85,0.950238049030304,1.1226252317428589
55,100,300,1.0,86,0.9502228498458862,1.122804045677185
55,100,300,1.0,87,0.95020991563797,1.1229746341705322
55,100,300,1.0,88,0.9501990079879761,1.12313711643219
55,100,300,1.0,89,0.9501895904541016,1.123292326927185
55,100,300,1.0,90,0.9501817226409912,1.123439908027649
55,100,300,1.0,91,0.9501751065254211,1.1235804557800293
55,100,300,1.0,92,0.9501696825027466,1.1237143278121948
55,100,300,1.0,93,0.9501652121543884,1.1238417625427246
55,100,300,1.0,94,0.9501616358757019,1.1239628791809082
55,100,300,1.0,95,0.9501588344573975,1.1240781545639038
55,100,300,1.0,96,0.9501565098762512,1.124187707901001
55,100,300,1.0,97,0.9501550793647766,1.124292016029358
55,100,300,1.0,98,0.9501537680625916,1.1243911981582642
55,100,300,1.0,99,0.9501531720161438,1.1244851350784302
55,100,300,1.0,100,0.9501527547836304,1.1245746612548828
56,100,600,0.05,1,3.8079612255096436,3.556473970413208
56,100,600,0.05,2,2.9194843769073486,2.740107297897339
56,100,600,0.05,3,2.2791101932525635,2.1433892250061035
56,100,600,0.05,4,1.802822470664978,1.6955622434616089
56,100,600,0.05,5,1.439512014389038,1.3523118495941162
56,100,600,0.05,6,1.1569783687591553,1.0849155187606812
56,100,600,0.05,7,0.934124767780304,0.8740717768669128
56,100,600,0.05,8,0.7565597295761108,0.7063395380973816
56,100,600,0.05,9,0.6140787601470947,0.5720469355583191
56,100,600,0.05,10,0.4991947412490845,0.4640330672264099
56,100,600,0.05,11,0.4062575101852417,0.3768714964389801
56,100,600,0.05,12,0.3309074938297272,0.30637237429618835
56,100,600,0.05,13,0.2697262167930603,0.2492559850215912
56,100,600,0.05,14,0.2200002372264862,0.20292697846889496
56,100,600,0.05,15,0.17955832183361053,0.1653161644935608
56,100,600,0.05,16,0.14665308594703674,0.13476483523845673
56,100,600,0.05,17,0.1198723092675209,0.10993722081184387
56,100,600,0.05,18,0.09807219356298447,0.08975501358509064
56,100,600,0.05,19,0.08032432943582535,0.07334574311971664
56,100,600,0.05,20,0.06587439030408859,0.06000223010778427
56,100,600,0.05,21,0.05410902574658394,0.04915101081132889
56,100,600,0.05,22,0.044529180973768234,0.04032617807388306
56,100,600,0.05,23,0.03672877699136734,0.033149369060993195
56,100,600,0.05,24,0.030377216637134552,0.027313077822327614
56,100,600,0.05,25,0.02520540915429592,0.022567151114344597
56,100,600,0.05,26,0.02099415473639965,0.018708180636167526
56,100,600,0.05,27,0.017565080896019936,0.01557079516351223
56,100,600,0.05,28,0.014772925525903702,0.01302038598805666
56,100,600,0.05,29,0.012499402277171612,0.010947460308670998
56,100,600,0.05,30,0.010648167692124844,0.00926293432712555
56,100,600,0.05,31,0.0091408034786582,0.007894285023212433
56,100,600,0.05,32,0.007913422770798206,0.006782549899071455
56,100,600,0.05,33,0.006914033554494381,0.005879731848835945
56,100,600,0.05,34,0.006100294180214405,0.00514680240303278
56,100,600,0.05,35,0.005437718704342842,0.004551979713141918
56,100,600,0.05,36,0.004898227285593748,0.004069414455443621
56,100,600,0.05,37,0.004458955023437738,0.0036780780646950006
56,100,600,0.05,38,0.004101292230188847,0.003360882867127657
56,100,600,0.05,39,0.0038100804667919874,0.003103909781202674
56,100,600,0.05,40,0.0035729752853512764,0.002895846962928772
56,100,600,0.05,41,0.0033799174707382917,0.002727482933551073
56,100,600,0.05,42,0.003222731640562415,0.0025913557037711143
56,100,600,0.05,43,0.003094748593866825,0.002481370698660612
56,100,600,0.05,44,0.0029905512928962708,0.0023926026187837124
56,100,600,0.05,45,0.002905716421082616,0.0023210281506180763
56,100,600,0.05,46,0.002836644183844328,0.0022633771877735853
56,100,600,0.05,47,0.002780408598482609,0.0022170140873640776
56,100,600,0.05,48,0.0027346264105290174,0.0021797805093228817
56,100,600,0.05,49,0.002697357442229986,0.002149933250620961
56,100,600,0.05,50,0.0026670158840715885,0.0021260494831949472
56,100,600,0.05,51,0.002642313251271844,0.0021069820504635572
56,100,600,0.05,52,0.0026222062297165394,0.0020918052177876234
56,100,600,0.05,53,0.0026058389339596033,0.002079753903672099
56,100,600,0.05,54,0.002592516364529729,0.002070223679766059
56,100,600,0.05,55,0.0025816718116402626,0.0020627155900001526
56,100,600,0.05,56,0.0025728449691087008,0.0020568303298205137
56,100,600,0.05,57,0.002565660048276186,0.002052243798971176
56,100,600,0.05,58,0.0025598120409995317,0.0020486924331635237
56,100,600,0.05,59,0.0025550515856593847,0.002045969245955348
56,100,600,0.05,60,0.002551179612055421,0.0020439031068235636
56,100,600,0.05,61,0.002548027550801635,0.00204235827550292
56,100,600,0.05,62,0.002545461058616638,0.002041223458945751
56,100,600,0.05,63,0.0025433748960494995,0.0020404101815074682
56,100,600,0.05,64,0.002541677560657263,0.0020398488268256187
56,100,600,0.05,65,0.00254029780626297,0.002039482118561864
56,100,600,0.05,66,0.0025391741655766964,0.0020392639562487602
56,100,600,0.05,67,0.0025382607709616423,0.0020391603466123343
56,100,600,0.05,68,0.00253751827403903,0.0020391452126204967
56,100,600,0.05,69,0.0025369131471961737,0.0020391896832734346
56,100,600,0.05,70,0.0025364214088767767,0.002039281651377678
56,100,600,0.05,71,0.0025360228028148413,0.00203940412029624
56,100,600,0.05,72,0.002535698702558875,0.0020395489409565926
56,100,600,0.05,73,0.0025354360695928335,0.0020397056359797716
56,100,600,0.05,74,0.0025352223310619593,0.0020398711785674095
56,100,600,0.05,75,0.002535047475248575,0.0020400374196469784
56,100,600,0.05,76,0.0025349068455398083,0.002040202496573329
56,100,600,0.05,77,0.0025347922928631306,0.0020403622183948755
56,100,600,0.05,78,0.0025346989277750254,0.0020405161194503307
56,100,600,0.05,79,0.0025346241891384125,0.002040665131062269
56,100,600,0.05,80,0.002534563886001706,0.002040805062279105
56,100,600,0.05,81,0.002534514060243964,0.0020409352146089077
56,100,600,0.05,82,0.0025344742462038994,0.0020410558208823204
56,100,600,0.05,83,0.002534441417083144,0.002041170373558998
56,100,600,0.05,84,0.002534415340051055,0.002041275380179286
56,100,600,0.05,85,0.0025343941524624825,0.0020413734018802643
56,100,600,0.05,86,0.0025343771558254957,0.0020414639730006456
56,100,600,0.05,87,0.0025343631859868765,0.002041545929387212
56,100,600,0.05,88,0.0025343524757772684,0.002041621832177043
56,100,600,0.05,89,0.0025343443267047405,0.00204169237986207
56,100,600,0.05,90,0.0025343361776322126,0.0020417540799826384
56,100,600,0.05,91,0.0025343308225274086,0.002041812287643552
56,100,600,0.05,92,0.002534326398745179,0.002041867235675454
56,100,600,0.05,93,0.002534322440624237,0.002041912404820323
56,100,600,0.05,94,0.002534319646656513,0.002041958272457123
56,100,600,0.05,95,0.0025343173183500767,0.0020419990178197622
56,100,600,0.05,96,0.0025343154557049274,0.002042033476755023
56,100,600,0.05,97,0.002534313825890422,0.002042066305875778
56,100,600,0.05,98,0.0025343128945678473,0.0020420951768755913
56,100,600,0.05,99,0.0025343119632452726,0.002042121486738324
56,100,600,0.05,100,0.002534311031922698,0.002042146632447839
57,100,600,0.2,1,1.5646668672561646,1.3293380737304688
57,100,600,0.2,2,1.0891025066375732,0.939903199672699
57,100,600,0.2,3,0.789605438709259,0.6891039609909058
57,100,600,0.2,4,0.5935056209564209,0.5214215517044067
57,100,600,0.2,5,0.4598281979560852,0.4050545394420624
57,100,600,0.2,6,0.3651244044303894,0.3214642107486725
57,100,600,0.2,7,0.2957020699977875,0.2595963478088379
57,100,600,0.2,8,0.24335378408432007,0.2126728594303131
57,100,600,0.2,9,0.2029983550310135,0.17639967799186707
57,100,600,0.2,10,0.17136995494365692,0.14795581996440887
57,100,600,0.2,11,0.14628365635871887,0.12541785836219788
57,100,600,0.2,12,0.12621812522411346,0.10742682963609695
57,100,600,0.2,13,0.11007501184940338,0.09299110621213913
57,100,600,0.2,14,0.09703581035137177,0.08136721700429916
57,100,600,0.2,15,0.08647545427083969,0.07198544591665268
57,100,600,0.2,16,0.07790720462799072,0.06440205872058868
57,100,600,0.2,17,0.07094694674015045,0.058266837149858475
57,100,600,0.2,18,0.06528840214014053,0.053301118314266205
57,100,600,0.2,19,0.060685690492391586,0.049281537532806396
57,100,600,0.2,20,0.05694054067134857,0.046028342097997665
57,100,600,0.2,21,0.05389250069856644,0.043396346271038055
57,100,600,0.2,22,0.051411427557468414,0.04126810282468796
57,100,600,0.2,23,0.049391698092222214,0.0395483523607254
57,100,600,0.2,24,0.04774744063615799,0.03815989941358566
57,100,600,0.2,25,0.04640882462263107,0.03704005852341652
57,100,600,0.2,26,0.04531903564929962,0.036137904971838
57,100,600,0.2,27,0.044431816786527634,0.035412099212408066
57,100,600,0.2,28,0.04370949789881706,0.034829031676054
57,100,600,0.2,29,0.04312145709991455,0.03436147794127464
57,100,600,0.2,30,0.042642731219530106,0.03398730978369713
57,100,600,0.2,31,0.04225301370024681,0.033688560128211975
57,100,600,0.2,32,0.0419357568025589,0.0334506593644619
57,100,600,0.2,33,0.041677508503198624,0.03326179087162018
57,100,600,0.2,34,0.04146729037165642,0.03311239928007126
57,100,600,0.2,35,0.04129616916179657,0.032994724810123444
57,100,600,0.2,36,0.041156888008117676,0.03290250152349472
57,100,600,0.2,37,0.04104351997375488,0.03283064812421799
57,100,600,0.2,38,0.040951259434223175,0.03277508169412613
57,100,600,0.2,39,0.04087617248296738,0.03273247554898262
57,100,600,0.2,40,0.04081506282091141,0.03270017355680466
57,100,600,0.2,41,0.040765341371297836,0.03267603740096092
57,100,600,0.2,42,0.04072487726807594,0.03265834227204323
57,100,600,0.2,43,0.040691960602998734,0.03264568746089935
57,100,600,0.2,44,0.04066518321633339,0.03263697400689125
57,100,600,0.2,45,0.040643393993377686,0.032631319016218185
57,100,600,0.2,46,0.0406256839632988,0.032628003507852554
57,100,600,0.2,47,0.04061126708984375,0.032626472413539886
57,100,600,0.2,48,0.04059954732656479,0.03262628614902496
57,100,600,0.2,49,0.04059002175927162,0.03262708708643913
57,100,600,0.2,50,0.04058227688074112,0.03262859582901001
57,100,600,0.2,51,0.04057598486542702,0.03263060748577118
57,100,600,0.2,52,0.04057086631655693,0.03263295069336891
57,100,600,0.2,53,0.04056670516729355,0.03263547644019127
57,100,600,0.2,54,0.04056333377957344,0.03263811022043228
57,100,600,0.2,55,0.04056059569120407,0.032640766352415085
57,100,600,0.2,56,0.04055837169289589,0.0326434001326561
57,100,600,0.2,57,0.040556564927101135,0.03264596685767174
57,100,600,0.2,58,0.04055510088801384,0.03264843299984932
57,100,600,0.2,59,0.04055391252040863,0.03265078365802765
57,100,600,0.2,60,0.04055294767022133,0.032653000205755234
57,100,600,0.2,61,0.04055217280983925,0.03265508636832237
57,100,600,0.2,62,0.04055153951048851,0.03265703469514847
57,100,600,0.2,63,0.04055103287100792,0.03265884146094322
57,100,600,0.2,64,0.04055061563849449,0.03266051784157753
57,100,600,0.2,65,0.04055028036236763,0.03266207501292229
57,100,600,0.2,66,0.04055001586675644,0.032663505524396896
57,100,600,0.2,67,0.04054980352520943,0.03266482055187225
57,100,600,0.2,68,0.0405496247112751,0.032666027545928955
57,100,600,0.2,69,0.04054948315024376,0.032667141407728195
57,100,600,0.2,70,0.040549371391534805,0.03266815096139908
57,100,600,0.2,71,0.040549278259277344,0.0326690711081028
57,100,600,0.2,72,0.04054921120405197,0.03266990929841995
57,100,600,0.2,73,0.040549155324697495,0.03267066925764084
57,100,600,0.2,74,0.04054911062121391,0.03267136961221695
57,100,600,0.2,75,0.04054907336831093,0.032672006636857986
57,100,600,0.2,76,0.04054904356598854,0.03267257660627365
57,100,600,0.2,77,0.04054902493953705,0.032673098146915436
57,100,600,0.2,78,0.04054899886250496,0.03267357498407364
57,100,600,0.2,79,0.040548983961343765,0.03267400711774826
57,100,600,0.2,80,0.04054898023605347,0.032674390822649
57,100,600,0.2,81,0.04054896906018257,0.03267474099993706
57,100,600,0.2,82,0.04054896533489227,0.03267505392432213
57,100,600,0.2,83,0.040548961609601974,0.03267534077167511
57,100,600,0.2,84,0.04054895415902138,0.0326756052672863
57,100,600,0.2,85,0.040548957884311676,0.0326758436858654
57,100,600,0.2,86,0.040548957884311676,0.03267604857683182
57,100,600,0.2,87,0.04054895415902138,0.032676249742507935
57,100,600,0.2,88,0.040548957884311676,0.032676421105861664
57,100,600,0.2,89,0.04054895415902138,0.0326765738427639
57,100,600,0.2,90,0.04054894670844078,0.03267671540379524
57,100,600,0.2,91,0.04054895415902138,0.03267684951424599
57,100,600,0.2,92,0.040548957884311676,0.03267696872353554
57,100,600,0.2,93,0.04054895415902138,0.032677069306373596
57,100,600,0.2,94,0.040548957884311676,0.03267717361450195
57,100,600,0.2,95,0.04054895415902138,0.03267725557088852
57,100,600,0.2,96,0.040548957884311676,0.03267733007669449
57,100,600,0.2,97,0.040548961609601974,0.03267740458250046
57,100,600,0.2,98,0.04054895415902138,0.03267746791243553
57,100,600,0.2,99,0.040548957884311676,0.032677534967660904
57,100,600,0.2,100,0.040548957884311676,0.03267757594585419
58,100,600,0.5,1,2.405824899673462,2.021059513092041
58,100,600,0.5,2,1.8192731142044067,1.53717839717865
58,100,600,0.5,3,1.4268474578857422,1.2080639600753784
58,100,600,0.5,4,1.1536674499511719,0.9758388996124268
58,100,600,0.5,5,0.9564456343650818,0.8064947724342346
58,100,600,0.5,6,0.8095667362213135,0.6795417070388794
58,100,600,0.5,7,0.6974200010299683,0.5822526216506958
58,100,600,0.5,8,0.6101495623588562,0.5064408779144287
58,100,600,0.5,9,0.5412845015525818,0.44663816690444946
58,100,600,0.5,10,0.48640117049217224,0.39905256032943726
58,100,600,0.5,11,0.44235697388648987,0.3609600067138672
58,100,600,0.5,12,0.4068428575992584,0.3303440511226654
58,100,600,0.5,13,0.3781141936779022,0.3056733310222626
58,100,600,0.5,14,0.35482412576675415,0.2857627868652344
58,100,600,0.5,15,0.3359155058860779,0.26968103647232056
58,100,600,0.5,16,0.3205493688583374,0.25668880343437195
58,100,600,0.5,17,0.3080538809299469,0.24619430303573608
58,100,600,0.5,18,0.29788869619369507,0.23772181570529938
58,100,600,0.5,19,0.2896169126033783,0.23088708519935608
58,100,600,0.5,20,0.2828846871852875,0.22537927329540253
58,100,600,0.5,21,0.27740490436553955,0.22094640135765076
58,100,600,0.5,22,0.2729444205760956,0.21738405525684357
58,100,600,0.5,23,0.26931336522102356,0.2145262509584427
58,100,600,0.5,24,0.2663574814796448,0.2122383564710617
58,100,600,0.5,25,0.26395127177238464,0.21041101217269897
58,100,600,0.5,26,0.26199254393577576,0.20895546674728394
58,100,600,0.5,27,0.26039808988571167,0.20779968798160553
58,100,600,0.5,28,0.2591002285480499,0.20688530802726746
58,100,600,0.5,29,0.2580437958240509,0.20616500079631805
58,100,600,0.5,30,0.25718390941619873,0.20560047030448914
58,100,600,0.5,31,0.2564840614795685,0.2051607221364975
58,100,600,0.5,32,0.25591444969177246,0.2048206925392151
58,100,600,0.5,33,0.25545090436935425,0.20456011593341827
58,100,600,0.5,34,0.2550736665725708,0.20436273515224457
58,100,600,0.5,35,0.25476670265197754,0.20421536266803741
58,100,600,0.5,36,0.25451695919036865,0.20410741865634918
58,100,600,0.5,37,0.25431370735168457,0.20403042435646057
58,100,600,0.5,38,0.2541483938694,0.2039775550365448
58,100,600,0.5,39,0.25401395559310913,0.2039434164762497
58,100,600,0.5,40,0.2539045512676239,0.20392365753650665
58,100,600,0.5,41,0.25381556153297424,0.2039148062467575
58,100,600,0.5,42,0.2537432312965393,0.20391416549682617
58,100,600,0.5,43,0.2536844313144684,0.20391957461833954
58,100,600,0.5,44,0.2536366581916809,0.20392927527427673
58,100,600,0.5,45,0.25359776616096497,0.20394203066825867
58,100,600,0.5,46,0.253566175699234,0.2039567530155182
58,100,600,0.5,47,0.2535405158996582,0.20397265255451202
58,100,600,0.5,48,0.2535196840763092,0.2039891630411148
58,100,600,0.5,49,0.2535027861595154,0.20400579273700714
58,100,600,0.5,50,0.25348904728889465,0.20402224361896515
58,100,600,0.5,51,0.25347790122032166,0.20403820276260376
58,100,600,0.5,52,0.25346890091896057,0.20405356585979462
58,100,600,0.5,53,0.2534615397453308,0.20406819880008698
58,100,600,0.5,54,0.25345560908317566,0.20408201217651367
58,100,600,0.5,55,0.25345078110694885,0.2040950208902359
58,100,600,0.5,56,0.25344693660736084,0.2041071504354477
58,100,600,0.5,57,0.25344377756118774,0.20411841571331024
58,100,600,0.5,58,0.25344118475914,0.20412889122962952
58,100,600,0.5,59,0.25343912839889526,0.20413854718208313
58,100,600,0.5,60,0.25343748927116394,0.20414742827415466
58,100,600,0.5,61,0.2534361481666565,0.20415560901165009
58,100,600,0.5,62,0.25343507528305054,0.2041631042957306
58,100,600,0.5,63,0.2534342110157013,0.20416997373104095
58,100,600,0.5,64,0.2534335255622864,0.20417624711990356
58,100,600,0.5,65,0.253432959318161,0.2041819840669632
58,100,600,0.5,66,0.2534325122833252,0.20418719947338104
58,100,600,0.5,67,0.25343218445777893,0.20419196784496307
58,100,600,0.5,68,0.25343188643455505,0.2041962742805481
58,100,600,0.5,69,0.2534317076206207,0.20420023798942566
58,100,600,0.5,70,0.253431499004364,0.204203799366951
58,100,600,0.5,71,0.2534313499927521,0.20420707762241364
58,100,600,0.5,72,0.2534312307834625,0.20420999825000763
58,100,600,0.5,73,0.25343117117881775,0.20421265065670013
58,100,600,0.5,74,0.2534310519695282,0.20421506464481354
58,100,600,0.5,75,0.2534310519695282,0.20421724021434784
58,100,600,0.5,76,0.2534310221672058,0.20421923696994781
58,100,600,0.5,77,0.2534309923648834,0.20422102510929108
58,100,600,0.5,78,0.2534309923648834,0.2042226791381836
58,100,600,0.5,79,0.25343096256256104,0.2042241394519806
58,100,600,0.5,80,0.25343093276023865,0.20422546565532684
58,100,600,0.5,81,0.25343093276023865,0.20422667264938354
58,100,600,0.5,82,0.25343093276023865,0.2042277455329895
58,100,600,0.5,83,0.25343093276023865,0.2042287141084671
58,100,600,0.5,84,0.25343093276023865,0.20422962307929993
58,100,600,0.5,85,0.25343093276023865,0.2042303830385208
58,100,600,0.5,86,0.25343096256256104,0.2042311131954193
58,100,600,0.5,87,0.25343096256256104,0.20423176884651184
58,100,600,0.5,88,0.25343093276023865,0.2042323797941208
58,100,600,0.5,89,0.25343093276023865,0.20423290133476257
58,100,600,0.5,90,0.25343096256256104,0.20423339307308197
58,100,600,0.5,91,0.25343096256256104,0.20423384010791779
58,100,600,0.5,92,0.25343096256256104,0.20423421263694763
58,100,600,0.5,93,0.25343096256256104,0.20423457026481628
58,100,600,0.5,94,0.25343096256256104,0.20423488318920135
58,100,600,0.5,95,0.2534309923648834,0.20423516631126404
58,100,600,0.5,96,0.25343096256256104,0.20423541963100433
58,100,600,0.5,97,0.25343096256256104,0.20423564314842224
58,100,600,0.5,98,0.25343096256256104,0.20423586666584015
58,100,600,0.5,99,0.2534309923648834,0.20423606038093567
58,100,600,0.5,100,0.2534309923648834,0.2042362540960312
59,100,600,1.0,1,5.702694892883301,4.870476722717285
59,100,600,1.0,2,4.658014297485352,3.968693494796753
59,100,600,1.0,3,3.8867547512054443,3.297675132751465
59,100,600,1.0,4,3.3018906116485596,2.7864694595336914
59,100,600,1.0,5,2.8490896224975586,2.3898892402648926
59,100,600,1.0,6,2.493107795715332,2.078070878982544
59,100,600,1.0,7,2.210141658782959,1.8305197954177856
59,100,600,1.0,8,1.9834692478179932,1.6326591968536377
59,100,600,1.0,9,1.8009212017059326,1.4737855195999146
59,100,600,1.0,10,1.6533739566802979,1.3458302021026611
59,100,600,1.0,11,1.53382408618927,1.2425801753997803
59,100,600,1.0,12,1.4367996454238892,1.159175157546997
59,100,600,1.0,13,1.3579703569412231,1.0917686223983765
59,100,600,1.0,14,1.2938780784606934,1.0372897386550903
59,100,600,1.0,15,1.241742730140686,0.9932725429534912
59,100,600,1.0,16,1.199320673942566,0.9577288031578064
59,100,600,1.0,17,1.164795160293579,0.9290511012077332
59,100,600,1.0,18,1.1366933584213257,0.9059371948242188
59,100,600,1.0,19,1.113817811012268,0.887330949306488
59,100,600,1.0,20,1.095196008682251,0.8723754286766052
59,100,600,1.0,21,1.0800367593765259,0.8603748083114624
59,100,600,1.0,22,1.0676960945129395,0.8507644534111023
59,100,600,1.0,23,1.057650089263916,0.843085527420044
59,100,600,1.0,24,1.0494722127914429,0.8369660973548889
59,100,600,1.0,25,1.0428149700164795,0.8321040868759155
59,100,600,1.0,26,1.0373961925506592,0.8282549381256104
59,100,600,1.0,27,1.0329853296279907,0.8252201676368713
59,100,600,1.0,28,1.0293949842453003,0.8228393197059631
59,100,600,1.0,29,1.026472806930542,0.8209822177886963
59,100,600,1.0,30,1.024094581604004,0.8195439577102661
59,100,600,1.0,31,1.0221589803695679,0.8184396028518677
59,100,600,1.0,32,1.020583987236023,0.8176009058952332
59,100,600,1.0,33,1.0193021297454834,0.8169724941253662
59,100,600,1.0,34,1.0182592868804932,0.8165102601051331
59,100,600,1.0,35,1.0174107551574707,0.8161783814430237
59,100,600,1.0,36,1.0167202949523926,0.815948486328125
59,100,600,1.0,37,1.0161588191986084,0.8157975673675537
59,100,600,1.0,38,1.0157018899917603,0.8157076239585876
59,100,600,1.0,39,1.01533043384552,0.8156640529632568
59,100,600,1.0,40,1.0150283575057983,0.8156553506851196
59,100,600,1.0,41,1.0147827863693237,0.8156724572181702
59,100,600,1.0,42,1.0145831108093262,0.8157081007957458
59,100,600,1.0,43,1.014420747756958,0.8157567977905273
59,100,600,1.0,44,1.0142890214920044,0.8158143162727356
59,100,600,1.0,45,1.0141818523406982,0.8158771395683289
59,100,600,1.0,46,1.0140948295593262,0.8159428238868713
59,100,600,1.0,47,1.0140241384506226,0.8160094022750854
59,100,600,1.0,48,1.0139667987823486,0.816075325012207
59,100,600,1.0,49,1.0139203071594238,0.8161395788192749
59,100,600,1.0,50,1.0138823986053467,0.8162016272544861
59,100,600,1.0,51,1.0138517618179321,0.8162609338760376
59,100,600,1.0,52,1.0138269662857056,0.8163168430328369
59,100,600,1.0,53,1.0138068199157715,0.816369354724884
59,100,600,1.0,54,1.0137907266616821,0.8164186477661133
59,100,600,1.0,55,1.013777494430542,0.8164644837379456
59,100,600,1.0,56,1.0137667655944824,0.8165069818496704
59,100,600,1.0,57,1.0137581825256348,0.8165463209152222
59,100,600,1.0,58,1.0137512683868408,0.8165825009346008
59,100,600,1.0,59,1.0137457847595215,0.8166158199310303
59,100,600,1.0,60,1.013741135597229,0.8166463971138
59,100,600,1.0,61,1.0137375593185425,0.8166743516921997
59,100,600,1.0,62,1.0137345790863037,0.8166998624801636
59,100,600,1.0,63,1.0137323141098022,0.8167232275009155
59,100,600,1.0,64,1.0137304067611694,0.8167445659637451
59,100,600,1.0,65,1.0137289762496948,0.8167639970779419
59,100,600,1.0,66,1.0137277841567993,0.8167816400527954
59,100,600,1.0,67,1.0137269496917725,0.8167976140975952
59,100,600,1.0,68,1.0137261152267456,0.81681227684021
59,100,600,1.0,69,1.0137256383895874,0.8168255090713501
59,100,600,1.0,70,1.0137250423431396,0.81683748960495
59,100,600,1.0,71,1.013724684715271,0.8168485164642334
59,100,600,1.0,72,1.0137245655059814,0.8168582916259766
59,100,600,1.0,73,1.0137242078781128,0.8168672323226929
59,100,600,1.0,74,1.0137240886688232,0.8168753385543823
59,100,600,1.0,75,1.0137239694595337,0.8168827295303345
59,100,600,1.0,76,1.0137238502502441,0.8168893456459045
59,100,600,1.0,77,1.0137238502502441,0.8168953657150269
59,100,600,1.0,78,1.0137238502502441,0.816900908946991
59,100,600,1.0,79,1.0137237310409546,0.8169057369232178
59,100,600,1.0,80,1.0137237310409546,0.8169100880622864
59,100,600,1.0,81,1.0137237310409546,0.8169141411781311
59,100,600,1.0,82,1.0137237310409546,0.8169176578521729
59,100,600,1.0,83,1.0137237310409546,0.8169209957122803
59,100,600,1.0,84,1.0137237310409546,0.8169239163398743
59,100,600,1.0,85,1.0137238502502441,0.8169265985488892
59,100,600,1.0,86,1.0137237310409546,0.8169289827346802
59,100,600,1.0,87,1.0137238502502441,0.8169310688972473
59,100,600,1.0,88,1.0137238502502441,0.8169330954551697
59,100,600,1.0,89,1.0137238502502441,0.8169349431991577
59,100,600,1.0,90,1.0137237310409546,0.8169366121292114
59,100,600,1.0,91,1.0137237310409546,0.816938042640686
59,100,600,1.0,92,1.0137239694595337,0.8169392943382263
59,100,600,1.0,93,1.0137238502502441,0.8169404864311218
59,100,600,1.0,94,1.0137238502502441,0.8169415593147278
59,100,600,1.0,95,1.0137238502502441,0.816942572593689
59,100,600,1.0,96,1.0137239694595337,0.8169434070587158
59,100,600,1.0,97,1.0137238502502441,0.8169441819190979
59,100,600,1.0,98,1.0137238502502441,0.8169448971748352
59,100,600,1.0,99,1.0137239694595337,0.816945493221283
59,100,600,1.0,100,1.0137239694595337,0.8169461488723755
60,100,1000,0.05,1,0.7227562665939331,0.4359753727912903
60,100,1000,0.05,2,0.29446130990982056,0.18517132103443146
60,100,1000,0.05,3,0.12984468042850494,0.08653255552053452
60,100,1000,0.05,4,0.06375795602798462,0.045473452657461166
60,100,1000,0.05,5,0.03533785045146942,0.02689363807439804
60,100,1000,0.05,6,0.021902818232774734,0.017557993531227112
60,100,1000,0.05,7,0.014824382029473782,0.01233232393860817
60,100,1000,0.05,8,0.010698473080992699,0.009127828292548656
60,100,1000,0.05,9,0.008099613711237907,0.007030264008790255
60,100,1000,0.05,10,0.006376876961439848,0.005598921328783035
60,100,1000,0.05,11,0.005199878942221403,0.004597267601639032
60,100,1000,0.05,12,0.0043821255676448345,0.003885498736053705
60,100,1000,0.05,13,0.003808855777606368,0.0033746438566595316
60,100,1000,0.05,14,0.003405098570510745,0.0030053257942199707
60,100,1000,0.05,15,0.003120063804090023,0.0027367237489670515
60,100,1000,0.05,16,0.002918601268902421,0.0025402563624083996
60,100,1000,0.05,17,0.0027761301025748253,0.0023957290686666965
60,100,1000,0.05,18,0.002675357274711132,0.0022887953091412783
60,100,1000,0.05,19,0.0026040850207209587,0.002209179103374481
60,100,1000,0.05,20,0.0025536802131682634,0.00214950880035758
60,100,1000,0.05,21,0.0025180415250360966,0.002104475861415267
60,100,1000,0.05,22,0.002492847852408886,0.0020702474284917116
60,100,1000,0.05,23,0.0024750460870563984,0.0020440362859517336
60,100,1000,0.05,24,0.00246247136965394,0.0020238158758729696
60,100,1000,0.05,25,0.002453596331179142,0.002008098177611828
60,100,1000,0.05,26,0.002447334351018071,0.0019957914482802153
60,100,1000,0.05,27,0.00244291964918375,0.0019860872998833656
60,100,1000,0.05,28,0.0024398104287683964,0.001978381536900997
60,100,1000,0.05,29,0.0024376241490244865,0.0019722245633602142
60,100,1000,0.05,30,0.0024360856041312218,0.001967268530279398
60,100,1000,0.05,31,0.002435007132589817,0.0019632645417004824
60,100,1000,0.05,32,0.0024342534597963095,0.0019600153900682926
60,100,1000,0.05,33,0.0024337242357432842,0.001957361353561282
60,100,1000,0.05,34,0.002433358458802104,0.0019551822915673256
60,100,1000,0.05,35,0.002433103509247303,0.0019533918239176273
60,100,1000,0.05,36,0.0024329267907887697,0.0019519132329151034
60,100,1000,0.05,37,0.002432805486023426,0.0019506929675117135
60,100,1000,0.05,38,0.00243272352963686,0.0019496765453368425
60,100,1000,0.05,39,0.0024326674174517393,0.0019488304387778044
60,100,1000,0.05,40,0.0024326301645487547,0.001948126358911395
60,100,1000,0.05,41,0.002432605717331171,0.0019475431181490421
60,100,1000,0.05,42,0.0024325894191861153,0.0019470544066280127
60,100,1000,0.05,43,0.0024325798731297255,0.0019466481171548367
60,100,1000,0.05,44,0.002432574052363634,0.0019463039934635162
60,100,1000,0.05,45,0.0024325705599039793,0.0019460171461105347
60,100,1000,0.05,46,0.0024325696285814047,0.0019457753514871001
60,100,1000,0.05,47,0.0024325682315975428,0.0019455722067505121
60,100,1000,0.05,48,0.0024325691629201174,0.0019454010762274265
60,100,1000,0.05,49,0.002432569395750761,0.0019452582346275449
60,100,1000,0.05,50,0.002432570094242692,0.0019451394909992814
60,100,1000,0.05,51,0.0024325710255652666,0.0019450378604233265
60,100,1000,0.05,52,0.0024325719568878412,0.0019449522951617837
60,100,1000,0.05,53,0.002432573353871703,0.001944884192198515
60,100,1000,0.05,54,0.002432572888210416,0.0019448240054771304
60,100,1000,0.05,55,0.0024325749836862087,0.0019447755767032504
60,100,1000,0.05,56,0.002432575449347496,0.0019447319209575653
60,100,1000,0.05,57,0.002432576147839427,0.001944695832207799
60,100,1000,0.05,58,0.0024325766135007143,0.0019446663791313767
60,100,1000,0.05,59,0.0024325766135007143,0.0019446418154984713
60,100,1000,0.05,60,0.0024325770791620016,0.0019446186488494277
60,100,1000,0.05,61,0.002432577544823289,0.0019445987418293953
60,100,1000,0.05,62,0.00243257824331522,0.0019445843063294888
60,100,1000,0.05,63,0.0024325784761458635,0.0019445738289505243
60,100,1000,0.05,64,0.0024325780104845762,0.00194456591270864
60,100,1000,0.05,65,0.00243257824331522,0.0019445577636361122
60,100,1000,0.05,66,0.00243257824331522,0.0019445515936240554
60,100,1000,0.05,67,0.0024325784761458635,0.0019445453071966767
60,100,1000,0.05,68,0.0024325784761458635,0.0019445393700152636
60,100,1000,0.05,69,0.002432578708976507,0.001944533083587885
60,100,1000,0.05,70,0.002432578708976507,0.0019445279613137245
60,100,1000,0.05,71,0.00243257824331522,0.0019445233047008514
60,100,1000,0.05,72,0.002432578941807151,0.0019445207435637712
60,100,1000,0.05,73,0.002432578708976507,0.0019445186480879784
60,100,1000,0.05,74,0.002432578941807151,0.001944516901858151
60,100,1000,0.05,75,0.0024325791746377945,0.001944514224305749
60,100,1000,0.05,76,0.002432579407468438,0.001944512128829956
60,100,1000,0.05,77,0.0024325791746377945,0.001944508869200945
60,100,1000,0.05,78,0.002432578708976507,0.0019445070065557957
60,100,1000,0.05,79,0.002432579407468438,0.0019445050274953246
60,100,1000,0.05,80,0.002432579640299082,0.0019445039797574282
60,100,1000,0.05,81,0.0024325791746377945,0.0019445024663582444
60,100,1000,0.05,82,0.002432579640299082,0.0019445006037130952
60,100,1000,0.05,83,0.002432579640299082,0.0019445003708824515
60,100,1000,0.05,84,0.0024325798731297255,0.0019445002544671297
60,100,1000,0.05,85,0.0024325798731297255,0.0019445002544671297
60,100,1000,0.05,86,0.0024325798731297255,0.0019445002544671297
60,100,1000,0.05,87,0.0024325798731297255,0.0019445002544671297
60,100,1000,0.05,88,0.0024325798731297255,0.0019445002544671297
60,100,1000,0.05,89,0.0024325798731297255,0.0019445002544671297
60,100,1000,0.05,90,0.0024325798731297255,0.0019445002544671297
60,100,1000,0.05,91,0.0024325798731297255,0.0019445002544671297
60,100,1000,0.05,92,0.0024325798731297255,0.0019445002544671297
60,100,1000,0.05,93,0.0024325798731297255,0.0019445002544671297
60,100,1000,0.05,94,0.0024325798731297255,0.0019445002544671297
60,100,1000,0.05,95,0.0024325798731297255,0.0019445002544671297
60,100,1000,0.05,96,0.0024325798731297255,0.0019445002544671297
60,100,1000,0.05,97,0.0024325798731297255,0.0019445002544671297
60,100,1000,0.05,98,0.0024325798731297255,0.0019445002544671297
60,100,1000,0.05,99,0.0024325798731297255,0.0019445002544671297
60,100,1000,0.05,100,0.0024325798731297255,0.0019445002544671297
61,100,1000,0.2,1,1.2265030145645142,0.863558828830719
61,100,1000,0.2,2,0.6659346222877502,0.5006031394004822
61,100,1000,0.2,3,0.40502989292144775,0.3213118612766266
61,100,1000,0.2,4,0.2698003947734833,0.2225637584924698
61,100,1000,0.2,5,0.19206836819648743,0.16277410089969635
61,100,1000,0.2,6,0.14358744025230408,0.12397809326648712
61,100,1000,0.2,7,0.11164730787277222,0.09765204787254333
61,100,1000,0.2,8,0.08990128338336945,0.0792960673570633
61,100,1000,0.2,9,0.07482118159532547,0.06628571450710297
61,100,1000,0.2,10,0.0642600804567337,0.05696727707982063
61,100,1000,0.2,11,0.05682558938860893,0.05024324357509613
61,100,1000,0.2,12,0.051578231155872345,0.04536188766360283
61,100,1000,0.2,13,0.04786977916955948,0.04179859533905983
61,100,1000,0.2,14,0.04524732753634453,0.03918306529521942
61,100,1000,0.2,15,0.04339238256216049,0.037252169102430344
61,100,1000,0.2,16,0.042080312967300415,0.03581807762384415
61,100,1000,0.2,17,0.041152313351631165,0.03474609926342964
61,100,1000,0.2,18,0.0404960922896862,0.03393938019871712
61,100,1000,0.2,19,0.04003218188881874,0.033327966928482056
61,100,1000,0.2,20,0.039704322814941406,0.03286118060350418
61,100,1000,0.2,21,0.039472706615924835,0.032502152025699615
61,100,1000,0.2,22,0.039309173822402954,0.032223936170339584
61,100,1000,0.2,23,0.0391937680542469,0.032006725668907166
61,100,1000,0.2,24,0.03911237791180611,0.031835902482271194
61,100,1000,0.2,25,0.039055030792951584,0.03170064836740494
61,100,1000,0.2,26,0.03901466727256775,0.03159284219145775
61,100,1000,0.2,27,0.03898630291223526,0.03150635585188866
61,100,1000,0.2,28,0.03896637633442879,0.031436603516340256
61,100,1000,0.2,29,0.03895242139697075,0.03138003498315811
61,100,1000,0.2,30,0.038942668586969376,0.03133391961455345
61,100,1000,0.2,31,0.038935862481594086,0.03129618987441063
61,100,1000,0.2,32,0.03893113136291504,0.031265195459127426
61,100,1000,0.2,33,0.03892785683274269,0.031239653006196022
61,100,1000,0.2,34,0.03892559930682182,0.03121853806078434
61,100,1000,0.2,35,0.03892405331134796,0.03120102919638157
61,100,1000,0.2,36,0.038923006504774094,0.031186485663056374
61,100,1000,0.2,37,0.038922298699617386,0.031174378469586372
61,100,1000,0.2,38,0.03892183676362038,0.031164295971393585
61,100,1000,0.2,39,0.0389215312898159,0.031155869364738464
61,100,1000,0.2,40,0.03892133757472038,0.031148815527558327
61,100,1000,0.2,41,0.03892121836543083,0.031142931431531906
61,100,1000,0.2,42,0.03892115503549576,0.031137997284531593
61,100,1000,0.2,43,0.03892111778259277,0.031133854761719704
61,100,1000,0.2,44,0.03892110288143158,0.03113037534058094
61,100,1000,0.2,45,0.03892110288143158,0.031127464026212692
61,100,1000,0.2,46,0.038921110332012177,0.0311250202357769
61,100,1000,0.2,47,0.03892112895846367,0.031122960150241852
61,100,1000,0.2,48,0.038921140134334564,0.03112124651670456
61,100,1000,0.2,49,0.03892115131020546,0.031119801104068756
61,100,1000,0.2,50,0.03892116621136665,0.03111858293414116
61,100,1000,0.2,51,0.038921188563108444,0.03111756406724453
61,100,1000,0.2,52,0.03892119228839874,0.031116705387830734
61,100,1000,0.2,53,0.038921207189559937,0.031115980818867683
61,100,1000,0.2,54,0.03892121836543083,0.031115368008613586
61,100,1000,0.2,55,0.03892122209072113,0.031114859506487846
61,100,1000,0.2,56,0.038921233266592026,0.031114425510168076
61,100,1000,0.2,57,0.038921233266592026,0.03111407347023487
61,100,1000,0.2,58,0.03892124071717262,0.031113766133785248
61,100,1000,0.2,59,0.03892125189304352,0.031113505363464355
61,100,1000,0.2,60,0.03892124816775322,0.031113283708691597
61,100,1000,0.2,61,0.038921259343624115,0.03111310675740242
61,100,1000,0.2,62,0.038921259343624115,0.03111295960843563
61,100,1000,0.2,63,0.038921259343624115,0.031112823635339737
61,100,1000,0.2,64,0.03892126679420471,0.031112708151340485
61,100,1000,0.2,65,0.03892126679420471,0.03111261874437332
61,100,1000,0.2,66,0.03892126679420471,0.0311125461012125
61,100,1000,0.2,67,0.03892126679420471,0.031112490221858025
61,100,1000,0.2,68,0.03892127424478531,0.03111242689192295
61,100,1000,0.2,69,0.03892126679420471,0.03111238032579422
61,100,1000,0.2,70,0.038921281695365906,0.031112344935536385
61,100,1000,0.2,71,0.03892127424478531,0.031112313270568848
61,100,1000,0.2,72,0.03892127424478531,0.03111228533089161
61,100,1000,0.2,73,0.03892127424478531,0.03111226297914982
61,100,1000,0.2,74,0.03892127797007561,0.031112244352698326
61,100,1000,0.2,75,0.03892127424478531,0.031112227588891983
61,100,1000,0.2,76,0.03892127424478531,0.031112205237150192
61,100,1000,0.2,77,0.03892127424478531,0.031112194061279297
61,100,1000,0.2,78,0.03892127797007561,0.03111218847334385
61,100,1000,0.2,79,0.03892127797007561,0.0311121828854084
61,100,1000,0.2,80,0.03892127424478531,0.031112175434827805
61,100,1000,0.2,81,0.03892127424478531,0.031112171709537506
61,100,1000,0.2,82,0.03892127424478531,0.031112171709537506
61,100,1000,0.2,83,0.03892127424478531,0.031112171709537506
61,100,1000,0.2,84,0.03892127424478531,0.031112171709537506
61,100,1000,0.2,85,0.03892127424478531,0.031112171709537506
61,100,1000,0.2,86,0.03892127424478531,0.031112171709537506
61,100,1000,0.2,87,0.03892127424478531,0.031112171709537506
61,100,1000,0.2,88,0.03892127424478531,0.031112171709537506
61,100,1000,0.2,89,0.03892127424478531,0.031112171709537506
61,100,1000,0.2,90,0.03892127424478531,0.031112171709537506
61,100,1000,0.2,91,0.03892127424478531,0.031112171709537506
61,100,1000,0.2,92,0.03892127424478531,0.031112171709537506
61,100,1000,0.2,93,0.03892127424478531,0.031112171709537506
61,100,1000,0.2,94,0.03892127424478531,0.031112171709537506
61,100,1000,0.2,95,0.03892127424478531,0.031112171709537506
61,100,1000,0.2,96,0.03892127424478531,0.031112171709537506
61,100,1000,0.2,97,0.03892127424478531,0.031112171709537506
61,100,1000,0.2,98,0.03892127424478531,0.031112171709537506
61,100,1000,0.2,99,0.03892127424478531,0.031112171709537506
61,100,1000,0.2,100,0.03892127424478531,0.031112171709537506
62,100,1000,0.5,1,3.848961114883423,3.0423758029937744
62,100,1000,0.5,2,2.591423988342285,2.111816167831421
62,100,1000,0.5,3,1.831314206123352,1.5259804725646973
62,100,1000,0.5,4,1.3405076265335083,1.136497974395752
62,100,1000,0.5,5,1.010223150253296,0.8687267303466797
62,100,1000,0.5,6,0.7826292514801025,0.6809449791908264
62,100,1000,0.5,7,0.6237601637840271,0.5476785898208618
62,100,1000,0.5,8,0.5121046304702759,0.4523698389530182
62,100,1000,0.5,9,0.43335357308387756,0.383823424577713
62,100,1000,0.5,10,0.37771064043045044,0.33429116010665894
62,100,1000,0.5,11,0.33836036920547485,0.29833880066871643
62,100,1000,0.5,12,0.3105209767818451,0.2721240520477295
62,100,1000,0.5,13,0.2908223569393158,0.25291669368743896
62,100,1000,0.5,14,0.27688395977020264,0.23877018690109253
62,100,1000,0.5,15,0.2670223116874695,0.22829192876815796
62,100,1000,0.5,16,0.2600460946559906,0.22048355638980865
62,100,1000,0.5,17,0.2551119923591614,0.21462686359882355
62,100,1000,0.5,18,0.25162312388420105,0.2102038413286209
62,100,1000,0.5,19,0.2491568922996521,0.2068396508693695
62,100,1000,0.5,20,0.2474142611026764,0.20426198840141296
62,100,1000,0.5,21,0.24618352949619293,0.2022722363471985
62,100,1000,0.5,22,0.24531464278697968,0.2007247358560562
62,100,1000,0.5,23,0.24470171332359314,0.19951243698596954
62,100,1000,0.5,24,0.24426962435245514,0.19855593144893646
62,100,1000,0.5,25,0.2439652979373932,0.1977960616350174
62,100,1000,0.5,26,0.24375125765800476,0.197188600897789
62,100,1000,0.5,27,0.24360084533691406,0.19669994711875916
62,100,1000,0.5,28,0.24349533021450043,0.19630470871925354
62,100,1000,0.5,29,0.24342146515846252,0.19598348438739777
62,100,1000,0.5,30,0.2433699071407318,0.19572119414806366
62,100,1000,0.5,31,0.24333401024341583,0.19550609588623047
62,100,1000,0.5,32,0.24330909550189972,0.19532914459705353
62,100,1000,0.5,33,0.24329183995723724,0.19518306851387024
62,100,1000,0.5,34,0.24328002333641052,0.19506216049194336
62,100,1000,0.5,35,0.24327196180820465,0.19496187567710876
62,100,1000,0.5,36,0.2432664930820465,0.19487842917442322
62,100,1000,0.5,37,0.2432628870010376,0.1948089748620987
62,100,1000,0.5,38,0.2432604432106018,0.19475099444389343
62,100,1000,0.5,39,0.24325893819332123,0.19470256567001343
62,100,1000,0.5,40,0.24325795471668243,0.19466204941272736
62,100,1000,0.5,41,0.24325738847255707,0.19462817907333374
62,100,1000,0.5,42,0.2432570904493332,0.19459974765777588
62,100,1000,0.5,43,0.24325691163539886,0.19457592070102692
62,100,1000,0.5,44,0.24325692653656006,0.19455596804618835
62,100,1000,0.5,45,0.24325692653656006,0.19453918933868408
62,100,1000,0.5,46,0.24325698614120483,0.1945251077413559
62,100,1000,0.5,47,0.2432570904493332,0.19451330602169037
62,100,1000,0.5,48,0.24325716495513916,0.19450335204601288
62,100,1000,0.5,49,0.24325722455978394,0.19449500739574432
62,100,1000,0.5,50,0.2432573288679123,0.19448797404766083
62,100,1000,0.5,51,0.24325743317604065,0.19448207318782806
62,100,1000,0.5,52,0.24325750768184662,0.1944771409034729
62,100,1000,0.5,53,0.2432575672864914,0.19447298347949982
62,100,1000,0.5,54,0.24325765669345856,0.19446945190429688
62,100,1000,0.5,55,0.24325770139694214,0.1944665014743805
62,100,1000,0.5,56,0.24325774610042572,0.19446401298046112
62,100,1000,0.5,57,0.24325774610042572,0.19446194171905518
62,100,1000,0.5,58,0.2432578057050705,0.1944601684808731
62,100,1000,0.5,59,0.2432578206062317,0.19445867836475372
62,100,1000,0.5,60,0.24325785040855408,0.19445741176605225
62,100,1000,0.5,61,0.24325788021087646,0.19445636868476868
62,100,1000,0.5,62,0.24325791001319885,0.19445550441741943
62,100,1000,0.5,63,0.24325786530971527,0.19445478916168213
62,100,1000,0.5,64,0.24325793981552124,0.1944541484117508
62,100,1000,0.5,65,0.24325791001319885,0.19445359706878662
62,100,1000,0.5,66,0.24325792491436005,0.194453164935112
62,100,1000,0.5,67,0.24325793981552124,0.19445276260375977
62,100,1000,0.5,68,0.24325791001319885,0.19445249438285828
62,100,1000,0.5,69,0.24325793981552124,0.19445227086544037
62,100,1000,0.5,70,0.24325795471668243,0.19445203244686127
62,100,1000,0.5,71,0.24325798451900482,0.19445186853408813
62,100,1000,0.5,72,0.24325798451900482,0.1944516897201538
62,100,1000,0.5,73,0.24325798451900482,0.19445160031318665
62,100,1000,0.5,74,0.24325793981552124,0.19445151090621948
62,100,1000,0.5,75,0.24325798451900482,0.19445139169692993
62,100,1000,0.5,76,0.24325795471668243,0.19445133209228516
62,100,1000,0.5,77,0.24325799942016602,0.1944512575864792
62,100,1000,0.5,78,0.24325798451900482,0.19445115327835083
62,100,1000,0.5,79,0.24325799942016602,0.19445110857486725
62,100,1000,0.5,80,0.2432580143213272,0.19445104897022247
62,100,1000,0.5,81,0.24325798451900482,0.1944510042667389
62,100,1000,0.5,82,0.24325798451900482,0.1944509744644165
62,100,1000,0.5,83,0.24325799942016602,0.1944509744644165
62,100,1000,0.5,84,0.24325799942016602,0.19445094466209412
62,100,1000,0.5,85,0.24325798451900482,0.19445092976093292
62,100,1000,0.5,86,0.24325798451900482,0.19445092976093292
62,100,1000,0.5,87,0.24325798451900482,0.19445092976093292
62,100,1000,0.5,88,0.24325798451900482,0.19445092976093292
62,100,1000,0.5,89,0.24325798451900482,0.19445092976093292
62,100,1000,0.5,90,0.24325798451900482,0.19445092976093292
62,100,1000,0.5,91,0.24325798451900482,0.19445092976093292
62,100,1000,0.5,92,0.24325798451900482,0.19445092976093292
62,100,1000,0.5,93,0.24325798451900482,0.19445092976093292
62,100,1000,0.5,94,0.24325798451900482,0.19445092976093292
62,100,1000,0.5,95,0.24325798451900482,0.19445092976093292
62,100,1000,0.5,96,0.24325798451900482,0.19445092976093292
62,100,1000,0.5,97,0.24325798451900482,0.19445092976093292
62,100,1000,0.5,98,0.24325798451900482,0.19445092976093292
62,100,1000,0.5,99,0.24325798451900482,0.19445092976093292
62,100,1000,0.5,100,0.24325798451900482,0.19445092976093292
63,100,1000,1.0,1,1.6978071928024292,1.3143513202667236
63,100,1000,1.0,2,1.2607495784759521,1.0302387475967407
63,100,1000,1.0,3,1.0944476127624512,0.9117941856384277
63,100,1000,1.0,4,1.0288872718811035,0.8581766486167908
63,100,1000,1.0,5,1.0015133619308472,0.8311759829521179
63,100,1000,1.0,6,0.989095151424408,0.8159139752388
63,100,1000,1.0,7,0.9828572869300842,0.8063409328460693
63,100,1000,1.0,8,0.9793840050697327,0.7998344898223877
63,100,1000,1.0,9,0.9772777557373047,0.7951573133468628
63,100,1000,1.0,10,0.9759216904640198,0.7916654348373413
63,100,1000,1.0,11,0.9750158190727234,0.7889902591705322
63,100,1000,1.0,12,0.9743979573249817,0.7869021892547607
63,100,1000,1.0,13,0.9739718437194824,0.785249650478363
63,100,1000,1.0,14,0.9736766219139099,0.7839273810386658
63,100,1000,1.0,15,0.9734718799591064,0.7828601598739624
63,100,1000,1.0,16,0.9733299016952515,0.7819927334785461
63,100,1000,1.0,17,0.9732317924499512,0.781283438205719
63,100,1000,1.0,18,0.973163902759552,0.7807006239891052
63,100,1000,1.0,19,0.9731176495552063,0.7802197933197021
63,100,1000,1.0,20,0.9730861783027649,0.7798216938972473
63,100,1000,1.0,21,0.9730648994445801,0.7794914245605469
63,100,1000,1.0,22,0.9730507135391235,0.7792165279388428
63,100,1000,1.0,23,0.9730413556098938,0.7789876461029053
63,100,1000,1.0,24,0.9730352163314819,0.778796374797821
63,100,1000,1.0,25,0.9730316996574402,0.7786365747451782
63,100,1000,1.0,26,0.9730293154716492,0.7785028219223022
63,100,1000,1.0,27,0.9730281233787537,0.7783907055854797
63,100,1000,1.0,28,0.9730278253555298,0.7782968282699585
63,100,1000,1.0,29,0.9730275869369507,0.7782180905342102
63,100,1000,1.0,30,0.9730276465415955,0.7781519293785095
63,100,1000,1.0,31,0.9730279445648193,0.7780963778495789
63,100,1000,1.0,32,0.9730282425880432,0.7780497074127197
63,100,1000,1.0,33,0.9730287194252014,0.7780105471611023
63,100,1000,1.0,34,0.9730290770530701,0.777977705001831
63,100,1000,1.0,35,0.973029375076294,0.7779499888420105
63,100,1000,1.0,36,0.9730297327041626,0.7779266834259033
63,100,1000,1.0,37,0.9730300307273865,0.7779070138931274
63,100,1000,1.0,38,0.9730302691459656,0.777890682220459
63,100,1000,1.0,39,0.9730305671691895,0.7778767943382263
63,100,1000,1.0,40,0.973030686378479,0.7778651714324951
63,100,1000,1.0,41,0.9730309247970581,0.777855396270752
63,100,1000,1.0,42,0.9730311036109924,0.7778471112251282
63,100,1000,1.0,43,0.973031222820282,0.777840256690979
63,100,1000,1.0,44,0.9730312824249268,0.777834415435791
63,100,1000,1.0,45,0.9730314016342163,0.7778294086456299
63,100,1000,1.0,46,0.9730315208435059,0.7778252959251404
63,100,1000,1.0,47,0.9730315208435059,0.7778218984603882
63,100,1000,1.0,48,0.9730314016342163,0.7778189182281494
63,100,1000,1.0,49,0.9730316996574402,0.7778164744377136
63,100,1000,1.0,50,0.973031759262085,0.7778143882751465
63,100,1000,1.0,51,0.9730316400527954,0.7778127193450928
63,100,1000,1.0,52,0.973031759262085,0.7778112292289734
63,100,1000,1.0,53,0.973031759262085,0.7778099179267883
63,100,1000,1.0,54,0.973031759262085,0.7778089046478271
63,100,1000,1.0,55,0.973031759262085,0.7778080701828003
63,100,1000,1.0,56,0.9730319976806641,0.7778072357177734
63,100,1000,1.0,57,0.9730319976806641,0.7778065204620361
63,100,1000,1.0,58,0.9730319380760193,0.7778061032295227
63,100,1000,1.0,59,0.9730319380760193,0.7778056859970093
63,100,1000,1.0,60,0.9730319380760193,0.7778053283691406
63,100,1000,1.0,61,0.9730319380760193,0.7778050303459167
63,100,1000,1.0,62,0.9730319976806641,0.7778047919273376
63,100,1000,1.0,63,0.9730319976806641,0.7778045535087585
63,100,1000,1.0,64,0.9730320572853088,0.7778043150901794
63,100,1000,1.0,65,0.9730319380760193,0.7778041958808899
63,100,1000,1.0,66,0.9730319380760193,0.7778039574623108
63,100,1000,1.0,67,0.9730319380760193,0.7778039574623108
63,100,1000,1.0,68,0.9730319380760193,0.7778037786483765
63,100,1000,1.0,69,0.9730319976806641,0.7778037190437317
63,100,1000,1.0,70,0.9730319976806641,0.7778037190437317
63,100,1000,1.0,71,0.9730320572853088,0.7778035998344421
63,100,1000,1.0,72,0.9730319976806641,0.7778034806251526
63,100,1000,1.0,73,0.9730319380760193,0.7778034806251526
63,100,1000,1.0,74,0.9730319380760193,0.7778034806251526
63,100,1000,1.0,75,0.9730319380760193,0.7778034210205078
63,100,1000,1.0,76,0.9730318188667297,0.7778034210205078
63,100,1000,1.0,77,0.9730319380760193,0.7778034210205078
63,100,1000,1.0,78,0.9730318188667297,0.777803361415863
63,100,1000,1.0,79,0.9730318188667297,0.777803361415863
63,100,1000,1.0,80,0.9730319380760193,0.777803361415863
63,100,1000,1.0,81,0.9730319976806641,0.7778032422065735
63,100,1000,1.0,82,0.9730320572853088,0.7778032422065735
63,100,1000,1.0,83,0.9730320572853088,0.7778032422065735
63,100,1000,1.0,84,0.9730320572853088,0.7778032422065735
63,100,1000,1.0,85,0.9730320572853088,0.7778032422065735
63,100,1000,1.0,86,0.9730320572853088,0.7778032422065735
63,100,1000,1.0,87,0.9730320572853088,0.7778032422065735
63,100,1000,1.0,88,0.9730320572853088,0.7778032422065735
63,100,1000,1.0,89,0.9730320572853088,0.7778032422065735
63,100,1000,1.0,90,0.9730320572853088,0.7778032422065735
63,100,1000,1.0,91,0.9730320572853088,0.7778032422065735
63,100,1000,1.0,92,0.9730320572853088,0.7778032422065735
63,100,1000,1.0,93,0.9730320572853088,0.7778032422065735
63,100,1000,1.0,94,0.9730320572853088,0.7778032422065735
63,100,1000,1.0,95,0.9730320572853088,0.7778032422065735
63,100,1000,1.0,96,0.9730320572853088,0.7778032422065735
63,100,1000,1.0,97,0.9730320572853088,0.7778032422065735
63,100,1000,1.0,98,0.9730320572853088,0.7778032422065735
63,100,1000,1.0,99,0.9730320572853088,0.7778032422065735
63,100,1000,1.0,100,0.9730320572853088,0.7778032422065735
